源主题词,源卡片,相近主题词,相近卡片,相近度,对应主题页
唯物史观 世界观 学习教育,0001_唯物史观_世界观_学习教育.md,李达 唯物史观 学术贡献,0269_李达_唯物史观_学术贡献.md,26.67,思想方法与世界观教育
唯物史观 世界观 学习教育,0001_唯物史观_世界观_学习教育.md,唯物史观 谈政治,0032_唯物史观_谈政治.md,25.77,思想方法与世界观教育
唯物史观 世界观 学习教育,0001_唯物史观_世界观_学习教育.md,唯物史观 李大钊,1775_唯物史观_李大钊.md,25.77,思想方法与世界观教育
唯物史观 世界观 学习教育,0001_唯物史观_世界观_学习教育.md,唯物史观 传播热潮,0064_唯物史观_传播热潮.md,25.36,思想方法与世界观教育
唯物史观 世界观 学习教育,0001_唯物史观_世界观_学习教育.md,李大钊 唯物史观 研究,0258_李大钊_唯物史观_研究.md,25.0,思想方法与世界观教育
生产力 生产关系 讨论,0002_生产力_生产关系_讨论.md,李达 生产力 生产关系,0316_李达_生产力_生产关系.md,48.89,历史唯物主义体系
生产力 生产关系 讨论,0002_生产力_生产关系_讨论.md,生产力 生产关系 斯大林,0906_生产力_生产关系_斯大林.md,47.5,历史唯物主义体系
生产力 生产关系 讨论,0002_生产力_生产关系_讨论.md,生产力 生产关系 历史规律,0016_生产力_生产关系_历史规律.md,46.36,历史唯物主义体系
生产力 生产关系 讨论,0002_生产力_生产关系_讨论.md,唯物史观 生产力 生产关系,0026_唯物史观_生产力_生产关系.md,46.36,历史唯物主义体系
生产力 生产关系 讨论,0002_生产力_生产关系_讨论.md,生产力 生产关系 交互作用,0044_生产力_生产关系_交互作用.md,46.36,历史唯物主义体系
语言学问题 经济基础 上层建筑,0003_语言学问题_经济基础_上层建筑.md,斯大林 语言学问题 经济基础 上层建筑,0904_斯大林_语言学问题_经济基础_上层建筑.md,85.0,历史唯物主义体系
语言学问题 经济基础 上层建筑,0003_语言学问题_经济基础_上层建筑.md,李达 经济基础 上层建筑,0315_李达_经济基础_上层建筑.md,52.5,历史唯物主义体系
语言学问题 经济基础 上层建筑,0003_语言学问题_经济基础_上层建筑.md,经济基础 上层建筑 相互作用,0019_经济基础_上层建筑_相互作用.md,50.94,历史唯物主义体系
语言学问题 经济基础 上层建筑,0003_语言学问题_经济基础_上层建筑.md,唯物史观 经济基础 上层建筑,0027_唯物史观_经济基础_上层建筑.md,50.94,历史唯物主义体系
语言学问题 经济基础 上层建筑,0003_语言学问题_经济基础_上层建筑.md,经济基础 上层建筑 过渡时期,0641_经济基础_上层建筑_过渡时期.md,50.94,历史唯物主义体系
唯物史观 起点 唯物辩证法 扩展,0004_唯物史观_起点_唯物辩证法_扩展.md,唯物辩证法 风靡 起点,1027_唯物辩证法_风靡_起点.md,43.93,辩证唯物主义体系
唯物史观 起点 唯物辩证法 扩展,0004_唯物史观_起点_唯物辩证法_扩展.md,唯物辩证法 风靡全国,1026_唯物辩证法_风靡全国.md,31.67,辩证唯物主义体系
唯物史观 起点 唯物辩证法 扩展,0004_唯物史观_起点_唯物辩证法_扩展.md,唯物辩证法 风靡 前奏,1028_唯物辩证法_风靡_前奏.md,31.67,辩证唯物主义体系
唯物史观 起点 唯物辩证法 扩展,0004_唯物史观_起点_唯物辩证法_扩展.md,唯物辩证法 风靡 原因,1030_唯物辩证法_风靡_原因.md,31.67,辩证唯物主义体系
唯物史观 起点 唯物辩证法 扩展,0004_唯物史观_起点_唯物辩证法_扩展.md,逐步改造 唯物辩证法,1052_逐步改造_唯物辩证法.md,31.67,辩证唯物主义体系
唯物史观 历史学 研究应用,0005_唯物史观_历史学_研究应用.md,唯物史观 中国哲学史 研究应用,0714_唯物史观_中国哲学史_研究应用.md,49.38,唯物史观在中国的传播与应用
唯物史观 历史学 研究应用,0005_唯物史观_历史学_研究应用.md,李大钊 唯物史观 历史研究,0304_李大钊_唯物史观_历史研究.md,30.71,唯物史观在中国的传播与应用
唯物史观 历史学 研究应用,0005_唯物史观_历史学_研究应用.md,吴承仕 国学研究 唯物史观,0010_吴承仕_国学研究_唯物史观.md,28.33,唯物史观在中国的传播与应用
唯物史观 历史学 研究应用,0005_唯物史观_历史学_研究应用.md,李大钊 唯物史观 研究,0258_李大钊_唯物史观_研究.md,27.14,唯物史观在中国的传播与应用
唯物史观 历史学 研究应用,0005_唯物史观_历史学_研究应用.md,历史哲学教程 唯物史观,0031_历史哲学教程_唯物史观.md,26.67,唯物史观在中国的传播与应用
郭沫若 中国古代社会研究 唯物史观,0006_郭沫若_中国古代社会研究_唯物史观.md,吕振羽 史前期中国社会研究 唯物史观,0007_吕振羽_史前期中国社会研究_唯物史观.md,29.52,唯物史观与中国史学研究
郭沫若 中国古代社会研究 唯物史观,0006_郭沫若_中国古代社会研究_唯物史观.md,吴承仕 国学研究 唯物史观,0010_吴承仕_国学研究_唯物史观.md,26.58,唯物史观与中国史学研究
郭沫若 中国古代社会研究 唯物史观,0006_郭沫若_中国古代社会研究_唯物史观.md,李达 唯物史观 现代社会学,0314_李达_唯物史观_现代社会学.md,26.58,唯物史观与中国史学研究
郭沫若 中国古代社会研究 唯物史观,0006_郭沫若_中国古代社会研究_唯物史观.md,中国社会史论战 唯物史观,1699_中国社会史论战_唯物史观.md,26.58,唯物史观与中国史学研究
郭沫若 中国古代社会研究 唯物史观,0006_郭沫若_中国古代社会研究_唯物史观.md,唯物史观 研究 中国传统哲学,0042_唯物史观_研究_中国传统哲学.md,26.25,唯物史观与中国史学研究
吕振羽 史前期中国社会研究 唯物史观,0007_吕振羽_史前期中国社会研究_唯物史观.md,郭沫若 中国古代社会研究 唯物史观,0006_郭沫若_中国古代社会研究_唯物史观.md,29.52,唯物史观与中国史学研究
吕振羽 史前期中国社会研究 唯物史观,0007_吕振羽_史前期中国社会研究_唯物史观.md,中国社会史论战 唯物史观,1699_中国社会史论战_唯物史观.md,27.89,唯物史观与中国史学研究
吕振羽 史前期中国社会研究 唯物史观,0007_吕振羽_史前期中国社会研究_唯物史观.md,唯物史观 中国社会改造 方向方法,0011_唯物史观_中国社会改造_方向方法.md,26.82,唯物史观与中国史学研究
吕振羽 史前期中国社会研究 唯物史观,0007_吕振羽_史前期中国社会研究_唯物史观.md,吴承仕 国学研究 唯物史观,0010_吴承仕_国学研究_唯物史观.md,26.25,唯物史观与中国史学研究
吕振羽 史前期中国社会研究 唯物史观,0007_吕振羽_史前期中国社会研究_唯物史观.md,唯物史观 研究 中国传统哲学,0042_唯物史观_研究_中国传统哲学.md,25.95,唯物史观与中国史学研究
范文澜 中国通史 唯物史观,0008_范文澜_中国通史_唯物史观.md,侯外庐 中国通史 唯物史观,0009_侯外庐_中国通史_唯物史观.md,53.46,唯物史观与中国史学研究
范文澜 中国通史 唯物史观,0008_范文澜_中国通史_唯物史观.md,翦伯赞 中国通史 唯物史观,0273_翦伯赞_中国通史_唯物史观.md,53.46,唯物史观与中国史学研究
范文澜 中国通史 唯物史观,0008_范文澜_中国通史_唯物史观.md,中国社会史论战 唯物史观,1699_中国社会史论战_唯物史观.md,26.25,唯物史观与中国史学研究
范文澜 中国通史 唯物史观,0008_范文澜_中国通史_唯物史观.md,唯物史观 中国革命发展战略,0012_唯物史观_中国革命发展战略.md,25.88,唯物史观与中国史学研究
范文澜 中国通史 唯物史观,0008_范文澜_中国通史_唯物史观.md,唯物史观 研究 中国传统哲学,0042_唯物史观_研究_中国传统哲学.md,25.88,唯物史观与中国史学研究
侯外庐 中国通史 唯物史观,0009_侯外庐_中国通史_唯物史观.md,范文澜 中国通史 唯物史观,0008_范文澜_中国通史_唯物史观.md,53.46,唯物史观与中国史学研究
侯外庐 中国通史 唯物史观,0009_侯外庐_中国通史_唯物史观.md,翦伯赞 中国通史 唯物史观,0273_翦伯赞_中国通史_唯物史观.md,53.46,唯物史观与中国史学研究
侯外庐 中国通史 唯物史观,0009_侯外庐_中国通史_唯物史观.md,中国社会史论战 唯物史观,1699_中国社会史论战_唯物史观.md,26.25,唯物史观与中国史学研究
侯外庐 中国通史 唯物史观,0009_侯外庐_中国通史_唯物史观.md,唯物史观 中国革命发展战略,0012_唯物史观_中国革命发展战略.md,25.88,唯物史观与中国史学研究
侯外庐 中国通史 唯物史观,0009_侯外庐_中国通史_唯物史观.md,唯物史观 研究 中国传统哲学,0042_唯物史观_研究_中国传统哲学.md,25.88,唯物史观与中国史学研究
吴承仕 国学研究 唯物史观,0010_吴承仕_国学研究_唯物史观.md,唯物史观 历史学 研究应用,0005_唯物史观_历史学_研究应用.md,28.33,唯物史观与中国史学研究
吴承仕 国学研究 唯物史观,0010_吴承仕_国学研究_唯物史观.md,李大钊 唯物史观 研究,0258_李大钊_唯物史观_研究.md,27.14,唯物史观与中国史学研究
吴承仕 国学研究 唯物史观,0010_吴承仕_国学研究_唯物史观.md,郭沫若 中国古代社会研究 唯物史观,0006_郭沫若_中国古代社会研究_唯物史观.md,26.58,唯物史观与中国史学研究
吴承仕 国学研究 唯物史观,0010_吴承仕_国学研究_唯物史观.md,吕振羽 史前期中国社会研究 唯物史观,0007_吕振羽_史前期中国社会研究_唯物史观.md,26.25,唯物史观与中国史学研究
吴承仕 国学研究 唯物史观,0010_吴承仕_国学研究_唯物史观.md,李大钊 唯物史观 历史研究,0304_李大钊_唯物史观_历史研究.md,26.25,唯物史观与中国史学研究
唯物史观 中国社会改造 方向方法,0011_唯物史观_中国社会改造_方向方法.md,李大钊 社会改造 唯物史观,0274_李大钊_社会改造_唯物史观.md,28.82,唯物史观与中国史学研究
唯物史观 中国社会改造 方向方法,0011_唯物史观_中国社会改造_方向方法.md,中国社会史论战 唯物史观,1699_中国社会史论战_唯物史观.md,28.82,唯物史观与中国史学研究
唯物史观 中国社会改造 方向方法,0011_唯物史观_中国社会改造_方向方法.md,施存统 蔡和森 社会改造 唯物史观,0275_施存统_蔡和森_社会改造_唯物史观.md,27.5,唯物史观与中国史学研究
唯物史观 中国社会改造 方向方法,0011_唯物史观_中国社会改造_方向方法.md,吕振羽 史前期中国社会研究 唯物史观,0007_吕振羽_史前期中国社会研究_唯物史观.md,26.82,唯物史观与中国史学研究
唯物史观 中国社会改造 方向方法,0011_唯物史观_中国社会改造_方向方法.md,唯物史观 中国革命发展战略,0012_唯物史观_中国革命发展战略.md,26.58,唯物史观与中国史学研究
唯物史观 中国革命发展战略,0012_唯物史观_中国革命发展战略.md,李大钊 唯物史观 中国革命 指导,0303_李大钊_唯物史观_中国革命_指导.md,30.94,唯物史观在中国的传播与应用
唯物史观 中国革命发展战略,0012_唯物史观_中国革命发展战略.md,日本学者 唯物史观 中国传播,0049_日本学者_唯物史观_中国传播.md,27.35,唯物史观在中国的传播与应用
唯物史观 中国革命发展战略,0012_唯物史观_中国革命发展战略.md,唯物史观 中国哲学史 研究应用,0714_唯物史观_中国哲学史_研究应用.md,26.94,唯物史观在中国的传播与应用
唯物史观 中国革命发展战略,0012_唯物史观_中国革命发展战略.md,唯物史观 中国社会改造 方向方法,0011_唯物史观_中国社会改造_方向方法.md,26.58,唯物史观在中国的传播与应用
唯物史观 中国革命发展战略,0012_唯物史观_中国革命发展战略.md,李大钊 唯物史观 中国哲学现代转型,0743_李大钊_唯物史观_中国哲学现代转型.md,26.25,唯物史观在中国的传播与应用
马克思 恩格斯 哲学关系 争论,0013_马克思_恩格斯_哲学关系_争论.md,马克思 恩格斯 新世界观,0025_马克思_恩格斯_新世界观.md,38.33,马克思恩格斯经典文本与哲学关系
马克思 恩格斯 哲学关系 争论,0013_马克思_恩格斯_哲学关系_争论.md,李提摩太 万国公报 马克思 恩格斯,0086_李提摩太_万国公报_马克思_恩格斯.md,36.58,马克思恩格斯经典文本与哲学关系
马克思 恩格斯 哲学关系 争论,0013_马克思_恩格斯_哲学关系_争论.md,恩格斯 马克思主义哲学 系统阐发,1094_恩格斯_马克思主义哲学_系统阐发.md,21.58,马克思恩格斯经典文本与哲学关系
马克思 恩格斯 哲学关系 争论,0013_马克思_恩格斯_哲学关系_争论.md,马克思 哲学思想 形成发展,1085_马克思_哲学思想_形成发展.md,19.17,马克思恩格斯经典文本与哲学关系
马克思 恩格斯 哲学关系 争论,0013_马克思_恩格斯_哲学关系_争论.md,马克思 列宁,1843_马克思_列宁.md,18.85,马克思恩格斯经典文本与哲学关系
马克思 辩证法 黑格尔 辩证法,0014_马克思_辩证法_黑格尔_辩证法.md,黑格尔 辩证法 合理内核,0023_黑格尔_辩证法_合理内核.md,39.62,马克思恩格斯经典文本与哲学关系
马克思 辩证法 黑格尔 辩证法,0014_马克思_辩证法_黑格尔_辩证法.md,德波林派 黑格尔 辩证法,0779_德波林派_黑格尔_辩证法.md,39.62,马克思恩格斯经典文本与哲学关系
马克思 辩证法 黑格尔 辩证法,0014_马克思_辩证法_黑格尔_辩证法.md,中国化 马克思主义哲学 认识论 辩证法,1057_中国化_马克思主义哲学_认识论_辩证法.md,20.0,马克思恩格斯经典文本与哲学关系
马克思 辩证法 黑格尔 辩证法,0014_马克思_辩证法_黑格尔_辩证法.md,实践 辩证法 马克思主义哲学 内在逻辑,1071_实践_辩证法_马克思主义哲学_内在逻辑.md,20.0,马克思恩格斯经典文本与哲学关系
马克思 辩证法 黑格尔 辩证法,0014_马克思_辩证法_黑格尔_辩证法.md,马克思 列宁,1843_马克思_列宁.md,19.55,马克思恩格斯经典文本与哲学关系
新唯物主义 实践 辩证法,0015_新唯物主义_实践_辩证法.md,唯物主义 辩证法,1747_唯物主义_辩证法.md,27.5,马克思恩格斯经典文本与哲学关系
新唯物主义 实践 辩证法,0015_新唯物主义_实践_辩证法.md,实践 辩证法 马克思主义哲学 内在逻辑,1071_实践_辩证法_马克思主义哲学_内在逻辑.md,21.58,马克思恩格斯经典文本与哲学关系
新唯物主义 实践 辩证法,0015_新唯物主义_实践_辩证法.md,鲁迅 辩证法 唯物论 理想主义,1592_鲁迅_辩证法_唯物论_理想主义.md,21.25,马克思恩格斯经典文本与哲学关系
新唯物主义 实践 辩证法,0015_新唯物主义_实践_辩证法.md,唯心主义 辩证法,1745_唯心主义_辩证法.md,21.25,马克思恩格斯经典文本与哲学关系
新唯物主义 实践 辩证法,0015_新唯物主义_实践_辩证法.md,列宁 实践 认识 辩证法,0835_列宁_实践_认识_辩证法.md,20.36,马克思恩格斯经典文本与哲学关系
生产力 生产关系 历史规律,0016_生产力_生产关系_历史规律.md,生产力 生产关系 讨论,0002_生产力_生产关系_讨论.md,46.36,历史唯物主义体系
生产力 生产关系 历史规律,0016_生产力_生产关系_历史规律.md,李达 生产力 生产关系,0316_李达_生产力_生产关系.md,46.36,历史唯物主义体系
生产力 生产关系 历史规律,0016_生产力_生产关系_历史规律.md,生产力 生产关系 斯大林,0906_生产力_生产关系_斯大林.md,45.42,历史唯物主义体系
生产力 生产关系 历史规律,0016_生产力_生产关系_历史规律.md,唯物史观 生产力 生产关系,0026_唯物史观_生产力_生产关系.md,44.62,历史唯物主义体系
生产力 生产关系 历史规律,0016_生产力_生产关系_历史规律.md,生产力 生产关系 交互作用,0044_生产力_生产关系_交互作用.md,44.62,历史唯物主义体系
阶级斗争 方法 马克思,0017_阶级斗争_方法_马克思.md,阶级斗争 国家 阶级属性,0028_阶级斗争_国家_阶级属性.md,25.77,阶级斗争与社会革命理论
阶级斗争 方法 马克思,0017_阶级斗争_方法_马克思.md,共产党宣言 阶级斗争,1662_共产党宣言_阶级斗争.md,25.77,阶级斗争与社会革命理论
阶级斗争 方法 马克思,0017_阶级斗争_方法_马克思.md,阶级斗争 简单化 公式化,0043_阶级斗争_简单化_公式化.md,25.36,阶级斗争与社会革命理论
阶级斗争 方法 马克思,0017_阶级斗争_方法_马克思.md,共产党宣言 阶级斗争 历史,0029_共产党宣言_阶级斗争_历史.md,25.0,阶级斗争与社会革命理论
阶级斗争 方法 马克思,0017_阶级斗争_方法_马克思.md,唯物史观 阶级 阶级斗争 理论,0034_唯物史观_阶级_阶级斗争_理论.md,25.0,阶级斗争与社会革命理论
劳动 剩余价值 生产,0018_劳动_剩余价值_生产.md,剩余价值 生产,1671_剩余价值_生产.md,47.86,政治经济学与资本主义批判
劳动 剩余价值 生产,0018_劳动_剩余价值_生产.md,剩余价值 劳动,1625_剩余价值_劳动.md,42.5,政治经济学与资本主义批判
劳动 剩余价值 生产,0018_劳动_剩余价值_生产.md,剩余价值 商品,1702_剩余价值_商品.md,28.33,政治经济学与资本主义批判
劳动 剩余价值 生产,0018_劳动_剩余价值_生产.md,资本论 剩余价值,1670_资本论_剩余价值.md,27.5,政治经济学与资本主义批判
劳动 剩余价值 生产,0018_劳动_剩余价值_生产.md,剩余价值 资本主义生产关系 本质,0030_剩余价值_资本主义生产关系_本质.md,26.25,政治经济学与资本主义批判
经济基础 上层建筑 相互作用,0019_经济基础_上层建筑_相互作用.md,李达 经济基础 上层建筑,0315_李达_经济基础_上层建筑.md,53.46,历史唯物主义体系
经济基础 上层建筑 相互作用,0019_经济基础_上层建筑_相互作用.md,唯物史观 经济基础 上层建筑,0027_唯物史观_经济基础_上层建筑.md,51.67,历史唯物主义体系
经济基础 上层建筑 相互作用,0019_经济基础_上层建筑_相互作用.md,经济基础 上层建筑 过渡时期,0641_经济基础_上层建筑_过渡时期.md,51.67,历史唯物主义体系
经济基础 上层建筑 相互作用,0019_经济基础_上层建筑_相互作用.md,经济基础 上层建筑 意识形态,1681_经济基础_上层建筑_意识形态.md,51.67,历史唯物主义体系
经济基础 上层建筑 相互作用,0019_经济基础_上层建筑_相互作用.md,语言学问题 经济基础 上层建筑,0003_语言学问题_经济基础_上层建筑.md,50.94,历史唯物主义体系
拉布里奥拉 历史主义 唯物史观,0020_拉布里奥拉_历史主义_唯物史观.md,拉布里奥拉 唯物史观 方法,0021_拉布里奥拉_唯物史观_方法.md,56.67,唯物史观与中国史学研究
拉布里奥拉 历史主义 唯物史观,0020_拉布里奥拉_历史主义_唯物史观.md,拉布里奥拉 历史 民族文化,1101_拉布里奥拉_历史_民族文化.md,34.38,唯物史观与中国史学研究
拉布里奥拉 历史主义 唯物史观,0020_拉布里奥拉_历史主义_唯物史观.md,戴季陶主义 唯物史观 批判,0038_戴季陶主义_唯物史观_批判.md,27.35,唯物史观与中国史学研究
拉布里奥拉 历史主义 唯物史观,0020_拉布里奥拉_历史主义_唯物史观.md,历史哲学教程 唯物史观,0031_历史哲学教程_唯物史观.md,25.88,唯物史观与中国史学研究
拉布里奥拉 历史主义 唯物史观,0020_拉布里奥拉_历史主义_唯物史观.md,唯物史观 历史学 研究应用,0005_唯物史观_历史学_研究应用.md,25.56,唯物史观与中国史学研究
拉布里奥拉 唯物史观 方法,0021_拉布里奥拉_唯物史观_方法.md,拉布里奥拉 历史主义 唯物史观,0020_拉布里奥拉_历史主义_唯物史观.md,56.67,唯物史观与中国史学研究
拉布里奥拉 唯物史观 方法,0021_拉布里奥拉_唯物史观_方法.md,拉布里奥拉 历史 民族文化,1101_拉布里奥拉_历史_民族文化.md,31.25,唯物史观与中国史学研究
拉布里奥拉 唯物史观 方法,0021_拉布里奥拉_唯物史观_方法.md,唯物史观 谈政治,0032_唯物史观_谈政治.md,25.77,唯物史观与中国史学研究
拉布里奥拉 唯物史观 方法,0021_拉布里奥拉_唯物史观_方法.md,唯物史观 李大钊,1775_唯物史观_李大钊.md,25.77,唯物史观与中国史学研究
拉布里奥拉 唯物史观 方法,0021_拉布里奥拉_唯物史观_方法.md,唯物史观 传播热潮,0064_唯物史观_传播热潮.md,25.36,唯物史观与中国史学研究
马克思主义 诞生 社会历史条件,0022_马克思主义_诞生_社会历史条件.md,实践论 矛盾论 写作 社会历史条件,0509_实践论_矛盾论_写作_社会历史条件.md,36.25,马克思恩格斯经典文本与哲学关系
马克思主义 诞生 社会历史条件,0022_马克思主义_诞生_社会历史条件.md,新哲学 诞生 黑格尔 费尔巴哈,0419_新哲学_诞生_黑格尔_费尔巴哈.md,11.14,马克思恩格斯经典文本与哲学关系
马克思主义 诞生 社会历史条件,0022_马克思主义_诞生_社会历史条件.md,马克思主义哲学 中国传播 历史条件,0100_马克思主义哲学_中国传播_历史条件.md,9.21,马克思恩格斯经典文本与哲学关系
马克思主义 诞生 社会历史条件,0022_马克思主义_诞生_社会历史条件.md,中国马克思主义 历史使命,1818_中国马克思主义_历史使命.md,7.35,马克思恩格斯经典文本与哲学关系
马克思主义 诞生 社会历史条件,0022_马克思主义_诞生_社会历史条件.md,上海 马克思主义者,1740_上海_马克思主义者.md,6.67,马克思恩格斯经典文本与哲学关系
黑格尔 辩证法 合理内核,0023_黑格尔_辩证法_合理内核.md,马克思 辩证法 黑格尔 辩证法,0014_马克思_辩证法_黑格尔_辩证法.md,39.62,马克思恩格斯经典文本与哲学关系
黑格尔 辩证法 合理内核,0023_黑格尔_辩证法_合理内核.md,德波林派 黑格尔 辩证法,0779_德波林派_黑格尔_辩证法.md,39.62,马克思恩格斯经典文本与哲学关系
黑格尔 辩证法 合理内核,0023_黑格尔_辩证法_合理内核.md,辩证法 合法性 问题,1076_辩证法_合法性_问题.md,20.77,马克思恩格斯经典文本与哲学关系
黑格尔 辩证法 合理内核,0023_黑格尔_辩证法_合理内核.md,进攻 防御 辩证法,1325_进攻_防御_辩证法.md,18.85,马克思恩格斯经典文本与哲学关系
黑格尔 辩证法 合理内核,0023_黑格尔_辩证法_合理内核.md,持久 速决 辩证法,1326_持久_速决_辩证法.md,18.85,马克思恩格斯经典文本与哲学关系
费尔巴哈 唯物主义 基本内核,0024_费尔巴哈_唯物主义_基本内核.md,列宁 唯物主义,1753_列宁_唯物主义.md,25.77,马克思恩格斯经典文本与哲学关系
费尔巴哈 唯物主义 基本内核,0024_费尔巴哈_唯物主义_基本内核.md,德国 费尔巴哈,1774_德国_费尔巴哈.md,25.77,马克思恩格斯经典文本与哲学关系
费尔巴哈 唯物主义 基本内核,0024_费尔巴哈_唯物主义_基本内核.md,唯心主义 唯物主义,1721_唯心主义_唯物主义.md,25.36,马克思恩格斯经典文本与哲学关系
费尔巴哈 唯物主义 基本内核,0024_费尔巴哈_唯物主义_基本内核.md,唯物主义 辩证法,1747_唯物主义_辩证法.md,25.36,马克思恩格斯经典文本与哲学关系
费尔巴哈 唯物主义 基本内核,0024_费尔巴哈_唯物主义_基本内核.md,列宁 唯物主义 经验批判论,0837_列宁_唯物主义_经验批判论.md,24.17,马克思恩格斯经典文本与哲学关系
马克思 恩格斯 新世界观,0025_马克思_恩格斯_新世界观.md,马克思 恩格斯 哲学关系 争论,0013_马克思_恩格斯_哲学关系_争论.md,38.33,思想方法与世界观教育
马克思 恩格斯 新世界观,0025_马克思_恩格斯_新世界观.md,李提摩太 万国公报 马克思 恩格斯,0086_李提摩太_万国公报_马克思_恩格斯.md,37.35,思想方法与世界观教育
马克思 恩格斯 新世界观,0025_马克思_恩格斯_新世界观.md,科学方法 新世界观 五四,0168_科学方法_新世界观_五四.md,25.0,思想方法与世界观教育
马克思 恩格斯 新世界观,0025_马克思_恩格斯_新世界观.md,恩格斯 马克思主义哲学 系统阐发,1094_恩格斯_马克思主义哲学_系统阐发.md,20.56,思想方法与世界观教育
马克思 恩格斯 新世界观,0025_马克思_恩格斯_新世界观.md,马克思 列宁,1843_马克思_列宁.md,19.55,思想方法与世界观教育
唯物史观 生产力 生产关系,0026_唯物史观_生产力_生产关系.md,生产力 生产关系 讨论,0002_生产力_生产关系_讨论.md,46.36,历史唯物主义体系
唯物史观 生产力 生产关系,0026_唯物史观_生产力_生产关系.md,李达 生产力 生产关系,0316_李达_生产力_生产关系.md,46.36,历史唯物主义体系
唯物史观 生产力 生产关系,0026_唯物史观_生产力_生产关系.md,生产力 生产关系 斯大林,0906_生产力_生产关系_斯大林.md,45.42,历史唯物主义体系
唯物史观 生产力 生产关系,0026_唯物史观_生产力_生产关系.md,生产力 生产关系 历史规律,0016_生产力_生产关系_历史规律.md,44.62,历史唯物主义体系
唯物史观 生产力 生产关系,0026_唯物史观_生产力_生产关系.md,生产力 生产关系 交互作用,0044_生产力_生产关系_交互作用.md,44.62,历史唯物主义体系
唯物史观 经济基础 上层建筑,0027_唯物史观_经济基础_上层建筑.md,李达 经济基础 上层建筑,0315_李达_经济基础_上层建筑.md,53.46,历史唯物主义体系
唯物史观 经济基础 上层建筑,0027_唯物史观_经济基础_上层建筑.md,经济基础 上层建筑 相互作用,0019_经济基础_上层建筑_相互作用.md,51.67,历史唯物主义体系
唯物史观 经济基础 上层建筑,0027_唯物史观_经济基础_上层建筑.md,经济基础 上层建筑 过渡时期,0641_经济基础_上层建筑_过渡时期.md,51.67,历史唯物主义体系
唯物史观 经济基础 上层建筑,0027_唯物史观_经济基础_上层建筑.md,经济基础 上层建筑 意识形态,1681_经济基础_上层建筑_意识形态.md,51.67,历史唯物主义体系
唯物史观 经济基础 上层建筑,0027_唯物史观_经济基础_上层建筑.md,语言学问题 经济基础 上层建筑,0003_语言学问题_经济基础_上层建筑.md,50.94,历史唯物主义体系
阶级斗争 国家 阶级属性,0028_阶级斗争_国家_阶级属性.md,国家主义派 阶级斗争 批判,0037_国家主义派_阶级斗争_批判.md,27.14,阶级斗争与社会革命理论
阶级斗争 国家 阶级属性,0028_阶级斗争_国家_阶级属性.md,阶级斗争 方法 马克思,0017_阶级斗争_方法_马克思.md,25.77,阶级斗争与社会革命理论
阶级斗争 国家 阶级属性,0028_阶级斗争_国家_阶级属性.md,共产党宣言 阶级斗争,1662_共产党宣言_阶级斗争.md,25.77,阶级斗争与社会革命理论
阶级斗争 国家 阶级属性,0028_阶级斗争_国家_阶级属性.md,阶级斗争 简单化 公式化,0043_阶级斗争_简单化_公式化.md,25.36,阶级斗争与社会革命理论
阶级斗争 国家 阶级属性,0028_阶级斗争_国家_阶级属性.md,共产党宣言 阶级斗争 历史,0029_共产党宣言_阶级斗争_历史.md,25.0,阶级斗争与社会革命理论
共产党宣言 阶级斗争 历史,0029_共产党宣言_阶级斗争_历史.md,共产党宣言 阶级斗争,1662_共产党宣言_阶级斗争.md,65.0,阶级斗争与社会革命理论
共产党宣言 阶级斗争 历史,0029_共产党宣言_阶级斗争_历史.md,共产党宣言,1848_共产党宣言.md,35.0,阶级斗争与社会革命理论
共产党宣言 阶级斗争 历史,0029_共产党宣言_阶级斗争_历史.md,共产党宣言 马克思,1845_共产党宣言_马克思.md,32.69,阶级斗争与社会革命理论
共产党宣言 阶级斗争 历史,0029_共产党宣言_阶级斗争_历史.md,民报 马克思 共产党宣言,1190_民报_马克思_共产党宣言.md,31.67,阶级斗争与社会革命理论
共产党宣言 阶级斗争 历史,0029_共产党宣言_阶级斗争_历史.md,阶级斗争 方法 马克思,0017_阶级斗争_方法_马克思.md,25.0,阶级斗争与社会革命理论
剩余价值 资本主义生产关系 本质,0030_剩余价值_资本主义生产关系_本质.md,剩余价值 生产,1671_剩余价值_生产.md,27.14,政治经济学与资本主义批判
剩余价值 资本主义生产关系 本质,0030_剩余价值_资本主义生产关系_本质.md,资本论 剩余价值,1670_资本论_剩余价值.md,26.67,政治经济学与资本主义批判
剩余价值 资本主义生产关系 本质,0030_剩余价值_资本主义生产关系_本质.md,劳动 剩余价值 生产,0018_劳动_剩余价值_生产.md,26.25,政治经济学与资本主义批判
剩余价值 资本主义生产关系 本质,0030_剩余价值_资本主义生产关系_本质.md,剩余价值 劳动,1625_剩余价值_劳动.md,25.0,政治经济学与资本主义批判
剩余价值 资本主义生产关系 本质,0030_剩余价值_资本主义生产关系_本质.md,剩余价值 商品,1702_剩余价值_商品.md,25.0,政治经济学与资本主义批判
历史哲学教程 唯物史观,0031_历史哲学教程_唯物史观.md,唯物史观 历史学 研究应用,0005_唯物史观_历史学_研究应用.md,26.67,唯物史观与中国史学研究
历史哲学教程 唯物史观,0031_历史哲学教程_唯物史观.md,李大钊 唯物史观 历史研究,0304_李大钊_唯物史观_历史研究.md,26.67,唯物史观与中国史学研究
历史哲学教程 唯物史观,0031_历史哲学教程_唯物史观.md,唯物史观 谈政治,0032_唯物史观_谈政治.md,26.25,唯物史观与中国史学研究
历史哲学教程 唯物史观,0031_历史哲学教程_唯物史观.md,唯物史观 研究 中国传统哲学,0042_唯物史观_研究_中国传统哲学.md,26.25,唯物史观与中国史学研究
历史哲学教程 唯物史观,0031_历史哲学教程_唯物史观.md,唯物史观 李大钊,1775_唯物史观_李大钊.md,26.25,唯物史观与中国史学研究
唯物史观 谈政治,0032_唯物史观_谈政治.md,唯物史观 李大钊,1775_唯物史观_李大钊.md,28.33,唯物史观与中国史学研究
唯物史观 谈政治,0032_唯物史观_谈政治.md,唯物史观 传播热潮,0064_唯物史观_传播热潮.md,27.5,唯物史观与中国史学研究
唯物史观 谈政治,0032_唯物史观_谈政治.md,李大钊 唯物史观 研究,0258_李大钊_唯物史观_研究.md,26.82,唯物史观与中国史学研究
唯物史观 谈政治,0032_唯物史观_谈政治.md,李达 唯物史观 社会学,0284_李达_唯物史观_社会学.md,26.82,唯物史观与中国史学研究
唯物史观 谈政治,0032_唯物史观_谈政治.md,唯物史观 生产力 生产关系,0026_唯物史观_生产力_生产关系.md,26.25,唯物史观与中国史学研究
唯物史观 基本理论 系统阐述,0033_唯物史观_基本理论_系统阐述.md,唯物史观 阶级 阶级斗争 理论,0034_唯物史观_阶级_阶级斗争_理论.md,25.88,唯物史观与中国史学研究
唯物史观 基本理论 系统阐述,0033_唯物史观_基本理论_系统阐述.md,唯物史观 谈政治,0032_唯物史观_谈政治.md,25.36,唯物史观与中国史学研究
唯物史观 基本理论 系统阐述,0033_唯物史观_基本理论_系统阐述.md,唯物史观 李大钊,1775_唯物史观_李大钊.md,25.36,唯物史观与中国史学研究
唯物史观 基本理论 系统阐述,0033_唯物史观_基本理论_系统阐述.md,新民主主义理论体系 系统阐述,0514_新民主主义理论体系_系统阐述.md,25.26,唯物史观与中国史学研究
唯物史观 基本理论 系统阐述,0033_唯物史观_基本理论_系统阐述.md,唯物史观 传播热潮,0064_唯物史观_传播热潮.md,25.0,唯物史观与中国史学研究
唯物史观 阶级 阶级斗争 理论,0034_唯物史观_阶级_阶级斗争_理论.md,陈独秀 唯物史观 阶级斗争,0282_陈独秀_唯物史观_阶级斗争.md,53.46,唯物史观在中国的传播与应用
唯物史观 阶级 阶级斗争 理论,0034_唯物史观_阶级_阶级斗争_理论.md,李大钊 唯物史观 阶级斗争,0326_李大钊_唯物史观_阶级斗争.md,53.46,唯物史观在中国的传播与应用
唯物史观 阶级 阶级斗争 理论,0034_唯物史观_阶级_阶级斗争_理论.md,李大钊 阶级斗争 唯物史观,0280_李大钊_阶级斗争_唯物史观.md,50.71,唯物史观在中国的传播与应用
唯物史观 阶级 阶级斗争 理论,0034_唯物史观_阶级_阶级斗争_理论.md,陈独秀 唯物史观 剩余价值 阶级斗争,0327_陈独秀_唯物史观_剩余价值_阶级斗争.md,48.33,唯物史观在中国的传播与应用
唯物史观 阶级 阶级斗争 理论,0034_唯物史观_阶级_阶级斗争_理论.md,唯物史观 基本理论 系统阐述,0033_唯物史观_基本理论_系统阐述.md,25.88,唯物史观在中国的传播与应用
无政府主义 反对阶级斗争 批判,0035_无政府主义_反对阶级斗争_批判.md,无政府主义 思潮 批判,1127_无政府主义_思潮_批判.md,33.33,早期马克思主义传播主体与传播载体
无政府主义 反对阶级斗争 批判,0035_无政府主义_反对阶级斗争_批判.md,无政府主义 理论批判 列宁,0880_无政府主义_理论批判_列宁.md,32.35,早期马克思主义传播主体与传播载体
无政府主义 反对阶级斗争 批判,0035_无政府主义_反对阶级斗争_批判.md,无政府主义 绝对自由 批判,1290_无政府主义_绝对自由_批判.md,32.35,早期马克思主义传播主体与传播载体
无政府主义 反对阶级斗争 批判,0035_无政府主义_反对阶级斗争_批判.md,无政府主义 论争 哲学意义,1289_无政府主义_论争_哲学意义.md,30.56,早期马克思主义传播主体与传播载体
无政府主义 反对阶级斗争 批判,0035_无政府主义_反对阶级斗争_批判.md,国家主义派 阶级斗争 批判,0037_国家主义派_阶级斗争_批判.md,9.38,早期马克思主义传播主体与传播载体
自由意志论 批判 唯物史观,0036_自由意志论_批判_唯物史观.md,戴季陶主义 唯物史观 批判,0038_戴季陶主义_唯物史观_批判.md,26.25,中国近代启蒙与民主革命
自由意志论 批判 唯物史观,0036_自由意志论_批判_唯物史观.md,德意志意识形态 唯物史观,1661_德意志意识形态_唯物史观.md,26.25,中国近代启蒙与民主革命
自由意志论 批判 唯物史观,0036_自由意志论_批判_唯物史观.md,唯物史观 谈政治,0032_唯物史观_谈政治.md,25.77,中国近代启蒙与民主革命
自由意志论 批判 唯物史观,0036_自由意志论_批判_唯物史观.md,唯物史观 李大钊,1775_唯物史观_李大钊.md,25.77,中国近代启蒙与民主革命
自由意志论 批判 唯物史观,0036_自由意志论_批判_唯物史观.md,唯物史观 传播热潮,0064_唯物史观_传播热潮.md,25.36,中国近代启蒙与民主革命
国家主义派 阶级斗争 批判,0037_国家主义派_阶级斗争_批判.md,国家主义派 超阶级国家观 批判,1293_国家主义派_超阶级国家观_批判.md,35.0,阶级斗争与社会革命理论
国家主义派 阶级斗争 批判,0037_国家主义派_阶级斗争_批判.md,国家主义派 国际主义 批判,1294_国家主义派_国际主义_批判.md,33.93,阶级斗争与社会革命理论
国家主义派 阶级斗争 批判,0037_国家主义派_阶级斗争_批判.md,国家主义派 中国共产党 批判,1138_国家主义派_中国共产党_批判.md,32.81,阶级斗争与社会革命理论
国家主义派 阶级斗争 批判,0037_国家主义派_阶级斗争_批判.md,国家主义派 二元论 唯心论,1295_国家主义派_二元论_唯心论.md,31.25,阶级斗争与社会革命理论
国家主义派 阶级斗争 批判,0037_国家主义派_阶级斗争_批判.md,阶级斗争 国家 阶级属性,0028_阶级斗争_国家_阶级属性.md,27.14,阶级斗争与社会革命理论
戴季陶主义 唯物史观 批判,0038_戴季陶主义_唯物史观_批判.md,戴季陶主义 中国共产党 批判,1137_戴季陶主义_中国共产党_批判.md,32.81,唯物史观与中国史学研究
戴季陶主义 唯物史观 批判,0038_戴季陶主义_唯物史观_批判.md,拉布里奥拉 历史主义 唯物史观,0020_拉布里奥拉_历史主义_唯物史观.md,27.35,唯物史观与中国史学研究
戴季陶主义 唯物史观 批判,0038_戴季陶主义_唯物史观_批判.md,自由意志论 批判 唯物史观,0036_自由意志论_批判_唯物史观.md,26.25,唯物史观与中国史学研究
戴季陶主义 唯物史观 批判,0038_戴季陶主义_唯物史观_批判.md,唯物史观 谈政治,0032_唯物史观_谈政治.md,25.77,唯物史观与中国史学研究
戴季陶主义 唯物史观 批判,0038_戴季陶主义_唯物史观_批判.md,唯物史观 李大钊,1775_唯物史观_李大钊.md,25.77,唯物史观与中国史学研究
戴季陶 阶级斗争 道统说 批判,0039_戴季陶_阶级斗争_道统说_批判.md,国家主义派 阶级斗争 批判,0037_国家主义派_阶级斗争_批判.md,25.88,阶级斗争与社会革命理论
戴季陶 阶级斗争 道统说 批判,0039_戴季陶_阶级斗争_道统说_批判.md,阶级斗争 方法 马克思,0017_阶级斗争_方法_马克思.md,24.69,阶级斗争与社会革命理论
戴季陶 阶级斗争 道统说 批判,0039_戴季陶_阶级斗争_道统说_批判.md,阶级斗争 国家 阶级属性,0028_阶级斗争_国家_阶级属性.md,24.69,阶级斗争与社会革命理论
戴季陶 阶级斗争 道统说 批判,0039_戴季陶_阶级斗争_道统说_批判.md,共产党宣言 阶级斗争,1662_共产党宣言_阶级斗争.md,24.69,阶级斗争与社会革命理论
戴季陶 阶级斗争 道统说 批判,0039_戴季陶_阶级斗争_道统说_批判.md,阶级斗争 简单化 公式化,0043_阶级斗争_简单化_公式化.md,24.41,阶级斗争与社会革命理论
个人崇拜 背离唯物史观,0040_个人崇拜_背离唯物史观.md,个人智慧 集体智慧 个人崇拜,1359_个人智慧_集体智慧_个人崇拜.md,25.0,唯物史观与中国史学研究
个人崇拜 背离唯物史观,0040_个人崇拜_背离唯物史观.md,唯物史观 谈政治,0032_唯物史观_谈政治.md,6.25,唯物史观与中国史学研究
个人崇拜 背离唯物史观,0040_个人崇拜_背离唯物史观.md,唯物史观 李大钊,1775_唯物史观_李大钊.md,6.25,唯物史观与中国史学研究
个人崇拜 背离唯物史观,0040_个人崇拜_背离唯物史观.md,唯物史观 传播热潮,0064_唯物史观_传播热潮.md,5.77,唯物史观与中国史学研究
个人崇拜 背离唯物史观,0040_个人崇拜_背离唯物史观.md,李大钊 唯物史观 研究,0258_李大钊_唯物史观_研究.md,5.36,唯物史观与中国史学研究
唯物史观派 马克思主义,0041_唯物史观派_马克思主义.md,玄学派 科学派 唯物史观派,0191_玄学派_科学派_唯物史观派.md,32.14,马克思恩格斯经典文本与哲学关系
唯物史观派 马克思主义,0041_唯物史观派_马克思主义.md,陈独秀 瞿秋白 唯物史观派,0329_陈独秀_瞿秋白_唯物史观派.md,31.67,马克思恩格斯经典文本与哲学关系
唯物史观派 马克思主义,0041_唯物史观派_马克思主义.md,李大钊 唯物史观 马克思主义哲学,0279_李大钊_唯物史观_马克思主义哲学.md,11.67,马克思恩格斯经典文本与哲学关系
唯物史观派 马克思主义,0041_唯物史观派_马克思主义.md,上海 马克思主义者,1740_上海_马克思主义者.md,8.33,马克思恩格斯经典文本与哲学关系
唯物史观派 马克思主义,0041_唯物史观派_马克思主义.md,我的马克思主义观,1933_我的马克思主义观.md,8.33,马克思恩格斯经典文本与哲学关系
唯物史观 研究 中国传统哲学,0042_唯物史观_研究_中国传统哲学.md,中国传统哲学 精华 发掘,1492_中国传统哲学_精华_发掘.md,38.33,历史唯物主义体系
唯物史观 研究 中国传统哲学,0042_唯物史观_研究_中国传统哲学.md,毛泽东 实践论 中国传统哲学,0570_毛泽东_实践论_中国传统哲学.md,37.35,历史唯物主义体系
唯物史观 研究 中国传统哲学,0042_唯物史观_研究_中国传统哲学.md,马克思主义哲学 中国传统哲学 结合,1417_马克思主义哲学_中国传统哲学_结合.md,36.58,历史唯物主义体系
唯物史观 研究 中国传统哲学,0042_唯物史观_研究_中国传统哲学.md,马克思主义哲学 中国传统哲学 形态,1797_马克思主义哲学_中国传统哲学_形态.md,36.58,历史唯物主义体系
唯物史观 研究 中国传统哲学,0042_唯物史观_研究_中国传统哲学.md,中国传统哲学 认识论 知行观 批判总结,1430_中国传统哲学_认识论_知行观_批判总结.md,35.95,历史唯物主义体系
阶级斗争 简单化 公式化,0043_阶级斗争_简单化_公式化.md,阶级斗争 方法 马克思,0017_阶级斗争_方法_马克思.md,25.36,阶级斗争与社会革命理论
阶级斗争 简单化 公式化,0043_阶级斗争_简单化_公式化.md,阶级斗争 国家 阶级属性,0028_阶级斗争_国家_阶级属性.md,25.36,阶级斗争与社会革命理论
阶级斗争 简单化 公式化,0043_阶级斗争_简单化_公式化.md,共产党宣言 阶级斗争,1662_共产党宣言_阶级斗争.md,25.36,阶级斗争与社会革命理论
阶级斗争 简单化 公式化,0043_阶级斗争_简单化_公式化.md,共产党宣言 阶级斗争 历史,0029_共产党宣言_阶级斗争_历史.md,24.69,阶级斗争与社会革命理论
阶级斗争 简单化 公式化,0043_阶级斗争_简单化_公式化.md,唯物史观 阶级 阶级斗争 理论,0034_唯物史观_阶级_阶级斗争_理论.md,24.69,阶级斗争与社会革命理论
生产力 生产关系 交互作用,0044_生产力_生产关系_交互作用.md,生产力 生产关系 讨论,0002_生产力_生产关系_讨论.md,46.36,历史唯物主义体系
生产力 生产关系 交互作用,0044_生产力_生产关系_交互作用.md,李达 生产力 生产关系,0316_李达_生产力_生产关系.md,46.36,历史唯物主义体系
生产力 生产关系 交互作用,0044_生产力_生产关系_交互作用.md,生产力 生产关系 斯大林,0906_生产力_生产关系_斯大林.md,45.42,历史唯物主义体系
生产力 生产关系 交互作用,0044_生产力_生产关系_交互作用.md,生产力 生产关系 历史规律,0016_生产力_生产关系_历史规律.md,44.62,历史唯物主义体系
生产力 生产关系 交互作用,0044_生产力_生产关系_交互作用.md,唯物史观 生产力 生产关系,0026_唯物史观_生产力_生产关系.md,44.62,历史唯物主义体系
马克思主义哲学 传播 应用 形态 前景,0045_马克思主义哲学_传播_应用_形态_前景.md,马克思主义哲学 前景 展望,1066_马克思主义哲学_前景_展望.md,55.29,马克思主义哲学在中国的传播路径
马克思主义哲学 传播 应用 形态 前景,0045_马克思主义哲学_传播_应用_形态_前景.md,马克思主义哲学 多领域 应用,1019_马克思主义哲学_多领域_应用.md,54.72,马克思主义哲学在中国的传播路径
马克思主义哲学 传播 应用 形态 前景,0045_马克思主义哲学_传播_应用_形态_前景.md,和平改造 马克思主义哲学 应用,1051_和平改造_马克思主义哲学_应用.md,54.21,马克思主义哲学在中国的传播路径
马克思主义哲学 传播 应用 形态 前景,0045_马克思主义哲学_传播_应用_形态_前景.md,马克思主义哲学 中国传统哲学 形态,1797_马克思主义哲学_中国传统哲学_形态.md,53.75,马克思主义哲学在中国的传播路径
马克思主义哲学 传播 应用 形态 前景,0045_马克思主义哲学_传播_应用_形态_前景.md,马克思主义哲学 传播 苏联,0785_马克思主义哲学_传播_苏联.md,47.5,马克思主义哲学在中国的传播路径
马克思主义哲学 传播范围 扩大,0046_马克思主义哲学_传播范围_扩大.md,马克思主义哲学 传播 苏联,0785_马克思主义哲学_传播_苏联.md,49.29,马克思主义哲学在中国的传播路径
马克思主义哲学 传播范围 扩大,0046_马克思主义哲学_传播范围_扩大.md,旅欧青年 马克思主义哲学 传播,0051_旅欧青年_马克思主义哲学_传播.md,47.5,马克思主义哲学在中国的传播路径
马克思主义哲学 传播范围 扩大,0046_马克思主义哲学_传播范围_扩大.md,马克思主义哲学 传播形式 转换,0052_马克思主义哲学_传播形式_转换.md,47.5,马克思主义哲学在中国的传播路径
马克思主义哲学 传播范围 扩大,0046_马克思主义哲学_传播范围_扩大.md,马克思主义哲学 传播开端 热潮,0063_马克思主义哲学_传播开端_热潮.md,47.5,马克思主义哲学在中国的传播路径
马克思主义哲学 传播范围 扩大,0046_马克思主义哲学_传播范围_扩大.md,五四时期 马克思主义哲学 传播,0143_五四时期_马克思主义哲学_传播.md,47.5,马克思主义哲学在中国的传播路径
马克思主义哲学 中国传播 源头,0047_马克思主义哲学_中国传播_源头.md,马克思主义哲学 中国传播 百年历史,0083_马克思主义哲学_中国传播_百年历史.md,70.62,马克思主义哲学在中国的传播路径
马克思主义哲学 中国传播 源头,0047_马克思主义哲学_中国传播_源头.md,马克思主义哲学 中国传播 历史条件,0100_马克思主义哲学_中国传播_历史条件.md,70.62,马克思主义哲学在中国的传播路径
马克思主义哲学 中国传播 源头,0047_马克思主义哲学_中国传播_源头.md,教科书体系 马克思主义哲学 中国传播,0098_教科书体系_马克思主义哲学_中国传播.md,69.71,马克思主义哲学在中国的传播路径
马克思主义哲学 中国传播 源头,0047_马克思主义哲学_中国传播_源头.md,马克思主义哲学 中国哲学,1823_马克思主义哲学_中国哲学.md,50.38,马克思主义哲学在中国的传播路径
马克思主义哲学 中国传播 源头,0047_马克思主义哲学_中国传播_源头.md,马克思主义哲学 中国传统哲学 结合,1417_马克思主义哲学_中国传统哲学_结合.md,49.06,马克思主义哲学在中国的传播路径
马克思主义哲学 从日本传入 中国,0048_马克思主义哲学_从日本传入_中国.md,马克思主义哲学 从欧洲传入 中国,0050_马克思主义哲学_从欧洲传入_中国.md,50.62,马克思主义哲学在中国的传播路径
马克思主义哲学 从日本传入 中国,0048_马克思主义哲学_从日本传入_中国.md,马克思主义哲学 从苏联传入 中国,0823_马克思主义哲学_从苏联传入_中国.md,50.62,马克思主义哲学在中国的传播路径
马克思主义哲学 从日本传入 中国,0048_马克思主义哲学_从日本传入_中国.md,马克思主义哲学 传入中国 渠道,0060_马克思主义哲学_传入中国_渠道.md,49.06,马克思主义哲学在中国的传播路径
马克思主义哲学 从日本传入 中国,0048_马克思主义哲学_从日本传入_中国.md,日本 中转 马克思主义哲学 中国,0078_日本_中转_马克思主义哲学_中国.md,46.76,马克思主义哲学在中国的传播路径
马克思主义哲学 从日本传入 中国,0048_马克思主义哲学_从日本传入_中国.md,马克思主义哲学 中国哲学,1823_马克思主义哲学_中国哲学.md,46.67,马克思主义哲学在中国的传播路径
日本学者 唯物史观 中国传播,0049_日本学者_唯物史观_中国传播.md,唯物史观 中国革命发展战略,0012_唯物史观_中国革命发展战略.md,27.35,唯物史观在中国的传播与应用
日本学者 唯物史观 中国传播,0049_日本学者_唯物史观_中国传播.md,唯物史观 研究 中国传统哲学,0042_唯物史观_研究_中国传统哲学.md,27.35,唯物史观在中国的传播与应用
日本学者 唯物史观 中国传播,0049_日本学者_唯物史观_中国传播.md,唯物史观 传播热潮,0064_唯物史观_传播热潮.md,27.14,唯物史观在中国的传播与应用
日本学者 唯物史观 中国传播,0049_日本学者_唯物史观_中国传播.md,李大钊 唯物史观 中国革命 指导,0303_李大钊_唯物史观_中国革命_指导.md,26.94,唯物史观在中国的传播与应用
日本学者 唯物史观 中国传播,0049_日本学者_唯物史观_中国传播.md,唯物史观 中国哲学史 研究应用,0714_唯物史观_中国哲学史_研究应用.md,26.94,唯物史观在中国的传播与应用
马克思主义哲学 从欧洲传入 中国,0050_马克思主义哲学_从欧洲传入_中国.md,马克思主义哲学 从日本传入 中国,0048_马克思主义哲学_从日本传入_中国.md,50.62,马克思主义哲学在中国的传播路径
马克思主义哲学 从欧洲传入 中国,0050_马克思主义哲学_从欧洲传入_中国.md,马克思主义哲学 从苏联传入 中国,0823_马克思主义哲学_从苏联传入_中国.md,50.62,马克思主义哲学在中国的传播路径
马克思主义哲学 从欧洲传入 中国,0050_马克思主义哲学_从欧洲传入_中国.md,马克思主义哲学 传入中国 渠道,0060_马克思主义哲学_传入中国_渠道.md,49.06,马克思主义哲学在中国的传播路径
马克思主义哲学 从欧洲传入 中国,0050_马克思主义哲学_从欧洲传入_中国.md,马克思主义哲学 中国哲学,1823_马克思主义哲学_中国哲学.md,46.67,马克思主义哲学在中国的传播路径
马克思主义哲学 从欧洲传入 中国,0050_马克思主义哲学_从欧洲传入_中国.md,李达 马克思主义哲学 中国化,0301_李达_马克思主义哲学_中国化.md,45.29,马克思主义哲学在中国的传播路径
旅欧青年 马克思主义哲学 传播,0051_旅欧青年_马克思主义哲学_传播.md,马克思主义哲学 传播 苏联,0785_马克思主义哲学_传播_苏联.md,49.29,马克思主义哲学在中国的传播路径
旅欧青年 马克思主义哲学 传播,0051_旅欧青年_马克思主义哲学_传播.md,马克思主义哲学 传播范围 扩大,0046_马克思主义哲学_传播范围_扩大.md,47.5,马克思主义哲学在中国的传播路径
旅欧青年 马克思主义哲学 传播,0051_旅欧青年_马克思主义哲学_传播.md,马克思主义哲学 传播形式 转换,0052_马克思主义哲学_传播形式_转换.md,47.5,马克思主义哲学在中国的传播路径
旅欧青年 马克思主义哲学 传播,0051_旅欧青年_马克思主义哲学_传播.md,马克思主义哲学 传播开端 热潮,0063_马克思主义哲学_传播开端_热潮.md,47.5,马克思主义哲学在中国的传播路径
旅欧青年 马克思主义哲学 传播,0051_旅欧青年_马克思主义哲学_传播.md,五四时期 马克思主义哲学 传播,0143_五四时期_马克思主义哲学_传播.md,47.5,马克思主义哲学在中国的传播路径
马克思主义哲学 传播形式 转换,0052_马克思主义哲学_传播形式_转换.md,马克思主义哲学 传播 苏联,0785_马克思主义哲学_传播_苏联.md,49.29,马克思主义哲学在中国的传播路径
马克思主义哲学 传播形式 转换,0052_马克思主义哲学_传播形式_转换.md,马克思主义哲学 传播范围 扩大,0046_马克思主义哲学_传播范围_扩大.md,47.5,马克思主义哲学在中国的传播路径
马克思主义哲学 传播形式 转换,0052_马克思主义哲学_传播形式_转换.md,旅欧青年 马克思主义哲学 传播,0051_旅欧青年_马克思主义哲学_传播.md,47.5,马克思主义哲学在中国的传播路径
马克思主义哲学 传播形式 转换,0052_马克思主义哲学_传播形式_转换.md,马克思主义哲学 传播开端 热潮,0063_马克思主义哲学_传播开端_热潮.md,47.5,马克思主义哲学在中国的传播路径
马克思主义哲学 传播形式 转换,0052_马克思主义哲学_传播形式_转换.md,五四时期 马克思主义哲学 传播,0143_五四时期_马克思主义哲学_传播.md,47.5,马克思主义哲学在中国的传播路径
翻译性介绍 到 转述性介绍,0053_翻译性介绍_到_转述性介绍.md,转述性介绍 到 大众化介绍,1022_转述性介绍_到_大众化介绍.md,35.42,早期马克思主义传播主体与传播载体
大众化传播 到 中国化传播,0054_大众化传播_到_中国化传播.md,实践论 矛盾论 中国化传播,0495_实践论_矛盾论_中国化传播.md,32.14,新哲学大众化运动
大众化传播 到 中国化传播,0054_大众化传播_到_中国化传播.md,马克思主义哲学 大众化 中国化,1200_马克思主义哲学_大众化_中国化.md,6.25,新哲学大众化运动
大众化传播 到 中国化传播,0054_大众化传播_到_中国化传播.md,马克思主义中国化 大众化 初步推进,1145_马克思主义中国化_大众化_初步推进.md,5.56,新哲学大众化运动
大众化传播 到 中国化传播,0054_大众化传播_到_中国化传播.md,艾思奇 大众哲学 中国化,0370_艾思奇_大众哲学_中国化.md,5.36,新哲学大众化运动
大众化传播 到 中国化传播,0054_大众化传播_到_中国化传播.md,艾思奇 马克思主义哲学 大众化 中国化,0395_艾思奇_马克思主义哲学_大众化_中国化.md,5.26,新哲学大众化运动
职业革命家 职业哲学家 传播载体,0055_职业革命家_职业哲学家_传播载体.md,职业哲学家 理论学术性 理性精神,1024_职业哲学家_理论学术性_理性精神.md,29.76,早期马克思主义传播主体与传播载体
职业革命家 职业哲学家 传播载体,0055_职业革命家_职业哲学家_传播载体.md,传播载体 杰出个人 作用,0059_传播载体_杰出个人_作用.md,24.17,早期马克思主义传播主体与传播载体
马克思主义哲学 传播特点 经验教训,0056_马克思主义哲学_传播特点_经验教训.md,马克思主义哲学 教科书传播 特点,0097_马克思主义哲学_教科书传播_特点.md,47.5,马克思主义哲学在中国的传播路径
马克思主义哲学 传播特点 经验教训,0056_马克思主义哲学_传播特点_经验教训.md,马克思主义哲学 传播 苏联,0785_马克思主义哲学_传播_苏联.md,47.5,马克思主义哲学在中国的传播路径
马克思主义哲学 传播特点 经验教训,0056_马克思主义哲学_传播特点_经验教训.md,马克思主义哲学 传播范围 扩大,0046_马克思主义哲学_传播范围_扩大.md,46.11,马克思主义哲学在中国的传播路径
马克思主义哲学 传播特点 经验教训,0056_马克思主义哲学_传播特点_经验教训.md,旅欧青年 马克思主义哲学 传播,0051_旅欧青年_马克思主义哲学_传播.md,46.11,马克思主义哲学在中国的传播路径
马克思主义哲学 传播特点 经验教训,0056_马克思主义哲学_传播特点_经验教训.md,马克思主义哲学 传播形式 转换,0052_马克思主义哲学_传播形式_转换.md,46.11,马克思主义哲学在中国的传播路径
辩证唯物论 历史唯物论 传播体系,0057_辩证唯物论_历史唯物论_传播体系.md,历史唯物论 辩证唯物论 米丁,1809_历史唯物论_辩证唯物论_米丁.md,60.71,哲学基本范畴与辩证法原理
辩证唯物论 历史唯物论 传播体系,0057_辩证唯物论_历史唯物论_传播体系.md,李达 辩证唯物论 系统传播,0342_李达_辩证唯物论_系统传播.md,32.81,哲学基本范畴与辩证法原理
辩证唯物论 历史唯物论 传播体系,0057_辩证唯物论_历史唯物论_传播体系.md,辩证唯物论 分歧 争论,1033_辩证唯物论_分歧_争论.md,31.67,哲学基本范畴与辩证法原理
辩证唯物论 历史唯物论 传播体系,0057_辩证唯物论_历史唯物论_传播体系.md,俄国 辩证唯物论 思想 介绍,0909_俄国_辩证唯物论_思想_介绍.md,30.88,哲学基本范畴与辩证法原理
辩证唯物论 历史唯物论 传播体系,0057_辩证唯物论_历史唯物论_传播体系.md,瞿秋白 历史唯物论 基本原理,0313_瞿秋白_历史唯物论_基本原理.md,30.56,哲学基本范畴与辩证法原理
西学东渐 马克思主义哲学传播 环境,0058_西学东渐_马克思主义哲学传播_环境.md,新中国初期 马克思主义哲学传播 新形式,0649_新中国初期_马克思主义哲学传播_新形式.md,49.09,马克思主义哲学在中国的传播路径
西学东渐 马克思主义哲学传播 环境,0058_西学东渐_马克思主义哲学传播_环境.md,中国近现代 社会矛盾 马克思主义哲学传播,0101_中国近现代_社会矛盾_马克思主义哲学传播.md,48.7,马克思主义哲学在中国的传播路径
西学东渐 马克思主义哲学传播 环境,0058_西学东渐_马克思主义哲学传播_环境.md,西学东渐 中体西用,0687_西学东渐_中体西用.md,24.17,马克思主义哲学在中国的传播路径
西学东渐 马克思主义哲学传播 环境,0058_西学东渐_马克思主义哲学传播_环境.md,马克思主义哲学 传播 苏联,0785_马克思主义哲学_传播_苏联.md,12.5,马克思主义哲学在中国的传播路径
西学东渐 马克思主义哲学传播 环境,0058_西学东渐_马克思主义哲学传播_环境.md,马克思主义哲学 传播范围 扩大,0046_马克思主义哲学_传播范围_扩大.md,11.11,马克思主义哲学在中国的传播路径
传播载体 杰出个人 作用,0059_传播载体_杰出个人_作用.md,职业革命家 职业哲学家 传播载体,0055_职业革命家_职业哲学家_传播载体.md,24.17,早期马克思主义传播主体与传播载体
马克思主义哲学 传入中国 渠道,0060_马克思主义哲学_传入中国_渠道.md,马克思主义哲学 从日本传入 中国,0048_马克思主义哲学_从日本传入_中国.md,49.06,马克思主义哲学在中国的传播路径
马克思主义哲学 传入中国 渠道,0060_马克思主义哲学_传入中国_渠道.md,马克思主义哲学 从欧洲传入 中国,0050_马克思主义哲学_从欧洲传入_中国.md,49.06,马克思主义哲学在中国的传播路径
马克思主义哲学 传入中国 渠道,0060_马克思主义哲学_传入中国_渠道.md,马克思主义哲学 从苏联传入 中国,0823_马克思主义哲学_从苏联传入_中国.md,49.06,马克思主义哲学在中国的传播路径
马克思主义哲学 传入中国 渠道,0060_马克思主义哲学_传入中国_渠道.md,马克思主义哲学 中国哲学,1823_马克思主义哲学_中国哲学.md,47.5,马克思主义哲学在中国的传播路径
马克思主义哲学 传入中国 渠道,0060_马克思主义哲学_传入中国_渠道.md,马克思主义哲学 中国哲学传统 结合,0726_马克思主义哲学_中国哲学传统_结合.md,46.76,马克思主义哲学在中国的传播路径
日本 第一渠道 马克思主义哲学,0061_日本_第一渠道_马克思主义哲学.md,日本 中转 马克思主义哲学 中国,0078_日本_中转_马克思主义哲学_中国.md,55.29,马克思恩格斯经典文本与哲学关系
日本 第一渠道 马克思主义哲学,0061_日本_第一渠道_马克思主义哲学.md,日本 马克思主义哲学 启蒙老师,0122_日本_马克思主义哲学_启蒙老师.md,55.29,马克思恩格斯经典文本与哲学关系
日本 第一渠道 马克思主义哲学,0061_日本_第一渠道_马克思主义哲学.md,马克思主义哲学 日本 欧洲 苏联 三个方向,0822_马克思主义哲学_日本_欧洲_苏联_三个方向.md,53.33,马克思恩格斯经典文本与哲学关系
日本 第一渠道 马克思主义哲学,0061_日本_第一渠道_马克思主义哲学.md,欧洲 第二渠道 马克思主义哲学,0062_欧洲_第二渠道_马克思主义哲学.md,47.5,马克思恩格斯经典文本与哲学关系
日本 第一渠道 马克思主义哲学,0061_日本_第一渠道_马克思主义哲学.md,苏联 第三渠道 马克思主义哲学,0826_苏联_第三渠道_马克思主义哲学.md,47.5,马克思恩格斯经典文本与哲学关系
欧洲 第二渠道 马克思主义哲学,0062_欧洲_第二渠道_马克思主义哲学.md,马克思主义哲学 日本 欧洲 苏联 三个方向,0822_马克思主义哲学_日本_欧洲_苏联_三个方向.md,53.33,马克思恩格斯经典文本与哲学关系
欧洲 第二渠道 马克思主义哲学,0062_欧洲_第二渠道_马克思主义哲学.md,日本 第一渠道 马克思主义哲学,0061_日本_第一渠道_马克思主义哲学.md,47.5,马克思恩格斯经典文本与哲学关系
欧洲 第二渠道 马克思主义哲学,0062_欧洲_第二渠道_马克思主义哲学.md,苏联 第三渠道 马克思主义哲学,0826_苏联_第三渠道_马克思主义哲学.md,47.5,马克思恩格斯经典文本与哲学关系
欧洲 第二渠道 马克思主义哲学,0062_欧洲_第二渠道_马克思主义哲学.md,马克思主义哲学 传入中国 渠道,0060_马克思主义哲学_传入中国_渠道.md,45.29,马克思恩格斯经典文本与哲学关系
欧洲 第二渠道 马克思主义哲学,0062_欧洲_第二渠道_马克思主义哲学.md,马克思主义哲学 中国哲学,1823_马克思主义哲学_中国哲学.md,45.0,马克思恩格斯经典文本与哲学关系
马克思主义哲学 传播开端 热潮,0063_马克思主义哲学_传播开端_热潮.md,马克思主义哲学 传播 苏联,0785_马克思主义哲学_传播_苏联.md,49.29,马克思主义哲学在中国的传播路径
马克思主义哲学 传播开端 热潮,0063_马克思主义哲学_传播开端_热潮.md,马克思主义哲学 传播范围 扩大,0046_马克思主义哲学_传播范围_扩大.md,47.5,马克思主义哲学在中国的传播路径
马克思主义哲学 传播开端 热潮,0063_马克思主义哲学_传播开端_热潮.md,旅欧青年 马克思主义哲学 传播,0051_旅欧青年_马克思主义哲学_传播.md,47.5,马克思主义哲学在中国的传播路径
马克思主义哲学 传播开端 热潮,0063_马克思主义哲学_传播开端_热潮.md,马克思主义哲学 传播形式 转换,0052_马克思主义哲学_传播形式_转换.md,47.5,马克思主义哲学在中国的传播路径
马克思主义哲学 传播开端 热潮,0063_马克思主义哲学_传播开端_热潮.md,五四时期 马克思主义哲学 传播,0143_五四时期_马克思主义哲学_传播.md,47.5,马克思主义哲学在中国的传播路径
唯物史观 传播热潮,0064_唯物史观_传播热潮.md,唯物史观 传播热潮 特点,0065_唯物史观_传播热潮_特点.md,59.44,唯物史观在中国的传播与应用
唯物史观 传播热潮,0064_唯物史观_传播热潮.md,唯物史观 传播 局限 不足,0066_唯物史观_传播_局限_不足.md,31.36,唯物史观在中国的传播与应用
唯物史观 传播热潮,0064_唯物史观_传播热潮.md,鲁迅 唯物史观 传播 运用,0116_鲁迅_唯物史观_传播_运用.md,31.36,唯物史观在中国的传播与应用
唯物史观 传播热潮,0064_唯物史观_传播热潮.md,李达 唯物史观 传播 应用,0332_李达_唯物史观_传播_应用.md,31.36,唯物史观在中国的传播与应用
唯物史观 传播热潮,0064_唯物史观_传播热潮.md,周恩来 唯物史观 传播 应用,0114_周恩来_唯物史观_传播_应用.md,30.42,唯物史观在中国的传播与应用
唯物史观 传播热潮 特点,0065_唯物史观_传播热潮_特点.md,唯物史观 传播热潮,0064_唯物史观_传播热潮.md,59.44,唯物史观在中国的传播与应用
唯物史观 传播热潮 特点,0065_唯物史观_传播热潮_特点.md,唯物史观 传播 局限 不足,0066_唯物史观_传播_局限_不足.md,29.62,唯物史观在中国的传播与应用
唯物史观 传播热潮 特点,0065_唯物史观_传播热潮_特点.md,鲁迅 唯物史观 传播 运用,0116_鲁迅_唯物史观_传播_运用.md,29.62,唯物史观在中国的传播与应用
唯物史观 传播热潮 特点,0065_唯物史观_传播热潮_特点.md,李达 唯物史观 传播 应用,0332_李达_唯物史观_传播_应用.md,29.62,唯物史观在中国的传播与应用
唯物史观 传播热潮 特点,0065_唯物史观_传播热潮_特点.md,周恩来 唯物史观 传播 应用,0114_周恩来_唯物史观_传播_应用.md,28.93,唯物史观在中国的传播与应用
唯物史观 传播 局限 不足,0066_唯物史观_传播_局限_不足.md,唯物史观 传播热潮,0064_唯物史观_传播热潮.md,31.36,唯物史观在中国的传播与应用
唯物史观 传播 局限 不足,0066_唯物史观_传播_局限_不足.md,唯物史观 传播热潮 特点,0065_唯物史观_传播热潮_特点.md,29.62,唯物史观在中国的传播与应用
唯物史观 传播 局限 不足,0066_唯物史观_传播_局限_不足.md,鲁迅 唯物史观 传播 运用,0116_鲁迅_唯物史观_传播_运用.md,29.62,唯物史观在中国的传播与应用
唯物史观 传播 局限 不足,0066_唯物史观_传播_局限_不足.md,李达 唯物史观 传播 应用,0332_李达_唯物史观_传播_应用.md,29.62,唯物史观在中国的传播与应用
唯物史观 传播 局限 不足,0066_唯物史观_传播_局限_不足.md,周恩来 唯物史观 传播 应用,0114_周恩来_唯物史观_传播_应用.md,28.93,唯物史观在中国的传播与应用
国统区 翻译介绍 马克思主义哲学,0067_国统区_翻译介绍_马克思主义哲学.md,国统区 理论著述 马克思主义哲学,1035_国统区_理论著述_马克思主义哲学.md,61.11,马克思恩格斯经典文本与哲学关系
国统区 翻译介绍 马克思主义哲学,0067_国统区_翻译介绍_马克思主义哲学.md,马克思主义哲学 中国哲学,1823_马克思主义哲学_中国哲学.md,44.38,马克思恩格斯经典文本与哲学关系
国统区 翻译介绍 马克思主义哲学,0067_国统区_翻译介绍_马克思主义哲学.md,李达 马克思主义哲学 研究,0267_李达_马克思主义哲学_研究.md,43.82,马克思恩格斯经典文本与哲学关系
国统区 翻译介绍 马克思主义哲学,0067_国统区_翻译介绍_马克思主义哲学.md,李达 马克思主义哲学 泰斗,0355_李达_马克思主义哲学_泰斗.md,43.82,马克思恩格斯经典文本与哲学关系
国统区 翻译介绍 马克思主义哲学,0067_国统区_翻译介绍_马克思主义哲学.md,马克思主义哲学 传播 苏联,0785_马克思主义哲学_传播_苏联.md,43.82,马克思恩格斯经典文本与哲学关系
资产阶级民主主义 思想传播 辛亥革命,0068_资产阶级民主主义_思想传播_辛亥革命.md,资产阶级 哲学革命 辛亥革命,1485_资产阶级_哲学革命_辛亥革命.md,27.89,中国近代启蒙与民主革命
资产阶级民主主义 思想传播 辛亥革命,0068_资产阶级民主主义_思想传播_辛亥革命.md,辛亥革命 思想运动 民众运动,1382_辛亥革命_思想运动_民众运动.md,24.76,中国近代启蒙与民主革命
资产阶级民主主义 思想传播 辛亥革命,0068_资产阶级民主主义_思想传播_辛亥革命.md,辛亥革命 意义 经验教训,1124_辛亥革命_意义_经验教训.md,23.57,中国近代启蒙与民主革命
资产阶级民主主义 思想传播 辛亥革命,0068_资产阶级民主主义_思想传播_辛亥革命.md,无产阶级 民主革命 领导权,1297_无产阶级_民主革命_领导权.md,6.25,中国近代启蒙与民主革命
资产阶级民主主义 思想传播 辛亥革命,0068_资产阶级民主主义_思想传播_辛亥革命.md,五四运动 社会主义思想 传播,0123_五四运动_社会主义思想_传播.md,5.95,中国近代启蒙与民主革命
共产国际 中国 马克思主义传播 指导,0069_共产国际_中国_马克思主义传播_指导.md,李达 马克思主义传播 活动,0283_李达_马克思主义传播_活动.md,43.33,苏联哲学与共产国际
共产国际 中国 马克思主义传播 指导,0069_共产国际_中国_马克思主义传播_指导.md,李大钊 马克思主义传播 活动,0278_李大钊_马克思主义传播_活动.md,42.89,苏联哲学与共产国际
共产国际 中国 马克思主义传播 指导,0069_共产国际_中国_马克思主义传播_指导.md,陈独秀 马克思主义传播 活动,0281_陈独秀_马克思主义传播_活动.md,42.89,苏联哲学与共产国际
共产国际 中国 马克思主义传播 指导,0069_共产国际_中国_马克思主义传播_指导.md,李汉俊 马克思主义传播 活动,0285_李汉俊_马克思主义传播_活动.md,42.89,苏联哲学与共产国际
共产国际 中国 马克思主义传播 指导,0069_共产国际_中国_马克思主义传播_指导.md,杨匏安 马克思主义传播 活动,0286_杨匏安_马克思主义传播_活动.md,42.89,苏联哲学与共产国际
马克思主义 欧洲传播 德国,0070_马克思主义_欧洲传播_德国.md,马克思主义 欧洲传播 英国,0071_马克思主义_欧洲传播_英国.md,36.67,马克思恩格斯经典文本与哲学关系
马克思主义 欧洲传播 德国,0070_马克思主义_欧洲传播_德国.md,马克思主义 欧洲传播 法国,0072_马克思主义_欧洲传播_法国.md,36.67,马克思恩格斯经典文本与哲学关系
马克思主义 欧洲传播 德国,0070_马克思主义_欧洲传播_德国.md,马克思主义 欧洲传播 北欧,0074_马克思主义_欧洲传播_北欧.md,36.67,马克思恩格斯经典文本与哲学关系
马克思主义 欧洲传播 德国,0070_马克思主义_欧洲传播_德国.md,马克思主义 欧洲传播 东欧,0075_马克思主义_欧洲传播_东欧.md,36.67,马克思恩格斯经典文本与哲学关系
马克思主义 欧洲传播 德国,0070_马克思主义_欧洲传播_德国.md,马克思主义 欧洲传播 意大利 西班牙,0073_马克思主义_欧洲传播_意大利_西班牙.md,32.5,马克思恩格斯经典文本与哲学关系
马克思主义 欧洲传播 英国,0071_马克思主义_欧洲传播_英国.md,马克思主义 欧洲传播 德国,0070_马克思主义_欧洲传播_德国.md,36.67,马克思恩格斯经典文本与哲学关系
马克思主义 欧洲传播 英国,0071_马克思主义_欧洲传播_英国.md,马克思主义 欧洲传播 法国,0072_马克思主义_欧洲传播_法国.md,36.67,马克思恩格斯经典文本与哲学关系
马克思主义 欧洲传播 英国,0071_马克思主义_欧洲传播_英国.md,马克思主义 欧洲传播 北欧,0074_马克思主义_欧洲传播_北欧.md,36.67,马克思恩格斯经典文本与哲学关系
马克思主义 欧洲传播 英国,0071_马克思主义_欧洲传播_英国.md,马克思主义 欧洲传播 东欧,0075_马克思主义_欧洲传播_东欧.md,36.67,马克思恩格斯经典文本与哲学关系
马克思主义 欧洲传播 英国,0071_马克思主义_欧洲传播_英国.md,马克思主义 欧洲传播 意大利 西班牙,0073_马克思主义_欧洲传播_意大利_西班牙.md,32.5,马克思恩格斯经典文本与哲学关系
马克思主义 欧洲传播 法国,0072_马克思主义_欧洲传播_法国.md,马克思主义 欧洲传播 德国,0070_马克思主义_欧洲传播_德国.md,36.67,马克思恩格斯经典文本与哲学关系
马克思主义 欧洲传播 法国,0072_马克思主义_欧洲传播_法国.md,马克思主义 欧洲传播 英国,0071_马克思主义_欧洲传播_英国.md,36.67,马克思恩格斯经典文本与哲学关系
马克思主义 欧洲传播 法国,0072_马克思主义_欧洲传播_法国.md,马克思主义 欧洲传播 北欧,0074_马克思主义_欧洲传播_北欧.md,36.67,马克思恩格斯经典文本与哲学关系
马克思主义 欧洲传播 法国,0072_马克思主义_欧洲传播_法国.md,马克思主义 欧洲传播 东欧,0075_马克思主义_欧洲传播_东欧.md,36.67,马克思恩格斯经典文本与哲学关系
马克思主义 欧洲传播 法国,0072_马克思主义_欧洲传播_法国.md,马克思主义 欧洲传播 意大利 西班牙,0073_马克思主义_欧洲传播_意大利_西班牙.md,32.5,马克思恩格斯经典文本与哲学关系
马克思主义 欧洲传播 意大利 西班牙,0073_马克思主义_欧洲传播_意大利_西班牙.md,马克思主义 欧洲传播 德国,0070_马克思主义_欧洲传播_德国.md,32.5,马克思恩格斯经典文本与哲学关系
马克思主义 欧洲传播 意大利 西班牙,0073_马克思主义_欧洲传播_意大利_西班牙.md,马克思主义 欧洲传播 英国,0071_马克思主义_欧洲传播_英国.md,32.5,马克思恩格斯经典文本与哲学关系
马克思主义 欧洲传播 意大利 西班牙,0073_马克思主义_欧洲传播_意大利_西班牙.md,马克思主义 欧洲传播 法国,0072_马克思主义_欧洲传播_法国.md,32.5,马克思恩格斯经典文本与哲学关系
马克思主义 欧洲传播 意大利 西班牙,0073_马克思主义_欧洲传播_意大利_西班牙.md,马克思主义 欧洲传播 北欧,0074_马克思主义_欧洲传播_北欧.md,32.5,马克思恩格斯经典文本与哲学关系
马克思主义 欧洲传播 意大利 西班牙,0073_马克思主义_欧洲传播_意大利_西班牙.md,马克思主义 欧洲传播 东欧,0075_马克思主义_欧洲传播_东欧.md,32.5,马克思恩格斯经典文本与哲学关系
马克思主义 欧洲传播 北欧,0074_马克思主义_欧洲传播_北欧.md,马克思主义 欧洲传播 德国,0070_马克思主义_欧洲传播_德国.md,36.67,马克思恩格斯经典文本与哲学关系
马克思主义 欧洲传播 北欧,0074_马克思主义_欧洲传播_北欧.md,马克思主义 欧洲传播 英国,0071_马克思主义_欧洲传播_英国.md,36.67,马克思恩格斯经典文本与哲学关系
马克思主义 欧洲传播 北欧,0074_马克思主义_欧洲传播_北欧.md,马克思主义 欧洲传播 法国,0072_马克思主义_欧洲传播_法国.md,36.67,马克思恩格斯经典文本与哲学关系
马克思主义 欧洲传播 北欧,0074_马克思主义_欧洲传播_北欧.md,马克思主义 欧洲传播 东欧,0075_马克思主义_欧洲传播_东欧.md,36.67,马克思恩格斯经典文本与哲学关系
马克思主义 欧洲传播 北欧,0074_马克思主义_欧洲传播_北欧.md,马克思主义 欧洲传播 意大利 西班牙,0073_马克思主义_欧洲传播_意大利_西班牙.md,32.5,马克思恩格斯经典文本与哲学关系
马克思主义 欧洲传播 东欧,0075_马克思主义_欧洲传播_东欧.md,马克思主义 欧洲传播 德国,0070_马克思主义_欧洲传播_德国.md,36.67,马克思恩格斯经典文本与哲学关系
马克思主义 欧洲传播 东欧,0075_马克思主义_欧洲传播_东欧.md,马克思主义 欧洲传播 英国,0071_马克思主义_欧洲传播_英国.md,36.67,马克思恩格斯经典文本与哲学关系
马克思主义 欧洲传播 东欧,0075_马克思主义_欧洲传播_东欧.md,马克思主义 欧洲传播 法国,0072_马克思主义_欧洲传播_法国.md,36.67,马克思恩格斯经典文本与哲学关系
马克思主义 欧洲传播 东欧,0075_马克思主义_欧洲传播_东欧.md,马克思主义 欧洲传播 北欧,0074_马克思主义_欧洲传播_北欧.md,36.67,马克思恩格斯经典文本与哲学关系
马克思主义 欧洲传播 东欧,0075_马克思主义_欧洲传播_东欧.md,马克思主义 欧洲传播 意大利 西班牙,0073_马克思主义_欧洲传播_意大利_西班牙.md,32.5,马克思恩格斯经典文本与哲学关系
马克思主义 世界传播 历史路径,0076_马克思主义_世界传播_历史路径.md,马克思主义哲学 中国传播 历史条件,0100_马克思主义哲学_中国传播_历史条件.md,9.21,马克思恩格斯经典文本与哲学关系
马克思主义 世界传播 历史路径,0076_马克思主义_世界传播_历史路径.md,马克思主义哲学 中国传播 百年历史,0083_马克思主义哲学_中国传播_百年历史.md,7.5,马克思恩格斯经典文本与哲学关系
马克思主义 世界传播 历史路径,0076_马克思主义_世界传播_历史路径.md,马克思主义 欧洲传播 德国,0070_马克思主义_欧洲传播_德国.md,7.35,马克思恩格斯经典文本与哲学关系
马克思主义 世界传播 历史路径,0076_马克思主义_世界传播_历史路径.md,马克思主义 欧洲传播 英国,0071_马克思主义_欧洲传播_英国.md,7.35,马克思恩格斯经典文本与哲学关系
马克思主义 世界传播 历史路径,0076_马克思主义_世界传播_历史路径.md,马克思主义 欧洲传播 法国,0072_马克思主义_欧洲传播_法国.md,7.35,马克思恩格斯经典文本与哲学关系
日本 马克思主义 传入中国 中转国,0077_日本_马克思主义_传入中国_中转国.md,马克思主义 传入中国 中介路径,0082_马克思主义_传入中国_中介路径.md,34.06,马克思恩格斯经典文本与哲学关系
日本 马克思主义 传入中国 中转国,0077_日本_马克思主义_传入中国_中转国.md,马克思主义 传入中国 外部条件,0080_马克思主义_传入中国_外部条件.md,31.76,马克思恩格斯经典文本与哲学关系
日本 马克思主义 传入中国 中转国,0077_日本_马克思主义_传入中国_中转国.md,马克思主义 传入中国 国际条件,0081_马克思主义_传入中国_国际条件.md,31.76,马克思恩格斯经典文本与哲学关系
日本 马克思主义 传入中国 中转国,0077_日本_马克思主义_传入中国_中转国.md,俄国 苏联 马克思主义 传入中国,0854_俄国_苏联_马克思主义_传入中国.md,31.76,马克思恩格斯经典文本与哲学关系
日本 马克思主义 传入中国 中转国,0077_日本_马克思主义_传入中国_中转国.md,马克思主义哲学 传入中国 渠道,0060_马克思主义哲学_传入中国_渠道.md,29.72,马克思恩格斯经典文本与哲学关系
日本 中转 马克思主义哲学 中国,0078_日本_中转_马克思主义哲学_中国.md,日本 第一渠道 马克思主义哲学,0061_日本_第一渠道_马克思主义哲学.md,55.29,马克思恩格斯经典文本与哲学关系
日本 中转 马克思主义哲学 中国,0078_日本_中转_马克思主义哲学_中国.md,日本 马克思主义哲学 启蒙老师,0122_日本_马克思主义哲学_启蒙老师.md,55.29,马克思恩格斯经典文本与哲学关系
日本 中转 马克思主义哲学 中国,0078_日本_中转_马克思主义哲学_中国.md,马克思主义哲学 日本 欧洲 苏联 三个方向,0822_马克思主义哲学_日本_欧洲_苏联_三个方向.md,53.33,马克思恩格斯经典文本与哲学关系
日本 中转 马克思主义哲学 中国,0078_日本_中转_马克思主义哲学_中国.md,马克思主义哲学 中国哲学,1823_马克思主义哲学_中国哲学.md,50.38,马克思恩格斯经典文本与哲学关系
日本 中转 马克思主义哲学 中国,0078_日本_中转_马克思主义哲学_中国.md,李达 马克思主义哲学 中国化,0301_李达_马克思主义哲学_中国化.md,48.33,马克思恩格斯经典文本与哲学关系
日本译著 马克思主义 中国传播,0079_日本译著_马克思主义_中国传播.md,马克思主义 中国传播 前史,0084_马克思主义_中国传播_前史.md,34.29,马克思恩格斯经典文本与哲学关系
日本译著 马克思主义 中国传播,0079_日本译著_马克思主义_中国传播.md,十月革命 马克思主义 中国传播,0860_十月革命_马克思主义_中国传播.md,32.5,马克思恩格斯经典文本与哲学关系
日本译著 马克思主义 中国传播,0079_日本译著_马克思主义_中国传播.md,马克思主义哲学 中国传播 源头,0047_马克思主义哲学_中国传播_源头.md,30.29,马克思恩格斯经典文本与哲学关系
日本译著 马克思主义 中国传播,0079_日本译著_马克思主义_中国传播.md,马克思主义哲学 中国传播 百年历史,0083_马克思主义哲学_中国传播_百年历史.md,29.21,马克思恩格斯经典文本与哲学关系
日本译著 马克思主义 中国传播,0079_日本译著_马克思主义_中国传播.md,马克思主义哲学 中国传播 历史条件,0100_马克思主义哲学_中国传播_历史条件.md,29.21,马克思恩格斯经典文本与哲学关系
马克思主义 传入中国 外部条件,0080_马克思主义_传入中国_外部条件.md,马克思主义 传入中国 国际条件,0081_马克思主义_传入中国_国际条件.md,35.0,马克思恩格斯经典文本与哲学关系
马克思主义 传入中国 外部条件,0080_马克思主义_传入中国_外部条件.md,马克思主义 传入中国 中介路径,0082_马克思主义_传入中国_中介路径.md,32.5,马克思恩格斯经典文本与哲学关系
马克思主义 传入中国 外部条件,0080_马克思主义_传入中国_外部条件.md,俄国 苏联 马克思主义 传入中国,0854_俄国_苏联_马克思主义_传入中国.md,32.5,马克思恩格斯经典文本与哲学关系
马克思主义 传入中国 外部条件,0080_马克思主义_传入中国_外部条件.md,日本 马克思主义 传入中国 中转国,0077_日本_马克思主义_传入中国_中转国.md,31.76,马克思恩格斯经典文本与哲学关系
马克思主义 传入中国 外部条件,0080_马克思主义_传入中国_外部条件.md,马克思主义哲学 传入中国 渠道,0060_马克思主义哲学_传入中国_渠道.md,30.29,马克思恩格斯经典文本与哲学关系
马克思主义 传入中国 国际条件,0081_马克思主义_传入中国_国际条件.md,马克思主义 传入中国 外部条件,0080_马克思主义_传入中国_外部条件.md,35.0,马克思恩格斯经典文本与哲学关系
马克思主义 传入中国 国际条件,0081_马克思主义_传入中国_国际条件.md,马克思主义 传入中国 中介路径,0082_马克思主义_传入中国_中介路径.md,32.5,马克思恩格斯经典文本与哲学关系
马克思主义 传入中国 国际条件,0081_马克思主义_传入中国_国际条件.md,俄国 苏联 马克思主义 传入中国,0854_俄国_苏联_马克思主义_传入中国.md,32.5,马克思恩格斯经典文本与哲学关系
马克思主义 传入中国 国际条件,0081_马克思主义_传入中国_国际条件.md,日本 马克思主义 传入中国 中转国,0077_日本_马克思主义_传入中国_中转国.md,31.76,马克思恩格斯经典文本与哲学关系
马克思主义 传入中国 国际条件,0081_马克思主义_传入中国_国际条件.md,马克思主义哲学 传入中国 渠道,0060_马克思主义哲学_传入中国_渠道.md,30.29,马克思恩格斯经典文本与哲学关系
马克思主义 传入中国 中介路径,0082_马克思主义_传入中国_中介路径.md,日本 马克思主义 传入中国 中转国,0077_日本_马克思主义_传入中国_中转国.md,34.06,马克思恩格斯经典文本与哲学关系
马克思主义 传入中国 中介路径,0082_马克思主义_传入中国_中介路径.md,马克思主义 传入中国 外部条件,0080_马克思主义_传入中国_外部条件.md,32.5,马克思恩格斯经典文本与哲学关系
马克思主义 传入中国 中介路径,0082_马克思主义_传入中国_中介路径.md,马克思主义 传入中国 国际条件,0081_马克思主义_传入中国_国际条件.md,32.5,马克思恩格斯经典文本与哲学关系
马克思主义 传入中国 中介路径,0082_马克思主义_传入中国_中介路径.md,俄国 苏联 马克思主义 传入中国,0854_俄国_苏联_马克思主义_传入中国.md,32.5,马克思恩格斯经典文本与哲学关系
马克思主义 传入中国 中介路径,0082_马克思主义_传入中国_中介路径.md,马克思主义哲学 传入中国 渠道,0060_马克思主义哲学_传入中国_渠道.md,30.29,马克思恩格斯经典文本与哲学关系
马克思主义哲学 中国传播 百年历史,0083_马克思主义哲学_中国传播_百年历史.md,马克思主义哲学 中国传播 历史条件,0100_马克思主义哲学_中国传播_历史条件.md,71.18,马克思主义哲学在中国的传播路径
马克思主义哲学 中国传播 百年历史,0083_马克思主义哲学_中国传播_百年历史.md,马克思主义哲学 中国传播 源头,0047_马克思主义哲学_中国传播_源头.md,70.62,马克思主义哲学在中国的传播路径
马克思主义哲学 中国传播 百年历史,0083_马克思主义哲学_中国传播_百年历史.md,教科书体系 马克思主义哲学 中国传播,0098_教科书体系_马克思主义哲学_中国传播.md,68.16,马克思主义哲学在中国的传播路径
马克思主义哲学 中国传播 百年历史,0083_马克思主义哲学_中国传播_百年历史.md,马克思主义哲学 中国哲学,1823_马克思主义哲学_中国哲学.md,48.33,马克思主义哲学在中国的传播路径
马克思主义哲学 中国传播 百年历史,0083_马克思主义哲学_中国传播_百年历史.md,马克思主义哲学 在中国 百年历程,1016_马克思主义哲学_在中国_百年历程.md,47.5,马克思主义哲学在中国的传播路径
马克思主义 中国传播 前史,0084_马克思主义_中国传播_前史.md,日本译著 马克思主义 中国传播,0079_日本译著_马克思主义_中国传播.md,34.29,马克思恩格斯经典文本与哲学关系
马克思主义 中国传播 前史,0084_马克思主义_中国传播_前史.md,十月革命 马克思主义 中国传播,0860_十月革命_马克思主义_中国传播.md,34.29,马克思恩格斯经典文本与哲学关系
马克思主义 中国传播 前史,0084_马克思主义_中国传播_前史.md,马克思主义哲学 中国传播 源头,0047_马克思主义哲学_中国传播_源头.md,31.67,马克思恩格斯经典文本与哲学关系
马克思主义 中国传播 前史,0084_马克思主义_中国传播_前史.md,马克思主义哲学 中国传播 百年历史,0083_马克思主义哲学_中国传播_百年历史.md,30.29,马克思恩格斯经典文本与哲学关系
马克思主义 中国传播 前史,0084_马克思主义_中国传播_前史.md,马克思主义哲学 中国传播 历史条件,0100_马克思主义哲学_中国传播_历史条件.md,30.29,马克思恩格斯经典文本与哲学关系
马克思 汉语译名 万国公报,0085_马克思_汉语译名_万国公报.md,李提摩太 万国公报 马克思,0109_李提摩太_万国公报_马克思.md,43.33,马克思恩格斯经典文本与哲学关系
马克思 汉语译名 万国公报,0085_马克思_汉语译名_万国公报.md,李提摩太 万国公报 马克思 恩格斯,0086_李提摩太_万国公报_马克思_恩格斯.md,41.94,马克思恩格斯经典文本与哲学关系
马克思 汉语译名 万国公报,0085_马克思_汉语译名_万国公报.md,马克思 列宁,1843_马克思_列宁.md,19.17,马克思恩格斯经典文本与哲学关系
马克思 汉语译名 万国公报,0085_马克思_汉语译名_万国公报.md,中国文化 马克思,1736_中国文化_马克思.md,18.57,马克思恩格斯经典文本与哲学关系
马克思 汉语译名 万国公报,0085_马克思_汉语译名_万国公报.md,资产阶级 马克思,1757_资产阶级_马克思.md,18.57,马克思恩格斯经典文本与哲学关系
李提摩太 万国公报 马克思 恩格斯,0086_李提摩太_万国公报_马克思_恩格斯.md,李提摩太 万国公报 马克思,0109_李提摩太_万国公报_马克思.md,74.23,马克思恩格斯经典文本与哲学关系
李提摩太 万国公报 马克思 恩格斯,0086_李提摩太_万国公报_马克思_恩格斯.md,马克思 汉语译名 万国公报,0085_马克思_汉语译名_万国公报.md,41.94,马克思恩格斯经典文本与哲学关系
李提摩太 万国公报 马克思 恩格斯,0086_李提摩太_万国公报_马克思_恩格斯.md,马克思 恩格斯 新世界观,0025_马克思_恩格斯_新世界观.md,37.35,马克思恩格斯经典文本与哲学关系
李提摩太 万国公报 马克思 恩格斯,0086_李提摩太_万国公报_马克思_恩格斯.md,马克思 恩格斯 哲学关系 争论,0013_马克思_恩格斯_哲学关系_争论.md,36.58,马克思恩格斯经典文本与哲学关系
李提摩太 万国公报 马克思 恩格斯,0086_李提摩太_万国公报_马克思_恩格斯.md,恩格斯 马克思主义哲学 系统阐发,1094_恩格斯_马克思主义哲学_系统阐发.md,19.55,马克思恩格斯经典文本与哲学关系
译书汇编 第一国际 马克思,0087_译书汇编_第一国际_马克思.md,马克思 列宁,1843_马克思_列宁.md,19.17,马克思恩格斯经典文本与哲学关系
译书汇编 第一国际 马克思,0087_译书汇编_第一国际_马克思.md,中国文化 马克思,1736_中国文化_马克思.md,18.57,马克思恩格斯经典文本与哲学关系
译书汇编 第一国际 马克思,0087_译书汇编_第一国际_马克思.md,资产阶级 马克思,1757_资产阶级_马克思.md,18.57,马克思恩格斯经典文本与哲学关系
译书汇编 第一国际 马克思,0087_译书汇编_第一国际_马克思.md,无产阶级 马克思,1781_无产阶级_马克思.md,18.57,马克思恩格斯经典文本与哲学关系
译书汇编 第一国际 马克思,0087_译书汇编_第一国际_马克思.md,意识形态 马克思,1790_意识形态_马克思.md,18.57,马克思恩格斯经典文本与哲学关系
社会主义神髓 马克思 中国,0088_社会主义神髓_马克思_中国.md,社会主义 神髓 马克思,1421_社会主义_神髓_马克思.md,35.0,马克思恩格斯经典文本与哲学关系
社会主义神髓 马克思 中国,0088_社会主义神髓_马克思_中国.md,梁启超 中国之社会主义 马克思,0131_梁启超_中国之社会主义_马克思.md,24.38,马克思恩格斯经典文本与哲学关系
社会主义神髓 马克思 中国,0088_社会主义神髓_马克思_中国.md,梁启超 马克思 社会主义,0223_梁启超_马克思_社会主义.md,23.93,马克思恩格斯经典文本与哲学关系
社会主义神髓 马克思 中国,0088_社会主义神髓_马克思_中国.md,大同学 马克思 社会主义,1188_大同学_马克思_社会主义.md,23.93,马克思恩格斯经典文本与哲学关系
社会主义神髓 马克思 中国,0088_社会主义神髓_马克思_中国.md,近世社会主义 马克思 学说,1189_近世社会主义_马克思_学说.md,23.33,马克思恩格斯经典文本与哲学关系
马君武 社会主义 进化论 马克思,0089_马君武_社会主义_进化论_马克思.md,马君武 社会主义 进化论,0110_马君武_社会主义_进化论.md,68.75,马克思恩格斯经典文本与哲学关系
马君武 社会主义 进化论 马克思,0089_马君武_社会主义_进化论_马克思.md,社会主义 神髓 马克思,1421_社会主义_神髓_马克思.md,43.33,马克思恩格斯经典文本与哲学关系
马君武 社会主义 进化论 马克思,0089_马君武_社会主义_进化论_马克思.md,梁启超 马克思 社会主义,0223_梁启超_马克思_社会主义.md,42.81,马克思恩格斯经典文本与哲学关系
马君武 社会主义 进化论 马克思,0089_马君武_社会主义_进化论_马克思.md,大同学 马克思 社会主义,1188_大同学_马克思_社会主义.md,42.81,马克思恩格斯经典文本与哲学关系
马君武 社会主义 进化论 马克思,0089_马君武_社会主义_进化论_马克思.md,梁启超 马克思 社会主义 介绍,0130_梁启超_马克思_社会主义_介绍.md,41.94,马克思恩格斯经典文本与哲学关系
朱执信 德意志社会革命家 马克思,0090_朱执信_德意志社会革命家_马克思.md,社会主义 神髓 马克思,1421_社会主义_神髓_马克思.md,19.17,马克思恩格斯经典文本与哲学关系
朱执信 德意志社会革命家 马克思,0090_朱执信_德意志社会革命家_马克思.md,梁启超 马克思 社会主义,0223_梁启超_马克思_社会主义.md,18.95,马克思恩格斯经典文本与哲学关系
朱执信 德意志社会革命家 马克思,0090_朱执信_德意志社会革命家_马克思.md,大同学 马克思 社会主义,1188_大同学_马克思_社会主义.md,18.95,马克思恩格斯经典文本与哲学关系
朱执信 德意志社会革命家 马克思,0090_朱执信_德意志社会革命家_马克思.md,社会主义神髓 马克思 中国,0088_社会主义神髓_马克思_中国.md,18.75,马克思恩格斯经典文本与哲学关系
朱执信 德意志社会革命家 马克思,0090_朱执信_德意志社会革命家_马克思.md,近世社会主义 马克思 学说,1189_近世社会主义_马克思_学说.md,18.75,马克思恩格斯经典文本与哲学关系
改良派 民主革命派 马克思主义传播,0091_改良派_民主革命派_马克思主义传播.md,十月革命 胜利 马克思主义传播,0911_十月革命_胜利_马克思主义传播.md,44.21,五四新文化与马克思主义早期传播
改良派 民主革命派 马克思主义传播,0091_改良派_民主革命派_马克思主义传播.md,李达 马克思主义传播 活动,0283_李达_马克思主义传播_活动.md,43.33,五四新文化与马克思主义早期传播
改良派 民主革命派 马克思主义传播,0091_改良派_民主革命派_马克思主义传播.md,十月革命 五四运动 马克思主义传播,0910_十月革命_五四运动_马克思主义传播.md,43.33,五四新文化与马克思主义早期传播
改良派 民主革命派 马克思主义传播,0091_改良派_民主革命派_马克思主义传播.md,辛亥革命后 国民党人 马克思主义传播,0092_辛亥革命后_国民党人_马克思主义传播.md,42.95,五四新文化与马克思主义早期传播
改良派 民主革命派 马克思主义传播,0091_改良派_民主革命派_马克思主义传播.md,李大钊 马克思主义传播 活动,0278_李大钊_马克思主义传播_活动.md,42.89,五四新文化与马克思主义早期传播
辛亥革命后 国民党人 马克思主义传播,0092_辛亥革命后_国民党人_马克思主义传播.md,十月革命 胜利 马克思主义传播,0911_十月革命_胜利_马克思主义传播.md,43.75,五四新文化与马克思主义早期传播
辛亥革命后 国民党人 马克思主义传播,0092_辛亥革命后_国民党人_马克思主义传播.md,改良派 民主革命派 马克思主义传播,0091_改良派_民主革命派_马克思主义传播.md,42.95,五四新文化与马克思主义早期传播
辛亥革命后 国民党人 马克思主义传播,0092_辛亥革命后_国民党人_马克思主义传播.md,十月革命 五四运动 马克思主义传播,0910_十月革命_五四运动_马克思主义传播.md,42.95,五四新文化与马克思主义早期传播
辛亥革命后 国民党人 马克思主义传播,0092_辛亥革命后_国民党人_马克思主义传播.md,李达 马克思主义传播 活动,0283_李达_马克思主义传播_活动.md,42.89,五四新文化与马克思主义早期传播
辛亥革命后 国民党人 马克思主义传播,0092_辛亥革命后_国民党人_马克思主义传播.md,李大钊 马克思主义传播 活动,0278_李大钊_马克思主义传播_活动.md,42.5,五四新文化与马克思主义早期传播
马克思主义 初期传播 特点,0093_马克思主义_初期传播_特点.md,马克思主义 学说 初期传播 特点,0095_马克思主义_学说_初期传播_特点.md,47.31,马克思恩格斯经典文本与哲学关系
马克思主义 初期传播 特点,0093_马克思主义_初期传播_特点.md,马克思主义哲学 教科书传播 特点,0097_马克思主义哲学_教科书传播_特点.md,20.94,马克思恩格斯经典文本与哲学关系
马克思主义 初期传播 特点,0093_马克思主义_初期传播_特点.md,五四时期 传播马克思主义哲学 特点,0225_五四时期_传播马克思主义哲学_特点.md,20.29,马克思恩格斯经典文本与哲学关系
马克思主义 初期传播 特点,0093_马克思主义_初期传播_特点.md,早期共产主义者 传播马克思主义 特点,0290_早期共产主义者_传播马克思主义_特点.md,18.33,马克思恩格斯经典文本与哲学关系
马克思主义 初期传播 特点,0093_马克思主义_初期传播_特点.md,新中国成立后 马克思主义哲学发展 特点,0661_新中国成立后_马克思主义哲学发展_特点.md,15.95,马克思恩格斯经典文本与哲学关系
马克思主义 前史 非马克思主义者 传播,0094_马克思主义_前史_非马克思主义者_传播.md,马克思主义 中国传播 前史,0084_马克思主义_中国传播_前史.md,20.0,马克思恩格斯经典文本与哲学关系
马克思主义 前史 非马克思主义者 传播,0094_马克思主义_前史_非马克思主义者_传播.md,早期共产主义者 传播马克思主义 特点,0290_早期共产主义者_传播马克思主义_特点.md,9.72,马克思恩格斯经典文本与哲学关系
马克思主义 前史 非马克思主义者 传播,0094_马克思主义_前史_非马克思主义者_传播.md,上海 马克思主义者,1740_上海_马克思主义者.md,9.62,马克思恩格斯经典文本与哲学关系
马克思主义 前史 非马克思主义者 传播,0094_马克思主义_前史_非马克思主义者_传播.md,新理学 马克思主义者,1708_新理学_马克思主义者.md,8.93,马克思恩格斯经典文本与哲学关系
马克思主义 前史 非马克思主义者 传播,0094_马克思主义_前史_非马克思主义者_传播.md,中国马克思主义 马克思主义者,1788_中国马克思主义_马克思主义者.md,8.93,马克思恩格斯经典文本与哲学关系
马克思主义 学说 初期传播 特点,0095_马克思主义_学说_初期传播_特点.md,马克思主义 初期传播 特点,0093_马克思主义_初期传播_特点.md,47.31,马克思恩格斯经典文本与哲学关系
马克思主义 学说 初期传播 特点,0095_马克思主义_学说_初期传播_特点.md,马克思主义哲学 教科书传播 特点,0097_马克思主义哲学_教科书传播_特点.md,19.72,马克思恩格斯经典文本与哲学关系
马克思主义 学说 初期传播 特点,0095_马克思主义_学说_初期传播_特点.md,五四时期 传播马克思主义哲学 特点,0225_五四时期_传播马克思主义哲学_特点.md,19.21,马克思恩格斯经典文本与哲学关系
马克思主义 学说 初期传播 特点,0095_马克思主义_学说_初期传播_特点.md,早期共产主义者 传播马克思主义 特点,0290_早期共产主义者_传播马克思主义_特点.md,17.5,马克思恩格斯经典文本与哲学关系
马克思主义 学说 初期传播 特点,0095_马克思主义_学说_初期传播_特点.md,新中国成立后 马克思主义哲学发展 特点,0661_新中国成立后_马克思主义哲学发展_特点.md,15.43,马克思恩格斯经典文本与哲学关系
马克思主义哲学 教科书形式 传播,0096_马克思主义哲学_教科书形式_传播.md,马克思主义哲学 教科书传播 特点,0097_马克思主义哲学_教科书传播_特点.md,50.62,马克思主义哲学教科书体系
马克思主义哲学 教科书形式 传播,0096_马克思主义哲学_教科书形式_传播.md,教科书形态 马克思主义哲学,0925_教科书形态_马克思主义哲学.md,50.0,马克思主义哲学教科书体系
马克思主义哲学 教科书形式 传播,0096_马克思主义哲学_教科书形式_传播.md,马克思主义哲学 教科书 启示,1815_马克思主义哲学_教科书_启示.md,50.0,马克思主义哲学教科书体系
马克思主义哲学 教科书形式 传播,0096_马克思主义哲学_教科书形式_传播.md,马克思主义哲学 教科书 中国化,0928_马克思主义哲学_教科书_中国化.md,49.06,马克思主义哲学教科书体系
马克思主义哲学 教科书形式 传播,0096_马克思主义哲学_教科书形式_传播.md,苏联 教科书形态 马克思主义哲学,0824_苏联_教科书形态_马克思主义哲学.md,48.24,马克思主义哲学教科书体系
马克思主义哲学 教科书传播 特点,0097_马克思主义哲学_教科书传播_特点.md,马克思主义哲学 教科书形式 传播,0096_马克思主义哲学_教科书形式_传播.md,50.62,马克思主义哲学教科书体系
马克思主义哲学 教科书传播 特点,0097_马克思主义哲学_教科书传播_特点.md,马克思主义哲学 教科书 启示,1815_马克思主义哲学_教科书_启示.md,50.0,马克思主义哲学教科书体系
马克思主义哲学 教科书传播 特点,0097_马克思主义哲学_教科书传播_特点.md,马克思主义哲学 教科书 中国化,0928_马克思主义哲学_教科书_中国化.md,49.06,马克思主义哲学教科书体系
马克思主义哲学 教科书传播 特点,0097_马克思主义哲学_教科书传播_特点.md,马克思主义哲学 传播特点 经验教训,0056_马克思主义哲学_传播特点_经验教训.md,47.5,马克思主义哲学教科书体系
马克思主义哲学 教科书传播 特点,0097_马克思主义哲学_教科书传播_特点.md,教科书形态 马克思主义哲学,0925_教科书形态_马克思主义哲学.md,47.5,马克思主义哲学教科书体系
教科书体系 马克思主义哲学 中国传播,0098_教科书体系_马克思主义哲学_中国传播.md,马克思主义哲学 中国传播 源头,0047_马克思主义哲学_中国传播_源头.md,69.71,马克思主义哲学教科书体系
教科书体系 马克思主义哲学 中国传播,0098_教科书体系_马克思主义哲学_中国传播.md,马克思主义哲学 中国传播 百年历史,0083_马克思主义哲学_中国传播_百年历史.md,68.16,马克思主义哲学教科书体系
教科书体系 马克思主义哲学 中国传播,0098_教科书体系_马克思主义哲学_中国传播.md,马克思主义哲学 中国传播 历史条件,0100_马克思主义哲学_中国传播_历史条件.md,68.16,马克思主义哲学教科书体系
教科书体系 马克思主义哲学 中国传播,0098_教科书体系_马克思主义哲学_中国传播.md,马克思主义哲学 教科书 中国化,0928_马克思主义哲学_教科书_中国化.md,47.5,马克思主义哲学教科书体系
教科书体系 马克思主义哲学 中国传播,0098_教科书体系_马克思主义哲学_中国传播.md,马克思主义哲学 中国哲学,1823_马克思主义哲学_中国哲学.md,47.5,马克思主义哲学教科书体系
社会主义社会矛盾 理论 传播,0099_社会主义社会矛盾_理论_传播.md,社会主义社会 基本矛盾 理论,1351_社会主义社会_基本矛盾_理论.md,13.46,社会主义社会矛盾理论
社会主义社会矛盾 理论 传播,0099_社会主义社会矛盾_理论_传播.md,社会主义社会矛盾学说 创立,0984_社会主义社会矛盾学说_创立.md,10.71,社会主义社会矛盾理论
社会主义社会矛盾 理论 传播,0099_社会主义社会矛盾_理论_传播.md,社会主义社会矛盾理论 正确处理人民内部矛盾,0678_社会主义社会矛盾理论_正确处理人民内部矛盾.md,10.53,社会主义社会矛盾理论
社会主义社会矛盾 理论 传播,0099_社会主义社会矛盾_理论_传播.md,社会主义社会 两类矛盾 学说,1353_社会主义社会_两类矛盾_学说.md,8.33,社会主义社会矛盾理论
社会主义社会矛盾 理论 传播,0099_社会主义社会矛盾_理论_传播.md,社会主义社会 前进动力 矛盾,1355_社会主义社会_前进动力_矛盾.md,8.33,社会主义社会矛盾理论
马克思主义哲学 中国传播 历史条件,0100_马克思主义哲学_中国传播_历史条件.md,马克思主义哲学 中国传播 百年历史,0083_马克思主义哲学_中国传播_百年历史.md,71.18,马克思主义哲学在中国的传播路径
马克思主义哲学 中国传播 历史条件,0100_马克思主义哲学_中国传播_历史条件.md,马克思主义哲学 中国传播 源头,0047_马克思主义哲学_中国传播_源头.md,70.62,马克思主义哲学在中国的传播路径
马克思主义哲学 中国传播 历史条件,0100_马克思主义哲学_中国传播_历史条件.md,教科书体系 马克思主义哲学 中国传播,0098_教科书体系_马克思主义哲学_中国传播.md,68.16,马克思主义哲学在中国的传播路径
马克思主义哲学 中国传播 历史条件,0100_马克思主义哲学_中国传播_历史条件.md,马克思主义哲学 中国哲学,1823_马克思主义哲学_中国哲学.md,48.33,马克思主义哲学在中国的传播路径
马克思主义哲学 中国传播 历史条件,0100_马克思主义哲学_中国传播_历史条件.md,马克思主义哲学 中国传统哲学 结合,1417_马克思主义哲学_中国传统哲学_结合.md,47.5,马克思主义哲学在中国的传播路径
中国近现代 社会矛盾 马克思主义哲学传播,0101_中国近现代_社会矛盾_马克思主义哲学传播.md,新中国初期 马克思主义哲学传播 新形式,0649_新中国初期_马克思主义哲学传播_新形式.md,49.38,马克思主义哲学在中国的传播路径
中国近现代 社会矛盾 马克思主义哲学传播,0101_中国近现代_社会矛盾_马克思主义哲学传播.md,西学东渐 马克思主义哲学传播 环境,0058_西学东渐_马克思主义哲学传播_环境.md,48.7,马克思主义哲学在中国的传播路径
中国近现代 社会矛盾 马克思主义哲学传播,0101_中国近现代_社会矛盾_马克思主义哲学传播.md,中国近代哲学 社会矛盾 政治思想斗争,1499_中国近代哲学_社会矛盾_政治思想斗争.md,25.77,马克思主义哲学在中国的传播路径
中国近现代 社会矛盾 马克思主义哲学传播,0101_中国近现代_社会矛盾_马克思主义哲学传播.md,半殖民地半封建 社会矛盾 哲学,1500_半殖民地半封建_社会矛盾_哲学.md,24.0,马克思主义哲学在中国的传播路径
中国近现代 社会矛盾 马克思主义哲学传播,0101_中国近现代_社会矛盾_马克思主义哲学传播.md,马克思主义哲学 传播 苏联,0785_马克思主义哲学_传播_苏联.md,10.53,马克思主义哲学在中国的传播路径
中国共产党人 传播马克思主义 活动,0102_中国共产党人_传播马克思主义_活动.md,传播马克思主义 社团 五四,0145_传播马克思主义_社团_五四.md,43.33,马克思恩格斯经典文本与哲学关系
中国共产党人 传播马克思主义 活动,0102_中国共产党人_传播马克思主义_活动.md,早期共产主义者 传播马克思主义 特点,0290_早期共产主义者_传播马克思主义_特点.md,43.33,马克思恩格斯经典文本与哲学关系
中国共产党人 传播马克思主义 活动,0102_中国共产党人_传播马克思主义_活动.md,创办学校 传播马克思主义 培养人才,0103_创办学校_传播马克思主义_培养人才.md,41.82,马克思恩格斯经典文本与哲学关系
中国共产党人 传播马克思主义 活动,0102_中国共产党人_传播马克思主义_活动.md,中国共产党人 马克思主义者 身份 文化问题,1245_中国共产党人_马克思主义者_身份_文化问题.md,40.23,马克思恩格斯经典文本与哲学关系
中国共产党人 传播马克思主义 活动,0102_中国共产党人_传播马克思主义_活动.md,中国共产党人 新民主主义 确立,1803_中国共产党人_新民主主义_确立.md,37.5,马克思恩格斯经典文本与哲学关系
创办学校 传播马克思主义 培养人才,0103_创办学校_传播马克思主义_培养人才.md,传播马克思主义 社团 五四,0145_传播马克思主义_社团_五四.md,43.33,马克思恩格斯经典文本与哲学关系
创办学校 传播马克思主义 培养人才,0103_创办学校_传播马克思主义_培养人才.md,中国共产党人 传播马克思主义 活动,0102_中国共产党人_传播马克思主义_活动.md,41.82,马克思恩格斯经典文本与哲学关系
创办学校 传播马克思主义 培养人才,0103_创办学校_传播马克思主义_培养人才.md,早期共产主义者 传播马克思主义 特点,0290_早期共产主义者_传播马克思主义_特点.md,41.82,马克思恩格斯经典文本与哲学关系
创办学校 传播马克思主义 培养人才,0103_创办学校_传播马克思主义_培养人才.md,传播马克思主义哲学 运动 兴起,0113_传播马克思主义哲学_运动_兴起.md,7.5,马克思恩格斯经典文本与哲学关系
创办学校 传播马克思主义 培养人才,0103_创办学校_传播马克思主义_培养人才.md,五四时期 传播马克思主义哲学 特点,0225_五四时期_传播马克思主义哲学_特点.md,6.82,马克思恩格斯经典文本与哲学关系
马克思主义哲学 经典著作 翻译出版,0104_马克思主义哲学_经典著作_翻译出版.md,马克思主义哲学 中国哲学,1823_马克思主义哲学_中国哲学.md,43.82,马克思恩格斯经典文本与哲学关系
马克思主义哲学 经典著作 翻译出版,0104_马克思主义哲学_经典著作_翻译出版.md,国统区 翻译介绍 马克思主义哲学,0067_国统区_翻译介绍_马克思主义哲学.md,43.75,马克思恩格斯经典文本与哲学关系
马克思主义哲学 经典著作 翻译出版,0104_马克思主义哲学_经典著作_翻译出版.md,李达 马克思主义哲学 研究,0267_李达_马克思主义哲学_研究.md,43.33,马克思恩格斯经典文本与哲学关系
马克思主义哲学 经典著作 翻译出版,0104_马克思主义哲学_经典著作_翻译出版.md,李达 马克思主义哲学 泰斗,0355_李达_马克思主义哲学_泰斗.md,43.33,马克思恩格斯经典文本与哲学关系
马克思主义哲学 经典著作 翻译出版,0104_马克思主义哲学_经典著作_翻译出版.md,马克思主义哲学 传播 苏联,0785_马克思主义哲学_传播_苏联.md,43.33,马克思恩格斯经典文本与哲学关系
国外马克思主义哲学 著作 翻译介绍,0105_国外马克思主义哲学_著作_翻译介绍.md,国统区 翻译介绍 马克思主义哲学,0067_国统区_翻译介绍_马克思主义哲学.md,32.5,西方马克思主义与国外马克思主义哲学
国外马克思主义哲学 著作 翻译介绍,0105_国外马克思主义哲学_著作_翻译介绍.md,马克思主义哲学 经典著作 翻译出版,0104_马克思主义哲学_经典著作_翻译出版.md,11.84,西方马克思主义与国外马克思主义哲学
国外马克思主义哲学 著作 翻译介绍,0105_国外马克思主义哲学_著作_翻译介绍.md,马克思主义哲学 中国哲学,1823_马克思主义哲学_中国哲学.md,8.82,西方马克思主义与国外马克思主义哲学
国外马克思主义哲学 著作 翻译介绍,0105_国外马克思主义哲学_著作_翻译介绍.md,五四时期 马克思主义著作 翻译 出版,0144_五四时期_马克思主义著作_翻译_出版.md,8.33,西方马克思主义与国外马克思主义哲学
国外马克思主义哲学 著作 翻译介绍,0105_国外马克思主义哲学_著作_翻译介绍.md,李达 马克思主义哲学 研究,0267_李达_马克思主义哲学_研究.md,8.33,西方马克思主义与国外马克思主义哲学
马克思主义 广泛传播 三十年代,0106_马克思主义_广泛传播_三十年代.md,马克思主义 广泛传播 国际国内条件,0111_马克思主义_广泛传播_国际国内条件.md,31.11,30年代苏联哲学批判运动
马克思主义 广泛传播 三十年代,0106_马克思主义_广泛传播_三十年代.md,三十年代 理论战线 三次论战,1425_三十年代_理论战线_三次论战.md,23.95,30年代苏联哲学批判运动
马克思主义 广泛传播 三十年代,0106_马克思主义_广泛传播_三十年代.md,三十年代 上海 左翼文化工作,1483_三十年代_上海_左翼文化工作.md,23.75,30年代苏联哲学批判运动
马克思主义 广泛传播 三十年代,0106_马克思主义_广泛传播_三十年代.md,三十年代 哲学思想理论战线 论争,1302_三十年代_哲学思想理论战线_论争.md,23.41,30年代苏联哲学批判运动
马克思主义 广泛传播 三十年代,0106_马克思主义_广泛传播_三十年代.md,马克思主义 欧洲传播 德国,0070_马克思主义_欧洲传播_德国.md,7.35,30年代苏联哲学批判运动
欧洲文化 破产 科学责任,0107_欧洲文化_破产_科学责任.md,物质文明 破产 人生观,0197_物质文明_破产_人生观.md,11.56,自然科学哲学与科学方法
欧洲文化 破产 科学责任,0107_欧洲文化_破产_科学责任.md,西方资本主义 方案 破产,1111_西方资本主义_方案_破产.md,11.47,自然科学哲学与科学方法
马克思主义哲学 传播 普及 运用 中国化,0108_马克思主义哲学_传播_普及_运用_中国化.md,李达 马克思主义哲学 中国化,0301_李达_马克思主义哲学_中国化.md,61.11,马克思主义哲学在中国的传播路径
马克思主义哲学 传播 普及 运用 中国化,0108_马克思主义哲学_传播_普及_运用_中国化.md,马克思主义哲学 中国化 历程,1413_马克思主义哲学_中国化_历程.md,61.11,马克思主义哲学在中国的传播路径
马克思主义哲学 传播 普及 运用 中国化,0108_马克思主义哲学_传播_普及_运用_中国化.md,马克思主义哲学 中国化 定义,1414_马克思主义哲学_中国化_定义.md,61.11,马克思主义哲学在中国的传播路径
马克思主义哲学 传播 普及 运用 中国化,0108_马克思主义哲学_传播_普及_运用_中国化.md,毛泽东 马克思主义哲学 中国化,0615_毛泽东_马克思主义哲学_中国化.md,60.53,马克思主义哲学在中国的传播路径
马克思主义哲学 传播 普及 运用 中国化,0108_马克思主义哲学_传播_普及_运用_中国化.md,马克思主义哲学 教科书 中国化,0928_马克思主义哲学_教科书_中国化.md,60.53,马克思主义哲学在中国的传播路径
李提摩太 万国公报 马克思,0109_李提摩太_万国公报_马克思.md,李提摩太 万国公报 马克思 恩格斯,0086_李提摩太_万国公报_马克思_恩格斯.md,74.23,马克思恩格斯经典文本与哲学关系
李提摩太 万国公报 马克思,0109_李提摩太_万国公报_马克思.md,马克思 汉语译名 万国公报,0085_马克思_汉语译名_万国公报.md,43.33,马克思恩格斯经典文本与哲学关系
李提摩太 万国公报 马克思,0109_李提摩太_万国公报_马克思.md,民报 马克思 共产党宣言,1190_民报_马克思_共产党宣言.md,19.69,马克思恩格斯经典文本与哲学关系
李提摩太 万国公报 马克思,0109_李提摩太_万国公报_马克思.md,马克思 列宁,1843_马克思_列宁.md,19.17,马克思恩格斯经典文本与哲学关系
李提摩太 万国公报 马克思,0109_李提摩太_万国公报_马克思.md,中国文化 马克思,1736_中国文化_马克思.md,18.57,马克思恩格斯经典文本与哲学关系
马君武 社会主义 进化论,0110_马君武_社会主义_进化论.md,马君武 社会主义 进化论 马克思,0089_马君武_社会主义_进化论_马克思.md,68.75,早期马克思主义传播主体与传播载体
马君武 社会主义 进化论,0110_马君武_社会主义_进化论.md,俄国 社会主义,1758_俄国_社会主义.md,26.82,早期马克思主义传播主体与传播载体
马君武 社会主义 进化论,0110_马君武_社会主义_进化论.md,德国 社会主义,1772_德国_社会主义.md,26.82,早期马克思主义传播主体与传播载体
马君武 社会主义 进化论,0110_马君武_社会主义_进化论.md,法国 社会主义,1817_法国_社会主义.md,26.82,早期马克思主义传播主体与传播载体
马君武 社会主义 进化论,0110_马君武_社会主义_进化论.md,社会主义 列宁,1840_社会主义_列宁.md,26.82,早期马克思主义传播主体与传播载体
马克思主义 广泛传播 国际国内条件,0111_马克思主义_广泛传播_国际国内条件.md,马克思主义 广泛传播 三十年代,0106_马克思主义_广泛传播_三十年代.md,31.11,马克思恩格斯经典文本与哲学关系
马克思主义 广泛传播 国际国内条件,0111_马克思主义_广泛传播_国际国内条件.md,马克思主义 传入中国 国际条件,0081_马克思主义_传入中国_国际条件.md,7.5,马克思恩格斯经典文本与哲学关系
马克思主义 广泛传播 国际国内条件,0111_马克思主义_广泛传播_国际国内条件.md,共产国际 中国 马克思主义传播 指导,0069_共产国际_中国_马克思主义传播_指导.md,6.82,马克思恩格斯经典文本与哲学关系
马克思主义 广泛传播 国际国内条件,0111_马克思主义_广泛传播_国际国内条件.md,马克思主义哲学 中国传播 历史条件,0100_马克思主义哲学_中国传播_历史条件.md,6.82,马克思恩格斯经典文本与哲学关系
马克思主义 广泛传播 国际国内条件,0111_马克思主义_广泛传播_国际国内条件.md,马克思主义 欧洲传播 德国,0070_马克思主义_欧洲传播_德国.md,6.58,马克思恩格斯经典文本与哲学关系
中西文化 汇合 马克思主义传播,0112_中西文化_汇合_马克思主义传播.md,李达 马克思主义传播 活动,0283_李达_马克思主义传播_活动.md,44.38,五四新文化与马克思主义早期传播
中西文化 汇合 马克思主义传播,0112_中西文化_汇合_马克思主义传播.md,李大钊 马克思主义传播 活动,0278_李大钊_马克思主义传播_活动.md,43.82,五四新文化与马克思主义早期传播
中西文化 汇合 马克思主义传播,0112_中西文化_汇合_马克思主义传播.md,陈独秀 马克思主义传播 活动,0281_陈独秀_马克思主义传播_活动.md,43.82,五四新文化与马克思主义早期传播
中西文化 汇合 马克思主义传播,0112_中西文化_汇合_马克思主义传播.md,李汉俊 马克思主义传播 活动,0285_李汉俊_马克思主义传播_活动.md,43.82,五四新文化与马克思主义早期传播
中西文化 汇合 马克思主义传播,0112_中西文化_汇合_马克思主义传播.md,杨匏安 马克思主义传播 活动,0286_杨匏安_马克思主义传播_活动.md,43.82,五四新文化与马克思主义早期传播
传播马克思主义哲学 运动 兴起,0113_传播马克思主义哲学_运动_兴起.md,五四时期 传播马克思主义哲学 特点,0225_五四时期_传播马克思主义哲学_特点.md,51.11,马克思主义哲学在中国的传播路径
传播马克思主义哲学 运动 兴起,0113_传播马克思主义哲学_运动_兴起.md,启蒙运动 资本主义 兴起,0154_启蒙运动_资本主义_兴起.md,14.17,马克思主义哲学在中国的传播路径
传播马克思主义哲学 运动 兴起,0113_传播马克思主义哲学_运动_兴起.md,五四运动 社会主义新价值观 兴起,0134_五四运动_社会主义新价值观_兴起.md,13.41,马克思主义哲学在中国的传播路径
传播马克思主义哲学 运动 兴起,0113_传播马克思主义哲学_运动_兴起.md,马克思主义哲学 传播 苏联,0785_马克思主义哲学_传播_苏联.md,11.67,马克思主义哲学在中国的传播路径
传播马克思主义哲学 运动 兴起,0113_传播马克思主义哲学_运动_兴起.md,儒学 衰落 西学 兴起,0684_儒学_衰落_西学_兴起.md,11.39,马克思主义哲学在中国的传播路径
周恩来 唯物史观 传播 应用,0114_周恩来_唯物史观_传播_应用.md,李达 唯物史观 传播 应用,0332_李达_唯物史观_传播_应用.md,44.58,唯物史观在中国的传播与应用
周恩来 唯物史观 传播 应用,0114_周恩来_唯物史观_传播_应用.md,恽代英 唯物史观 传播 应用,0115_恽代英_唯物史观_传播_应用.md,43.46,唯物史观在中国的传播与应用
周恩来 唯物史观 传播 应用,0114_周恩来_唯物史观_传播_应用.md,李大钊 唯物史观 传播 应用,0330_李大钊_唯物史观_传播_应用.md,43.46,唯物史观在中国的传播与应用
周恩来 唯物史观 传播 应用,0114_周恩来_唯物史观_传播_应用.md,陈独秀 唯物史观 传播 应用,0331_陈独秀_唯物史观_传播_应用.md,43.46,唯物史观在中国的传播与应用
周恩来 唯物史观 传播 应用,0114_周恩来_唯物史观_传播_应用.md,蔡和森 唯物史观 传播 应用,0333_蔡和森_唯物史观_传播_应用.md,43.46,唯物史观在中国的传播与应用
恽代英 唯物史观 传播 应用,0115_恽代英_唯物史观_传播_应用.md,李达 唯物史观 传播 应用,0332_李达_唯物史观_传播_应用.md,44.58,唯物史观在中国的传播与应用
恽代英 唯物史观 传播 应用,0115_恽代英_唯物史观_传播_应用.md,周恩来 唯物史观 传播 应用,0114_周恩来_唯物史观_传播_应用.md,43.46,唯物史观在中国的传播与应用
恽代英 唯物史观 传播 应用,0115_恽代英_唯物史观_传播_应用.md,李大钊 唯物史观 传播 应用,0330_李大钊_唯物史观_传播_应用.md,43.46,唯物史观在中国的传播与应用
恽代英 唯物史观 传播 应用,0115_恽代英_唯物史观_传播_应用.md,陈独秀 唯物史观 传播 应用,0331_陈独秀_唯物史观_传播_应用.md,43.46,唯物史观在中国的传播与应用
恽代英 唯物史观 传播 应用,0115_恽代英_唯物史观_传播_应用.md,蔡和森 唯物史观 传播 应用,0333_蔡和森_唯物史观_传播_应用.md,43.46,唯物史观在中国的传播与应用
鲁迅 唯物史观 传播 运用,0116_鲁迅_唯物史观_传播_运用.md,唯物史观 传播热潮,0064_唯物史观_传播热潮.md,31.36,唯物史观在中国的传播与应用
鲁迅 唯物史观 传播 运用,0116_鲁迅_唯物史观_传播_运用.md,唯物史观 传播热潮 特点,0065_唯物史观_传播热潮_特点.md,29.62,唯物史观在中国的传播与应用
鲁迅 唯物史观 传播 运用,0116_鲁迅_唯物史观_传播_运用.md,唯物史观 传播 局限 不足,0066_唯物史观_传播_局限_不足.md,29.62,唯物史观在中国的传播与应用
鲁迅 唯物史观 传播 运用,0116_鲁迅_唯物史观_传播_运用.md,李达 唯物史观 传播 应用,0332_李达_唯物史观_传播_应用.md,29.62,唯物史观在中国的传播与应用
鲁迅 唯物史观 传播 运用,0116_鲁迅_唯物史观_传播_运用.md,周恩来 唯物史观 传播 应用,0114_周恩来_唯物史观_传播_应用.md,28.93,唯物史观在中国的传播与应用
五四 新思潮 重新评估价值,0117_五四_新思潮_重新评估价值.md,五四时期 新思潮 马克思主义传播,0128_五四时期_新思潮_马克思主义传播.md,18.75,五四新文化与马克思主义早期传播
五四 新思潮 重新评估价值,0117_五四_新思潮_重新评估价值.md,五四 扬弃 继承,1836_五四_扬弃_继承.md,11.79,五四新文化与马克思主义早期传播
五四 新思潮 重新评估价值,0117_五四_新思潮_重新评估价值.md,革命问题 哲学思考 五四,0139_革命问题_哲学思考_五四.md,11.39,五四新文化与马克思主义早期传播
五四 新思潮 重新评估价值,0117_五四_新思潮_重新评估价值.md,阶级问题 哲学思考 五四,0140_阶级问题_哲学思考_五四.md,11.39,五四新文化与马克思主义早期传播
五四 新思潮 重新评估价值,0117_五四_新思潮_重新评估价值.md,国家问题 哲学思考 五四,0141_国家问题_哲学思考_五四.md,11.39,五四新文化与马克思主义早期传播
新文化运动 五四运动 学术史,0118_新文化运动_五四运动_学术史.md,五四新文化 新文化运动,1783_五四新文化_新文化运动.md,35.42,五四时期马克思主义传播
新文化运动 五四运动 学术史,0118_新文化运动_五四运动_学术史.md,五四以前 新文化运动 意义 局限,0127_五四以前_新文化运动_意义_局限.md,32.35,五四时期马克思主义传播
新文化运动 五四运动 学术史,0118_新文化运动_五四运动_学术史.md,新文化运动 价值观 变革,0133_新文化运动_价值观_变革.md,31.67,五四时期马克思主义传播
新文化运动 五四运动 学术史,0118_新文化运动_五四运动_学术史.md,新文化运动 不谈政治 到 谈政治,0137_新文化运动_不谈政治_到_谈政治.md,31.25,五四时期马克思主义传播
新文化运动 五四运动 学术史,0118_新文化运动_五四运动_学术史.md,新文化运动 中国思想界 启蒙,0125_新文化运动_中国思想界_启蒙.md,30.88,五四时期马克思主义传播
问题与主义 论战 学术史,0119_问题与主义_论战_学术史.md,问题与主义 马克思主义 论战,0120_问题与主义_马克思主义_论战.md,46.54,问题与主义之争
问题与主义 论战 学术史,0119_问题与主义_论战_学术史.md,问题与主义 之争,0129_问题与主义_之争.md,34.09,问题与主义之争
问题与主义 论战 学术史,0119_问题与主义_论战_学术史.md,问题与主义 论争 哲学意义,0146_问题与主义_论争_哲学意义.md,33.93,问题与主义之争
问题与主义 论战 学术史,0119_问题与主义_论战_学术史.md,问题与主义 关系 论争,0147_问题与主义_关系_论争.md,32.69,问题与主义之争
问题与主义 论战 学术史,0119_问题与主义_论战_学术史.md,唯物辩证法论战 学术史,0919_唯物辩证法论战_学术史.md,22.14,问题与主义之争
问题与主义 马克思主义 论战,0120_问题与主义_马克思主义_论战.md,问题与主义 论战 学术史,0119_问题与主义_论战_学术史.md,46.54,问题与主义之争
问题与主义 马克思主义 论战,0120_问题与主义_马克思主义_论战.md,问题与主义 之争,0129_问题与主义_之争.md,33.33,问题与主义之争
问题与主义 马克思主义 论战,0120_问题与主义_马克思主义_论战.md,问题与主义 论争 哲学意义,0146_问题与主义_论争_哲学意义.md,33.33,问题与主义之争
问题与主义 马克思主义 论战,0120_问题与主义_马克思主义_论战.md,问题与主义 关系 论争,0147_问题与主义_关系_论争.md,32.14,问题与主义之争
问题与主义 马克思主义 论战,0120_问题与主义_马克思主义_论战.md,科学与人生观 论战 马克思主义,0121_科学与人生观_论战_马克思主义.md,17.35,问题与主义之争
科学与人生观 论战 马克思主义,0121_科学与人生观_论战_马克思主义.md,科学与人生观 论战 马克思主义批判,0148_科学与人生观_论战_马克思主义批判.md,61.43,科学与人生观论战
科学与人生观 论战 马克思主义,0121_科学与人生观_论战_马克思主义.md,科学与人生观 论战,0185_科学与人生观_论战.md,54.58,科学与人生观论战
科学与人生观 论战 马克思主义,0121_科学与人生观_论战_马克思主义.md,科学与人生观 论战 性质,0242_科学与人生观_论战_性质.md,52.5,科学与人生观论战
科学与人生观 论战 马克思主义,0121_科学与人生观_论战_马克思主义.md,科学与人生观 张君劢 丁文江,1696_科学与人生观_张君劢_丁文江.md,36.94,科学与人生观论战
科学与人生观 论战 马克思主义,0121_科学与人生观_论战_马克思主义.md,中国社会史 论战 马克思主义哲学,0228_中国社会史_论战_马克思主义哲学.md,17.89,科学与人生观论战
日本 马克思主义哲学 启蒙老师,0122_日本_马克思主义哲学_启蒙老师.md,日本 第一渠道 马克思主义哲学,0061_日本_第一渠道_马克思主义哲学.md,55.29,马克思恩格斯经典文本与哲学关系
日本 马克思主义哲学 启蒙老师,0122_日本_马克思主义哲学_启蒙老师.md,日本 中转 马克思主义哲学 中国,0078_日本_中转_马克思主义哲学_中国.md,55.29,马克思恩格斯经典文本与哲学关系
日本 马克思主义哲学 启蒙老师,0122_日本_马克思主义哲学_启蒙老师.md,马克思主义哲学 日本 欧洲 苏联 三个方向,0822_马克思主义哲学_日本_欧洲_苏联_三个方向.md,53.33,马克思恩格斯经典文本与哲学关系
日本 马克思主义哲学 启蒙老师,0122_日本_马克思主义哲学_启蒙老师.md,马克思主义哲学 中国哲学,1823_马克思主义哲学_中国哲学.md,45.0,马克思恩格斯经典文本与哲学关系
日本 马克思主义哲学 启蒙老师,0122_日本_马克思主义哲学_启蒙老师.md,马克思主义哲学 从日本传入 中国,0048_马克思主义哲学_从日本传入_中国.md,44.72,马克思恩格斯经典文本与哲学关系
五四运动 社会主义思想 传播,0123_五四运动_社会主义思想_传播.md,五四运动 社会主义新价值观 兴起,0134_五四运动_社会主义新价值观_兴起.md,30.29,五四时期马克思主义传播
五四运动 社会主义思想 传播,0123_五四运动_社会主义思想_传播.md,五四运动 新哲学 社会主义新价值观,0368_五四运动_新哲学_社会主义新价值观.md,27.89,五四时期马克思主义传播
五四运动 社会主义思想 传播,0123_五四运动_社会主义思想_传播.md,十月革命 五四运动 马克思主义传播,0910_十月革命_五四运动_马克思主义传播.md,26.25,五四时期马克思主义传播
五四运动 社会主义思想 传播,0123_五四运动_社会主义思想_传播.md,五四运动 布尔乔亚 思想代表,0229_五四运动_布尔乔亚_思想代表.md,25.56,五四时期马克思主义传播
五四运动 社会主义思想 传播,0123_五四运动_社会主义思想_传播.md,五四运动 新民主主义革命 开端,0504_五四运动_新民主主义革命_开端.md,25.26,五四时期马克思主义传播
五四前夕 中国思想界 变动,0124_五四前夕_中国思想界_变动.md,新文化运动 中国思想界 启蒙,0125_新文化运动_中国思想界_启蒙.md,30.88,五四新文化与马克思主义早期传播
五四前夕 中国思想界 变动,0124_五四前夕_中国思想界_变动.md,近五十年 中国思想 变动,1385_近五十年_中国思想_变动.md,16.67,五四新文化与马克思主义早期传播
五四前夕 中国思想界 变动,0124_五四前夕_中国思想界_变动.md,物质 变动 发展,1458_物质_变动_发展.md,11.79,五四新文化与马克思主义早期传播
五四前夕 中国思想界 变动,0124_五四前夕_中国思想界_变动.md,现阶段 中国思想 意见,1443_现阶段_中国思想_意见.md,5.0,五四新文化与马克思主义早期传播
新文化运动 中国思想界 启蒙,0125_新文化运动_中国思想界_启蒙.md,五四新文化 新文化运动,1783_五四新文化_新文化运动.md,32.14,五四新文化与马克思主义早期传播
新文化运动 中国思想界 启蒙,0125_新文化运动_中国思想界_启蒙.md,新文化运动 价值观 变革,0133_新文化运动_价值观_变革.md,31.25,五四新文化与马克思主义早期传播
新文化运动 中国思想界 启蒙,0125_新文化运动_中国思想界_启蒙.md,新文化运动 五四运动 学术史,0118_新文化运动_五四运动_学术史.md,30.88,五四新文化与马克思主义早期传播
新文化运动 中国思想界 启蒙,0125_新文化运动_中国思想界_启蒙.md,五四前夕 中国思想界 变动,0124_五四前夕_中国思想界_变动.md,30.88,五四新文化与马克思主义早期传播
新文化运动 中国思想界 启蒙,0125_新文化运动_中国思想界_启蒙.md,新文化运动 不谈政治 到 谈政治,0137_新文化运动_不谈政治_到_谈政治.md,30.88,五四新文化与马克思主义早期传播
新文化运动 基本口号 主要内容,0126_新文化运动_基本口号_主要内容.md,五四新文化 新文化运动,1783_五四新文化_新文化运动.md,31.67,哲学基本范畴与辩证法原理
新文化运动 基本口号 主要内容,0126_新文化运动_基本口号_主要内容.md,新文化运动 价值观 变革,0133_新文化运动_价值观_变革.md,30.88,哲学基本范畴与辩证法原理
新文化运动 基本口号 主要内容,0126_新文化运动_基本口号_主要内容.md,新文化运动 五四运动 学术史,0118_新文化运动_五四运动_学术史.md,30.56,哲学基本范畴与辩证法原理
新文化运动 基本口号 主要内容,0126_新文化运动_基本口号_主要内容.md,新文化运动 不谈政治 到 谈政治,0137_新文化运动_不谈政治_到_谈政治.md,30.56,哲学基本范畴与辩证法原理
新文化运动 基本口号 主要内容,0126_新文化运动_基本口号_主要内容.md,新文化运动 中国思想界 启蒙,0125_新文化运动_中国思想界_启蒙.md,30.26,哲学基本范畴与辩证法原理
五四以前 新文化运动 意义 局限,0127_五四以前_新文化运动_意义_局限.md,五四新文化 新文化运动,1783_五四新文化_新文化运动.md,33.93,五四时期马克思主义传播
五四以前 新文化运动 意义 局限,0127_五四以前_新文化运动_意义_局限.md,新文化运动 五四运动 学术史,0118_新文化运动_五四运动_学术史.md,32.35,五四时期马克思主义传播
五四以前 新文化运动 意义 局限,0127_五四以前_新文化运动_意义_局限.md,新文化运动 价值观 变革,0133_新文化运动_价值观_变革.md,30.88,五四时期马克思主义传播
五四以前 新文化运动 意义 局限,0127_五四以前_新文化运动_意义_局限.md,新文化运动 不谈政治 到 谈政治,0137_新文化运动_不谈政治_到_谈政治.md,30.56,五四时期马克思主义传播
五四以前 新文化运动 意义 局限,0127_五四以前_新文化运动_意义_局限.md,新文化运动 中国思想界 启蒙,0125_新文化运动_中国思想界_启蒙.md,30.26,五四时期马克思主义传播
五四时期 新思潮 马克思主义传播,0128_五四时期_新思潮_马克思主义传播.md,李达 马克思主义传播 活动,0283_李达_马克思主义传播_活动.md,43.82,五四时期马克思主义传播
五四时期 新思潮 马克思主义传播,0128_五四时期_新思潮_马克思主义传播.md,十月革命 五四运动 马克思主义传播,0910_十月革命_五四运动_马克思主义传播.md,43.75,五四时期马克思主义传播
五四时期 新思潮 马克思主义传播,0128_五四时期_新思潮_马克思主义传播.md,李大钊 马克思主义传播 活动,0278_李大钊_马克思主义传播_活动.md,43.33,五四时期马克思主义传播
五四时期 新思潮 马克思主义传播,0128_五四时期_新思潮_马克思主义传播.md,陈独秀 马克思主义传播 活动,0281_陈独秀_马克思主义传播_活动.md,43.33,五四时期马克思主义传播
五四时期 新思潮 马克思主义传播,0128_五四时期_新思潮_马克思主义传播.md,李汉俊 马克思主义传播 活动,0285_李汉俊_马克思主义传播_活动.md,43.33,五四时期马克思主义传播
问题与主义 之争,0129_问题与主义_之争.md,问题与主义 关系 论争,0147_问题与主义_关系_论争.md,35.0,问题与主义之争
问题与主义 之争,0129_问题与主义_之争.md,问题与主义 论战 学术史,0119_问题与主义_论战_学术史.md,34.09,问题与主义之争
问题与主义 之争,0129_问题与主义_之争.md,问题与主义 马克思主义 论战,0120_问题与主义_马克思主义_论战.md,33.33,问题与主义之争
问题与主义 之争,0129_问题与主义_之争.md,问题与主义 论争 哲学意义,0146_问题与主义_论争_哲学意义.md,33.33,问题与主义之争
问题与主义 之争,0129_问题与主义_之争.md,问题与主义之争 谈政治,0138_问题与主义之争_谈政治.md,16.67,问题与主义之争
梁启超 马克思 社会主义 介绍,0130_梁启超_马克思_社会主义_介绍.md,梁启超 马克思 社会主义,0223_梁启超_马克思_社会主义.md,70.45,马克思恩格斯经典文本与哲学关系
梁启超 马克思 社会主义 介绍,0130_梁启超_马克思_社会主义_介绍.md,大同学 马克思 社会主义,1188_大同学_马克思_社会主义.md,45.71,马克思恩格斯经典文本与哲学关系
梁启超 马克思 社会主义 介绍,0130_梁启超_马克思_社会主义_介绍.md,社会主义 神髓 马克思,1421_社会主义_神髓_马克思.md,43.93,马克思恩格斯经典文本与哲学关系
梁启超 马克思 社会主义 介绍,0130_梁启超_马克思_社会主义_介绍.md,马君武 社会主义 进化论 马克思,0089_马君武_社会主义_进化论_马克思.md,41.94,马克思恩格斯经典文本与哲学关系
梁启超 马克思 社会主义 介绍,0130_梁启超_马克思_社会主义_介绍.md,梁启超 中国之社会主义 马克思,0131_梁启超_中国之社会主义_马克思.md,40.94,马克思恩格斯经典文本与哲学关系
梁启超 中国之社会主义 马克思,0131_梁启超_中国之社会主义_马克思.md,梁启超 马克思 社会主义,0223_梁启超_马克思_社会主义.md,42.5,马克思恩格斯经典文本与哲学关系
梁启超 中国之社会主义 马克思,0131_梁启超_中国之社会主义_马克思.md,梁启超 马克思 社会主义 介绍,0130_梁启超_马克思_社会主义_介绍.md,40.94,马克思恩格斯经典文本与哲学关系
梁启超 中国之社会主义 马克思,0131_梁启超_中国之社会主义_马克思.md,社会主义神髓 马克思 中国,0088_社会主义神髓_马克思_中国.md,24.38,马克思恩格斯经典文本与哲学关系
梁启超 中国之社会主义 马克思,0131_梁启超_中国之社会主义_马克思.md,近世社会主义 马克思 学说,1189_近世社会主义_马克思_学说.md,24.38,马克思恩格斯经典文本与哲学关系
梁启超 中国之社会主义 马克思,0131_梁启超_中国之社会主义_马克思.md,社会主义 神髓 马克思,1421_社会主义_神髓_马克思.md,23.33,马克思恩格斯经典文本与哲学关系
陈唯实 通俗辩证法讲话 科学人生观,0132_陈唯实_通俗辩证法讲话_科学人生观.md,科学人生观 玄学人生观 批判,0233_科学人生观_玄学人生观_批判.md,30.56,陈唯实与通俗唯物论讲话
陈唯实 通俗辩证法讲话 科学人生观,0132_陈唯实_通俗辩证法讲话_科学人生观.md,人生观 新哲学 科学人生观,0392_人生观_新哲学_科学人生观.md,30.56,陈唯实与通俗唯物论讲话
陈唯实 通俗辩证法讲话 科学人生观,0132_陈唯实_通俗辩证法讲话_科学人生观.md,陈唯实 通俗唯物论讲话 哲学到大众去,0295_陈唯实_通俗唯物论讲话_哲学到大众去.md,20.21,陈唯实与通俗唯物论讲话
陈唯实 通俗辩证法讲话 科学人生观,0132_陈唯实_通俗辩证法讲话_科学人生观.md,陈唯实 马克思主义哲学 通俗宣传,0294_陈唯实_马克思主义哲学_通俗宣传.md,18.12,陈唯实与通俗唯物论讲话
陈唯实 通俗辩证法讲话 科学人生观,0132_陈唯实_通俗辩证法讲话_科学人生观.md,陈唯实 新哲学体系讲话 大众生活,0365_陈唯实_新哲学体系讲话_大众生活.md,18.12,陈唯实与通俗唯物论讲话
新文化运动 价值观 变革,0133_新文化运动_价值观_变革.md,五四新文化 新文化运动,1783_五四新文化_新文化运动.md,33.33,五四新文化与马克思主义早期传播
新文化运动 价值观 变革,0133_新文化运动_价值观_变革.md,新文化运动 五四运动 学术史,0118_新文化运动_五四运动_学术史.md,31.67,五四新文化与马克思主义早期传播
新文化运动 价值观 变革,0133_新文化运动_价值观_变革.md,新文化运动 不谈政治 到 谈政治,0137_新文化运动_不谈政治_到_谈政治.md,31.67,五四新文化与马克思主义早期传播
新文化运动 价值观 变革,0133_新文化运动_价值观_变革.md,新文化运动 中国思想界 启蒙,0125_新文化运动_中国思想界_启蒙.md,31.25,五四新文化与马克思主义早期传播
新文化运动 价值观 变革,0133_新文化运动_价值观_变革.md,新文化运动 基本口号 主要内容,0126_新文化运动_基本口号_主要内容.md,30.88,五四新文化与马克思主义早期传播
五四运动 社会主义新价值观 兴起,0134_五四运动_社会主义新价值观_兴起.md,五四运动 新哲学 社会主义新价值观,0368_五四运动_新哲学_社会主义新价值观.md,74.71,五四新文化与马克思主义早期传播
五四运动 社会主义新价值观 兴起,0134_五四运动_社会主义新价值观_兴起.md,社会主义新价值观 救亡 启蒙,0135_社会主义新价值观_救亡_启蒙.md,50.29,五四新文化与马克思主义早期传播
五四运动 社会主义新价值观 兴起,0134_五四运动_社会主义新价值观_兴起.md,社会主义新价值观 确立 原因,1236_社会主义新价值观_确立_原因.md,50.29,五四新文化与马克思主义早期传播
五四运动 社会主义新价值观 兴起,0134_五四运动_社会主义新价值观_兴起.md,五四运动 社会主义思想 传播,0123_五四运动_社会主义思想_传播.md,30.29,五四新文化与马克思主义早期传播
五四运动 社会主义新价值观 兴起,0134_五四运动_社会主义新价值观_兴起.md,五四运动 新民主主义革命 开端,0504_五四运动_新民主主义革命_开端.md,24.76,五四新文化与马克思主义早期传播
社会主义新价值观 救亡 启蒙,0135_社会主义新价值观_救亡_启蒙.md,社会主义新价值观 确立 原因,1236_社会主义新价值观_确立_原因.md,51.67,早期马克思主义传播主体与传播载体
社会主义新价值观 救亡 启蒙,0135_社会主义新价值观_救亡_启蒙.md,五四运动 社会主义新价值观 兴起,0134_五四运动_社会主义新价值观_兴起.md,50.29,早期马克思主义传播主体与传播载体
社会主义新价值观 救亡 启蒙,0135_社会主义新价值观_救亡_启蒙.md,五四运动 新哲学 社会主义新价值观,0368_五四运动_新哲学_社会主义新价值观.md,49.72,早期马克思主义传播主体与传播载体
社会主义新价值观 救亡 启蒙,0135_社会主义新价值观_救亡_启蒙.md,中国社会史 论战 启蒙,0171_中国社会史_论战_启蒙.md,12.94,早期马克思主义传播主体与传播载体
社会主义新价值观 救亡 启蒙,0135_社会主义新价值观_救亡_启蒙.md,中国社会性质 论战 启蒙,0170_中国社会性质_论战_启蒙.md,12.78,早期马克思主义传播主体与传播载体
五四运动 中国马克思主义政治哲学 开启,0136_五四运动_中国马克思主义政治哲学_开启.md,十月革命 五四运动 马克思主义传播,0910_十月革命_五四运动_马克思主义传播.md,27.61,五四时期马克思主义传播
五四运动 中国马克思主义政治哲学 开启,0136_五四运动_中国马克思主义政治哲学_开启.md,五四运动 新哲学 社会主义新价值观,0368_五四运动_新哲学_社会主义新价值观.md,25.0,五四时期马克思主义传播
五四运动 中国马克思主义政治哲学 开启,0136_五四运动_中国马克思主义政治哲学_开启.md,五四运动 社会主义思想 传播,0123_五四运动_社会主义思想_传播.md,24.35,五四时期马克思主义传播
五四运动 中国马克思主义政治哲学 开启,0136_五四运动_中国马克思主义政治哲学_开启.md,五四运动 新民主主义革命 开端,0504_五四运动_新民主主义革命_开端.md,24.17,五四时期马克思主义传播
五四运动 中国马克思主义政治哲学 开启,0136_五四运动_中国马克思主义政治哲学_开启.md,五四运动 社会主义新价值观 兴起,0134_五四运动_社会主义新价值观_兴起.md,24.0,五四时期马克思主义传播
新文化运动 不谈政治 到 谈政治,0137_新文化运动_不谈政治_到_谈政治.md,五四新文化 新文化运动,1783_五四新文化_新文化运动.md,32.69,五四新文化与马克思主义早期传播
新文化运动 不谈政治 到 谈政治,0137_新文化运动_不谈政治_到_谈政治.md,新文化运动 价值观 变革,0133_新文化运动_价值观_变革.md,31.67,五四新文化与马克思主义早期传播
新文化运动 不谈政治 到 谈政治,0137_新文化运动_不谈政治_到_谈政治.md,新文化运动 五四运动 学术史,0118_新文化运动_五四运动_学术史.md,31.25,五四新文化与马克思主义早期传播
新文化运动 不谈政治 到 谈政治,0137_新文化运动_不谈政治_到_谈政治.md,新文化运动 中国思想界 启蒙,0125_新文化运动_中国思想界_启蒙.md,30.88,五四新文化与马克思主义早期传播
新文化运动 不谈政治 到 谈政治,0137_新文化运动_不谈政治_到_谈政治.md,新文化运动 基本口号 主要内容,0126_新文化运动_基本口号_主要内容.md,30.56,五四新文化与马克思主义早期传播
问题与主义之争 谈政治,0138_问题与主义之争_谈政治.md,唯物史观 谈政治,0032_唯物史观_谈政治.md,18.85,五四新文化与马克思主义早期传播
问题与主义之争 谈政治,0138_问题与主义之争_谈政治.md,新文化运动 不谈政治 到 谈政治,0137_新文化运动_不谈政治_到_谈政治.md,17.94,五四新文化与马克思主义早期传播
问题与主义之争 谈政治,0138_问题与主义之争_谈政治.md,问题与主义 之争,0129_问题与主义_之争.md,16.67,五四新文化与马克思主义早期传播
问题与主义之争 谈政治,0138_问题与主义之争_谈政治.md,问题与主义 关系 论争,0147_问题与主义_关系_论争.md,7.69,五四新文化与马克思主义早期传播
问题与主义之争 谈政治,0138_问题与主义之争_谈政治.md,问题与主义 论战 学术史,0119_问题与主义_论战_学术史.md,7.14,五四新文化与马克思主义早期传播
革命问题 哲学思考 五四,0139_革命问题_哲学思考_五四.md,阶级问题 哲学思考 五四,0140_阶级问题_哲学思考_五四.md,45.91,五四新文化与马克思主义早期传播
革命问题 哲学思考 五四,0139_革命问题_哲学思考_五四.md,国家问题 哲学思考 五四,0141_国家问题_哲学思考_五四.md,45.91,五四新文化与马克思主义早期传播
革命问题 哲学思考 五四,0139_革命问题_哲学思考_五四.md,政党问题 哲学思考 五四,0142_政党问题_哲学思考_五四.md,45.91,五四新文化与马克思主义早期传播
革命问题 哲学思考 五四,0139_革命问题_哲学思考_五四.md,革命问题 和平过渡 武装斗争,1472_革命问题_和平过渡_武装斗争.md,24.41,五四新文化与马克思主义早期传播
革命问题 哲学思考 五四,0139_革命问题_哲学思考_五四.md,五四 扬弃 继承,1836_五四_扬弃_继承.md,11.92,五四新文化与马克思主义早期传播
阶级问题 哲学思考 五四,0140_阶级问题_哲学思考_五四.md,革命问题 哲学思考 五四,0139_革命问题_哲学思考_五四.md,45.91,五四新文化与马克思主义早期传播
阶级问题 哲学思考 五四,0140_阶级问题_哲学思考_五四.md,国家问题 哲学思考 五四,0141_国家问题_哲学思考_五四.md,45.91,五四新文化与马克思主义早期传播
阶级问题 哲学思考 五四,0140_阶级问题_哲学思考_五四.md,政党问题 哲学思考 五四,0142_政党问题_哲学思考_五四.md,45.91,五四新文化与马克思主义早期传播
阶级问题 哲学思考 五四,0140_阶级问题_哲学思考_五四.md,五四 扬弃 继承,1836_五四_扬弃_继承.md,11.92,五四新文化与马克思主义早期传播
阶级问题 哲学思考 五四,0140_阶级问题_哲学思考_五四.md,民主主义 政治改革 五四,0167_民主主义_政治改革_五四.md,11.47,五四新文化与马克思主义早期传播
国家问题 哲学思考 五四,0141_国家问题_哲学思考_五四.md,革命问题 哲学思考 五四,0139_革命问题_哲学思考_五四.md,45.91,五四新文化与马克思主义早期传播
国家问题 哲学思考 五四,0141_国家问题_哲学思考_五四.md,阶级问题 哲学思考 五四,0140_阶级问题_哲学思考_五四.md,45.91,五四新文化与马克思主义早期传播
国家问题 哲学思考 五四,0141_国家问题_哲学思考_五四.md,政党问题 哲学思考 五四,0142_政党问题_哲学思考_五四.md,45.91,五四新文化与马克思主义早期传播
国家问题 哲学思考 五四,0141_国家问题_哲学思考_五四.md,上层建筑 国家问题 讨论,0980_上层建筑_国家问题_讨论.md,25.0,五四新文化与马克思主义早期传播
国家问题 哲学思考 五四,0141_国家问题_哲学思考_五四.md,五四 扬弃 继承,1836_五四_扬弃_继承.md,11.92,五四新文化与马克思主义早期传播
政党问题 哲学思考 五四,0142_政党问题_哲学思考_五四.md,革命问题 哲学思考 五四,0139_革命问题_哲学思考_五四.md,45.91,五四新文化与马克思主义早期传播
政党问题 哲学思考 五四,0142_政党问题_哲学思考_五四.md,阶级问题 哲学思考 五四,0140_阶级问题_哲学思考_五四.md,45.91,五四新文化与马克思主义早期传播
政党问题 哲学思考 五四,0142_政党问题_哲学思考_五四.md,国家问题 哲学思考 五四,0141_国家问题_哲学思考_五四.md,45.91,五四新文化与马克思主义早期传播
政党问题 哲学思考 五四,0142_政党问题_哲学思考_五四.md,五四 扬弃 继承,1836_五四_扬弃_继承.md,11.92,五四新文化与马克思主义早期传播
政党问题 哲学思考 五四,0142_政党问题_哲学思考_五四.md,民主主义 政治改革 五四,0167_民主主义_政治改革_五四.md,11.47,五四新文化与马克思主义早期传播
五四时期 马克思主义哲学 传播,0143_五四时期_马克思主义哲学_传播.md,马克思主义哲学 传播 苏联,0785_马克思主义哲学_传播_苏联.md,49.29,五四时期马克思主义传播
五四时期 马克思主义哲学 传播,0143_五四时期_马克思主义哲学_传播.md,马克思主义哲学 传播范围 扩大,0046_马克思主义哲学_传播范围_扩大.md,47.5,五四时期马克思主义传播
五四时期 马克思主义哲学 传播,0143_五四时期_马克思主义哲学_传播.md,旅欧青年 马克思主义哲学 传播,0051_旅欧青年_马克思主义哲学_传播.md,47.5,五四时期马克思主义传播
五四时期 马克思主义哲学 传播,0143_五四时期_马克思主义哲学_传播.md,马克思主义哲学 传播形式 转换,0052_马克思主义哲学_传播形式_转换.md,47.5,五四时期马克思主义传播
五四时期 马克思主义哲学 传播,0143_五四时期_马克思主义哲学_传播.md,马克思主义哲学 传播开端 热潮,0063_马克思主义哲学_传播开端_热潮.md,47.5,五四时期马克思主义传播
五四时期 马克思主义著作 翻译 出版,0144_五四时期_马克思主义著作_翻译_出版.md,马克思主义著作 早期介绍 中国,1287_马克思主义著作_早期介绍_中国.md,42.5,五四时期马克思主义传播
五四时期 马克思主义著作 翻译 出版,0144_五四时期_马克思主义著作_翻译_出版.md,五四时期 马克思主义哲学 传播,0143_五四时期_马克思主义哲学_传播.md,31.11,五四时期马克思主义传播
五四时期 马克思主义著作 翻译 出版,0144_五四时期_马克思主义著作_翻译_出版.md,五四时期 新思潮 马克思主义传播,0128_五四时期_新思潮_马克思主义传播.md,28.75,五四时期马克思主义传播
五四时期 马克思主义著作 翻译 出版,0144_五四时期_马克思主义著作_翻译_出版.md,五四时期 传播马克思主义哲学 特点,0225_五四时期_传播马克思主义哲学_特点.md,28.33,五四时期马克思主义传播
五四时期 马克思主义著作 翻译 出版,0144_五四时期_马克思主义著作_翻译_出版.md,共产主义 翻译,1837_共产主义_翻译.md,12.94,五四时期马克思主义传播
传播马克思主义 社团 五四,0145_传播马克思主义_社团_五四.md,中国共产党人 传播马克思主义 活动,0102_中国共产党人_传播马克思主义_活动.md,43.33,马克思恩格斯经典文本与哲学关系
传播马克思主义 社团 五四,0145_传播马克思主义_社团_五四.md,创办学校 传播马克思主义 培养人才,0103_创办学校_传播马克思主义_培养人才.md,43.33,马克思恩格斯经典文本与哲学关系
传播马克思主义 社团 五四,0145_传播马克思主义_社团_五四.md,早期共产主义者 传播马克思主义 特点,0290_早期共产主义者_传播马克思主义_特点.md,43.33,马克思恩格斯经典文本与哲学关系
传播马克思主义 社团 五四,0145_传播马克思主义_社团_五四.md,民主主义 政治改革 五四,0167_民主主义_政治改革_五四.md,12.94,马克思恩格斯经典文本与哲学关系
传播马克思主义 社团 五四,0145_传播马克思主义_社团_五四.md,个人主义 个性解放 五四,0169_个人主义_个性解放_五四.md,12.94,马克思恩格斯经典文本与哲学关系
问题与主义 论争 哲学意义,0146_问题与主义_论争_哲学意义.md,问题与主义 关系 论争,0147_问题与主义_关系_论争.md,44.62,问题与主义之争
问题与主义 论争 哲学意义,0146_问题与主义_论争_哲学意义.md,无政府主义 论争 哲学意义,1289_无政府主义_论争_哲学意义.md,43.46,问题与主义之争
问题与主义 论争 哲学意义,0146_问题与主义_论争_哲学意义.md,社会主义问题 论争 哲学意义,1288_社会主义问题_论争_哲学意义.md,42.5,问题与主义之争
问题与主义 论争 哲学意义,0146_问题与主义_论争_哲学意义.md,问题与主义 论战 学术史,0119_问题与主义_论战_学术史.md,33.93,问题与主义之争
问题与主义 论争 哲学意义,0146_问题与主义_论争_哲学意义.md,问题与主义 马克思主义 论战,0120_问题与主义_马克思主义_论战.md,33.33,问题与主义之争
问题与主义 关系 论争,0147_问题与主义_关系_论争.md,问题与主义 论争 哲学意义,0146_问题与主义_论争_哲学意义.md,44.62,问题与主义之争
问题与主义 关系 论争,0147_问题与主义_关系_论争.md,问题与主义 之争,0129_问题与主义_之争.md,35.0,问题与主义之争
问题与主义 关系 论争,0147_问题与主义_关系_论争.md,问题与主义 论战 学术史,0119_问题与主义_论战_学术史.md,32.69,问题与主义之争
问题与主义 关系 论争,0147_问题与主义_关系_论争.md,问题与主义 马克思主义 论战,0120_问题与主义_马克思主义_论战.md,32.14,问题与主义之争
问题与主义 关系 论争,0147_问题与主义_关系_论争.md,社会主义问题 论争 哲学意义,1288_社会主义问题_论争_哲学意义.md,14.69,问题与主义之争
科学与人生观 论战 马克思主义批判,0148_科学与人生观_论战_马克思主义批判.md,科学与人生观 论战 马克思主义,0121_科学与人生观_论战_马克思主义.md,61.43,科学与人生观论战
科学与人生观 论战 马克思主义批判,0148_科学与人生观_论战_马克思主义批判.md,科学与人生观 论战,0185_科学与人生观_论战.md,52.5,科学与人生观论战
科学与人生观 论战 马克思主义批判,0148_科学与人生观_论战_马克思主义批判.md,科学与人生观 论战 性质,0242_科学与人生观_论战_性质.md,50.94,科学与人生观论战
科学与人生观 论战 马克思主义批判,0148_科学与人生观_论战_马克思主义批判.md,科学与人生观 张君劢 丁文江,1696_科学与人生观_张君劢_丁文江.md,36.25,科学与人生观论战
科学与人生观 论战 马克思主义批判,0148_科学与人生观_论战_马克思主义批判.md,中国社会史 论战 马克思主义哲学,0228_中国社会史_论战_马克思主义哲学.md,17.14,科学与人生观论战
中国社会性质 论争,0149_中国社会性质_论争.md,中国社会性质 论战,0184_中国社会性质_论战.md,48.75,中国社会性质论战
中国社会性质 论争,0149_中国社会性质_论争.md,中国社会性质 论战 启蒙,0170_中国社会性质_论战_启蒙.md,45.0,中国社会性质论战
中国社会性质 论争,0149_中国社会性质_论争.md,中国社会性质 论战 马克思主义哲学,0227_中国社会性质_论战_马克思主义哲学.md,40.0,中国社会性质论战
中国社会性质 论争,0149_中国社会性质_论争.md,新生命派 中国社会性质 批判,0150_新生命派_中国社会性质_批判.md,39.62,中国社会性质论战
中国社会性质 论争,0149_中国社会性质_论争.md,托陈取消派 中国社会性质 批判,0151_托陈取消派_中国社会性质_批判.md,38.93,中国社会性质论战
新生命派 中国社会性质 批判,0150_新生命派_中国社会性质_批判.md,托陈取消派 中国社会性质 批判,0151_托陈取消派_中国社会性质_批判.md,43.33,中国社会性质论战
新生命派 中国社会性质 批判,0150_新生命派_中国社会性质_批判.md,中国社会性质 论争,0149_中国社会性质_论争.md,39.62,中国社会性质论战
新生命派 中国社会性质 批判,0150_新生命派_中国社会性质_批判.md,中国社会性质 论战,0184_中国社会性质_论战.md,39.62,中国社会性质论战
新生命派 中国社会性质 批判,0150_新生命派_中国社会性质_批判.md,中国社会性质 论战 启蒙,0170_中国社会性质_论战_启蒙.md,38.33,中国社会性质论战
新生命派 中国社会性质 批判,0150_新生命派_中国社会性质_批判.md,中国社会性质 论战 马克思主义哲学,0227_中国社会性质_论战_马克思主义哲学.md,36.25,中国社会性质论战
托陈取消派 中国社会性质 批判,0151_托陈取消派_中国社会性质_批判.md,新生命派 中国社会性质 批判,0150_新生命派_中国社会性质_批判.md,43.33,中国社会性质论战
托陈取消派 中国社会性质 批判,0151_托陈取消派_中国社会性质_批判.md,中国社会性质 论争,0149_中国社会性质_论争.md,38.93,中国社会性质论战
托陈取消派 中国社会性质 批判,0151_托陈取消派_中国社会性质_批判.md,中国社会性质 论战,0184_中国社会性质_论战.md,38.93,中国社会性质论战
托陈取消派 中国社会性质 批判,0151_托陈取消派_中国社会性质_批判.md,中国社会性质 论战 启蒙,0170_中国社会性质_论战_启蒙.md,37.81,中国社会性质论战
托陈取消派 中国社会性质 批判,0151_托陈取消派_中国社会性质_批判.md,中国社会性质 论战 马克思主义哲学,0227_中国社会性质_论战_马克思主义哲学.md,35.95,中国社会性质论战
启蒙运动 意义 社会基础,0152_启蒙运动_意义_社会基础.md,戊戌维新 启蒙运动 社会基础,0165_戊戌维新_启蒙运动_社会基础.md,50.71,新启蒙运动
启蒙运动 意义 社会基础,0152_启蒙运动_意义_社会基础.md,市民社会 理性 启蒙运动,0155_市民社会_理性_启蒙运动.md,27.14,新启蒙运动
启蒙运动 意义 社会基础,0152_启蒙运动_意义_社会基础.md,人生 活动 社会基础,1449_人生_活动_社会基础.md,25.77,新启蒙运动
启蒙运动 意义 社会基础,0152_启蒙运动_意义_社会基础.md,反帝 反封建 启蒙运动,0158_反帝_反封建_启蒙运动.md,25.36,新启蒙运动
启蒙运动 意义 社会基础,0152_启蒙运动_意义_社会基础.md,启蒙运动 资本主义 兴起,0154_启蒙运动_资本主义_兴起.md,25.0,新启蒙运动
启蒙 打破欺蒙 扫除蒙蔽,0153_启蒙_打破欺蒙_扫除蒙蔽.md,启蒙,1974_启蒙.md,12.78,其他待人工复核
启蒙 打破欺蒙 扫除蒙蔽,0153_启蒙_打破欺蒙_扫除蒙蔽.md,中国社会史 论战 启蒙,0171_中国社会史_论战_启蒙.md,11.56,其他待人工复核
启蒙 打破欺蒙 扫除蒙蔽,0153_启蒙_打破欺蒙_扫除蒙蔽.md,中国社会性质 论战 启蒙,0170_中国社会性质_论战_启蒙.md,11.47,其他待人工复核
启蒙 打破欺蒙 扫除蒙蔽,0153_启蒙_打破欺蒙_扫除蒙蔽.md,新文化运动 中国思想界 启蒙,0125_新文化运动_中国思想界_启蒙.md,11.32,其他待人工复核
启蒙 打破欺蒙 扫除蒙蔽,0153_启蒙_打破欺蒙_扫除蒙蔽.md,社会主义新价值观 救亡 启蒙,0135_社会主义新价值观_救亡_启蒙.md,11.32,其他待人工复核
启蒙运动 资本主义 兴起,0154_启蒙运动_资本主义_兴起.md,劳动 资本主义,1710_劳动_资本主义.md,30.0,新启蒙运动
启蒙运动 资本主义 兴起,0154_启蒙运动_资本主义_兴起.md,俄国 资本主义,1713_俄国_资本主义.md,26.82,新启蒙运动
启蒙运动 资本主义 兴起,0154_启蒙运动_资本主义_兴起.md,宗教 资本主义,1716_宗教_资本主义.md,26.82,新启蒙运动
启蒙运动 资本主义 兴起,0154_启蒙运动_资本主义_兴起.md,伦理 资本主义,1723_伦理_资本主义.md,26.82,新启蒙运动
启蒙运动 资本主义 兴起,0154_启蒙运动_资本主义_兴起.md,生产 资本主义,1732_生产_资本主义.md,26.82,新启蒙运动
市民社会 理性 启蒙运动,0155_市民社会_理性_启蒙运动.md,启蒙运动 意义 社会基础,0152_启蒙运动_意义_社会基础.md,27.14,新启蒙运动
市民社会 理性 启蒙运动,0155_市民社会_理性_启蒙运动.md,东方市民 启蒙运动 狭隘性,0156_东方市民_启蒙运动_狭隘性.md,26.67,新启蒙运动
市民社会 理性 启蒙运动,0155_市民社会_理性_启蒙运动.md,戊戌维新 启蒙运动 社会基础,0165_戊戌维新_启蒙运动_社会基础.md,26.25,新启蒙运动
市民社会 理性 启蒙运动,0155_市民社会_理性_启蒙运动.md,反帝 反封建 启蒙运动,0158_反帝_反封建_启蒙运动.md,25.36,新启蒙运动
市民社会 理性 启蒙运动,0155_市民社会_理性_启蒙运动.md,启蒙运动 资本主义 兴起,0154_启蒙运动_资本主义_兴起.md,25.0,新启蒙运动
东方市民 启蒙运动 狭隘性,0156_东方市民_启蒙运动_狭隘性.md,市民社会 理性 启蒙运动,0155_市民社会_理性_启蒙运动.md,26.67,新启蒙运动
东方市民 启蒙运动 狭隘性,0156_东方市民_启蒙运动_狭隘性.md,反帝 反封建 启蒙运动,0158_反帝_反封建_启蒙运动.md,25.0,新启蒙运动
东方市民 启蒙运动 狭隘性,0156_东方市民_启蒙运动_狭隘性.md,启蒙运动 意义 社会基础,0152_启蒙运动_意义_社会基础.md,24.69,新启蒙运动
东方市民 启蒙运动 狭隘性,0156_东方市民_启蒙运动_狭隘性.md,启蒙运动 资本主义 兴起,0154_启蒙运动_资本主义_兴起.md,24.69,新启蒙运动
东方市民 启蒙运动 狭隘性,0156_东方市民_启蒙运动_狭隘性.md,戊戌维新 启蒙运动 社会基础,0165_戊戌维新_启蒙运动_社会基础.md,24.17,新启蒙运动
中国启蒙运动 半殖民地 半封建,0157_中国启蒙运动_半殖民地_半封建.md,半殖民地 半封建 新思潮派,1397_半殖民地_半封建_新思潮派.md,44.38,中国社会性质论战
中国启蒙运动 半殖民地 半封建,0157_中国启蒙运动_半殖民地_半封建.md,半殖民地半封建 社会矛盾 哲学,1500_半殖民地半封建_社会矛盾_哲学.md,8.33,中国社会性质论战
中国启蒙运动 半殖民地 半封建,0157_中国启蒙运动_半殖民地_半封建.md,近代中国启蒙运动史,1970_近代中国启蒙运动史.md,8.33,中国社会性质论战
中国启蒙运动 半殖民地 半封建,0157_中国启蒙运动_半殖民地_半封建.md,反帝 反封建 启蒙运动,0158_反帝_反封建_启蒙运动.md,6.25,中国社会性质论战
中国启蒙运动 半殖民地 半封建,0157_中国启蒙运动_半殖民地_半封建.md,新启蒙运动 反帝反封建,0386_新启蒙运动_反帝反封建.md,5.88,中国社会性质论战
反帝 反封建 启蒙运动,0158_反帝_反封建_启蒙运动.md,启蒙运动 意义 社会基础,0152_启蒙运动_意义_社会基础.md,25.36,新启蒙运动
反帝 反封建 启蒙运动,0158_反帝_反封建_启蒙运动.md,启蒙运动 资本主义 兴起,0154_启蒙运动_资本主义_兴起.md,25.36,新启蒙运动
反帝 反封建 启蒙运动,0158_反帝_反封建_启蒙运动.md,市民社会 理性 启蒙运动,0155_市民社会_理性_启蒙运动.md,25.36,新启蒙运动
反帝 反封建 启蒙运动,0158_反帝_反封建_启蒙运动.md,东方市民 启蒙运动 狭隘性,0156_东方市民_启蒙运动_狭隘性.md,25.0,新启蒙运动
反帝 反封建 启蒙运动,0158_反帝_反封建_启蒙运动.md,戊戌维新 启蒙运动 社会基础,0165_戊戌维新_启蒙运动_社会基础.md,24.69,新启蒙运动
康有为 反古思想 空想主义,0159_康有为_反古思想_空想主义.md,康有为 大同书 空想主义,0161_康有为_大同书_空想主义.md,43.93,中国近代启蒙与民主革命
康有为 反古思想 空想主义,0159_康有为_反古思想_空想主义.md,谭嗣同 冲决罗网 反古思想,0162_谭嗣同_冲决罗网_反古思想.md,24.41,中国近代启蒙与民主革命
康有为 反古思想 空想主义,0159_康有为_反古思想_空想主义.md,康有为 大同思想 历史进化,0246_康有为_大同思想_历史进化.md,19.41,中国近代启蒙与民主革命
康有为 反古思想 空想主义,0159_康有为_反古思想_空想主义.md,中国近代思想 康有为 谭嗣同,1694_中国近代思想_康有为_谭嗣同.md,19.17,中国近代启蒙与民主革命
康有为 反古思想 空想主义,0159_康有为_反古思想_空想主义.md,康有为 谭嗣同,1727_康有为_谭嗣同.md,18.85,中国近代启蒙与民主革命
康有为 新学伪经考 孔子改制考,0160_康有为_新学伪经考_孔子改制考.md,康有为 孔子改制 经典怀疑,0174_康有为_孔子改制_经典怀疑.md,22.35,中国哲学传统与现代转型
康有为 新学伪经考 孔子改制考,0160_康有为_新学伪经考_孔子改制考.md,康有为 托古改制 大同,0172_康有为_托古改制_大同.md,19.41,中国哲学传统与现代转型
康有为 新学伪经考 孔子改制考,0160_康有为_新学伪经考_孔子改制考.md,康有为 谭嗣同,1727_康有为_谭嗣同.md,18.33,中国哲学传统与现代转型
康有为 新学伪经考 孔子改制考,0160_康有为_新学伪经考_孔子改制考.md,康有为 改良派,1749_康有为_改良派.md,18.33,中国哲学传统与现代转型
康有为 新学伪经考 孔子改制考,0160_康有为_新学伪经考_孔子改制考.md,康有为 梁启超,1865_康有为_梁启超.md,18.33,中国哲学传统与现代转型
康有为 大同书 空想主义,0161_康有为_大同书_空想主义.md,康有为 反古思想 空想主义,0159_康有为_反古思想_空想主义.md,43.93,中国近代启蒙与民主革命
康有为 大同书 空想主义,0161_康有为_大同书_空想主义.md,康有为 大同思想 历史进化,0246_康有为_大同思想_历史进化.md,21.67,中国近代启蒙与民主革命
康有为 大同书 空想主义,0161_康有为_大同书_空想主义.md,大同书,1872_大同书.md,20.56,中国近代启蒙与民主革命
康有为 大同书 空想主义,0161_康有为_大同书_空想主义.md,康有为 托古改制 大同,0172_康有为_托古改制_大同.md,20.36,中国近代启蒙与民主革命
康有为 大同书 空想主义,0161_康有为_大同书_空想主义.md,康有为 谭嗣同,1727_康有为_谭嗣同.md,19.17,中国近代启蒙与民主革命
谭嗣同 冲决罗网 反古思想,0162_谭嗣同_冲决罗网_反古思想.md,康有为 反古思想 空想主义,0159_康有为_反古思想_空想主义.md,24.41,中国近代启蒙与民主革命
谭嗣同 冲决罗网 反古思想,0162_谭嗣同_冲决罗网_反古思想.md,谭嗣同 冲决网罗 仁学,0248_谭嗣同_冲决网罗_仁学.md,22.14,中国近代启蒙与民主革命
谭嗣同 冲决罗网 反古思想,0162_谭嗣同_冲决罗网_反古思想.md,谭嗣同 仁学 冲决网罗,0175_谭嗣同_仁学_冲决网罗.md,20.0,中国近代启蒙与民主革命
谭嗣同 冲决罗网 反古思想,0162_谭嗣同_冲决罗网_反古思想.md,谭嗣同 自由思想 资本社会,0176_谭嗣同_自由思想_资本社会.md,19.41,中国近代启蒙与民主革命
谭嗣同 冲决罗网 反古思想,0162_谭嗣同_冲决罗网_反古思想.md,中国近代思想 康有为 谭嗣同,1694_中国近代思想_康有为_谭嗣同.md,19.17,中国近代启蒙与民主革命
谭嗣同 仁学 个性解放,0163_谭嗣同_仁学_个性解放.md,谭嗣同 仁学 冲决网罗,0175_谭嗣同_仁学_冲决网罗.md,33.33,中国近代启蒙与民主革命
谭嗣同 仁学 个性解放,0163_谭嗣同_仁学_个性解放.md,仁学 谭嗣同,1776_仁学_谭嗣同.md,33.33,中国近代启蒙与民主革命
谭嗣同 仁学 个性解放,0163_谭嗣同_仁学_个性解放.md,谭嗣同 冲决网罗 仁学,0248_谭嗣同_冲决网罗_仁学.md,30.77,中国近代启蒙与民主革命
谭嗣同 仁学 个性解放,0163_谭嗣同_仁学_个性解放.md,个人主义 个性解放 五四,0169_个人主义_个性解放_五四.md,25.36,中国近代启蒙与民主革命
谭嗣同 仁学 个性解放,0163_谭嗣同_仁学_个性解放.md,龚自珍 个性解放 人生理想,1514_龚自珍_个性解放_人生理想.md,25.0,中国近代启蒙与民主革命
梁启超 民权思想 新民说,0164_梁启超_民权思想_新民说.md,梁启超 新民说 民权思想,0177_梁启超_新民说_民权思想.md,65.91,中国近代启蒙与民主革命
梁启超 民权思想 新民说,0164_梁启超_民权思想_新民说.md,梁启超 新民德 道德革命,0178_梁启超_新民德_道德革命.md,20.0,中国近代启蒙与民主革命
梁启超 民权思想 新民说,0164_梁启超_民权思想_新民说.md,康有为 梁启超,1865_康有为_梁启超.md,19.17,中国近代启蒙与民主革命
梁启超 民权思想 新民说,0164_梁启超_民权思想_新民说.md,梁启超 自由 群 进化,0254_梁启超_自由_群_进化.md,18.57,中国近代启蒙与民主革命
梁启超 民权思想 新民说,0164_梁启超_民权思想_新民说.md,张君劢 梁启超 玄学派,0192_张君劢_梁启超_玄学派.md,18.33,中国近代启蒙与民主革命
戊戌维新 启蒙运动 社会基础,0165_戊戌维新_启蒙运动_社会基础.md,启蒙运动 意义 社会基础,0152_启蒙运动_意义_社会基础.md,50.71,新启蒙运动
戊戌维新 启蒙运动 社会基础,0165_戊戌维新_启蒙运动_社会基础.md,人生 活动 社会基础,1449_人生_活动_社会基础.md,27.14,新启蒙运动
戊戌维新 启蒙运动 社会基础,0165_戊戌维新_启蒙运动_社会基础.md,市民社会 理性 启蒙运动,0155_市民社会_理性_启蒙运动.md,26.25,新启蒙运动
戊戌维新 启蒙运动 社会基础,0165_戊戌维新_启蒙运动_社会基础.md,反帝 反封建 启蒙运动,0158_反帝_反封建_启蒙运动.md,24.69,新启蒙运动
戊戌维新 启蒙运动 社会基础,0165_戊戌维新_启蒙运动_社会基础.md,启蒙运动 资本主义 兴起,0154_启蒙运动_资本主义_兴起.md,24.41,新启蒙运动
五四新文化 民主 科学,0166_五四新文化_民主_科学.md,五四新文化 新文化运动,1783_五四新文化_新文化运动.md,34.09,新启蒙运动
五四新文化 民主 科学,0166_五四新文化_民主_科学.md,五四新文化 传统 反传统,0182_五四新文化_传统_反传统.md,33.33,新启蒙运动
五四新文化 民主 科学,0166_五四新文化_民主_科学.md,五四精神 爱国 民主 科学,0239_五四精神_爱国_民主_科学.md,7.69,新启蒙运动
五四新文化 民主 科学,0166_五四新文化_民主_科学.md,五四运动 新文化 弱点,0230_五四运动_新文化_弱点.md,5.77,新启蒙运动
五四新文化 民主 科学,0166_五四新文化_民主_科学.md,陈独秀 民主 科学 反孔,0324_陈独秀_民主_科学_反孔.md,5.77,新启蒙运动
民主主义 政治改革 五四,0167_民主主义_政治改革_五四.md,民主主义 知识分子 思潮,1825_民主主义_知识分子_思潮.md,25.0,五四时期马克思主义传播
民主主义 政治改革 五四,0167_民主主义_政治改革_五四.md,个人主义 个性解放 五四,0169_个人主义_个性解放_五四.md,13.12,五四时期马克思主义传播
民主主义 政治改革 五四,0167_民主主义_政治改革_五四.md,传播马克思主义 社团 五四,0145_传播马克思主义_社团_五四.md,12.94,五四时期马克思主义传播
民主主义 政治改革 五四,0167_民主主义_政治改革_五四.md,五四 扬弃 继承,1836_五四_扬弃_继承.md,11.92,五四时期马克思主义传播
民主主义 政治改革 五四,0167_民主主义_政治改革_五四.md,革命问题 哲学思考 五四,0139_革命问题_哲学思考_五四.md,11.47,五四时期马克思主义传播
科学方法 新世界观 五四,0168_科学方法_新世界观_五四.md,马克思 恩格斯 新世界观,0025_马克思_恩格斯_新世界观.md,25.0,五四时期马克思主义传播
科学方法 新世界观 五四,0168_科学方法_新世界观_五四.md,丁文江 科学方法 人生观,0202_丁文江_科学方法_人生观.md,25.0,五四时期马克思主义传播
科学方法 新世界观 五四,0168_科学方法_新世界观_五四.md,五四 扬弃 继承,1836_五四_扬弃_继承.md,11.92,五四时期马克思主义传播
科学方法 新世界观 五四,0168_科学方法_新世界观_五四.md,革命问题 哲学思考 五四,0139_革命问题_哲学思考_五四.md,11.47,五四时期马克思主义传播
科学方法 新世界观 五四,0168_科学方法_新世界观_五四.md,阶级问题 哲学思考 五四,0140_阶级问题_哲学思考_五四.md,11.47,五四时期马克思主义传播
个人主义 个性解放 五四,0169_个人主义_个性解放_五四.md,谭嗣同 仁学 个性解放,0163_谭嗣同_仁学_个性解放.md,25.36,五四时期马克思主义传播
个人主义 个性解放 五四,0169_个人主义_个性解放_五四.md,龚自珍 个性解放 人生理想,1514_龚自珍_个性解放_人生理想.md,24.69,五四时期马克思主义传播
个人主义 个性解放 五四,0169_个人主义_个性解放_五四.md,小所有者 个人主义 象牙之塔,1442_小所有者_个人主义_象牙之塔.md,24.41,五四时期马克思主义传播
个人主义 个性解放 五四,0169_个人主义_个性解放_五四.md,民主主义 政治改革 五四,0167_民主主义_政治改革_五四.md,13.12,五四时期马克思主义传播
个人主义 个性解放 五四,0169_个人主义_个性解放_五四.md,传播马克思主义 社团 五四,0145_传播马克思主义_社团_五四.md,12.94,五四时期马克思主义传播
中国社会性质 论战 启蒙,0170_中国社会性质_论战_启蒙.md,中国社会性质 论战,0184_中国社会性质_论战.md,59.44,中国社会性质论战
中国社会性质 论战 启蒙,0170_中国社会性质_论战_启蒙.md,中国社会性质 论战 马克思主义哲学,0227_中国社会性质_论战_马克思主义哲学.md,50.94,中国社会性质论战
中国社会性质 论战 启蒙,0170_中国社会性质_论战_启蒙.md,中国社会性质 论争,0149_中国社会性质_论争.md,45.0,中国社会性质论战
中国社会性质 论战 启蒙,0170_中国社会性质_论战_启蒙.md,新生命派 中国社会性质 批判,0150_新生命派_中国社会性质_批判.md,38.33,中国社会性质论战
中国社会性质 论战 启蒙,0170_中国社会性质_论战_启蒙.md,托陈取消派 中国社会性质 批判,0151_托陈取消派_中国社会性质_批判.md,37.81,中国社会性质论战
中国社会史 论战 启蒙,0171_中国社会史_论战_启蒙.md,中国社会史 论战,0186_中国社会史_论战.md,53.75,唯物史观与中国史学研究
中国社会史 论战 启蒙,0171_中国社会史_论战_启蒙.md,中国社会史 论战 马克思主义哲学,0228_中国社会史_论战_马克思主义哲学.md,45.0,唯物史观与中国史学研究
中国社会史 论战 启蒙,0171_中国社会史_论战_启蒙.md,中国社会性质 论战 启蒙,0170_中国社会性质_论战_启蒙.md,33.64,唯物史观与中国史学研究
中国社会史 论战 启蒙,0171_中国社会史_论战_启蒙.md,中国社会性质 论战,0184_中国社会性质_论战.md,19.09,唯物史观与中国史学研究
中国社会史 论战 启蒙,0171_中国社会史_论战_启蒙.md,中国社会性质 论战 马克思主义哲学,0227_中国社会性质_论战_马克思主义哲学.md,15.56,唯物史观与中国史学研究
康有为 托古改制 大同,0172_康有为_托古改制_大同.md,康有为 大同书 空想主义,0161_康有为_大同书_空想主义.md,20.36,中国近代启蒙与民主革命
康有为 托古改制 大同,0172_康有为_托古改制_大同.md,康有为 孔子改制 经典怀疑,0174_康有为_孔子改制_经典怀疑.md,20.0,中国近代启蒙与民主革命
康有为 托古改制 大同,0172_康有为_托古改制_大同.md,康有为 大同思想 历史进化,0246_康有为_大同思想_历史进化.md,20.0,中国近代启蒙与民主革命
康有为 托古改制 大同,0172_康有为_托古改制_大同.md,康有为 谭嗣同,1727_康有为_谭嗣同.md,19.55,中国近代启蒙与民主革命
康有为 托古改制 大同,0172_康有为_托古改制_大同.md,康有为 改良派,1749_康有为_改良派.md,19.55,中国近代启蒙与民主革命
康有为 公羊三世 进化,0173_康有为_公羊三世_进化.md,康有为 三世说 历史进化论,0244_康有为_三世说_历史进化论.md,22.14,中国近代启蒙与民主革命
康有为 公羊三世 进化,0173_康有为_公羊三世_进化.md,康有为 大同思想 历史进化,0246_康有为_大同思想_历史进化.md,20.0,中国近代启蒙与民主革命
康有为 公羊三世 进化,0173_康有为_公羊三世_进化.md,康有为 谭嗣同,1727_康有为_谭嗣同.md,19.55,中国近代启蒙与民主革命
康有为 公羊三世 进化,0173_康有为_公羊三世_进化.md,康有为 改良派,1749_康有为_改良派.md,19.55,中国近代启蒙与民主革命
康有为 公羊三世 进化,0173_康有为_公羊三世_进化.md,康有为 梁启超,1865_康有为_梁启超.md,19.55,中国近代启蒙与民主革命
康有为 孔子改制 经典怀疑,0174_康有为_孔子改制_经典怀疑.md,康有为 新学伪经考 孔子改制考,0160_康有为_新学伪经考_孔子改制考.md,22.35,中国哲学传统与现代转型
康有为 孔子改制 经典怀疑,0174_康有为_孔子改制_经典怀疑.md,康有为 托古改制 大同,0172_康有为_托古改制_大同.md,20.0,中国哲学传统与现代转型
康有为 孔子改制 经典怀疑,0174_康有为_孔子改制_经典怀疑.md,康有为 谭嗣同,1727_康有为_谭嗣同.md,18.85,中国哲学传统与现代转型
康有为 孔子改制 经典怀疑,0174_康有为_孔子改制_经典怀疑.md,康有为 改良派,1749_康有为_改良派.md,18.85,中国哲学传统与现代转型
康有为 孔子改制 经典怀疑,0174_康有为_孔子改制_经典怀疑.md,康有为 梁启超,1865_康有为_梁启超.md,18.85,中国哲学传统与现代转型
谭嗣同 仁学 冲决网罗,0175_谭嗣同_仁学_冲决网罗.md,谭嗣同 冲决网罗 仁学,0248_谭嗣同_冲决网罗_仁学.md,60.0,中国近代启蒙与民主革命
谭嗣同 仁学 冲决网罗,0175_谭嗣同_仁学_冲决网罗.md,谭嗣同 仁学 个性解放,0163_谭嗣同_仁学_个性解放.md,33.33,中国近代启蒙与民主革命
谭嗣同 仁学 冲决网罗,0175_谭嗣同_仁学_冲决网罗.md,仁学 谭嗣同,1776_仁学_谭嗣同.md,33.33,中国近代启蒙与民主革命
谭嗣同 仁学 冲决网罗,0175_谭嗣同_仁学_冲决网罗.md,谭嗣同 冲决罗网 反古思想,0162_谭嗣同_冲决罗网_反古思想.md,20.0,中国近代启蒙与民主革命
谭嗣同 仁学 冲决网罗,0175_谭嗣同_仁学_冲决网罗.md,康有为 谭嗣同,1727_康有为_谭嗣同.md,19.55,中国近代启蒙与民主革命
谭嗣同 自由思想 资本社会,0176_谭嗣同_自由思想_资本社会.md,谭嗣同 冲决罗网 反古思想,0162_谭嗣同_冲决罗网_反古思想.md,19.41,政治经济学与资本主义批判
谭嗣同 自由思想 资本社会,0176_谭嗣同_自由思想_资本社会.md,中国近代思想 康有为 谭嗣同,1694_中国近代思想_康有为_谭嗣同.md,19.17,政治经济学与资本主义批判
谭嗣同 自由思想 资本社会,0176_谭嗣同_自由思想_资本社会.md,仁学 谭嗣同,1776_仁学_谭嗣同.md,19.17,政治经济学与资本主义批判
谭嗣同 自由思想 资本社会,0176_谭嗣同_自由思想_资本社会.md,康有为 谭嗣同,1727_康有为_谭嗣同.md,18.85,政治经济学与资本主义批判
谭嗣同 自由思想 资本社会,0176_谭嗣同_自由思想_资本社会.md,谭嗣同 仁学 个性解放,0163_谭嗣同_仁学_个性解放.md,18.12,政治经济学与资本主义批判
梁启超 新民说 民权思想,0177_梁启超_新民说_民权思想.md,梁启超 民权思想 新民说,0164_梁启超_民权思想_新民说.md,65.91,中国近代启蒙与民主革命
梁启超 新民说 民权思想,0177_梁启超_新民说_民权思想.md,梁启超 新民德 道德革命,0178_梁启超_新民德_道德革命.md,22.14,中国近代启蒙与民主革命
梁启超 新民说 民权思想,0177_梁启超_新民说_民权思想.md,康有为 梁启超,1865_康有为_梁启超.md,19.17,中国近代启蒙与民主革命
梁启超 新民说 民权思想,0177_梁启超_新民说_民权思想.md,梁启超 自由 群 进化,0254_梁启超_自由_群_进化.md,18.57,中国近代启蒙与民主革命
梁启超 新民说 民权思想,0177_梁启超_新民说_民权思想.md,张君劢 梁启超 玄学派,0192_张君劢_梁启超_玄学派.md,18.33,中国近代启蒙与民主革命
梁启超 新民德 道德革命,0178_梁启超_新民德_道德革命.md,梁启超 新民说 民权思想,0177_梁启超_新民说_民权思想.md,22.14,中国近代启蒙与民主革命
梁启超 新民德 道德革命,0178_梁启超_新民德_道德革命.md,梁启超 民权思想 新民说,0164_梁启超_民权思想_新民说.md,20.0,中国近代启蒙与民主革命
梁启超 新民德 道德革命,0178_梁启超_新民德_道德革命.md,康有为 梁启超,1865_康有为_梁启超.md,19.17,中国近代启蒙与民主革命
梁启超 新民德 道德革命,0178_梁启超_新民德_道德革命.md,梁启超 自由 群 进化,0254_梁启超_自由_群_进化.md,18.57,中国近代启蒙与民主革命
梁启超 新民德 道德革命,0178_梁启超_新民德_道德革命.md,张君劢 梁启超 玄学派,0192_张君劢_梁启超_玄学派.md,18.33,中国近代启蒙与民主革命
严复 天演论 进化论,0179_严复_天演论_进化论.md,天演论,1927_天演论.md,22.14,中国近代启蒙与民主革命
严复 天演论 进化论,0179_严复_天演论_进化论.md,陈独秀 进化论 历史观,0345_陈独秀_进化论_历史观.md,18.85,中国近代启蒙与民主革命
严复 天演论 进化论,0179_严复_天演论_进化论.md,马君武 社会主义 进化论,0110_马君武_社会主义_进化论.md,18.57,中国近代启蒙与民主革命
严复 天演论 进化论,0179_严复_天演论_进化论.md,谭嗣同 进化论 唯意志论,0250_谭嗣同_进化论_唯意志论.md,18.57,中国近代启蒙与民主革命
严复 天演论 进化论,0179_严复_天演论_进化论.md,马君武 社会主义 进化论 马克思,0089_马君武_社会主义_进化论_马克思.md,17.94,中国近代启蒙与民主革命
严复 自由 经验论,0180_严复_自由_经验论.md,严复 天演之学 经验论,0251_严复_天演之学_经验论.md,31.82,中国近代启蒙与民主革命
严复 自由 经验论,0180_严复_自由_经验论.md,严复 自由 功利主义,0253_严复_自由_功利主义.md,17.5,中国近代启蒙与民主革命
严复 自由 经验论,0180_严复_自由_经验论.md,严复 天演论 进化论,0179_严复_天演论_进化论.md,12.08,中国近代启蒙与民主革命
严复 自由 经验论,0180_严复_自由_经验论.md,严复 中西 事理 古今,0243_严复_中西_事理_古今.md,12.08,中国近代启蒙与民主革命
严复 自由 经验论,0180_严复_自由_经验论.md,严复 归纳法 逻辑思想,0252_严复_归纳法_逻辑思想.md,11.92,中国近代启蒙与民主革命
自由主义 保守主义 马克思主义 三派,0181_自由主义_保守主义_马克思主义_三派.md,胡适 往西走 自由主义,0460_胡适_往西走_自由主义.md,24.41,马克思恩格斯经典文本与哲学关系
自由主义 保守主义 马克思主义 三派,0181_自由主义_保守主义_马克思主义_三派.md,梁漱溟 东方文化 保守主义,0183_梁漱溟_东方文化_保守主义.md,23.95,马克思恩格斯经典文本与哲学关系
自由主义 保守主义 马克思主义 三派,0181_自由主义_保守主义_马克思主义_三派.md,新启蒙运动 自由主义 文化思想,0379_新启蒙运动_自由主义_文化思想.md,23.57,马克思恩格斯经典文本与哲学关系
自由主义 保守主义 马克思主义 三派,0181_自由主义_保守主义_马克思主义_三派.md,中国马克思主义 马克思主义者,1788_中国马克思主义_马克思主义者.md,8.33,马克思恩格斯经典文本与哲学关系
自由主义 保守主义 马克思主义 三派,0181_自由主义_保守主义_马克思主义_三派.md,问题与主义 马克思主义 论战,0120_问题与主义_马克思主义_论战.md,7.35,马克思恩格斯经典文本与哲学关系
五四新文化 传统 反传统,0182_五四新文化_传统_反传统.md,五四新文化 新文化运动,1783_五四新文化_新文化运动.md,34.09,五四新文化与马克思主义早期传播
五四新文化 传统 反传统,0182_五四新文化_传统_反传统.md,五四新文化 民主 科学,0166_五四新文化_民主_科学.md,33.33,五四新文化与马克思主义早期传播
五四新文化 传统 反传统,0182_五四新文化_传统_反传统.md,五四运动 新文化 弱点,0230_五四运动_新文化_弱点.md,5.77,五四新文化与马克思主义早期传播
五四新文化 传统 反传统,0182_五四新文化_传统_反传统.md,新文化运动 五四运动 学术史,0118_新文化运动_五四运动_学术史.md,5.0,五四新文化与马克思主义早期传播
梁漱溟 东方文化 保守主义,0183_梁漱溟_东方文化_保守主义.md,自由主义 保守主义 马克思主义 三派,0181_自由主义_保守主义_马克思主义_三派.md,23.95,思想论战与文化批判
梁漱溟 东方文化 保守主义,0183_梁漱溟_东方文化_保守主义.md,胡适 西化 梁漱溟 中体西用,0481_胡适_西化_梁漱溟_中体西用.md,17.78,思想论战与文化批判
梁漱溟 东方文化 保守主义,0183_梁漱溟_东方文化_保守主义.md,梁启超 科学破产 文化保守主义,0199_梁启超_科学破产_文化保守主义.md,7.35,思想论战与文化批判
中国社会性质 论战,0184_中国社会性质_论战.md,中国社会性质 论战 启蒙,0170_中国社会性质_论战_启蒙.md,59.44,中国社会性质论战
中国社会性质 论战,0184_中国社会性质_论战.md,中国社会性质 论战 马克思主义哲学,0227_中国社会性质_论战_马克思主义哲学.md,52.5,中国社会性质论战
中国社会性质 论战,0184_中国社会性质_论战.md,中国社会性质 论争,0149_中国社会性质_论争.md,48.75,中国社会性质论战
中国社会性质 论战,0184_中国社会性质_论战.md,新生命派 中国社会性质 批判,0150_新生命派_中国社会性质_批判.md,39.62,中国社会性质论战
中国社会性质 论战,0184_中国社会性质_论战.md,托陈取消派 中国社会性质 批判,0151_托陈取消派_中国社会性质_批判.md,38.93,中国社会性质论战
科学与人生观 论战,0185_科学与人生观_论战.md,科学与人生观 论战 性质,0242_科学与人生观_论战_性质.md,59.44,科学与人生观论战
科学与人生观 论战,0185_科学与人生观_论战.md,科学与人生观 论战 马克思主义,0121_科学与人生观_论战_马克思主义.md,54.58,科学与人生观论战
科学与人生观 论战,0185_科学与人生观_论战.md,科学与人生观 论战 马克思主义批判,0148_科学与人生观_论战_马克思主义批判.md,52.5,科学与人生观论战
科学与人生观 论战,0185_科学与人生观_论战.md,科学与人生观 张君劢 丁文江,1696_科学与人生观_张君劢_丁文江.md,39.62,科学与人生观论战
科学与人生观 论战,0185_科学与人生观_论战.md,人生观 论战 科玄论战,0187_人生观_论战_科玄论战.md,20.0,科学与人生观论战
中国社会史 论战,0186_中国社会史_论战.md,中国社会史 论战 启蒙,0171_中国社会史_论战_启蒙.md,53.75,唯物史观与中国史学研究
中国社会史 论战,0186_中国社会史_论战.md,中国社会史 论战 马克思主义哲学,0228_中国社会史_论战_马克思主义哲学.md,46.54,唯物史观与中国史学研究
中国社会史 论战,0186_中国社会史_论战.md,中国社会性质 论战,0184_中国社会性质_论战.md,21.11,唯物史观与中国史学研究
中国社会史 论战,0186_中国社会史_论战.md,中国社会性质 论战 启蒙,0170_中国社会性质_论战_启蒙.md,19.09,唯物史观与中国史学研究
中国社会史 论战,0186_中国社会史_论战.md,中国社会性质 论战 马克思主义哲学,0227_中国社会性质_论战_马克思主义哲学.md,16.25,唯物史观与中国史学研究
人生观 论战 科玄论战,0187_人生观_论战_科玄论战.md,科玄论战 人生观 科学,1697_科玄论战_人生观_科学.md,47.5,新哲学大众化运动
人生观 论战 科玄论战,0187_人生观_论战_科玄论战.md,必然 自由 科玄论战,0217_必然_自由_科玄论战.md,26.82,新哲学大众化运动
人生观 论战 科玄论战,0187_人生观_论战_科玄论战.md,个人 社会 科玄论战,0218_个人_社会_科玄论战.md,26.82,新哲学大众化运动
人生观 论战 科玄论战,0187_人生观_论战_科玄论战.md,武断 断章取义 科玄论战,0221_武断_断章取义_科玄论战.md,25.77,新哲学大众化运动
人生观 论战 科玄论战,0187_人生观_论战_科玄论战.md,精神文明 物质文明 科玄论战,0196_精神文明_物质文明_科玄论战.md,25.36,新哲学大众化运动
张君劢 人生观 科学,0188_张君劢_人生观_科学.md,张君劢 孔孟 宋明理学 人生观,0201_张君劢_孔孟_宋明理学_人生观.md,37.14,科学与人生观论战
张君劢 人生观 科学,0188_张君劢_人生观_科学.md,人生观 科学 分家,0189_人生观_科学_分家.md,26.11,科学与人生观论战
张君劢 人生观 科学,0188_张君劢_人生观_科学.md,科学与人生观 张君劢 丁文江,1696_科学与人生观_张君劢_丁文江.md,24.62,科学与人生观论战
张君劢 人生观 科学,0188_张君劢_人生观_科学.md,人生观 科学 能否解决,0190_人生观_科学_能否解决.md,24.09,科学与人生观论战
张君劢 人生观 科学,0188_张君劢_人生观_科学.md,科玄论战 人生观 科学,1697_科玄论战_人生观_科学.md,24.09,科学与人生观论战
人生观 科学 分家,0189_人生观_科学_分家.md,张君劢 人生观 科学,0188_张君劢_人生观_科学.md,26.11,科学与人生观论战
人生观 科学 分家,0189_人生观_科学_分家.md,人生观 科学 能否解决,0190_人生观_科学_能否解决.md,25.0,科学与人生观论战
人生观 科学 分家,0189_人生观_科学_分家.md,科玄论战 人生观 科学,1697_科玄论战_人生观_科学.md,25.0,科学与人生观论战
人生观 科学 分家,0189_人生观_科学_分家.md,科学 无法解决 人生观,0195_科学_无法解决_人生观.md,21.82,科学与人生观论战
人生观 科学 分家,0189_人生观_科学_分家.md,自然科学 人生观 影响,0210_自然科学_人生观_影响.md,21.82,科学与人生观论战
人生观 科学 能否解决,0190_人生观_科学_能否解决.md,人生观 科学 分家,0189_人生观_科学_分家.md,25.0,科学与人生观论战
人生观 科学 能否解决,0190_人生观_科学_能否解决.md,张君劢 人生观 科学,0188_张君劢_人生观_科学.md,24.09,科学与人生观论战
人生观 科学 能否解决,0190_人生观_科学_能否解决.md,科学 无法解决 人生观,0195_科学_无法解决_人生观.md,23.33,科学与人生观论战
人生观 科学 能否解决,0190_人生观_科学_能否解决.md,科玄论战 人生观 科学,1697_科玄论战_人生观_科学.md,23.33,科学与人生观论战
人生观 科学 能否解决,0190_人生观_科学_能否解决.md,自然科学 人生观 影响,0210_自然科学_人生观_影响.md,20.77,科学与人生观论战
玄学派 科学派 唯物史观派,0191_玄学派_科学派_唯物史观派.md,唯物史观派 马克思主义,0041_唯物史观派_马克思主义.md,32.14,思想论战与文化批判
玄学派 科学派 唯物史观派,0191_玄学派_科学派_唯物史观派.md,陈独秀 瞿秋白 唯物史观派,0329_陈独秀_瞿秋白_唯物史观派.md,31.67,思想论战与文化批判
玄学派 科学派 唯物史观派,0191_玄学派_科学派_唯物史观派.md,张君劢 梁启超 玄学派,0192_张君劢_梁启超_玄学派.md,18.33,思想论战与文化批判
玄学派 科学派 唯物史观派,0191_玄学派_科学派_唯物史观派.md,丁文江 胡适 吴稚晖 科学派,0461_丁文江_胡适_吴稚晖_科学派.md,17.94,思想论战与文化批判
玄学派 科学派 唯物史观派,0191_玄学派_科学派_唯物史观派.md,唯物史观 谈政治,0032_唯物史观_谈政治.md,6.25,思想论战与文化批判
张君劢 梁启超 玄学派,0192_张君劢_梁启超_玄学派.md,康有为 梁启超,1865_康有为_梁启超.md,19.55,科学与人生观论战
张君劢 梁启超 玄学派,0192_张君劢_梁启超_玄学派.md,张君劢 人生观 科学,0188_张君劢_人生观_科学.md,18.85,科学与人生观论战
张君劢 梁启超 玄学派,0192_张君劢_梁启超_玄学派.md,梁启超 自由 群 进化,0254_梁启超_自由_群_进化.md,18.85,科学与人生观论战
张君劢 梁启超 玄学派,0192_张君劢_梁启超_玄学派.md,梁启超 欧游 科学万能,0198_梁启超_欧游_科学万能.md,18.57,科学与人生观论战
张君劢 梁启超 玄学派,0192_张君劢_梁启超_玄学派.md,张君劢 内心生活 修养,0200_张君劢_内心生活_修养.md,18.57,科学与人生观论战
人生观 主观 直觉 综合,0193_人生观_主观_直觉_综合.md,人生观 科学 分家,0189_人生观_科学_分家.md,19.17,哲学基本范畴与辩证法原理
人生观 主观 直觉 综合,0193_人生观_主观_直觉_综合.md,人生观 哲学 生活,0234_人生观_哲学_生活.md,19.17,哲学基本范畴与辩证法原理
人生观 主观 直觉 综合,0193_人生观_主观_直觉_综合.md,哲学 生活 人生观,0235_哲学_生活_人生观.md,19.17,哲学基本范畴与辩证法原理
人生观 主观 直觉 综合,0193_人生观_主观_直觉_综合.md,悲观 乐观 人生观,0237_悲观_乐观_人生观.md,19.17,哲学基本范畴与辩证法原理
人生观 主观 直觉 综合,0193_人生观_主观_直觉_综合.md,人生观 论战 科玄论战,0187_人生观_论战_科玄论战.md,18.85,哲学基本范畴与辩证法原理
人生观 自由意志 单一性,0194_人生观_自由意志_单一性.md,自由意志 因果律 人生观,0211_自由意志_因果律_人生观.md,44.62,新哲学大众化运动
人生观 自由意志 单一性,0194_人生观_自由意志_单一性.md,人生观 科学 分家,0189_人生观_科学_分家.md,18.85,新哲学大众化运动
人生观 自由意志 单一性,0194_人生观_自由意志_单一性.md,人生观 哲学 生活,0234_人生观_哲学_生活.md,18.85,新哲学大众化运动
人生观 自由意志 单一性,0194_人生观_自由意志_单一性.md,哲学 生活 人生观,0235_哲学_生活_人生观.md,18.85,新哲学大众化运动
人生观 自由意志 单一性,0194_人生观_自由意志_单一性.md,悲观 乐观 人生观,0237_悲观_乐观_人生观.md,18.85,新哲学大众化运动
科学 无法解决 人生观,0195_科学_无法解决_人生观.md,人生观 科学 能否解决,0190_人生观_科学_能否解决.md,23.33,科学与人生观论战
科学 无法解决 人生观,0195_科学_无法解决_人生观.md,人生观 科学 分家,0189_人生观_科学_分家.md,21.82,科学与人生观论战
科学 无法解决 人生观,0195_科学_无法解决_人生观.md,张君劢 人生观 科学,0188_张君劢_人生观_科学.md,21.25,科学与人生观论战
科学 无法解决 人生观,0195_科学_无法解决_人生观.md,自然科学 人生观 影响,0210_自然科学_人生观_影响.md,20.77,科学与人生观论战
科学 无法解决 人生观,0195_科学_无法解决_人生观.md,科学主义 人生观 局限,0212_科学主义_人生观_局限.md,20.77,科学与人生观论战
精神文明 物质文明 科玄论战,0196_精神文明_物质文明_科玄论战.md,人生观 论战 科玄论战,0187_人生观_论战_科玄论战.md,25.36,哲学基本范畴与辩证法原理
精神文明 物质文明 科玄论战,0196_精神文明_物质文明_科玄论战.md,必然 自由 科玄论战,0217_必然_自由_科玄论战.md,25.36,哲学基本范畴与辩证法原理
精神文明 物质文明 科玄论战,0196_精神文明_物质文明_科玄论战.md,个人 社会 科玄论战,0218_个人_社会_科玄论战.md,25.36,哲学基本范畴与辩证法原理
精神文明 物质文明 科玄论战,0196_精神文明_物质文明_科玄论战.md,物质文明 破产 人生观,0197_物质文明_破产_人生观.md,25.0,哲学基本范畴与辩证法原理
精神文明 物质文明 科玄论战,0196_精神文明_物质文明_科玄论战.md,科玄论战 人生观 科学,1697_科玄论战_人生观_科学.md,25.0,哲学基本范畴与辩证法原理
物质文明 破产 人生观,0197_物质文明_破产_人生观.md,精神文明 物质文明 科玄论战,0196_精神文明_物质文明_科玄论战.md,25.0,哲学基本范畴与辩证法原理
物质文明 破产 人生观,0197_物质文明_破产_人生观.md,人生观 科学 分家,0189_人生观_科学_分家.md,19.17,哲学基本范畴与辩证法原理
物质文明 破产 人生观,0197_物质文明_破产_人生观.md,人生观 哲学 生活,0234_人生观_哲学_生活.md,19.17,哲学基本范畴与辩证法原理
物质文明 破产 人生观,0197_物质文明_破产_人生观.md,哲学 生活 人生观,0235_哲学_生活_人生观.md,19.17,哲学基本范畴与辩证法原理
物质文明 破产 人生观,0197_物质文明_破产_人生观.md,悲观 乐观 人生观,0237_悲观_乐观_人生观.md,19.17,哲学基本范畴与辩证法原理
梁启超 欧游 科学万能,0198_梁启超_欧游_科学万能.md,康有为 梁启超,1865_康有为_梁启超.md,19.55,自然科学哲学与科学方法
梁启超 欧游 科学万能,0198_梁启超_欧游_科学万能.md,梁启超 科学破产 文化保守主义,0199_梁启超_科学破产_文化保守主义.md,19.41,自然科学哲学与科学方法
梁启超 欧游 科学万能,0198_梁启超_欧游_科学万能.md,梁启超 自由 群 进化,0254_梁启超_自由_群_进化.md,18.85,自然科学哲学与科学方法
梁启超 欧游 科学万能,0198_梁启超_欧游_科学万能.md,张君劢 梁启超 玄学派,0192_张君劢_梁启超_玄学派.md,18.57,自然科学哲学与科学方法
梁启超 欧游 科学万能,0198_梁启超_欧游_科学万能.md,梁启超 除心奴 认识论,0255_梁启超_除心奴_认识论.md,18.57,自然科学哲学与科学方法
梁启超 科学破产 文化保守主义,0199_梁启超_科学破产_文化保守主义.md,梁启超 欧游 科学万能,0198_梁启超_欧游_科学万能.md,19.41,自然科学哲学与科学方法
梁启超 科学破产 文化保守主义,0199_梁启超_科学破产_文化保守主义.md,梁启超 马克思 社会主义,0223_梁启超_马克思_社会主义.md,19.17,自然科学哲学与科学方法
梁启超 科学破产 文化保守主义,0199_梁启超_科学破产_文化保守主义.md,梁启超 马克思 社会主义 介绍,0130_梁启超_马克思_社会主义_介绍.md,18.75,自然科学哲学与科学方法
梁启超 科学破产 文化保守主义,0199_梁启超_科学破产_文化保守主义.md,梁启超 中国之社会主义 马克思,0131_梁启超_中国之社会主义_马克思.md,18.57,自然科学哲学与科学方法
梁启超 科学破产 文化保守主义,0199_梁启超_科学破产_文化保守主义.md,康有为 梁启超,1865_康有为_梁启超.md,18.33,自然科学哲学与科学方法
张君劢 内心生活 修养,0200_张君劢_内心生活_修养.md,张君劢 人生观 科学,0188_张君劢_人生观_科学.md,18.85,科学与人生观论战
张君劢 内心生活 修养,0200_张君劢_内心生活_修养.md,张君劢 梁启超 玄学派,0192_张君劢_梁启超_玄学派.md,18.57,科学与人生观论战
张君劢 内心生活 修养,0200_张君劢_内心生活_修养.md,张君劢 孔孟 宋明理学 人生观,0201_张君劢_孔孟_宋明理学_人生观.md,17.94,科学与人生观论战
张君劢 内心生活 修养,0200_张君劢_内心生活_修养.md,瞿秋白 张君劢 唯意志论 批判,0226_瞿秋白_张君劢_唯意志论_批判.md,17.94,科学与人生观论战
张君劢 内心生活 修养,0200_张君劢_内心生活_修养.md,科学与人生观 张君劢 丁文江,1696_科学与人生观_张君劢_丁文江.md,17.94,科学与人生观论战
张君劢 孔孟 宋明理学 人生观,0201_张君劢_孔孟_宋明理学_人生观.md,张君劢 人生观 科学,0188_张君劢_人生观_科学.md,37.14,科学与人生观论战
张君劢 孔孟 宋明理学 人生观,0201_张君劢_孔孟_宋明理学_人生观.md,科学 方法 论理学 人生观,0219_科学_方法_论理学_人生观.md,21.25,科学与人生观论战
张君劢 孔孟 宋明理学 人生观,0201_张君劢_孔孟_宋明理学_人生观.md,科学与人生观 张君劢 丁文江,1696_科学与人生观_张君劢_丁文江.md,20.56,科学与人生观论战
张君劢 孔孟 宋明理学 人生观,0201_张君劢_孔孟_宋明理学_人生观.md,旧哲学 人生观 问题,0236_旧哲学_人生观_问题.md,20.0,科学与人生观论战
张君劢 孔孟 宋明理学 人生观,0201_张君劢_孔孟_宋明理学_人生观.md,新哲学 人生观 问题,0393_新哲学_人生观_问题.md,20.0,科学与人生观论战
丁文江 科学方法 人生观,0202_丁文江_科学方法_人生观.md,科学方法 新世界观 五四,0168_科学方法_新世界观_五四.md,25.0,科学与人生观论战
丁文江 科学方法 人生观,0202_丁文江_科学方法_人生观.md,科学 方法 论理学 人生观,0219_科学_方法_论理学_人生观.md,24.62,科学与人生观论战
丁文江 科学方法 人生观,0202_丁文江_科学方法_人生观.md,丁文江 科学 智识论,0204_丁文江_科学_智识论.md,23.33,科学与人生观论战
丁文江 科学方法 人生观,0202_丁文江_科学方法_人生观.md,科学与人生观 张君劢 丁文江,1696_科学与人生观_张君劢_丁文江.md,23.33,科学与人生观论战
丁文江 科学方法 人生观,0202_丁文江_科学方法_人生观.md,丁文江 科学精神 处世立身,0203_丁文江_科学精神_处世立身.md,21.67,科学与人生观论战
丁文江 科学精神 处世立身,0203_丁文江_科学精神_处世立身.md,丁文江 科学 智识论,0204_丁文江_科学_智识论.md,22.69,科学与人生观论战
丁文江 科学精神 处世立身,0203_丁文江_科学精神_处世立身.md,丁文江 科学方法 人生观,0202_丁文江_科学方法_人生观.md,21.67,科学与人生观论战
丁文江 科学精神 处世立身,0203_丁文江_科学精神_处世立身.md,丁文江 胡适 吴稚晖 科学派,0461_丁文江_胡适_吴稚晖_科学派.md,19.41,科学与人生观论战
丁文江 科学精神 处世立身,0203_丁文江_科学精神_处世立身.md,科学与人生观 张君劢 丁文江,1696_科学与人生观_张君劢_丁文江.md,19.17,科学与人生观论战
丁文江 科学 智识论,0204_丁文江_科学_智识论.md,丁文江 科学方法 人生观,0202_丁文江_科学方法_人生观.md,23.33,科学与人生观论战
丁文江 科学 智识论,0204_丁文江_科学_智识论.md,丁文江 科学精神 处世立身,0203_丁文江_科学精神_处世立身.md,22.69,科学与人生观论战
丁文江 科学 智识论,0204_丁文江_科学_智识论.md,丁文江 胡适 吴稚晖 科学派,0461_丁文江_胡适_吴稚晖_科学派.md,20.36,科学与人生观论战
丁文江 科学 智识论,0204_丁文江_科学_智识论.md,科学与人生观 张君劢 丁文江,1696_科学与人生观_张君劢_丁文江.md,20.0,科学与人生观论战
科学 玄学 战争 历史,0205_科学_玄学_战争_历史.md,科学 误解 玄学,0207_科学_误解_玄学.md,15.0,思想论战与文化批判
科学 玄学 战争 历史,0205_科学_玄学_战争_历史.md,科学 限界 玄学,0208_科学_限界_玄学.md,15.0,思想论战与文化批判
科学 玄学 战争 历史,0205_科学_玄学_战争_历史.md,战争 政治 革命,1323_战争_政治_革命.md,12.27,思想论战与文化批判
科学 玄学 战争 历史,0205_科学_玄学_战争_历史.md,帝国主义 战争,1720_帝国主义_战争.md,12.27,思想论战与文化批判
科学 玄学 战争 历史,0205_科学_玄学_战争_历史.md,中外合璧 玄学 流毒,0206_中外合璧_玄学_流毒.md,11.92,思想论战与文化批判
中外合璧 玄学 流毒,0206_中外合璧_玄学_流毒.md,科学 误解 玄学,0207_科学_误解_玄学.md,12.27,思想论战与文化批判
中外合璧 玄学 流毒,0206_中外合璧_玄学_流毒.md,科学 限界 玄学,0208_科学_限界_玄学.md,12.27,思想论战与文化批判
中外合璧 玄学 流毒,0206_中外合璧_玄学_流毒.md,科学 玄学 战争 历史,0205_科学_玄学_战争_历史.md,11.92,思想论战与文化批判
中外合璧 玄学 流毒,0206_中外合璧_玄学_流毒.md,功利主义 人生观 玄学,0220_功利主义_人生观_玄学.md,11.79,思想论战与文化批判
科学 误解 玄学,0207_科学_误解_玄学.md,科学 限界 玄学,0208_科学_限界_玄学.md,16.25,思想论战与文化批判
科学 误解 玄学,0207_科学_误解_玄学.md,科学 玄学 战争 历史,0205_科学_玄学_战争_历史.md,15.0,思想论战与文化批判
科学 误解 玄学,0207_科学_误解_玄学.md,中外合璧 玄学 流毒,0206_中外合璧_玄学_流毒.md,12.27,思想论战与文化批判
科学 误解 玄学,0207_科学_误解_玄学.md,功利主义 人生观 玄学,0220_功利主义_人生观_玄学.md,12.08,思想论战与文化批判
科学 限界 玄学,0208_科学_限界_玄学.md,科学 误解 玄学,0207_科学_误解_玄学.md,16.25,思想论战与文化批判
科学 限界 玄学,0208_科学_限界_玄学.md,科学 玄学 战争 历史,0205_科学_玄学_战争_历史.md,15.0,思想论战与文化批判
科学 限界 玄学,0208_科学_限界_玄学.md,中外合璧 玄学 流毒,0206_中外合璧_玄学_流毒.md,12.27,思想论战与文化批判
科学 限界 玄学,0208_科学_限界_玄学.md,功利主义 人生观 玄学,0220_功利主义_人生观_玄学.md,12.08,思想论战与文化批判
吴稚晖 宇宙观 人生观,0209_吴稚晖_宇宙观_人生观.md,悲观 乐观 人生观,0237_悲观_乐观_人生观.md,21.82,新哲学大众化运动
吴稚晖 宇宙观 人生观,0209_吴稚晖_宇宙观_人生观.md,陈独秀 唯物史观 人生观,0213_陈独秀_唯物史观_人生观.md,20.36,新哲学大众化运动
吴稚晖 宇宙观 人生观,0209_吴稚晖_宇宙观_人生观.md,人生观 科学 分家,0189_人生观_科学_分家.md,19.17,新哲学大众化运动
吴稚晖 宇宙观 人生观,0209_吴稚晖_宇宙观_人生观.md,人生观 哲学 生活,0234_人生观_哲学_生活.md,19.17,新哲学大众化运动
吴稚晖 宇宙观 人生观,0209_吴稚晖_宇宙观_人生观.md,哲学 生活 人生观,0235_哲学_生活_人生观.md,19.17,新哲学大众化运动
自然科学 人生观 影响,0210_自然科学_人生观_影响.md,德国 自然科学,1786_德国_自然科学.md,27.5,科学与人生观论战
自然科学 人生观 影响,0210_自然科学_人生观_影响.md,自然科学 黑格尔,1779_自然科学_黑格尔.md,26.82,科学与人生观论战
自然科学 人生观 影响,0210_自然科学_人生观_影响.md,自然辩证法 自然科学,1667_自然辩证法_自然科学.md,26.25,科学与人生观论战
自然科学 人生观 影响,0210_自然科学_人生观_影响.md,自然科学 唯物论 观念论,0415_自然科学_唯物论_观念论.md,25.36,科学与人生观论战
自然科学 人生观 影响,0210_自然科学_人生观_影响.md,胡适 理性主义 自然科学,0475_胡适_理性主义_自然科学.md,25.36,科学与人生观论战
自由意志 因果律 人生观,0211_自由意志_因果律_人生观.md,人生观 自由意志 单一性,0194_人生观_自由意志_单一性.md,44.62,新哲学大众化运动
自由意志 因果律 人生观,0211_自由意志_因果律_人生观.md,人生观 科学 分家,0189_人生观_科学_分家.md,18.85,新哲学大众化运动
自由意志 因果律 人生观,0211_自由意志_因果律_人生观.md,人生观 哲学 生活,0234_人生观_哲学_生活.md,18.85,新哲学大众化运动
自由意志 因果律 人生观,0211_自由意志_因果律_人生观.md,哲学 生活 人生观,0235_哲学_生活_人生观.md,18.85,新哲学大众化运动
自由意志 因果律 人生观,0211_自由意志_因果律_人生观.md,悲观 乐观 人生观,0237_悲观_乐观_人生观.md,18.85,新哲学大众化运动
科学主义 人生观 局限,0212_科学主义_人生观_局限.md,功利主义 人生观 玄学,0220_功利主义_人生观_玄学.md,23.33,科学与人生观论战
科学主义 人生观 局限,0212_科学主义_人生观_局限.md,胡适 自然主义 人生观,0462_胡适_自然主义_人生观.md,23.33,科学与人生观论战
科学主义 人生观 局限,0212_科学主义_人生观_局限.md,人生观 科学 分家,0189_人生观_科学_分家.md,21.82,科学与人生观论战
科学主义 人生观 局限,0212_科学主义_人生观_局限.md,张君劢 人生观 科学,0188_张君劢_人生观_科学.md,21.25,科学与人生观论战
科学主义 人生观 局限,0212_科学主义_人生观_局限.md,人生观 科学 能否解决,0190_人生观_科学_能否解决.md,20.77,科学与人生观论战
陈独秀 唯物史观 人生观,0213_陈独秀_唯物史观_人生观.md,陈独秀 唯物史观 阶级斗争,0282_陈独秀_唯物史观_阶级斗争.md,46.54,陈独秀与马克思主义传播
陈独秀 唯物史观 人生观,0213_陈独秀_唯物史观_人生观.md,陈独秀 唯物史观 两大要旨,0308_陈独秀_唯物史观_两大要旨.md,46.54,陈独秀与马克思主义传播
陈独秀 唯物史观 人生观,0213_陈独秀_唯物史观_人生观.md,陈独秀 唯物史观 传播 应用,0331_陈独秀_唯物史观_传播_应用.md,46.54,陈独秀与马克思主义传播
陈独秀 唯物史观 人生观,0213_陈独秀_唯物史观_人生观.md,陈独秀 唯物史观 剩余价值 阶级斗争,0327_陈独秀_唯物史观_剩余价值_阶级斗争.md,43.82,陈独秀与马克思主义传播
陈独秀 唯物史观 人生观,0213_陈独秀_唯物史观_人生观.md,陈独秀 社会环境 人生观,0214_陈独秀_社会环境_人生观.md,37.14,陈独秀与马克思主义传播
陈独秀 社会环境 人生观,0214_陈独秀_社会环境_人生观.md,陈独秀 唯物史观 人生观,0213_陈独秀_唯物史观_人生观.md,37.14,陈独秀与马克思主义传播
陈独秀 社会环境 人生观,0214_陈独秀_社会环境_人生观.md,陈独秀 经济发展 人生观,0215_陈独秀_经济发展_人生观.md,37.14,陈独秀与马克思主义传播
陈独秀 社会环境 人生观,0214_陈独秀_社会环境_人生观.md,陈独秀 社会主义 学术思想,0263_陈独秀_社会主义_学术思想.md,21.67,陈独秀与马克思主义传播
陈独秀 社会环境 人生观,0214_陈独秀_社会环境_人生观.md,陈独秀 阶级斗争 社会革命理论,0309_陈独秀_阶级斗争_社会革命理论.md,19.17,陈独秀与马克思主义传播
陈独秀 社会环境 人生观,0214_陈独秀_社会环境_人生观.md,人生观 科学 分家,0189_人生观_科学_分家.md,18.85,陈独秀与马克思主义传播
陈独秀 经济发展 人生观,0215_陈独秀_经济发展_人生观.md,陈独秀 唯物史观 人生观,0213_陈独秀_唯物史观_人生观.md,37.14,陈独秀与马克思主义传播
陈独秀 经济发展 人生观,0215_陈独秀_经济发展_人生观.md,陈独秀 社会环境 人生观,0214_陈独秀_社会环境_人生观.md,37.14,陈独秀与马克思主义传播
陈独秀 经济发展 人生观,0215_陈独秀_经济发展_人生观.md,人生观 科学 分家,0189_人生观_科学_分家.md,18.85,陈独秀与马克思主义传播
陈独秀 经济发展 人生观,0215_陈独秀_经济发展_人生观.md,人生观 哲学 生活,0234_人生观_哲学_生活.md,18.85,陈独秀与马克思主义传播
陈独秀 经济发展 人生观,0215_陈独秀_经济发展_人生观.md,哲学 生活 人生观,0235_哲学_生活_人生观.md,18.85,陈独秀与马克思主义传播
瞿秋白 科玄论战 唯物史观,0216_瞿秋白_科玄论战_唯物史观.md,瞿秋白 唯物史观 进一步传播,0336_瞿秋白_唯物史观_进一步传播.md,42.81,瞿秋白与辩证唯物主义传播
瞿秋白 科玄论战 唯物史观,0216_瞿秋白_科玄论战_唯物史观.md,中国社会史论战 唯物史观,1699_中国社会史论战_唯物史观.md,28.33,瞿秋白与辩证唯物主义传播
瞿秋白 科玄论战 唯物史观,0216_瞿秋白_科玄论战_唯物史观.md,唯物史观 谈政治,0032_唯物史观_谈政治.md,25.77,瞿秋白与辩证唯物主义传播
瞿秋白 科玄论战 唯物史观,0216_瞿秋白_科玄论战_唯物史观.md,唯物史观 李大钊,1775_唯物史观_李大钊.md,25.77,瞿秋白与辩证唯物主义传播
瞿秋白 科玄论战 唯物史观,0216_瞿秋白_科玄论战_唯物史观.md,唯物史观 传播热潮,0064_唯物史观_传播热潮.md,25.36,瞿秋白与辩证唯物主义传播
必然 自由 科玄论战,0217_必然_自由_科玄论战.md,人生观 论战 科玄论战,0187_人生观_论战_科玄论战.md,26.82,中国近代启蒙与民主革命
必然 自由 科玄论战,0217_必然_自由_科玄论战.md,个人 社会 科玄论战,0218_个人_社会_科玄论战.md,26.82,中国近代启蒙与民主革命
必然 自由 科玄论战,0217_必然_自由_科玄论战.md,科玄论战 人生观 科学,1697_科玄论战_人生观_科学.md,26.25,中国近代启蒙与民主革命
必然 自由 科玄论战,0217_必然_自由_科玄论战.md,武断 断章取义 科玄论战,0221_武断_断章取义_科玄论战.md,25.77,中国近代启蒙与民主革命
必然 自由 科玄论战,0217_必然_自由_科玄论战.md,精神文明 物质文明 科玄论战,0196_精神文明_物质文明_科玄论战.md,25.36,中国近代启蒙与民主革命
个人 社会 科玄论战,0218_个人_社会_科玄论战.md,人生观 论战 科玄论战,0187_人生观_论战_科玄论战.md,26.82,思想论战与文化批判
个人 社会 科玄论战,0218_个人_社会_科玄论战.md,必然 自由 科玄论战,0217_必然_自由_科玄论战.md,26.82,思想论战与文化批判
个人 社会 科玄论战,0218_个人_社会_科玄论战.md,科玄论战 人生观 科学,1697_科玄论战_人生观_科学.md,26.25,思想论战与文化批判
个人 社会 科玄论战,0218_个人_社会_科玄论战.md,武断 断章取义 科玄论战,0221_武断_断章取义_科玄论战.md,25.77,思想论战与文化批判
个人 社会 科玄论战,0218_个人_社会_科玄论战.md,精神文明 物质文明 科玄论战,0196_精神文明_物质文明_科玄论战.md,25.36,思想论战与文化批判
科学 方法 论理学 人生观,0219_科学_方法_论理学_人生观.md,丁文江 科学方法 人生观,0202_丁文江_科学方法_人生观.md,24.62,科学与人生观论战
科学 方法 论理学 人生观,0219_科学_方法_论理学_人生观.md,自然科学 人生观 影响,0210_自然科学_人生观_影响.md,22.69,科学与人生观论战
科学 方法 论理学 人生观,0219_科学_方法_论理学_人生观.md,人生观 新哲学 科学人生观,0392_人生观_新哲学_科学人生观.md,22.69,科学与人生观论战
科学 方法 论理学 人生观,0219_科学_方法_论理学_人生观.md,科学 人生观 理智化 人化,0222_科学_人生观_理智化_人化.md,22.14,科学与人生观论战
科学 方法 论理学 人生观,0219_科学_方法_论理学_人生观.md,人生观 科学 分家,0189_人生观_科学_分家.md,21.25,科学与人生观论战
功利主义 人生观 玄学,0220_功利主义_人生观_玄学.md,严复 自由 功利主义,0253_严复_自由_功利主义.md,26.25,新哲学大众化运动
功利主义 人生观 玄学,0220_功利主义_人生观_玄学.md,科学主义 人生观 局限,0212_科学主义_人生观_局限.md,23.33,新哲学大众化运动
功利主义 人生观 玄学,0220_功利主义_人生观_玄学.md,胡适 自然主义 人生观,0462_胡适_自然主义_人生观.md,23.33,新哲学大众化运动
功利主义 人生观 玄学,0220_功利主义_人生观_玄学.md,人生观 科学 分家,0189_人生观_科学_分家.md,19.17,新哲学大众化运动
功利主义 人生观 玄学,0220_功利主义_人生观_玄学.md,人生观 哲学 生活,0234_人生观_哲学_生活.md,19.17,新哲学大众化运动
武断 断章取义 科玄论战,0221_武断_断章取义_科玄论战.md,人生观 论战 科玄论战,0187_人生观_论战_科玄论战.md,25.77,思想论战与文化批判
武断 断章取义 科玄论战,0221_武断_断章取义_科玄论战.md,必然 自由 科玄论战,0217_必然_自由_科玄论战.md,25.77,思想论战与文化批判
武断 断章取义 科玄论战,0221_武断_断章取义_科玄论战.md,个人 社会 科玄论战,0218_个人_社会_科玄论战.md,25.77,思想论战与文化批判
武断 断章取义 科玄论战,0221_武断_断章取义_科玄论战.md,科玄论战 人生观 科学,1697_科玄论战_人生观_科学.md,25.36,思想论战与文化批判
武断 断章取义 科玄论战,0221_武断_断章取义_科玄论战.md,精神文明 物质文明 科玄论战,0196_精神文明_物质文明_科玄论战.md,24.69,思想论战与文化批判
科学 人生观 理智化 人化,0222_科学_人生观_理智化_人化.md,自然科学 人生观 影响,0210_自然科学_人生观_影响.md,22.69,科学与人生观论战
科学 人生观 理智化 人化,0222_科学_人生观_理智化_人化.md,人生观 新哲学 科学人生观,0392_人生观_新哲学_科学人生观.md,22.69,科学与人生观论战
科学 人生观 理智化 人化,0222_科学_人生观_理智化_人化.md,科学 方法 论理学 人生观,0219_科学_方法_论理学_人生观.md,22.14,科学与人生观论战
科学 人生观 理智化 人化,0222_科学_人生观_理智化_人化.md,人生观 科学 分家,0189_人生观_科学_分家.md,21.25,科学与人生观论战
科学 人生观 理智化 人化,0222_科学_人生观_理智化_人化.md,张君劢 人生观 科学,0188_张君劢_人生观_科学.md,20.77,科学与人生观论战
梁启超 马克思 社会主义,0223_梁启超_马克思_社会主义.md,梁启超 马克思 社会主义 介绍,0130_梁启超_马克思_社会主义_介绍.md,70.45,马克思恩格斯经典文本与哲学关系
梁启超 马克思 社会主义,0223_梁启超_马克思_社会主义.md,大同学 马克思 社会主义,1188_大同学_马克思_社会主义.md,47.5,马克思恩格斯经典文本与哲学关系
梁启超 马克思 社会主义,0223_梁启超_马克思_社会主义.md,社会主义 神髓 马克思,1421_社会主义_神髓_马克思.md,45.42,马克思恩格斯经典文本与哲学关系
梁启超 马克思 社会主义,0223_梁启超_马克思_社会主义.md,马君武 社会主义 进化论 马克思,0089_马君武_社会主义_进化论_马克思.md,42.81,马克思恩格斯经典文本与哲学关系
梁启超 马克思 社会主义,0223_梁启超_马克思_社会主义.md,梁启超 中国之社会主义 马克思,0131_梁启超_中国之社会主义_马克思.md,42.5,马克思恩格斯经典文本与哲学关系
启蒙运动 百家争鸣 马克思主义,0224_启蒙运动_百家争鸣_马克思主义.md,启蒙运动 资本主义 兴起,0154_启蒙运动_资本主义_兴起.md,25.88,中国近代启蒙与民主革命
启蒙运动 百家争鸣 马克思主义,0224_启蒙运动_百家争鸣_马克思主义.md,反帝 反封建 启蒙运动,0158_反帝_反封建_启蒙运动.md,24.41,中国近代启蒙与民主革命
启蒙运动 百家争鸣 马克思主义,0224_启蒙运动_百家争鸣_马克思主义.md,启蒙运动 意义 社会基础,0152_启蒙运动_意义_社会基础.md,24.17,中国近代启蒙与民主革命
启蒙运动 百家争鸣 马克思主义,0224_启蒙运动_百家争鸣_马克思主义.md,市民社会 理性 启蒙运动,0155_市民社会_理性_启蒙运动.md,24.17,中国近代启蒙与民主革命
启蒙运动 百家争鸣 马克思主义,0224_启蒙运动_百家争鸣_马克思主义.md,东方市民 启蒙运动 狭隘性,0156_东方市民_启蒙运动_狭隘性.md,23.95,中国近代启蒙与民主革命
五四时期 传播马克思主义哲学 特点,0225_五四时期_传播马克思主义哲学_特点.md,传播马克思主义哲学 运动 兴起,0113_传播马克思主义哲学_运动_兴起.md,51.11,五四时期马克思主义传播
五四时期 传播马克思主义哲学 特点,0225_五四时期_传播马克思主义哲学_特点.md,五四时期 马克思主义哲学 传播,0143_五四时期_马克思主义哲学_传播.md,35.62,五四时期马克思主义传播
五四时期 传播马克思主义哲学 特点,0225_五四时期_传播马克思主义哲学_特点.md,五四时期 新思潮 马克思主义传播,0128_五四时期_新思潮_马克思主义传播.md,30.53,五四时期马克思主义传播
五四时期 传播马克思主义哲学 特点,0225_五四时期_传播马克思主义哲学_特点.md,五四时期 马克思主义著作 翻译 出版,0144_五四时期_马克思主义著作_翻译_出版.md,28.33,五四时期马克思主义传播
五四时期 传播马克思主义哲学 特点,0225_五四时期_传播马克思主义哲学_特点.md,马克思主义哲学 教科书传播 特点,0097_马克思主义哲学_教科书传播_特点.md,20.53,五四时期马克思主义传播
瞿秋白 张君劢 唯意志论 批判,0226_瞿秋白_张君劢_唯意志论_批判.md,精神万能 唯意志论 批判,1373_精神万能_唯意志论_批判.md,28.33,瞿秋白与辩证唯物主义传播
瞿秋白 张君劢 唯意志论 批判,0226_瞿秋白_张君劢_唯意志论_批判.md,谭嗣同 进化论 唯意志论,0250_谭嗣同_进化论_唯意志论.md,24.41,瞿秋白与辩证唯物主义传播
瞿秋白 张君劢 唯意志论 批判,0226_瞿秋白_张君劢_唯意志论_批判.md,瞿秋白 东方文化派 唯心论 批判,0339_瞿秋白_东方文化派_唯心论_批判.md,20.26,瞿秋白与辩证唯物主义传播
瞿秋白 张君劢 唯意志论 批判,0226_瞿秋白_张君劢_唯意志论_批判.md,瞿秋白 胡适 实用主义 批判,0465_瞿秋白_胡适_实用主义_批判.md,19.17,瞿秋白与辩证唯物主义传播
瞿秋白 张君劢 唯意志论 批判,0226_瞿秋白_张君劢_唯意志论_批判.md,张君劢 人生观 科学,0188_张君劢_人生观_科学.md,18.12,瞿秋白与辩证唯物主义传播
中国社会性质 论战 马克思主义哲学,0227_中国社会性质_论战_马克思主义哲学.md,中国社会史 论战 马克思主义哲学,0228_中国社会史_论战_马克思主义哲学.md,62.19,中国社会性质论战
中国社会性质 论战 马克思主义哲学,0227_中国社会性质_论战_马克思主义哲学.md,中国社会性质 论战,0184_中国社会性质_论战.md,52.5,中国社会性质论战
中国社会性质 论战 马克思主义哲学,0227_中国社会性质_论战_马克思主义哲学.md,中国社会性质 论战 启蒙,0170_中国社会性质_论战_启蒙.md,50.94,中国社会性质论战
中国社会性质 论战 马克思主义哲学,0227_中国社会性质_论战_马克思主义哲学.md,马克思主义哲学 中国 社会实践,1017_马克思主义哲学_中国_社会实践.md,48.24,中国社会性质论战
中国社会性质 论战 马克思主义哲学,0227_中国社会性质_论战_马克思主义哲学.md,马克思主义哲学 中国哲学,1823_马克思主义哲学_中国哲学.md,45.94,中国社会性质论战
中国社会史 论战 马克思主义哲学,0228_中国社会史_论战_马克思主义哲学.md,中国社会性质 论战 马克思主义哲学,0227_中国社会性质_论战_马克思主义哲学.md,62.19,唯物史观与中国史学研究
中国社会史 论战 马克思主义哲学,0228_中国社会史_论战_马克思主义哲学.md,马克思主义哲学 中国 社会实践,1017_马克思主义哲学_中国_社会实践.md,49.06,唯物史观与中国史学研究
中国社会史 论战 马克思主义哲学,0228_中国社会史_论战_马克思主义哲学.md,马克思主义哲学 中国哲学,1823_马克思主义哲学_中国哲学.md,46.67,唯物史观与中国史学研究
中国社会史 论战 马克思主义哲学,0228_中国社会史_论战_马克思主义哲学.md,中国社会史 论战,0186_中国社会史_论战.md,46.54,唯物史观与中国史学研究
中国社会史 论战 马克思主义哲学,0228_中国社会史_论战_马克思主义哲学.md,唯物辩证法论战 马克思主义哲学,1426_唯物辩证法论战_马克思主义哲学.md,46.11,唯物史观与中国史学研究
五四运动 布尔乔亚 思想代表,0229_五四运动_布尔乔亚_思想代表.md,五四运动 社会主义思想 传播,0123_五四运动_社会主义思想_传播.md,25.56,五四新文化与马克思主义早期传播
五四运动 布尔乔亚 思想代表,0229_五四运动_布尔乔亚_思想代表.md,五四运动 戊戌 传统,0231_五四运动_戊戌_传统.md,25.0,五四新文化与马克思主义早期传播
五四运动 布尔乔亚 思想代表,0229_五四运动_布尔乔亚_思想代表.md,五四运动 新文化 弱点,0230_五四运动_新文化_弱点.md,24.69,五四新文化与马克思主义早期传播
五四运动 布尔乔亚 思想代表,0229_五四运动_布尔乔亚_思想代表.md,胡适 实用主义 布尔乔亚,0469_胡适_实用主义_布尔乔亚.md,24.41,五四新文化与马克思主义早期传播
五四运动 布尔乔亚 思想代表,0229_五四运动_布尔乔亚_思想代表.md,胡适 西方文明 布尔乔亚,0472_胡适_西方文明_布尔乔亚.md,24.41,五四新文化与马克思主义早期传播
五四运动 新文化 弱点,0230_五四运动_新文化_弱点.md,新文化运动 五四运动 学术史,0118_新文化运动_五四运动_学术史.md,29.62,五四时期马克思主义传播
五四运动 新文化 弱点,0230_五四运动_新文化_弱点.md,五四运动 光荣战斗 致命弱点,0232_五四运动_光荣战斗_致命弱点.md,26.67,五四时期马克思主义传播
五四运动 新文化 弱点,0230_五四运动_新文化_弱点.md,五四运动 戊戌 传统,0231_五四运动_戊戌_传统.md,26.25,五四时期马克思主义传播
五四运动 新文化 弱点,0230_五四运动_新文化_弱点.md,五四运动 新民主主义革命 开端,0504_五四运动_新民主主义革命_开端.md,26.25,五四时期马克思主义传播
五四运动 新文化 弱点,0230_五四运动_新文化_弱点.md,五四运动 新哲学 社会主义新价值观,0368_五四运动_新哲学_社会主义新价值观.md,25.56,五四时期马克思主义传播
五四运动 戊戌 传统,0231_五四运动_戊戌_传统.md,五四运动 新文化 弱点,0230_五四运动_新文化_弱点.md,26.25,五四新文化与马克思主义早期传播
五四运动 戊戌 传统,0231_五四运动_戊戌_传统.md,五四运动 继承五四 扬弃五四,1611_五四运动_继承五四_扬弃五四.md,25.77,五四新文化与马克思主义早期传播
五四运动 戊戌 传统,0231_五四运动_戊戌_传统.md,新文化运动 五四运动 学术史,0118_新文化运动_五四运动_学术史.md,25.36,五四新文化与马克思主义早期传播
五四运动 戊戌 传统,0231_五四运动_戊戌_传统.md,五四运动 人民共和国 成立,0238_五四运动_人民共和国_成立.md,25.36,五四新文化与马克思主义早期传播
五四运动 戊戌 传统,0231_五四运动_戊戌_传统.md,五四运动 社会主义思想 传播,0123_五四运动_社会主义思想_传播.md,25.0,五四新文化与马克思主义早期传播
五四运动 光荣战斗 致命弱点,0232_五四运动_光荣战斗_致命弱点.md,五四运动 新文化 弱点,0230_五四运动_新文化_弱点.md,26.67,五四新文化与马克思主义早期传播
五四运动 光荣战斗 致命弱点,0232_五四运动_光荣战斗_致命弱点.md,五四运动 戊戌 传统,0231_五四运动_戊戌_传统.md,25.0,五四新文化与马克思主义早期传播
五四运动 光荣战斗 致命弱点,0232_五四运动_光荣战斗_致命弱点.md,五四运动 继承五四 扬弃五四,1611_五四运动_继承五四_扬弃五四.md,24.41,五四新文化与马克思主义早期传播
五四运动 光荣战斗 致命弱点,0232_五四运动_光荣战斗_致命弱点.md,新文化运动 五四运动 学术史,0118_新文化运动_五四运动_学术史.md,24.17,五四新文化与马克思主义早期传播
五四运动 光荣战斗 致命弱点,0232_五四运动_光荣战斗_致命弱点.md,五四运动 人民共和国 成立,0238_五四运动_人民共和国_成立.md,24.17,五四新文化与马克思主义早期传播
科学人生观 玄学人生观 批判,0233_科学人生观_玄学人生观_批判.md,人生观 新哲学 科学人生观,0392_人生观_新哲学_科学人生观.md,33.33,新哲学大众化运动
科学人生观 玄学人生观 批判,0233_科学人生观_玄学人生观_批判.md,陈唯实 通俗辩证法讲话 科学人生观,0132_陈唯实_通俗辩证法讲话_科学人生观.md,30.56,新哲学大众化运动
科学人生观 玄学人生观 批判,0233_科学人生观_玄学人生观_批判.md,自然科学 人生观 影响,0210_自然科学_人生观_影响.md,8.33,新哲学大众化运动
科学人生观 玄学人生观 批判,0233_科学人生观_玄学人生观_批判.md,功利主义 人生观 玄学,0220_功利主义_人生观_玄学.md,8.33,新哲学大众化运动
科学人生观 玄学人生观 批判,0233_科学人生观_玄学人生观_批判.md,科学 方法 论理学 人生观,0219_科学_方法_论理学_人生观.md,7.69,新哲学大众化运动
人生观 哲学 生活,0234_人生观_哲学_生活.md,哲学 生活 人生观,0235_哲学_生活_人生观.md,32.86,新哲学大众化运动
人生观 哲学 生活,0234_人生观_哲学_生活.md,新哲学 人生观 生活实践,0391_新哲学_人生观_生活实践.md,24.09,新哲学大众化运动
人生观 哲学 生活,0234_人生观_哲学_生活.md,旧哲学 人生观 问题,0236_旧哲学_人生观_问题.md,22.5,新哲学大众化运动
人生观 哲学 生活,0234_人生观_哲学_生活.md,新哲学 人生观 问题,0393_新哲学_人生观_问题.md,22.5,新哲学大众化运动
人生观 哲学 生活,0234_人生观_哲学_生活.md,人生观 新哲学 科学人生观,0392_人生观_新哲学_科学人生观.md,21.82,新哲学大众化运动
哲学 生活 人生观,0235_哲学_生活_人生观.md,人生观 哲学 生活,0234_人生观_哲学_生活.md,32.86,新哲学大众化运动
哲学 生活 人生观,0235_哲学_生活_人生观.md,新哲学 人生观 生活实践,0391_新哲学_人生观_生活实践.md,24.09,新哲学大众化运动
哲学 生活 人生观,0235_哲学_生活_人生观.md,旧哲学 人生观 问题,0236_旧哲学_人生观_问题.md,22.5,新哲学大众化运动
哲学 生活 人生观,0235_哲学_生活_人生观.md,新哲学 人生观 问题,0393_新哲学_人生观_问题.md,22.5,新哲学大众化运动
哲学 生活 人生观,0235_哲学_生活_人生观.md,人生观 新哲学 科学人生观,0392_人生观_新哲学_科学人生观.md,21.82,新哲学大众化运动
旧哲学 人生观 问题,0236_旧哲学_人生观_问题.md,新哲学 人生观 问题,0393_新哲学_人生观_问题.md,33.75,新哲学大众化运动
旧哲学 人生观 问题,0236_旧哲学_人生观_问题.md,人生观 新哲学 科学人生观,0392_人生观_新哲学_科学人生观.md,24.09,新哲学大众化运动
旧哲学 人生观 问题,0236_旧哲学_人生观_问题.md,新哲学 人生观 生活实践,0391_新哲学_人生观_生活实践.md,23.33,新哲学大众化运动
旧哲学 人生观 问题,0236_旧哲学_人生观_问题.md,人生观 哲学 生活,0234_人生观_哲学_生活.md,22.5,新哲学大众化运动
旧哲学 人生观 问题,0236_旧哲学_人生观_问题.md,哲学 生活 人生观,0235_哲学_生活_人生观.md,22.5,新哲学大众化运动
悲观 乐观 人生观,0237_悲观_乐观_人生观.md,吴稚晖 宇宙观 人生观,0209_吴稚晖_宇宙观_人生观.md,21.82,新哲学大众化运动
悲观 乐观 人生观,0237_悲观_乐观_人生观.md,陈独秀 唯物史观 人生观,0213_陈独秀_唯物史观_人生观.md,21.25,新哲学大众化运动
悲观 乐观 人生观,0237_悲观_乐观_人生观.md,人生观 科学 分家,0189_人生观_科学_分家.md,20.0,新哲学大众化运动
悲观 乐观 人生观,0237_悲观_乐观_人生观.md,人生观 哲学 生活,0234_人生观_哲学_生活.md,20.0,新哲学大众化运动
悲观 乐观 人生观,0237_悲观_乐观_人生观.md,哲学 生活 人生观,0235_哲学_生活_人生观.md,20.0,新哲学大众化运动
五四运动 人民共和国 成立,0238_五四运动_人民共和国_成立.md,五四运动 戊戌 传统,0231_五四运动_戊戌_传统.md,25.36,五四新文化与马克思主义早期传播
五四运动 人民共和国 成立,0238_五四运动_人民共和国_成立.md,五四运动 新文化 弱点,0230_五四运动_新文化_弱点.md,25.0,五四新文化与马克思主义早期传播
五四运动 人民共和国 成立,0238_五四运动_人民共和国_成立.md,五四运动 继承五四 扬弃五四,1611_五四运动_继承五四_扬弃五四.md,24.69,五四新文化与马克思主义早期传播
五四运动 人民共和国 成立,0238_五四运动_人民共和国_成立.md,新文化运动 五四运动 学术史,0118_新文化运动_五四运动_学术史.md,24.41,五四新文化与马克思主义早期传播
五四运动 人民共和国 成立,0238_五四运动_人民共和国_成立.md,五四运动 社会主义思想 传播,0123_五四运动_社会主义思想_传播.md,24.17,五四新文化与马克思主义早期传播
五四精神 爱国 民主 科学,0239_五四精神_爱国_民主_科学.md,五四精神 创造 奋斗,0240_五四精神_创造_奋斗.md,25.77,新启蒙运动
五四精神 爱国 民主 科学,0239_五四精神_爱国_民主_科学.md,五四新文化 民主 科学,0166_五四新文化_民主_科学.md,7.69,新启蒙运动
五四精神 爱国 民主 科学,0239_五四精神_爱国_民主_科学.md,陈独秀 民主 科学 反孔,0324_陈独秀_民主_科学_反孔.md,5.36,新启蒙运动
五四精神 创造 奋斗,0240_五四精神_创造_奋斗.md,五四精神 爱国 民主 科学,0239_五四精神_爱国_民主_科学.md,25.77,五四新文化与马克思主义早期传播
五四精神 创造 奋斗,0240_五四精神_创造_奋斗.md,五四创造精神 继承 借鉴,0241_五四创造精神_继承_借鉴.md,5.77,五四新文化与马克思主义早期传播
五四创造精神 继承 借鉴,0241_五四创造精神_继承_借鉴.md,五四 扬弃 继承,1836_五四_扬弃_继承.md,14.17,五四新文化与马克思主义早期传播
五四创造精神 继承 借鉴,0241_五四创造精神_继承_借鉴.md,经世致用 实事求是 传统 继承,0622_经世致用_实事求是_传统_继承.md,11.32,五四新文化与马克思主义早期传播
五四创造精神 继承 借鉴,0241_五四创造精神_继承_借鉴.md,五四精神 创造 奋斗,0240_五四精神_创造_奋斗.md,5.77,五四新文化与马克思主义早期传播
科学与人生观 论战 性质,0242_科学与人生观_论战_性质.md,科学与人生观 论战,0185_科学与人生观_论战.md,59.44,科学与人生观论战
科学与人生观 论战 性质,0242_科学与人生观_论战_性质.md,科学与人生观 论战 马克思主义,0121_科学与人生观_论战_马克思主义.md,52.5,科学与人生观论战
科学与人生观 论战 性质,0242_科学与人生观_论战_性质.md,科学与人生观 论战 马克思主义批判,0148_科学与人生观_论战_马克思主义批判.md,50.94,科学与人生观论战
科学与人生观 论战 性质,0242_科学与人生观_论战_性质.md,科学与人生观 张君劢 丁文江,1696_科学与人生观_张君劢_丁文江.md,38.33,科学与人生观论战
科学与人生观 论战 性质,0242_科学与人生观_论战_性质.md,人生观 论战 科玄论战,0187_人生观_论战_科玄论战.md,18.33,科学与人生观论战
严复 中西 事理 古今,0243_严复_中西_事理_古今.md,严复 自由 经验论,0180_严复_自由_经验论.md,12.08,中国近代启蒙与民主革命
严复 中西 事理 古今,0243_严复_中西_事理_古今.md,严复 天演论 进化论,0179_严复_天演论_进化论.md,11.92,中国近代启蒙与民主革命
严复 中西 事理 古今,0243_严复_中西_事理_古今.md,严复 自由 功利主义,0253_严复_自由_功利主义.md,11.92,中国近代启蒙与民主革命
严复 中西 事理 古今,0243_严复_中西_事理_古今.md,严复 天演之学 经验论,0251_严复_天演之学_经验论.md,11.79,中国近代启蒙与民主革命
严复 中西 事理 古今,0243_严复_中西_事理_古今.md,严复 归纳法 逻辑思想,0252_严复_归纳法_逻辑思想.md,11.79,中国近代启蒙与民主革命
康有为 三世说 历史进化论,0244_康有为_三世说_历史进化论.md,康有为 大同思想 历史进化,0246_康有为_大同思想_历史进化.md,23.33,中国近代启蒙与民主革命
康有为 三世说 历史进化论,0244_康有为_三世说_历史进化论.md,康有为 公羊三世 进化,0173_康有为_公羊三世_进化.md,22.14,中国近代启蒙与民主革命
康有为 三世说 历史进化论,0244_康有为_三世说_历史进化论.md,康有为 谭嗣同,1727_康有为_谭嗣同.md,18.85,中国近代启蒙与民主革命
康有为 三世说 历史进化论,0244_康有为_三世说_历史进化论.md,康有为 改良派,1749_康有为_改良派.md,18.85,中国近代启蒙与民主革命
康有为 三世说 历史进化论,0244_康有为_三世说_历史进化论.md,康有为 梁启超,1865_康有为_梁启超.md,18.85,中国近代启蒙与民主革命
康有为 变法维新 哲学根据,0245_康有为_变法维新_哲学根据.md,康有为 谭嗣同,1727_康有为_谭嗣同.md,18.85,中国近代启蒙与民主革命
康有为 变法维新 哲学根据,0245_康有为_变法维新_哲学根据.md,康有为 改良派,1749_康有为_改良派.md,18.85,中国近代启蒙与民主革命
康有为 变法维新 哲学根据,0245_康有为_变法维新_哲学根据.md,康有为 梁启超,1865_康有为_梁启超.md,18.85,中国近代启蒙与民主革命
康有为 变法维新 哲学根据,0245_康有为_变法维新_哲学根据.md,康有为 托古改制 大同,0172_康有为_托古改制_大同.md,18.12,中国近代启蒙与民主革命
康有为 变法维新 哲学根据,0245_康有为_变法维新_哲学根据.md,康有为 公羊三世 进化,0173_康有为_公羊三世_进化.md,18.12,中国近代启蒙与民主革命
康有为 大同思想 历史进化,0246_康有为_大同思想_历史进化.md,康有为 三世说 历史进化论,0244_康有为_三世说_历史进化论.md,23.33,中国近代启蒙与民主革命
康有为 大同思想 历史进化,0246_康有为_大同思想_历史进化.md,康有为 大同书 空想主义,0161_康有为_大同书_空想主义.md,21.67,中国近代启蒙与民主革命
康有为 大同思想 历史进化,0246_康有为_大同思想_历史进化.md,康有为 托古改制 大同,0172_康有为_托古改制_大同.md,20.0,中国近代启蒙与民主革命
康有为 大同思想 历史进化,0246_康有为_大同思想_历史进化.md,康有为 公羊三世 进化,0173_康有为_公羊三世_进化.md,20.0,中国近代启蒙与民主革命
康有为 大同思想 历史进化,0246_康有为_大同思想_历史进化.md,康有为 反古思想 空想主义,0159_康有为_反古思想_空想主义.md,19.41,中国近代启蒙与民主革命
康有为 以智为先 方法论,0247_康有为_以智为先_方法论.md,康有为 谭嗣同,1727_康有为_谭嗣同.md,19.17,中国近代启蒙与民主革命
康有为 以智为先 方法论,0247_康有为_以智为先_方法论.md,康有为 改良派,1749_康有为_改良派.md,19.17,中国近代启蒙与民主革命
康有为 以智为先 方法论,0247_康有为_以智为先_方法论.md,康有为 梁启超,1865_康有为_梁启超.md,19.17,中国近代启蒙与民主革命
康有为 以智为先 方法论,0247_康有为_以智为先_方法论.md,胡适 方法论 评议,0479_胡适_方法论_评议.md,18.85,中国近代启蒙与民主革命
康有为 以智为先 方法论,0247_康有为_以智为先_方法论.md,胡适 方法论 两重性,0480_胡适_方法论_两重性.md,18.57,中国近代启蒙与民主革命
谭嗣同 冲决网罗 仁学,0248_谭嗣同_冲决网罗_仁学.md,谭嗣同 仁学 冲决网罗,0175_谭嗣同_仁学_冲决网罗.md,60.0,中国近代启蒙与民主革命
谭嗣同 冲决网罗 仁学,0248_谭嗣同_冲决网罗_仁学.md,仁学 谭嗣同,1776_仁学_谭嗣同.md,33.33,中国近代启蒙与民主革命
谭嗣同 冲决网罗 仁学,0248_谭嗣同_冲决网罗_仁学.md,谭嗣同 仁学 个性解放,0163_谭嗣同_仁学_个性解放.md,30.77,中国近代启蒙与民主革命
谭嗣同 冲决网罗 仁学,0248_谭嗣同_冲决网罗_仁学.md,谭嗣同 冲决罗网 反古思想,0162_谭嗣同_冲决罗网_反古思想.md,22.14,中国近代启蒙与民主革命
谭嗣同 冲决网罗 仁学,0248_谭嗣同_冲决网罗_仁学.md,康有为 谭嗣同,1727_康有为_谭嗣同.md,19.55,中国近代启蒙与民主革命
谭嗣同 以太说 唯名论,0249_谭嗣同_以太说_唯名论.md,仁学 谭嗣同,1776_仁学_谭嗣同.md,20.0,中国近代启蒙与民主革命
谭嗣同 以太说 唯名论,0249_谭嗣同_以太说_唯名论.md,康有为 谭嗣同,1727_康有为_谭嗣同.md,19.55,中国近代启蒙与民主革命
谭嗣同 以太说 唯名论,0249_谭嗣同_以太说_唯名论.md,谭嗣同 仁学 个性解放,0163_谭嗣同_仁学_个性解放.md,18.57,中国近代启蒙与民主革命
谭嗣同 以太说 唯名论,0249_谭嗣同_以太说_唯名论.md,谭嗣同 仁学 冲决网罗,0175_谭嗣同_仁学_冲决网罗.md,18.57,中国近代启蒙与民主革命
谭嗣同 以太说 唯名论,0249_谭嗣同_以太说_唯名论.md,谭嗣同 冲决网罗 仁学,0248_谭嗣同_冲决网罗_仁学.md,18.57,中国近代启蒙与民主革命
谭嗣同 进化论 唯意志论,0250_谭嗣同_进化论_唯意志论.md,精神万能 唯意志论 批判,1373_精神万能_唯意志论_批判.md,25.0,中国近代启蒙与民主革命
谭嗣同 进化论 唯意志论,0250_谭嗣同_进化论_唯意志论.md,瞿秋白 张君劢 唯意志论 批判,0226_瞿秋白_张君劢_唯意志论_批判.md,24.41,中国近代启蒙与民主革命
谭嗣同 进化论 唯意志论,0250_谭嗣同_进化论_唯意志论.md,仁学 谭嗣同,1776_仁学_谭嗣同.md,19.55,中国近代启蒙与民主革命
谭嗣同 进化论 唯意志论,0250_谭嗣同_进化论_唯意志论.md,康有为 谭嗣同,1727_康有为_谭嗣同.md,19.17,中国近代启蒙与民主革命
谭嗣同 进化论 唯意志论,0250_谭嗣同_进化论_唯意志论.md,严复 天演论 进化论,0179_严复_天演论_进化论.md,18.57,中国近代启蒙与民主革命
严复 天演之学 经验论,0251_严复_天演之学_经验论.md,严复 自由 经验论,0180_严复_自由_经验论.md,31.82,中国近代启蒙与民主革命
严复 天演之学 经验论,0251_严复_天演之学_经验论.md,严复 天演论 进化论,0179_严复_天演论_进化论.md,16.25,中国近代启蒙与民主革命
严复 天演之学 经验论,0251_严复_天演之学_经验论.md,严复 中西 事理 古今,0243_严复_中西_事理_古今.md,11.79,中国近代启蒙与民主革命
严复 天演之学 经验论,0251_严复_天演之学_经验论.md,严复 自由 功利主义,0253_严复_自由_功利主义.md,11.79,中国近代启蒙与民主革命
严复 天演之学 经验论,0251_严复_天演之学_经验论.md,严复 归纳法 逻辑思想,0252_严复_归纳法_逻辑思想.md,11.67,中国近代启蒙与民主革命
严复 归纳法 逻辑思想,0252_严复_归纳法_逻辑思想.md,严复 自由 经验论,0180_严复_自由_经验论.md,11.92,中国近代启蒙与民主革命
严复 归纳法 逻辑思想,0252_严复_归纳法_逻辑思想.md,严复 天演论 进化论,0179_严复_天演论_进化论.md,11.79,中国近代启蒙与民主革命
严复 归纳法 逻辑思想,0252_严复_归纳法_逻辑思想.md,严复 中西 事理 古今,0243_严复_中西_事理_古今.md,11.79,中国近代启蒙与民主革命
严复 归纳法 逻辑思想,0252_严复_归纳法_逻辑思想.md,严复 自由 功利主义,0253_严复_自由_功利主义.md,11.79,中国近代启蒙与民主革命
严复 归纳法 逻辑思想,0252_严复_归纳法_逻辑思想.md,严复 天演之学 经验论,0251_严复_天演之学_经验论.md,11.67,中国近代启蒙与民主革命
严复 自由 功利主义,0253_严复_自由_功利主义.md,功利主义 人生观 玄学,0220_功利主义_人生观_玄学.md,26.25,中国近代启蒙与民主革命
严复 自由 功利主义,0253_严复_自由_功利主义.md,严复 自由 经验论,0180_严复_自由_经验论.md,17.5,中国近代启蒙与民主革命
严复 自由 功利主义,0253_严复_自由_功利主义.md,严复 天演论 进化论,0179_严复_天演论_进化论.md,11.92,中国近代启蒙与民主革命
严复 自由 功利主义,0253_严复_自由_功利主义.md,严复 中西 事理 古今,0243_严复_中西_事理_古今.md,11.92,中国近代启蒙与民主革命
严复 自由 功利主义,0253_严复_自由_功利主义.md,严复 天演之学 经验论,0251_严复_天演之学_经验论.md,11.79,中国近代启蒙与民主革命
梁启超 自由 群 进化,0254_梁启超_自由_群_进化.md,康有为 梁启超,1865_康有为_梁启超.md,20.0,中国近代启蒙与民主革命
梁启超 自由 群 进化,0254_梁启超_自由_群_进化.md,张君劢 梁启超 玄学派,0192_张君劢_梁启超_玄学派.md,18.85,中国近代启蒙与民主革命
梁启超 自由 群 进化,0254_梁启超_自由_群_进化.md,梁启超 欧游 科学万能,0198_梁启超_欧游_科学万能.md,18.85,中国近代启蒙与民主革命
梁启超 自由 群 进化,0254_梁启超_自由_群_进化.md,梁启超 除心奴 认识论,0255_梁启超_除心奴_认识论.md,18.85,中国近代启蒙与民主革命
梁启超 自由 群 进化,0254_梁启超_自由_群_进化.md,梁启超 民权思想 新民说,0164_梁启超_民权思想_新民说.md,18.57,中国近代启蒙与民主革命
梁启超 除心奴 认识论,0255_梁启超_除心奴_认识论.md,康有为 梁启超,1865_康有为_梁启超.md,19.55,哲学基本范畴与辩证法原理
梁启超 除心奴 认识论,0255_梁启超_除心奴_认识论.md,群众路线 认识论,0598_群众路线_认识论.md,19.17,哲学基本范畴与辩证法原理
梁启超 除心奴 认识论,0255_梁启超_除心奴_认识论.md,列宁 感觉 认识论,0836_列宁_感觉_认识论.md,19.17,哲学基本范畴与辩证法原理
梁启超 除心奴 认识论,0255_梁启超_除心奴_认识论.md,分析 综合 认识论,1548_分析_综合_认识论.md,19.17,哲学基本范畴与辩证法原理
梁启超 除心奴 认识论,0255_梁启超_除心奴_认识论.md,归纳 演绎 认识论,1549_归纳_演绎_认识论.md,19.17,哲学基本范畴与辩证法原理
鲁迅 方向 中华民族新文化,0256_鲁迅_方向_中华民族新文化.md,思想斗争 方向 文化,1445_思想斗争_方向_文化.md,13.33,五四新文化与马克思主义早期传播
鲁迅 方向 中华民族新文化,0256_鲁迅_方向_中华民族新文化.md,鲁迅 哲学思想 转变,1424_鲁迅_哲学思想_转变.md,11.56,五四新文化与马克思主义早期传播
鲁迅 方向 中华民族新文化,0256_鲁迅_方向_中华民族新文化.md,鲁迅 早期 哲学贡献,1591_鲁迅_早期_哲学贡献.md,11.56,五四新文化与马克思主义早期传播
鲁迅 方向 中华民族新文化,0256_鲁迅_方向_中华民族新文化.md,鲁迅 唯物史观 传播 运用,0116_鲁迅_唯物史观_传播_运用.md,11.39,五四新文化与马克思主义早期传播
鲁迅 方向 中华民族新文化,0256_鲁迅_方向_中华民族新文化.md,鲁迅 辩证法 唯物论 理想主义,1592_鲁迅_辩证法_唯物论_理想主义.md,11.25,五四新文化与马克思主义早期传播
中国马克思主义 学术史 职业学者,0257_中国马克思主义_学术史_职业学者.md,中国马克思主义 学术史 研究,0915_中国马克思主义_学术史_研究.md,65.0,中国马克思主义哲学史学科建设
中国马克思主义 学术史 职业学者,0257_中国马克思主义_学术史_职业学者.md,中国马克思主义 学术史 起步,0917_中国马克思主义_学术史_起步.md,65.0,中国马克思主义哲学史学科建设
中国马克思主义 学术史 职业学者,0257_中国马克思主义_学术史_职业学者.md,中国马克思主义 学术史 阶段,0921_中国马克思主义_学术史_阶段.md,65.0,中国马克思主义哲学史学科建设
中国马克思主义 学术史 职业学者,0257_中国马克思主义_学术史_职业学者.md,中国马克思主义 学术共同体 形成,0975_中国马克思主义_学术共同体_形成.md,46.11,中国马克思主义哲学史学科建设
中国马克思主义 学术史 职业学者,0257_中国马克思主义_学术史_职业学者.md,中国马克思主义 马克思主义者,1788_中国马克思主义_马克思主义者.md,45.0,中国马克思主义哲学史学科建设
李大钊 唯物史观 研究,0258_李大钊_唯物史观_研究.md,李大钊 唯物史观 历史研究,0304_李大钊_唯物史观_历史研究.md,50.91,李大钊与唯物史观传播
李大钊 唯物史观 研究,0258_李大钊_唯物史观_研究.md,唯物史观 李大钊,1775_唯物史观_李大钊.md,48.89,李大钊与唯物史观传播
李大钊 唯物史观 研究,0258_李大钊_唯物史观_研究.md,李大钊 唯物史观 初步应用,0272_李大钊_唯物史观_初步应用.md,47.5,李大钊与唯物史观传播
李大钊 唯物史观 研究,0258_李大钊_唯物史观_研究.md,李大钊 唯物史观 史学要论,0302_李大钊_唯物史观_史学要论.md,47.5,李大钊与唯物史观传播
李大钊 唯物史观 研究,0258_李大钊_唯物史观_研究.md,李大钊 唯物史观 阶级斗争,0326_李大钊_唯物史观_阶级斗争.md,47.5,李大钊与唯物史观传播
李大钊 历史观 学术思想,0259_李大钊_历史观_学术思想.md,陈独秀 社会主义 学术思想,0263_陈独秀_社会主义_学术思想.md,24.69,李大钊与唯物史观传播
李大钊 历史观 学术思想,0259_李大钊_历史观_学术思想.md,马克思主义 学术思想 时代背景,0968_马克思主义_学术思想_时代背景.md,24.17,李大钊与唯物史观传播
李大钊 历史观 学术思想,0259_李大钊_历史观_学术思想.md,早期马克思主义 学术思想 开展,0969_早期马克思主义_学术思想_开展.md,24.17,李大钊与唯物史观传播
李大钊 历史观 学术思想,0259_李大钊_历史观_学术思想.md,李大钊 唯物史观 历史研究,0304_李大钊_唯物史观_历史研究.md,21.67,李大钊与唯物史观传播
李大钊 历史观 学术思想,0259_李大钊_历史观_学术思想.md,唯物史观 李大钊,1775_唯物史观_李大钊.md,21.25,李大钊与唯物史观传播
李大钊 马克思主义 学术贡献,0260_李大钊_马克思主义_学术贡献.md,职业学者 马克思主义 学术贡献,0270_职业学者_马克思主义_学术贡献.md,33.33,李大钊与唯物史观传播
李大钊 马克思主义 学术贡献,0260_李大钊_马克思主义_学术贡献.md,瞿秋白 马克思主义哲学 学术贡献,0265_瞿秋白_马克思主义哲学_学术贡献.md,30.29,李大钊与唯物史观传播
李大钊 马克思主义 学术贡献,0260_李大钊_马克思主义_学术贡献.md,李大钊 马克思主义传播 活动,0278_李大钊_马克思主义传播_活动.md,26.67,李大钊与唯物史观传播
李大钊 马克思主义 学术贡献,0260_李大钊_马克思主义_学术贡献.md,李大钊 马克思主义 最早传播者,0353_李大钊_马克思主义_最早传播者.md,25.94,李大钊与唯物史观传播
李大钊 马克思主义 学术贡献,0260_李大钊_马克思主义_学术贡献.md,李达 唯物史观 学术贡献,0269_李达_唯物史观_学术贡献.md,24.41,李大钊与唯物史观传播
陈独秀 马克思主义 研究,0261_陈独秀_马克思主义_研究.md,陈独秀 马克思主义传播 活动,0281_陈独秀_马克思主义传播_活动.md,28.46,五四时期马克思主义传播
陈独秀 马克思主义 研究,0261_陈独秀_马克思主义_研究.md,陈独秀 马克思主义哲学 宣传,0306_陈独秀_马克思主义哲学_宣传.md,28.46,五四时期马克思主义传播
陈独秀 马克思主义 研究,0261_陈独秀_马克思主义_研究.md,陈独秀 马克思主义哲学 宣传 运用,0354_陈独秀_马克思主义哲学_宣传_运用.md,26.67,五四时期马克思主义传播
陈独秀 马克思主义 研究,0261_陈独秀_马克思主义_研究.md,陈独秀 科学 民主 马克思主义,0262_陈独秀_科学_民主_马克思主义.md,25.71,五四时期马克思主义传播
陈独秀 马克思主义 研究,0261_陈独秀_马克思主义_研究.md,陈独秀 马克思 两大精神,0307_陈独秀_马克思_两大精神.md,24.62,五四时期马克思主义传播
陈独秀 科学 民主 马克思主义,0262_陈独秀_科学_民主_马克思主义.md,陈独秀 马克思主义 研究,0261_陈独秀_马克思主义_研究.md,25.71,五四时期马克思主义传播
陈独秀 科学 民主 马克思主义,0262_陈独秀_科学_民主_马克思主义.md,陈独秀 马克思主义传播 活动,0281_陈独秀_马克思主义传播_活动.md,24.38,五四时期马克思主义传播
陈独秀 科学 民主 马克思主义,0262_陈独秀_科学_民主_马克思主义.md,陈独秀 马克思主义哲学 宣传,0306_陈独秀_马克思主义哲学_宣传.md,24.38,五四时期马克思主义传播
陈独秀 科学 民主 马克思主义,0262_陈独秀_科学_民主_马克思主义.md,陈独秀 马克思主义哲学 宣传 运用,0354_陈独秀_马克思主义哲学_宣传_运用.md,23.33,五四时期马克思主义传播
陈独秀 科学 民主 马克思主义,0262_陈独秀_科学_民主_马克思主义.md,马克思主义早期传播 李大钊 陈独秀,1693_马克思主义早期传播_李大钊_陈独秀.md,22.89,五四时期马克思主义传播
陈独秀 社会主义 学术思想,0263_陈独秀_社会主义_学术思想.md,马克思主义 学术思想 时代背景,0968_马克思主义_学术思想_时代背景.md,27.35,陈独秀与马克思主义传播
陈独秀 社会主义 学术思想,0263_陈独秀_社会主义_学术思想.md,早期马克思主义 学术思想 开展,0969_早期马克思主义_学术思想_开展.md,27.35,陈独秀与马克思主义传播
陈独秀 社会主义 学术思想,0263_陈独秀_社会主义_学术思想.md,俄国 社会主义,1758_俄国_社会主义.md,26.25,陈独秀与马克思主义传播
陈独秀 社会主义 学术思想,0263_陈独秀_社会主义_学术思想.md,德国 社会主义,1772_德国_社会主义.md,26.25,陈独秀与马克思主义传播
陈独秀 社会主义 学术思想,0263_陈独秀_社会主义_学术思想.md,法国 社会主义,1817_法国_社会主义.md,26.25,陈独秀与马克思主义传播
瞿秋白 互辩律的唯物论,0264_瞿秋白_互辩律的唯物论.md,瞿秋白 历史唯物论 基本原理,0313_瞿秋白_历史唯物论_基本原理.md,21.25,瞿秋白与辩证唯物主义传播
瞿秋白 互辩律的唯物论,0264_瞿秋白_互辩律的唯物论.md,瞿秋白 唯物论 唯心论 哲学根本问题,0311_瞿秋白_唯物论_唯心论_哲学根本问题.md,20.26,瞿秋白与辩证唯物主义传播
瞿秋白 互辩律的唯物论,0264_瞿秋白_互辩律的唯物论.md,瞿秋白 唯物辩证法 研究,0266_瞿秋白_唯物辩证法_研究.md,20.0,瞿秋白与辩证唯物主义传播
瞿秋白 互辩律的唯物论,0264_瞿秋白_互辩律的唯物论.md,瞿秋白 科玄论战 唯物史观,0216_瞿秋白_科玄论战_唯物史观.md,19.69,瞿秋白与辩证唯物主义传播
瞿秋白 互辩律的唯物论,0264_瞿秋白_互辩律的唯物论.md,陈独秀 瞿秋白 唯物史观派,0329_陈独秀_瞿秋白_唯物史观派.md,19.69,瞿秋白与辩证唯物主义传播
瞿秋白 马克思主义哲学 学术贡献,0265_瞿秋白_马克思主义哲学_学术贡献.md,瞿秋白 马克思主义哲学 宣传,0310_瞿秋白_马克思主义哲学_宣传.md,65.0,早期共产主义者与马克思主义传播
瞿秋白 马克思主义哲学 学术贡献,0265_瞿秋白_马克思主义哲学_学术贡献.md,马克思主义哲学 学科化 问题,0936_马克思主义哲学_学科化_问题.md,45.29,早期共产主义者与马克思主义传播
瞿秋白 马克思主义哲学 学术贡献,0265_瞿秋白_马克思主义哲学_学术贡献.md,马克思主义哲学 学习 新局面,1341_马克思主义哲学_学习_新局面.md,45.29,早期共产主义者与马克思主义传播
瞿秋白 马克思主义哲学 学术贡献,0265_瞿秋白_马克思主义哲学_学术贡献.md,马克思主义哲学 中国哲学,1823_马克思主义哲学_中国哲学.md,44.38,早期共产主义者与马克思主义传播
瞿秋白 马克思主义哲学 学术贡献,0265_瞿秋白_马克思主义哲学_学术贡献.md,大众哲学 马克思主义哲学 传播贡献,0372_大众哲学_马克思主义哲学_传播贡献.md,44.21,早期共产主义者与马克思主义传播
瞿秋白 唯物辩证法 研究,0266_瞿秋白_唯物辩证法_研究.md,现代科学成就 唯物辩证法 研究,1270_现代科学成就_唯物辩证法_研究.md,35.0,瞿秋白与辩证唯物主义传播
瞿秋白 唯物辩证法 研究,0266_瞿秋白_唯物辩证法_研究.md,唯物辩证法 风靡全国,1026_唯物辩证法_风靡全国.md,32.69,瞿秋白与辩证唯物主义传播
瞿秋白 唯物辩证法 研究,0266_瞿秋白_唯物辩证法_研究.md,唯物辩证法 风靡 起点,1027_唯物辩证法_风靡_起点.md,32.69,瞿秋白与辩证唯物主义传播
瞿秋白 唯物辩证法 研究,0266_瞿秋白_唯物辩证法_研究.md,唯物辩证法 风靡 前奏,1028_唯物辩证法_风靡_前奏.md,32.69,瞿秋白与辩证唯物主义传播
瞿秋白 唯物辩证法 研究,0266_瞿秋白_唯物辩证法_研究.md,唯物辩证法 风靡 原因,1030_唯物辩证法_风靡_原因.md,32.69,瞿秋白与辩证唯物主义传播
李达 马克思主义哲学 研究,0267_李达_马克思主义哲学_研究.md,李达 马克思主义哲学 泰斗,0355_李达_马克思主义哲学_泰斗.md,61.67,李达与马克思主义哲学体系化
李达 马克思主义哲学 研究,0267_李达_马克思主义哲学_研究.md,李达 马克思主义哲学 中国化,0301_李达_马克思主义哲学_中国化.md,60.38,李达与马克思主义哲学体系化
李达 马克思主义哲学 研究,0267_李达_马克思主义哲学_研究.md,李达 社会学大纲 马克思主义哲学,0323_李达_社会学大纲_马克思主义哲学.md,55.94,李达与马克思主义哲学体系化
李达 马克思主义哲学 研究,0267_李达_马克思主义哲学_研究.md,马克思主义哲学 教学 研究 宣传,1224_马克思主义哲学_教学_研究_宣传.md,49.29,李达与马克思主义哲学体系化
李达 马克思主义哲学 研究,0267_李达_马克思主义哲学_研究.md,马克思主义哲学 中国哲学,1823_马克思主义哲学_中国哲学.md,46.54,李达与马克思主义哲学体系化
李达 社会学大纲 学术史,0268_李达_社会学大纲_学术史.md,李达 社会学大纲 教科书形态,0276_李达_社会学大纲_教科书形态.md,45.71,李达与马克思主义哲学体系化
李达 社会学大纲 学术史,0268_李达_社会学大纲_学术史.md,李达 社会学大纲 教科书传播,0299_李达_社会学大纲_教科书传播.md,45.71,李达与马克思主义哲学体系化
李达 社会学大纲 学术史,0268_李达_社会学大纲_学术史.md,李达 现代社会学 社会学大纲,0298_李达_现代社会学_社会学大纲.md,44.62,李达与马克思主义哲学体系化
李达 社会学大纲 学术史,0268_李达_社会学大纲_学术史.md,李达 社会学大纲 马克思主义哲学,0323_李达_社会学大纲_马克思主义哲学.md,44.38,李达与马克思主义哲学体系化
李达 社会学大纲 学术史,0268_李达_社会学大纲_学术史.md,李达 社会学大纲 马克思主义教科书,0328_李达_社会学大纲_马克思主义教科书.md,43.82,李达与马克思主义哲学体系化
李达 唯物史观 学术贡献,0269_李达_唯物史观_学术贡献.md,李达 唯物史观 社会学,0284_李达_唯物史观_社会学.md,40.42,李达与马克思主义哲学体系化
李达 唯物史观 学术贡献,0269_李达_唯物史观_学术贡献.md,李达 唯物史观 传播 应用,0332_李达_唯物史观_传播_应用.md,39.62,李达与马克思主义哲学体系化
李达 唯物史观 学术贡献,0269_李达_唯物史观_学术贡献.md,李达 唯物史观 现代社会学,0314_李达_唯物史观_现代社会学.md,38.93,李达与马克思主义哲学体系化
李达 唯物史观 学术贡献,0269_李达_唯物史观_学术贡献.md,唯物史观 世界观 学习教育,0001_唯物史观_世界观_学习教育.md,26.67,李达与马克思主义哲学体系化
李达 唯物史观 学术贡献,0269_李达_唯物史观_学术贡献.md,唯物史观 谈政治,0032_唯物史观_谈政治.md,26.25,李达与马克思主义哲学体系化
职业学者 马克思主义 学术贡献,0270_职业学者_马克思主义_学术贡献.md,中国马克思主义 学术史 职业学者,0257_中国马克思主义_学术史_职业学者.md,34.06,马克思恩格斯经典文本与哲学关系
职业学者 马克思主义 学术贡献,0270_职业学者_马克思主义_学术贡献.md,李大钊 马克思主义 学术贡献,0260_李大钊_马克思主义_学术贡献.md,33.33,马克思恩格斯经典文本与哲学关系
职业学者 马克思主义 学术贡献,0270_职业学者_马克思主义_学术贡献.md,瞿秋白 马克思主义哲学 学术贡献,0265_瞿秋白_马克思主义哲学_学术贡献.md,29.72,马克思恩格斯经典文本与哲学关系
职业学者 马克思主义 学术贡献,0270_职业学者_马克思主义_学术贡献.md,李达 唯物史观 学术贡献,0269_李达_唯物史观_学术贡献.md,24.17,马克思恩格斯经典文本与哲学关系
职业学者 马克思主义 学术贡献,0270_职业学者_马克思主义_学术贡献.md,马克思主义 学术研究 职业化,0970_马克思主义_学术研究_职业化.md,10.94,马克思恩格斯经典文本与哲学关系
周恩来 蔡和森 欧洲 马克思主义,0271_周恩来_蔡和森_欧洲_马克思主义.md,蔡和森 马克思主义传播 活动,0289_蔡和森_马克思主义传播_活动.md,23.82,马克思恩格斯经典文本与哲学关系
周恩来 蔡和森 欧洲 马克思主义,0271_周恩来_蔡和森_欧洲_马克思主义.md,周恩来 唯物史观 传播 应用,0114_周恩来_唯物史观_传播_应用.md,17.5,马克思恩格斯经典文本与哲学关系
周恩来 蔡和森 欧洲 马克思主义,0271_周恩来_蔡和森_欧洲_马克思主义.md,蔡和森 唯物史观 传播 应用,0333_蔡和森_唯物史观_传播_应用.md,17.5,马克思恩格斯经典文本与哲学关系
周恩来 蔡和森 欧洲 马克思主义,0271_周恩来_蔡和森_欧洲_马克思主义.md,施存统 蔡和森 社会改造 唯物史观,0275_施存统_蔡和森_社会改造_唯物史观.md,17.17,马克思恩格斯经典文本与哲学关系
周恩来 蔡和森 欧洲 马克思主义,0271_周恩来_蔡和森_欧洲_马克思主义.md,欧洲 第二渠道 马克思主义哲学,0062_欧洲_第二渠道_马克思主义哲学.md,16.58,马克思恩格斯经典文本与哲学关系
李大钊 唯物史观 初步应用,0272_李大钊_唯物史观_初步应用.md,李大钊 唯物史观 传播 应用,0330_李大钊_唯物史观_传播_应用.md,48.46,李大钊与唯物史观传播
李大钊 唯物史观 初步应用,0272_李大钊_唯物史观_初步应用.md,李大钊 唯物史观 研究,0258_李大钊_唯物史观_研究.md,47.5,李大钊与唯物史观传播
李大钊 唯物史观 初步应用,0272_李大钊_唯物史观_初步应用.md,唯物史观 李大钊,1775_唯物史观_李大钊.md,46.36,李大钊与唯物史观传播
李大钊 唯物史观 初步应用,0272_李大钊_唯物史观_初步应用.md,李大钊 唯物史观 史学要论,0302_李大钊_唯物史观_史学要论.md,45.71,李大钊与唯物史观传播
李大钊 唯物史观 初步应用,0272_李大钊_唯物史观_初步应用.md,李大钊 唯物史观 历史研究,0304_李大钊_唯物史观_历史研究.md,45.71,李大钊与唯物史观传播
翦伯赞 中国通史 唯物史观,0273_翦伯赞_中国通史_唯物史观.md,范文澜 中国通史 唯物史观,0008_范文澜_中国通史_唯物史观.md,53.46,唯物史观与中国史学研究
翦伯赞 中国通史 唯物史观,0273_翦伯赞_中国通史_唯物史观.md,侯外庐 中国通史 唯物史观,0009_侯外庐_中国通史_唯物史观.md,53.46,唯物史观与中国史学研究
翦伯赞 中国通史 唯物史观,0273_翦伯赞_中国通史_唯物史观.md,中国社会史论战 唯物史观,1699_中国社会史论战_唯物史观.md,26.25,唯物史观与中国史学研究
翦伯赞 中国通史 唯物史观,0273_翦伯赞_中国通史_唯物史观.md,唯物史观 中国革命发展战略,0012_唯物史观_中国革命发展战略.md,25.88,唯物史观与中国史学研究
翦伯赞 中国通史 唯物史观,0273_翦伯赞_中国通史_唯物史观.md,唯物史观 研究 中国传统哲学,0042_唯物史观_研究_中国传统哲学.md,25.88,唯物史观与中国史学研究
李大钊 社会改造 唯物史观,0274_李大钊_社会改造_唯物史观.md,施存统 蔡和森 社会改造 唯物史观,0275_施存统_蔡和森_社会改造_唯物史观.md,50.94,李大钊与唯物史观传播
李大钊 社会改造 唯物史观,0274_李大钊_社会改造_唯物史观.md,唯物史观 李大钊,1775_唯物史观_李大钊.md,46.36,李大钊与唯物史观传播
李大钊 社会改造 唯物史观,0274_李大钊_社会改造_唯物史观.md,李大钊 唯物史观 研究,0258_李大钊_唯物史观_研究.md,44.62,李大钊与唯物史观传播
李大钊 社会改造 唯物史观,0274_李大钊_社会改造_唯物史观.md,李大钊 唯物史观 初步应用,0272_李大钊_唯物史观_初步应用.md,43.33,李大钊与唯物史观传播
李大钊 社会改造 唯物史观,0274_李大钊_社会改造_唯物史观.md,李大钊 阶级斗争 唯物史观,0280_李大钊_阶级斗争_唯物史观.md,43.33,李大钊与唯物史观传播
施存统 蔡和森 社会改造 唯物史观,0275_施存统_蔡和森_社会改造_唯物史观.md,李大钊 社会改造 唯物史观,0274_李大钊_社会改造_唯物史观.md,50.94,唯物史观与中国史学研究
施存统 蔡和森 社会改造 唯物史观,0275_施存统_蔡和森_社会改造_唯物史观.md,蔡和森 唯物史观 传播 应用,0333_蔡和森_唯物史观_传播_应用.md,41.94,唯物史观与中国史学研究
施存统 蔡和森 社会改造 唯物史观,0275_施存统_蔡和森_社会改造_唯物史观.md,唯物史观 中国社会改造 方向方法,0011_唯物史观_中国社会改造_方向方法.md,27.5,唯物史观与中国史学研究
施存统 蔡和森 社会改造 唯物史观,0275_施存统_蔡和森_社会改造_唯物史观.md,李达 唯物史观 社会学,0284_李达_唯物史观_社会学.md,25.88,唯物史观与中国史学研究
施存统 蔡和森 社会改造 唯物史观,0275_施存统_蔡和森_社会改造_唯物史观.md,李达 唯物史观 现代社会学,0314_李达_唯物史观_现代社会学.md,25.26,唯物史观与中国史学研究
李达 社会学大纲 教科书形态,0276_李达_社会学大纲_教科书形态.md,李达 社会学大纲 教科书传播,0299_李达_社会学大纲_教科书传播.md,52.31,马克思主义哲学教科书体系
李达 社会学大纲 教科书形态,0276_李达_社会学大纲_教科书形态.md,李达 社会学大纲 马克思主义教科书,0328_李达_社会学大纲_马克思主义教科书.md,46.76,马克思主义哲学教科书体系
李达 社会学大纲 教科书形态,0276_李达_社会学大纲_教科书形态.md,李达 社会学大纲 学术史,0268_李达_社会学大纲_学术史.md,45.71,马克思主义哲学教科书体系
李达 社会学大纲 教科书形态,0276_李达_社会学大纲_教科书形态.md,李达 现代社会学 社会学大纲,0298_李达_现代社会学_社会学大纲.md,43.33,马克思主义哲学教科书体系
李达 社会学大纲 教科书形态,0276_李达_社会学大纲_教科书形态.md,李达 社会学大纲 马克思主义哲学,0323_李达_社会学大纲_马克思主义哲学.md,43.33,马克思主义哲学教科书体系
早期共产主义者 马克思主义 传播活动,0277_早期共产主义者_马克思主义_传播活动.md,早期共产主义者 传播马克思主义 特点,0290_早期共产主义者_传播马克思主义_特点.md,48.89,早期共产主义者与马克思主义传播
早期共产主义者 马克思主义 传播活动,0277_早期共产主义者_马克思主义_传播活动.md,早期共产主义者 马克思主义 中国革命,0292_早期共产主义者_马克思主义_中国革命.md,48.89,早期共产主义者与马克思主义传播
早期共产主义者 马克思主义 传播活动,0277_早期共产主义者_马克思主义_传播活动.md,早期共产主义者 现实斗争 马克思主义,0291_早期共产主义者_现实斗争_马克思主义.md,46.84,早期共产主义者与马克思主义传播
早期共产主义者 马克思主义 传播活动,0277_早期共产主义者_马克思主义_传播活动.md,早期共产主义者 理论宣传 实践结合,0293_早期共产主义者_理论宣传_实践结合.md,41.82,早期共产主义者与马克思主义传播
早期共产主义者 马克思主义 传播活动,0277_早期共产主义者_马克思主义_传播活动.md,李达 马克思主义传播 活动,0283_李达_马克思主义传播_活动.md,12.5,早期共产主义者与马克思主义传播
李大钊 马克思主义传播 活动,0278_李大钊_马克思主义传播_活动.md,李达 马克思主义传播 活动,0283_李达_马克思主义传播_活动.md,50.38,五四时期马克思主义传播
李大钊 马克思主义传播 活动,0278_李大钊_马克思主义传播_活动.md,陈独秀 马克思主义传播 活动,0281_陈独秀_马克思主义传播_活动.md,49.29,五四时期马克思主义传播
李大钊 马克思主义传播 活动,0278_李大钊_马克思主义传播_活动.md,李汉俊 马克思主义传播 活动,0285_李汉俊_马克思主义传播_活动.md,49.29,五四时期马克思主义传播
李大钊 马克思主义传播 活动,0278_李大钊_马克思主义传播_活动.md,杨匏安 马克思主义传播 活动,0286_杨匏安_马克思主义传播_活动.md,49.29,五四时期马克思主义传播
李大钊 马克思主义传播 活动,0278_李大钊_马克思主义传播_活动.md,瞿秋白 马克思主义传播 活动,0287_瞿秋白_马克思主义传播_活动.md,49.29,五四时期马克思主义传播
李大钊 唯物史观 马克思主义哲学,0279_李大钊_唯物史观_马克思主义哲学.md,李大钊 唯物史观 研究,0258_李大钊_唯物史观_研究.md,45.0,李大钊与唯物史观传播
李大钊 唯物史观 马克思主义哲学,0279_李大钊_唯物史观_马克思主义哲学.md,马克思主义哲学 中国哲学,1823_马克思主义哲学_中国哲学.md,44.38,李大钊与唯物史观传播
李大钊 唯物史观 马克思主义哲学,0279_李大钊_唯物史观_马克思主义哲学.md,唯物辩证法论战 马克思主义哲学,1426_唯物辩证法论战_马克思主义哲学.md,44.21,李大钊与唯物史观传播
李大钊 唯物史观 马克思主义哲学,0279_李大钊_唯物史观_马克思主义哲学.md,唯物史观 李大钊,1775_唯物史观_李大钊.md,43.93,李大钊与唯物史观传播
李大钊 唯物史观 马克思主义哲学,0279_李大钊_唯物史观_马克思主义哲学.md,李达 马克思主义哲学 研究,0267_李达_马克思主义哲学_研究.md,43.82,李大钊与唯物史观传播
李大钊 阶级斗争 唯物史观,0280_李大钊_阶级斗争_唯物史观.md,李大钊 唯物史观 阶级斗争,0326_李大钊_唯物史观_阶级斗争.md,71.67,李大钊与唯物史观传播
李大钊 阶级斗争 唯物史观,0280_李大钊_阶级斗争_唯物史观.md,唯物史观 阶级 阶级斗争 理论,0034_唯物史观_阶级_阶级斗争_理论.md,50.71,李大钊与唯物史观传播
李大钊 阶级斗争 唯物史观,0280_李大钊_阶级斗争_唯物史观.md,陈独秀 唯物史观 阶级斗争,0282_陈独秀_唯物史观_阶级斗争.md,50.71,李大钊与唯物史观传播
李大钊 阶级斗争 唯物史观,0280_李大钊_阶级斗争_唯物史观.md,陈独秀 唯物史观 剩余价值 阶级斗争,0327_陈独秀_唯物史观_剩余价值_阶级斗争.md,48.33,李大钊与唯物史观传播
李大钊 阶级斗争 唯物史观,0280_李大钊_阶级斗争_唯物史观.md,唯物史观 李大钊,1775_唯物史观_李大钊.md,46.36,李大钊与唯物史观传播
陈独秀 马克思主义传播 活动,0281_陈独秀_马克思主义传播_活动.md,李达 马克思主义传播 活动,0283_李达_马克思主义传播_活动.md,50.38,五四时期马克思主义传播
陈独秀 马克思主义传播 活动,0281_陈独秀_马克思主义传播_活动.md,李大钊 马克思主义传播 活动,0278_李大钊_马克思主义传播_活动.md,49.29,五四时期马克思主义传播
陈独秀 马克思主义传播 活动,0281_陈独秀_马克思主义传播_活动.md,李汉俊 马克思主义传播 活动,0285_李汉俊_马克思主义传播_活动.md,49.29,五四时期马克思主义传播
陈独秀 马克思主义传播 活动,0281_陈独秀_马克思主义传播_活动.md,杨匏安 马克思主义传播 活动,0286_杨匏安_马克思主义传播_活动.md,49.29,五四时期马克思主义传播
陈独秀 马克思主义传播 活动,0281_陈独秀_马克思主义传播_活动.md,瞿秋白 马克思主义传播 活动,0287_瞿秋白_马克思主义传播_活动.md,49.29,五四时期马克思主义传播
陈独秀 唯物史观 阶级斗争,0282_陈独秀_唯物史观_阶级斗争.md,陈独秀 唯物史观 剩余价值 阶级斗争,0327_陈独秀_唯物史观_剩余价值_阶级斗争.md,70.0,陈独秀与马克思主义传播
陈独秀 唯物史观 阶级斗争,0282_陈独秀_唯物史观_阶级斗争.md,唯物史观 阶级 阶级斗争 理论,0034_唯物史观_阶级_阶级斗争_理论.md,53.46,陈独秀与马克思主义传播
陈独秀 唯物史观 阶级斗争,0282_陈独秀_唯物史观_阶级斗争.md,李大钊 唯物史观 阶级斗争,0326_李大钊_唯物史观_阶级斗争.md,53.46,陈独秀与马克思主义传播
陈独秀 唯物史观 阶级斗争,0282_陈独秀_唯物史观_阶级斗争.md,李大钊 阶级斗争 唯物史观,0280_李大钊_阶级斗争_唯物史观.md,50.71,陈独秀与马克思主义传播
陈独秀 唯物史观 阶级斗争,0282_陈独秀_唯物史观_阶级斗争.md,陈独秀 唯物史观 人生观,0213_陈独秀_唯物史观_人生观.md,46.54,陈独秀与马克思主义传播
李达 马克思主义传播 活动,0283_李达_马克思主义传播_活动.md,李大钊 马克思主义传播 活动,0278_李大钊_马克思主义传播_活动.md,50.38,早期共产主义者与马克思主义传播
李达 马克思主义传播 活动,0283_李达_马克思主义传播_活动.md,陈独秀 马克思主义传播 活动,0281_陈独秀_马克思主义传播_活动.md,50.38,早期共产主义者与马克思主义传播
李达 马克思主义传播 活动,0283_李达_马克思主义传播_活动.md,李汉俊 马克思主义传播 活动,0285_李汉俊_马克思主义传播_活动.md,50.38,早期共产主义者与马克思主义传播
李达 马克思主义传播 活动,0283_李达_马克思主义传播_活动.md,杨匏安 马克思主义传播 活动,0286_杨匏安_马克思主义传播_活动.md,50.38,早期共产主义者与马克思主义传播
李达 马克思主义传播 活动,0283_李达_马克思主义传播_活动.md,瞿秋白 马克思主义传播 活动,0287_瞿秋白_马克思主义传播_活动.md,50.38,早期共产主义者与马克思主义传播
李达 唯物史观 社会学,0284_李达_唯物史观_社会学.md,李达 唯物史观 现代社会学,0314_李达_唯物史观_现代社会学.md,45.91,早期共产主义者与马克思主义传播
李达 唯物史观 社会学,0284_李达_唯物史观_社会学.md,李达 唯物史观 学术贡献,0269_李达_唯物史观_学术贡献.md,40.42,早期共产主义者与马克思主义传播
李达 唯物史观 社会学,0284_李达_唯物史观_社会学.md,李达 唯物史观 传播 应用,0332_李达_唯物史观_传播_应用.md,40.42,早期共产主义者与马克思主义传播
李达 唯物史观 社会学,0284_李达_唯物史观_社会学.md,李大钊 社会改造 唯物史观,0274_李大钊_社会改造_唯物史观.md,27.14,早期共产主义者与马克思主义传播
李达 唯物史观 社会学,0284_李达_唯物史观_社会学.md,中国社会史论战 唯物史观,1699_中国社会史论战_唯物史观.md,27.14,早期共产主义者与马克思主义传播
李汉俊 马克思主义传播 活动,0285_李汉俊_马克思主义传播_活动.md,李达 马克思主义传播 活动,0283_李达_马克思主义传播_活动.md,50.38,五四新文化与马克思主义早期传播
李汉俊 马克思主义传播 活动,0285_李汉俊_马克思主义传播_活动.md,李大钊 马克思主义传播 活动,0278_李大钊_马克思主义传播_活动.md,49.29,五四新文化与马克思主义早期传播
李汉俊 马克思主义传播 活动,0285_李汉俊_马克思主义传播_活动.md,陈独秀 马克思主义传播 活动,0281_陈独秀_马克思主义传播_活动.md,49.29,五四新文化与马克思主义早期传播
李汉俊 马克思主义传播 活动,0285_李汉俊_马克思主义传播_活动.md,杨匏安 马克思主义传播 活动,0286_杨匏安_马克思主义传播_活动.md,49.29,五四新文化与马克思主义早期传播
李汉俊 马克思主义传播 活动,0285_李汉俊_马克思主义传播_活动.md,瞿秋白 马克思主义传播 活动,0287_瞿秋白_马克思主义传播_活动.md,49.29,五四新文化与马克思主义早期传播
杨匏安 马克思主义传播 活动,0286_杨匏安_马克思主义传播_活动.md,李达 马克思主义传播 活动,0283_李达_马克思主义传播_活动.md,50.38,早期共产主义者与马克思主义传播
杨匏安 马克思主义传播 活动,0286_杨匏安_马克思主义传播_活动.md,李大钊 马克思主义传播 活动,0278_李大钊_马克思主义传播_活动.md,49.29,早期共产主义者与马克思主义传播
杨匏安 马克思主义传播 活动,0286_杨匏安_马克思主义传播_活动.md,陈独秀 马克思主义传播 活动,0281_陈独秀_马克思主义传播_活动.md,49.29,早期共产主义者与马克思主义传播
杨匏安 马克思主义传播 活动,0286_杨匏安_马克思主义传播_活动.md,李汉俊 马克思主义传播 活动,0285_李汉俊_马克思主义传播_活动.md,49.29,早期共产主义者与马克思主义传播
杨匏安 马克思主义传播 活动,0286_杨匏安_马克思主义传播_活动.md,瞿秋白 马克思主义传播 活动,0287_瞿秋白_马克思主义传播_活动.md,49.29,早期共产主义者与马克思主义传播
瞿秋白 马克思主义传播 活动,0287_瞿秋白_马克思主义传播_活动.md,李达 马克思主义传播 活动,0283_李达_马克思主义传播_活动.md,50.38,早期共产主义者与马克思主义传播
瞿秋白 马克思主义传播 活动,0287_瞿秋白_马克思主义传播_活动.md,李大钊 马克思主义传播 活动,0278_李大钊_马克思主义传播_活动.md,49.29,早期共产主义者与马克思主义传播
瞿秋白 马克思主义传播 活动,0287_瞿秋白_马克思主义传播_活动.md,陈独秀 马克思主义传播 活动,0281_陈独秀_马克思主义传播_活动.md,49.29,早期共产主义者与马克思主义传播
瞿秋白 马克思主义传播 活动,0287_瞿秋白_马克思主义传播_活动.md,李汉俊 马克思主义传播 活动,0285_李汉俊_马克思主义传播_活动.md,49.29,早期共产主义者与马克思主义传播
瞿秋白 马克思主义传播 活动,0287_瞿秋白_马克思主义传播_活动.md,杨匏安 马克思主义传播 活动,0286_杨匏安_马克思主义传播_活动.md,49.29,早期共产主义者与马克思主义传播
瞿秋白 辩证唯物主义 中国传播,0288_瞿秋白_辩证唯物主义_中国传播.md,瞿秋白 辩证唯物主义 中国化,0300_瞿秋白_辩证唯物主义_中国化.md,64.23,瞿秋白与辩证唯物主义传播
瞿秋白 辩证唯物主义 中国传播,0288_瞿秋白_辩证唯物主义_中国传播.md,瞿秋白 辩证唯物主义 传播,0335_瞿秋白_辩证唯物主义_传播.md,62.31,瞿秋白与辩证唯物主义传播
瞿秋白 辩证唯物主义 中国传播,0288_瞿秋白_辩证唯物主义_中国传播.md,李约瑟 辩证唯物主义 渊源 中国,1495_李约瑟_辩证唯物主义_渊源_中国.md,38.33,瞿秋白与辩证唯物主义传播
瞿秋白 辩证唯物主义 中国传播,0288_瞿秋白_辩证唯物主义_中国传播.md,历史唯物主义 辩证唯物主义,1707_历史唯物主义_辩证唯物主义.md,38.33,瞿秋白与辩证唯物主义传播
瞿秋白 辩证唯物主义 中国传播,0288_瞿秋白_辩证唯物主义_中国传播.md,唯心主义 辩证唯物主义,1766_唯心主义_辩证唯物主义.md,38.33,瞿秋白与辩证唯物主义传播
蔡和森 马克思主义传播 活动,0289_蔡和森_马克思主义传播_活动.md,李达 马克思主义传播 活动,0283_李达_马克思主义传播_活动.md,50.38,早期共产主义者与马克思主义传播
蔡和森 马克思主义传播 活动,0289_蔡和森_马克思主义传播_活动.md,李大钊 马克思主义传播 活动,0278_李大钊_马克思主义传播_活动.md,49.29,早期共产主义者与马克思主义传播
蔡和森 马克思主义传播 活动,0289_蔡和森_马克思主义传播_活动.md,陈独秀 马克思主义传播 活动,0281_陈独秀_马克思主义传播_活动.md,49.29,早期共产主义者与马克思主义传播
蔡和森 马克思主义传播 活动,0289_蔡和森_马克思主义传播_活动.md,李汉俊 马克思主义传播 活动,0285_李汉俊_马克思主义传播_活动.md,49.29,早期共产主义者与马克思主义传播
蔡和森 马克思主义传播 活动,0289_蔡和森_马克思主义传播_活动.md,杨匏安 马克思主义传播 活动,0286_杨匏安_马克思主义传播_活动.md,49.29,早期共产主义者与马克思主义传播
早期共产主义者 传播马克思主义 特点,0290_早期共产主义者_传播马克思主义_特点.md,早期共产主义者 马克思主义 传播活动,0277_早期共产主义者_马克思主义_传播活动.md,48.89,五四新文化与马克思主义早期传播
早期共产主义者 传播马克思主义 特点,0290_早期共产主义者_传播马克思主义_特点.md,早期共产主义者 现实斗争 马克思主义,0291_早期共产主义者_现实斗争_马克思主义.md,46.84,五四新文化与马克思主义早期传播
早期共产主义者 传播马克思主义 特点,0290_早期共产主义者_传播马克思主义_特点.md,早期共产主义者 马克思主义 中国革命,0292_早期共产主义者_马克思主义_中国革命.md,46.84,五四新文化与马克思主义早期传播
早期共产主义者 传播马克思主义 特点,0290_早期共产主义者_传播马克思主义_特点.md,中国共产党人 传播马克思主义 活动,0102_中国共产党人_传播马克思主义_活动.md,43.33,五四新文化与马克思主义早期传播
早期共产主义者 传播马克思主义 特点,0290_早期共产主义者_传播马克思主义_特点.md,传播马克思主义 社团 五四,0145_传播马克思主义_社团_五四.md,43.33,五四新文化与马克思主义早期传播
早期共产主义者 现实斗争 马克思主义,0291_早期共产主义者_现实斗争_马克思主义.md,早期共产主义者 马克思主义 传播活动,0277_早期共产主义者_马克思主义_传播活动.md,46.84,五四新文化与马克思主义早期传播
早期共产主义者 现实斗争 马克思主义,0291_早期共产主义者_现实斗争_马克思主义.md,早期共产主义者 传播马克思主义 特点,0290_早期共产主义者_传播马克思主义_特点.md,46.84,五四新文化与马克思主义早期传播
早期共产主义者 现实斗争 马克思主义,0291_早期共产主义者_现实斗争_马克思主义.md,早期共产主义者 马克思主义 中国革命,0292_早期共产主义者_马克思主义_中国革命.md,46.84,五四新文化与马克思主义早期传播
早期共产主义者 现实斗争 马克思主义,0291_早期共产主义者_现实斗争_马克思主义.md,早期共产主义者 理论宣传 实践结合,0293_早期共产主义者_理论宣传_实践结合.md,41.82,五四新文化与马克思主义早期传播
早期共产主义者 现实斗争 马克思主义,0291_早期共产主义者_现实斗争_马克思主义.md,中国共产主义者 思想取向 马克思主义,1193_中国共产主义者_思想取向_马克思主义.md,8.33,五四新文化与马克思主义早期传播
早期共产主义者 马克思主义 中国革命,0292_早期共产主义者_马克思主义_中国革命.md,早期共产主义者 马克思主义 传播活动,0277_早期共产主义者_马克思主义_传播活动.md,48.89,五四新文化与马克思主义早期传播
早期共产主义者 马克思主义 中国革命,0292_早期共产主义者_马克思主义_中国革命.md,早期共产主义者 传播马克思主义 特点,0290_早期共产主义者_传播马克思主义_特点.md,46.84,五四新文化与马克思主义早期传播
早期共产主义者 马克思主义 中国革命,0292_早期共产主义者_马克思主义_中国革命.md,早期共产主义者 现实斗争 马克思主义,0291_早期共产主义者_现实斗争_马克思主义.md,46.84,五四新文化与马克思主义早期传播
早期共产主义者 马克思主义 中国革命,0292_早期共产主义者_马克思主义_中国革命.md,早期共产主义者 理论宣传 实践结合,0293_早期共产主义者_理论宣传_实践结合.md,41.82,五四新文化与马克思主义早期传播
早期共产主义者 马克思主义 中国革命,0292_早期共产主义者_马克思主义_中国革命.md,中国革命 需要 马克思主义,1283_中国革命_需要_马克思主义.md,30.29,五四新文化与马克思主义早期传播
早期共产主义者 理论宣传 实践结合,0293_早期共产主义者_理论宣传_实践结合.md,早期共产主义者 马克思主义 传播活动,0277_早期共产主义者_马克思主义_传播活动.md,41.82,五四新文化与马克思主义早期传播
早期共产主义者 理论宣传 实践结合,0293_早期共产主义者_理论宣传_实践结合.md,早期共产主义者 传播马克思主义 特点,0290_早期共产主义者_传播马克思主义_特点.md,41.82,五四新文化与马克思主义早期传播
早期共产主义者 理论宣传 实践结合,0293_早期共产主义者_理论宣传_实践结合.md,早期共产主义者 现实斗争 马克思主义,0291_早期共产主义者_现实斗争_马克思主义.md,41.82,五四新文化与马克思主义早期传播
早期共产主义者 理论宣传 实践结合,0293_早期共产主义者_理论宣传_实践结合.md,早期共产主义者 马克思主义 中国革命,0292_早期共产主义者_马克思主义_中国革命.md,41.82,五四新文化与马克思主义早期传播
早期共产主义者 理论宣传 实践结合,0293_早期共产主义者_理论宣传_实践结合.md,共产主义者 道德 民族道德,1598_共产主义者_道德_民族道德.md,5.26,五四新文化与马克思主义早期传播
陈唯实 马克思主义哲学 通俗宣传,0294_陈唯实_马克思主义哲学_通俗宣传.md,胡绳 马克思主义哲学 通俗宣传,0456_胡绳_马克思主义哲学_通俗宣传.md,71.67,陈唯实与通俗唯物论讲话
陈唯实 马克思主义哲学 通俗宣传,0294_陈唯实_马克思主义哲学_通俗宣传.md,高语罕 马克思主义哲学 通俗宣传,1194_高语罕_马克思主义哲学_通俗宣传.md,70.62,陈唯实与通俗唯物论讲话
陈唯实 马克思主义哲学 通俗宣传,0294_陈唯实_马克思主义哲学_通俗宣传.md,马克思主义哲学 通俗宣传 贡献评价,1198_马克思主义哲学_通俗宣传_贡献评价.md,69.71,陈唯实与通俗唯物论讲话
陈唯实 马克思主义哲学 通俗宣传,0294_陈唯实_马克思主义哲学_通俗宣传.md,通俗宣传 马克思主义哲学 社会基础,1202_通俗宣传_马克思主义哲学_社会基础.md,67.5,陈唯实与通俗唯物论讲话
陈唯实 马克思主义哲学 通俗宣传,0294_陈唯实_马克思主义哲学_通俗宣传.md,陈独秀 马克思主义哲学 宣传,0306_陈独秀_马克思主义哲学_宣传.md,45.29,陈唯实与通俗唯物论讲话
陈唯实 通俗唯物论讲话 哲学到大众去,0295_陈唯实_通俗唯物论讲话_哲学到大众去.md,陈唯实 新哲学体系讲话 大众生活,0365_陈唯实_新哲学体系讲话_大众生活.md,20.43,陈唯实与通俗唯物论讲话
陈唯实 通俗唯物论讲话 哲学到大众去,0295_陈唯实_通俗唯物论讲话_哲学到大众去.md,陈唯实 通俗辩证法讲话 科学人生观,0132_陈唯实_通俗辩证法讲话_科学人生观.md,20.21,陈唯实与通俗唯物论讲话
陈唯实 通俗唯物论讲话 哲学到大众去,0295_陈唯实_通俗唯物论讲话_哲学到大众去.md,陈唯实 马克思主义哲学 通俗宣传,0294_陈唯实_马克思主义哲学_通俗宣传.md,19.17,陈唯实与通俗唯物论讲话
陈唯实 通俗唯物论讲话 哲学到大众去,0295_陈唯实_通俗唯物论讲话_哲学到大众去.md,大众哲学 哲学讲话 通俗化,0396_大众哲学_哲学讲话_通俗化.md,5.0,陈唯实与通俗唯物论讲话
瞿秋白 社会哲学概论 讲义,0296_瞿秋白_社会哲学概论_讲义.md,社会哲学概论,1979_社会哲学概论.md,42.5,瞿秋白与辩证唯物主义传播
瞿秋白 社会哲学概论 讲义,0296_瞿秋白_社会哲学概论_讲义.md,瞿秋白 现代社会学 社会科学概论,0297_瞿秋白_现代社会学_社会科学概论.md,22.35,瞿秋白与辩证唯物主义传播
瞿秋白 社会哲学概论 讲义,0296_瞿秋白_社会哲学概论_讲义.md,瞿秋白 自由 必然 个人 社会,0338_瞿秋白_自由_必然_个人_社会.md,19.41,瞿秋白与辩证唯物主义传播
瞿秋白 社会哲学概论 讲义,0296_瞿秋白_社会哲学概论_讲义.md,瞿秋白 马克思主义哲学 宣传,0310_瞿秋白_马克思主义哲学_宣传.md,19.17,瞿秋白与辩证唯物主义传播
瞿秋白 社会哲学概论 讲义,0296_瞿秋白_社会哲学概论_讲义.md,瞿秋白 马克思主义哲学 学术贡献,0265_瞿秋白_马克思主义哲学_学术贡献.md,18.75,瞿秋白与辩证唯物主义传播
瞿秋白 现代社会学 社会科学概论,0297_瞿秋白_现代社会学_社会科学概论.md,社会科学概论,2023_社会科学概论.md,40.42,瞿秋白与辩证唯物主义传播
瞿秋白 现代社会学 社会科学概论,0297_瞿秋白_现代社会学_社会科学概论.md,现代社会学,1881_现代社会学.md,33.33,瞿秋白与辩证唯物主义传播
瞿秋白 现代社会学 社会科学概论,0297_瞿秋白_现代社会学_社会科学概论.md,李达 现代社会学 社会学大纲,0298_李达_现代社会学_社会学大纲.md,32.81,瞿秋白与辩证唯物主义传播
瞿秋白 现代社会学 社会科学概论,0297_瞿秋白_现代社会学_社会科学概论.md,李达 唯物史观 现代社会学,0314_李达_唯物史观_现代社会学.md,30.56,瞿秋白与辩证唯物主义传播
瞿秋白 现代社会学 社会科学概论,0297_瞿秋白_现代社会学_社会科学概论.md,瞿秋白 社会哲学概论 讲义,0296_瞿秋白_社会哲学概论_讲义.md,22.35,瞿秋白与辩证唯物主义传播
李达 现代社会学 社会学大纲,0298_李达_现代社会学_社会学大纲.md,李达 社会学大纲 学术史,0268_李达_社会学大纲_学术史.md,44.62,李达与马克思主义哲学体系化
李达 现代社会学 社会学大纲,0298_李达_现代社会学_社会学大纲.md,李达 唯物史观 现代社会学,0314_李达_唯物史观_现代社会学.md,43.93,李达与马克思主义哲学体系化
李达 现代社会学 社会学大纲,0298_李达_现代社会学_社会学大纲.md,李达 社会学大纲 教科书形态,0276_李达_社会学大纲_教科书形态.md,43.33,李达与马克思主义哲学体系化
李达 现代社会学 社会学大纲,0298_李达_现代社会学_社会学大纲.md,李达 社会学大纲 教科书传播,0299_李达_社会学大纲_教科书传播.md,43.33,李达与马克思主义哲学体系化
李达 现代社会学 社会学大纲,0298_李达_现代社会学_社会学大纲.md,李达 社会学大纲 马克思主义哲学,0323_李达_社会学大纲_马克思主义哲学.md,42.35,李达与马克思主义哲学体系化
李达 社会学大纲 教科书传播,0299_李达_社会学大纲_教科书传播.md,李达 社会学大纲 教科书形态,0276_李达_社会学大纲_教科书形态.md,52.31,李达与马克思主义哲学体系化
李达 社会学大纲 教科书传播,0299_李达_社会学大纲_教科书传播.md,李达 社会学大纲 马克思主义教科书,0328_李达_社会学大纲_马克思主义教科书.md,46.76,李达与马克思主义哲学体系化
李达 社会学大纲 教科书传播,0299_李达_社会学大纲_教科书传播.md,李达 社会学大纲 学术史,0268_李达_社会学大纲_学术史.md,45.71,李达与马克思主义哲学体系化
李达 社会学大纲 教科书传播,0299_李达_社会学大纲_教科书传播.md,李达 现代社会学 社会学大纲,0298_李达_现代社会学_社会学大纲.md,43.33,李达与马克思主义哲学体系化
李达 社会学大纲 教科书传播,0299_李达_社会学大纲_教科书传播.md,李达 社会学大纲 马克思主义哲学,0323_李达_社会学大纲_马克思主义哲学.md,43.33,李达与马克思主义哲学体系化
瞿秋白 辩证唯物主义 中国化,0300_瞿秋白_辩证唯物主义_中国化.md,瞿秋白 辩证唯物主义 中国传播,0288_瞿秋白_辩证唯物主义_中国传播.md,64.23,瞿秋白与辩证唯物主义传播
瞿秋白 辩证唯物主义 中国化,0300_瞿秋白_辩证唯物主义_中国化.md,瞿秋白 辩证唯物主义 传播,0335_瞿秋白_辩证唯物主义_传播.md,60.38,瞿秋白与辩证唯物主义传播
瞿秋白 辩证唯物主义 中国化,0300_瞿秋白_辩证唯物主义_中国化.md,历史唯物主义 辩证唯物主义,1707_历史唯物主义_辩证唯物主义.md,38.93,瞿秋白与辩证唯物主义传播
瞿秋白 辩证唯物主义 中国化,0300_瞿秋白_辩证唯物主义_中国化.md,唯心主义 辩证唯物主义,1766_唯心主义_辩证唯物主义.md,38.93,瞿秋白与辩证唯物主义传播
瞿秋白 辩证唯物主义 中国化,0300_瞿秋白_辩证唯物主义_中国化.md,李约瑟 辩证唯物主义 渊源 中国,1495_李约瑟_辩证唯物主义_渊源_中国.md,38.82,瞿秋白与辩证唯物主义传播
李达 马克思主义哲学 中国化,0301_李达_马克思主义哲学_中国化.md,马克思主义哲学 中国化 历程,1413_马克思主义哲学_中国化_历程.md,67.31,早期共产主义者与马克思主义传播
李达 马克思主义哲学 中国化,0301_李达_马克思主义哲学_中国化.md,马克思主义哲学 中国化 定义,1414_马克思主义哲学_中国化_定义.md,67.31,早期共产主义者与马克思主义传播
李达 马克思主义哲学 中国化,0301_李达_马克思主义哲学_中国化.md,毛泽东 马克思主义哲学 中国化,0615_毛泽东_马克思主义哲学_中国化.md,66.07,早期共产主义者与马克思主义传播
李达 马克思主义哲学 中国化,0301_李达_马克思主义哲学_中国化.md,抗日战争 马克思主义哲学 中国化,1320_抗日战争_马克思主义哲学_中国化.md,65.0,早期共产主义者与马克思主义传播
李达 马克思主义哲学 中国化,0301_李达_马克思主义哲学_中国化.md,马克思主义哲学 中国化 两个方面,1418_马克思主义哲学_中国化_两个方面.md,65.0,早期共产主义者与马克思主义传播
李大钊 唯物史观 史学要论,0302_李大钊_唯物史观_史学要论.md,李大钊 唯物史观 研究,0258_李大钊_唯物史观_研究.md,47.5,李大钊与唯物史观传播
李大钊 唯物史观 史学要论,0302_李大钊_唯物史观_史学要论.md,唯物史观 李大钊,1775_唯物史观_李大钊.md,46.36,李大钊与唯物史观传播
李大钊 唯物史观 史学要论,0302_李大钊_唯物史观_史学要论.md,李大钊 唯物史观 初步应用,0272_李大钊_唯物史观_初步应用.md,45.71,李大钊与唯物史观传播
李大钊 唯物史观 史学要论,0302_李大钊_唯物史观_史学要论.md,李大钊 唯物史观 历史研究,0304_李大钊_唯物史观_历史研究.md,45.71,李大钊与唯物史观传播
李大钊 唯物史观 史学要论,0302_李大钊_唯物史观_史学要论.md,李大钊 唯物史观 阶级斗争,0326_李大钊_唯物史观_阶级斗争.md,45.71,李大钊与唯物史观传播
李大钊 唯物史观 中国革命 指导,0303_李大钊_唯物史观_中国革命_指导.md,李大钊 唯物史观 中国哲学现代转型,0743_李大钊_唯物史观_中国哲学现代转型.md,46.11,唯物史观在中国的传播与应用
李大钊 唯物史观 中国革命 指导,0303_李大钊_唯物史观_中国革命_指导.md,李大钊 唯物史观 研究,0258_李大钊_唯物史观_研究.md,45.71,唯物史观在中国的传播与应用
李大钊 唯物史观 中国革命 指导,0303_李大钊_唯物史观_中国革命_指导.md,唯物史观 李大钊,1775_唯物史观_李大钊.md,44.62,唯物史观在中国的传播与应用
李大钊 唯物史观 中国革命 指导,0303_李大钊_唯物史观_中国革命_指导.md,李大钊 唯物史观 初步应用,0272_李大钊_唯物史观_初步应用.md,44.38,唯物史观在中国的传播与应用
李大钊 唯物史观 中国革命 指导,0303_李大钊_唯物史观_中国革命_指导.md,李大钊 唯物史观 史学要论,0302_李大钊_唯物史观_史学要论.md,44.38,唯物史观在中国的传播与应用
李大钊 唯物史观 历史研究,0304_李大钊_唯物史观_历史研究.md,李大钊 唯物史观 研究,0258_李大钊_唯物史观_研究.md,50.91,唯物史观在中国的传播与应用
李大钊 唯物史观 历史研究,0304_李大钊_唯物史观_历史研究.md,唯物史观 李大钊,1775_唯物史观_李大钊.md,46.36,唯物史观在中国的传播与应用
李大钊 唯物史观 历史研究,0304_李大钊_唯物史观_历史研究.md,李大钊 唯物史观 初步应用,0272_李大钊_唯物史观_初步应用.md,45.71,唯物史观在中国的传播与应用
李大钊 唯物史观 历史研究,0304_李大钊_唯物史观_历史研究.md,李大钊 唯物史观 史学要论,0302_李大钊_唯物史观_史学要论.md,45.71,唯物史观在中国的传播与应用
李大钊 唯物史观 历史研究,0304_李大钊_唯物史观_历史研究.md,李大钊 唯物史观 阶级斗争,0326_李大钊_唯物史观_阶级斗争.md,45.71,唯物史观在中国的传播与应用
李大钊 历史发展规律 人民创造历史,0305_李大钊_历史发展规律_人民创造历史.md,李大钊 历史观 学术思想,0259_李大钊_历史观_学术思想.md,20.56,李大钊与唯物史观传播
李大钊 历史发展规律 人民创造历史,0305_李大钊_历史发展规律_人民创造历史.md,李大钊 唯物史观 历史研究,0304_李大钊_唯物史观_历史研究.md,18.75,李大钊与唯物史观传播
李大钊 历史发展规律 人民创造历史,0305_李大钊_历史发展规律_人民创造历史.md,李大钊 青春哲学,0347_李大钊_青春哲学.md,17.94,李大钊与唯物史观传播
李大钊 历史发展规律 人民创造历史,0305_李大钊_历史发展规律_人民创造历史.md,李大钊 众庶 英雄,0351_李大钊_众庶_英雄.md,17.94,李大钊与唯物史观传播
李大钊 历史发展规律 人民创造历史,0305_李大钊_历史发展规律_人民创造历史.md,唯物史观 李大钊,1775_唯物史观_李大钊.md,17.94,李大钊与唯物史观传播
陈独秀 马克思主义哲学 宣传,0306_陈独秀_马克思主义哲学_宣传.md,陈独秀 马克思主义哲学 宣传 运用,0354_陈独秀_马克思主义哲学_宣传_运用.md,81.15,陈独秀与马克思主义传播
陈独秀 马克思主义哲学 宣传,0306_陈独秀_马克思主义哲学_宣传.md,瞿秋白 马克思主义哲学 宣传,0310_瞿秋白_马克思主义哲学_宣传.md,59.29,陈独秀与马克思主义传播
陈独秀 马克思主义哲学 宣传,0306_陈独秀_马克思主义哲学_宣传.md,马克思主义哲学 教学 研究 宣传,1224_马克思主义哲学_教学_研究_宣传.md,55.94,陈独秀与马克思主义传播
陈独秀 马克思主义哲学 宣传,0306_陈独秀_马克思主义哲学_宣传.md,胡绳 马克思主义哲学 通俗宣传,0456_胡绳_马克思主义哲学_通俗宣传.md,45.94,陈独秀与马克思主义传播
陈独秀 马克思主义哲学 宣传,0306_陈独秀_马克思主义哲学_宣传.md,马克思主义哲学 中国哲学,1823_马克思主义哲学_中国哲学.md,45.71,陈独秀与马克思主义传播
陈独秀 马克思 两大精神,0307_陈独秀_马克思_两大精神.md,陈独秀 马克思主义 研究,0261_陈独秀_马克思主义_研究.md,24.62,五四时期马克思主义传播
陈独秀 马克思 两大精神,0307_陈独秀_马克思_两大精神.md,陈独秀 马克思主义传播 活动,0281_陈独秀_马克思主义传播_活动.md,23.33,五四时期马克思主义传播
陈独秀 马克思 两大精神,0307_陈独秀_马克思_两大精神.md,陈独秀 马克思主义哲学 宣传,0306_陈独秀_马克思主义哲学_宣传.md,23.33,五四时期马克思主义传播
陈独秀 马克思 两大精神,0307_陈独秀_马克思_两大精神.md,陈独秀 马克思主义哲学 宣传 运用,0354_陈独秀_马克思主义哲学_宣传_运用.md,22.35,五四时期马克思主义传播
陈独秀 马克思 两大精神,0307_陈独秀_马克思_两大精神.md,陈独秀 科学 民主 马克思主义,0262_陈独秀_科学_民主_马克思主义.md,21.25,五四时期马克思主义传播
陈独秀 唯物史观 两大要旨,0308_陈独秀_唯物史观_两大要旨.md,陈独秀 唯物史观 人生观,0213_陈独秀_唯物史观_人生观.md,46.54,陈独秀与马克思主义传播
陈独秀 唯物史观 两大要旨,0308_陈独秀_唯物史观_两大要旨.md,陈独秀 唯物史观 阶级斗争,0282_陈独秀_唯物史观_阶级斗争.md,45.71,陈独秀与马克思主义传播
陈独秀 唯物史观 两大要旨,0308_陈独秀_唯物史观_两大要旨.md,陈独秀 唯物史观 传播 应用,0331_陈独秀_唯物史观_传播_应用.md,45.71,陈独秀与马克思主义传播
陈独秀 唯物史观 两大要旨,0308_陈独秀_唯物史观_两大要旨.md,陈独秀 唯物史观 剩余价值 阶级斗争,0327_陈独秀_唯物史观_剩余价值_阶级斗争.md,43.33,陈独秀与马克思主义传播
陈独秀 唯物史观 两大要旨,0308_陈独秀_唯物史观_两大要旨.md,唯物史观 谈政治,0032_唯物史观_谈政治.md,25.77,陈独秀与马克思主义传播
陈独秀 阶级斗争 社会革命理论,0309_陈独秀_阶级斗争_社会革命理论.md,陈独秀 唯物史观 阶级斗争,0282_陈独秀_唯物史观_阶级斗争.md,42.35,阶级斗争与社会革命理论
陈独秀 阶级斗争 社会革命理论,0309_陈独秀_阶级斗争_社会革命理论.md,陈独秀 唯物史观 剩余价值 阶级斗争,0327_陈独秀_唯物史观_剩余价值_阶级斗争.md,40.95,阶级斗争与社会革命理论
陈独秀 阶级斗争 社会革命理论,0309_陈独秀_阶级斗争_社会革命理论.md,唯物史观 阶级 阶级斗争 理论,0034_唯物史观_阶级_阶级斗争_理论.md,25.56,阶级斗争与社会革命理论
陈独秀 阶级斗争 社会革命理论,0309_陈独秀_阶级斗争_社会革命理论.md,阶级斗争 方法 马克思,0017_阶级斗争_方法_马克思.md,24.41,阶级斗争与社会革命理论
陈独秀 阶级斗争 社会革命理论,0309_陈独秀_阶级斗争_社会革命理论.md,阶级斗争 国家 阶级属性,0028_阶级斗争_国家_阶级属性.md,24.41,阶级斗争与社会革命理论
瞿秋白 马克思主义哲学 宣传,0310_瞿秋白_马克思主义哲学_宣传.md,瞿秋白 马克思主义哲学 学术贡献,0265_瞿秋白_马克思主义哲学_学术贡献.md,65.0,瞿秋白与辩证唯物主义传播
瞿秋白 马克思主义哲学 宣传,0310_瞿秋白_马克思主义哲学_宣传.md,陈独秀 马克思主义哲学 宣传,0306_陈独秀_马克思主义哲学_宣传.md,59.29,瞿秋白与辩证唯物主义传播
瞿秋白 马克思主义哲学 宣传,0310_瞿秋白_马克思主义哲学_宣传.md,陈独秀 马克思主义哲学 宣传 运用,0354_陈独秀_马克思主义哲学_宣传_运用.md,57.5,瞿秋白与辩证唯物主义传播
瞿秋白 马克思主义哲学 宣传,0310_瞿秋白_马克思主义哲学_宣传.md,马克思主义哲学 教学 研究 宣传,1224_马克思主义哲学_教学_研究_宣传.md,55.94,瞿秋白与辩证唯物主义传播
瞿秋白 马克思主义哲学 宣传,0310_瞿秋白_马克思主义哲学_宣传.md,胡绳 马克思主义哲学 通俗宣传,0456_胡绳_马克思主义哲学_通俗宣传.md,45.94,瞿秋白与辩证唯物主义传播
瞿秋白 唯物论 唯心论 哲学根本问题,0311_瞿秋白_唯物论_唯心论_哲学根本问题.md,唯物论 唯心论 哲学党性,1576_唯物论_唯心论_哲学党性.md,40.94,早期共产主义者与马克思主义传播
瞿秋白 唯物论 唯心论 哲学根本问题,0311_瞿秋白_唯物论_唯心论_哲学根本问题.md,瞿秋白 东方文化派 唯心论 批判,0339_瞿秋白_东方文化派_唯心论_批判.md,34.55,早期共产主义者与马克思主义传播
瞿秋白 唯物论 唯心论 哲学根本问题,0311_瞿秋白_唯物论_唯心论_哲学根本问题.md,瞿秋白 互辩律的唯物论,0264_瞿秋白_互辩律的唯物论.md,20.26,早期共产主义者与马克思主义传播
瞿秋白 唯物论 唯心论 哲学根本问题,0311_瞿秋白_唯物论_唯心论_哲学根本问题.md,瞿秋白 唯物辩证法 研究,0266_瞿秋白_唯物辩证法_研究.md,20.26,早期共产主义者与马克思主义传播
瞿秋白 唯物论 唯心论 哲学根本问题,0311_瞿秋白_唯物论_唯心论_哲学根本问题.md,陈独秀 瞿秋白 唯物史观派,0329_陈独秀_瞿秋白_唯物史观派.md,20.0,早期共产主义者与马克思主义传播
瞿秋白 辩证法 基本规律,0312_瞿秋白_辩证法_基本规律.md,瞿秋白 唯物辩证法 研究,0266_瞿秋白_唯物辩证法_研究.md,22.14,瞿秋白与辩证唯物主义传播
瞿秋白 辩证法 基本规律,0312_瞿秋白_辩证法_基本规律.md,瞿秋白 辩证唯物主义 传播,0335_瞿秋白_辩证唯物主义_传播.md,21.67,瞿秋白与辩证唯物主义传播
瞿秋白 辩证法 基本规律,0312_瞿秋白_辩证法_基本规律.md,瞿秋白 辩证唯物主义 中国化,0300_瞿秋白_辩证唯物主义_中国化.md,21.25,瞿秋白与辩证唯物主义传播
瞿秋白 辩证法 基本规律,0312_瞿秋白_辩证法_基本规律.md,瞿秋白 辩证唯物主义 中国传播,0288_瞿秋白_辩证唯物主义_中国传播.md,20.88,瞿秋白与辩证唯物主义传播
瞿秋白 辩证法 基本规律,0312_瞿秋白_辩证法_基本规律.md,辩证法 规律 范畴 恩格斯,1095_辩证法_规律_范畴_恩格斯.md,20.0,瞿秋白与辩证唯物主义传播
瞿秋白 历史唯物论 基本原理,0313_瞿秋白_历史唯物论_基本原理.md,历史唯物论 辩证唯物论 米丁,1809_历史唯物论_辩证唯物论_米丁.md,31.25,瞿秋白与辩证唯物主义传播
瞿秋白 历史唯物论 基本原理,0313_瞿秋白_历史唯物论_基本原理.md,辩证唯物论 历史唯物论 传播体系,0057_辩证唯物论_历史唯物论_传播体系.md,30.56,瞿秋白与辩证唯物主义传播
瞿秋白 历史唯物论 基本原理,0313_瞿秋白_历史唯物论_基本原理.md,社会发展史 历史唯物论 学习,1036_社会发展史_历史唯物论_学习.md,30.56,瞿秋白与辩证唯物主义传播
瞿秋白 历史唯物论 基本原理,0313_瞿秋白_历史唯物论_基本原理.md,历史唯物论 社会发展史 艾思奇,0374_历史唯物论_社会发展史_艾思奇.md,30.26,瞿秋白与辩证唯物主义传播
瞿秋白 历史唯物论 基本原理,0313_瞿秋白_历史唯物论_基本原理.md,马克思主义 基本原理 中国实际 结合,1106_马克思主义_基本原理_中国实际_结合.md,23.41,瞿秋白与辩证唯物主义传播
李达 唯物史观 现代社会学,0314_李达_唯物史观_现代社会学.md,李达 唯物史观 社会学,0284_李达_唯物史观_社会学.md,45.91,早期共产主义者与马克思主义传播
李达 唯物史观 现代社会学,0314_李达_唯物史观_现代社会学.md,李达 现代社会学 社会学大纲,0298_李达_现代社会学_社会学大纲.md,43.93,早期共产主义者与马克思主义传播
李达 唯物史观 现代社会学,0314_李达_唯物史观_现代社会学.md,李达 唯物史观 学术贡献,0269_李达_唯物史观_学术贡献.md,38.93,早期共产主义者与马克思主义传播
李达 唯物史观 现代社会学,0314_李达_唯物史观_现代社会学.md,李达 唯物史观 传播 应用,0332_李达_唯物史观_传播_应用.md,38.93,早期共产主义者与马克思主义传播
李达 唯物史观 现代社会学,0314_李达_唯物史观_现代社会学.md,现代社会学,1881_现代社会学.md,35.0,早期共产主义者与马克思主义传播
李达 经济基础 上层建筑,0315_李达_经济基础_上层建筑.md,经济基础 上层建筑 相互作用,0019_经济基础_上层建筑_相互作用.md,53.46,历史唯物主义体系
李达 经济基础 上层建筑,0315_李达_经济基础_上层建筑.md,唯物史观 经济基础 上层建筑,0027_唯物史观_经济基础_上层建筑.md,53.46,历史唯物主义体系
李达 经济基础 上层建筑,0315_李达_经济基础_上层建筑.md,经济基础 上层建筑 过渡时期,0641_经济基础_上层建筑_过渡时期.md,53.46,历史唯物主义体系
李达 经济基础 上层建筑,0315_李达_经济基础_上层建筑.md,经济基础 上层建筑 意识形态,1681_经济基础_上层建筑_意识形态.md,53.46,历史唯物主义体系
李达 经济基础 上层建筑,0315_李达_经济基础_上层建筑.md,语言学问题 经济基础 上层建筑,0003_语言学问题_经济基础_上层建筑.md,52.5,历史唯物主义体系
李达 生产力 生产关系,0316_李达_生产力_生产关系.md,生产力 生产关系 讨论,0002_生产力_生产关系_讨论.md,48.89,历史唯物主义体系
李达 生产力 生产关系,0316_李达_生产力_生产关系.md,生产力 生产关系 斯大林,0906_生产力_生产关系_斯大林.md,47.5,历史唯物主义体系
李达 生产力 生产关系,0316_李达_生产力_生产关系.md,生产力 生产关系 历史规律,0016_生产力_生产关系_历史规律.md,46.36,历史唯物主义体系
李达 生产力 生产关系,0316_李达_生产力_生产关系.md,唯物史观 生产力 生产关系,0026_唯物史观_生产力_生产关系.md,46.36,历史唯物主义体系
李达 生产力 生产关系,0316_李达_生产力_生产关系.md,生产力 生产关系 交互作用,0044_生产力_生产关系_交互作用.md,46.36,历史唯物主义体系
李达 社会发展 原动力,0317_李达_社会发展_原动力.md,社会发展 一般秩序 机械理解,1298_社会发展_一般秩序_机械理解.md,24.69,李达与马克思主义哲学体系化
李达 社会发展 原动力,0317_李达_社会发展_原动力.md,李达 社会学大纲 学术史,0268_李达_社会学大纲_学术史.md,15.36,李达与马克思主义哲学体系化
李达 社会发展 原动力,0317_李达_社会发展_原动力.md,李达 社会学大纲 教科书形态,0276_李达_社会学大纲_教科书形态.md,14.69,李达与马克思主义哲学体系化
李达 社会发展 原动力,0317_李达_社会发展_原动力.md,李达 社会学大纲 教科书传播,0299_李达_社会学大纲_教科书传播.md,14.69,李达与马克思主义哲学体系化
李达 社会发展 原动力,0317_李达_社会发展_原动力.md,李达 社会学大纲 马克思主义哲学,0323_李达_社会学大纲_马克思主义哲学.md,14.17,李达与马克思主义哲学体系化
李达 阶级 国家 社会意识 社会革命,0318_李达_阶级_国家_社会意识_社会革命.md,俄国 社会革命,1722_俄国_社会革命.md,25.36,阶级斗争与社会革命理论
李达 阶级 国家 社会意识 社会革命,0318_李达_阶级_国家_社会意识_社会革命.md,童稚集 早期胡绳 社会意识,0440_童稚集_早期胡绳_社会意识.md,23.95,阶级斗争与社会革命理论
李达 阶级 国家 社会意识 社会革命,0318_李达_阶级_国家_社会意识_社会革命.md,罗莎卢森堡 社会革命 合法改良,1099_罗莎卢森堡_社会革命_合法改良.md,23.57,阶级斗争与社会革命理论
李达 阶级 国家 社会意识 社会革命,0318_李达_阶级_国家_社会意识_社会革命.md,文化改造 社会革命 马克思主义引进,0966_文化改造_社会革命_马克思主义引进.md,23.26,阶级斗争与社会革命理论
李达 阶级 国家 社会意识 社会革命,0318_李达_阶级_国家_社会意识_社会革命.md,李达 唯物史观 社会学,0284_李达_唯物史观_社会学.md,12.78,阶级斗争与社会革命理论
李达 世界革命 民族革命,0319_李达_世界革命_民族革命.md,列宁 世界革命 唯物辩证法,0833_列宁_世界革命_唯物辩证法.md,25.0,李达与马克思主义哲学体系化
李达 世界革命 民族革命,0319_李达_世界革命_民族革命.md,李达 阶级 国家 社会意识 社会革命,0318_李达_阶级_国家_社会意识_社会革命.md,12.78,李达与马克思主义哲学体系化
李达 世界革命 民族革命,0319_李达_世界革命_民族革命.md,李达 生产力 生产关系,0316_李达_生产力_生产关系.md,11.79,李达与马克思主义哲学体系化
李达 世界革命 民族革命,0319_李达_世界革命_民族革命.md,李达 唯物史观 社会学,0284_李达_唯物史观_社会学.md,11.67,李达与马克思主义哲学体系化
李达 世界革命 民族革命,0319_李达_世界革命_民族革命.md,李达 社会发展 原动力,0317_李达_社会发展_原动力.md,11.67,李达与马克思主义哲学体系化
陈独秀 右倾机会主义 哲学根源,0320_陈独秀_右倾机会主义_哲学根源.md,瞿秋白 陈独秀 彭述之 右倾机会主义,0341_瞿秋白_陈独秀_彭述之_右倾机会主义.md,54.21,早期共产主义者与马克思主义传播
陈独秀 右倾机会主义 哲学根源,0320_陈独秀_右倾机会主义_哲学根源.md,右倾机会主义 左倾机会主义 哲学总结,1436_右倾机会主义_左倾机会主义_哲学总结.md,40.94,早期共产主义者与马克思主义传播
陈独秀 右倾机会主义 哲学根源,0320_陈独秀_右倾机会主义_哲学根源.md,陈独秀 马克思主义哲学 宣传,0306_陈独秀_马克思主义哲学_宣传.md,21.94,早期共产主义者与马克思主义传播
陈独秀 右倾机会主义 哲学根源,0320_陈独秀_右倾机会主义_哲学根源.md,陈独秀 马克思主义哲学 宣传 运用,0354_陈独秀_马克思主义哲学_宣传_运用.md,21.25,早期共产主义者与马克思主义传播
陈独秀 右倾机会主义 哲学根源,0320_陈独秀_右倾机会主义_哲学根源.md,陈独秀 社会主义 学术思想,0263_陈独秀_社会主义_学术思想.md,20.56,早期共产主义者与马克思主义传播
群众观点 错误 陈独秀,0321_群众观点_错误_陈独秀.md,实践观点 群众观点 认识论 群众路线,0619_实践观点_群众观点_认识论_群众路线.md,24.41,五四新文化与马克思主义早期传播
群众观点 错误 陈独秀,0321_群众观点_错误_陈独秀.md,陈独秀 民主 科学 反孔,0324_陈独秀_民主_科学_反孔.md,18.57,五四新文化与马克思主义早期传播
群众观点 错误 陈独秀,0321_群众观点_错误_陈独秀.md,陈独秀 前期哲学思想,0343_陈独秀_前期哲学思想.md,18.57,五四新文化与马克思主义早期传播
群众观点 错误 陈独秀,0321_群众观点_错误_陈独秀.md,陈独秀 崇现实 薄虚文,0344_陈独秀_崇现实_薄虚文.md,18.57,五四新文化与马克思主义早期传播
群众观点 错误 陈独秀,0321_群众观点_错误_陈独秀.md,陈独秀 进化论 历史观,0345_陈独秀_进化论_历史观.md,18.57,五四新文化与马克思主义早期传播
公式化 主观主义 陈独秀,0322_公式化_主观主义_陈独秀.md,主观主义 教条主义 批判,1211_主观主义_教条主义_批判.md,25.36,陈独秀与马克思主义传播
公式化 主观主义 陈独秀,0322_公式化_主观主义_陈独秀.md,经验主义 主观主义 批判,1212_经验主义_主观主义_批判.md,25.36,陈独秀与马克思主义传播
公式化 主观主义 陈独秀,0322_公式化_主观主义_陈独秀.md,主观主义 经验主义 批判,1464_主观主义_经验主义_批判.md,25.36,陈独秀与马克思主义传播
公式化 主观主义 陈独秀,0322_公式化_主观主义_陈独秀.md,民粹主义 主观主义 批判,1588_民粹主义_主观主义_批判.md,25.36,陈独秀与马克思主义传播
公式化 主观主义 陈独秀,0322_公式化_主观主义_陈独秀.md,主观主义 教条主义 经验主义,1338_主观主义_教条主义_经验主义.md,25.0,陈独秀与马克思主义传播
李达 社会学大纲 马克思主义哲学,0323_李达_社会学大纲_马克思主义哲学.md,李达 马克思主义哲学 研究,0267_李达_马克思主义哲学_研究.md,55.94,李达与马克思主义哲学体系化
李达 社会学大纲 马克思主义哲学,0323_李达_社会学大纲_马克思主义哲学.md,李达 马克思主义哲学 泰斗,0355_李达_马克思主义哲学_泰斗.md,55.94,李达与马克思主义哲学体系化
李达 社会学大纲 马克思主义哲学,0323_李达_社会学大纲_马克思主义哲学.md,李达 马克思主义哲学 中国化,0301_李达_马克思主义哲学_中国化.md,55.29,李达与马克思主义哲学体系化
李达 社会学大纲 马克思主义哲学,0323_李达_社会学大纲_马克思主义哲学.md,李达 社会学大纲 马克思主义教科书,0328_李达_社会学大纲_马克思主义教科书.md,52.19,李达与马克思主义哲学体系化
李达 社会学大纲 马克思主义哲学,0323_李达_社会学大纲_马克思主义哲学.md,马克思主义哲学 哲学大众化,1813_马克思主义哲学_哲学大众化.md,45.94,李达与马克思主义哲学体系化
陈独秀 民主 科学 反孔,0324_陈独秀_民主_科学_反孔.md,陈独秀 科学 民主 马克思主义,0262_陈独秀_科学_民主_马克思主义.md,21.67,五四时期马克思主义传播
陈独秀 民主 科学 反孔,0324_陈独秀_民主_科学_反孔.md,陈独秀 科学 宗教迷信,0346_陈独秀_科学_宗教迷信.md,20.77,五四时期马克思主义传播
陈独秀 民主 科学 反孔,0324_陈独秀_民主_科学_反孔.md,群众观点 错误 陈独秀,0321_群众观点_错误_陈独秀.md,18.57,五四时期马克思主义传播
陈独秀 民主 科学 反孔,0324_陈独秀_民主_科学_反孔.md,陈独秀 前期哲学思想,0343_陈独秀_前期哲学思想.md,18.57,五四时期马克思主义传播
陈独秀 民主 科学 反孔,0324_陈独秀_民主_科学_反孔.md,陈独秀 崇现实 薄虚文,0344_陈独秀_崇现实_薄虚文.md,18.57,五四时期马克思主义传播
李大钊 东西文明 动静,0325_李大钊_东西文明_动静.md,李大钊 青春哲学,0347_李大钊_青春哲学.md,19.17,李大钊与唯物史观传播
李大钊 东西文明 动静,0325_李大钊_东西文明_动静.md,李大钊 众庶 英雄,0351_李大钊_众庶_英雄.md,19.17,李大钊与唯物史观传播
李大钊 东西文明 动静,0325_李大钊_东西文明_动静.md,唯物史观 李大钊,1775_唯物史观_李大钊.md,19.17,李大钊与唯物史观传播
李大钊 东西文明 动静,0325_李大钊_东西文明_动静.md,李大钊 宇宙 大实在,0348_李大钊_宇宙_大实在.md,18.85,李大钊与唯物史观传播
李大钊 东西文明 动静,0325_李大钊_东西文明_动静.md,李大钊 唯物史观 研究,0258_李大钊_唯物史观_研究.md,18.57,李大钊与唯物史观传播
李大钊 唯物史观 阶级斗争,0326_李大钊_唯物史观_阶级斗争.md,李大钊 阶级斗争 唯物史观,0280_李大钊_阶级斗争_唯物史观.md,71.67,李大钊与唯物史观传播
李大钊 唯物史观 阶级斗争,0326_李大钊_唯物史观_阶级斗争.md,唯物史观 阶级 阶级斗争 理论,0034_唯物史观_阶级_阶级斗争_理论.md,53.46,李大钊与唯物史观传播
李大钊 唯物史观 阶级斗争,0326_李大钊_唯物史观_阶级斗争.md,陈独秀 唯物史观 阶级斗争,0282_陈独秀_唯物史观_阶级斗争.md,53.46,李大钊与唯物史观传播
李大钊 唯物史观 阶级斗争,0326_李大钊_唯物史观_阶级斗争.md,陈独秀 唯物史观 剩余价值 阶级斗争,0327_陈独秀_唯物史观_剩余价值_阶级斗争.md,48.33,李大钊与唯物史观传播
李大钊 唯物史观 阶级斗争,0326_李大钊_唯物史观_阶级斗争.md,李大钊 唯物史观 研究,0258_李大钊_唯物史观_研究.md,47.5,李大钊与唯物史观传播
陈独秀 唯物史观 剩余价值 阶级斗争,0327_陈独秀_唯物史观_剩余价值_阶级斗争.md,陈独秀 唯物史观 阶级斗争,0282_陈独秀_唯物史观_阶级斗争.md,70.0,陈独秀与马克思主义传播
陈独秀 唯物史观 剩余价值 阶级斗争,0327_陈独秀_唯物史观_剩余价值_阶级斗争.md,唯物史观 阶级 阶级斗争 理论,0034_唯物史观_阶级_阶级斗争_理论.md,48.33,陈独秀与马克思主义传播
陈独秀 唯物史观 剩余价值 阶级斗争,0327_陈独秀_唯物史观_剩余价值_阶级斗争.md,李大钊 阶级斗争 唯物史观,0280_李大钊_阶级斗争_唯物史观.md,48.33,陈独秀与马克思主义传播
陈独秀 唯物史观 剩余价值 阶级斗争,0327_陈独秀_唯物史观_剩余价值_阶级斗争.md,李大钊 唯物史观 阶级斗争,0326_李大钊_唯物史观_阶级斗争.md,48.33,陈独秀与马克思主义传播
陈独秀 唯物史观 剩余价值 阶级斗争,0327_陈独秀_唯物史观_剩余价值_阶级斗争.md,陈独秀 唯物史观 人生观,0213_陈独秀_唯物史观_人生观.md,43.82,陈独秀与马克思主义传播
李达 社会学大纲 马克思主义教科书,0328_李达_社会学大纲_马克思主义教科书.md,李达 社会学大纲 马克思主义哲学,0323_李达_社会学大纲_马克思主义哲学.md,52.19,李达与马克思主义哲学体系化
李达 社会学大纲 马克思主义教科书,0328_李达_社会学大纲_马克思主义教科书.md,李达 社会学大纲 教科书形态,0276_李达_社会学大纲_教科书形态.md,46.76,李达与马克思主义哲学体系化
李达 社会学大纲 马克思主义教科书,0328_李达_社会学大纲_马克思主义教科书.md,李达 社会学大纲 教科书传播,0299_李达_社会学大纲_教科书传播.md,46.76,李达与马克思主义哲学体系化
李达 社会学大纲 马克思主义教科书,0328_李达_社会学大纲_马克思主义教科书.md,李达 社会学大纲 学术史,0268_李达_社会学大纲_学术史.md,43.82,李达与马克思主义哲学体系化
李达 社会学大纲 马克思主义教科书,0328_李达_社会学大纲_马克思主义教科书.md,李达 现代社会学 社会学大纲,0298_李达_现代社会学_社会学大纲.md,41.94,李达与马克思主义哲学体系化
陈独秀 瞿秋白 唯物史观派,0329_陈独秀_瞿秋白_唯物史观派.md,瞿秋白 陈独秀 彭述之 右倾机会主义,0341_瞿秋白_陈独秀_彭述之_右倾机会主义.md,35.0,早期共产主义者与马克思主义传播
陈独秀 瞿秋白 唯物史观派,0329_陈独秀_瞿秋白_唯物史观派.md,唯物史观派 马克思主义,0041_唯物史观派_马克思主义.md,31.67,早期共产主义者与马克思主义传播
陈独秀 瞿秋白 唯物史观派,0329_陈独秀_瞿秋白_唯物史观派.md,玄学派 科学派 唯物史观派,0191_玄学派_科学派_唯物史观派.md,31.67,早期共产主义者与马克思主义传播
陈独秀 瞿秋白 唯物史观派,0329_陈独秀_瞿秋白_唯物史观派.md,瞿秋白 唯物史观 进一步传播,0336_瞿秋白_唯物史观_进一步传播.md,25.0,早期共产主义者与马克思主义传播
陈独秀 瞿秋白 唯物史观派,0329_陈独秀_瞿秋白_唯物史观派.md,陈独秀 唯物史观 人生观,0213_陈独秀_唯物史观_人生观.md,23.93,早期共产主义者与马克思主义传播
李大钊 唯物史观 传播 应用,0330_李大钊_唯物史观_传播_应用.md,李大钊 唯物史观 初步应用,0272_李大钊_唯物史观_初步应用.md,48.46,李大钊与唯物史观传播
李大钊 唯物史观 传播 应用,0330_李大钊_唯物史观_传播_应用.md,李大钊 唯物史观 研究,0258_李大钊_唯物史观_研究.md,47.5,李大钊与唯物史观传播
李大钊 唯物史观 传播 应用,0330_李大钊_唯物史观_传播_应用.md,唯物史观 李大钊,1775_唯物史观_李大钊.md,46.36,李大钊与唯物史观传播
李大钊 唯物史观 传播 应用,0330_李大钊_唯物史观_传播_应用.md,李大钊 唯物史观 史学要论,0302_李大钊_唯物史观_史学要论.md,45.71,李大钊与唯物史观传播
李大钊 唯物史观 传播 应用,0330_李大钊_唯物史观_传播_应用.md,李大钊 唯物史观 历史研究,0304_李大钊_唯物史观_历史研究.md,45.71,李大钊与唯物史观传播
陈独秀 唯物史观 传播 应用,0331_陈独秀_唯物史观_传播_应用.md,陈独秀 唯物史观 人生观,0213_陈独秀_唯物史观_人生观.md,46.54,陈独秀与马克思主义传播
陈独秀 唯物史观 传播 应用,0331_陈独秀_唯物史观_传播_应用.md,陈独秀 唯物史观 阶级斗争,0282_陈独秀_唯物史观_阶级斗争.md,45.71,陈独秀与马克思主义传播
陈独秀 唯物史观 传播 应用,0331_陈独秀_唯物史观_传播_应用.md,陈独秀 唯物史观 两大要旨,0308_陈独秀_唯物史观_两大要旨.md,45.71,陈独秀与马克思主义传播
陈独秀 唯物史观 传播 应用,0331_陈独秀_唯物史观_传播_应用.md,李达 唯物史观 传播 应用,0332_李达_唯物史观_传播_应用.md,44.58,陈独秀与马克思主义传播
陈独秀 唯物史观 传播 应用,0331_陈独秀_唯物史观_传播_应用.md,周恩来 唯物史观 传播 应用,0114_周恩来_唯物史观_传播_应用.md,43.46,陈独秀与马克思主义传播
李达 唯物史观 传播 应用,0332_李达_唯物史观_传播_应用.md,周恩来 唯物史观 传播 应用,0114_周恩来_唯物史观_传播_应用.md,44.58,唯物史观在中国的传播与应用
李达 唯物史观 传播 应用,0332_李达_唯物史观_传播_应用.md,恽代英 唯物史观 传播 应用,0115_恽代英_唯物史观_传播_应用.md,44.58,唯物史观在中国的传播与应用
李达 唯物史观 传播 应用,0332_李达_唯物史观_传播_应用.md,李大钊 唯物史观 传播 应用,0330_李大钊_唯物史观_传播_应用.md,44.58,唯物史观在中国的传播与应用
李达 唯物史观 传播 应用,0332_李达_唯物史观_传播_应用.md,陈独秀 唯物史观 传播 应用,0331_陈独秀_唯物史观_传播_应用.md,44.58,唯物史观在中国的传播与应用
李达 唯物史观 传播 应用,0332_李达_唯物史观_传播_应用.md,蔡和森 唯物史观 传播 应用,0333_蔡和森_唯物史观_传播_应用.md,44.58,唯物史观在中国的传播与应用
蔡和森 唯物史观 传播 应用,0333_蔡和森_唯物史观_传播_应用.md,李达 唯物史观 传播 应用,0332_李达_唯物史观_传播_应用.md,44.58,唯物史观在中国的传播与应用
蔡和森 唯物史观 传播 应用,0333_蔡和森_唯物史观_传播_应用.md,周恩来 唯物史观 传播 应用,0114_周恩来_唯物史观_传播_应用.md,43.46,唯物史观在中国的传播与应用
蔡和森 唯物史观 传播 应用,0333_蔡和森_唯物史观_传播_应用.md,恽代英 唯物史观 传播 应用,0115_恽代英_唯物史观_传播_应用.md,43.46,唯物史观在中国的传播与应用
蔡和森 唯物史观 传播 应用,0333_蔡和森_唯物史观_传播_应用.md,李大钊 唯物史观 传播 应用,0330_李大钊_唯物史观_传播_应用.md,43.46,唯物史观在中国的传播与应用
蔡和森 唯物史观 传播 应用,0333_蔡和森_唯物史观_传播_应用.md,陈独秀 唯物史观 传播 应用,0331_陈独秀_唯物史观_传播_应用.md,43.46,唯物史观在中国的传播与应用
杨匏安 唯物史观 传播 应用,0334_杨匏安_唯物史观_传播_应用.md,李达 唯物史观 传播 应用,0332_李达_唯物史观_传播_应用.md,44.58,唯物史观在中国的传播与应用
杨匏安 唯物史观 传播 应用,0334_杨匏安_唯物史观_传播_应用.md,周恩来 唯物史观 传播 应用,0114_周恩来_唯物史观_传播_应用.md,43.46,唯物史观在中国的传播与应用
杨匏安 唯物史观 传播 应用,0334_杨匏安_唯物史观_传播_应用.md,恽代英 唯物史观 传播 应用,0115_恽代英_唯物史观_传播_应用.md,43.46,唯物史观在中国的传播与应用
杨匏安 唯物史观 传播 应用,0334_杨匏安_唯物史观_传播_应用.md,李大钊 唯物史观 传播 应用,0330_李大钊_唯物史观_传播_应用.md,43.46,唯物史观在中国的传播与应用
杨匏安 唯物史观 传播 应用,0334_杨匏安_唯物史观_传播_应用.md,陈独秀 唯物史观 传播 应用,0331_陈独秀_唯物史观_传播_应用.md,43.46,唯物史观在中国的传播与应用
瞿秋白 辩证唯物主义 传播,0335_瞿秋白_辩证唯物主义_传播.md,瞿秋白 辩证唯物主义 中国传播,0288_瞿秋白_辩证唯物主义_中国传播.md,62.31,瞿秋白与辩证唯物主义传播
瞿秋白 辩证唯物主义 传播,0335_瞿秋白_辩证唯物主义_传播.md,瞿秋白 辩证唯物主义 中国化,0300_瞿秋白_辩证唯物主义_中国化.md,60.38,瞿秋白与辩证唯物主义传播
瞿秋白 辩证唯物主义 传播,0335_瞿秋白_辩证唯物主义_传播.md,历史唯物主义 辩证唯物主义,1707_历史唯物主义_辩证唯物主义.md,39.62,瞿秋白与辩证唯物主义传播
瞿秋白 辩证唯物主义 传播,0335_瞿秋白_辩证唯物主义_传播.md,唯心主义 辩证唯物主义,1766_唯心主义_辩证唯物主义.md,39.62,瞿秋白与辩证唯物主义传播
瞿秋白 辩证唯物主义 传播,0335_瞿秋白_辩证唯物主义_传播.md,辩证唯物主义 研讨 争论,0981_辩证唯物主义_研讨_争论.md,38.93,瞿秋白与辩证唯物主义传播
瞿秋白 唯物史观 进一步传播,0336_瞿秋白_唯物史观_进一步传播.md,瞿秋白 科玄论战 唯物史观,0216_瞿秋白_科玄论战_唯物史观.md,42.81,唯物史观在中国的传播与应用
瞿秋白 唯物史观 进一步传播,0336_瞿秋白_唯物史观_进一步传播.md,唯物史观 传播热潮,0064_唯物史观_传播热潮.md,27.14,唯物史观在中国的传播与应用
瞿秋白 唯物史观 进一步传播,0336_瞿秋白_唯物史观_进一步传播.md,唯物史观 传播热潮 特点,0065_唯物史观_传播热潮_特点.md,26.25,唯物史观在中国的传播与应用
瞿秋白 唯物史观 进一步传播,0336_瞿秋白_唯物史观_进一步传播.md,唯物史观 传播 局限 不足,0066_唯物史观_传播_局限_不足.md,26.25,唯物史观在中国的传播与应用
瞿秋白 唯物史观 进一步传播,0336_瞿秋白_唯物史观_进一步传播.md,鲁迅 唯物史观 传播 运用,0116_鲁迅_唯物史观_传播_运用.md,26.25,唯物史观在中国的传播与应用
瞿秋白 真理论 反映论,0337_瞿秋白_真理论_反映论.md,反映论 真理论 实践论 毛泽东,0541_反映论_真理论_实践论_毛泽东.md,36.67,瞿秋白与辩证唯物主义传播
瞿秋白 真理论 反映论,0337_瞿秋白_真理论_反映论.md,瞿秋白 东西文化 特点,0340_瞿秋白_东西文化_特点.md,18.57,瞿秋白与辩证唯物主义传播
瞿秋白 真理论 反映论,0337_瞿秋白_真理论_反映论.md,马赫主义 批判 反映论,1538_马赫主义_批判_反映论.md,18.57,瞿秋白与辩证唯物主义传播
瞿秋白 真理论 反映论,0337_瞿秋白_真理论_反映论.md,瞿秋白 互辩律的唯物论,0264_瞿秋白_互辩律的唯物论.md,18.33,瞿秋白与辩证唯物主义传播
瞿秋白 真理论 反映论,0337_瞿秋白_真理论_反映论.md,瞿秋白 唯物辩证法 研究,0266_瞿秋白_唯物辩证法_研究.md,18.33,瞿秋白与辩证唯物主义传播
瞿秋白 自由 必然 个人 社会,0338_瞿秋白_自由_必然_个人_社会.md,瞿秋白 社会哲学概论 讲义,0296_瞿秋白_社会哲学概论_讲义.md,19.41,瞿秋白与辩证唯物主义传播
瞿秋白 自由 必然 个人 社会,0338_瞿秋白_自由_必然_个人_社会.md,瞿秋白 现代社会学 社会科学概论,0297_瞿秋白_现代社会学_社会科学概论.md,18.95,瞿秋白与辩证唯物主义传播
瞿秋白 自由 必然 个人 社会,0338_瞿秋白_自由_必然_个人_社会.md,瞿秋白 真理论 反映论,0337_瞿秋白_真理论_反映论.md,18.12,瞿秋白与辩证唯物主义传播
瞿秋白 自由 必然 个人 社会,0338_瞿秋白_自由_必然_个人_社会.md,瞿秋白 东西文化 特点,0340_瞿秋白_东西文化_特点.md,18.12,瞿秋白与辩证唯物主义传播
瞿秋白 自由 必然 个人 社会,0338_瞿秋白_自由_必然_个人_社会.md,瞿秋白 互辩律的唯物论,0264_瞿秋白_互辩律的唯物论.md,17.94,瞿秋白与辩证唯物主义传播
瞿秋白 东方文化派 唯心论 批判,0339_瞿秋白_东方文化派_唯心论_批判.md,瞿秋白 唯物论 唯心论 哲学根本问题,0311_瞿秋白_唯物论_唯心论_哲学根本问题.md,34.55,瞿秋白与辩证唯物主义传播
瞿秋白 东方文化派 唯心论 批判,0339_瞿秋白_东方文化派_唯心论_批判.md,瞿秋白 东西文化 特点,0340_瞿秋白_东西文化_特点.md,21.25,瞿秋白与辩证唯物主义传播
瞿秋白 东方文化派 唯心论 批判,0339_瞿秋白_东方文化派_唯心论_批判.md,瞿秋白 张君劢 唯意志论 批判,0226_瞿秋白_张君劢_唯意志论_批判.md,20.26,瞿秋白与辩证唯物主义传播
瞿秋白 东方文化派 唯心论 批判,0339_瞿秋白_东方文化派_唯心论_批判.md,瞿秋白 胡适 实用主义 批判,0465_瞿秋白_胡适_实用主义_批判.md,18.95,瞿秋白与辩证唯物主义传播
瞿秋白 东方文化派 唯心论 批判,0339_瞿秋白_东方文化派_唯心论_批判.md,瞿秋白 真理论 反映论,0337_瞿秋白_真理论_反映论.md,17.78,瞿秋白与辩证唯物主义传播
瞿秋白 东西文化 特点,0340_瞿秋白_东西文化_特点.md,瞿秋白 东方文化派 唯心论 批判,0339_瞿秋白_东方文化派_唯心论_批判.md,21.25,瞿秋白与辩证唯物主义传播
瞿秋白 东西文化 特点,0340_瞿秋白_东西文化_特点.md,瞿秋白 真理论 反映论,0337_瞿秋白_真理论_反映论.md,18.57,瞿秋白与辩证唯物主义传播
瞿秋白 东西文化 特点,0340_瞿秋白_东西文化_特点.md,瞿秋白 互辩律的唯物论,0264_瞿秋白_互辩律的唯物论.md,18.33,瞿秋白与辩证唯物主义传播
瞿秋白 东西文化 特点,0340_瞿秋白_东西文化_特点.md,瞿秋白 唯物辩证法 研究,0266_瞿秋白_唯物辩证法_研究.md,18.33,瞿秋白与辩证唯物主义传播
瞿秋白 东西文化 特点,0340_瞿秋白_东西文化_特点.md,瞿秋白 辩证法 基本规律,0312_瞿秋白_辩证法_基本规律.md,18.33,瞿秋白与辩证唯物主义传播
瞿秋白 陈独秀 彭述之 右倾机会主义,0341_瞿秋白_陈独秀_彭述之_右倾机会主义.md,陈独秀 右倾机会主义 哲学根源,0320_陈独秀_右倾机会主义_哲学根源.md,54.21,陈独秀与马克思主义传播
瞿秋白 陈独秀 彭述之 右倾机会主义,0341_瞿秋白_陈独秀_彭述之_右倾机会主义.md,右倾机会主义 左倾机会主义 哲学总结,1436_右倾机会主义_左倾机会主义_哲学总结.md,36.25,陈独秀与马克思主义传播
瞿秋白 陈独秀 彭述之 右倾机会主义,0341_瞿秋白_陈独秀_彭述之_右倾机会主义.md,陈独秀 瞿秋白 唯物史观派,0329_陈独秀_瞿秋白_唯物史观派.md,35.0,陈独秀与马克思主义传播
瞿秋白 陈独秀 彭述之 右倾机会主义,0341_瞿秋白_陈独秀_彭述之_右倾机会主义.md,陈独秀 社会主义 学术思想,0263_陈独秀_社会主义_学术思想.md,20.0,陈独秀与马克思主义传播
瞿秋白 陈独秀 彭述之 右倾机会主义,0341_瞿秋白_陈独秀_彭述之_右倾机会主义.md,陈独秀 马克思主义 研究,0261_陈独秀_马克思主义_研究.md,18.75,陈独秀与马克思主义传播
李达 辩证唯物论 系统传播,0342_李达_辩证唯物论_系统传播.md,辩证唯物论 历史唯物论 传播体系,0057_辩证唯物论_历史唯物论_传播体系.md,32.81,李达与马克思主义哲学体系化
李达 辩证唯物论 系统传播,0342_李达_辩证唯物论_系统传播.md,辩证唯物论 分歧 争论,1033_辩证唯物论_分歧_争论.md,32.14,李达与马克思主义哲学体系化
李达 辩证唯物论 系统传播,0342_李达_辩证唯物论_系统传播.md,历史唯物论 辩证唯物论 米丁,1809_历史唯物论_辩证唯物论_米丁.md,31.67,李达与马克思主义哲学体系化
李达 辩证唯物论 系统传播,0342_李达_辩证唯物论_系统传播.md,俄国 辩证唯物论 思想 介绍,0909_俄国_辩证唯物论_思想_介绍.md,31.25,李达与马克思主义哲学体系化
李达 辩证唯物论 系统传播,0342_李达_辩证唯物论_系统传播.md,李达 唯物史观 传播 应用,0332_李达_唯物史观_传播_应用.md,14.69,李达与马克思主义哲学体系化
陈独秀 前期哲学思想,0343_陈独秀_前期哲学思想.md,陈独秀 社会主义 学术思想,0263_陈独秀_社会主义_学术思想.md,20.0,五四新文化与马克思主义早期传播
陈独秀 前期哲学思想,0343_陈独秀_前期哲学思想.md,陈独秀 马克思主义哲学 宣传,0306_陈独秀_马克思主义哲学_宣传.md,19.69,五四新文化与马克思主义早期传播
陈独秀 前期哲学思想,0343_陈独秀_前期哲学思想.md,陈独秀 右倾机会主义 哲学根源,0320_陈独秀_右倾机会主义_哲学根源.md,19.41,五四新文化与马克思主义早期传播
陈独秀 前期哲学思想,0343_陈独秀_前期哲学思想.md,陈独秀 马克思主义哲学 宣传 运用,0354_陈独秀_马克思主义哲学_宣传_运用.md,19.17,五四新文化与马克思主义早期传播
陈独秀 前期哲学思想,0343_陈独秀_前期哲学思想.md,群众观点 错误 陈独秀,0321_群众观点_错误_陈独秀.md,18.57,五四新文化与马克思主义早期传播
陈独秀 崇现实 薄虚文,0344_陈独秀_崇现实_薄虚文.md,群众观点 错误 陈独秀,0321_群众观点_错误_陈独秀.md,18.57,陈独秀与马克思主义传播
陈独秀 崇现实 薄虚文,0344_陈独秀_崇现实_薄虚文.md,陈独秀 民主 科学 反孔,0324_陈独秀_民主_科学_反孔.md,18.57,陈独秀与马克思主义传播
陈独秀 崇现实 薄虚文,0344_陈独秀_崇现实_薄虚文.md,陈独秀 前期哲学思想,0343_陈独秀_前期哲学思想.md,18.57,陈独秀与马克思主义传播
陈独秀 崇现实 薄虚文,0344_陈独秀_崇现实_薄虚文.md,陈独秀 进化论 历史观,0345_陈独秀_进化论_历史观.md,18.57,陈独秀与马克思主义传播
陈独秀 崇现实 薄虚文,0344_陈独秀_崇现实_薄虚文.md,陈独秀 科学 宗教迷信,0346_陈独秀_科学_宗教迷信.md,18.57,陈独秀与马克思主义传播
陈独秀 进化论 历史观,0345_陈独秀_进化论_历史观.md,陈独秀 唯物史观 人生观,0213_陈独秀_唯物史观_人生观.md,20.36,陈独秀与马克思主义传播
陈独秀 进化论 历史观,0345_陈独秀_进化论_历史观.md,陈独秀 唯物史观 阶级斗争,0282_陈独秀_唯物史观_阶级斗争.md,20.0,陈独秀与马克思主义传播
陈独秀 进化论 历史观,0345_陈独秀_进化论_历史观.md,陈独秀 唯物史观 两大要旨,0308_陈独秀_唯物史观_两大要旨.md,20.0,陈独秀与马克思主义传播
陈独秀 进化论 历史观,0345_陈独秀_进化论_历史观.md,陈独秀 瞿秋白 唯物史观派,0329_陈独秀_瞿秋白_唯物史观派.md,20.0,陈独秀与马克思主义传播
陈独秀 进化论 历史观,0345_陈独秀_进化论_历史观.md,陈独秀 唯物史观 传播 应用,0331_陈独秀_唯物史观_传播_应用.md,20.0,陈独秀与马克思主义传播
陈独秀 科学 宗教迷信,0346_陈独秀_科学_宗教迷信.md,陈独秀 科学 民主 马克思主义,0262_陈独秀_科学_民主_马克思主义.md,21.67,陈独秀与马克思主义传播
陈独秀 科学 宗教迷信,0346_陈独秀_科学_宗教迷信.md,陈独秀 民主 科学 反孔,0324_陈独秀_民主_科学_反孔.md,20.77,陈独秀与马克思主义传播
陈独秀 科学 宗教迷信,0346_陈独秀_科学_宗教迷信.md,群众观点 错误 陈独秀,0321_群众观点_错误_陈独秀.md,18.57,陈独秀与马克思主义传播
陈独秀 科学 宗教迷信,0346_陈独秀_科学_宗教迷信.md,陈独秀 前期哲学思想,0343_陈独秀_前期哲学思想.md,18.57,陈独秀与马克思主义传播
陈独秀 科学 宗教迷信,0346_陈独秀_科学_宗教迷信.md,陈独秀 崇现实 薄虚文,0344_陈独秀_崇现实_薄虚文.md,18.57,陈独秀与马克思主义传播
李大钊 青春哲学,0347_李大钊_青春哲学.md,李大钊 众庶 英雄,0351_李大钊_众庶_英雄.md,20.0,李大钊与唯物史观传播
李大钊 青春哲学,0347_李大钊_青春哲学.md,唯物史观 李大钊,1775_唯物史观_李大钊.md,20.0,李大钊与唯物史观传播
李大钊 青春哲学,0347_李大钊_青春哲学.md,李大钊 唯物史观 马克思主义哲学,0279_李大钊_唯物史观_马克思主义哲学.md,19.69,李大钊与唯物史观传播
李大钊 青春哲学,0347_李大钊_青春哲学.md,李大钊 宇宙 大实在,0348_李大钊_宇宙_大实在.md,19.55,李大钊与唯物史观传播
李大钊 青春哲学,0347_李大钊_青春哲学.md,李大钊 唯物史观 中国哲学现代转型,0743_李大钊_唯物史观_中国哲学现代转型.md,19.41,李大钊与唯物史观传播
李大钊 宇宙 大实在,0348_李大钊_宇宙_大实在.md,李大钊 青春哲学,0347_李大钊_青春哲学.md,19.55,李大钊与唯物史观传播
李大钊 宇宙 大实在,0348_李大钊_宇宙_大实在.md,李大钊 众庶 英雄,0351_李大钊_众庶_英雄.md,19.55,李大钊与唯物史观传播
李大钊 宇宙 大实在,0348_李大钊_宇宙_大实在.md,唯物史观 李大钊,1775_唯物史观_李大钊.md,19.55,李大钊与唯物史观传播
李大钊 宇宙 大实在,0348_李大钊_宇宙_大实在.md,李大钊 唯物史观 研究,0258_李大钊_唯物史观_研究.md,18.85,李大钊与唯物史观传播
李大钊 宇宙 大实在,0348_李大钊_宇宙_大实在.md,李大钊 东西文明 动静,0325_李大钊_东西文明_动静.md,18.85,李大钊与唯物史观传播
李大钊 新陈代谢 天演,0349_李大钊_新陈代谢_天演.md,李大钊 青春哲学,0347_李大钊_青春哲学.md,19.17,李大钊与唯物史观传播
李大钊 新陈代谢 天演,0349_李大钊_新陈代谢_天演.md,李大钊 众庶 英雄,0351_李大钊_众庶_英雄.md,19.17,李大钊与唯物史观传播
李大钊 新陈代谢 天演,0349_李大钊_新陈代谢_天演.md,唯物史观 李大钊,1775_唯物史观_李大钊.md,19.17,李大钊与唯物史观传播
李大钊 新陈代谢 天演,0349_李大钊_新陈代谢_天演.md,李大钊 宇宙 大实在,0348_李大钊_宇宙_大实在.md,18.85,李大钊与唯物史观传播
李大钊 新陈代谢 天演,0349_李大钊_新陈代谢_天演.md,李大钊 唯物史观 研究,0258_李大钊_唯物史观_研究.md,18.57,李大钊与唯物史观传播
李大钊 矛盾 对抗 调和,0350_李大钊_矛盾_对抗_调和.md,对抗 矛盾 不是一回事,1249_对抗_矛盾_不是一回事.md,23.57,李大钊与唯物史观传播
李大钊 矛盾 对抗 调和,0350_李大钊_矛盾_对抗_调和.md,李大钊 青春哲学,0347_李大钊_青春哲学.md,19.17,李大钊与唯物史观传播
李大钊 矛盾 对抗 调和,0350_李大钊_矛盾_对抗_调和.md,李大钊 众庶 英雄,0351_李大钊_众庶_英雄.md,19.17,李大钊与唯物史观传播
李大钊 矛盾 对抗 调和,0350_李大钊_矛盾_对抗_调和.md,唯物史观 李大钊,1775_唯物史观_李大钊.md,19.17,李大钊与唯物史观传播
李大钊 矛盾 对抗 调和,0350_李大钊_矛盾_对抗_调和.md,李大钊 宇宙 大实在,0348_李大钊_宇宙_大实在.md,18.85,李大钊与唯物史观传播
李大钊 众庶 英雄,0351_李大钊_众庶_英雄.md,李大钊 青春哲学,0347_李大钊_青春哲学.md,20.0,李大钊与唯物史观传播
李大钊 众庶 英雄,0351_李大钊_众庶_英雄.md,唯物史观 李大钊,1775_唯物史观_李大钊.md,20.0,李大钊与唯物史观传播
李大钊 众庶 英雄,0351_李大钊_众庶_英雄.md,李大钊 宇宙 大实在,0348_李大钊_宇宙_大实在.md,19.55,李大钊与唯物史观传播
李大钊 众庶 英雄,0351_李大钊_众庶_英雄.md,李大钊 唯物史观 研究,0258_李大钊_唯物史观_研究.md,19.17,李大钊与唯物史观传播
李大钊 众庶 英雄,0351_李大钊_众庶_英雄.md,李大钊 东西文明 动静,0325_李大钊_东西文明_动静.md,19.17,李大钊与唯物史观传播
李大钊 唯物史观 宣传 运用,0352_李大钊_唯物史观_宣传_运用.md,李大钊 唯物史观 研究,0258_李大钊_唯物史观_研究.md,47.5,李大钊与唯物史观传播
李大钊 唯物史观 宣传 运用,0352_李大钊_唯物史观_宣传_运用.md,唯物史观 李大钊,1775_唯物史观_李大钊.md,46.36,李大钊与唯物史观传播
李大钊 唯物史观 宣传 运用,0352_李大钊_唯物史观_宣传_运用.md,李大钊 唯物史观 初步应用,0272_李大钊_唯物史观_初步应用.md,45.71,李大钊与唯物史观传播
李大钊 唯物史观 宣传 运用,0352_李大钊_唯物史观_宣传_运用.md,李大钊 唯物史观 史学要论,0302_李大钊_唯物史观_史学要论.md,45.71,李大钊与唯物史观传播
李大钊 唯物史观 宣传 运用,0352_李大钊_唯物史观_宣传_运用.md,李大钊 唯物史观 历史研究,0304_李大钊_唯物史观_历史研究.md,45.71,李大钊与唯物史观传播
李大钊 马克思主义 最早传播者,0353_李大钊_马克思主义_最早传播者.md,李大钊 马克思主义传播 活动,0278_李大钊_马克思主义传播_活动.md,28.33,五四时期马克思主义传播
李大钊 马克思主义 最早传播者,0353_李大钊_马克思主义_最早传播者.md,李大钊 马克思主义 学术贡献,0260_李大钊_马克思主义_学术贡献.md,25.94,五四时期马克思主义传播
李大钊 马克思主义 最早传播者,0353_李大钊_马克思主义_最早传播者.md,马克思主义早期传播 李大钊 陈独秀,1693_马克思主义早期传播_李大钊_陈独秀.md,24.21,五四时期马克思主义传播
李大钊 马克思主义 最早传播者,0353_李大钊_马克思主义_最早传播者.md,李大钊 唯物史观 马克思主义哲学,0279_李大钊_唯物史观_马克思主义哲学.md,22.89,五四时期马克思主义传播
李大钊 马克思主义 最早传播者,0353_李大钊_马克思主义_最早传播者.md,李大钊 唯物史观 传播 应用,0330_李大钊_唯物史观_传播_应用.md,18.95,五四时期马克思主义传播
陈独秀 马克思主义哲学 宣传 运用,0354_陈独秀_马克思主义哲学_宣传_运用.md,陈独秀 马克思主义哲学 宣传,0306_陈独秀_马克思主义哲学_宣传.md,81.15,五四时期马克思主义传播
陈独秀 马克思主义哲学 宣传 运用,0354_陈独秀_马克思主义哲学_宣传_运用.md,瞿秋白 马克思主义哲学 宣传,0310_瞿秋白_马克思主义哲学_宣传.md,57.5,五四时期马克思主义传播
陈独秀 马克思主义哲学 宣传 运用,0354_陈独秀_马克思主义哲学_宣传_运用.md,马克思主义哲学 教学 研究 宣传,1224_马克思主义哲学_教学_研究_宣传.md,54.72,五四时期马克思主义传播
陈独秀 马克思主义哲学 宣传 运用,0354_陈独秀_马克思主义哲学_宣传_运用.md,胡绳 马克思主义哲学 通俗宣传,0456_胡绳_马克思主义哲学_通俗宣传.md,44.72,五四时期马克思主义传播
陈独秀 马克思主义哲学 宣传 运用,0354_陈独秀_马克思主义哲学_宣传_运用.md,马克思主义哲学 中国哲学,1823_马克思主义哲学_中国哲学.md,44.38,五四时期马克思主义传播
李达 马克思主义哲学 泰斗,0355_李达_马克思主义哲学_泰斗.md,李达 马克思主义哲学 研究,0267_李达_马克思主义哲学_研究.md,61.67,早期共产主义者与马克思主义传播
李达 马克思主义哲学 泰斗,0355_李达_马克思主义哲学_泰斗.md,李达 马克思主义哲学 中国化,0301_李达_马克思主义哲学_中国化.md,60.38,早期共产主义者与马克思主义传播
李达 马克思主义哲学 泰斗,0355_李达_马克思主义哲学_泰斗.md,李达 社会学大纲 马克思主义哲学,0323_李达_社会学大纲_马克思主义哲学.md,55.94,早期共产主义者与马克思主义传播
李达 马克思主义哲学 泰斗,0355_李达_马克思主义哲学_泰斗.md,马克思主义哲学 中国哲学,1823_马克思主义哲学_中国哲学.md,46.54,早期共产主义者与马克思主义传播
李达 马克思主义哲学 泰斗,0355_李达_马克思主义哲学_泰斗.md,马克思主义哲学 传播 苏联,0785_马克思主义哲学_传播_苏联.md,45.71,早期共产主义者与马克思主义传播
李达 基础理论 研究 启示,0356_李达_基础理论_研究_启示.md,李达 经济基础 上层建筑,0315_李达_经济基础_上层建筑.md,13.12,李达与马克思主义哲学体系化
李达 基础理论 研究 启示,0356_李达_基础理论_研究_启示.md,李达 马克思主义哲学 研究,0267_李达_马克思主义哲学_研究.md,12.94,李达与马克思主义哲学体系化
李达 基础理论 研究 启示,0356_李达_基础理论_研究_启示.md,李达 马克思主义哲学研究,1754_李达_马克思主义哲学研究.md,12.94,李达与马克思主义哲学体系化
李达 基础理论 研究 启示,0356_李达_基础理论_研究_启示.md,李达 生产力 生产关系,0316_李达_生产力_生产关系.md,11.67,李达与马克思主义哲学体系化
李达 基础理论 研究 启示,0356_李达_基础理论_研究_启示.md,中国化 马克思 启示,1834_中国化_马克思_启示.md,11.67,李达与马克思主义哲学体系化
艾思奇 大众哲学 大众化形态,0357_艾思奇_大众哲学_大众化形态.md,艾思奇 大众哲学 哲学大众化,0371_艾思奇_大众哲学_哲学大众化.md,53.18,艾思奇与大众哲学
艾思奇 大众哲学 大众化形态,0357_艾思奇_大众哲学_大众化形态.md,艾思奇 大众哲学 贡献,0359_艾思奇_大众哲学_贡献.md,47.5,艾思奇与大众哲学
艾思奇 大众哲学 大众化形态,0357_艾思奇_大众哲学_大众化形态.md,艾思奇 大众哲学 中国化,0370_艾思奇_大众哲学_中国化.md,46.54,艾思奇与大众哲学
艾思奇 大众哲学 大众化形态,0357_艾思奇_大众哲学_大众化形态.md,大众哲学 艾思奇,1769_大众哲学_艾思奇.md,46.36,艾思奇与大众哲学
艾思奇 大众哲学 大众化形态,0357_艾思奇_大众哲学_大众化形态.md,艾思奇 大众哲学 通俗著作,0389_艾思奇_大众哲学_通俗著作.md,45.71,艾思奇与大众哲学
艾思奇 马克思主义哲学 大众化,0358_艾思奇_马克思主义哲学_大众化.md,艾思奇 马克思主义哲学 大众化 中国化,0395_艾思奇_马克思主义哲学_大众化_中国化.md,85.0,艾思奇与大众哲学
艾思奇 马克思主义哲学 大众化,0358_艾思奇_马克思主义哲学_大众化.md,马克思主义哲学 哲学大众化 艾思奇,1798_马克思主义哲学_哲学大众化_艾思奇.md,69.64,艾思奇与大众哲学
艾思奇 马克思主义哲学 大众化,0358_艾思奇_马克思主义哲学_大众化.md,大众哲学 马克思主义哲学 大众化,0360_大众哲学_马克思主义哲学_大众化.md,66.07,艾思奇与大众哲学
艾思奇 马克思主义哲学 大众化,0358_艾思奇_马克思主义哲学_大众化.md,马克思主义哲学 大众化 胡绳,1814_马克思主义哲学_大众化_胡绳.md,66.07,艾思奇与大众哲学
艾思奇 马克思主义哲学 大众化,0358_艾思奇_马克思主义哲学_大众化.md,马克思主义哲学 大众化 中国化,1200_马克思主义哲学_大众化_中国化.md,65.0,艾思奇与大众哲学
艾思奇 大众哲学 贡献,0359_艾思奇_大众哲学_贡献.md,大众哲学 艾思奇,1769_大众哲学_艾思奇.md,48.89,艾思奇与大众哲学
艾思奇 大众哲学 贡献,0359_艾思奇_大众哲学_贡献.md,艾思奇 大众哲学 中国化,0370_艾思奇_大众哲学_中国化.md,48.64,艾思奇与大众哲学
艾思奇 大众哲学 贡献,0359_艾思奇_大众哲学_贡献.md,艾思奇 大众哲学 哲学大众化,0371_艾思奇_大众哲学_哲学大众化.md,48.64,艾思奇与大众哲学
艾思奇 大众哲学 贡献,0359_艾思奇_大众哲学_贡献.md,艾思奇 大众哲学 大众化形态,0357_艾思奇_大众哲学_大众化形态.md,47.5,艾思奇与大众哲学
艾思奇 大众哲学 贡献,0359_艾思奇_大众哲学_贡献.md,艾思奇 大众哲学 通俗著作,0389_艾思奇_大众哲学_通俗著作.md,47.5,艾思奇与大众哲学
大众哲学 马克思主义哲学 大众化,0360_大众哲学_马克思主义哲学_大众化.md,马克思主义哲学 哲学大众化 大众哲学,1791_马克思主义哲学_哲学大众化_大众哲学.md,74.23,艾思奇与大众哲学
大众哲学 马克思主义哲学 大众化,0360_大众哲学_马克思主义哲学_大众化.md,大众哲学 马克思主义哲学 传播贡献,0372_大众哲学_马克思主义哲学_传播贡献.md,70.0,艾思奇与大众哲学
大众哲学 马克思主义哲学 大众化,0360_大众哲学_马克思主义哲学_大众化.md,马克思主义哲学 大众化 胡绳,1814_马克思主义哲学_大众化_胡绳.md,67.31,艾思奇与大众哲学
大众哲学 马克思主义哲学 大众化,0360_大众哲学_马克思主义哲学_大众化.md,艾思奇 马克思主义哲学 大众化,0358_艾思奇_马克思主义哲学_大众化.md,66.07,艾思奇与大众哲学
大众哲学 马克思主义哲学 大众化,0360_大众哲学_马克思主义哲学_大众化.md,马克思主义哲学 大众化 中国化,1200_马克思主义哲学_大众化_中国化.md,66.07,艾思奇与大众哲学
大众哲学 通俗化 社会影响,0361_大众哲学_通俗化_社会影响.md,大众哲学 特点 社会影响,0373_大众哲学_特点_社会影响.md,51.54,艾思奇与大众哲学
大众哲学 通俗化 社会影响,0361_大众哲学_通俗化_社会影响.md,大众哲学 哲学讲话 通俗化,0396_大众哲学_哲学讲话_通俗化.md,43.93,艾思奇与大众哲学
大众哲学 通俗化 社会影响,0361_大众哲学_通俗化_社会影响.md,艾思奇 大众哲学 通俗著作,0389_艾思奇_大众哲学_通俗著作.md,28.33,艾思奇与大众哲学
大众哲学 通俗化 社会影响,0361_大众哲学_通俗化_社会影响.md,大众哲学,1849_大众哲学.md,27.5,艾思奇与大众哲学
大众哲学 通俗化 社会影响,0361_大众哲学_通俗化_社会影响.md,大众哲学 新哲学,1773_大众哲学_新哲学.md,26.25,艾思奇与大众哲学
艾思奇 思想方法论 世界观 方法论,0362_艾思奇_思想方法论_世界观_方法论.md,思想方法论 世界观 方法论,0416_思想方法论_世界观_方法论.md,73.18,思想方法与世界观教育
艾思奇 思想方法论 世界观 方法论,0362_艾思奇_思想方法论_世界观_方法论.md,世界观 方法论 思想方法,1544_世界观_方法论_思想方法.md,44.58,思想方法与世界观教育
艾思奇 思想方法论 世界观 方法论,0362_艾思奇_思想方法论_世界观_方法论.md,本体论 思想方法论 根本问题,0417_本体论_思想方法论_根本问题.md,30.56,思想方法与世界观教育
艾思奇 思想方法论 世界观 方法论,0362_艾思奇_思想方法论_世界观_方法论.md,论思想文化问题 艾思奇,0432_论思想文化问题_艾思奇.md,19.41,思想方法与世界观教育
艾思奇 思想方法论 世界观 方法论,0362_艾思奇_思想方法论_世界观_方法论.md,胡适 方法论 评议,0479_胡适_方法论_评议.md,18.33,思想方法与世界观教育
艾思奇 哲学与生活 社会生活,0363_艾思奇_哲学与生活_社会生活.md,作家 创作 社会生活,0962_作家_创作_社会生活.md,25.36,艾思奇与大众哲学
艾思奇 哲学与生活 社会生活,0363_艾思奇_哲学与生活_社会生活.md,大众哲学 艾思奇,1769_大众哲学_艾思奇.md,20.77,艾思奇与大众哲学
艾思奇 哲学与生活 社会生活,0363_艾思奇_哲学与生活_社会生活.md,哲学大众化 艾思奇,1746_哲学大众化_艾思奇.md,20.36,艾思奇与大众哲学
艾思奇 哲学与生活 社会生活,0363_艾思奇_哲学与生活_社会生活.md,艾思奇 大众哲学 贡献,0359_艾思奇_大众哲学_贡献.md,20.0,艾思奇与大众哲学
艾思奇 哲学与生活 社会生活,0363_艾思奇_哲学与生活_社会生活.md,艾思奇 大众哲学 中国化,0370_艾思奇_大众哲学_中国化.md,19.69,艾思奇与大众哲学
胡绳 新哲学的人生观 青年生活,0364_胡绳_新哲学的人生观_青年生活.md,新哲学的人生观,2021_新哲学的人生观.md,47.5,胡绳与马克思主义哲学通俗宣传
胡绳 新哲学的人生观 青年生活,0364_胡绳_新哲学的人生观_青年生活.md,胡绳 哲学大众化,1634_胡绳_哲学大众化.md,13.12,胡绳与马克思主义哲学通俗宣传
胡绳 新哲学的人生观 青年生活,0364_胡绳_新哲学的人生观_青年生活.md,胡绳 哲学漫谈 追求真理,0457_胡绳_哲学漫谈_追求真理.md,12.63,胡绳与马克思主义哲学通俗宣传
胡绳 新哲学的人生观 青年生活,0364_胡绳_新哲学的人生观_青年生活.md,马克思主义哲学 大众化 胡绳,1814_马克思主义哲学_大众化_胡绳.md,12.38,胡绳与马克思主义哲学通俗宣传
胡绳 新哲学的人生观 青年生活,0364_胡绳_新哲学的人生观_青年生活.md,胡绳 马克思主义哲学 通俗宣传,0456_胡绳_马克思主义哲学_通俗宣传.md,12.27,胡绳与马克思主义哲学通俗宣传
陈唯实 新哲学体系讲话 大众生活,0365_陈唯实_新哲学体系讲话_大众生活.md,新哲学 大众生活 密切关系,0366_新哲学_大众生活_密切关系.md,26.94,新哲学大众化运动
陈唯实 新哲学体系讲话 大众生活,0365_陈唯实_新哲学体系讲话_大众生活.md,陈唯实 通俗唯物论讲话 哲学到大众去,0295_陈唯实_通俗唯物论讲话_哲学到大众去.md,20.43,新哲学大众化运动
陈唯实 新哲学体系讲话 大众生活,0365_陈唯实_新哲学体系讲话_大众生活.md,陈唯实 马克思主义哲学 通俗宣传,0294_陈唯实_马克思主义哲学_通俗宣传.md,18.26,新哲学大众化运动
陈唯实 新哲学体系讲话 大众生活,0365_陈唯实_新哲学体系讲话_大众生活.md,陈唯实 通俗辩证法讲话 科学人生观,0132_陈唯实_通俗辩证法讲话_科学人生观.md,18.12,新哲学大众化运动
陈唯实 新哲学体系讲话 大众生活,0365_陈唯实_新哲学体系讲话_大众生活.md,大众哲学 新哲学,1773_大众哲学_新哲学.md,5.0,新哲学大众化运动
新哲学 大众生活 密切关系,0366_新哲学_大众生活_密切关系.md,陈唯实 新哲学体系讲话 大众生活,0365_陈唯实_新哲学体系讲话_大众生活.md,26.94,新哲学大众化运动
新哲学 大众生活 密切关系,0366_新哲学_大众生活_密切关系.md,哲学大众化 新哲学,1706_哲学大众化_新哲学.md,23.33,新哲学大众化运动
新哲学 大众生活 密切关系,0366_新哲学_大众生活_密切关系.md,大众哲学 新哲学,1773_大众哲学_新哲学.md,21.25,新哲学大众化运动
新哲学 大众生活 密切关系,0366_新哲学_大众生活_密切关系.md,大众化 新哲学,1838_大众化_新哲学.md,21.25,新哲学大众化运动
新哲学 大众生活 密切关系,0366_新哲学_大众生活_密切关系.md,新哲学 人生观 生活实践,0391_新哲学_人生观_生活实践.md,19.69,新哲学大众化运动
张岱年 新哲学 中国本来传统,0367_张岱年_新哲学_中国本来传统.md,大众哲学 新哲学,1773_大众哲学_新哲学.md,18.57,新哲学大众化运动
张岱年 新哲学 中国本来传统,0367_张岱年_新哲学_中国本来传统.md,大众化 新哲学,1838_大众化_新哲学.md,18.57,新哲学大众化运动
张岱年 新哲学 中国本来传统,0367_张岱年_新哲学_中国本来传统.md,哲学大众化 新哲学,1706_哲学大众化_新哲学.md,18.33,新哲学大众化运动
张岱年 新哲学 中国本来传统,0367_张岱年_新哲学_中国本来传统.md,张申府 新哲学 思想,0369_张申府_新哲学_思想.md,18.12,新哲学大众化运动
张岱年 新哲学 中国本来传统,0367_张岱年_新哲学_中国本来传统.md,新哲学 人生观 问题,0393_新哲学_人生观_问题.md,18.12,新哲学大众化运动
五四运动 新哲学 社会主义新价值观,0368_五四运动_新哲学_社会主义新价值观.md,五四运动 社会主义新价值观 兴起,0134_五四运动_社会主义新价值观_兴起.md,74.71,新哲学大众化运动
五四运动 新哲学 社会主义新价值观,0368_五四运动_新哲学_社会主义新价值观.md,社会主义新价值观 救亡 启蒙,0135_社会主义新价值观_救亡_启蒙.md,49.72,新哲学大众化运动
五四运动 新哲学 社会主义新价值观,0368_五四运动_新哲学_社会主义新价值观.md,社会主义新价值观 确立 原因,1236_社会主义新价值观_确立_原因.md,49.72,新哲学大众化运动
五四运动 新哲学 社会主义新价值观,0368_五四运动_新哲学_社会主义新价值观.md,五四运动 社会主义思想 传播,0123_五四运动_社会主义思想_传播.md,27.89,新哲学大众化运动
五四运动 新哲学 社会主义新价值观,0368_五四运动_新哲学_社会主义新价值观.md,五四运动 新民主主义革命 开端,0504_五四运动_新民主主义革命_开端.md,25.95,新哲学大众化运动
张申府 新哲学 思想,0369_张申府_新哲学_思想.md,张申府 新启蒙运动,1742_张申府_新启蒙运动.md,21.82,新哲学大众化运动
张申府 新哲学 思想,0369_张申府_新哲学_思想.md,中国现代哲学 张申府,1830_中国现代哲学_张申府.md,21.25,新哲学大众化运动
张申府 新哲学 思想,0369_张申府_新哲学_思想.md,张申府 新启蒙运动 民主,1614_张申府_新启蒙运动_民主.md,20.77,新哲学大众化运动
张申府 新哲学 思想,0369_张申府_新哲学_思想.md,大众哲学 新哲学,1773_大众哲学_新哲学.md,20.0,新哲学大众化运动
张申府 新哲学 思想,0369_张申府_新哲学_思想.md,大众化 新哲学,1838_大众化_新哲学.md,20.0,新哲学大众化运动
艾思奇 大众哲学 中国化,0370_艾思奇_大众哲学_中国化.md,艾思奇 大众哲学 贡献,0359_艾思奇_大众哲学_贡献.md,48.64,艾思奇与大众哲学
艾思奇 大众哲学 中国化,0370_艾思奇_大众哲学_中国化.md,艾思奇 大众哲学 哲学大众化,0371_艾思奇_大众哲学_哲学大众化.md,47.5,艾思奇与大众哲学
艾思奇 大众哲学 中国化,0370_艾思奇_大众哲学_中国化.md,大众哲学 艾思奇,1769_大众哲学_艾思奇.md,47.5,艾思奇与大众哲学
艾思奇 大众哲学 中国化,0370_艾思奇_大众哲学_中国化.md,艾思奇 大众哲学 大众化形态,0357_艾思奇_大众哲学_大众化形态.md,46.54,艾思奇与大众哲学
艾思奇 大众哲学 中国化,0370_艾思奇_大众哲学_中国化.md,艾思奇 大众哲学 通俗著作,0389_艾思奇_大众哲学_通俗著作.md,46.54,艾思奇与大众哲学
艾思奇 大众哲学 哲学大众化,0371_艾思奇_大众哲学_哲学大众化.md,哲学大众化 艾思奇,1746_哲学大众化_艾思奇.md,55.0,新哲学大众化运动
艾思奇 大众哲学 哲学大众化,0371_艾思奇_大众哲学_哲学大众化.md,马克思主义哲学 哲学大众化 大众哲学,1791_马克思主义哲学_哲学大众化_大众哲学.md,55.0,新哲学大众化运动
艾思奇 大众哲学 哲学大众化,0371_艾思奇_大众哲学_哲学大众化.md,艾思奇 大众哲学 大众化形态,0357_艾思奇_大众哲学_大众化形态.md,53.18,新哲学大众化运动
艾思奇 大众哲学 哲学大众化,0371_艾思奇_大众哲学_哲学大众化.md,马克思主义哲学 哲学大众化 艾思奇,1798_马克思主义哲学_哲学大众化_艾思奇.md,51.67,新哲学大众化运动
艾思奇 大众哲学 哲学大众化,0371_艾思奇_大众哲学_哲学大众化.md,艾思奇 大众哲学 贡献,0359_艾思奇_大众哲学_贡献.md,48.64,新哲学大众化运动
大众哲学 马克思主义哲学 传播贡献,0372_大众哲学_马克思主义哲学_传播贡献.md,大众哲学 马克思主义哲学 大众化,0360_大众哲学_马克思主义哲学_大众化.md,70.0,艾思奇与大众哲学
大众哲学 马克思主义哲学 传播贡献,0372_大众哲学_马克思主义哲学_传播贡献.md,马克思主义哲学 哲学大众化 大众哲学,1791_马克思主义哲学_哲学大众化_大众哲学.md,66.76,艾思奇与大众哲学
大众哲学 马克思主义哲学 传播贡献,0372_大众哲学_马克思主义哲学_传播贡献.md,马克思主义哲学 传播 苏联,0785_马克思主义哲学_传播_苏联.md,48.33,艾思奇与大众哲学
大众哲学 马克思主义哲学 传播贡献,0372_大众哲学_马克思主义哲学_传播贡献.md,马克思主义哲学 传播范围 扩大,0046_马克思主义哲学_传播范围_扩大.md,46.76,艾思奇与大众哲学
大众哲学 马克思主义哲学 传播贡献,0372_大众哲学_马克思主义哲学_传播贡献.md,旅欧青年 马克思主义哲学 传播,0051_旅欧青年_马克思主义哲学_传播.md,46.76,艾思奇与大众哲学
大众哲学 特点 社会影响,0373_大众哲学_特点_社会影响.md,大众哲学 通俗化 社会影响,0361_大众哲学_通俗化_社会影响.md,51.54,艾思奇与大众哲学
大众哲学 特点 社会影响,0373_大众哲学_特点_社会影响.md,大众哲学,1849_大众哲学.md,28.33,艾思奇与大众哲学
大众哲学 特点 社会影响,0373_大众哲学_特点_社会影响.md,大众哲学 新哲学,1773_大众哲学_新哲学.md,26.82,艾思奇与大众哲学
大众哲学 特点 社会影响,0373_大众哲学_特点_社会影响.md,大众哲学 艾思奇,1769_大众哲学_艾思奇.md,26.25,艾思奇与大众哲学
大众哲学 特点 社会影响,0373_大众哲学_特点_社会影响.md,现象 本质 大众哲学,0399_现象_本质_大众哲学.md,25.77,艾思奇与大众哲学
历史唯物论 社会发展史 艾思奇,0374_历史唯物论_社会发展史_艾思奇.md,社会发展史 历史唯物论 学习,1036_社会发展史_历史唯物论_学习.md,63.33,艾思奇与大众哲学
历史唯物论 社会发展史 艾思奇,0374_历史唯物论_社会发展史_艾思奇.md,社会发展史 历史唯物主义 宣传,1223_社会发展史_历史唯物主义_宣传.md,35.29,艾思奇与大众哲学
历史唯物论 社会发展史 艾思奇,0374_历史唯物论_社会发展史_艾思奇.md,社会发展史 历史唯物主义 学习运动,1342_社会发展史_历史唯物主义_学习运动.md,34.21,艾思奇与大众哲学
历史唯物论 社会发展史 艾思奇,0374_历史唯物论_社会发展史_艾思奇.md,历史唯物论 辩证唯物论 米丁,1809_历史唯物论_辩证唯物论_米丁.md,30.88,艾思奇与大众哲学
历史唯物论 社会发展史 艾思奇,0374_历史唯物论_社会发展史_艾思奇.md,辩证唯物论 历史唯物论 传播体系,0057_辩证唯物论_历史唯物论_传播体系.md,30.26,艾思奇与大众哲学
艾思奇 辩证唯物主义 讲课提纲,0375_艾思奇_辩证唯物主义_讲课提纲.md,历史唯物主义 辩证唯物主义,1707_历史唯物主义_辩证唯物主义.md,38.33,艾思奇与大众哲学
艾思奇 辩证唯物主义 讲课提纲,0375_艾思奇_辩证唯物主义_讲课提纲.md,唯心主义 辩证唯物主义,1766_唯心主义_辩证唯物主义.md,38.33,艾思奇与大众哲学
艾思奇 辩证唯物主义 讲课提纲,0375_艾思奇_辩证唯物主义_讲课提纲.md,辩证唯物主义 研讨 争论,0981_辩证唯物主义_研讨_争论.md,37.81,艾思奇与大众哲学
艾思奇 辩证唯物主义 讲课提纲,0375_艾思奇_辩证唯物主义_讲课提纲.md,瞿秋白 辩证唯物主义 传播,0335_瞿秋白_辩证唯物主义_传播.md,37.35,艾思奇与大众哲学
艾思奇 辩证唯物主义 讲课提纲,0375_艾思奇_辩证唯物主义_讲课提纲.md,历史唯物主义 辩证唯物主义 列宁,1800_历史唯物主义_辩证唯物主义_列宁.md,37.35,艾思奇与大众哲学
国难 新启蒙运动,0376_国难_新启蒙运动.md,新启蒙运动 提出,0377_新启蒙运动_提出.md,37.5,新启蒙运动
国难 新启蒙运动,0376_国难_新启蒙运动.md,抗战 新启蒙运动,1871_抗战_新启蒙运动.md,37.5,新启蒙运动
国难 新启蒙运动,0376_国难_新启蒙运动.md,新启蒙运动 普及,1874_新启蒙运动_普及.md,37.5,新启蒙运动
国难 新启蒙运动,0376_国难_新启蒙运动.md,新启蒙运动 理性运动,0380_新启蒙运动_理性运动.md,36.11,新启蒙运动
国难 新启蒙运动,0376_国难_新启蒙运动.md,新启蒙运动 哲学家,0382_新启蒙运动_哲学家.md,36.11,新启蒙运动
新启蒙运动 提出,0377_新启蒙运动_提出.md,国难 新启蒙运动,0376_国难_新启蒙运动.md,37.5,新启蒙运动
新启蒙运动 提出,0377_新启蒙运动_提出.md,抗战 新启蒙运动,1871_抗战_新启蒙运动.md,37.5,新启蒙运动
新启蒙运动 提出,0377_新启蒙运动_提出.md,新启蒙运动 普及,1874_新启蒙运动_普及.md,37.5,新启蒙运动
新启蒙运动 提出,0377_新启蒙运动_提出.md,新启蒙运动 理性运动,0380_新启蒙运动_理性运动.md,36.11,新启蒙运动
新启蒙运动 提出,0377_新启蒙运动_提出.md,新启蒙运动 哲学家,0382_新启蒙运动_哲学家.md,36.11,新启蒙运动
新启蒙运动 爱国主义 文化思想,0378_新启蒙运动_爱国主义_文化思想.md,新启蒙运动 自由主义 文化思想,0379_新启蒙运动_自由主义_文化思想.md,60.0,新启蒙运动
新启蒙运动 爱国主义 文化思想,0378_新启蒙运动_爱国主义_文化思想.md,新启蒙运动 新民主主义 文化思想,1801_新启蒙运动_新民主主义_文化思想.md,59.06,新启蒙运动
新启蒙运动 爱国主义 文化思想,0378_新启蒙运动_爱国主义_文化思想.md,文化运动 新启蒙运动,1744_文化运动_新启蒙运动.md,33.93,新启蒙运动
新启蒙运动 爱国主义 文化思想,0378_新启蒙运动_爱国主义_文化思想.md,新启蒙运动 文化抗战,1616_新启蒙运动_文化抗战.md,33.33,新启蒙运动
新启蒙运动 爱国主义 文化思想,0378_新启蒙运动_爱国主义_文化思想.md,国难 新启蒙运动,0376_国难_新启蒙运动.md,32.14,新启蒙运动
新启蒙运动 自由主义 文化思想,0379_新启蒙运动_自由主义_文化思想.md,新启蒙运动 爱国主义 文化思想,0378_新启蒙运动_爱国主义_文化思想.md,60.0,新启蒙运动
新启蒙运动 自由主义 文化思想,0379_新启蒙运动_自由主义_文化思想.md,新启蒙运动 新民主主义 文化思想,1801_新启蒙运动_新民主主义_文化思想.md,59.06,新启蒙运动
新启蒙运动 自由主义 文化思想,0379_新启蒙运动_自由主义_文化思想.md,文化运动 新启蒙运动,1744_文化运动_新启蒙运动.md,33.93,新启蒙运动
新启蒙运动 自由主义 文化思想,0379_新启蒙运动_自由主义_文化思想.md,新启蒙运动 思想自由 共同路向,0428_新启蒙运动_思想自由_共同路向.md,33.33,新启蒙运动
新启蒙运动 自由主义 文化思想,0379_新启蒙运动_自由主义_文化思想.md,新启蒙运动 文化抗战,1616_新启蒙运动_文化抗战.md,33.33,新启蒙运动
新启蒙运动 理性运动,0380_新启蒙运动_理性运动.md,国难 新启蒙运动,0376_国难_新启蒙运动.md,36.11,新启蒙运动
新启蒙运动 理性运动,0380_新启蒙运动_理性运动.md,新启蒙运动 提出,0377_新启蒙运动_提出.md,36.11,新启蒙运动
新启蒙运动 理性运动,0380_新启蒙运动_理性运动.md,抗战 新启蒙运动,1871_抗战_新启蒙运动.md,36.11,新启蒙运动
新启蒙运动 理性运动,0380_新启蒙运动_理性运动.md,新启蒙运动 普及,1874_新启蒙运动_普及.md,36.11,新启蒙运动
新启蒙运动 理性运动,0380_新启蒙运动_理性运动.md,新启蒙运动 哲学家,0382_新启蒙运动_哲学家.md,35.0,新启蒙运动
新启蒙运动 现代中国新文化,0381_新启蒙运动_现代中国新文化.md,文化运动 新启蒙运动,1744_文化运动_新启蒙运动.md,34.62,新启蒙运动
新启蒙运动 现代中国新文化,0381_新启蒙运动_现代中国新文化.md,新启蒙运动 文化抗战,1616_新启蒙运动_文化抗战.md,33.93,新启蒙运动
新启蒙运动 现代中国新文化,0381_新启蒙运动_现代中国新文化.md,新启蒙运动 中国 自觉运动,0426_新启蒙运动_中国_自觉运动.md,33.33,新启蒙运动
新启蒙运动 现代中国新文化,0381_新启蒙运动_现代中国新文化.md,中国传统文化 新启蒙运动 认识深化,1795_中国传统文化_新启蒙运动_认识深化.md,32.89,新启蒙运动
新启蒙运动 现代中国新文化,0381_新启蒙运动_现代中国新文化.md,国难 新启蒙运动,0376_国难_新启蒙运动.md,32.69,新启蒙运动
新启蒙运动 哲学家,0382_新启蒙运动_哲学家.md,新启蒙运动 经济学家,0383_新启蒙运动_经济学家.md,37.5,新启蒙运动
新启蒙运动 哲学家,0382_新启蒙运动_哲学家.md,国难 新启蒙运动,0376_国难_新启蒙运动.md,36.11,新启蒙运动
新启蒙运动 哲学家,0382_新启蒙运动_哲学家.md,新启蒙运动 提出,0377_新启蒙运动_提出.md,36.11,新启蒙运动
新启蒙运动 哲学家,0382_新启蒙运动_哲学家.md,抗战 新启蒙运动,1871_抗战_新启蒙运动.md,36.11,新启蒙运动
新启蒙运动 哲学家,0382_新启蒙运动_哲学家.md,新启蒙运动 普及,1874_新启蒙运动_普及.md,36.11,新启蒙运动
新启蒙运动 经济学家,0383_新启蒙运动_经济学家.md,新启蒙运动 哲学家,0382_新启蒙运动_哲学家.md,37.5,新启蒙运动
新启蒙运动 经济学家,0383_新启蒙运动_经济学家.md,国难 新启蒙运动,0376_国难_新启蒙运动.md,35.0,新启蒙运动
新启蒙运动 经济学家,0383_新启蒙运动_经济学家.md,新启蒙运动 提出,0377_新启蒙运动_提出.md,35.0,新启蒙运动
新启蒙运动 经济学家,0383_新启蒙运动_经济学家.md,抗战 新启蒙运动,1871_抗战_新启蒙运动.md,35.0,新启蒙运动
新启蒙运动 经济学家,0383_新启蒙运动_经济学家.md,新启蒙运动 普及,1874_新启蒙运动_普及.md,35.0,新启蒙运动
新启蒙运动 民族解放,0384_新启蒙运动_民族解放.md,新启蒙运动 民族传统,1615_新启蒙运动_民族传统.md,40.0,新启蒙运动
新启蒙运动 民族解放,0384_新启蒙运动_民族解放.md,张申府 新启蒙运动 民主,1614_张申府_新启蒙运动_民主.md,35.42,新启蒙运动
新启蒙运动 民族解放,0384_新启蒙运动_民族解放.md,国难 新启蒙运动,0376_国难_新启蒙运动.md,35.0,新启蒙运动
新启蒙运动 民族解放,0384_新启蒙运动_民族解放.md,新启蒙运动 提出,0377_新启蒙运动_提出.md,35.0,新启蒙运动
新启蒙运动 民族解放,0384_新启蒙运动_民族解放.md,抗战 新启蒙运动,1871_抗战_新启蒙运动.md,35.0,新启蒙运动
新启蒙运动 抗日救亡,0385_新启蒙运动_抗日救亡.md,新启蒙运动 抗日救亡 抗战,1820_新启蒙运动_抗日救亡_抗战.md,65.0,新启蒙运动
新启蒙运动 抗日救亡,0385_新启蒙运动_抗日救亡.md,国难 新启蒙运动,0376_国难_新启蒙运动.md,35.0,新启蒙运动
新启蒙运动 抗日救亡,0385_新启蒙运动_抗日救亡.md,新启蒙运动 提出,0377_新启蒙运动_提出.md,35.0,新启蒙运动
新启蒙运动 抗日救亡,0385_新启蒙运动_抗日救亡.md,抗战 新启蒙运动,1871_抗战_新启蒙运动.md,35.0,新启蒙运动
新启蒙运动 抗日救亡,0385_新启蒙运动_抗日救亡.md,新启蒙运动 普及,1874_新启蒙运动_普及.md,35.0,新启蒙运动
新启蒙运动 反帝反封建,0386_新启蒙运动_反帝反封建.md,国难 新启蒙运动,0376_国难_新启蒙运动.md,34.09,新启蒙运动
新启蒙运动 反帝反封建,0386_新启蒙运动_反帝反封建.md,新启蒙运动 提出,0377_新启蒙运动_提出.md,34.09,新启蒙运动
新启蒙运动 反帝反封建,0386_新启蒙运动_反帝反封建.md,抗战 新启蒙运动,1871_抗战_新启蒙运动.md,34.09,新启蒙运动
新启蒙运动 反帝反封建,0386_新启蒙运动_反帝反封建.md,新启蒙运动 普及,1874_新启蒙运动_普及.md,34.09,新启蒙运动
新启蒙运动 反帝反封建,0386_新启蒙运动_反帝反封建.md,新启蒙运动 理性运动,0380_新启蒙运动_理性运动.md,33.33,新启蒙运动
形式论理学 中国 进展,0387_形式论理学_中国_进展.md,形式论理学 抽象 具体 对立,0405_形式论理学_抽象_具体_对立.md,32.14,哲学基本范畴与辩证法原理
形式论理学 中国 进展,0387_形式论理学_中国_进展.md,形式逻辑 辩证逻辑 形式论理学,0408_形式逻辑_辩证逻辑_形式论理学.md,32.14,哲学基本范畴与辩证法原理
形式论理学 中国 进展,0387_形式论理学_中国_进展.md,形式论理学 同一律 白马非马,0404_形式论理学_同一律_白马非马.md,31.67,哲学基本范畴与辩证法原理
形式论理学 中国 进展,0387_形式论理学_中国_进展.md,概念 个物 柏拉图 形式论理学,0406_概念_个物_柏拉图_形式论理学.md,31.67,哲学基本范畴与辩证法原理
形式论理学 中国 进展,0387_形式论理学_中国_进展.md,辩证法 形式论理学 对立统一,0409_辩证法_形式论理学_对立统一.md,31.67,哲学基本范畴与辩证法原理
艾思奇 马克思主义哲学 通俗化 中国化,0388_艾思奇_马克思主义哲学_通俗化_中国化.md,艾思奇 马克思主义哲学 大众化 中国化,0395_艾思奇_马克思主义哲学_大众化_中国化.md,81.67,艾思奇与大众哲学
艾思奇 马克思主义哲学 通俗化 中国化,0388_艾思奇_马克思主义哲学_通俗化_中国化.md,艾思奇 马克思主义哲学 大众化,0358_艾思奇_马克思主义哲学_大众化.md,62.5,艾思奇与大众哲学
艾思奇 马克思主义哲学 通俗化 中国化,0388_艾思奇_马克思主义哲学_通俗化_中国化.md,马克思主义哲学 大众化 中国化,1200_马克思主义哲学_大众化_中国化.md,62.5,艾思奇与大众哲学
艾思奇 马克思主义哲学 通俗化 中国化,0388_艾思奇_马克思主义哲学_通俗化_中国化.md,李达 马克思主义哲学 中国化,0301_李达_马克思主义哲学_中国化.md,61.11,艾思奇与大众哲学
艾思奇 马克思主义哲学 通俗化 中国化,0388_艾思奇_马克思主义哲学_通俗化_中国化.md,马克思主义哲学 中国化 历程,1413_马克思主义哲学_中国化_历程.md,61.11,艾思奇与大众哲学
艾思奇 大众哲学 通俗著作,0389_艾思奇_大众哲学_通俗著作.md,艾思奇 大众哲学 贡献,0359_艾思奇_大众哲学_贡献.md,47.5,艾思奇与大众哲学
艾思奇 大众哲学 通俗著作,0389_艾思奇_大众哲学_通俗著作.md,艾思奇 大众哲学 中国化,0370_艾思奇_大众哲学_中国化.md,46.54,艾思奇与大众哲学
艾思奇 大众哲学 通俗著作,0389_艾思奇_大众哲学_通俗著作.md,艾思奇 大众哲学 哲学大众化,0371_艾思奇_大众哲学_哲学大众化.md,46.54,艾思奇与大众哲学
艾思奇 大众哲学 通俗著作,0389_艾思奇_大众哲学_通俗著作.md,大众哲学 艾思奇,1769_大众哲学_艾思奇.md,46.36,艾思奇与大众哲学
艾思奇 大众哲学 通俗著作,0389_艾思奇_大众哲学_通俗著作.md,艾思奇 大众哲学 大众化形态,0357_艾思奇_大众哲学_大众化形态.md,45.71,艾思奇与大众哲学
艾思奇 唯物辩证法 新见解,0390_艾思奇_唯物辩证法_新见解.md,唯物辩证法 风靡全国,1026_唯物辩证法_风靡全国.md,32.14,辩证唯物主义体系
艾思奇 唯物辩证法 新见解,0390_艾思奇_唯物辩证法_新见解.md,唯物辩证法 风靡 起点,1027_唯物辩证法_风靡_起点.md,32.14,辩证唯物主义体系
艾思奇 唯物辩证法 新见解,0390_艾思奇_唯物辩证法_新见解.md,唯物辩证法 风靡 前奏,1028_唯物辩证法_风靡_前奏.md,32.14,辩证唯物主义体系
艾思奇 唯物辩证法 新见解,0390_艾思奇_唯物辩证法_新见解.md,唯物辩证法 风靡 原因,1030_唯物辩证法_风靡_原因.md,32.14,辩证唯物主义体系
艾思奇 唯物辩证法 新见解,0390_艾思奇_唯物辩证法_新见解.md,逐步改造 唯物辩证法,1052_逐步改造_唯物辩证法.md,32.14,辩证唯物主义体系
新哲学 人生观 生活实践,0391_新哲学_人生观_生活实践.md,新哲学 人生观 问题,0393_新哲学_人生观_问题.md,41.36,新哲学大众化运动
新哲学 人生观 生活实践,0391_新哲学_人生观_生活实践.md,人生观 新哲学 科学人生观,0392_人生观_新哲学_科学人生观.md,40.42,新哲学大众化运动
新哲学 人生观 生活实践,0391_新哲学_人生观_生活实践.md,情感 理智 生活实践,1439_情感_理智_生活实践.md,25.77,新哲学大众化运动
新哲学 人生观 生活实践,0391_新哲学_人生观_生活实践.md,人生观 哲学 生活,0234_人生观_哲学_生活.md,24.09,新哲学大众化运动
新哲学 人生观 生活实践,0391_新哲学_人生观_生活实践.md,哲学 生活 人生观,0235_哲学_生活_人生观.md,24.09,新哲学大众化运动
人生观 新哲学 科学人生观,0392_人生观_新哲学_科学人生观.md,新哲学 人生观 问题,0393_新哲学_人生观_问题.md,42.5,科学与人生观论战
人生观 新哲学 科学人生观,0392_人生观_新哲学_科学人生观.md,新哲学 人生观 生活实践,0391_新哲学_人生观_生活实践.md,40.42,科学与人生观论战
人生观 新哲学 科学人生观,0392_人生观_新哲学_科学人生观.md,科学人生观 玄学人生观 批判,0233_科学人生观_玄学人生观_批判.md,33.33,科学与人生观论战
人生观 新哲学 科学人生观,0392_人生观_新哲学_科学人生观.md,陈唯实 通俗辩证法讲话 科学人生观,0132_陈唯实_通俗辩证法讲话_科学人生观.md,30.56,科学与人生观论战
人生观 新哲学 科学人生观,0392_人生观_新哲学_科学人生观.md,旧哲学 人生观 问题,0236_旧哲学_人生观_问题.md,24.09,科学与人生观论战
新哲学 人生观 问题,0393_新哲学_人生观_问题.md,人生观 新哲学 科学人生观,0392_人生观_新哲学_科学人生观.md,42.5,新哲学大众化运动
新哲学 人生观 问题,0393_新哲学_人生观_问题.md,新哲学 人生观 生活实践,0391_新哲学_人生观_生活实践.md,41.36,新哲学大众化运动
新哲学 人生观 问题,0393_新哲学_人生观_问题.md,旧哲学 人生观 问题,0236_旧哲学_人生观_问题.md,33.75,新哲学大众化运动
新哲学 人生观 问题,0393_新哲学_人生观_问题.md,人生观 哲学 生活,0234_人生观_哲学_生活.md,22.5,新哲学大众化运动
新哲学 人生观 问题,0393_新哲学_人生观_问题.md,哲学 生活 人生观,0235_哲学_生活_人生观.md,22.5,新哲学大众化运动
观念论 人生观 机械论,0394_观念论_人生观_机械论.md,人生观 科学 分家,0189_人生观_科学_分家.md,19.17,30年代苏联哲学批判运动
观念论 人生观 机械论,0394_观念论_人生观_机械论.md,人生观 哲学 生活,0234_人生观_哲学_生活.md,19.17,30年代苏联哲学批判运动
观念论 人生观 机械论,0394_观念论_人生观_机械论.md,哲学 生活 人生观,0235_哲学_生活_人生观.md,19.17,30年代苏联哲学批判运动
观念论 人生观 机械论,0394_观念论_人生观_机械论.md,悲观 乐观 人生观,0237_悲观_乐观_人生观.md,19.17,30年代苏联哲学批判运动
观念论 人生观 机械论,0394_观念论_人生观_机械论.md,人生观 论战 科玄论战,0187_人生观_论战_科玄论战.md,18.85,30年代苏联哲学批判运动
艾思奇 马克思主义哲学 大众化 中国化,0395_艾思奇_马克思主义哲学_大众化_中国化.md,艾思奇 马克思主义哲学 大众化,0358_艾思奇_马克思主义哲学_大众化.md,85.0,艾思奇与大众哲学
艾思奇 马克思主义哲学 大众化 中国化,0395_艾思奇_马克思主义哲学_大众化_中国化.md,马克思主义哲学 大众化 中国化,1200_马克思主义哲学_大众化_中国化.md,85.0,艾思奇与大众哲学
艾思奇 马克思主义哲学 大众化 中国化,0395_艾思奇_马克思主义哲学_大众化_中国化.md,艾思奇 马克思主义哲学 通俗化 中国化,0388_艾思奇_马克思主义哲学_通俗化_中国化.md,81.67,艾思奇与大众哲学
艾思奇 马克思主义哲学 大众化 中国化,0395_艾思奇_马克思主义哲学_大众化_中国化.md,马克思主义哲学 哲学大众化 艾思奇,1798_马克思主义哲学_哲学大众化_艾思奇.md,66.18,艾思奇与大众哲学
艾思奇 马克思主义哲学 大众化 中国化,0395_艾思奇_马克思主义哲学_大众化_中国化.md,大众哲学 马克思主义哲学 大众化,0360_大众哲学_马克思主义哲学_大众化.md,63.24,艾思奇与大众哲学
大众哲学 哲学讲话 通俗化,0396_大众哲学_哲学讲话_通俗化.md,大众哲学 通俗化 社会影响,0361_大众哲学_通俗化_社会影响.md,43.93,艾思奇与大众哲学
大众哲学 哲学讲话 通俗化,0396_大众哲学_哲学讲话_通俗化.md,大众哲学,1849_大众哲学.md,28.33,艾思奇与大众哲学
大众哲学 哲学讲话 通俗化,0396_大众哲学_哲学讲话_通俗化.md,哲学讲话,1931_哲学讲话.md,28.33,艾思奇与大众哲学
大众哲学 哲学讲话 通俗化,0396_大众哲学_哲学讲话_通俗化.md,艾思奇 大众哲学 哲学大众化,0371_艾思奇_大众哲学_哲学大众化.md,27.14,艾思奇与大众哲学
大众哲学 哲学讲话 通俗化,0396_大众哲学_哲学讲话_通俗化.md,大众哲学 新哲学,1773_大众哲学_新哲学.md,26.82,艾思奇与大众哲学
哲学讲话 日常生活 哲学观点,0397_哲学讲话_日常生活_哲学观点.md,大众哲学 日常生活,1632_大众哲学_日常生活.md,27.69,新哲学大众化运动
哲学讲话 日常生活 哲学观点,0397_哲学讲话_日常生活_哲学观点.md,哲学讲话,1931_哲学讲话.md,27.5,新哲学大众化运动
哲学讲话 日常生活 哲学观点,0397_哲学讲话_日常生活_哲学观点.md,大众哲学 哲学讲话 通俗化,0396_大众哲学_哲学讲话_通俗化.md,24.69,新哲学大众化运动
哲学讲话 日常生活 哲学观点,0397_哲学讲话_日常生活_哲学观点.md,哲学观点 观察事物 正确眼光,1525_哲学观点_观察事物_正确眼光.md,24.17,新哲学大众化运动
哲学讲话 日常生活 哲学观点,0397_哲学讲话_日常生活_哲学观点.md,庸俗生活 盲目生活 哲学,1527_庸俗生活_盲目生活_哲学.md,5.0,新哲学大众化运动
认识和实践 大众哲学,0398_认识和实践_大众哲学.md,大众哲学,1849_大众哲学.md,29.38,艾思奇与大众哲学
认识和实践 大众哲学,0398_认识和实践_大众哲学.md,大众哲学 新哲学,1773_大众哲学_新哲学.md,27.5,艾思奇与大众哲学
认识和实践 大众哲学,0398_认识和实践_大众哲学.md,大众哲学 艾思奇,1769_大众哲学_艾思奇.md,26.82,艾思奇与大众哲学
认识和实践 大众哲学,0398_认识和实践_大众哲学.md,现象 本质 大众哲学,0399_现象_本质_大众哲学.md,26.25,艾思奇与大众哲学
认识和实践 大众哲学,0398_认识和实践_大众哲学.md,形式 内容 大众哲学,0400_形式_内容_大众哲学.md,26.25,艾思奇与大众哲学
现象 本质 大众哲学,0399_现象_本质_大众哲学.md,大众哲学,1849_大众哲学.md,30.71,艾思奇与大众哲学
现象 本质 大众哲学,0399_现象_本质_大众哲学.md,大众哲学 新哲学,1773_大众哲学_新哲学.md,28.33,艾思奇与大众哲学
现象 本质 大众哲学,0399_现象_本质_大众哲学.md,大众哲学 艾思奇,1769_大众哲学_艾思奇.md,27.5,艾思奇与大众哲学
现象 本质 大众哲学,0399_现象_本质_大众哲学.md,形式 内容 大众哲学,0400_形式_内容_大众哲学.md,26.82,艾思奇与大众哲学
现象 本质 大众哲学,0399_现象_本质_大众哲学.md,大众哲学 日常生活,1632_大众哲学_日常生活.md,26.82,艾思奇与大众哲学
形式 内容 大众哲学,0400_形式_内容_大众哲学.md,大众哲学,1849_大众哲学.md,30.71,艾思奇与大众哲学
形式 内容 大众哲学,0400_形式_内容_大众哲学.md,大众哲学 新哲学,1773_大众哲学_新哲学.md,28.33,艾思奇与大众哲学
形式 内容 大众哲学,0400_形式_内容_大众哲学.md,大众哲学 艾思奇,1769_大众哲学_艾思奇.md,27.5,艾思奇与大众哲学
形式 内容 大众哲学,0400_形式_内容_大众哲学.md,现象 本质 大众哲学,0399_现象_本质_大众哲学.md,26.82,艾思奇与大众哲学
形式 内容 大众哲学,0400_形式_内容_大众哲学.md,大众哲学 日常生活,1632_大众哲学_日常生活.md,26.82,艾思奇与大众哲学
必然性 偶然性 大众哲学,0401_必然性_偶然性_大众哲学.md,偶然性 必然性 苏联哲学,0894_偶然性_必然性_苏联哲学.md,38.33,艾思奇与大众哲学
必然性 偶然性 大众哲学,0401_必然性_偶然性_大众哲学.md,人生意义 价值 偶然性 必然性,1450_人生意义_价值_偶然性_必然性.md,35.0,艾思奇与大众哲学
必然性 偶然性 大众哲学,0401_必然性_偶然性_大众哲学.md,大众哲学,1849_大众哲学.md,29.38,艾思奇与大众哲学
必然性 偶然性 大众哲学,0401_必然性_偶然性_大众哲学.md,大众哲学 新哲学,1773_大众哲学_新哲学.md,27.5,艾思奇与大众哲学
必然性 偶然性 大众哲学,0401_必然性_偶然性_大众哲学.md,大众哲学 艾思奇,1769_大众哲学_艾思奇.md,26.82,艾思奇与大众哲学
抽象作用 辩证法 白马非马 形式论理学,0402_抽象作用_辩证法_白马非马_形式论理学.md,形式论理学 同一律 白马非马,0404_形式论理学_同一律_白马非马.md,54.21,哲学基本范畴与辩证法原理
抽象作用 辩证法 白马非马 形式论理学,0402_抽象作用_辩证法_白马非马_形式论理学.md,辩证法 形式论理学 对立统一,0409_辩证法_形式论理学_对立统一.md,47.5,哲学基本范畴与辩证法原理
抽象作用 辩证法 白马非马 形式论理学,0402_抽象作用_辩证法_白马非马_形式论理学.md,形而上学 形式论理学 辩证法,0410_形而上学_形式论理学_辩证法.md,47.5,哲学基本范畴与辩证法原理
抽象作用 辩证法 白马非马 形式论理学,0402_抽象作用_辩证法_白马非马_形式论理学.md,形式论理学 辩证法 青年就是青年,0407_形式论理学_辩证法_青年就是青年.md,47.14,哲学基本范畴与辩证法原理
抽象作用 辩证法 白马非马 形式论理学,0402_抽象作用_辩证法_白马非马_形式论理学.md,形式论理学 抽象 具体 对立,0405_形式论理学_抽象_具体_对立.md,31.25,哲学基本范畴与辩证法原理
白马非马 抽象 具体 概念,0403_白马非马_抽象_具体_概念.md,抽象作用 辩证法 白马非马 形式论理学,0402_抽象作用_辩证法_白马非马_形式论理学.md,25.0,哲学基本范畴与辩证法原理
白马非马 抽象 具体 概念,0403_白马非马_抽象_具体_概念.md,形式论理学 同一律 白马非马,0404_形式论理学_同一律_白马非马.md,24.41,哲学基本范畴与辩证法原理
白马非马 抽象 具体 概念,0403_白马非马_抽象_具体_概念.md,抽象 具体 内包 外延,1532_抽象_具体_内包_外延.md,15.77,哲学基本范畴与辩证法原理
白马非马 抽象 具体 概念,0403_白马非马_抽象_具体_概念.md,形式论理学 抽象 具体 对立,0405_形式论理学_抽象_具体_对立.md,14.69,哲学基本范畴与辩证法原理
形式论理学 同一律 白马非马,0404_形式论理学_同一律_白马非马.md,抽象作用 辩证法 白马非马 形式论理学,0402_抽象作用_辩证法_白马非马_形式论理学.md,54.21,哲学基本范畴与辩证法原理
形式论理学 同一律 白马非马,0404_形式论理学_同一律_白马非马.md,形式论理学 中国 进展,0387_形式论理学_中国_进展.md,31.67,哲学基本范畴与辩证法原理
形式论理学 同一律 白马非马,0404_形式论理学_同一律_白马非马.md,形式论理学 抽象 具体 对立,0405_形式论理学_抽象_具体_对立.md,30.88,哲学基本范畴与辩证法原理
形式论理学 同一律 白马非马,0404_形式论理学_同一律_白马非马.md,形式逻辑 辩证逻辑 形式论理学,0408_形式逻辑_辩证逻辑_形式论理学.md,30.88,哲学基本范畴与辩证法原理
形式论理学 同一律 白马非马,0404_形式论理学_同一律_白马非马.md,概念 个物 柏拉图 形式论理学,0406_概念_个物_柏拉图_形式论理学.md,30.56,哲学基本范畴与辩证法原理
形式论理学 抽象 具体 对立,0405_形式论理学_抽象_具体_对立.md,辩证法 形式论理学 对立统一,0409_辩证法_形式论理学_对立统一.md,32.81,哲学基本范畴与辩证法原理
形式论理学 抽象 具体 对立,0405_形式论理学_抽象_具体_对立.md,形式论理学 中国 进展,0387_形式论理学_中国_进展.md,32.14,哲学基本范畴与辩证法原理
形式论理学 抽象 具体 对立,0405_形式论理学_抽象_具体_对立.md,抽象作用 辩证法 白马非马 形式论理学,0402_抽象作用_辩证法_白马非马_形式论理学.md,31.25,哲学基本范畴与辩证法原理
形式论理学 抽象 具体 对立,0405_形式论理学_抽象_具体_对立.md,形式逻辑 辩证逻辑 形式论理学,0408_形式逻辑_辩证逻辑_形式论理学.md,31.25,哲学基本范畴与辩证法原理
形式论理学 抽象 具体 对立,0405_形式论理学_抽象_具体_对立.md,形式论理学 同一律 白马非马,0404_形式论理学_同一律_白马非马.md,30.88,哲学基本范畴与辩证法原理
概念 个物 柏拉图 形式论理学,0406_概念_个物_柏拉图_形式论理学.md,形式论理学 中国 进展,0387_形式论理学_中国_进展.md,31.67,哲学基本范畴与辩证法原理
概念 个物 柏拉图 形式论理学,0406_概念_个物_柏拉图_形式论理学.md,形式论理学 抽象 具体 对立,0405_形式论理学_抽象_具体_对立.md,30.88,哲学基本范畴与辩证法原理
概念 个物 柏拉图 形式论理学,0406_概念_个物_柏拉图_形式论理学.md,形式逻辑 辩证逻辑 形式论理学,0408_形式逻辑_辩证逻辑_形式论理学.md,30.88,哲学基本范畴与辩证法原理
概念 个物 柏拉图 形式论理学,0406_概念_个物_柏拉图_形式论理学.md,形式论理学 同一律 白马非马,0404_形式论理学_同一律_白马非马.md,30.56,哲学基本范畴与辩证法原理
概念 个物 柏拉图 形式论理学,0406_概念_个物_柏拉图_形式论理学.md,辩证法 形式论理学 对立统一,0409_辩证法_形式论理学_对立统一.md,30.56,哲学基本范畴与辩证法原理
形式论理学 辩证法 青年就是青年,0407_形式论理学_辩证法_青年就是青年.md,形而上学 形式论理学 辩证法,0410_形而上学_形式论理学_辩证法.md,50.94,哲学基本范畴与辩证法原理
形式论理学 辩证法 青年就是青年,0407_形式论理学_辩证法_青年就是青年.md,辩证法 形式论理学 对立统一,0409_辩证法_形式论理学_对立统一.md,48.82,哲学基本范畴与辩证法原理
形式论理学 辩证法 青年就是青年,0407_形式论理学_辩证法_青年就是青年.md,抽象作用 辩证法 白马非马 形式论理学,0402_抽象作用_辩证法_白马非马_形式论理学.md,47.14,哲学基本范畴与辩证法原理
形式论理学 辩证法 青年就是青年,0407_形式论理学_辩证法_青年就是青年.md,形式逻辑 辩证逻辑 形式论理学,0408_形式逻辑_辩证逻辑_形式论理学.md,32.35,哲学基本范畴与辩证法原理
形式论理学 辩证法 青年就是青年,0407_形式论理学_辩证法_青年就是青年.md,形式论理学 中国 进展,0387_形式论理学_中国_进展.md,31.25,哲学基本范畴与辩证法原理
形式逻辑 辩证逻辑 形式论理学,0408_形式逻辑_辩证逻辑_形式论理学.md,辩证法 形式论理学 对立统一,0409_辩证法_形式论理学_对立统一.md,32.81,哲学基本范畴与辩证法原理
形式逻辑 辩证逻辑 形式论理学,0408_形式逻辑_辩证逻辑_形式论理学.md,形而上学 形式论理学 辩证法,0410_形而上学_形式论理学_辩证法.md,32.81,哲学基本范畴与辩证法原理
形式逻辑 辩证逻辑 形式论理学,0408_形式逻辑_辩证逻辑_形式论理学.md,形式论理学 辩证法 青年就是青年,0407_形式论理学_辩证法_青年就是青年.md,32.35,哲学基本范畴与辩证法原理
形式逻辑 辩证逻辑 形式论理学,0408_形式逻辑_辩证逻辑_形式论理学.md,形式论理学 中国 进展,0387_形式论理学_中国_进展.md,32.14,哲学基本范畴与辩证法原理
形式逻辑 辩证逻辑 形式论理学,0408_形式逻辑_辩证逻辑_形式论理学.md,抽象作用 辩证法 白马非马 形式论理学,0402_抽象作用_辩证法_白马非马_形式论理学.md,31.25,哲学基本范畴与辩证法原理
辩证法 形式论理学 对立统一,0409_辩证法_形式论理学_对立统一.md,形而上学 形式论理学 辩证法,0410_形而上学_形式论理学_辩证法.md,49.38,矛盾分析法与矛盾特殊性
辩证法 形式论理学 对立统一,0409_辩证法_形式论理学_对立统一.md,形式论理学 辩证法 青年就是青年,0407_形式论理学_辩证法_青年就是青年.md,48.82,矛盾分析法与矛盾特殊性
辩证法 形式论理学 对立统一,0409_辩证法_形式论理学_对立统一.md,抽象作用 辩证法 白马非马 形式论理学,0402_抽象作用_辩证法_白马非马_形式论理学.md,47.5,矛盾分析法与矛盾特殊性
辩证法 形式论理学 对立统一,0409_辩证法_形式论理学_对立统一.md,辩证法 对立统一,1682_辩证法_对立统一.md,45.42,矛盾分析法与矛盾特殊性
辩证法 形式论理学 对立统一,0409_辩证法_形式论理学_对立统一.md,形式论理学 抽象 具体 对立,0405_形式论理学_抽象_具体_对立.md,32.81,矛盾分析法与矛盾特殊性
形而上学 形式论理学 辩证法,0410_形而上学_形式论理学_辩证法.md,形式论理学 辩证法 青年就是青年,0407_形式论理学_辩证法_青年就是青年.md,50.94,哲学基本范畴与辩证法原理
形而上学 形式论理学 辩证法,0410_形而上学_形式论理学_辩证法.md,辩证法 形式论理学 对立统一,0409_辩证法_形式论理学_对立统一.md,49.38,哲学基本范畴与辩证法原理
形而上学 形式论理学 辩证法,0410_形而上学_形式论理学_辩证法.md,抽象作用 辩证法 白马非马 形式论理学,0402_抽象作用_辩证法_白马非马_形式论理学.md,47.5,哲学基本范畴与辩证法原理
形而上学 形式论理学 辩证法,0410_形而上学_形式论理学_辩证法.md,形而上学 辩证法 批判,1466_形而上学_辩证法_批判.md,46.54,哲学基本范畴与辩证法原理
形而上学 形式论理学 辩证法,0410_形而上学_形式论理学_辩证法.md,辩证法 形而上学 根本观点,1550_辩证法_形而上学_根本观点.md,42.81,哲学基本范畴与辩证法原理
唯物论 观念论 两大阵营,0411_唯物论_观念论_两大阵营.md,自然科学 唯物论 观念论,0415_自然科学_唯物论_观念论.md,39.62,哲学基本范畴与辩证法原理
唯物论 观念论 两大阵营,0411_唯物论_观念论_两大阵营.md,观念论 二元论 思想,0413_观念论_二元论_思想.md,18.57,哲学基本范畴与辩证法原理
唯物论 观念论 两大阵营,0411_唯物论_观念论_两大阵营.md,恩格斯 观念论 斗争,0424_恩格斯_观念论_斗争.md,18.57,哲学基本范畴与辩证法原理
唯物论 观念论 两大阵营,0411_唯物论_观念论_两大阵营.md,机械论 唯物论 批判,1465_机械论_唯物论_批判.md,18.57,哲学基本范畴与辩证法原理
唯物论 观念论 两大阵营,0411_唯物论_观念论_两大阵营.md,唯物论 认识论 反映,1537_唯物论_认识论_反映.md,18.57,哲学基本范畴与辩证法原理
观念论 要点 迷信宗教,0412_观念论_要点_迷信宗教.md,观念论 二元论 思想,0413_观念论_二元论_思想.md,18.85,宗教批判与无神论思想
观念论 要点 迷信宗教,0412_观念论_要点_迷信宗教.md,恩格斯 观念论 斗争,0424_恩格斯_观念论_斗争.md,18.85,宗教批判与无神论思想
观念论 要点 迷信宗教,0412_观念论_要点_迷信宗教.md,观念论 人生观 机械论,0394_观念论_人生观_机械论.md,18.57,宗教批判与无神论思想
观念论 要点 迷信宗教,0412_观念论_要点_迷信宗教.md,唯物论 观念论 两大阵营,0411_唯物论_观念论_两大阵营.md,18.33,宗教批判与无神论思想
观念论 要点 迷信宗教,0412_观念论_要点_迷信宗教.md,自然科学 唯物论 观念论,0415_自然科学_唯物论_观念论.md,18.33,宗教批判与无神论思想
观念论 二元论 思想,0413_观念论_二元论_思想.md,恩格斯 观念论 斗争,0424_恩格斯_观念论_斗争.md,19.17,哲学基本范畴与辩证法原理
观念论 二元论 思想,0413_观念论_二元论_思想.md,观念论 人生观 机械论,0394_观念论_人生观_机械论.md,18.85,哲学基本范畴与辩证法原理
观念论 二元论 思想,0413_观念论_二元论_思想.md,观念论 要点 迷信宗教,0412_观念论_要点_迷信宗教.md,18.85,哲学基本范畴与辩证法原理
观念论 二元论 思想,0413_观念论_二元论_思想.md,唯物论 观念论 两大阵营,0411_唯物论_观念论_两大阵营.md,18.57,哲学基本范畴与辩证法原理
观念论 二元论 思想,0413_观念论_二元论_思想.md,自然科学 唯物论 观念论,0415_自然科学_唯物论_观念论.md,18.57,哲学基本范畴与辩证法原理
旧唯物论 弱点 新唯物论,0414_旧唯物论_弱点_新唯物论.md,五四运动 新文化 弱点,0230_五四运动_新文化_弱点.md,11.79,哲学基本范畴与辩证法原理
自然科学 唯物论 观念论,0415_自然科学_唯物论_观念论.md,唯物论 观念论 两大阵营,0411_唯物论_观念论_两大阵营.md,39.62,自然科学哲学与科学方法
自然科学 唯物论 观念论,0415_自然科学_唯物论_观念论.md,德国 自然科学,1786_德国_自然科学.md,26.82,自然科学哲学与科学方法
自然科学 唯物论 观念论,0415_自然科学_唯物论_观念论.md,战斗唯物主义 自然科学 联盟,0887_战斗唯物主义_自然科学_联盟.md,26.25,自然科学哲学与科学方法
自然科学 唯物论 观念论,0415_自然科学_唯物论_观念论.md,自然科学 黑格尔,1779_自然科学_黑格尔.md,26.25,自然科学哲学与科学方法
自然科学 唯物论 观念论,0415_自然科学_唯物论_观念论.md,自然辩证法 自然科学,1667_自然辩证法_自然科学.md,25.77,自然科学哲学与科学方法
思想方法论 世界观 方法论,0416_思想方法论_世界观_方法论.md,艾思奇 思想方法论 世界观 方法论,0362_艾思奇_思想方法论_世界观_方法论.md,73.18,思想方法与世界观教育
思想方法论 世界观 方法论,0416_思想方法论_世界观_方法论.md,世界观 方法论 思想方法,1544_世界观_方法论_思想方法.md,49.44,思想方法与世界观教育
思想方法论 世界观 方法论,0416_思想方法论_世界观_方法论.md,本体论 思想方法论 根本问题,0417_本体论_思想方法论_根本问题.md,31.67,思想方法与世界观教育
思想方法论 世界观 方法论,0416_思想方法论_世界观_方法论.md,胡适 方法论 评议,0479_胡适_方法论_评议.md,19.17,思想方法与世界观教育
思想方法论 世界观 方法论,0416_思想方法论_世界观_方法论.md,胡适 方法论 两重性,0480_胡适_方法论_两重性.md,18.85,思想方法与世界观教育
本体论 思想方法论 根本问题,0417_本体论_思想方法论_根本问题.md,思想方法论 世界观 方法论,0416_思想方法论_世界观_方法论.md,31.67,思想方法与世界观教育
本体论 思想方法论 根本问题,0417_本体论_思想方法论_根本问题.md,艾思奇 思想方法论 世界观 方法论,0362_艾思奇_思想方法论_世界观_方法论.md,30.56,思想方法与世界观教育
本体论 思想方法论 根本问题,0417_本体论_思想方法论_根本问题.md,实践 认识论 本体论,1074_实践_认识论_本体论.md,18.12,思想方法与世界观教育
本体论 思想方法论 根本问题,0417_本体论_思想方法论_根本问题.md,弗兰克 神秘主义 本体论,1012_弗兰克_神秘主义_本体论.md,17.78,思想方法与世界观教育
本体论 思想方法论 根本问题,0417_本体论_思想方法论_根本问题.md,世界观 方法论 思想方法,1544_世界观_方法论_思想方法.md,8.93,思想方法与世界观教育
新哲学 建立 现代哲学读本,0418_新哲学_建立_现代哲学读本.md,大众哲学 新哲学,1773_大众哲学_新哲学.md,19.17,新哲学大众化运动
新哲学 建立 现代哲学读本,0418_新哲学_建立_现代哲学读本.md,大众化 新哲学,1838_大众化_新哲学.md,19.17,新哲学大众化运动
新哲学 建立 现代哲学读本,0418_新哲学_建立_现代哲学读本.md,哲学大众化 新哲学,1706_哲学大众化_新哲学.md,18.85,新哲学大众化运动
新哲学 建立 现代哲学读本,0418_新哲学_建立_现代哲学读本.md,张申府 新哲学 思想,0369_张申府_新哲学_思想.md,18.57,新哲学大众化运动
新哲学 建立 现代哲学读本,0418_新哲学_建立_现代哲学读本.md,新哲学 人生观 问题,0393_新哲学_人生观_问题.md,18.57,新哲学大众化运动
新哲学 诞生 黑格尔 费尔巴哈,0419_新哲学_诞生_黑格尔_费尔巴哈.md,德国 费尔巴哈,1774_德国_费尔巴哈.md,25.77,马克思恩格斯经典文本与哲学关系
新哲学 诞生 黑格尔 费尔巴哈,0419_新哲学_诞生_黑格尔_费尔巴哈.md,费尔巴哈 唯物主义 基本内核,0024_费尔巴哈_唯物主义_基本内核.md,23.95,马克思恩格斯经典文本与哲学关系
新哲学 诞生 黑格尔 费尔巴哈,0419_新哲学_诞生_黑格尔_费尔巴哈.md,大众哲学 新哲学,1773_大众哲学_新哲学.md,18.57,马克思恩格斯经典文本与哲学关系
新哲学 诞生 黑格尔 费尔巴哈,0419_新哲学_诞生_黑格尔_费尔巴哈.md,大众化 新哲学,1838_大众化_新哲学.md,18.57,马克思恩格斯经典文本与哲学关系
新哲学 诞生 黑格尔 费尔巴哈,0419_新哲学_诞生_黑格尔_费尔巴哈.md,哲学大众化 新哲学,1706_哲学大众化_新哲学.md,18.33,马克思恩格斯经典文本与哲学关系
德国意识形态 新哲学 确立,0420_德国意识形态_新哲学_确立.md,大众哲学 新哲学,1773_大众哲学_新哲学.md,18.85,哲学基本范畴与辩证法原理
德国意识形态 新哲学 确立,0420_德国意识形态_新哲学_确立.md,大众化 新哲学,1838_大众化_新哲学.md,18.85,哲学基本范畴与辩证法原理
德国意识形态 新哲学 确立,0420_德国意识形态_新哲学_确立.md,哲学大众化 新哲学,1706_哲学大众化_新哲学.md,18.57,哲学基本范畴与辩证法原理
德国意识形态 新哲学 确立,0420_德国意识形态_新哲学_确立.md,张申府 新哲学 思想,0369_张申府_新哲学_思想.md,18.33,哲学基本范畴与辩证法原理
德国意识形态 新哲学 确立,0420_德国意识形态_新哲学_确立.md,新哲学 人生观 问题,0393_新哲学_人生观_问题.md,18.33,哲学基本范畴与辩证法原理
新哲学 战斗 观念论辩证法,0421_新哲学_战斗_观念论辩证法.md,大众哲学 新哲学,1773_大众哲学_新哲学.md,18.85,新哲学大众化运动
新哲学 战斗 观念论辩证法,0421_新哲学_战斗_观念论辩证法.md,大众化 新哲学,1838_大众化_新哲学.md,18.85,新哲学大众化运动
新哲学 战斗 观念论辩证法,0421_新哲学_战斗_观念论辩证法.md,哲学大众化 新哲学,1706_哲学大众化_新哲学.md,18.57,新哲学大众化运动
新哲学 战斗 观念论辩证法,0421_新哲学_战斗_观念论辩证法.md,张申府 新哲学 思想,0369_张申府_新哲学_思想.md,18.33,新哲学大众化运动
新哲学 战斗 观念论辩证法,0421_新哲学_战斗_观念论辩证法.md,新哲学 人生观 问题,0393_新哲学_人生观_问题.md,18.33,新哲学大众化运动
新哲学 形而上学唯物论 批判,0422_新哲学_形而上学唯物论_批判.md,大众哲学 新哲学,1773_大众哲学_新哲学.md,18.57,新哲学大众化运动
新哲学 形而上学唯物论 批判,0422_新哲学_形而上学唯物论_批判.md,大众化 新哲学,1838_大众化_新哲学.md,18.57,新哲学大众化运动
新哲学 形而上学唯物论 批判,0422_新哲学_形而上学唯物论_批判.md,哲学大众化 新哲学,1706_哲学大众化_新哲学.md,18.33,新哲学大众化运动
新哲学 形而上学唯物论 批判,0422_新哲学_形而上学唯物论_批判.md,张申府 新哲学 思想,0369_张申府_新哲学_思想.md,18.12,新哲学大众化运动
新哲学 形而上学唯物论 批判,0422_新哲学_形而上学唯物论_批判.md,新哲学 人生观 问题,0393_新哲学_人生观_问题.md,18.12,新哲学大众化运动
新哲学 自然科学 经济学 应用,0423_新哲学_自然科学_经济学_应用.md,哲学 自然科学 科学本身就是哲学,1276_哲学_自然科学_科学本身就是哲学.md,27.35,自然科学哲学与科学方法
新哲学 自然科学 经济学 应用,0423_新哲学_自然科学_经济学_应用.md,自然科学 哲学 机械论派,1013_自然科学_哲学_机械论派.md,26.25,自然科学哲学与科学方法
新哲学 自然科学 经济学 应用,0423_新哲学_自然科学_经济学_应用.md,德国 自然科学,1786_德国_自然科学.md,25.77,自然科学哲学与科学方法
新哲学 自然科学 经济学 应用,0423_新哲学_自然科学_经济学_应用.md,自然科学 黑格尔,1779_自然科学_黑格尔.md,25.36,自然科学哲学与科学方法
新哲学 自然科学 经济学 应用,0423_新哲学_自然科学_经济学_应用.md,自然辩证法 自然科学,1667_自然辩证法_自然科学.md,25.0,自然科学哲学与科学方法
恩格斯 观念论 斗争,0424_恩格斯_观念论_斗争.md,恩格斯 资产阶级,1729_恩格斯_资产阶级.md,19.55,马克思恩格斯经典文本与哲学关系
恩格斯 观念论 斗争,0424_恩格斯_观念论_斗争.md,观念论 二元论 思想,0413_观念论_二元论_思想.md,19.17,马克思恩格斯经典文本与哲学关系
恩格斯 观念论 斗争,0424_恩格斯_观念论_斗争.md,观念论 人生观 机械论,0394_观念论_人生观_机械论.md,18.85,马克思恩格斯经典文本与哲学关系
恩格斯 观念论 斗争,0424_恩格斯_观念论_斗争.md,观念论 要点 迷信宗教,0412_观念论_要点_迷信宗教.md,18.85,马克思恩格斯经典文本与哲学关系
恩格斯 观念论 斗争,0424_恩格斯_观念论_斗争.md,马克思 恩格斯 新世界观,0025_马克思_恩格斯_新世界观.md,18.57,马克思恩格斯经典文本与哲学关系
新哲学 新阶段 任务,0425_新哲学_新阶段_任务.md,大众哲学 新哲学,1773_大众哲学_新哲学.md,23.33,新哲学大众化运动
新哲学 新阶段 任务,0425_新哲学_新阶段_任务.md,大众化 新哲学,1838_大众化_新哲学.md,20.0,新哲学大众化运动
新哲学 新阶段 任务,0425_新哲学_新阶段_任务.md,哲学大众化 新哲学,1706_哲学大众化_新哲学.md,19.55,新哲学大众化运动
新哲学 新阶段 任务,0425_新哲学_新阶段_任务.md,张申府 新哲学 思想,0369_张申府_新哲学_思想.md,19.17,新哲学大众化运动
新哲学 新阶段 任务,0425_新哲学_新阶段_任务.md,新哲学 人生观 问题,0393_新哲学_人生观_问题.md,19.17,新哲学大众化运动
新启蒙运动 中国 自觉运动,0426_新启蒙运动_中国_自觉运动.md,国难 新启蒙运动,0376_国难_新启蒙运动.md,34.09,新启蒙运动
新启蒙运动 中国 自觉运动,0426_新启蒙运动_中国_自觉运动.md,新启蒙运动 提出,0377_新启蒙运动_提出.md,34.09,新启蒙运动
新启蒙运动 中国 自觉运动,0426_新启蒙运动_中国_自觉运动.md,抗战 新启蒙运动,1871_抗战_新启蒙运动.md,34.09,新启蒙运动
新启蒙运动 中国 自觉运动,0426_新启蒙运动_中国_自觉运动.md,新启蒙运动 普及,1874_新启蒙运动_普及.md,34.09,新启蒙运动
新启蒙运动 中国 自觉运动,0426_新启蒙运动_中国_自觉运动.md,新启蒙运动 理性运动,0380_新启蒙运动_理性运动.md,33.33,新启蒙运动
什么是新启蒙运动 艾思奇,0427_什么是新启蒙运动_艾思奇.md,什么是新启蒙运动,1869_什么是新启蒙运动.md,57.5,新启蒙运动
什么是新启蒙运动 艾思奇,0427_什么是新启蒙运动_艾思奇.md,什么是新启蒙运动 张申府,1770_什么是新启蒙运动_张申府.md,53.46,新启蒙运动
什么是新启蒙运动 艾思奇,0427_什么是新启蒙运动_艾思奇.md,新启蒙运动 艾思奇,1759_新启蒙运动_艾思奇.md,32.5,新启蒙运动
什么是新启蒙运动 艾思奇,0427_什么是新启蒙运动_艾思奇.md,大众哲学 艾思奇,1769_大众哲学_艾思奇.md,18.57,新启蒙运动
什么是新启蒙运动 艾思奇,0427_什么是新启蒙运动_艾思奇.md,哲学大众化 艾思奇,1746_哲学大众化_艾思奇.md,18.33,新启蒙运动
新启蒙运动 思想自由 共同路向,0428_新启蒙运动_思想自由_共同路向.md,新启蒙运动 自由主义 文化思想,0379_新启蒙运动_自由主义_文化思想.md,33.33,新启蒙运动
新启蒙运动 思想自由 共同路向,0428_新启蒙运动_思想自由_共同路向.md,国难 新启蒙运动,0376_国难_新启蒙运动.md,32.14,新启蒙运动
新启蒙运动 思想自由 共同路向,0428_新启蒙运动_思想自由_共同路向.md,新启蒙运动 提出,0377_新启蒙运动_提出.md,32.14,新启蒙运动
新启蒙运动 思想自由 共同路向,0428_新启蒙运动_思想自由_共同路向.md,抗战 新启蒙运动,1871_抗战_新启蒙运动.md,32.14,新启蒙运动
新启蒙运动 思想自由 共同路向,0428_新启蒙运动_思想自由_共同路向.md,新启蒙运动 普及,1874_新启蒙运动_普及.md,32.14,新启蒙运动
文化在抗战中 新启蒙,0429_文化在抗战中_新启蒙.md,思想文化问题 新启蒙,0430_思想文化问题_新启蒙.md,20.77,思想论战与文化批判
文化在抗战中 新启蒙,0429_文化在抗战中_新启蒙.md,批判 再论批判 新启蒙,0431_批判_再论批判_新启蒙.md,18.85,思想论战与文化批判
文化在抗战中 新启蒙,0429_文化在抗战中_新启蒙.md,新启蒙运动 文化抗战,1616_新启蒙运动_文化抗战.md,8.33,思想论战与文化批判
文化在抗战中 新启蒙,0429_文化在抗战中_新启蒙.md,抗战 新启蒙运动,1871_抗战_新启蒙运动.md,6.82,思想论战与文化批判
文化在抗战中 新启蒙,0429_文化在抗战中_新启蒙.md,文化运动 新启蒙运动,1744_文化运动_新启蒙运动.md,6.25,思想论战与文化批判
思想文化问题 新启蒙,0430_思想文化问题_新启蒙.md,文化在抗战中 新启蒙,0429_文化在抗战中_新启蒙.md,20.77,新启蒙运动
思想文化问题 新启蒙,0430_思想文化问题_新启蒙.md,批判 再论批判 新启蒙,0431_批判_再论批判_新启蒙.md,18.85,新启蒙运动
思想文化问题 新启蒙,0430_思想文化问题_新启蒙.md,论思想文化问题 艾思奇,0432_论思想文化问题_艾思奇.md,10.42,新启蒙运动
思想文化问题 新启蒙,0430_思想文化问题_新启蒙.md,新启蒙运动 爱国主义 文化思想,0378_新启蒙运动_爱国主义_文化思想.md,6.25,新启蒙运动
思想文化问题 新启蒙,0430_思想文化问题_新启蒙.md,新启蒙运动 自由主义 文化思想,0379_新启蒙运动_自由主义_文化思想.md,6.25,新启蒙运动
批判 再论批判 新启蒙,0431_批判_再论批判_新启蒙.md,文化在抗战中 新启蒙,0429_文化在抗战中_新启蒙.md,18.85,新启蒙运动
批判 再论批判 新启蒙,0431_批判_再论批判_新启蒙.md,思想文化问题 新启蒙,0430_思想文化问题_新启蒙.md,18.85,新启蒙运动
批判 再论批判 新启蒙,0431_批判_再论批判_新启蒙.md,论新启蒙运动,1957_论新启蒙运动.md,5.0,新启蒙运动
论思想文化问题 艾思奇,0432_论思想文化问题_艾思奇.md,艾思奇 思想方法论 世界观 方法论,0362_艾思奇_思想方法论_世界观_方法论.md,19.41,艾思奇与大众哲学
论思想文化问题 艾思奇,0432_论思想文化问题_艾思奇.md,大众哲学 艾思奇,1769_大众哲学_艾思奇.md,18.85,艾思奇与大众哲学
论思想文化问题 艾思奇,0432_论思想文化问题_艾思奇.md,哲学大众化 艾思奇,1746_哲学大众化_艾思奇.md,18.57,艾思奇与大众哲学
论思想文化问题 艾思奇,0432_论思想文化问题_艾思奇.md,新启蒙运动 艾思奇,1759_新启蒙运动_艾思奇.md,18.57,艾思奇与大众哲学
论思想文化问题 艾思奇,0432_论思想文化问题_艾思奇.md,艾思奇 大众哲学 贡献,0359_艾思奇_大众哲学_贡献.md,18.33,艾思奇与大众哲学
通俗文 真义 新哲学,0433_通俗文_真义_新哲学.md,大众哲学 新哲学,1773_大众哲学_新哲学.md,20.0,新哲学大众化运动
通俗文 真义 新哲学,0433_通俗文_真义_新哲学.md,大众化 新哲学,1838_大众化_新哲学.md,20.0,新哲学大众化运动
通俗文 真义 新哲学,0433_通俗文_真义_新哲学.md,哲学大众化 新哲学,1706_哲学大众化_新哲学.md,19.55,新哲学大众化运动
通俗文 真义 新哲学,0433_通俗文_真义_新哲学.md,五四运动 新哲学 社会主义新价值观,0368_五四运动_新哲学_社会主义新价值观.md,19.17,新哲学大众化运动
通俗文 真义 新哲学,0433_通俗文_真义_新哲学.md,张申府 新哲学 思想,0369_张申府_新哲学_思想.md,19.17,新哲学大众化运动
反对主观主义 艾思奇,0434_反对主观主义_艾思奇.md,艾思奇 马克思主义哲学 大众化,0358_艾思奇_马克思主义哲学_大众化.md,19.41,艾思奇与大众哲学
反对主观主义 艾思奇,0434_反对主观主义_艾思奇.md,艾思奇 辩证唯物主义 讲课提纲,0375_艾思奇_辩证唯物主义_讲课提纲.md,19.41,艾思奇与大众哲学
反对主观主义 艾思奇,0434_反对主观主义_艾思奇.md,大众哲学 艾思奇,1769_大众哲学_艾思奇.md,19.17,艾思奇与大众哲学
反对主观主义 艾思奇,0434_反对主观主义_艾思奇.md,马克思主义哲学 哲学大众化 艾思奇,1798_马克思主义哲学_哲学大众化_艾思奇.md,19.17,艾思奇与大众哲学
反对主观主义 艾思奇,0434_反对主观主义_艾思奇.md,马克思主义哲学中国化 艾思奇 构想,1799_马克思主义哲学中国化_艾思奇_构想.md,18.95,艾思奇与大众哲学
黄包车夫 劳动 苦难,0435_黄包车夫_劳动_苦难.md,剩余价值 劳动,1625_剩余价值_劳动.md,12.27,政治经济学与资本主义批判
黄包车夫 劳动 苦难,0435_黄包车夫_劳动_苦难.md,劳动 资本主义,1710_劳动_资本主义.md,12.27,政治经济学与资本主义批判
黄包车夫 劳动 苦难,0435_黄包车夫_劳动_苦难.md,劳动 工人阶级,1767_劳动_工人阶级.md,12.27,政治经济学与资本主义批判
黄包车夫 劳动 苦难,0435_黄包车夫_劳动_苦难.md,共产主义 劳动,1782_共产主义_劳动.md,12.27,政治经济学与资本主义批判
黄包车夫 劳动 苦难,0435_黄包车夫_劳动_苦难.md,劳动 政治经济学,1709_劳动_政治经济学.md,12.08,政治经济学与资本主义批判
劳动者 尊严 胡绳,0437_劳动者_尊严_胡绳.md,民众教育 识字 劳动者,0950_民众教育_识字_劳动者.md,19.17,政治经济学与资本主义批判
劳动者 尊严 胡绳,0437_劳动者_尊严_胡绳.md,文艺与社会 胡绳,0449_文艺与社会_胡绳.md,12.27,政治经济学与资本主义批判
劳动者 尊严 胡绳,0437_劳动者_尊严_胡绳.md,新理学 批判 胡绳,0477_新理学_批判_胡绳.md,12.27,政治经济学与资本主义批判
劳动者 尊严 胡绳,0437_劳动者_尊严_胡绳.md,胡绳 哲学大众化,1634_胡绳_哲学大众化.md,12.27,政治经济学与资本主义批判
劳动者 尊严 胡绳,0437_劳动者_尊严_胡绳.md,胡绳 杂文 文艺批评,0452_胡绳_杂文_文艺批评.md,12.08,政治经济学与资本主义批判
眼镜 观察 社会丑恶,0438_眼镜_观察_社会丑恶.md,知识分子 社会主义 观察,1826_知识分子_社会主义_观察.md,13.57,大众哲学案例与社会生活
种花 革命者 未来,0439_种花_革命者_未来.md,革命者 劳苦 幸福,0953_革命者_劳苦_幸福.md,20.0,大众哲学案例与社会生活
种花 革命者 未来,0439_种花_革命者_未来.md,革命 英雄 未来 种子,0954_革命_英雄_未来_种子.md,14.55,大众哲学案例与社会生活
童稚集 早期胡绳 社会意识,0440_童稚集_早期胡绳_社会意识.md,早期胡绳 文艺思想,0451_早期胡绳_文艺思想.md,25.36,哲学基本范畴与辩证法原理
童稚集 早期胡绳 社会意识,0440_童稚集_早期胡绳_社会意识.md,李达 阶级 国家 社会意识 社会革命,0318_李达_阶级_国家_社会意识_社会革命.md,23.95,哲学基本范畴与辩证法原理
第三种人 文学 立场,0441_第三种人_文学_立场.md,批评家 读者 文学,0448_批评家_读者_文学.md,12.08,文学艺术与文艺理论
第三种人 文学 立场,0441_第三种人_文学_立场.md,文学 永久性 政治性,0446_文学_永久性_政治性.md,11.92,文学艺术与文艺理论
第三种人 文学 立场,0441_第三种人_文学_立场.md,胡绳 文学 社会批评,0453_胡绳_文学_社会批评.md,11.92,文学艺术与文艺理论
第三种人 文学 立场,0441_第三种人_文学_立场.md,文艺工作 立场 态度 任务,0483_文艺工作_立场_态度_任务.md,11.67,文学艺术与文艺理论
京派 海派 文学批评,0442_京派_海派_文学批评.md,特殊 普遍 文学批评,0447_特殊_普遍_文学批评.md,26.82,文学艺术与文艺理论
京派 海派 文学批评,0442_京派_海派_文学批评.md,作家论 文学批评 胡绳,0444_作家论_文学批评_胡绳.md,26.25,文学艺术与文艺理论
京派 海派 文学批评,0442_京派_海派_文学批评.md,忌讳学 遮羞术 文学批评,0443_忌讳学_遮羞术_文学批评.md,25.77,文学艺术与文艺理论
忌讳学 遮羞术 文学批评,0443_忌讳学_遮羞术_文学批评.md,京派 海派 文学批评,0442_京派_海派_文学批评.md,25.77,文学艺术与文艺理论
忌讳学 遮羞术 文学批评,0443_忌讳学_遮羞术_文学批评.md,特殊 普遍 文学批评,0447_特殊_普遍_文学批评.md,25.77,文学艺术与文艺理论
忌讳学 遮羞术 文学批评,0443_忌讳学_遮羞术_文学批评.md,作家论 文学批评 胡绳,0444_作家论_文学批评_胡绳.md,25.36,文学艺术与文艺理论
作家论 文学批评 胡绳,0444_作家论_文学批评_胡绳.md,京派 海派 文学批评,0442_京派_海派_文学批评.md,26.25,胡绳与马克思主义哲学通俗宣传
作家论 文学批评 胡绳,0444_作家论_文学批评_胡绳.md,特殊 普遍 文学批评,0447_特殊_普遍_文学批评.md,26.25,胡绳与马克思主义哲学通俗宣传
作家论 文学批评 胡绳,0444_作家论_文学批评_胡绳.md,忌讳学 遮羞术 文学批评,0443_忌讳学_遮羞术_文学批评.md,25.36,胡绳与马克思主义哲学通俗宣传
作家论 文学批评 胡绳,0444_作家论_文学批评_胡绳.md,胡绳 文学 社会批评,0453_胡绳_文学_社会批评.md,16.25,胡绳与马克思主义哲学通俗宣传
作家论 文学批评 胡绳,0444_作家论_文学批评_胡绳.md,新理学 批判 胡绳,0477_新理学_批判_胡绳.md,14.17,胡绳与马克思主义哲学通俗宣传
文学 永久性 政治性,0446_文学_永久性_政治性.md,文艺 永久性 政治性,0487_文艺_永久性_政治性.md,43.89,文学艺术与文艺理论
文学 永久性 政治性,0446_文学_永久性_政治性.md,哲学 学术性 政治性 张力,1015_哲学_学术性_政治性_张力.md,20.77,文学艺术与文艺理论
文学 永久性 政治性,0446_文学_永久性_政治性.md,批评家 读者 文学,0448_批评家_读者_文学.md,12.08,文学艺术与文艺理论
文学 永久性 政治性,0446_文学_永久性_政治性.md,第三种人 文学 立场,0441_第三种人_文学_立场.md,11.92,文学艺术与文艺理论
文学 永久性 政治性,0446_文学_永久性_政治性.md,胡绳 文学 社会批评,0453_胡绳_文学_社会批评.md,11.92,文学艺术与文艺理论
特殊 普遍 文学批评,0447_特殊_普遍_文学批评.md,京派 海派 文学批评,0442_京派_海派_文学批评.md,26.82,文学艺术与文艺理论
特殊 普遍 文学批评,0447_特殊_普遍_文学批评.md,作家论 文学批评 胡绳,0444_作家论_文学批评_胡绳.md,26.25,文学艺术与文艺理论
特殊 普遍 文学批评,0447_特殊_普遍_文学批评.md,忌讳学 遮羞术 文学批评,0443_忌讳学_遮羞术_文学批评.md,25.77,文学艺术与文艺理论
特殊 普遍 文学批评,0447_特殊_普遍_文学批评.md,社会主义改造 一般 特殊,0670_社会主义改造_一般_特殊.md,11.67,文学艺术与文艺理论
特殊 普遍 文学批评,0447_特殊_普遍_文学批评.md,历史发展 一般 特殊 辩证法,1247_历史发展_一般_特殊_辩证法.md,11.56,文学艺术与文艺理论
批评家 读者 文学,0448_批评家_读者_文学.md,胡绳 文学 社会批评,0453_胡绳_文学_社会批评.md,14.55,文学艺术与文艺理论
批评家 读者 文学,0448_批评家_读者_文学.md,第三种人 文学 立场,0441_第三种人_文学_立场.md,12.08,文学艺术与文艺理论
批评家 读者 文学,0448_批评家_读者_文学.md,文学 永久性 政治性,0446_文学_永久性_政治性.md,12.08,文学艺术与文艺理论
文艺与社会 胡绳,0449_文艺与社会_胡绳.md,胡绳 杂文 文艺批评,0452_胡绳_杂文_文艺批评.md,14.55,新哲学大众化运动
文艺与社会 胡绳,0449_文艺与社会_胡绳.md,胡绳 文学 社会批评,0453_胡绳_文学_社会批评.md,14.55,新哲学大众化运动
文艺与社会 胡绳,0449_文艺与社会_胡绳.md,劳动者 尊严 胡绳,0437_劳动者_尊严_胡绳.md,12.27,新哲学大众化运动
文艺与社会 胡绳,0449_文艺与社会_胡绳.md,新理学 批判 胡绳,0477_新理学_批判_胡绳.md,12.27,新哲学大众化运动
文艺与社会 胡绳,0449_文艺与社会_胡绳.md,胡绳 哲学大众化,1634_胡绳_哲学大众化.md,12.27,新哲学大众化运动
中国近代史 评介 胡绳,0450_中国近代史_评介_胡绳.md,胡绳 思想方法 中国问题讲话 实事求是,0528_胡绳_思想方法_中国问题讲话_实事求是.md,12.38,胡绳与马克思主义哲学通俗宣传
中国近代史 评介 胡绳,0450_中国近代史_评介_胡绳.md,劳动者 尊严 胡绳,0437_劳动者_尊严_胡绳.md,11.92,胡绳与马克思主义哲学通俗宣传
中国近代史 评介 胡绳,0450_中国近代史_评介_胡绳.md,文艺与社会 胡绳,0449_文艺与社会_胡绳.md,11.92,胡绳与马克思主义哲学通俗宣传
中国近代史 评介 胡绳,0450_中国近代史_评介_胡绳.md,新理学 批判 胡绳,0477_新理学_批判_胡绳.md,11.92,胡绳与马克思主义哲学通俗宣传
中国近代史 评介 胡绳,0450_中国近代史_评介_胡绳.md,胡绳 哲学大众化,1634_胡绳_哲学大众化.md,11.92,胡绳与马克思主义哲学通俗宣传
早期胡绳 文艺思想,0451_早期胡绳_文艺思想.md,胡风 文艺思想 批判,0455_胡风_文艺思想_批判.md,26.82,新哲学大众化运动
早期胡绳 文艺思想,0451_早期胡绳_文艺思想.md,童稚集 早期胡绳 社会意识,0440_童稚集_早期胡绳_社会意识.md,25.36,新哲学大众化运动
胡绳 杂文 文艺批评,0452_胡绳_杂文_文艺批评.md,文艺与社会 胡绳,0449_文艺与社会_胡绳.md,14.55,文学艺术与文艺理论
胡绳 杂文 文艺批评,0452_胡绳_杂文_文艺批评.md,胡绳 文学 社会批评,0453_胡绳_文学_社会批评.md,14.17,文学艺术与文艺理论
胡绳 杂文 文艺批评,0452_胡绳_杂文_文艺批评.md,作家论 文学批评 胡绳,0444_作家论_文学批评_胡绳.md,13.85,文学艺术与文艺理论
胡绳 杂文 文艺批评,0452_胡绳_杂文_文艺批评.md,劳动者 尊严 胡绳,0437_劳动者_尊严_胡绳.md,12.08,文学艺术与文艺理论
胡绳 杂文 文艺批评,0452_胡绳_杂文_文艺批评.md,新理学 批判 胡绳,0477_新理学_批判_胡绳.md,12.08,文学艺术与文艺理论
胡绳 文学 社会批评,0453_胡绳_文学_社会批评.md,作家论 文学批评 胡绳,0444_作家论_文学批评_胡绳.md,16.25,胡绳与马克思主义哲学通俗宣传
胡绳 文学 社会批评,0453_胡绳_文学_社会批评.md,批评家 读者 文学,0448_批评家_读者_文学.md,14.55,胡绳与马克思主义哲学通俗宣传
胡绳 文学 社会批评,0453_胡绳_文学_社会批评.md,文艺与社会 胡绳,0449_文艺与社会_胡绳.md,14.55,胡绳与马克思主义哲学通俗宣传
胡绳 文学 社会批评,0453_胡绳_文学_社会批评.md,胡绳 杂文 文艺批评,0452_胡绳_杂文_文艺批评.md,14.17,胡绳与马克思主义哲学通俗宣传
胡绳 文学 社会批评,0453_胡绳_文学_社会批评.md,劳动者 尊严 胡绳,0437_劳动者_尊严_胡绳.md,12.08,胡绳与马克思主义哲学通俗宣传
胡适 实用主义 批判,0454_胡适_实用主义_批判.md,瞿秋白 胡适 实用主义 批判,0465_瞿秋白_胡适_实用主义_批判.md,47.5,胡适实验主义与马克思主义批判
胡适 实用主义 批判,0454_胡适_实用主义_批判.md,胡适 实用主义 布尔乔亚,0469_胡适_实用主义_布尔乔亚.md,41.36,胡适实验主义与马克思主义批判
胡适 实用主义 批判,0454_胡适_实用主义_批判.md,胡适 实用主义 思想方法,0471_胡适_实用主义_思想方法.md,41.36,胡适实验主义与马克思主义批判
胡适 实用主义 批判,0454_胡适_实用主义_批判.md,胡适 尊重事实 实用主义,0474_胡适_尊重事实_实用主义.md,38.33,胡适实验主义与马克思主义批判
胡适 实用主义 批判,0454_胡适_实用主义_批判.md,马赫主义 实用主义 新实在论 逻辑实证论,1510_马赫主义_实用主义_新实在论_逻辑实证论.md,23.95,胡适实验主义与马克思主义批判
胡风 文艺思想 批判,0455_胡风_文艺思想_批判.md,早期胡绳 文艺思想,0451_早期胡绳_文艺思想.md,26.82,文学艺术与文艺理论
胡绳 马克思主义哲学 通俗宣传,0456_胡绳_马克思主义哲学_通俗宣传.md,陈唯实 马克思主义哲学 通俗宣传,0294_陈唯实_马克思主义哲学_通俗宣传.md,71.67,胡绳与马克思主义哲学通俗宣传
胡绳 马克思主义哲学 通俗宣传,0456_胡绳_马克思主义哲学_通俗宣传.md,高语罕 马克思主义哲学 通俗宣传,1194_高语罕_马克思主义哲学_通俗宣传.md,71.67,胡绳与马克思主义哲学通俗宣传
胡绳 马克思主义哲学 通俗宣传,0456_胡绳_马克思主义哲学_通俗宣传.md,马克思主义哲学 通俗宣传 贡献评价,1198_马克思主义哲学_通俗宣传_贡献评价.md,70.62,胡绳与马克思主义哲学通俗宣传
胡绳 马克思主义哲学 通俗宣传,0456_胡绳_马克思主义哲学_通俗宣传.md,通俗宣传 马克思主义哲学 社会基础,1202_通俗宣传_马克思主义哲学_社会基础.md,68.24,胡绳与马克思主义哲学通俗宣传
胡绳 马克思主义哲学 通俗宣传,0456_胡绳_马克思主义哲学_通俗宣传.md,马克思主义哲学 大众化 胡绳,1814_马克思主义哲学_大众化_胡绳.md,55.94,胡绳与马克思主义哲学通俗宣传
胡绳 哲学漫谈 追求真理,0457_胡绳_哲学漫谈_追求真理.md,胡绳 哲学大众化,1634_胡绳_哲学大众化.md,16.25,胡绳与马克思主义哲学通俗宣传
胡绳 哲学漫谈 追求真理,0457_胡绳_哲学漫谈_追求真理.md,马克思主义哲学 大众化 胡绳,1814_马克思主义哲学_大众化_胡绳.md,12.78,胡绳与马克思主义哲学通俗宣传
胡绳 哲学漫谈 追求真理,0457_胡绳_哲学漫谈_追求真理.md,胡绳 新哲学的人生观 青年生活,0364_胡绳_新哲学的人生观_青年生活.md,12.63,胡绳与马克思主义哲学通俗宣传
胡绳 哲学漫谈 追求真理,0457_胡绳_哲学漫谈_追求真理.md,胡绳 马克思主义哲学 通俗宣传,0456_胡绳_马克思主义哲学_通俗宣传.md,12.63,胡绳与马克思主义哲学通俗宣传
胡绳 哲学漫谈 追求真理,0457_胡绳_哲学漫谈_追求真理.md,劳动者 尊严 胡绳,0437_劳动者_尊严_胡绳.md,11.79,胡绳与马克思主义哲学通俗宣传
胡绳 辩证法唯物论入门 工人农人,0458_胡绳_辩证法唯物论入门_工人农人.md,劳动者 尊严 胡绳,0437_劳动者_尊严_胡绳.md,11.39,胡绳与马克思主义哲学通俗宣传
胡绳 辩证法唯物论入门 工人农人,0458_胡绳_辩证法唯物论入门_工人农人.md,文艺与社会 胡绳,0449_文艺与社会_胡绳.md,11.39,胡绳与马克思主义哲学通俗宣传
胡绳 辩证法唯物论入门 工人农人,0458_胡绳_辩证法唯物论入门_工人农人.md,新理学 批判 胡绳,0477_新理学_批判_胡绳.md,11.39,胡绳与马克思主义哲学通俗宣传
胡绳 辩证法唯物论入门 工人农人,0458_胡绳_辩证法唯物论入门_工人农人.md,胡绳 哲学大众化,1634_胡绳_哲学大众化.md,11.39,胡绳与马克思主义哲学通俗宣传
胡绳 辩证法唯物论入门 工人农人,0458_胡绳_辩证法唯物论入门_工人农人.md,胡绳 杂文 文艺批评,0452_胡绳_杂文_文艺批评.md,11.32,胡绳与马克思主义哲学通俗宣传
胡适派 唯心主义 批判,0459_胡适派_唯心主义_批判.md,天才论 唯心主义 批判,1372_天才论_唯心主义_批判.md,31.36,五四新文化与马克思主义早期传播
胡适派 唯心主义 批判,0459_胡适派_唯心主义_批判.md,唯心主义 唯物主义,1721_唯心主义_唯物主义.md,26.82,五四新文化与马克思主义早期传播
胡适派 唯心主义 批判,0459_胡适派_唯心主义_批判.md,唯心主义 黑格尔,1724_唯心主义_黑格尔.md,26.82,五四新文化与马克思主义早期传播
胡适派 唯心主义 批判,0459_胡适派_唯心主义_批判.md,唯心主义 马赫主义,1728_唯心主义_马赫主义.md,26.82,五四新文化与马克思主义早期传播
胡适派 唯心主义 批判,0459_胡适派_唯心主义_批判.md,唯心主义 辩证法,1745_唯心主义_辩证法.md,26.82,五四新文化与马克思主义早期传播
胡适 往西走 自由主义,0460_胡适_往西走_自由主义.md,自由主义 保守主义 马克思主义 三派,0181_自由主义_保守主义_马克思主义_三派.md,24.41,五四新文化与马克思主义早期传播
胡适 往西走 自由主义,0460_胡适_往西走_自由主义.md,新启蒙运动 自由主义 文化思想,0379_新启蒙运动_自由主义_文化思想.md,24.41,五四新文化与马克思主义早期传播
胡适 往西走 自由主义,0460_胡适_往西走_自由主义.md,胡适 实用主义 批判,0454_胡适_实用主义_批判.md,13.85,五四新文化与马克思主义早期传播
胡适 往西走 自由主义,0460_胡适_往西走_自由主义.md,胡适 自然主义 人生观,0462_胡适_自然主义_人生观.md,13.57,五四新文化与马克思主义早期传播
胡适 往西走 自由主义,0460_胡适_往西走_自由主义.md,胡适 实用主义 布尔乔亚,0469_胡适_实用主义_布尔乔亚.md,13.33,五四新文化与马克思主义早期传播
丁文江 胡适 吴稚晖 科学派,0461_丁文江_胡适_吴稚晖_科学派.md,丁文江 科学 智识论,0204_丁文江_科学_智识论.md,20.36,科学与人生观论战
丁文江 胡适 吴稚晖 科学派,0461_丁文江_胡适_吴稚晖_科学派.md,丁文江 科学方法 人生观,0202_丁文江_科学方法_人生观.md,19.69,科学与人生观论战
丁文江 胡适 吴稚晖 科学派,0461_丁文江_胡适_吴稚晖_科学派.md,丁文江 科学精神 处世立身,0203_丁文江_科学精神_处世立身.md,19.41,科学与人生观论战
丁文江 胡适 吴稚晖 科学派,0461_丁文江_胡适_吴稚晖_科学派.md,科学与人生观 张君劢 丁文江,1696_科学与人生观_张君劢_丁文江.md,19.17,科学与人生观论战
丁文江 胡适 吴稚晖 科学派,0461_丁文江_胡适_吴稚晖_科学派.md,吴稚晖 宇宙观 人生观,0209_吴稚晖_宇宙观_人生观.md,18.12,科学与人生观论战
胡适 自然主义 人生观,0462_胡适_自然主义_人生观.md,胡适 人欲横流 人生观,0464_胡适_人欲横流_人生观.md,30.77,新哲学大众化运动
胡适 自然主义 人生观,0462_胡适_自然主义_人生观.md,科学主义 人生观 局限,0212_科学主义_人生观_局限.md,23.33,新哲学大众化运动
胡适 自然主义 人生观,0462_胡适_自然主义_人生观.md,功利主义 人生观 玄学,0220_功利主义_人生观_玄学.md,23.33,新哲学大众化运动
胡适 自然主义 人生观,0462_胡适_自然主义_人生观.md,自然科学 人生观 影响,0210_自然科学_人生观_影响.md,20.77,新哲学大众化运动
胡适 自然主义 人生观,0462_胡适_自然主义_人生观.md,人生观 科学 分家,0189_人生观_科学_分家.md,19.17,新哲学大众化运动
胡适 漆黑一团 宇宙观,0463_胡适_漆黑一团_宇宙观.md,吴稚晖 宇宙观 人生观,0209_吴稚晖_宇宙观_人生观.md,18.57,五四新文化与马克思主义早期传播
胡适 漆黑一团 宇宙观,0463_胡适_漆黑一团_宇宙观.md,胡适 方法论 评议,0479_胡适_方法论_评议.md,11.92,五四新文化与马克思主义早期传播
胡适 漆黑一团 宇宙观,0463_胡适_漆黑一团_宇宙观.md,胡适 实用主义 批判,0454_胡适_实用主义_批判.md,11.79,五四新文化与马克思主义早期传播
胡适 漆黑一团 宇宙观,0463_胡适_漆黑一团_宇宙观.md,胡适 方法论 两重性,0480_胡适_方法论_两重性.md,11.79,五四新文化与马克思主义早期传播
胡适 漆黑一团 宇宙观,0463_胡适_漆黑一团_宇宙观.md,胡适 往西走 自由主义,0460_胡适_往西走_自由主义.md,11.67,五四新文化与马克思主义早期传播
胡适 人欲横流 人生观,0464_胡适_人欲横流_人生观.md,胡适 自然主义 人生观,0462_胡适_自然主义_人生观.md,30.77,新哲学大众化运动
胡适 人欲横流 人生观,0464_胡适_人欲横流_人生观.md,人生观 科学 分家,0189_人生观_科学_分家.md,19.17,新哲学大众化运动
胡适 人欲横流 人生观,0464_胡适_人欲横流_人生观.md,人生观 哲学 生活,0234_人生观_哲学_生活.md,19.17,新哲学大众化运动
胡适 人欲横流 人生观,0464_胡适_人欲横流_人生观.md,哲学 生活 人生观,0235_哲学_生活_人生观.md,19.17,新哲学大众化运动
胡适 人欲横流 人生观,0464_胡适_人欲横流_人生观.md,悲观 乐观 人生观,0237_悲观_乐观_人生观.md,19.17,新哲学大众化运动
瞿秋白 胡适 实用主义 批判,0465_瞿秋白_胡适_实用主义_批判.md,胡适 实用主义 批判,0454_胡适_实用主义_批判.md,47.5,胡适实验主义与马克思主义批判
瞿秋白 胡适 实用主义 批判,0465_瞿秋白_胡适_实用主义_批判.md,胡适 实用主义 布尔乔亚,0469_胡适_实用主义_布尔乔亚.md,38.93,胡适实验主义与马克思主义批判
瞿秋白 胡适 实用主义 批判,0465_瞿秋白_胡适_实用主义_批判.md,胡适 实用主义 思想方法,0471_胡适_实用主义_思想方法.md,38.93,胡适实验主义与马克思主义批判
瞿秋白 胡适 实用主义 批判,0465_瞿秋白_胡适_实用主义_批判.md,胡适 尊重事实 实用主义,0474_胡适_尊重事实_实用主义.md,36.67,胡适实验主义与马克思主义批判
瞿秋白 胡适 实用主义 批判,0465_瞿秋白_胡适_实用主义_批判.md,马赫主义 实用主义 新实在论 逻辑实证论,1510_马赫主义_实用主义_新实在论_逻辑实证论.md,23.41,胡适实验主义与马克思主义批判
朱光潜 给青年的十二封信 青年烦闷,0466_朱光潜_给青年的十二封信_青年烦闷.md,青年烦闷 社会原因 小所有者,0468_青年烦闷_社会原因_小所有者.md,23.57,青年教育与人生观
朱光潜 给青年的十二封信 青年烦闷,0466_朱光潜_给青年的十二封信_青年烦闷.md,朱光潜 温情主义 玩世逃世,0467_朱光潜_温情主义_玩世逃世.md,17.38,青年教育与人生观
朱光潜 温情主义 玩世逃世,0467_朱光潜_温情主义_玩世逃世.md,朱光潜 给青年的十二封信 青年烦闷,0466_朱光潜_给青年的十二封信_青年烦闷.md,17.38,大众哲学案例与社会生活
青年烦闷 社会原因 小所有者,0468_青年烦闷_社会原因_小所有者.md,小所有者 个人主义 象牙之塔,1442_小所有者_个人主义_象牙之塔.md,23.95,哲学基本范畴与辩证法原理
青年烦闷 社会原因 小所有者,0468_青年烦闷_社会原因_小所有者.md,朱光潜 给青年的十二封信 青年烦闷,0466_朱光潜_给青年的十二封信_青年烦闷.md,23.57,哲学基本范畴与辩证法原理
胡适 实用主义 布尔乔亚,0469_胡适_实用主义_布尔乔亚.md,胡适 实用主义 批判,0454_胡适_实用主义_批判.md,41.36,胡适实验主义与马克思主义批判
胡适 实用主义 布尔乔亚,0469_胡适_实用主义_布尔乔亚.md,胡适 实用主义 思想方法,0471_胡适_实用主义_思想方法.md,39.62,胡适实验主义与马克思主义批判
胡适 实用主义 布尔乔亚,0469_胡适_实用主义_布尔乔亚.md,瞿秋白 胡适 实用主义 批判,0465_瞿秋白_胡适_实用主义_批判.md,38.93,胡适实验主义与马克思主义批判
胡适 实用主义 布尔乔亚,0469_胡适_实用主义_布尔乔亚.md,胡适 西方文明 布尔乔亚,0472_胡适_西方文明_布尔乔亚.md,37.14,胡适实验主义与马克思主义批判
胡适 实用主义 布尔乔亚,0469_胡适_实用主义_布尔乔亚.md,胡适 尊重事实 实用主义,0474_胡适_尊重事实_实用主义.md,37.14,胡适实验主义与马克思主义批判
胡适 多说问题 少说主义,0470_胡适_多说问题_少说主义.md,胡适 实用主义 批判,0454_胡适_实用主义_批判.md,13.57,问题与主义之争
胡适 多说问题 少说主义,0470_胡适_多说问题_少说主义.md,胡适 往西走 自由主义,0460_胡适_往西走_自由主义.md,13.33,问题与主义之争
胡适 多说问题 少说主义,0470_胡适_多说问题_少说主义.md,胡适 自然主义 人生观,0462_胡适_自然主义_人生观.md,13.33,问题与主义之争
胡适 多说问题 少说主义,0470_胡适_多说问题_少说主义.md,胡适 实用主义 布尔乔亚,0469_胡适_实用主义_布尔乔亚.md,13.12,问题与主义之争
胡适 多说问题 少说主义,0470_胡适_多说问题_少说主义.md,胡适 实用主义 思想方法,0471_胡适_实用主义_思想方法.md,13.12,问题与主义之争
胡适 实用主义 思想方法,0471_胡适_实用主义_思想方法.md,胡适 实用主义 批判,0454_胡适_实用主义_批判.md,41.36,胡适实验主义与马克思主义批判
胡适 实用主义 思想方法,0471_胡适_实用主义_思想方法.md,胡适 实用主义 布尔乔亚,0469_胡适_实用主义_布尔乔亚.md,39.62,胡适实验主义与马克思主义批判
胡适 实用主义 思想方法,0471_胡适_实用主义_思想方法.md,瞿秋白 胡适 实用主义 批判,0465_瞿秋白_胡适_实用主义_批判.md,38.93,胡适实验主义与马克思主义批判
胡适 实用主义 思想方法,0471_胡适_实用主义_思想方法.md,胡适 尊重事实 实用主义,0474_胡适_尊重事实_实用主义.md,37.14,胡适实验主义与马克思主义批判
胡适 实用主义 思想方法,0471_胡适_实用主义_思想方法.md,思想方法 工作方法 哲学,1213_思想方法_工作方法_哲学.md,25.36,胡适实验主义与马克思主义批判
胡适 西方文明 布尔乔亚,0472_胡适_西方文明_布尔乔亚.md,胡适 实用主义 布尔乔亚,0469_胡适_实用主义_布尔乔亚.md,37.14,五四新文化与马克思主义早期传播
胡适 西方文明 布尔乔亚,0472_胡适_西方文明_布尔乔亚.md,改良主义 西方文明 挑战,1390_改良主义_西方文明_挑战.md,25.0,五四新文化与马克思主义早期传播
胡适 西方文明 布尔乔亚,0472_胡适_西方文明_布尔乔亚.md,五四运动 布尔乔亚 思想代表,0229_五四运动_布尔乔亚_思想代表.md,24.41,五四新文化与马克思主义早期传播
胡适 西方文明 布尔乔亚,0472_胡适_西方文明_布尔乔亚.md,胡适 西化 梁漱溟 中体西用,0481_胡适_西化_梁漱溟_中体西用.md,12.94,五四新文化与马克思主义早期传播
胡适 西方文明 布尔乔亚,0472_胡适_西方文明_布尔乔亚.md,胡适 方法论 评议,0479_胡适_方法论_评议.md,11.79,五四新文化与马克思主义早期传播
胡适 封建主义 抽象名词,0473_胡适_封建主义_抽象名词.md,封建主义 人民大众 矛盾,1502_封建主义_人民大众_矛盾.md,25.0,五四新文化与马克思主义早期传播
胡适 封建主义 抽象名词,0473_胡适_封建主义_抽象名词.md,胡适 实用主义 批判,0454_胡适_实用主义_批判.md,13.57,五四新文化与马克思主义早期传播
胡适 封建主义 抽象名词,0473_胡适_封建主义_抽象名词.md,胡适 往西走 自由主义,0460_胡适_往西走_自由主义.md,13.33,五四新文化与马克思主义早期传播
胡适 封建主义 抽象名词,0473_胡适_封建主义_抽象名词.md,胡适 自然主义 人生观,0462_胡适_自然主义_人生观.md,13.33,五四新文化与马克思主义早期传播
胡适 封建主义 抽象名词,0473_胡适_封建主义_抽象名词.md,胡适 实用主义 布尔乔亚,0469_胡适_实用主义_布尔乔亚.md,13.12,五四新文化与马克思主义早期传播
胡适 尊重事实 实用主义,0474_胡适_尊重事实_实用主义.md,胡适 实用主义 批判,0454_胡适_实用主义_批判.md,38.33,胡适实验主义与马克思主义批判
胡适 尊重事实 实用主义,0474_胡适_尊重事实_实用主义.md,胡适 实用主义 布尔乔亚,0469_胡适_实用主义_布尔乔亚.md,37.14,胡适实验主义与马克思主义批判
胡适 尊重事实 实用主义,0474_胡适_尊重事实_实用主义.md,胡适 实用主义 思想方法,0471_胡适_实用主义_思想方法.md,37.14,胡适实验主义与马克思主义批判
胡适 尊重事实 实用主义,0474_胡适_尊重事实_实用主义.md,瞿秋白 胡适 实用主义 批判,0465_瞿秋白_胡适_实用主义_批判.md,36.67,胡适实验主义与马克思主义批判
胡适 尊重事实 实用主义,0474_胡适_尊重事实_实用主义.md,马赫主义 实用主义 新实在论 逻辑实证论,1510_马赫主义_实用主义_新实在论_逻辑实证论.md,23.57,胡适实验主义与马克思主义批判
胡适 理性主义 自然科学,0475_胡适_理性主义_自然科学.md,战斗唯物主义 自然科学 联盟,0887_战斗唯物主义_自然科学_联盟.md,28.33,自然科学哲学与科学方法
胡适 理性主义 自然科学,0475_胡适_理性主义_自然科学.md,德国 自然科学,1786_德国_自然科学.md,26.82,自然科学哲学与科学方法
胡适 理性主义 自然科学,0475_胡适_理性主义_自然科学.md,自然科学 黑格尔,1779_自然科学_黑格尔.md,26.25,自然科学哲学与科学方法
胡适 理性主义 自然科学,0475_胡适_理性主义_自然科学.md,自然辩证法 自然科学,1667_自然辩证法_自然科学.md,25.77,自然科学哲学与科学方法
胡适 理性主义 自然科学,0475_胡适_理性主义_自然科学.md,自然科学 人生观 影响,0210_自然科学_人生观_影响.md,25.36,自然科学哲学与科学方法
冯友兰 新世训 批评,0476_冯友兰_新世训_批评.md,冯友兰 新理学,1605_冯友兰_新理学.md,23.33,中国哲学传统与现代转型
冯友兰 新世训 批评,0476_冯友兰_新世训_批评.md,新世训,1912_新世训.md,22.14,中国哲学传统与现代转型
冯友兰 新世训 批评,0476_冯友兰_新世训_批评.md,冯友兰 新理学 批判,1640_冯友兰_新理学_批判.md,21.82,中国哲学传统与现代转型
冯友兰 新世训 批评,0476_冯友兰_新世训_批评.md,事物 冯友兰,1711_事物_冯友兰.md,20.56,中国哲学传统与现代转型
冯友兰 新世训 批评,0476_冯友兰_新世训_批评.md,冯友兰 新理学 马克思主义哲学,0763_冯友兰_新理学_马克思主义哲学.md,19.69,中国哲学传统与现代转型
新理学 批判 胡绳,0477_新理学_批判_胡绳.md,冯友兰 新理学 批判,1640_冯友兰_新理学_批判.md,26.11,新理学批判
新理学 批判 胡绳,0477_新理学_批判_胡绳.md,新理学,1908_新理学.md,23.33,新理学批判
新理学 批判 胡绳,0477_新理学_批判_胡绳.md,冯友兰 新理学,1605_冯友兰_新理学.md,20.56,新理学批判
新理学 批判 胡绳,0477_新理学_批判_胡绳.md,新理学 马克思主义者,1708_新理学_马克思主义者.md,19.17,新理学批判
新理学 批判 胡绳,0477_新理学_批判_胡绳.md,冯友兰 新理学 马克思主义哲学,0763_冯友兰_新理学_马克思主义哲学.md,18.12,新理学批判
文化运动 哲学 科学 文艺,0478_文化运动_哲学_科学_文艺.md,文化运动 新启蒙运动,1744_文化运动_新启蒙运动.md,25.77,自然科学哲学与科学方法
文化运动 哲学 科学 文艺,0478_文化运动_哲学_科学_文艺.md,文化运动 思想界 两年来,0948_文化运动_思想界_两年来.md,25.0,自然科学哲学与科学方法
文化运动 哲学 科学 文艺,0478_文化运动_哲学_科学_文艺.md,文艺 抗战 现实 反映,0482_文艺_抗战_现实_反映.md,11.67,自然科学哲学与科学方法
文化运动 哲学 科学 文艺,0478_文化运动_哲学_科学_文艺.md,群众 精神食粮 文艺,0485_群众_精神食粮_文艺.md,11.67,自然科学哲学与科学方法
文化运动 哲学 科学 文艺,0478_文化运动_哲学_科学_文艺.md,文艺 永久性 政治性,0487_文艺_永久性_政治性.md,11.67,自然科学哲学与科学方法
胡适 方法论 评议,0479_胡适_方法论_评议.md,胡适 方法论 两重性,0480_胡适_方法论_两重性.md,36.11,思想方法与世界观教育
胡适 方法论 评议,0479_胡适_方法论_评议.md,思想方法论 世界观 方法论,0416_思想方法论_世界观_方法论.md,19.17,思想方法与世界观教育
胡适 方法论 评议,0479_胡适_方法论_评议.md,世界观 方法论 思想方法,1544_世界观_方法论_思想方法.md,19.17,思想方法与世界观教育
胡适 方法论 评议,0479_胡适_方法论_评议.md,康有为 以智为先 方法论,0247_康有为_以智为先_方法论.md,18.85,思想方法与世界观教育
胡适 方法论 评议,0479_胡适_方法论_评议.md,中国哲学史 方法论 讨论,0757_中国哲学史_方法论_讨论.md,18.85,思想方法与世界观教育
胡适 方法论 两重性,0480_胡适_方法论_两重性.md,胡适 方法论 评议,0479_胡适_方法论_评议.md,36.11,思想方法与世界观教育
胡适 方法论 两重性,0480_胡适_方法论_两重性.md,思想方法论 世界观 方法论,0416_思想方法论_世界观_方法论.md,18.85,思想方法与世界观教育
胡适 方法论 两重性,0480_胡适_方法论_两重性.md,世界观 方法论 思想方法,1544_世界观_方法论_思想方法.md,18.85,思想方法与世界观教育
胡适 方法论 两重性,0480_胡适_方法论_两重性.md,康有为 以智为先 方法论,0247_康有为_以智为先_方法论.md,18.57,思想方法与世界观教育
胡适 方法论 两重性,0480_胡适_方法论_两重性.md,中国哲学史 方法论 讨论,0757_中国哲学史_方法论_讨论.md,18.57,思想方法与世界观教育
胡适 西化 梁漱溟 中体西用,0481_胡适_西化_梁漱溟_中体西用.md,西学东渐 中体西用,0687_西学东渐_中体西用.md,25.36,五四新文化与马克思主义早期传播
胡适 西化 梁漱溟 中体西用,0481_胡适_西化_梁漱溟_中体西用.md,中体西用 西学 挑战,0688_中体西用_西学_挑战.md,25.36,五四新文化与马克思主义早期传播
胡适 西化 梁漱溟 中体西用,0481_胡适_西化_梁漱溟_中体西用.md,梁漱溟 东方文化 保守主义,0183_梁漱溟_东方文化_保守主义.md,17.78,五四新文化与马克思主义早期传播
胡适 西化 梁漱溟 中体西用,0481_胡适_西化_梁漱溟_中体西用.md,胡适 西方文明 布尔乔亚,0472_胡适_西方文明_布尔乔亚.md,12.94,五四新文化与马克思主义早期传播
胡适 西化 梁漱溟 中体西用,0481_胡适_西化_梁漱溟_中体西用.md,胡适 方法论 评议,0479_胡适_方法论_评议.md,11.67,五四新文化与马克思主义早期传播
文艺 抗战 现实 反映,0482_文艺_抗战_现实_反映.md,抗战 哲学 现实 任务,1582_抗战_哲学_现实_任务.md,14.17,文学艺术与文艺理论
文艺 抗战 现实 反映,0482_文艺_抗战_现实_反映.md,抗战 新启蒙运动,1871_抗战_新启蒙运动.md,12.08,文学艺术与文艺理论
文艺 抗战 现实 反映,0482_文艺_抗战_现实_反映.md,群众 精神食粮 文艺,0485_群众_精神食粮_文艺.md,11.92,文学艺术与文艺理论
文艺 抗战 现实 反映,0482_文艺_抗战_现实_反映.md,文艺 永久性 政治性,0487_文艺_永久性_政治性.md,11.92,文学艺术与文艺理论
文艺 抗战 现实 反映,0482_文艺_抗战_现实_反映.md,唯物论 认识论 反映,1537_唯物论_认识论_反映.md,11.92,文学艺术与文艺理论
文艺工作 立场 态度 任务,0483_文艺工作_立场_态度_任务.md,非常时 宗教 态度,1586_非常时_宗教_态度.md,11.79,文学艺术与文艺理论
文艺工作 立场 态度 任务,0483_文艺工作_立场_态度_任务.md,第三种人 文学 立场,0441_第三种人_文学_立场.md,11.67,文学艺术与文艺理论
文艺工作 立场 态度 任务,0483_文艺工作_立场_态度_任务.md,存疑学者 态度 科学,1412_存疑学者_态度_科学.md,11.67,文学艺术与文艺理论
文艺工作 立场 态度 任务,0483_文艺工作_立场_态度_任务.md,文艺工作者 前方 群众,0484_文艺工作者_前方_群众.md,5.36,文学艺术与文艺理论
文艺工作者 前方 群众,0484_文艺工作者_前方_群众.md,文艺工作 立场 态度 任务,0483_文艺工作_立场_态度_任务.md,5.36,文学艺术与文艺理论
群众 精神食粮 文艺,0485_群众_精神食粮_文艺.md,文艺 抗战 现实 反映,0482_文艺_抗战_现实_反映.md,11.92,文学艺术与文艺理论
群众 精神食粮 文艺,0485_群众_精神食粮_文艺.md,文艺 永久性 政治性,0487_文艺_永久性_政治性.md,11.92,文学艺术与文艺理论
群众 精神食粮 文艺,0485_群众_精神食粮_文艺.md,文艺 新方向 春节宣传,0486_文艺_新方向_春节宣传.md,11.79,文学艺术与文艺理论
群众 精神食粮 文艺,0485_群众_精神食粮_文艺.md,文化运动 哲学 科学 文艺,0478_文化运动_哲学_科学_文艺.md,11.67,文学艺术与文艺理论
文艺 新方向 春节宣传,0486_文艺_新方向_春节宣传.md,文艺 抗战 现实 反映,0482_文艺_抗战_现实_反映.md,11.79,文学艺术与文艺理论
文艺 新方向 春节宣传,0486_文艺_新方向_春节宣传.md,群众 精神食粮 文艺,0485_群众_精神食粮_文艺.md,11.79,文学艺术与文艺理论
文艺 新方向 春节宣传,0486_文艺_新方向_春节宣传.md,文艺 永久性 政治性,0487_文艺_永久性_政治性.md,11.79,文学艺术与文艺理论
文艺 新方向 春节宣传,0486_文艺_新方向_春节宣传.md,文化运动 哲学 科学 文艺,0478_文化运动_哲学_科学_文艺.md,11.56,文学艺术与文艺理论
文艺 永久性 政治性,0487_文艺_永久性_政治性.md,文学 永久性 政治性,0446_文学_永久性_政治性.md,43.89,文学艺术与文艺理论
文艺 永久性 政治性,0487_文艺_永久性_政治性.md,哲学 学术性 政治性 张力,1015_哲学_学术性_政治性_张力.md,20.77,文学艺术与文艺理论
文艺 永久性 政治性,0487_文艺_永久性_政治性.md,文艺 抗战 现实 反映,0482_文艺_抗战_现实_反映.md,11.92,文学艺术与文艺理论
文艺 永久性 政治性,0487_文艺_永久性_政治性.md,群众 精神食粮 文艺,0485_群众_精神食粮_文艺.md,11.92,文学艺术与文艺理论
文艺 永久性 政治性,0487_文艺_永久性_政治性.md,文艺 新方向 春节宣传,0486_文艺_新方向_春节宣传.md,11.79,文学艺术与文艺理论
论文学 素材 题材 主题,0488_论文学_素材_题材_主题.md,马克思主义中国化 主题 时代任务,1108_马克思主义中国化_主题_时代任务.md,11.25,文学艺术与文艺理论
论文学 素材 题材 主题,0488_论文学_素材_题材_主题.md,救亡图存 马克思主义中国化 主题,1109_救亡图存_马克思主义中国化_主题.md,11.25,文学艺术与文艺理论
论文学 素材 题材 主题,0488_论文学_素材_题材_主题.md,新民主主义革命 马克思主义中国化 主题,0502_新民主主义革命_马克思主义中国化_主题.md,11.14,文学艺术与文艺理论
论文学 素材 题材 主题,0488_论文学_素材_题材_主题.md,民主革命时期 马克思主义中国化 主题,1105_民主革命时期_马克思主义中国化_主题.md,11.14,文学艺术与文艺理论
毛泽东思想 理论成果,0489_毛泽东思想_理论成果.md,毛泽东思想 要义 精髓,0490_毛泽东思想_要义_精髓.md,33.33,中国化的马克思主义与毛泽东思想
毛泽东思想 理论成果,0489_毛泽东思想_理论成果.md,群众路线 毛泽东思想,0492_群众路线_毛泽东思想.md,33.33,中国化的马克思主义与毛泽东思想
毛泽东思想 理论成果,0489_毛泽东思想_理论成果.md,独立自主 毛泽东思想,0493_独立自主_毛泽东思想.md,33.33,中国化的马克思主义与毛泽东思想
毛泽东思想 理论成果,0489_毛泽东思想_理论成果.md,中共七大 毛泽东思想,0523_中共七大_毛泽东思想.md,33.33,中国化的马克思主义与毛泽东思想
毛泽东思想 理论成果,0489_毛泽东思想_理论成果.md,毛泽东思想 活的灵魂,0613_毛泽东思想_活的灵魂.md,33.33,中国化的马克思主义与毛泽东思想
毛泽东思想 要义 精髓,0490_毛泽东思想_要义_精髓.md,实事求是 毛泽东思想 精髓,0491_实事求是_毛泽东思想_精髓.md,44.62,中国化的马克思主义与毛泽东思想
毛泽东思想 要义 精髓,0490_毛泽东思想_要义_精髓.md,毛泽东思想 理论成果,0489_毛泽东思想_理论成果.md,33.33,中国化的马克思主义与毛泽东思想
毛泽东思想 要义 精髓,0490_毛泽东思想_要义_精髓.md,群众路线 毛泽东思想,0492_群众路线_毛泽东思想.md,33.33,中国化的马克思主义与毛泽东思想
毛泽东思想 要义 精髓,0490_毛泽东思想_要义_精髓.md,独立自主 毛泽东思想,0493_独立自主_毛泽东思想.md,33.33,中国化的马克思主义与毛泽东思想
毛泽东思想 要义 精髓,0490_毛泽东思想_要义_精髓.md,中共七大 毛泽东思想,0523_中共七大_毛泽东思想.md,33.33,中国化的马克思主义与毛泽东思想
实事求是 毛泽东思想 精髓,0491_实事求是_毛泽东思想_精髓.md,毛泽东思想 要义 精髓,0490_毛泽东思想_要义_精髓.md,44.62,中国化的马克思主义与毛泽东思想
实事求是 毛泽东思想 精髓,0491_实事求是_毛泽东思想_精髓.md,毛泽东思想 理论成果,0489_毛泽东思想_理论成果.md,32.14,中国化的马克思主义与毛泽东思想
实事求是 毛泽东思想 精髓,0491_实事求是_毛泽东思想_精髓.md,群众路线 毛泽东思想,0492_群众路线_毛泽东思想.md,32.14,中国化的马克思主义与毛泽东思想
实事求是 毛泽东思想 精髓,0491_实事求是_毛泽东思想_精髓.md,独立自主 毛泽东思想,0493_独立自主_毛泽东思想.md,32.14,中国化的马克思主义与毛泽东思想
实事求是 毛泽东思想 精髓,0491_实事求是_毛泽东思想_精髓.md,中共七大 毛泽东思想,0523_中共七大_毛泽东思想.md,32.14,中国化的马克思主义与毛泽东思想
群众路线 毛泽东思想,0492_群众路线_毛泽东思想.md,毛泽东思想 理论成果,0489_毛泽东思想_理论成果.md,33.33,中国化的马克思主义与毛泽东思想
群众路线 毛泽东思想,0492_群众路线_毛泽东思想.md,毛泽东思想 要义 精髓,0490_毛泽东思想_要义_精髓.md,33.33,中国化的马克思主义与毛泽东思想
群众路线 毛泽东思想,0492_群众路线_毛泽东思想.md,独立自主 毛泽东思想,0493_独立自主_毛泽东思想.md,33.33,中国化的马克思主义与毛泽东思想
群众路线 毛泽东思想,0492_群众路线_毛泽东思想.md,中共七大 毛泽东思想,0523_中共七大_毛泽东思想.md,33.33,中国化的马克思主义与毛泽东思想
群众路线 毛泽东思想,0492_群众路线_毛泽东思想.md,毛泽东思想 活的灵魂,0613_毛泽东思想_活的灵魂.md,33.33,中国化的马克思主义与毛泽东思想
独立自主 毛泽东思想,0493_独立自主_毛泽东思想.md,毛泽东思想 理论成果,0489_毛泽东思想_理论成果.md,33.33,中国化的马克思主义与毛泽东思想
独立自主 毛泽东思想,0493_独立自主_毛泽东思想.md,毛泽东思想 要义 精髓,0490_毛泽东思想_要义_精髓.md,33.33,中国化的马克思主义与毛泽东思想
独立自主 毛泽东思想,0493_独立自主_毛泽东思想.md,群众路线 毛泽东思想,0492_群众路线_毛泽东思想.md,33.33,中国化的马克思主义与毛泽东思想
独立自主 毛泽东思想,0493_独立自主_毛泽东思想.md,中共七大 毛泽东思想,0523_中共七大_毛泽东思想.md,33.33,中国化的马克思主义与毛泽东思想
独立自主 毛泽东思想,0493_独立自主_毛泽东思想.md,毛泽东思想 活的灵魂,0613_毛泽东思想_活的灵魂.md,33.33,中国化的马克思主义与毛泽东思想
毛泽东选集 编辑出版 经典形成,0494_毛泽东选集_编辑出版_经典形成.md,毛泽东选集,1858_毛泽东选集.md,33.33,毛泽东哲学与中国革命经验
实践论 矛盾论 中国化传播,0495_实践论_矛盾论_中国化传播.md,实践论 矛盾论 中国化,0617_实践论_矛盾论_中国化.md,50.0,实践论矛盾论与马克思主义中国化
实践论 矛盾论 中国化传播,0495_实践论_矛盾论_中国化传播.md,马克思主义哲学中国化 实践论 矛盾论,1793_马克思主义哲学中国化_实践论_矛盾论.md,39.72,实践论矛盾论与马克思主义中国化
实践论 矛盾论 中国化传播,0495_实践论_矛盾论_中国化传播.md,实践论 矛盾论 主要内容,0510_实践论_矛盾论_主要内容.md,38.93,实践论矛盾论与马克思主义中国化
实践论 矛盾论 中国化传播,0495_实践论_矛盾论_中国化传播.md,实践论 矛盾论 重大意义,0511_实践论_矛盾论_重大意义.md,38.93,实践论矛盾论与马克思主义中国化
实践论 矛盾论 中国化传播,0495_实践论_矛盾论_中国化传播.md,学习宣传 实践论 矛盾论,0565_学习宣传_实践论_矛盾论.md,38.93,实践论矛盾论与马克思主义中国化
毛泽东哲学思想 研究 新拓展,0496_毛泽东哲学思想_研究_新拓展.md,毛泽东哲学思想 理论形态,0544_毛泽东哲学思想_理论形态.md,45.0,毛泽东哲学与中国革命经验
毛泽东哲学思想 研究 新拓展,0496_毛泽东哲学思想_研究_新拓展.md,毛泽东哲学思想 历史地位,0545_毛泽东哲学思想_历史地位.md,45.0,毛泽东哲学与中国革命经验
毛泽东哲学思想 研究 新拓展,0496_毛泽东哲学思想_研究_新拓展.md,毛泽东哲学思想 特点 贡献,0626_毛泽东哲学思想_特点_贡献.md,45.0,毛泽东哲学与中国革命经验
毛泽东哲学思想 研究 新拓展,0496_毛泽东哲学思想_研究_新拓展.md,毛泽东哲学思想 中国化形态,0497_毛泽东哲学思想_中国化形态.md,44.38,毛泽东哲学与中国革命经验
毛泽东哲学思想 研究 新拓展,0496_毛泽东哲学思想_研究_新拓展.md,毛泽东哲学思想 多方面展开,0594_毛泽东哲学思想_多方面展开.md,44.38,毛泽东哲学与中国革命经验
毛泽东哲学思想 中国化形态,0497_毛泽东哲学思想_中国化形态.md,毛泽东哲学思想 理论形态,0544_毛泽东哲学思想_理论形态.md,47.5,毛泽东哲学与中国革命经验
毛泽东哲学思想 中国化形态,0497_毛泽东哲学思想_中国化形态.md,毛泽东哲学思想 中国马克思主义哲学 典型形态,0529_毛泽东哲学思想_中国马克思主义哲学_典型形态.md,46.25,毛泽东哲学与中国革命经验
毛泽东哲学思想 中国化形态,0497_毛泽东哲学思想_中国化形态.md,毛泽东哲学思想 历史地位,0545_毛泽东哲学思想_历史地位.md,45.0,毛泽东哲学与中国革命经验
毛泽东哲学思想 中国化形态,0497_毛泽东哲学思想_中国化形态.md,毛泽东哲学思想 特点 贡献,0626_毛泽东哲学思想_特点_贡献.md,45.0,毛泽东哲学与中国革命经验
毛泽东哲学思想 中国化形态,0497_毛泽东哲学思想_中国化形态.md,毛泽东哲学思想 研究 新拓展,0496_毛泽东哲学思想_研究_新拓展.md,44.38,毛泽东哲学与中国革命经验
中国化 方法论体系 毛泽东,0498_中国化_方法论体系_毛泽东.md,毛泽东 马克思主义哲学 中国化,0615_毛泽东_马克思主义哲学_中国化.md,35.56,毛泽东哲学与中国革命经验
中国化 方法论体系 毛泽东,0498_中国化_方法论体系_毛泽东.md,毛泽东 哲学讲义 中国化语言,0539_毛泽东_哲学讲义_中国化语言.md,20.88,毛泽东哲学与中国革命经验
中国化 方法论体系 毛泽东,0498_中国化_方法论体系_毛泽东.md,毛泽东 马克思主义哲学中国化,1748_毛泽东_马克思主义哲学中国化.md,20.56,毛泽东哲学与中国革命经验
中国化 方法论体系 毛泽东,0498_中国化_方法论体系_毛泽东.md,马克思主义中国化 毛泽东 提法,1804_马克思主义中国化_毛泽东_提法.md,20.56,毛泽东哲学与中国革命经验
中国化 方法论体系 毛泽东,0498_中国化_方法论体系_毛泽东.md,毛泽东 马克思主义中国化 开拓者,0500_毛泽东_马克思主义中国化_开拓者.md,20.26,毛泽东哲学与中国革命经验
马克思主义中国化 第一次历史性飞跃,0499_马克思主义中国化_第一次历史性飞跃.md,马克思主义中国化 历史性飞跃,1179_马克思主义中国化_历史性飞跃.md,57.19,中国化的马克思主义与毛泽东思想
马克思主义中国化 第一次历史性飞跃,0499_马克思主义中国化_第一次历史性飞跃.md,马克思主义中国化 前瞻,1180_马克思主义中国化_前瞻.md,50.29,中国化的马克思主义与毛泽东思想
马克思主义中国化 第一次历史性飞跃,0499_马克思主义中国化_第一次历史性飞跃.md,起源 马克思主义中国化,1761_起源_马克思主义中国化.md,50.29,中国化的马克思主义与毛泽东思想
马克思主义中国化 第一次历史性飞跃,0499_马克思主义中国化_第一次历史性飞跃.md,马克思主义中国化 思潮,1827_马克思主义中国化_思潮.md,50.29,中国化的马克思主义与毛泽东思想
马克思主义中国化 第一次历史性飞跃,0499_马克思主义中国化_第一次历史性飞跃.md,马克思主义中国化 重建,1828_马克思主义中国化_重建.md,50.29,中国化的马克思主义与毛泽东思想
毛泽东 马克思主义中国化 开拓者,0500_毛泽东_马克思主义中国化_开拓者.md,马克思主义中国化 毛泽东 提法,1804_马克思主义中国化_毛泽东_提法.md,69.06,马克思恩格斯经典文本与哲学关系
毛泽东 马克思主义中国化 开拓者,0500_毛泽东_马克思主义中国化_开拓者.md,马克思主义中国化 前瞻,1180_马克思主义中国化_前瞻.md,51.67,马克思恩格斯经典文本与哲学关系
毛泽东 马克思主义中国化 开拓者,0500_毛泽东_马克思主义中国化_开拓者.md,起源 马克思主义中国化,1761_起源_马克思主义中国化.md,51.67,马克思恩格斯经典文本与哲学关系
毛泽东 马克思主义中国化 开拓者,0500_毛泽东_马克思主义中国化_开拓者.md,马克思主义中国化 思潮,1827_马克思主义中国化_思潮.md,51.67,马克思恩格斯经典文本与哲学关系
毛泽东 马克思主义中国化 开拓者,0500_毛泽东_马克思主义中国化_开拓者.md,马克思主义中国化 重建,1828_马克思主义中国化_重建.md,51.67,马克思恩格斯经典文本与哲学关系
毛泽东思想 第一次历史性飞跃,0501_毛泽东思想_第一次历史性飞跃.md,马克思主义中国化 第一次历史性飞跃,0499_马克思主义中国化_第一次历史性飞跃.md,48.75,中国化的马克思主义与毛泽东思想
毛泽东思想 第一次历史性飞跃,0501_毛泽东思想_第一次历史性飞跃.md,毛泽东思想 理论成果,0489_毛泽东思想_理论成果.md,31.25,中国化的马克思主义与毛泽东思想
毛泽东思想 第一次历史性飞跃,0501_毛泽东思想_第一次历史性飞跃.md,毛泽东思想 要义 精髓,0490_毛泽东思想_要义_精髓.md,31.25,中国化的马克思主义与毛泽东思想
毛泽东思想 第一次历史性飞跃,0501_毛泽东思想_第一次历史性飞跃.md,群众路线 毛泽东思想,0492_群众路线_毛泽东思想.md,31.25,中国化的马克思主义与毛泽东思想
毛泽东思想 第一次历史性飞跃,0501_毛泽东思想_第一次历史性飞跃.md,独立自主 毛泽东思想,0493_独立自主_毛泽东思想.md,31.25,中国化的马克思主义与毛泽东思想
新民主主义革命 马克思主义中国化 主题,0502_新民主主义革命_马克思主义中国化_主题.md,民主革命时期 马克思主义中国化 主题,1105_民主革命时期_马克思主义中国化_主题.md,64.47,新民主主义革命理论与马克思主义中国化
新民主主义革命 马克思主义中国化 主题,0502_新民主主义革命_马克思主义中国化_主题.md,马克思主义中国化 主题 时代任务,1108_马克思主义中国化_主题_时代任务.md,61.84,新民主主义革命理论与马克思主义中国化
新民主主义革命 马克思主义中国化 主题,0502_新民主主义革命_马克思主义中国化_主题.md,救亡图存 马克思主义中国化 主题,1109_救亡图存_马克思主义中国化_主题.md,61.84,新民主主义革命理论与马克思主义中国化
新民主主义革命 马克思主义中国化 主题,0502_新民主主义革命_马克思主义中国化_主题.md,新民主主义革命理论 马克思主义中国化,0503_新民主主义革命理论_马克思主义中国化.md,56.67,新民主主义革命理论与马克思主义中国化
新民主主义革命 马克思主义中国化 主题,0502_新民主主义革命_马克思主义中国化_主题.md,新民主主义理论 马克思主义中国化,0564_新民主主义理论_马克思主义中国化.md,53.89,新民主主义革命理论与马克思主义中国化
新民主主义革命理论 马克思主义中国化,0503_新民主主义革命理论_马克思主义中国化.md,新民主主义理论 马克思主义中国化,0564_新民主主义理论_马克思主义中国化.md,58.75,新民主主义革命理论与马克思主义中国化
新民主主义革命理论 马克思主义中国化,0503_新民主主义革命理论_马克思主义中国化.md,新民主主义革命 马克思主义中国化 主题,0502_新民主主义革命_马克思主义中国化_主题.md,56.67,新民主主义革命理论与马克思主义中国化
新民主主义革命理论 马克思主义中国化,0503_新民主主义革命理论_马克思主义中国化.md,邓小平理论 马克思主义中国化,0646_邓小平理论_马克思主义中国化.md,52.5,新民主主义革命理论与马克思主义中国化
新民主主义革命理论 马克思主义中国化,0503_新民主主义革命理论_马克思主义中国化.md,民主革命时期 马克思主义中国化 理论成果,1118_民主革命时期_马克思主义中国化_理论成果.md,51.36,新民主主义革命理论与马克思主义中国化
新民主主义革命理论 马克思主义中国化,0503_新民主主义革命理论_马克思主义中国化.md,马克思主义中国化 理论困境,1178_马克思主义中国化_理论困境.md,51.11,新民主主义革命理论与马克思主义中国化
五四运动 新民主主义革命 开端,0504_五四运动_新民主主义革命_开端.md,新民主主义革命 总路线,0515_新民主主义革命_总路线.md,45.0,新民主主义革命理论与马克思主义中国化
五四运动 新民主主义革命 开端,0504_五四运动_新民主主义革命_开端.md,新民主主义革命 性质 前途,0516_新民主主义革命_性质_前途.md,44.38,新民主主义革命理论与马克思主义中国化
五四运动 新民主主义革命 开端,0504_五四运动_新民主主义革命_开端.md,井冈山道路 新民主主义革命,0533_井冈山道路_新民主主义革命.md,43.82,新民主主义革命理论与马克思主义中国化
五四运动 新民主主义革命 开端,0504_五四运动_新民主主义革命_开端.md,新民主主义革命 基本思想 形成,0505_新民主主义革命_基本思想_形成.md,43.33,新民主主义革命理论与马克思主义中国化
五四运动 新民主主义革命 开端,0504_五四运动_新民主主义革命_开端.md,马克思主义哲学 新民主主义革命,0634_马克思主义哲学_新民主主义革命.md,43.33,新民主主义革命理论与马克思主义中国化
新民主主义革命 基本思想 形成,0505_新民主主义革命_基本思想_形成.md,新民主主义革命 总路线,0515_新民主主义革命_总路线.md,45.0,新民主主义革命理论与马克思主义中国化
新民主主义革命 基本思想 形成,0505_新民主主义革命_基本思想_形成.md,新民主主义革命 性质 前途,0516_新民主主义革命_性质_前途.md,44.38,新民主主义革命理论与马克思主义中国化
新民主主义革命 基本思想 形成,0505_新民主主义革命_基本思想_形成.md,井冈山道路 新民主主义革命,0533_井冈山道路_新民主主义革命.md,43.82,新民主主义革命理论与马克思主义中国化
新民主主义革命 基本思想 形成,0505_新民主主义革命_基本思想_形成.md,五四运动 新民主主义革命 开端,0504_五四运动_新民主主义革命_开端.md,43.33,新民主主义革命理论与马克思主义中国化
新民主主义革命 基本思想 形成,0505_新民主主义革命_基本思想_形成.md,马克思主义哲学 新民主主义革命,0634_马克思主义哲学_新民主主义革命.md,43.33,新民主主义革命理论与马克思主义中国化
毛泽东 建党思想 形成,0506_毛泽东_建党思想_形成.md,人民战争 思想 毛泽东,0557_人民战争_思想_毛泽东.md,20.77,毛泽东哲学与中国革命经验
毛泽东 建党思想 形成,0506_毛泽东_建党思想_形成.md,毛泽东 延安时期 哲学思想,0536_毛泽东_延安时期_哲学思想.md,20.0,毛泽东哲学与中国革命经验
毛泽东 建党思想 形成,0506_毛泽东_建党思想_形成.md,反对本本主义 毛泽东 哲学思想,0585_反对本本主义_毛泽东_哲学思想.md,19.41,毛泽东哲学与中国革命经验
毛泽东 建党思想 形成,0506_毛泽东_建党思想_形成.md,毛泽东 社会主义道路 哲学思想,0627_毛泽东_社会主义道路_哲学思想.md,19.41,毛泽东哲学与中国革命经验
毛泽东 建党思想 形成,0506_毛泽东_建党思想_形成.md,毛泽东 世界观 转变,0573_毛泽东_世界观_转变.md,18.85,毛泽东哲学与中国革命经验
农村包围城市 武装夺取政权 道路,0507_农村包围城市_武装夺取政权_道路.md,农村包围城市 理论 毛泽东,0534_农村包围城市_理论_毛泽东.md,36.94,中国革命道路与党的思想建设
农村包围城市 武装夺取政权 道路,0507_农村包围城市_武装夺取政权_道路.md,农村包围城市 理论 实践依据,0584_农村包围城市_理论_实践依据.md,36.58,中国革命道路与党的思想建设
实践论 矛盾论 马克思主义中国化 哲学基础,0508_实践论_矛盾论_马克思主义中国化_哲学基础.md,马克思主义中国化 进展 矛盾,1163_马克思主义中国化_进展_矛盾.md,50.0,实践论矛盾论与马克思主义中国化
实践论 矛盾论 马克思主义中国化 哲学基础,0508_实践论_矛盾论_马克思主义中国化_哲学基础.md,邓小平理论 马克思主义中国化,0646_邓小平理论_马克思主义中国化.md,49.52,实践论矛盾论与马克思主义中国化
实践论 矛盾论 马克思主义中国化 哲学基础,0508_实践论_矛盾论_马克思主义中国化_哲学基础.md,中国哲学 马克思主义中国化 资源,0710_中国哲学_马克思主义中国化_资源.md,49.52,实践论矛盾论与马克思主义中国化
实践论 矛盾论 马克思主义中国化 哲学基础,0508_实践论_矛盾论_马克思主义中国化_哲学基础.md,马克思主义中国化 前瞻,1180_马克思主义中国化_前瞻.md,49.21,实践论矛盾论与马克思主义中国化
实践论 矛盾论 马克思主义中国化 哲学基础,0508_实践论_矛盾论_马克思主义中国化_哲学基础.md,起源 马克思主义中国化,1761_起源_马克思主义中国化.md,49.21,实践论矛盾论与马克思主义中国化
实践论 矛盾论 写作 社会历史条件,0509_实践论_矛盾论_写作_社会历史条件.md,实践论 矛盾论 写作 历史背景,0589_实践论_矛盾论_写作_历史背景.md,42.5,实践论矛盾论与马克思主义中国化
实践论 矛盾论 写作 社会历史条件,0509_实践论_矛盾论_写作_社会历史条件.md,实践论 矛盾论 中国化,0617_实践论_矛盾论_中国化.md,37.81,实践论矛盾论与马克思主义中国化
实践论 矛盾论 写作 社会历史条件,0509_实践论_矛盾论_写作_社会历史条件.md,实践论 矛盾论 主要内容,0510_实践论_矛盾论_主要内容.md,37.35,实践论矛盾论与马克思主义中国化
实践论 矛盾论 写作 社会历史条件,0509_实践论_矛盾论_写作_社会历史条件.md,实践论 矛盾论 重大意义,0511_实践论_矛盾论_重大意义.md,37.35,实践论矛盾论与马克思主义中国化
实践论 矛盾论 写作 社会历史条件,0509_实践论_矛盾论_写作_社会历史条件.md,学习宣传 实践论 矛盾论,0565_学习宣传_实践论_矛盾论.md,37.35,实践论矛盾论与马克思主义中国化
实践论 矛盾论 主要内容,0510_实践论_矛盾论_主要内容.md,实践论 矛盾论 主要贡献,0588_实践论_矛盾论_主要贡献.md,45.91,实践论矛盾论与马克思主义中国化
实践论 矛盾论 主要内容,0510_实践论_矛盾论_主要内容.md,实践论 矛盾论 中国化,0617_实践论_矛盾论_中国化.md,40.42,实践论矛盾论与马克思主义中国化
实践论 矛盾论 主要内容,0510_实践论_矛盾论_主要内容.md,实践论 矛盾论 重大意义,0511_实践论_矛盾论_重大意义.md,39.62,实践论矛盾论与马克思主义中国化
实践论 矛盾论 主要内容,0510_实践论_矛盾论_主要内容.md,学习宣传 实践论 矛盾论,0565_学习宣传_实践论_矛盾论.md,39.62,实践论矛盾论与马克思主义中国化
实践论 矛盾论 主要内容,0510_实践论_矛盾论_主要内容.md,实践论 矛盾论 理论准备,0590_实践论_矛盾论_理论准备.md,39.62,实践论矛盾论与马克思主义中国化
实践论 矛盾论 重大意义,0511_实践论_矛盾论_重大意义.md,实践论 矛盾论 重新发表 反响,0603_实践论_矛盾论_重新发表_反响.md,40.71,实践论矛盾论与马克思主义中国化
实践论 矛盾论 重大意义,0511_实践论_矛盾论_重大意义.md,实践论 矛盾论 中国化,0617_实践论_矛盾论_中国化.md,40.42,实践论矛盾论与马克思主义中国化
实践论 矛盾论 重大意义,0511_实践论_矛盾论_重大意义.md,实践论 矛盾论 主要内容,0510_实践论_矛盾论_主要内容.md,39.62,实践论矛盾论与马克思主义中国化
实践论 矛盾论 重大意义,0511_实践论_矛盾论_重大意义.md,学习宣传 实践论 矛盾论,0565_学习宣传_实践论_矛盾论.md,39.62,实践论矛盾论与马克思主义中国化
实践论 矛盾论 重大意义,0511_实践论_矛盾论_重大意义.md,实践论 矛盾论 主要贡献,0588_实践论_矛盾论_主要贡献.md,39.62,实践论矛盾论与马克思主义中国化
马克思主义中国化 命题 酝酿,0512_马克思主义中国化_命题_酝酿.md,马克思主义中国化 命题 意义,0513_马克思主义中国化_命题_意义.md,67.31,马克思主义中国化命题的提出
马克思主义中国化 命题 酝酿,0512_马克思主义中国化_命题_酝酿.md,马克思主义中国化 前瞻,1180_马克思主义中国化_前瞻.md,53.46,马克思主义中国化命题的提出
马克思主义中国化 命题 酝酿,0512_马克思主义中国化_命题_酝酿.md,起源 马克思主义中国化,1761_起源_马克思主义中国化.md,53.46,马克思主义中国化命题的提出
马克思主义中国化 命题 酝酿,0512_马克思主义中国化_命题_酝酿.md,马克思主义中国化 思潮,1827_马克思主义中国化_思潮.md,53.46,马克思主义中国化命题的提出
马克思主义中国化 命题 酝酿,0512_马克思主义中国化_命题_酝酿.md,马克思主义中国化 重建,1828_马克思主义中国化_重建.md,53.46,马克思主义中国化命题的提出
马克思主义中国化 命题 意义,0513_马克思主义中国化_命题_意义.md,马克思主义中国化 命题 酝酿,0512_马克思主义中国化_命题_酝酿.md,67.31,马克思主义中国化命题的提出
马克思主义中国化 命题 意义,0513_马克思主义中国化_命题_意义.md,马克思主义中国化 前瞻,1180_马克思主义中国化_前瞻.md,53.46,马克思主义中国化命题的提出
马克思主义中国化 命题 意义,0513_马克思主义中国化_命题_意义.md,起源 马克思主义中国化,1761_起源_马克思主义中国化.md,53.46,马克思主义中国化命题的提出
马克思主义中国化 命题 意义,0513_马克思主义中国化_命题_意义.md,马克思主义中国化 思潮,1827_马克思主义中国化_思潮.md,53.46,马克思主义中国化命题的提出
马克思主义中国化 命题 意义,0513_马克思主义中国化_命题_意义.md,马克思主义中国化 重建,1828_马克思主义中国化_重建.md,53.46,马克思主义中国化命题的提出
新民主主义理论体系 系统阐述,0514_新民主主义理论体系_系统阐述.md,唯物史观 基本理论 系统阐述,0033_唯物史观_基本理论_系统阐述.md,25.26,新民主主义革命理论与马克思主义中国化
新民主主义理论体系 系统阐述,0514_新民主主义理论体系_系统阐述.md,群众路线 思想 系统阐述,0521_群众路线_思想_系统阐述.md,24.17,新民主主义革命理论与马克思主义中国化
新民主主义理论体系 系统阐述,0514_新民主主义理论体系_系统阐述.md,群众路线 系统阐述 毛泽东,0552_群众路线_系统阐述_毛泽东.md,23.95,新民主主义革命理论与马克思主义中国化
新民主主义理论体系 系统阐述,0514_新民主主义理论体系_系统阐述.md,新民主主义理论 成熟,0558_新民主主义理论_成熟.md,10.71,新民主主义革命理论与马克思主义中国化
新民主主义理论体系 系统阐述,0514_新民主主义理论体系_系统阐述.md,新民主主义理论 马克思主义中国化,0564_新民主主义理论_马克思主义中国化.md,7.89,新民主主义革命理论与马克思主义中国化
新民主主义革命 总路线,0515_新民主主义革命_总路线.md,新民主主义革命 性质 前途,0516_新民主主义革命_性质_前途.md,46.54,新民主主义革命理论与马克思主义中国化
新民主主义革命 总路线,0515_新民主主义革命_总路线.md,井冈山道路 新民主主义革命,0533_井冈山道路_新民主主义革命.md,45.71,新民主主义革命理论与马克思主义中国化
新民主主义革命 总路线,0515_新民主主义革命_总路线.md,五四运动 新民主主义革命 开端,0504_五四运动_新民主主义革命_开端.md,45.0,新民主主义革命理论与马克思主义中国化
新民主主义革命 总路线,0515_新民主主义革命_总路线.md,新民主主义革命 基本思想 形成,0505_新民主主义革命_基本思想_形成.md,45.0,新民主主义革命理论与马克思主义中国化
新民主主义革命 总路线,0515_新民主主义革命_总路线.md,马克思主义哲学 新民主主义革命,0634_马克思主义哲学_新民主主义革命.md,45.0,新民主主义革命理论与马克思主义中国化
新民主主义革命 性质 前途,0516_新民主主义革命_性质_前途.md,新民主主义革命 总路线,0515_新民主主义革命_总路线.md,46.54,新民主主义革命理论与马克思主义中国化
新民主主义革命 性质 前途,0516_新民主主义革命_性质_前途.md,井冈山道路 新民主主义革命,0533_井冈山道路_新民主主义革命.md,45.0,新民主主义革命理论与马克思主义中国化
新民主主义革命 性质 前途,0516_新民主主义革命_性质_前途.md,五四运动 新民主主义革命 开端,0504_五四运动_新民主主义革命_开端.md,44.38,新民主主义革命理论与马克思主义中国化
新民主主义革命 性质 前途,0516_新民主主义革命_性质_前途.md,新民主主义革命 基本思想 形成,0505_新民主主义革命_基本思想_形成.md,44.38,新民主主义革命理论与马克思主义中国化
新民主主义革命 性质 前途,0516_新民主主义革命_性质_前途.md,马克思主义哲学 新民主主义革命,0634_马克思主义哲学_新民主主义革命.md,44.38,新民主主义革命理论与马克思主义中国化
新民主主义 政治经济文化纲领,0517_新民主主义_政治经济文化纲领.md,新民主主义 经济 政治 文化,0559_新民主主义_经济_政治_文化.md,36.67,中国近代启蒙与民主革命
新民主主义 政治经济文化纲领,0517_新民主主义_政治经济文化纲领.md,新民主主义 基本纲领 最高纲领,0560_新民主主义_基本纲领_最高纲领.md,31.94,中国近代启蒙与民主革命
新民主主义 政治经济文化纲领,0517_新民主主义_政治经济文化纲领.md,新民主主义 话语权,1649_新民主主义_话语权.md,31.67,中国近代启蒙与民主革命
新民主主义 政治经济文化纲领,0517_新民主主义_政治经济文化纲领.md,新民主主义 构想 实践,0525_新民主主义_构想_实践.md,31.25,中国近代启蒙与民主革命
新民主主义 政治经济文化纲领,0517_新民主主义_政治经济文化纲领.md,新启蒙运动 新民主主义 文化思想,1801_新启蒙运动_新民主主义_文化思想.md,31.25,中国近代启蒙与民主革命
实事求是思想路线 确立,0518_实事求是思想路线_确立.md,实事求是思想路线 重新确立,0610_实事求是思想路线_重新确立.md,56.67,实事求是与群众路线
实事求是思想路线 确立,0518_实事求是思想路线_确立.md,延安整风 实事求是思想路线,0520_延安整风_实事求是思想路线.md,53.46,实事求是与群众路线
实事求是思想路线 确立,0518_实事求是思想路线_确立.md,实事求是 思想路线 延安,0597_实事求是_思想路线_延安.md,15.91,实事求是与群众路线
实事求是思想路线 确立,0518_实事求是思想路线_确立.md,毛泽东思想 指导地位 确立,0524_毛泽东思想_指导地位_确立.md,12.94,实事求是与群众路线
实事求是思想路线 确立,0518_实事求是思想路线_确立.md,克服主观主义 实事求是 思想路线,0546_克服主观主义_实事求是_思想路线.md,11.67,实事求是与群众路线
改造我们的学习 实事求是,0519_改造我们的学习_实事求是.md,实事求是 解放思想,0611_实事求是_解放思想.md,25.36,思想方法与世界观教育
改造我们的学习 实事求是,0519_改造我们的学习_实事求是.md,不要误解 实事求是,0635_不要误解_实事求是.md,25.36,思想方法与世界观教育
改造我们的学习 实事求是,0519_改造我们的学习_实事求是.md,实事求是 民主集中制,0612_实事求是_民主集中制.md,25.0,思想方法与世界观教育
改造我们的学习 实事求是,0519_改造我们的学习_实事求是.md,实事求是 思想路线 延安,0597_实事求是_思想路线_延安.md,24.69,思想方法与世界观教育
改造我们的学习 实事求是,0519_改造我们的学习_实事求是.md,实事求是 毛泽东思想 精髓,0491_实事求是_毛泽东思想_精髓.md,24.41,思想方法与世界观教育
延安整风 实事求是思想路线,0520_延安整风_实事求是思想路线.md,实事求是思想路线 确立,0518_实事求是思想路线_确立.md,53.46,实事求是与群众路线
延安整风 实事求是思想路线,0520_延安整风_实事求是思想路线.md,实事求是思想路线 重新确立,0610_实事求是思想路线_重新确立.md,51.67,实事求是与群众路线
延安整风 实事求是思想路线,0520_延安整风_实事求是思想路线.md,实事求是 思想路线 延安,0597_实事求是_思想路线_延安.md,16.67,实事求是与群众路线
延安整风 实事求是思想路线,0520_延安整风_实事求是思想路线.md,克服主观主义 实事求是 思想路线,0546_克服主观主义_实事求是_思想路线.md,10.29,实事求是与群众路线
延安整风 实事求是思想路线,0520_延安整风_实事求是思想路线.md,实事求是 上升为 党的思想路线,0547_实事求是_上升为_党的思想路线.md,8.82,实事求是与群众路线
群众路线 思想 系统阐述,0521_群众路线_思想_系统阐述.md,群众路线 系统阐述 毛泽东,0552_群众路线_系统阐述_毛泽东.md,51.54,实事求是与群众路线
群众路线 思想 系统阐述,0521_群众路线_思想_系统阐述.md,群众路线 毛泽东思想,0492_群众路线_毛泽东思想.md,27.69,实事求是与群众路线
群众路线 思想 系统阐述,0521_群众路线_思想_系统阐述.md,群众路线 认识论,0598_群众路线_认识论.md,26.25,实事求是与群众路线
群众路线 思想 系统阐述,0521_群众路线_思想_系统阐述.md,群众路线 领导方法,0553_群众路线_领导方法.md,25.77,实事求是与群众路线
群众路线 思想 系统阐述,0521_群众路线_思想_系统阐述.md,唯物史观 基本理论 系统阐述,0033_唯物史观_基本理论_系统阐述.md,24.41,实事求是与群众路线
毛泽东思想 科学概念 形成,0522_毛泽东思想_科学概念_形成.md,毛泽东思想 理论成果,0489_毛泽东思想_理论成果.md,32.14,中国化的马克思主义与毛泽东思想
毛泽东思想 科学概念 形成,0522_毛泽东思想_科学概念_形成.md,毛泽东思想 要义 精髓,0490_毛泽东思想_要义_精髓.md,32.14,中国化的马克思主义与毛泽东思想
毛泽东思想 科学概念 形成,0522_毛泽东思想_科学概念_形成.md,群众路线 毛泽东思想,0492_群众路线_毛泽东思想.md,32.14,中国化的马克思主义与毛泽东思想
毛泽东思想 科学概念 形成,0522_毛泽东思想_科学概念_形成.md,独立自主 毛泽东思想,0493_独立自主_毛泽东思想.md,32.14,中国化的马克思主义与毛泽东思想
毛泽东思想 科学概念 形成,0522_毛泽东思想_科学概念_形成.md,中共七大 毛泽东思想,0523_中共七大_毛泽东思想.md,32.14,中国化的马克思主义与毛泽东思想
中共七大 毛泽东思想,0523_中共七大_毛泽东思想.md,毛泽东思想 理论成果,0489_毛泽东思想_理论成果.md,33.33,中国化的马克思主义与毛泽东思想
中共七大 毛泽东思想,0523_中共七大_毛泽东思想.md,毛泽东思想 要义 精髓,0490_毛泽东思想_要义_精髓.md,33.33,中国化的马克思主义与毛泽东思想
中共七大 毛泽东思想,0523_中共七大_毛泽东思想.md,群众路线 毛泽东思想,0492_群众路线_毛泽东思想.md,33.33,中国化的马克思主义与毛泽东思想
中共七大 毛泽东思想,0523_中共七大_毛泽东思想.md,独立自主 毛泽东思想,0493_独立自主_毛泽东思想.md,33.33,中国化的马克思主义与毛泽东思想
中共七大 毛泽东思想,0523_中共七大_毛泽东思想.md,毛泽东思想 活的灵魂,0613_毛泽东思想_活的灵魂.md,33.33,中国化的马克思主义与毛泽东思想
毛泽东思想 指导地位 确立,0524_毛泽东思想_指导地位_确立.md,毛泽东思想 理论成果,0489_毛泽东思想_理论成果.md,32.14,中国化的马克思主义与毛泽东思想
毛泽东思想 指导地位 确立,0524_毛泽东思想_指导地位_确立.md,毛泽东思想 要义 精髓,0490_毛泽东思想_要义_精髓.md,32.14,中国化的马克思主义与毛泽东思想
毛泽东思想 指导地位 确立,0524_毛泽东思想_指导地位_确立.md,群众路线 毛泽东思想,0492_群众路线_毛泽东思想.md,32.14,中国化的马克思主义与毛泽东思想
毛泽东思想 指导地位 确立,0524_毛泽东思想_指导地位_确立.md,独立自主 毛泽东思想,0493_独立自主_毛泽东思想.md,32.14,中国化的马克思主义与毛泽东思想
毛泽东思想 指导地位 确立,0524_毛泽东思想_指导地位_确立.md,中共七大 毛泽东思想,0523_中共七大_毛泽东思想.md,32.14,中国化的马克思主义与毛泽东思想
新民主主义 构想 实践,0525_新民主主义_构想_实践.md,新民主主义 话语权,1649_新民主主义_话语权.md,34.09,新民主主义革命理论与马克思主义中国化
新民主主义 构想 实践,0525_新民主主义_构想_实践.md,新民主主义 社会主义 关系,0527_新民主主义_社会主义_关系.md,32.69,新民主主义革命理论与马克思主义中国化
新民主主义 构想 实践,0525_新民主主义_构想_实践.md,新民主主义 经济 政治 文化,0559_新民主主义_经济_政治_文化.md,32.14,新民主主义革命理论与马克思主义中国化
新民主主义 构想 实践,0525_新民主主义_构想_实践.md,新民主主义 革命 理论 哲学,0596_新民主主义_革命_理论_哲学.md,32.14,新民主主义革命理论与马克思主义中国化
新民主主义 构想 实践,0525_新民主主义_构想_实践.md,新民主主义 基本纲领 最高纲领,0560_新民主主义_基本纲领_最高纲领.md,31.67,新民主主义革命理论与马克思主义中国化
三民主义共和国 新民主主义共和国,0526_三民主义共和国_新民主主义共和国.md,新民主主义论,1916_新民主主义论.md,10.0,新民主主义革命理论与马克思主义中国化
三民主义共和国 新民主主义共和国,0526_三民主义共和国_新民主主义共和国.md,新民主主义 话语权,1649_新民主主义_话语权.md,8.33,新民主主义革命理论与马克思主义中国化
三民主义共和国 新民主主义共和国,0526_三民主义共和国_新民主主义共和国.md,新民主主义 构想 实践,0525_新民主主义_构想_实践.md,7.69,新民主主义革命理论与马克思主义中国化
三民主义共和国 新民主主义共和国,0526_三民主义共和国_新民主主义共和国.md,新民主主义理论 成熟,0558_新民主主义理论_成熟.md,7.69,新民主主义革命理论与马克思主义中国化
三民主义共和国 新民主主义共和国,0526_三民主义共和国_新民主主义共和国.md,新民主主义论 再评价,0623_新民主主义论_再评价.md,7.69,新民主主义革命理论与马克思主义中国化
新民主主义 社会主义 关系,0527_新民主主义_社会主义_关系.md,新民主主义 发展资本主义 关系,0561_新民主主义_发展资本主义_关系.md,35.71,新民主主义革命理论与马克思主义中国化
新民主主义 社会主义 关系,0527_新民主主义_社会主义_关系.md,资本主义 社会主义 关系,1474_资本主义_社会主义_关系.md,33.64,新民主主义革命理论与马克思主义中国化
新民主主义 社会主义 关系,0527_新民主主义_社会主义_关系.md,新民主主义 话语权,1649_新民主主义_话语权.md,33.33,新民主主义革命理论与马克思主义中国化
新民主主义 社会主义 关系,0527_新民主主义_社会主义_关系.md,新民主主义 构想 实践,0525_新民主主义_构想_实践.md,32.69,新民主主义革命理论与马克思主义中国化
新民主主义 社会主义 关系,0527_新民主主义_社会主义_关系.md,新民主主义 经济 政治 文化,0559_新民主主义_经济_政治_文化.md,31.67,新民主主义革命理论与马克思主义中国化
胡绳 思想方法 中国问题讲话 实事求是,0528_胡绳_思想方法_中国问题讲话_实事求是.md,实事求是 解放思想,0611_实事求是_解放思想.md,25.56,胡绳与马克思主义哲学通俗宣传
胡绳 思想方法 中国问题讲话 实事求是,0528_胡绳_思想方法_中国问题讲话_实事求是.md,实事求是 思想路线 延安,0597_实事求是_思想路线_延安.md,25.0,胡绳与马克思主义哲学通俗宣传
胡绳 思想方法 中国问题讲话 实事求是,0528_胡绳_思想方法_中国问题讲话_实事求是.md,实事求是 毛泽东思想 精髓,0491_实事求是_毛泽东思想_精髓.md,24.76,胡绳与马克思主义哲学通俗宣传
胡绳 思想方法 中国问题讲话 实事求是,0528_胡绳_思想方法_中国问题讲话_实事求是.md,解放思想 实事求是 哲学发展,0568_解放思想_实事求是_哲学发展.md,24.55,胡绳与马克思主义哲学通俗宣传
胡绳 思想方法 中国问题讲话 实事求是,0528_胡绳_思想方法_中国问题讲话_实事求是.md,实事求是 上升为 党的思想路线,0547_实事求是_上升为_党的思想路线.md,24.35,胡绳与马克思主义哲学通俗宣传
毛泽东哲学思想 中国马克思主义哲学 典型形态,0529_毛泽东哲学思想_中国马克思主义哲学_典型形态.md,中国马克思主义哲学 转换,1819_中国马克思主义哲学_转换.md,50.0,马克思恩格斯经典文本与哲学关系
毛泽东哲学思想 中国马克思主义哲学 典型形态,0529_毛泽东哲学思想_中国马克思主义哲学_典型形态.md,中国马克思主义哲学 中国之根 问题,0720_中国马克思主义哲学_中国之根_问题.md,48.7,马克思恩格斯经典文本与哲学关系
毛泽东哲学思想 中国马克思主义哲学 典型形态,0529_毛泽东哲学思想_中国马克思主义哲学_典型形态.md,中国马克思主义哲学 教科书 建构,0931_中国马克思主义哲学_教科书_建构.md,48.7,马克思恩格斯经典文本与哲学关系
毛泽东哲学思想 中国马克思主义哲学 典型形态,0529_毛泽东哲学思想_中国马克思主义哲学_典型形态.md,中国马克思主义哲学 何以是中国的哲学,0724_中国马克思主义哲学_何以是中国的哲学.md,48.33,马克思恩格斯经典文本与哲学关系
毛泽东哲学思想 中国马克思主义哲学 典型形态,0529_毛泽东哲学思想_中国马克思主义哲学_典型形态.md,中国马克思主义哲学 文化自信 灵魂,0753_中国马克思主义哲学_文化自信_灵魂.md,48.33,马克思恩格斯经典文本与哲学关系
毛泽东哲学思想 形成 1930年代,0530_毛泽东哲学思想_形成_1930年代.md,毛泽东哲学思想 理论形态,0544_毛泽东哲学思想_理论形态.md,43.33,毛泽东哲学与中国革命经验
毛泽东哲学思想 形成 1930年代,0530_毛泽东哲学思想_形成_1930年代.md,毛泽东哲学思想 历史地位,0545_毛泽东哲学思想_历史地位.md,43.33,毛泽东哲学与中国革命经验
毛泽东哲学思想 形成 1930年代,0530_毛泽东哲学思想_形成_1930年代.md,毛泽东哲学思想 特点 贡献,0626_毛泽东哲学思想_特点_贡献.md,43.33,毛泽东哲学与中国革命经验
毛泽东哲学思想 形成 1930年代,0530_毛泽东哲学思想_形成_1930年代.md,毛泽东哲学思想 研究 新拓展,0496_毛泽东哲学思想_研究_新拓展.md,42.89,毛泽东哲学与中国革命经验
毛泽东哲学思想 形成 1930年代,0530_毛泽东哲学思想_形成_1930年代.md,毛泽东哲学思想 中国化形态,0497_毛泽东哲学思想_中国化形态.md,42.89,毛泽东哲学与中国革命经验
毛泽东 中国民主革命 性质 对象 动力,0531_毛泽东_中国民主革命_性质_对象_动力.md,中国革命 对象 动力 领导权 前途,1116_中国革命_对象_动力_领导权_前途.md,25.95,中国近代启蒙与民主革命
毛泽东 中国民主革命 性质 对象 动力,0531_毛泽东_中国民主革命_性质_对象_动力.md,农民问题 中国革命 毛泽东,0582_农民问题_中国革命_毛泽东.md,20.0,中国近代启蒙与民主革命
毛泽东 中国民主革命 性质 对象 动力,0531_毛泽东_中国民主革命_性质_对象_动力.md,中国革命 特殊道路 毛泽东,0583_中国革命_特殊道路_毛泽东.md,20.0,中国近代启蒙与民主革命
毛泽东 中国民主革命 性质 对象 动力,0531_毛泽东_中国民主革命_性质_对象_动力.md,中国革命 道路 特点 毛泽东,0616_中国革命_道路_特点_毛泽东.md,20.0,中国近代启蒙与民主革命
毛泽东 中国民主革命 性质 对象 动力,0531_毛泽东_中国民主革命_性质_对象_动力.md,毛泽东 革命民主主义 近代唯物主义,0574_毛泽东_革命民主主义_近代唯物主义.md,19.35,中国近代启蒙与民主革命
农民运动 革命贡献 毛泽东,0532_农民运动_革命贡献_毛泽东.md,农民问题 中国革命 毛泽东,0582_农民问题_中国革命_毛泽东.md,21.25,毛泽东哲学与中国革命经验
农民运动 革命贡献 毛泽东,0532_农民运动_革命贡献_毛泽东.md,中国革命 特殊道路 毛泽东,0583_中国革命_特殊道路_毛泽东.md,19.41,毛泽东哲学与中国革命经验
农民运动 革命贡献 毛泽东,0532_农民运动_革命贡献_毛泽东.md,中国革命 道路 特点 毛泽东,0616_中国革命_道路_特点_毛泽东.md,19.41,毛泽东哲学与中国革命经验
农民运动 革命贡献 毛泽东,0532_农民运动_革命贡献_毛泽东.md,毛泽东 能动的革命的反映论,0618_毛泽东_能动的革命的反映论.md,19.17,毛泽东哲学与中国革命经验
农民运动 革命贡献 毛泽东,0532_农民运动_革命贡献_毛泽东.md,毛泽东 革命民主主义 近代唯物主义,0574_毛泽东_革命民主主义_近代唯物主义.md,18.75,毛泽东哲学与中国革命经验
井冈山道路 新民主主义革命,0533_井冈山道路_新民主主义革命.md,新民主主义革命 总路线,0515_新民主主义革命_总路线.md,45.71,中国近代启蒙与民主革命
井冈山道路 新民主主义革命,0533_井冈山道路_新民主主义革命.md,新民主主义革命 性质 前途,0516_新民主主义革命_性质_前途.md,45.0,中国近代启蒙与民主革命
井冈山道路 新民主主义革命,0533_井冈山道路_新民主主义革命.md,五四运动 新民主主义革命 开端,0504_五四运动_新民主主义革命_开端.md,43.82,中国近代启蒙与民主革命
井冈山道路 新民主主义革命,0533_井冈山道路_新民主主义革命.md,新民主主义革命 基本思想 形成,0505_新民主主义革命_基本思想_形成.md,43.82,中国近代启蒙与民主革命
井冈山道路 新民主主义革命,0533_井冈山道路_新民主主义革命.md,马克思主义哲学 新民主主义革命,0634_马克思主义哲学_新民主主义革命.md,43.82,中国近代启蒙与民主革命
农村包围城市 理论 毛泽东,0534_农村包围城市_理论_毛泽东.md,农村包围城市 理论 实践依据,0584_农村包围城市_理论_实践依据.md,42.5,毛泽东哲学与中国革命经验
农村包围城市 理论 毛泽东,0534_农村包围城市_理论_毛泽东.md,农村包围城市 武装夺取政权 道路,0507_农村包围城市_武装夺取政权_道路.md,36.94,毛泽东哲学与中国革命经验
农村包围城市 理论 毛泽东,0534_农村包围城市_理论_毛泽东.md,红色政权 理论 毛泽东,0535_红色政权_理论_毛泽东.md,22.14,毛泽东哲学与中国革命经验
农村包围城市 理论 毛泽东,0534_农村包围城市_理论_毛泽东.md,反映论 真理论 实践论 毛泽东,0541_反映论_真理论_实践论_毛泽东.md,20.88,毛泽东哲学与中国革命经验
农村包围城市 理论 毛泽东,0534_农村包围城市_理论_毛泽东.md,理论联系实际 毛泽东,0549_理论联系实际_毛泽东.md,20.0,毛泽东哲学与中国革命经验
红色政权 理论 毛泽东,0535_红色政权_理论_毛泽东.md,红色政权 存在发展 客观依据,1307_红色政权_存在发展_客观依据.md,24.69,毛泽东哲学与中国革命经验
红色政权 理论 毛泽东,0535_红色政权_理论_毛泽东.md,农村包围城市 理论 毛泽东,0534_农村包围城市_理论_毛泽东.md,22.14,毛泽东哲学与中国革命经验
红色政权 理论 毛泽东,0535_红色政权_理论_毛泽东.md,反映论 真理论 实践论 毛泽东,0541_反映论_真理论_实践论_毛泽东.md,21.67,毛泽东哲学与中国革命经验
红色政权 理论 毛泽东,0535_红色政权_理论_毛泽东.md,理论联系实际 毛泽东,0549_理论联系实际_毛泽东.md,20.77,毛泽东哲学与中国革命经验
红色政权 理论 毛泽东,0535_红色政权_理论_毛泽东.md,毛泽东 第二次结合 理论问题,0632_毛泽东_第二次结合_理论问题.md,19.69,毛泽东哲学与中国革命经验
毛泽东 延安时期 哲学思想,0536_毛泽东_延安时期_哲学思想.md,反对本本主义 毛泽东 哲学思想,0585_反对本本主义_毛泽东_哲学思想.md,42.35,毛泽东哲学与中国革命经验
毛泽东 延安时期 哲学思想,0536_毛泽东_延安时期_哲学思想.md,毛泽东 社会主义道路 哲学思想,0627_毛泽东_社会主义道路_哲学思想.md,42.35,毛泽东哲学与中国革命经验
毛泽东 延安时期 哲学思想,0536_毛泽东_延安时期_哲学思想.md,鲁迅 哲学思想 转变,1424_鲁迅_哲学思想_转变.md,25.36,毛泽东哲学与中国革命经验
毛泽东 延安时期 哲学思想,0536_毛泽东_延安时期_哲学思想.md,延安时期 知识分子,1704_延安时期_知识分子.md,25.36,毛泽东哲学与中国革命经验
毛泽东 延安时期 哲学思想,0536_毛泽东_延安时期_哲学思想.md,延安时期 马克思主义哲学 创作 宣讲,1206_延安时期_马克思主义哲学_创作_宣讲.md,25.0,毛泽东哲学与中国革命经验
辩证法唯物论 讲授提纲 毛泽东,0537_辩证法唯物论_讲授提纲_毛泽东.md,辩证法唯物论 讲授提纲 史实纠谬,1490_辩证法唯物论_讲授提纲_史实纠谬.md,64.06,毛泽东哲学与中国革命经验
辩证法唯物论 讲授提纲 毛泽东,0537_辩证法唯物论_讲授提纲_毛泽东.md,辩证法唯物论 毛泽东哲学,1821_辩证法唯物论_毛泽东哲学.md,41.67,毛泽东哲学与中国革命经验
辩证法唯物论 讲授提纲 毛泽东,0537_辩证法唯物论_讲授提纲_毛泽东.md,辩证法唯物论 入门 战斗性,1461_辩证法唯物论_入门_战斗性.md,37.35,毛泽东哲学与中国革命经验
辩证法唯物论 讲授提纲 毛泽东,0537_辩证法唯物论_讲授提纲_毛泽东.md,社会斗争 武器 辩证法唯物论,1462_社会斗争_武器_辩证法唯物论.md,36.94,毛泽东哲学与中国革命经验
辩证法唯物论 讲授提纲 毛泽东,0537_辩证法唯物论_讲授提纲_毛泽东.md,辩证法唯物论 思想 发展情况,1584_辩证法唯物论_思想_发展情况.md,36.94,毛泽东哲学与中国革命经验
抗日军政大学 哲学讲课 毛泽东,0538_抗日军政大学_哲学讲课_毛泽东.md,毛泽东 哲学讲义 中国化语言,0539_毛泽东_哲学讲义_中国化语言.md,20.26,毛泽东哲学与中国革命经验
抗日军政大学 哲学讲课 毛泽东,0538_抗日军政大学_哲学讲课_毛泽东.md,调查研究 毛泽东 哲学,0550_调查研究_毛泽东_哲学.md,19.41,毛泽东哲学与中国革命经验
抗日军政大学 哲学讲课 毛泽东,0538_抗日军政大学_哲学讲课_毛泽东.md,毛泽东 哲学 民族事业,0633_毛泽东_哲学_民族事业.md,19.41,毛泽东哲学与中国革命经验
抗日军政大学 哲学讲课 毛泽东,0538_抗日军政大学_哲学讲课_毛泽东.md,哲学 党性 阶级性 毛泽东,0540_哲学_党性_阶级性_毛泽东.md,19.17,毛泽东哲学与中国革命经验
抗日军政大学 哲学讲课 毛泽东,0538_抗日军政大学_哲学讲课_毛泽东.md,毛泽东 延安时期 哲学思想,0536_毛泽东_延安时期_哲学思想.md,18.95,毛泽东哲学与中国革命经验
毛泽东 哲学讲义 中国化语言,0539_毛泽东_哲学讲义_中国化语言.md,毛泽东 马克思主义哲学 中国化,0615_毛泽东_马克思主义哲学_中国化.md,21.94,毛泽东哲学与中国革命经验
毛泽东 哲学讲义 中国化语言,0539_毛泽东_哲学讲义_中国化语言.md,毛泽东 马克思主义哲学中国化,1748_毛泽东_马克思主义哲学中国化.md,21.94,毛泽东哲学与中国革命经验
毛泽东 哲学讲义 中国化语言,0539_毛泽东_哲学讲义_中国化语言.md,马克思主义中国化 毛泽东 提法,1804_马克思主义中国化_毛泽东_提法.md,21.94,毛泽东哲学与中国革命经验
毛泽东 哲学讲义 中国化语言,0539_毛泽东_哲学讲义_中国化语言.md,调查研究 毛泽东 哲学,0550_调查研究_毛泽东_哲学.md,21.67,毛泽东哲学与中国革命经验
毛泽东 哲学讲义 中国化语言,0539_毛泽东_哲学讲义_中国化语言.md,毛泽东 哲学 民族事业,0633_毛泽东_哲学_民族事业.md,21.67,毛泽东哲学与中国革命经验
哲学 党性 阶级性 毛泽东,0540_哲学_党性_阶级性_毛泽东.md,哲学 阶级性 党性 抗战,1581_哲学_阶级性_党性_抗战.md,32.69,毛泽东哲学与中国革命经验
哲学 党性 阶级性 毛泽东,0540_哲学_党性_阶级性_毛泽东.md,调查研究 毛泽东 哲学,0550_调查研究_毛泽东_哲学.md,20.36,毛泽东哲学与中国革命经验
哲学 党性 阶级性 毛泽东,0540_哲学_党性_阶级性_毛泽东.md,毛泽东 哲学 民族事业,0633_毛泽东_哲学_民族事业.md,20.36,毛泽东哲学与中国革命经验
哲学 党性 阶级性 毛泽东,0540_哲学_党性_阶级性_毛泽东.md,抗战胜利 必然性 毛泽东,0595_抗战胜利_必然性_毛泽东.md,20.0,毛泽东哲学与中国革命经验
哲学 党性 阶级性 毛泽东,0540_哲学_党性_阶级性_毛泽东.md,毛泽东 延安时期 哲学思想,0536_毛泽东_延安时期_哲学思想.md,19.69,毛泽东哲学与中国革命经验
反映论 真理论 实践论 毛泽东,0541_反映论_真理论_实践论_毛泽东.md,瞿秋白 真理论 反映论,0337_瞿秋白_真理论_反映论.md,36.67,毛泽东哲学思想与中国革命经验
反映论 真理论 实践论 毛泽东,0541_反映论_真理论_实践论_毛泽东.md,毛泽东 实践论 认识论,1686_毛泽东_实践论_认识论.md,36.67,毛泽东哲学思想与中国革命经验
反映论 真理论 实践论 毛泽东,0541_反映论_真理论_实践论_毛泽东.md,毛泽东 实践论 中国传统哲学,0570_毛泽东_实践论_中国传统哲学.md,35.56,毛泽东哲学思想与中国革命经验
反映论 真理论 实践论 毛泽东,0541_反映论_真理论_实践论_毛泽东.md,实践论 矛盾论 毛泽东哲学,0543_实践论_矛盾论_毛泽东哲学.md,22.81,毛泽东哲学思想与中国革命经验
反映论 真理论 实践论 毛泽东,0541_反映论_真理论_实践论_毛泽东.md,红色政权 理论 毛泽东,0535_红色政权_理论_毛泽东.md,21.67,毛泽东哲学思想与中国革命经验
唯物辩证法 矛盾统一法则 毛泽东,0542_唯物辩证法_矛盾统一法则_毛泽东.md,矛盾统一律 唯物辩证法 法则,1553_矛盾统一律_唯物辩证法_法则.md,37.5,辩证唯物主义体系
唯物辩证法 矛盾统一法则 毛泽东,0542_唯物辩证法_矛盾统一法则_毛泽东.md,质量互变律 唯物辩证法 法则,1554_质量互变律_唯物辩证法_法则.md,31.58,辩证唯物主义体系
唯物辩证法 矛盾统一法则 毛泽东,0542_唯物辩证法_矛盾统一法则_毛泽东.md,否定之否定律 唯物辩证法 法则,1555_否定之否定律_唯物辩证法_法则.md,31.58,辩证唯物主义体系
唯物辩证法 矛盾统一法则 毛泽东,0542_唯物辩证法_矛盾统一法则_毛泽东.md,唯物辩证法 风靡全国,1026_唯物辩证法_风靡全国.md,30.88,辩证唯物主义体系
唯物辩证法 矛盾统一法则 毛泽东,0542_唯物辩证法_矛盾统一法则_毛泽东.md,唯物辩证法 风靡 起点,1027_唯物辩证法_风靡_起点.md,30.88,辩证唯物主义体系
实践论 矛盾论 毛泽东哲学,0543_实践论_矛盾论_毛泽东哲学.md,实践论 矛盾论 中国化,0617_实践论_矛盾论_中国化.md,39.62,实践论矛盾论与马克思主义中国化
实践论 矛盾论 毛泽东哲学,0543_实践论_矛盾论_毛泽东哲学.md,实践论 矛盾论 主要内容,0510_实践论_矛盾论_主要内容.md,38.93,实践论矛盾论与马克思主义中国化
实践论 矛盾论 毛泽东哲学,0543_实践论_矛盾论_毛泽东哲学.md,实践论 矛盾论 重大意义,0511_实践论_矛盾论_重大意义.md,38.93,实践论矛盾论与马克思主义中国化
实践论 矛盾论 毛泽东哲学,0543_实践论_矛盾论_毛泽东哲学.md,学习宣传 实践论 矛盾论,0565_学习宣传_实践论_矛盾论.md,38.93,实践论矛盾论与马克思主义中国化
实践论 矛盾论 毛泽东哲学,0543_实践论_矛盾论_毛泽东哲学.md,实践论 矛盾论 主要贡献,0588_实践论_矛盾论_主要贡献.md,38.93,实践论矛盾论与马克思主义中国化
毛泽东哲学思想 理论形态,0544_毛泽东哲学思想_理论形态.md,毛泽东哲学思想 中国化形态,0497_毛泽东哲学思想_中国化形态.md,47.5,毛泽东哲学与中国革命经验
毛泽东哲学思想 理论形态,0544_毛泽东哲学思想_理论形态.md,毛泽东哲学思想 历史地位,0545_毛泽东哲学思想_历史地位.md,45.71,毛泽东哲学与中国革命经验
毛泽东哲学思想 理论形态,0544_毛泽东哲学思想_理论形态.md,毛泽东哲学思想 特点 贡献,0626_毛泽东哲学思想_特点_贡献.md,45.71,毛泽东哲学与中国革命经验
毛泽东哲学思想 理论形态,0544_毛泽东哲学思想_理论形态.md,毛泽东哲学思想 研究 新拓展,0496_毛泽东哲学思想_研究_新拓展.md,45.0,毛泽东哲学与中国革命经验
毛泽东哲学思想 理论形态,0544_毛泽东哲学思想_理论形态.md,毛泽东哲学思想 多方面展开,0594_毛泽东哲学思想_多方面展开.md,45.0,毛泽东哲学与中国革命经验
毛泽东哲学思想 历史地位,0545_毛泽东哲学思想_历史地位.md,毛泽东哲学思想 理论形态,0544_毛泽东哲学思想_理论形态.md,45.71,毛泽东哲学与中国革命经验
毛泽东哲学思想 历史地位,0545_毛泽东哲学思想_历史地位.md,毛泽东哲学思想 特点 贡献,0626_毛泽东哲学思想_特点_贡献.md,45.71,毛泽东哲学与中国革命经验
毛泽东哲学思想 历史地位,0545_毛泽东哲学思想_历史地位.md,毛泽东哲学思想 研究 新拓展,0496_毛泽东哲学思想_研究_新拓展.md,45.0,毛泽东哲学与中国革命经验
毛泽东哲学思想 历史地位,0545_毛泽东哲学思想_历史地位.md,毛泽东哲学思想 中国化形态,0497_毛泽东哲学思想_中国化形态.md,45.0,毛泽东哲学与中国革命经验
毛泽东哲学思想 历史地位,0545_毛泽东哲学思想_历史地位.md,毛泽东哲学思想 多方面展开,0594_毛泽东哲学思想_多方面展开.md,45.0,毛泽东哲学与中国革命经验
克服主观主义 实事求是 思想路线,0546_克服主观主义_实事求是_思想路线.md,实事求是 思想路线 延安,0597_实事求是_思想路线_延安.md,51.67,实事求是与群众路线
克服主观主义 实事求是 思想路线,0546_克服主观主义_实事求是_思想路线.md,实事求是 上升为 党的思想路线,0547_实事求是_上升为_党的思想路线.md,27.89,实事求是与群众路线
克服主观主义 实事求是 思想路线,0546_克服主观主义_实事求是_思想路线.md,实事求是 解放思想,0611_实事求是_解放思想.md,26.25,实事求是与群众路线
克服主观主义 实事求是 思想路线,0546_克服主观主义_实事求是_思想路线.md,实事求是 毛泽东思想 精髓,0491_实事求是_毛泽东思想_精髓.md,25.26,实事求是与群众路线
克服主观主义 实事求是 思想路线,0546_克服主观主义_实事求是_思想路线.md,解放思想 实事求是 哲学发展,0568_解放思想_实事求是_哲学发展.md,25.0,实事求是与群众路线
实事求是 上升为 党的思想路线,0547_实事求是_上升为_党的思想路线.md,实事求是 思想路线 延安,0597_实事求是_思想路线_延安.md,30.0,实事求是与群众路线
实事求是 上升为 党的思想路线,0547_实事求是_上升为_党的思想路线.md,克服主观主义 实事求是 思想路线,0546_克服主观主义_实事求是_思想路线.md,27.89,实事求是与群众路线
实事求是 上升为 党的思想路线,0547_实事求是_上升为_党的思想路线.md,实事求是 解放思想,0611_实事求是_解放思想.md,26.67,实事求是与群众路线
实事求是 上升为 党的思想路线,0547_实事求是_上升为_党的思想路线.md,实事求是 毛泽东思想 精髓,0491_实事求是_毛泽东思想_精髓.md,25.56,实事求是与群众路线
实事求是 上升为 党的思想路线,0547_实事求是_上升为_党的思想路线.md,解放思想 实事求是 哲学发展,0568_解放思想_实事求是_哲学发展.md,25.26,实事求是与群众路线
一切从实际出发 毛泽东,0548_一切从实际出发_毛泽东.md,理论联系实际 毛泽东,0549_理论联系实际_毛泽东.md,20.36,毛泽东哲学与中国革命经验
一切从实际出发 毛泽东,0548_一切从实际出发_毛泽东.md,毛泽东 重视实际 唯物论,0579_毛泽东_重视实际_唯物论.md,20.0,毛泽东哲学与中国革命经验
一切从实际出发 毛泽东,0548_一切从实际出发_毛泽东.md,毛泽东 世界观 转变,0573_毛泽东_世界观_转变.md,18.57,毛泽东哲学与中国革命经验
一切从实际出发 毛泽东,0548_一切从实际出发_毛泽东.md,矛盾论 辩证 毛泽东,0630_矛盾论_辩证_毛泽东.md,18.57,毛泽东哲学与中国革命经验
一切从实际出发 毛泽东,0548_一切从实际出发_毛泽东.md,毛泽东 马克思列宁主义 中国革命实际,0862_毛泽东_马克思列宁主义_中国革命实际.md,18.57,毛泽东哲学与中国革命经验
理论联系实际 毛泽东,0549_理论联系实际_毛泽东.md,红色政权 理论 毛泽东,0535_红色政权_理论_毛泽东.md,20.77,哲学基本范畴与辩证法原理
理论联系实际 毛泽东,0549_理论联系实际_毛泽东.md,一切从实际出发 毛泽东,0548_一切从实际出发_毛泽东.md,20.36,哲学基本范畴与辩证法原理
理论联系实际 毛泽东,0549_理论联系实际_毛泽东.md,毛泽东 重视实际 唯物论,0579_毛泽东_重视实际_唯物论.md,20.36,哲学基本范畴与辩证法原理
理论联系实际 毛泽东,0549_理论联系实际_毛泽东.md,农村包围城市 理论 毛泽东,0534_农村包围城市_理论_毛泽东.md,20.0,哲学基本范畴与辩证法原理
理论联系实际 毛泽东,0549_理论联系实际_毛泽东.md,反映论 真理论 实践论 毛泽东,0541_反映论_真理论_实践论_毛泽东.md,19.69,哲学基本范畴与辩证法原理
调查研究 毛泽东 哲学,0550_调查研究_毛泽东_哲学.md,毛泽东 调查研究 特点,0586_毛泽东_调查研究_特点.md,46.36,实事求是与群众路线
调查研究 毛泽东 哲学,0550_调查研究_毛泽东_哲学.md,调查研究 实事求是 认识论,0608_调查研究_实事求是_认识论.md,25.0,实事求是与群众路线
调查研究 毛泽东 哲学,0550_调查研究_毛泽东_哲学.md,调查研究 认识中国 改造中国,1210_调查研究_认识中国_改造中国.md,25.0,实事求是与群众路线
调查研究 毛泽东 哲学,0550_调查研究_毛泽东_哲学.md,毛泽东 哲学 民族事业,0633_毛泽东_哲学_民族事业.md,23.33,实事求是与群众路线
调查研究 毛泽东 哲学,0550_调查研究_毛泽东_哲学.md,毛泽东 哲学讲义 中国化语言,0539_毛泽东_哲学讲义_中国化语言.md,21.67,实事求是与群众路线
反对本本主义 毛泽东,0551_反对本本主义_毛泽东.md,反对本本主义 毛泽东 哲学思想,0585_反对本本主义_毛泽东_哲学思想.md,61.67,毛泽东哲学与中国革命经验
反对本本主义 毛泽东,0551_反对本本主义_毛泽东.md,反对本本主义 中国革命战争 战略问题,1427_反对本本主义_中国革命战争_战略问题.md,36.94,毛泽东哲学与中国革命经验
反对本本主义 毛泽东,0551_反对本本主义_毛泽东.md,中国马克思主义 毛泽东,1982_中国马克思主义_毛泽东.md,22.69,毛泽东哲学与中国革命经验
反对本本主义 毛泽东,0551_反对本本主义_毛泽东.md,毛泽东 爱国主义 马克思主义,0580_毛泽东_爱国主义_马克思主义.md,20.0,毛泽东哲学与中国革命经验
反对本本主义 毛泽东,0551_反对本本主义_毛泽东.md,毛泽东 新民主主义论 评价,0624_毛泽东_新民主主义论_评价.md,20.0,毛泽东哲学与中国革命经验
群众路线 系统阐述 毛泽东,0552_群众路线_系统阐述_毛泽东.md,群众路线 思想 系统阐述,0521_群众路线_思想_系统阐述.md,51.54,毛泽东哲学思想与中国革命经验
群众路线 系统阐述 毛泽东,0552_群众路线_系统阐述_毛泽东.md,群众路线 毛泽东思想,0492_群众路线_毛泽东思想.md,29.62,毛泽东哲学思想与中国革命经验
群众路线 系统阐述 毛泽东,0552_群众路线_系统阐述_毛泽东.md,群众路线 认识论,0598_群众路线_认识论.md,25.77,毛泽东哲学思想与中国革命经验
群众路线 系统阐述 毛泽东,0552_群众路线_系统阐述_毛泽东.md,群众路线 领导方法,0553_群众路线_领导方法.md,25.36,毛泽东哲学思想与中国革命经验
群众路线 系统阐述 毛泽东,0552_群众路线_系统阐述_毛泽东.md,唯物史观 基本理论 系统阐述,0033_唯物史观_基本理论_系统阐述.md,24.17,毛泽东哲学思想与中国革命经验
群众路线 领导方法,0553_群众路线_领导方法.md,群众路线 认识论,0598_群众路线_认识论.md,27.5,实事求是与群众路线
群众路线 领导方法,0553_群众路线_领导方法.md,群众路线 毛泽东思想,0492_群众路线_毛泽东思想.md,26.25,实事求是与群众路线
群众路线 领导方法,0553_群众路线_领导方法.md,领导方法 工作方法 概括,1363_领导方法_工作方法_概括.md,26.25,实事求是与群众路线
群众路线 领导方法,0553_群众路线_领导方法.md,群众路线 思想 系统阐述,0521_群众路线_思想_系统阐述.md,25.77,实事求是与群众路线
群众路线 领导方法,0553_群众路线_领导方法.md,领导方法 工作方法 毛泽东,0554_领导方法_工作方法_毛泽东.md,25.77,实事求是与群众路线
领导方法 工作方法 毛泽东,0554_领导方法_工作方法_毛泽东.md,领导方法 工作方法 概括,1363_领导方法_工作方法_概括.md,53.64,毛泽东哲学与中国革命经验
领导方法 工作方法 毛泽东,0554_领导方法_工作方法_毛泽东.md,思想方法 工作方法 哲学,1213_思想方法_工作方法_哲学.md,27.69,毛泽东哲学与中国革命经验
领导方法 工作方法 毛泽东,0554_领导方法_工作方法_毛泽东.md,群众路线 领导方法,0553_群众路线_领导方法.md,25.77,毛泽东哲学与中国革命经验
领导方法 工作方法 毛泽东,0554_领导方法_工作方法_毛泽东.md,战略战术 辩证法 毛泽东,0587_战略战术_辩证法_毛泽东.md,20.0,毛泽东哲学与中国革命经验
领导方法 工作方法 毛泽东,0554_领导方法_工作方法_毛泽东.md,中国化 方法论体系 毛泽东,0498_中国化_方法论体系_毛泽东.md,19.69,毛泽东哲学与中国革命经验
历史唯物主义 战争观 毛泽东,0555_历史唯物主义_战争观_毛泽东.md,历史唯物主义 辩证唯物主义,1707_历史唯物主义_辩证唯物主义.md,38.93,毛泽东哲学与中国革命经验
历史唯物主义 战争观 毛泽东,0555_历史唯物主义_战争观_毛泽东.md,历史唯物主义 研讨 争论,0978_历史唯物主义_研讨_争论.md,38.33,毛泽东哲学与中国革命经验
历史唯物主义 战争观 毛泽东,0555_历史唯物主义_战争观_毛泽东.md,历史唯物主义 辩证唯物主义 列宁,1800_历史唯物主义_辩证唯物主义_列宁.md,37.81,毛泽东哲学与中国革命经验
历史唯物主义 战争观 毛泽东,0555_历史唯物主义_战争观_毛泽东.md,人民民主专政 历史唯物主义,0600_人民民主专政_历史唯物主义.md,37.35,毛泽东哲学与中国革命经验
历史唯物主义 战争观 毛泽东,0555_历史唯物主义_战争观_毛泽东.md,辩证唯物主义 历史唯物主义 斯大林,0787_辩证唯物主义_历史唯物主义_斯大林.md,37.35,毛泽东哲学与中国革命经验
战争根源 战争本质 毛泽东,0556_战争根源_战争本质_毛泽东.md,人民战争 思想 毛泽东,0557_人民战争_思想_毛泽东.md,20.36,哲学基本范畴与辩证法原理
战争根源 战争本质 毛泽东,0556_战争根源_战争本质_毛泽东.md,历史唯物主义 战争观 毛泽东,0555_历史唯物主义_战争观_毛泽东.md,19.41,哲学基本范畴与辩证法原理
战争根源 战争本质 毛泽东,0556_战争根源_战争本质_毛泽东.md,毛泽东 世界观 转变,0573_毛泽东_世界观_转变.md,18.57,哲学基本范畴与辩证法原理
战争根源 战争本质 毛泽东,0556_战争根源_战争本质_毛泽东.md,矛盾论 辩证 毛泽东,0630_矛盾论_辩证_毛泽东.md,18.57,哲学基本范畴与辩证法原理
战争根源 战争本质 毛泽东,0556_战争根源_战争本质_毛泽东.md,毛泽东 建党思想 形成,0506_毛泽东_建党思想_形成.md,18.33,哲学基本范畴与辩证法原理
人民战争 思想 毛泽东,0557_人民战争_思想_毛泽东.md,人民战争 战略战术 原则,1217_人民战争_战略战术_原则.md,25.36,毛泽东哲学与中国革命经验
人民战争 思想 毛泽东,0557_人民战争_思想_毛泽东.md,人民战争 战略战术 辩证法,1324_人民战争_战略战术_辩证法.md,25.0,毛泽东哲学与中国革命经验
人民战争 思想 毛泽东,0557_人民战争_思想_毛泽东.md,毛泽东 建党思想 形成,0506_毛泽东_建党思想_形成.md,20.77,毛泽东哲学与中国革命经验
人民战争 思想 毛泽东,0557_人民战争_思想_毛泽东.md,战争根源 战争本质 毛泽东,0556_战争根源_战争本质_毛泽东.md,20.36,毛泽东哲学与中国革命经验
人民战争 思想 毛泽东,0557_人民战争_思想_毛泽东.md,毛泽东 延安时期 哲学思想,0536_毛泽东_延安时期_哲学思想.md,20.0,毛泽东哲学与中国革命经验
新民主主义理论 成熟,0558_新民主主义理论_成熟.md,新民主主义理论 马克思主义中国化,0564_新民主主义理论_马克思主义中国化.md,45.0,新民主主义革命理论与马克思主义中国化
新民主主义理论 成熟,0558_新民主主义理论_成熟.md,新民主主义论,1916_新民主主义论.md,11.11,新民主主义革命理论与马克思主义中国化
新民主主义理论 成熟,0558_新民主主义理论_成熟.md,新民主主义理论体系 系统阐述,0514_新民主主义理论体系_系统阐述.md,10.71,新民主主义革命理论与马克思主义中国化
新民主主义理论 成熟,0558_新民主主义理论_成熟.md,新民主主义 革命 理论 哲学,0596_新民主主义_革命_理论_哲学.md,9.62,新民主主义革命理论与马克思主义中国化
新民主主义理论 成熟,0558_新民主主义理论_成熟.md,新民主主义 话语权,1649_新民主主义_话语权.md,9.09,新民主主义革命理论与马克思主义中国化
新民主主义 经济 政治 文化,0559_新民主主义_经济_政治_文化.md,新民主主义 政治经济文化纲领,0517_新民主主义_政治经济文化纲领.md,36.67,新民主主义革命理论与马克思主义中国化
新民主主义 经济 政治 文化,0559_新民主主义_经济_政治_文化.md,新民主主义 话语权,1649_新民主主义_话语权.md,32.69,新民主主义革命理论与马克思主义中国化
新民主主义 经济 政治 文化,0559_新民主主义_经济_政治_文化.md,新民主主义 构想 实践,0525_新民主主义_构想_实践.md,32.14,新民主主义革命理论与马克思主义中国化
新民主主义 经济 政治 文化,0559_新民主主义_经济_政治_文化.md,新启蒙运动 新民主主义 文化思想,1801_新启蒙运动_新民主主义_文化思想.md,31.94,新民主主义革命理论与马克思主义中国化
新民主主义 经济 政治 文化,0559_新民主主义_经济_政治_文化.md,新民主主义 社会主义 关系,0527_新民主主义_社会主义_关系.md,31.67,新民主主义革命理论与马克思主义中国化
新民主主义 基本纲领 最高纲领,0560_新民主主义_基本纲领_最高纲领.md,新民主主义 话语权,1649_新民主主义_话语权.md,32.14,新民主主义革命理论与马克思主义中国化
新民主主义 基本纲领 最高纲领,0560_新民主主义_基本纲领_最高纲领.md,新民主主义 政治经济文化纲领,0517_新民主主义_政治经济文化纲领.md,31.94,新民主主义革命理论与马克思主义中国化
新民主主义 基本纲领 最高纲领,0560_新民主主义_基本纲领_最高纲领.md,新民主主义 构想 实践,0525_新民主主义_构想_实践.md,31.67,新民主主义革命理论与马克思主义中国化
新民主主义 基本纲领 最高纲领,0560_新民主主义_基本纲领_最高纲领.md,新民主主义 社会主义 关系,0527_新民主主义_社会主义_关系.md,31.25,新民主主义革命理论与马克思主义中国化
新民主主义 基本纲领 最高纲领,0560_新民主主义_基本纲领_最高纲领.md,新民主主义 经济 政治 文化,0559_新民主主义_经济_政治_文化.md,30.88,新民主主义革命理论与马克思主义中国化
新民主主义 发展资本主义 关系,0561_新民主主义_发展资本主义_关系.md,新民主主义 社会主义 关系,0527_新民主主义_社会主义_关系.md,35.71,新民主主义革命理论与马克思主义中国化
新民主主义 发展资本主义 关系,0561_新民主主义_发展资本主义_关系.md,新民主主义 话语权,1649_新民主主义_话语权.md,32.14,新民主主义革命理论与马克思主义中国化
新民主主义 发展资本主义 关系,0561_新民主主义_发展资本主义_关系.md,新民主主义 构想 实践,0525_新民主主义_构想_实践.md,31.67,新民主主义革命理论与马克思主义中国化
新民主主义 发展资本主义 关系,0561_新民主主义_发展资本主义_关系.md,新民主主义 经济 政治 文化,0559_新民主主义_经济_政治_文化.md,30.88,新民主主义革命理论与马克思主义中国化
新民主主义 发展资本主义 关系,0561_新民主主义_发展资本主义_关系.md,新民主主义 革命 理论 哲学,0596_新民主主义_革命_理论_哲学.md,30.88,新民主主义革命理论与马克思主义中国化
新民主主义 国家 人民民主专政,0562_新民主主义_国家_人民民主专政.md,人民民主专政 历史唯物主义,0600_人民民主专政_历史唯物主义.md,39.38,新民主主义革命理论与马克思主义中国化
新民主主义 国家 人民民主专政,0562_新民主主义_国家_人民民主专政.md,新民主主义 话语权,1649_新民主主义_话语权.md,32.14,新民主主义革命理论与马克思主义中国化
新民主主义 国家 人民民主专政,0562_新民主主义_国家_人民民主专政.md,新民主主义 构想 实践,0525_新民主主义_构想_实践.md,31.67,新民主主义革命理论与马克思主义中国化
新民主主义 国家 人民民主专政,0562_新民主主义_国家_人民民主专政.md,新民主主义 社会主义 关系,0527_新民主主义_社会主义_关系.md,31.25,新民主主义革命理论与马克思主义中国化
新民主主义 国家 人民民主专政,0562_新民主主义_国家_人民民主专政.md,新民主主义 经济 政治 文化,0559_新民主主义_经济_政治_文化.md,30.88,新民主主义革命理论与马克思主义中国化
新民主主义论 哲学思想,0563_新民主主义论_哲学思想.md,新民主主义论,1916_新民主主义论.md,43.89,新民主主义革命理论与马克思主义中国化
新民主主义论 哲学思想,0563_新民主主义论_哲学思想.md,新民主主义论 再评价,0623_新民主主义论_再评价.md,40.42,新民主主义革命理论与马克思主义中国化
新民主主义论 哲学思想,0563_新民主主义论_哲学思想.md,毛泽东 新民主主义论 评价,0624_毛泽东_新民主主义论_评价.md,38.93,新民主主义革命理论与马克思主义中国化
新民主主义论 哲学思想,0563_新民主主义论_哲学思想.md,布列斯特和约 争论 哲学思想,1250_布列斯特和约_争论_哲学思想.md,26.25,新民主主义革命理论与马克思主义中国化
新民主主义论 哲学思想,0563_新民主主义论_哲学思想.md,反对本本主义 毛泽东 哲学思想,0585_反对本本主义_毛泽东_哲学思想.md,25.88,新民主主义革命理论与马克思主义中国化
新民主主义理论 马克思主义中国化,0564_新民主主义理论_马克思主义中国化.md,新民主主义革命理论 马克思主义中国化,0503_新民主主义革命理论_马克思主义中国化.md,58.75,新民主主义革命理论与马克思主义中国化
新民主主义理论 马克思主义中国化,0564_新民主主义理论_马克思主义中国化.md,邓小平理论 马克思主义中国化,0646_邓小平理论_马克思主义中国化.md,54.06,新民主主义革命理论与马克思主义中国化
新民主主义理论 马克思主义中国化,0564_新民主主义理论_马克思主义中国化.md,新民主主义革命 马克思主义中国化 主题,0502_新民主主义革命_马克思主义中国化_主题.md,53.89,新民主主义革命理论与马克思主义中国化
新民主主义理论 马克思主义中国化,0564_新民主主义理论_马克思主义中国化.md,马克思主义中国化 理论困境,1178_马克思主义中国化_理论困境.md,52.5,新民主主义革命理论与马克思主义中国化
新民主主义理论 马克思主义中国化,0564_新民主主义理论_马克思主义中国化.md,马克思主义中国化 前瞻,1180_马克思主义中国化_前瞻.md,51.67,新民主主义革命理论与马克思主义中国化
学习宣传 实践论 矛盾论,0565_学习宣传_实践论_矛盾论.md,实践论 学习宣传 新中国,0566_实践论_学习宣传_新中国.md,44.62,实践论矛盾论与马克思主义中国化
学习宣传 实践论 矛盾论,0565_学习宣传_实践论_矛盾论.md,矛盾论 学习宣传 新中国,0567_矛盾论_学习宣传_新中国.md,44.62,实践论矛盾论与马克思主义中国化
学习宣传 实践论 矛盾论,0565_学习宣传_实践论_矛盾论.md,实践论 矛盾论 中国化,0617_实践论_矛盾论_中国化.md,40.42,实践论矛盾论与马克思主义中国化
学习宣传 实践论 矛盾论,0565_学习宣传_实践论_矛盾论.md,实践论 矛盾论 主要内容,0510_实践论_矛盾论_主要内容.md,39.62,实践论矛盾论与马克思主义中国化
学习宣传 实践论 矛盾论,0565_学习宣传_实践论_矛盾论.md,实践论 矛盾论 重大意义,0511_实践论_矛盾论_重大意义.md,39.62,实践论矛盾论与马克思主义中国化
实践论 学习宣传 新中国,0566_实践论_学习宣传_新中国.md,矛盾论 学习宣传 新中国,0567_矛盾论_学习宣传_新中国.md,50.91,实践论矛盾论与马克思主义中国化
实践论 学习宣传 新中国,0566_实践论_学习宣传_新中国.md,学习宣传 实践论 矛盾论,0565_学习宣传_实践论_矛盾论.md,44.62,实践论矛盾论与马克思主义中国化
实践论 学习宣传 新中国,0566_实践论_学习宣传_新中国.md,建国初期 马克思主义哲学 学习宣传,1340_建国初期_马克思主义哲学_学习宣传.md,23.75,实践论矛盾论与马克思主义中国化
实践论 学习宣传 新中国,0566_实践论_学习宣传_新中国.md,实践论,1864_实践论.md,20.56,实践论矛盾论与马克思主义中国化
实践论 学习宣传 新中国,0566_实践论_学习宣传_新中国.md,实践论 矛盾论 中国化,0617_实践论_矛盾论_中国化.md,20.36,实践论矛盾论与马克思主义中国化
矛盾论 学习宣传 新中国,0567_矛盾论_学习宣传_新中国.md,实践论 学习宣传 新中国,0566_实践论_学习宣传_新中国.md,50.91,实践论矛盾论与马克思主义中国化
矛盾论 学习宣传 新中国,0567_矛盾论_学习宣传_新中国.md,学习宣传 实践论 矛盾论,0565_学习宣传_实践论_矛盾论.md,44.62,实践论矛盾论与马克思主义中国化
矛盾论 学习宣传 新中国,0567_矛盾论_学习宣传_新中国.md,建国初期 马克思主义哲学 学习宣传,1340_建国初期_马克思主义哲学_学习宣传.md,23.75,实践论矛盾论与马克思主义中国化
矛盾论 学习宣传 新中国,0567_矛盾论_学习宣传_新中国.md,矛盾论,1862_矛盾论.md,20.56,实践论矛盾论与马克思主义中国化
矛盾论 学习宣传 新中国,0567_矛盾论_学习宣传_新中国.md,实践论 矛盾论 中国化,0617_实践论_矛盾论_中国化.md,20.36,实践论矛盾论与马克思主义中国化
解放思想 实事求是 哲学发展,0568_解放思想_实事求是_哲学发展.md,实事求是 解放思想,0611_实事求是_解放思想.md,52.5,实事求是与群众路线
解放思想 实事求是 哲学发展,0568_解放思想_实事求是_哲学发展.md,实事求是 思想路线 延安,0597_实事求是_思想路线_延安.md,26.25,实事求是与群众路线
解放思想 实事求是 哲学发展,0568_解放思想_实事求是_哲学发展.md,实事求是 毛泽东思想 精髓,0491_实事求是_毛泽东思想_精髓.md,25.88,实事求是与群众路线
解放思想 实事求是 哲学发展,0568_解放思想_实事求是_哲学发展.md,实事求是 上升为 党的思想路线,0547_实事求是_上升为_党的思想路线.md,25.26,实事求是与群众路线
解放思想 实事求是 哲学发展,0568_解放思想_实事求是_哲学发展.md,克服主观主义 实事求是 思想路线,0546_克服主观主义_实事求是_思想路线.md,25.0,实事求是与群众路线
毛泽东 艾奇逊 中国无根 论,0569_毛泽东_艾奇逊_中国无根_论.md,中国马克思主义 毛泽东,1982_中国马克思主义_毛泽东.md,19.69,毛泽东哲学与中国革命经验
毛泽东 艾奇逊 中国无根 论,0569_毛泽东_艾奇逊_中国无根_论.md,中国化 方法论体系 毛泽东,0498_中国化_方法论体系_毛泽东.md,19.41,毛泽东哲学与中国革命经验
毛泽东 艾奇逊 中国无根 论,0569_毛泽东_艾奇逊_中国无根_论.md,农民问题 中国革命 毛泽东,0582_农民问题_中国革命_毛泽东.md,19.41,毛泽东哲学与中国革命经验
毛泽东 艾奇逊 中国无根 论,0569_毛泽东_艾奇逊_中国无根_论.md,中国革命 特殊道路 毛泽东,0583_中国革命_特殊道路_毛泽东.md,19.41,毛泽东哲学与中国革命经验
毛泽东 艾奇逊 中国无根 论,0569_毛泽东_艾奇逊_中国无根_论.md,中国革命 道路 特点 毛泽东,0616_中国革命_道路_特点_毛泽东.md,19.41,毛泽东哲学与中国革命经验
毛泽东 实践论 中国传统哲学,0570_毛泽东_实践论_中国传统哲学.md,毛泽东 实践论 认识论,1686_毛泽东_实践论_认识论.md,38.93,毛泽东哲学思想与中国革命经验
毛泽东 实践论 中国传统哲学,0570_毛泽东_实践论_中国传统哲学.md,中国传统哲学 精华 发掘,1492_中国传统哲学_精华_发掘.md,38.33,毛泽东哲学思想与中国革命经验
毛泽东 实践论 中国传统哲学,0570_毛泽东_实践论_中国传统哲学.md,唯物史观 研究 中国传统哲学,0042_唯物史观_研究_中国传统哲学.md,37.35,毛泽东哲学思想与中国革命经验
毛泽东 实践论 中国传统哲学,0570_毛泽东_实践论_中国传统哲学.md,马克思主义哲学 中国传统哲学 结合,1417_马克思主义哲学_中国传统哲学_结合.md,36.58,毛泽东哲学思想与中国革命经验
毛泽东 实践论 中国传统哲学,0570_毛泽东_实践论_中国传统哲学.md,马克思主义哲学 中国传统哲学 形态,1797_马克思主义哲学_中国传统哲学_形态.md,36.58,毛泽东哲学思想与中国革命经验
毛泽东 矛盾论 中国哲学传统,0571_毛泽东_矛盾论_中国哲学传统.md,毛泽东 矛盾论 主要矛盾,1687_毛泽东_矛盾论_主要矛盾.md,38.93,实践论矛盾论与马克思主义中国化
毛泽东 矛盾论 中国哲学传统,0571_毛泽东_矛盾论_中国哲学传统.md,矛盾论 辩证 毛泽东,0630_矛盾论_辩证_毛泽东.md,37.14,实践论矛盾论与马克思主义中国化
毛泽东 矛盾论 中国哲学传统,0571_毛泽东_矛盾论_中国哲学传统.md,马克思主义哲学中国化 中国哲学传统,0725_马克思主义哲学中国化_中国哲学传统.md,36.58,实践论矛盾论与马克思主义中国化
毛泽东 矛盾论 中国哲学传统,0571_毛泽东_矛盾论_中国哲学传统.md,马克思主义哲学 中国哲学传统 结合,0726_马克思主义哲学_中国哲学传统_结合.md,36.58,实践论矛盾论与马克思主义中国化
毛泽东 矛盾论 中国哲学传统,0571_毛泽东_矛盾论_中国哲学传统.md,毛泽东 实践论 中国传统哲学,0570_毛泽东_实践论_中国传统哲学.md,24.38,实践论矛盾论与马克思主义中国化
毛泽东哲学 中国哲学现代传统,0572_毛泽东哲学_中国哲学现代传统.md,毛泽东哲学 中国现代哲学,0628_毛泽东哲学_中国现代哲学.md,38.46,中国哲学传统与现代转型
毛泽东哲学 中国哲学现代传统,0572_毛泽东哲学_中国哲学现代传统.md,毛泽东哲学 马克思主义哲学中国化,1893_毛泽东哲学_马克思主义哲学中国化.md,33.33,中国哲学传统与现代转型
毛泽东哲学 中国哲学现代传统,0572_毛泽东哲学_中国哲学现代传统.md,思维方式 毛泽东哲学,1806_思维方式_毛泽东哲学.md,31.67,中国哲学传统与现代转型
毛泽东哲学 中国哲学现代传统,0572_毛泽东哲学_中国哲学现代传统.md,实践论 矛盾论 毛泽东哲学,0543_实践论_矛盾论_毛泽东哲学.md,30.88,中国哲学传统与现代转型
毛泽东哲学 中国哲学现代传统,0572_毛泽东哲学_中国哲学现代传统.md,辩证法唯物论 毛泽东哲学,1821_辩证法唯物论_毛泽东哲学.md,30.88,中国哲学传统与现代转型
毛泽东 世界观 转变,0573_毛泽东_世界观_转变.md,毛泽东 共产主义 辩证唯物主义 转变,0577_毛泽东_共产主义_辩证唯物主义_转变.md,29.41,思想方法与世界观教育
毛泽东 世界观 转变,0573_毛泽东_世界观_转变.md,矛盾论 辩证 毛泽东,0630_矛盾论_辩证_毛泽东.md,19.17,思想方法与世界观教育
毛泽东 世界观 转变,0573_毛泽东_世界观_转变.md,思想方法论 世界观 方法论,0416_思想方法论_世界观_方法论.md,18.85,思想方法与世界观教育
毛泽东 世界观 转变,0573_毛泽东_世界观_转变.md,毛泽东 建党思想 形成,0506_毛泽东_建党思想_形成.md,18.85,思想方法与世界观教育
毛泽东 世界观 转变,0573_毛泽东_世界观_转变.md,红色政权 理论 毛泽东,0535_红色政权_理论_毛泽东.md,18.85,思想方法与世界观教育
毛泽东 革命民主主义 近代唯物主义,0574_毛泽东_革命民主主义_近代唯物主义.md,毛泽东 唯心主义 近代唯物主义,0575_毛泽东_唯心主义_近代唯物主义.md,57.5,中国近代启蒙与民主革命
毛泽东 革命民主主义 近代唯物主义,0574_毛泽东_革命民主主义_近代唯物主义.md,毛泽东 新民主主义论 评价,0624_毛泽东_新民主主义论_评价.md,21.94,中国近代启蒙与民主革命
毛泽东 革命民主主义 近代唯物主义,0574_毛泽东_革命民主主义_近代唯物主义.md,历史唯物主义 战争观 毛泽东,0555_历史唯物主义_战争观_毛泽东.md,21.58,中国近代启蒙与民主革命
毛泽东 革命民主主义 近代唯物主义,0574_毛泽东_革命民主主义_近代唯物主义.md,毛泽东 激进民主主义 空想社会主义,0576_毛泽东_激进民主主义_空想社会主义.md,20.95,中国近代启蒙与民主革命
毛泽东 革命民主主义 近代唯物主义,0574_毛泽东_革命民主主义_近代唯物主义.md,毛泽东 共产主义 辩证唯物主义 转变,0577_毛泽东_共产主义_辩证唯物主义_转变.md,20.95,中国近代启蒙与民主革命
毛泽东 唯心主义 近代唯物主义,0575_毛泽东_唯心主义_近代唯物主义.md,毛泽东 革命民主主义 近代唯物主义,0574_毛泽东_革命民主主义_近代唯物主义.md,57.5,毛泽东哲学与中国革命经验
毛泽东 唯心主义 近代唯物主义,0575_毛泽东_唯心主义_近代唯物主义.md,唯心主义 唯物主义,1721_唯心主义_唯物主义.md,30.42,毛泽东哲学与中国革命经验
毛泽东 唯心主义 近代唯物主义,0575_毛泽东_唯心主义_近代唯物主义.md,唯心主义 辩证唯物主义,1766_唯心主义_辩证唯物主义.md,28.93,毛泽东哲学与中国革命经验
毛泽东 唯心主义 近代唯物主义,0575_毛泽东_唯心主义_近代唯物主义.md,唯心主义 黑格尔,1724_唯心主义_黑格尔.md,25.36,毛泽东哲学与中国革命经验
毛泽东 唯心主义 近代唯物主义,0575_毛泽东_唯心主义_近代唯物主义.md,唯心主义 马赫主义,1728_唯心主义_马赫主义.md,25.36,毛泽东哲学与中国革命经验
毛泽东 激进民主主义 空想社会主义,0576_毛泽东_激进民主主义_空想社会主义.md,毛泽东 新民主主义论 评价,0624_毛泽东_新民主主义论_评价.md,21.94,中国近代启蒙与民主革命
毛泽东 激进民主主义 空想社会主义,0576_毛泽东_激进民主主义_空想社会主义.md,毛泽东 社会主义道路 哲学思想,0627_毛泽东_社会主义道路_哲学思想.md,21.25,中国近代启蒙与民主革命
毛泽东 激进民主主义 空想社会主义,0576_毛泽东_激进民主主义_空想社会主义.md,毛泽东 革命民主主义 近代唯物主义,0574_毛泽东_革命民主主义_近代唯物主义.md,20.95,中国近代启蒙与民主革命
毛泽东 激进民主主义 空想社会主义,0576_毛泽东_激进民主主义_空想社会主义.md,大同 理想社会 毛泽东,0621_大同_理想社会_毛泽东.md,20.88,中国近代启蒙与民主革命
毛泽东 激进民主主义 空想社会主义,0576_毛泽东_激进民主主义_空想社会主义.md,反对本本主义 毛泽东,0551_反对本本主义_毛泽东.md,19.17,中国近代启蒙与民主革命
毛泽东 共产主义 辩证唯物主义 转变,0577_毛泽东_共产主义_辩证唯物主义_转变.md,历史唯物主义 辩证唯物主义,1707_历史唯物主义_辩证唯物主义.md,40.0,毛泽东哲学与中国革命经验
毛泽东 共产主义 辩证唯物主义 转变,0577_毛泽东_共产主义_辩证唯物主义_转变.md,唯心主义 辩证唯物主义,1766_唯心主义_辩证唯物主义.md,40.0,毛泽东哲学与中国革命经验
毛泽东 共产主义 辩证唯物主义 转变,0577_毛泽东_共产主义_辩证唯物主义_转变.md,历史唯物主义 辩证唯物主义 列宁,1800_历史唯物主义_辩证唯物主义_列宁.md,38.82,毛泽东哲学与中国革命经验
毛泽东 共产主义 辩证唯物主义 转变,0577_毛泽东_共产主义_辩证唯物主义_转变.md,辩证唯物主义 研讨 争论,0981_辩证唯物主义_研讨_争论.md,37.35,毛泽东哲学与中国革命经验
毛泽东 共产主义 辩证唯物主义 转变,0577_毛泽东_共产主义_辩证唯物主义_转变.md,瞿秋白 辩证唯物主义 传播,0335_瞿秋白_辩证唯物主义_传播.md,36.94,毛泽东哲学与中国革命经验
毛泽东 唯物史观 初步确立,0578_毛泽东_唯物史观_初步确立.md,毛泽东 唯物史观 传播 应用,0614_毛泽东_唯物史观_传播_应用.md,45.71,毛泽东哲学与中国革命经验
毛泽东 唯物史观 初步确立,0578_毛泽东_唯物史观_初步确立.md,李大钊 唯物史观 初步应用,0272_李大钊_唯物史观_初步应用.md,28.33,毛泽东哲学与中国革命经验
毛泽东 唯物史观 初步确立,0578_毛泽东_唯物史观_初步确立.md,唯物史观 谈政治,0032_唯物史观_谈政治.md,25.77,毛泽东哲学与中国革命经验
毛泽东 唯物史观 初步确立,0578_毛泽东_唯物史观_初步确立.md,唯物史观 李大钊,1775_唯物史观_李大钊.md,25.77,毛泽东哲学与中国革命经验
毛泽东 唯物史观 初步确立,0578_毛泽东_唯物史观_初步确立.md,唯物史观 传播热潮,0064_唯物史观_传播热潮.md,25.36,毛泽东哲学与中国革命经验
毛泽东 重视实际 唯物论,0579_毛泽东_重视实际_唯物论.md,辩证法唯物论 讲授提纲 毛泽东,0537_辩证法唯物论_讲授提纲_毛泽东.md,20.88,毛泽东哲学与中国革命经验
毛泽东 重视实际 唯物论,0579_毛泽东_重视实际_唯物论.md,毛泽东 辩证法唯物论教程 批注,1685_毛泽东_辩证法唯物论教程_批注.md,20.88,毛泽东哲学与中国革命经验
毛泽东 重视实际 唯物论,0579_毛泽东_重视实际_唯物论.md,理论联系实际 毛泽东,0549_理论联系实际_毛泽东.md,20.36,毛泽东哲学与中国革命经验
毛泽东 重视实际 唯物论,0579_毛泽东_重视实际_唯物论.md,一切从实际出发 毛泽东,0548_一切从实际出发_毛泽东.md,20.0,毛泽东哲学与中国革命经验
毛泽东 重视实际 唯物论,0579_毛泽东_重视实际_唯物论.md,毛泽东 唯物史观 初步确立,0578_毛泽东_唯物史观_初步确立.md,19.69,毛泽东哲学与中国革命经验
毛泽东 爱国主义 马克思主义,0580_毛泽东_爱国主义_马克思主义.md,中国马克思主义 毛泽东,1982_中国马克思主义_毛泽东.md,26.54,马克思恩格斯经典文本与哲学关系
毛泽东 爱国主义 马克思主义,0580_毛泽东_爱国主义_马克思主义.md,毛泽东 马克思主义哲学研究,1756_毛泽东_马克思主义哲学研究.md,25.0,马克思恩格斯经典文本与哲学关系
毛泽东 爱国主义 马克思主义,0580_毛泽东_爱国主义_马克思主义.md,毛泽东 马克思主义哲学 中国化,0615_毛泽东_马克思主义哲学_中国化.md,24.38,马克思恩格斯经典文本与哲学关系
毛泽东 爱国主义 马克思主义,0580_毛泽东_爱国主义_马克思主义.md,毛泽东 马克思主义哲学中国化,1748_毛泽东_马克思主义哲学中国化.md,24.38,马克思恩格斯经典文本与哲学关系
毛泽东 爱国主义 马克思主义,0580_毛泽东_爱国主义_马克思主义.md,马克思主义中国化 毛泽东 提法,1804_马克思主义中国化_毛泽东_提法.md,24.38,马克思恩格斯经典文本与哲学关系
毛泽东 成长为马克思主义者 道路,0581_毛泽东_成长为马克思主义者_道路.md,中国马克思主义 毛泽东,1982_中国马克思主义_毛泽东.md,24.38,马克思恩格斯经典文本与哲学关系
毛泽东 成长为马克思主义者 道路,0581_毛泽东_成长为马克思主义者_道路.md,毛泽东 爱国主义 马克思主义,0580_毛泽东_爱国主义_马克思主义.md,23.82,马克思恩格斯经典文本与哲学关系
毛泽东 成长为马克思主义者 道路,0581_毛泽东_成长为马克思主义者_道路.md,毛泽东 马克思主义哲学研究,1756_毛泽东_马克思主义哲学研究.md,23.33,马克思恩格斯经典文本与哲学关系
毛泽东 成长为马克思主义者 道路,0581_毛泽东_成长为马克思主义者_道路.md,毛泽东 马克思主义哲学 中国化,0615_毛泽东_马克思主义哲学_中国化.md,22.89,马克思恩格斯经典文本与哲学关系
毛泽东 成长为马克思主义者 道路,0581_毛泽东_成长为马克思主义者_道路.md,毛泽东 马克思主义哲学中国化,1748_毛泽东_马克思主义哲学中国化.md,22.89,马克思恩格斯经典文本与哲学关系
农民问题 中国革命 毛泽东,0582_农民问题_中国革命_毛泽东.md,中国革命 特殊道路 毛泽东,0583_中国革命_特殊道路_毛泽东.md,43.33,毛泽东哲学与中国革命经验
农民问题 中国革命 毛泽东,0582_农民问题_中国革命_毛泽东.md,中国革命 道路 特点 毛泽东,0616_中国革命_道路_特点_毛泽东.md,43.33,毛泽东哲学与中国革命经验
农民问题 中国革命 毛泽东,0582_农民问题_中国革命_毛泽东.md,十月革命 中国革命 影响,0844_十月革命_中国革命_影响.md,25.0,毛泽东哲学与中国革命经验
农民问题 中国革命 毛泽东,0582_农民问题_中国革命_毛泽东.md,一步走 两步走 中国革命,1174_一步走_两步走_中国革命.md,25.0,毛泽东哲学与中国革命经验
农民问题 中国革命 毛泽东,0582_农民问题_中国革命_毛泽东.md,中国革命 胜利 中国情况,1308_中国革命_胜利_中国情况.md,25.0,毛泽东哲学与中国革命经验
中国革命 特殊道路 毛泽东,0583_中国革命_特殊道路_毛泽东.md,中国革命 道路 特点 毛泽东,0616_中国革命_道路_特点_毛泽东.md,45.71,毛泽东哲学思想与中国革命经验
中国革命 特殊道路 毛泽东,0583_中国革命_特殊道路_毛泽东.md,农民问题 中国革命 毛泽东,0582_农民问题_中国革命_毛泽东.md,43.33,毛泽东哲学思想与中国革命经验
中国革命 特殊道路 毛泽东,0583_中国革命_特殊道路_毛泽东.md,十月革命 中国革命 影响,0844_十月革命_中国革命_影响.md,25.0,毛泽东哲学思想与中国革命经验
中国革命 特殊道路 毛泽东,0583_中国革命_特殊道路_毛泽东.md,一步走 两步走 中国革命,1174_一步走_两步走_中国革命.md,25.0,毛泽东哲学思想与中国革命经验
中国革命 特殊道路 毛泽东,0583_中国革命_特殊道路_毛泽东.md,中国革命 胜利 中国情况,1308_中国革命_胜利_中国情况.md,25.0,毛泽东哲学思想与中国革命经验
农村包围城市 理论 实践依据,0584_农村包围城市_理论_实践依据.md,农村包围城市 理论 毛泽东,0534_农村包围城市_理论_毛泽东.md,42.5,哲学基本范畴与辩证法原理
农村包围城市 理论 实践依据,0584_农村包围城市_理论_实践依据.md,农村包围城市 武装夺取政权 道路,0507_农村包围城市_武装夺取政权_道路.md,36.58,哲学基本范畴与辩证法原理
反对本本主义 毛泽东 哲学思想,0585_反对本本主义_毛泽东_哲学思想.md,反对本本主义 毛泽东,0551_反对本本主义_毛泽东.md,61.67,毛泽东哲学与中国革命经验
反对本本主义 毛泽东 哲学思想,0585_反对本本主义_毛泽东_哲学思想.md,毛泽东 社会主义道路 哲学思想,0627_毛泽东_社会主义道路_哲学思想.md,43.33,毛泽东哲学与中国革命经验
反对本本主义 毛泽东 哲学思想,0585_反对本本主义_毛泽东_哲学思想.md,毛泽东 延安时期 哲学思想,0536_毛泽东_延安时期_哲学思想.md,42.35,毛泽东哲学与中国革命经验
反对本本主义 毛泽东 哲学思想,0585_反对本本主义_毛泽东_哲学思想.md,反对本本主义 中国革命战争 战略问题,1427_反对本本主义_中国革命战争_战略问题.md,35.68,毛泽东哲学与中国革命经验
反对本本主义 毛泽东 哲学思想,0585_反对本本主义_毛泽东_哲学思想.md,新民主主义论 哲学思想,0563_新民主主义论_哲学思想.md,25.88,毛泽东哲学与中国革命经验
毛泽东 调查研究 特点,0586_毛泽东_调查研究_特点.md,调查研究 毛泽东 哲学,0550_调查研究_毛泽东_哲学.md,46.36,实事求是与群众路线
毛泽东 调查研究 特点,0586_毛泽东_调查研究_特点.md,中国革命 道路 特点 毛泽东,0616_中国革命_道路_特点_毛泽东.md,30.0,实事求是与群众路线
毛泽东 调查研究 特点,0586_毛泽东_调查研究_特点.md,调查研究 实事求是 认识论,0608_调查研究_实事求是_认识论.md,25.0,实事求是与群众路线
毛泽东 调查研究 特点,0586_毛泽东_调查研究_特点.md,调查研究 认识中国 改造中国,1210_调查研究_认识中国_改造中国.md,25.0,实事求是与群众路线
毛泽东 调查研究 特点,0586_毛泽东_调查研究_特点.md,毛泽东 马克思主义哲学研究,1756_毛泽东_马克思主义哲学研究.md,19.69,实事求是与群众路线
战略战术 辩证法 毛泽东,0587_战略战术_辩证法_毛泽东.md,人民战争 战略战术 辩证法,1324_人民战争_战略战术_辩证法.md,46.54,毛泽东哲学与中国革命经验
战略战术 辩证法 毛泽东,0587_战略战术_辩证法_毛泽东.md,人民战争 战略战术 原则,1217_人民战争_战略战术_原则.md,25.0,毛泽东哲学与中国革命经验
战略战术 辩证法 毛泽东,0587_战略战术_辩证法_毛泽东.md,红军游击战争 战略战术 哲学,1204_红军游击战争_战略战术_哲学.md,24.41,毛泽东哲学与中国革命经验
战略战术 辩证法 毛泽东,0587_战略战术_辩证法_毛泽东.md,辩证法唯物论 讲授提纲 毛泽东,0537_辩证法唯物论_讲授提纲_毛泽东.md,20.88,毛泽东哲学与中国革命经验
战略战术 辩证法 毛泽东,0587_战略战术_辩证法_毛泽东.md,毛泽东 辩证法唯物论教程 批注,1685_毛泽东_辩证法唯物论教程_批注.md,20.88,毛泽东哲学与中国革命经验
实践论 矛盾论 主要贡献,0588_实践论_矛盾论_主要贡献.md,实践论 矛盾论 主要内容,0510_实践论_矛盾论_主要内容.md,45.91,实践论矛盾论与马克思主义中国化
实践论 矛盾论 主要贡献,0588_实践论_矛盾论_主要贡献.md,实践论 矛盾论 中国化,0617_实践论_矛盾论_中国化.md,40.42,实践论矛盾论与马克思主义中国化
实践论 矛盾论 主要贡献,0588_实践论_矛盾论_主要贡献.md,实践论 矛盾论 重大意义,0511_实践论_矛盾论_重大意义.md,39.62,实践论矛盾论与马克思主义中国化
实践论 矛盾论 主要贡献,0588_实践论_矛盾论_主要贡献.md,学习宣传 实践论 矛盾论,0565_学习宣传_实践论_矛盾论.md,39.62,实践论矛盾论与马克思主义中国化
实践论 矛盾论 主要贡献,0588_实践论_矛盾论_主要贡献.md,实践论 矛盾论 理论准备,0590_实践论_矛盾论_理论准备.md,39.62,实践论矛盾论与马克思主义中国化
实践论 矛盾论 写作 历史背景,0589_实践论_矛盾论_写作_历史背景.md,实践论 矛盾论 写作 社会历史条件,0509_实践论_矛盾论_写作_社会历史条件.md,42.5,实践论矛盾论与马克思主义中国化
实践论 矛盾论 写作 历史背景,0589_实践论_矛盾论_写作_历史背景.md,实践论 矛盾论 中国化,0617_实践论_矛盾论_中国化.md,38.93,实践论矛盾论与马克思主义中国化
实践论 矛盾论 写作 历史背景,0589_实践论_矛盾论_写作_历史背景.md,实践论 矛盾论 主要内容,0510_实践论_矛盾论_主要内容.md,38.33,实践论矛盾论与马克思主义中国化
实践论 矛盾论 写作 历史背景,0589_实践论_矛盾论_写作_历史背景.md,实践论 矛盾论 重大意义,0511_实践论_矛盾论_重大意义.md,38.33,实践论矛盾论与马克思主义中国化
实践论 矛盾论 写作 历史背景,0589_实践论_矛盾论_写作_历史背景.md,学习宣传 实践论 矛盾论,0565_学习宣传_实践论_矛盾论.md,38.33,实践论矛盾论与马克思主义中国化
实践论 矛盾论 理论准备,0590_实践论_矛盾论_理论准备.md,实践论 矛盾论 中国化,0617_实践论_矛盾论_中国化.md,40.42,实践论矛盾论与马克思主义中国化
实践论 矛盾论 理论准备,0590_实践论_矛盾论_理论准备.md,实践论 矛盾论 主要内容,0510_实践论_矛盾论_主要内容.md,39.62,实践论矛盾论与马克思主义中国化
实践论 矛盾论 理论准备,0590_实践论_矛盾论_理论准备.md,实践论 矛盾论 重大意义,0511_实践论_矛盾论_重大意义.md,39.62,实践论矛盾论与马克思主义中国化
实践论 矛盾论 理论准备,0590_实践论_矛盾论_理论准备.md,学习宣传 实践论 矛盾论,0565_学习宣传_实践论_矛盾论.md,39.62,实践论矛盾论与马克思主义中国化
实践论 矛盾论 理论准备,0590_实践论_矛盾论_理论准备.md,实践论 矛盾论 主要贡献,0588_实践论_矛盾论_主要贡献.md,39.62,实践论矛盾论与马克思主义中国化
实践论 马克思主义认识论,0591_实践论_马克思主义认识论.md,实践论 矛盾论 马克思主义中国化 哲学基础,0508_实践论_矛盾论_马克思主义中国化_哲学基础.md,23.75,实践论矛盾论与马克思主义中国化
实践论 马克思主义认识论,0591_实践论_马克思主义认识论.md,实践论 矛盾论 马克思主义哲学中国化 启示,0629_实践论_矛盾论_马克思主义哲学中国化_启示.md,23.75,实践论矛盾论与马克思主义中国化
实践论 马克思主义认识论,0591_实践论_马克思主义认识论.md,马克思主义哲学中国化 实践论 矛盾论,1793_马克思主义哲学中国化_实践论_矛盾论.md,22.89,实践论矛盾论与马克思主义中国化
实践论 马克思主义认识论,0591_实践论_马克思主义认识论.md,毛泽东 实践论 认识论,1686_毛泽东_实践论_认识论.md,22.14,实践论矛盾论与马克思主义中国化
实践论 马克思主义认识论,0591_实践论_马克思主义认识论.md,实践论,1864_实践论.md,20.0,实践论矛盾论与马克思主义中国化
矛盾论 马克思主义辩证法,0592_矛盾论_马克思主义辩证法.md,实践论 矛盾论 马克思主义中国化 哲学基础,0508_实践论_矛盾论_马克思主义中国化_哲学基础.md,23.75,实践论矛盾论与马克思主义中国化
矛盾论 马克思主义辩证法,0592_矛盾论_马克思主义辩证法.md,实践论 矛盾论 马克思主义哲学中国化 启示,0629_实践论_矛盾论_马克思主义哲学中国化_启示.md,23.75,实践论矛盾论与马克思主义中国化
矛盾论 马克思主义辩证法,0592_矛盾论_马克思主义辩证法.md,马克思主义哲学中国化 实践论 矛盾论,1793_马克思主义哲学中国化_实践论_矛盾论.md,22.89,实践论矛盾论与马克思主义中国化
矛盾论 马克思主义辩证法,0592_矛盾论_马克思主义辩证法.md,辩证法 实质 核心 矛盾论,0593_辩证法_实质_核心_矛盾论.md,21.67,实践论矛盾论与马克思主义中国化
矛盾论 马克思主义辩证法,0592_矛盾论_马克思主义辩证法.md,矛盾论 辩证 毛泽东,0630_矛盾论_辩证_毛泽东.md,20.36,实践论矛盾论与马克思主义中国化
辩证法 实质 核心 矛盾论,0593_辩证法_实质_核心_矛盾论.md,辩证法 核心 诸要素,1564_辩证法_核心_诸要素.md,30.77,实践论矛盾论与马克思主义中国化
辩证法 实质 核心 矛盾论,0593_辩证法_实质_核心_矛盾论.md,矛盾论 马克思主义辩证法,0592_矛盾论_马克思主义辩证法.md,21.67,实践论矛盾论与马克思主义中国化
辩证法 实质 核心 矛盾论,0593_辩证法_实质_核心_矛盾论.md,矛盾论 辩证 毛泽东,0630_矛盾论_辩证_毛泽东.md,20.77,实践论矛盾论与马克思主义中国化
辩证法 实质 核心 矛盾论,0593_辩证法_实质_核心_矛盾论.md,矛盾论,1862_矛盾论.md,20.56,实践论矛盾论与马克思主义中国化
辩证法 实质 核心 矛盾论,0593_辩证法_实质_核心_矛盾论.md,历史 呈现 辩证法 实践,1079_历史_呈现_辩证法_实践.md,20.36,实践论矛盾论与马克思主义中国化
毛泽东哲学思想 多方面展开,0594_毛泽东哲学思想_多方面展开.md,毛泽东哲学思想 理论形态,0544_毛泽东哲学思想_理论形态.md,45.0,毛泽东哲学与中国革命经验
毛泽东哲学思想 多方面展开,0594_毛泽东哲学思想_多方面展开.md,毛泽东哲学思想 历史地位,0545_毛泽东哲学思想_历史地位.md,45.0,毛泽东哲学与中国革命经验
毛泽东哲学思想 多方面展开,0594_毛泽东哲学思想_多方面展开.md,毛泽东哲学思想 特点 贡献,0626_毛泽东哲学思想_特点_贡献.md,45.0,毛泽东哲学与中国革命经验
毛泽东哲学思想 多方面展开,0594_毛泽东哲学思想_多方面展开.md,毛泽东哲学思想 研究 新拓展,0496_毛泽东哲学思想_研究_新拓展.md,44.38,毛泽东哲学与中国革命经验
毛泽东哲学思想 多方面展开,0594_毛泽东哲学思想_多方面展开.md,毛泽东哲学思想 中国化形态,0497_毛泽东哲学思想_中国化形态.md,44.38,毛泽东哲学与中国革命经验
抗战胜利 必然性 毛泽东,0595_抗战胜利_必然性_毛泽东.md,哲学 党性 阶级性 毛泽东,0540_哲学_党性_阶级性_毛泽东.md,20.0,哲学基本范畴与辩证法原理
抗战胜利 必然性 毛泽东,0595_抗战胜利_必然性_毛泽东.md,毛泽东 世界观 转变,0573_毛泽东_世界观_转变.md,18.57,哲学基本范畴与辩证法原理
抗战胜利 必然性 毛泽东,0595_抗战胜利_必然性_毛泽东.md,矛盾论 辩证 毛泽东,0630_矛盾论_辩证_毛泽东.md,18.57,哲学基本范畴与辩证法原理
抗战胜利 必然性 毛泽东,0595_抗战胜利_必然性_毛泽东.md,必然性 偶然性 大众哲学,0401_必然性_偶然性_大众哲学.md,18.33,哲学基本范畴与辩证法原理
抗战胜利 必然性 毛泽东,0595_抗战胜利_必然性_毛泽东.md,毛泽东 建党思想 形成,0506_毛泽东_建党思想_形成.md,18.33,哲学基本范畴与辩证法原理
新民主主义 革命 理论 哲学,0596_新民主主义_革命_理论_哲学.md,新民主主义 话语权,1649_新民主主义_话语权.md,32.69,新民主主义革命理论与马克思主义中国化
新民主主义 革命 理论 哲学,0596_新民主主义_革命_理论_哲学.md,新民主主义 构想 实践,0525_新民主主义_构想_实践.md,32.14,新民主主义革命理论与马克思主义中国化
新民主主义 革命 理论 哲学,0596_新民主主义_革命_理论_哲学.md,新民主主义 社会主义 关系,0527_新民主主义_社会主义_关系.md,31.67,新民主主义革命理论与马克思主义中国化
新民主主义 革命 理论 哲学,0596_新民主主义_革命_理论_哲学.md,新民主主义 经济 政治 文化,0559_新民主主义_经济_政治_文化.md,31.25,新民主主义革命理论与马克思主义中国化
新民主主义 革命 理论 哲学,0596_新民主主义_革命_理论_哲学.md,新民主主义 基本纲领 最高纲领,0560_新民主主义_基本纲领_最高纲领.md,30.88,新民主主义革命理论与马克思主义中国化
实事求是 思想路线 延安,0597_实事求是_思想路线_延安.md,克服主观主义 实事求是 思想路线,0546_克服主观主义_实事求是_思想路线.md,51.67,实事求是与群众路线
实事求是 思想路线 延安,0597_实事求是_思想路线_延安.md,实事求是 上升为 党的思想路线,0547_实事求是_上升为_党的思想路线.md,30.0,实事求是与群众路线
实事求是 思想路线 延安,0597_实事求是_思想路线_延安.md,实事求是 解放思想,0611_实事求是_解放思想.md,28.33,实事求是与群众路线
实事求是 思想路线 延安,0597_实事求是_思想路线_延安.md,实事求是 毛泽东思想 精髓,0491_实事求是_毛泽东思想_精髓.md,26.67,实事求是与群众路线
实事求是 思想路线 延安,0597_实事求是_思想路线_延安.md,解放思想 实事求是 哲学发展,0568_解放思想_实事求是_哲学发展.md,26.25,实事求是与群众路线
群众路线 认识论,0598_群众路线_认识论.md,实践观点 群众观点 认识论 群众路线,0619_实践观点_群众观点_认识论_群众路线.md,44.62,实事求是与群众路线
群众路线 认识论,0598_群众路线_认识论.md,群众路线 领导方法,0553_群众路线_领导方法.md,27.5,实事求是与群众路线
群众路线 认识论,0598_群众路线_认识论.md,群众路线 毛泽东思想,0492_群众路线_毛泽东思想.md,26.82,实事求是与群众路线
群众路线 认识论,0598_群众路线_认识论.md,群众路线 思想 系统阐述,0521_群众路线_思想_系统阐述.md,26.25,实事求是与群众路线
群众路线 认识论,0598_群众路线_认识论.md,群众路线 系统阐述 毛泽东,0552_群众路线_系统阐述_毛泽东.md,25.77,实事求是与群众路线
解放战争时期 毛泽东哲学思想,0599_解放战争时期_毛泽东哲学思想.md,毛泽东哲学思想 理论形态,0544_毛泽东哲学思想_理论形态.md,44.38,毛泽东哲学与中国革命经验
解放战争时期 毛泽东哲学思想,0599_解放战争时期_毛泽东哲学思想.md,毛泽东哲学思想 历史地位,0545_毛泽东哲学思想_历史地位.md,44.38,毛泽东哲学与中国革命经验
解放战争时期 毛泽东哲学思想,0599_解放战争时期_毛泽东哲学思想.md,毛泽东哲学思想 特点 贡献,0626_毛泽东哲学思想_特点_贡献.md,44.38,毛泽东哲学与中国革命经验
解放战争时期 毛泽东哲学思想,0599_解放战争时期_毛泽东哲学思想.md,毛泽东哲学思想 研究 新拓展,0496_毛泽东哲学思想_研究_新拓展.md,43.82,毛泽东哲学与中国革命经验
解放战争时期 毛泽东哲学思想,0599_解放战争时期_毛泽东哲学思想.md,毛泽东哲学思想 中国化形态,0497_毛泽东哲学思想_中国化形态.md,43.82,毛泽东哲学与中国革命经验
人民民主专政 历史唯物主义,0600_人民民主专政_历史唯物主义.md,新民主主义 国家 人民民主专政,0562_新民主主义_国家_人民民主专政.md,39.38,中国近代启蒙与民主革命
人民民主专政 历史唯物主义,0600_人民民主专政_历史唯物主义.md,历史唯物主义 辩证唯物主义,1707_历史唯物主义_辩证唯物主义.md,38.93,中国近代启蒙与民主革命
人民民主专政 历史唯物主义,0600_人民民主专政_历史唯物主义.md,历史唯物主义 研讨 争论,0978_历史唯物主义_研讨_争论.md,38.33,中国近代启蒙与民主革命
人民民主专政 历史唯物主义,0600_人民民主专政_历史唯物主义.md,历史唯物主义 辩证唯物主义 列宁,1800_历史唯物主义_辩证唯物主义_列宁.md,37.81,中国近代启蒙与民主革命
人民民主专政 历史唯物主义,0600_人民民主专政_历史唯物主义.md,历史唯物主义 战争观 毛泽东,0555_历史唯物主义_战争观_毛泽东.md,37.35,中国近代启蒙与民主革命
新民主主义向社会主义 转变 哲学,0601_新民主主义向社会主义_转变_哲学.md,新民主主义向社会主义 转变 马克思主义哲学,0602_新民主主义向社会主义_转变_马克思主义哲学.md,66.18,新民主主义革命理论与马克思主义中国化
新民主主义向社会主义 转变 哲学,0601_新民主主义向社会主义_转变_哲学.md,乌托邦社会主义 科学社会主义 转变,1184_乌托邦社会主义_科学社会主义_转变.md,16.94,新民主主义革命理论与马克思主义中国化
新民主主义向社会主义 转变 哲学,0601_新民主主义向社会主义_转变_哲学.md,毛泽东 共产主义 辩证唯物主义 转变,0577_毛泽东_共产主义_辩证唯物主义_转变.md,13.41,新民主主义革命理论与马克思主义中国化
新民主主义向社会主义 转变 哲学,0601_新民主主义向社会主义_转变_哲学.md,鲁迅 哲学思想 转变,1424_鲁迅_哲学思想_转变.md,12.94,新民主主义革命理论与马克思主义中国化
新民主主义向社会主义 转变 哲学,0601_新民主主义向社会主义_转变_哲学.md,毛泽东 世界观 转变,0573_毛泽东_世界观_转变.md,11.39,新民主主义革命理论与马克思主义中国化
新民主主义向社会主义 转变 马克思主义哲学,0602_新民主主义向社会主义_转变_马克思主义哲学.md,新民主主义向社会主义 转变 哲学,0601_新民主主义向社会主义_转变_哲学.md,66.18,新民主主义革命理论与马克思主义中国化
新民主主义向社会主义 转变 马克思主义哲学,0602_新民主主义向社会主义_转变_马克思主义哲学.md,马克思主义哲学 新民主主义革命,0634_马克思主义哲学_新民主主义革命.md,46.84,新民主主义革命理论与马克思主义中国化
新民主主义向社会主义 转变 马克思主义哲学,0602_新民主主义向社会主义_转变_马克思主义哲学.md,马克思主义哲学 中国 社会实践,1017_马克思主义哲学_中国_社会实践.md,43.33,新民主主义革命理论与马克思主义中国化
新民主主义向社会主义 转变 马克思主义哲学,0602_新民主主义向社会主义_转变_马克思主义哲学.md,中国社会史 论战 马克思主义哲学,0228_中国社会史_论战_马克思主义哲学.md,42.95,新民主主义革命理论与马克思主义中国化
新民主主义向社会主义 转变 马克思主义哲学,0602_新民主主义向社会主义_转变_马克思主义哲学.md,李达 社会学大纲 马克思主义哲学,0323_李达_社会学大纲_马克思主义哲学.md,42.95,新民主主义革命理论与马克思主义中国化
实践论 矛盾论 重新发表 反响,0603_实践论_矛盾论_重新发表_反响.md,实践论 矛盾论 重大意义,0511_实践论_矛盾论_重大意义.md,40.71,实践论矛盾论与马克思主义中国化
实践论 矛盾论 重新发表 反响,0603_实践论_矛盾论_重新发表_反响.md,实践论 矛盾论 中国化,0617_实践论_矛盾论_中国化.md,38.93,实践论矛盾论与马克思主义中国化
实践论 矛盾论 重新发表 反响,0603_实践论_矛盾论_重新发表_反响.md,实践论 矛盾论 主要内容,0510_实践论_矛盾论_主要内容.md,38.33,实践论矛盾论与马克思主义中国化
实践论 矛盾论 重新发表 反响,0603_实践论_矛盾论_重新发表_反响.md,学习宣传 实践论 矛盾论,0565_学习宣传_实践论_矛盾论.md,38.33,实践论矛盾论与马克思主义中国化
实践论 矛盾论 重新发表 反响,0603_实践论_矛盾论_重新发表_反响.md,实践论 矛盾论 主要贡献,0588_实践论_矛盾论_主要贡献.md,38.33,实践论矛盾论与马克思主义中国化
实践论 矛盾论 修改 新思想,0604_实践论_矛盾论_修改_新思想.md,实践论 矛盾论 中国化,0617_实践论_矛盾论_中国化.md,39.62,实践论矛盾论与马克思主义中国化
实践论 矛盾论 修改 新思想,0604_实践论_矛盾论_修改_新思想.md,实践论 矛盾论 主要内容,0510_实践论_矛盾论_主要内容.md,38.93,实践论矛盾论与马克思主义中国化
实践论 矛盾论 修改 新思想,0604_实践论_矛盾论_修改_新思想.md,实践论 矛盾论 重大意义,0511_实践论_矛盾论_重大意义.md,38.93,实践论矛盾论与马克思主义中国化
实践论 矛盾论 修改 新思想,0604_实践论_矛盾论_修改_新思想.md,学习宣传 实践论 矛盾论,0565_学习宣传_实践论_矛盾论.md,38.93,实践论矛盾论与马克思主义中国化
实践论 矛盾论 修改 新思想,0604_实践论_矛盾论_修改_新思想.md,实践论 矛盾论 主要贡献,0588_实践论_矛盾论_主要贡献.md,38.93,实践论矛盾论与马克思主义中国化
李达 实践论解说 矛盾论解说,0605_李达_实践论解说_矛盾论解说.md,李达 生产力 生产关系,0316_李达_生产力_生产关系.md,11.67,哲学基本范畴与辩证法原理
李达 实践论解说 矛盾论解说,0605_李达_实践论解说_矛盾论解说.md,李达 唯物史观 社会学,0284_李达_唯物史观_社会学.md,11.56,哲学基本范畴与辩证法原理
李达 实践论解说 矛盾论解说,0605_李达_实践论解说_矛盾论解说.md,李达 社会发展 原动力,0317_李达_社会发展_原动力.md,11.56,哲学基本范畴与辩证法原理
李达 实践论解说 矛盾论解说,0605_李达_实践论解说_矛盾论解说.md,李达 世界革命 民族革命,0319_李达_世界革命_民族革命.md,11.56,哲学基本范畴与辩证法原理
李达 实践论解说 矛盾论解说,0605_李达_实践论解说_矛盾论解说.md,李达 社会学大纲 学术史,0268_李达_社会学大纲_学术史.md,11.47,哲学基本范畴与辩证法原理
新民主主义社会 社会主义社会 过渡,0606_新民主主义社会_社会主义社会_过渡.md,社会主义社会 发展动力 讨论,0979_社会主义社会_发展动力_讨论.md,36.25,新民主主义革命理论与马克思主义中国化
新民主主义社会 社会主义社会 过渡,0606_新民主主义社会_社会主义社会_过渡.md,社会主义社会 基本矛盾 理论,1351_社会主义社会_基本矛盾_理论.md,36.25,新民主主义革命理论与马克思主义中国化
新民主主义社会 社会主义社会 过渡,0606_新民主主义社会_社会主义社会_过渡.md,社会主义社会 两类矛盾 学说,1353_社会主义社会_两类矛盾_学说.md,36.25,新民主主义革命理论与马克思主义中国化
新民主主义社会 社会主义社会 过渡,0606_新民主主义社会_社会主义社会_过渡.md,社会主义社会 前进动力 矛盾,1355_社会主义社会_前进动力_矛盾.md,36.25,新民主主义革命理论与马克思主义中国化
新民主主义社会 社会主义社会 过渡,0606_新民主主义社会_社会主义社会_过渡.md,新民主主义 社会主义 关系,0527_新民主主义_社会主义_关系.md,14.58,新民主主义革命理论与马克思主义中国化
对立统一规律 无矛盾论 批判,0607_对立统一规律_无矛盾论_批判.md,辩证法 对立统一,1682_辩证法_对立统一.md,5.36,矛盾分析法与矛盾特殊性
调查研究 实事求是 认识论,0608_调查研究_实事求是_认识论.md,调查研究 认识中国 改造中国,1210_调查研究_认识中国_改造中国.md,26.25,实事求是与群众路线
调查研究 实事求是 认识论,0608_调查研究_实事求是_认识论.md,实事求是 解放思想,0611_实事求是_解放思想.md,25.36,实事求是与群众路线
调查研究 实事求是 认识论,0608_调查研究_实事求是_认识论.md,不要误解 实事求是,0635_不要误解_实事求是.md,25.36,实事求是与群众路线
调查研究 实事求是 认识论,0608_调查研究_实事求是_认识论.md,调查研究 毛泽东 哲学,0550_调查研究_毛泽东_哲学.md,25.0,实事求是与群众路线
调查研究 实事求是 认识论,0608_调查研究_实事求是_认识论.md,毛泽东 调查研究 特点,0586_毛泽东_调查研究_特点.md,25.0,实事求是与群众路线
文化大革命 毛泽东晚年 主观主义失误,0609_文化大革命_毛泽东晚年_主观主义失误.md,文化大革命 马克思主义哲学应用 失误,0655_文化大革命_马克思主义哲学应用_失误.md,31.25,哲学基本范畴与辩证法原理
文化大革命 毛泽东晚年 主观主义失误,0609_文化大革命_毛泽东晚年_主观主义失误.md,文化大革命 马克思主义学术 挫折,0644_文化大革命_马克思主义学术_挫折.md,30.43,哲学基本范畴与辩证法原理
文化大革命 毛泽东晚年 主观主义失误,0609_文化大革命_毛泽东晚年_主观主义失误.md,文化大革命 马克思主义哲学 歪曲,0650_文化大革命_马克思主义哲学_歪曲.md,30.43,哲学基本范畴与辩证法原理
文化大革命 毛泽东晚年 主观主义失误,0609_文化大革命_毛泽东晚年_主观主义失误.md,阶级形势 唯心估量 文化大革命,0683_阶级形势_唯心估量_文化大革命.md,29.35,哲学基本范畴与辩证法原理
实事求是思想路线 重新确立,0610_实事求是思想路线_重新确立.md,实事求是思想路线 确立,0518_实事求是思想路线_确立.md,56.67,实事求是与群众路线
实事求是思想路线 重新确立,0610_实事求是思想路线_重新确立.md,延安整风 实事求是思想路线,0520_延安整风_实事求是思想路线.md,51.67,实事求是与群众路线
实事求是思想路线 重新确立,0610_实事求是思想路线_重新确立.md,实事求是 思想路线 延安,0597_实事求是_思想路线_延安.md,13.46,实事求是与群众路线
实事求是思想路线 重新确立,0610_实事求是思想路线_重新确立.md,克服主观主义 实事求是 思想路线,0546_克服主观主义_实事求是_思想路线.md,10.29,实事求是与群众路线
实事求是思想路线 重新确立,0610_实事求是思想路线_重新确立.md,实事求是 上升为 党的思想路线,0547_实事求是_上升为_党的思想路线.md,8.82,实事求是与群众路线
实事求是 解放思想,0611_实事求是_解放思想.md,解放思想 实事求是 哲学发展,0568_解放思想_实事求是_哲学发展.md,52.5,思想方法与世界观教育
实事求是 解放思想,0611_实事求是_解放思想.md,实事求是 思想路线 延安,0597_实事求是_思想路线_延安.md,28.33,思想方法与世界观教育
实事求是 解放思想,0611_实事求是_解放思想.md,实事求是 毛泽东思想 精髓,0491_实事求是_毛泽东思想_精髓.md,27.69,思想方法与世界观教育
实事求是 解放思想,0611_实事求是_解放思想.md,不要误解 实事求是,0635_不要误解_实事求是.md,26.82,思想方法与世界观教育
实事求是 解放思想,0611_实事求是_解放思想.md,实事求是 上升为 党的思想路线,0547_实事求是_上升为_党的思想路线.md,26.67,思想方法与世界观教育
实事求是 民主集中制,0612_实事求是_民主集中制.md,实事求是 解放思想,0611_实事求是_解放思想.md,26.25,实事求是与群众路线
实事求是 民主集中制,0612_实事求是_民主集中制.md,不要误解 实事求是,0635_不要误解_实事求是.md,26.25,实事求是与群众路线
实事求是 民主集中制,0612_实事求是_民主集中制.md,实事求是 思想路线 延安,0597_实事求是_思想路线_延安.md,25.36,实事求是与群众路线
实事求是 民主集中制,0612_实事求是_民主集中制.md,实事求是 毛泽东思想 精髓,0491_实事求是_毛泽东思想_精髓.md,25.0,实事求是与群众路线
实事求是 民主集中制,0612_实事求是_民主集中制.md,改造我们的学习 实事求是,0519_改造我们的学习_实事求是.md,25.0,实事求是与群众路线
毛泽东思想 活的灵魂,0613_毛泽东思想_活的灵魂.md,毛泽东思想 理论成果,0489_毛泽东思想_理论成果.md,33.33,中国化的马克思主义与毛泽东思想
毛泽东思想 活的灵魂,0613_毛泽东思想_活的灵魂.md,毛泽东思想 要义 精髓,0490_毛泽东思想_要义_精髓.md,33.33,中国化的马克思主义与毛泽东思想
毛泽东思想 活的灵魂,0613_毛泽东思想_活的灵魂.md,群众路线 毛泽东思想,0492_群众路线_毛泽东思想.md,33.33,中国化的马克思主义与毛泽东思想
毛泽东思想 活的灵魂,0613_毛泽东思想_活的灵魂.md,独立自主 毛泽东思想,0493_独立自主_毛泽东思想.md,33.33,中国化的马克思主义与毛泽东思想
毛泽东思想 活的灵魂,0613_毛泽东思想_活的灵魂.md,中共七大 毛泽东思想,0523_中共七大_毛泽东思想.md,33.33,中国化的马克思主义与毛泽东思想
毛泽东 唯物史观 传播 应用,0614_毛泽东_唯物史观_传播_应用.md,毛泽东 唯物史观 初步确立,0578_毛泽东_唯物史观_初步确立.md,45.71,唯物史观在中国的传播与应用
毛泽东 唯物史观 传播 应用,0614_毛泽东_唯物史观_传播_应用.md,李达 唯物史观 传播 应用,0332_李达_唯物史观_传播_应用.md,44.58,唯物史观在中国的传播与应用
毛泽东 唯物史观 传播 应用,0614_毛泽东_唯物史观_传播_应用.md,周恩来 唯物史观 传播 应用,0114_周恩来_唯物史观_传播_应用.md,43.46,唯物史观在中国的传播与应用
毛泽东 唯物史观 传播 应用,0614_毛泽东_唯物史观_传播_应用.md,恽代英 唯物史观 传播 应用,0115_恽代英_唯物史观_传播_应用.md,43.46,唯物史观在中国的传播与应用
毛泽东 唯物史观 传播 应用,0614_毛泽东_唯物史观_传播_应用.md,李大钊 唯物史观 传播 应用,0330_李大钊_唯物史观_传播_应用.md,43.46,唯物史观在中国的传播与应用
毛泽东 马克思主义哲学 中国化,0615_毛泽东_马克思主义哲学_中国化.md,李达 马克思主义哲学 中国化,0301_李达_马克思主义哲学_中国化.md,66.07,马克思恩格斯经典文本与哲学关系
毛泽东 马克思主义哲学 中国化,0615_毛泽东_马克思主义哲学_中国化.md,马克思主义哲学 中国化 历程,1413_马克思主义哲学_中国化_历程.md,66.07,马克思恩格斯经典文本与哲学关系
毛泽东 马克思主义哲学 中国化,0615_毛泽东_马克思主义哲学_中国化.md,马克思主义哲学 中国化 定义,1414_马克思主义哲学_中国化_定义.md,66.07,马克思恩格斯经典文本与哲学关系
毛泽东 马克思主义哲学 中国化,0615_毛泽东_马克思主义哲学_中国化.md,抗日战争 马克思主义哲学 中国化,1320_抗日战争_马克思主义哲学_中国化.md,64.06,马克思恩格斯经典文本与哲学关系
毛泽东 马克思主义哲学 中国化,0615_毛泽东_马克思主义哲学_中国化.md,马克思主义哲学 中国化 两个方面,1418_马克思主义哲学_中国化_两个方面.md,64.06,马克思恩格斯经典文本与哲学关系
中国革命 道路 特点 毛泽东,0616_中国革命_道路_特点_毛泽东.md,中国革命 特殊道路 毛泽东,0583_中国革命_特殊道路_毛泽东.md,45.71,毛泽东哲学思想与中国革命经验
中国革命 道路 特点 毛泽东,0616_中国革命_道路_特点_毛泽东.md,农民问题 中国革命 毛泽东,0582_农民问题_中国革命_毛泽东.md,43.33,毛泽东哲学思想与中国革命经验
中国革命 道路 特点 毛泽东,0616_中国革命_道路_特点_毛泽东.md,中国革命 根源 任务 性质 特点,1115_中国革命_根源_任务_性质_特点.md,35.88,毛泽东哲学思想与中国革命经验
中国革命 道路 特点 毛泽东,0616_中国革命_道路_特点_毛泽东.md,毛泽东 调查研究 特点,0586_毛泽东_调查研究_特点.md,30.0,毛泽东哲学思想与中国革命经验
中国革命 道路 特点 毛泽东,0616_中国革命_道路_特点_毛泽东.md,一切均借俄助 中国革命 初期特点,1155_一切均借俄助_中国革命_初期特点.md,25.26,毛泽东哲学思想与中国革命经验
实践论 矛盾论 中国化,0617_实践论_矛盾论_中国化.md,实践论 矛盾论 中国化传播,0495_实践论_矛盾论_中国化传播.md,50.0,实践论矛盾论与马克思主义中国化
实践论 矛盾论 中国化,0617_实践论_矛盾论_中国化.md,马克思主义哲学中国化 实践论 矛盾论,1793_马克思主义哲学中国化_实践论_矛盾论.md,40.94,实践论矛盾论与马克思主义中国化
实践论 矛盾论 中国化,0617_实践论_矛盾论_中国化.md,实践论 矛盾论 主要内容,0510_实践论_矛盾论_主要内容.md,40.42,实践论矛盾论与马克思主义中国化
实践论 矛盾论 中国化,0617_实践论_矛盾论_中国化.md,实践论 矛盾论 重大意义,0511_实践论_矛盾论_重大意义.md,40.42,实践论矛盾论与马克思主义中国化
实践论 矛盾论 中国化,0617_实践论_矛盾论_中国化.md,学习宣传 实践论 矛盾论,0565_学习宣传_实践论_矛盾论.md,40.42,实践论矛盾论与马克思主义中国化
毛泽东 能动的革命的反映论,0618_毛泽东_能动的革命的反映论.md,反映论 真理论 实践论 毛泽东,0541_反映论_真理论_实践论_毛泽东.md,20.56,哲学基本范畴与辩证法原理
毛泽东 能动的革命的反映论,0618_毛泽东_能动的革命的反映论.md,农民运动 革命贡献 毛泽东,0532_农民运动_革命贡献_毛泽东.md,19.17,哲学基本范畴与辩证法原理
毛泽东 能动的革命的反映论,0618_毛泽东_能动的革命的反映论.md,农民问题 中国革命 毛泽东,0582_农民问题_中国革命_毛泽东.md,19.17,哲学基本范畴与辩证法原理
毛泽东 能动的革命的反映论,0618_毛泽东_能动的革命的反映论.md,中国革命 特殊道路 毛泽东,0583_中国革命_特殊道路_毛泽东.md,19.17,哲学基本范畴与辩证法原理
毛泽东 能动的革命的反映论,0618_毛泽东_能动的革命的反映论.md,中国革命 道路 特点 毛泽东,0616_中国革命_道路_特点_毛泽东.md,19.17,哲学基本范畴与辩证法原理
实践观点 群众观点 认识论 群众路线,0619_实践观点_群众观点_认识论_群众路线.md,群众路线 认识论,0598_群众路线_认识论.md,44.62,实事求是与群众路线
实践观点 群众观点 认识论 群众路线,0619_实践观点_群众观点_认识论_群众路线.md,群众路线 领导方法,0553_群众路线_领导方法.md,24.69,实事求是与群众路线
实践观点 群众观点 认识论 群众路线,0619_实践观点_群众观点_认识论_群众路线.md,群众观点 错误 陈独秀,0321_群众观点_错误_陈独秀.md,24.41,实事求是与群众路线
实践观点 群众观点 认识论 群众路线,0619_实践观点_群众观点_认识论_群众路线.md,群众路线 毛泽东思想,0492_群众路线_毛泽东思想.md,24.41,实事求是与群众路线
实践观点 群众观点 认识论 群众路线,0619_实践观点_群众观点_认识论_群众路线.md,群众路线 思想 系统阐述,0521_群众路线_思想_系统阐述.md,24.17,实事求是与群众路线
功利 价值 个性发展 毛泽东,0620_功利_价值_个性发展_毛泽东.md,毛泽东 世界观 转变,0573_毛泽东_世界观_转变.md,18.33,哲学基本范畴与辩证法原理
功利 价值 个性发展 毛泽东,0620_功利_价值_个性发展_毛泽东.md,矛盾论 辩证 毛泽东,0630_矛盾论_辩证_毛泽东.md,18.33,哲学基本范畴与辩证法原理
功利 价值 个性发展 毛泽东,0620_功利_价值_个性发展_毛泽东.md,毛泽东 建党思想 形成,0506_毛泽东_建党思想_形成.md,18.12,哲学基本范畴与辩证法原理
功利 价值 个性发展 毛泽东,0620_功利_价值_个性发展_毛泽东.md,红色政权 理论 毛泽东,0535_红色政权_理论_毛泽东.md,18.12,哲学基本范畴与辩证法原理
功利 价值 个性发展 毛泽东,0620_功利_价值_个性发展_毛泽东.md,理论联系实际 毛泽东,0549_理论联系实际_毛泽东.md,18.12,哲学基本范畴与辩证法原理
大同 理想社会 毛泽东,0621_大同_理想社会_毛泽东.md,毛泽东 激进民主主义 空想社会主义,0576_毛泽东_激进民主主义_空想社会主义.md,20.88,毛泽东哲学与中国革命经验
大同 理想社会 毛泽东,0621_大同_理想社会_毛泽东.md,毛泽东 社会主义道路 哲学思想,0627_毛泽东_社会主义道路_哲学思想.md,19.41,毛泽东哲学与中国革命经验
大同 理想社会 毛泽东,0621_大同_理想社会_毛泽东.md,毛泽东 世界观 转变,0573_毛泽东_世界观_转变.md,18.85,毛泽东哲学与中国革命经验
大同 理想社会 毛泽东,0621_大同_理想社会_毛泽东.md,矛盾论 辩证 毛泽东,0630_矛盾论_辩证_毛泽东.md,18.85,毛泽东哲学与中国革命经验
大同 理想社会 毛泽东,0621_大同_理想社会_毛泽东.md,毛泽东 建党思想 形成,0506_毛泽东_建党思想_形成.md,18.57,毛泽东哲学与中国革命经验
经世致用 实事求是 传统 继承,0622_经世致用_实事求是_传统_继承.md,实事求是 解放思想,0611_实事求是_解放思想.md,25.0,思想方法与世界观教育
经世致用 实事求是 传统 继承,0622_经世致用_实事求是_传统_继承.md,不要误解 实事求是,0635_不要误解_实事求是.md,25.0,思想方法与世界观教育
经世致用 实事求是 传统 继承,0622_经世致用_实事求是_传统_继承.md,经世致用 思潮 影响,1122_经世致用_思潮_影响.md,25.0,思想方法与世界观教育
经世致用 实事求是 传统 继承,0622_经世致用_实事求是_传统_继承.md,实事求是 民主集中制,0612_实事求是_民主集中制.md,24.69,思想方法与世界观教育
经世致用 实事求是 传统 继承,0622_经世致用_实事求是_传统_继承.md,实事求是 思想路线 延安,0597_实事求是_思想路线_延安.md,24.41,思想方法与世界观教育
新民主主义论 再评价,0623_新民主主义论_再评价.md,新民主主义论,1916_新民主主义论.md,45.62,新民主主义革命理论与马克思主义中国化
新民主主义论 再评价,0623_新民主主义论_再评价.md,毛泽东 新民主主义论 评价,0624_毛泽东_新民主主义论_评价.md,42.5,新民主主义革命理论与马克思主义中国化
新民主主义论 再评价,0623_新民主主义论_再评价.md,新民主主义论 哲学思想,0563_新民主主义论_哲学思想.md,40.42,新民主主义革命理论与马克思主义中国化
新民主主义论 再评价,0623_新民主主义论_再评价.md,新民主主义 话语权,1649_新民主主义_话语权.md,9.09,新民主主义革命理论与马克思主义中国化
新民主主义论 再评价,0623_新民主主义论_再评价.md,新民主主义 构想 实践,0525_新民主主义_构想_实践.md,8.33,新民主主义革命理论与马克思主义中国化
毛泽东 新民主主义论 评价,0624_毛泽东_新民主主义论_评价.md,新民主主义论 再评价,0623_新民主主义论_再评价.md,42.5,新民主主义革命理论与马克思主义中国化
毛泽东 新民主主义论 评价,0624_毛泽东_新民主主义论_评价.md,新民主主义论,1916_新民主主义论.md,42.5,新民主主义革命理论与马克思主义中国化
毛泽东 新民主主义论 评价,0624_毛泽东_新民主主义论_评价.md,新民主主义论 哲学思想,0563_新民主主义论_哲学思想.md,38.93,新民主主义革命理论与马克思主义中国化
毛泽东 新民主主义论 评价,0624_毛泽东_新民主主义论_评价.md,毛泽东 革命民主主义 近代唯物主义,0574_毛泽东_革命民主主义_近代唯物主义.md,21.94,新民主主义革命理论与马克思主义中国化
毛泽东 新民主主义论 评价,0624_毛泽东_新民主主义论_评价.md,毛泽东 激进民主主义 空想社会主义,0576_毛泽东_激进民主主义_空想社会主义.md,21.94,新民主主义革命理论与马克思主义中国化
毛泽东 读 政治经济学教科书,0625_毛泽东_读_政治经济学教科书.md,苏联 政治经济学教科书 毛泽东,0913_苏联_政治经济学教科书_毛泽东.md,71.07,马克思主义哲学教科书体系
毛泽东 读 政治经济学教科书,0625_毛泽东_读_政治经济学教科书.md,毛泽东 读哲学 苏联教科书,0863_毛泽东_读哲学_苏联教科书.md,22.81,马克思主义哲学教科书体系
毛泽东 读 政治经济学教科书,0625_毛泽东_读_政治经济学教科书.md,毛泽东 世界观 转变,0573_毛泽东_世界观_转变.md,18.12,马克思主义哲学教科书体系
毛泽东 读 政治经济学教科书,0625_毛泽东_读_政治经济学教科书.md,矛盾论 辩证 毛泽东,0630_矛盾论_辩证_毛泽东.md,18.12,马克思主义哲学教科书体系
毛泽东 读 政治经济学教科书,0625_毛泽东_读_政治经济学教科书.md,毛泽东 建党思想 形成,0506_毛泽东_建党思想_形成.md,17.94,马克思主义哲学教科书体系
毛泽东哲学思想 特点 贡献,0626_毛泽东哲学思想_特点_贡献.md,毛泽东哲学思想 理论形态,0544_毛泽东哲学思想_理论形态.md,45.71,毛泽东哲学与中国革命经验
毛泽东哲学思想 特点 贡献,0626_毛泽东哲学思想_特点_贡献.md,毛泽东哲学思想 历史地位,0545_毛泽东哲学思想_历史地位.md,45.71,毛泽东哲学与中国革命经验
毛泽东哲学思想 特点 贡献,0626_毛泽东哲学思想_特点_贡献.md,毛泽东哲学思想 研究 新拓展,0496_毛泽东哲学思想_研究_新拓展.md,45.0,毛泽东哲学与中国革命经验
毛泽东哲学思想 特点 贡献,0626_毛泽东哲学思想_特点_贡献.md,毛泽东哲学思想 中国化形态,0497_毛泽东哲学思想_中国化形态.md,45.0,毛泽东哲学与中国革命经验
毛泽东哲学思想 特点 贡献,0626_毛泽东哲学思想_特点_贡献.md,毛泽东哲学思想 多方面展开,0594_毛泽东哲学思想_多方面展开.md,45.0,毛泽东哲学与中国革命经验
毛泽东 社会主义道路 哲学思想,0627_毛泽东_社会主义道路_哲学思想.md,反对本本主义 毛泽东 哲学思想,0585_反对本本主义_毛泽东_哲学思想.md,43.33,毛泽东哲学与中国革命经验
毛泽东 社会主义道路 哲学思想,0627_毛泽东_社会主义道路_哲学思想.md,毛泽东 延安时期 哲学思想,0536_毛泽东_延安时期_哲学思想.md,42.35,毛泽东哲学与中国革命经验
毛泽东 社会主义道路 哲学思想,0627_毛泽东_社会主义道路_哲学思想.md,新民主主义论 哲学思想,0563_新民主主义论_哲学思想.md,25.88,毛泽东哲学与中国革命经验
毛泽东 社会主义道路 哲学思想,0627_毛泽东_社会主义道路_哲学思想.md,鲁迅 哲学思想 转变,1424_鲁迅_哲学思想_转变.md,24.69,毛泽东哲学与中国革命经验
毛泽东 社会主义道路 哲学思想,0627_毛泽东_社会主义道路_哲学思想.md,抗战以来 哲学思想 评述,1583_抗战以来_哲学思想_评述.md,24.17,毛泽东哲学与中国革命经验
毛泽东哲学 中国现代哲学,0628_毛泽东哲学_中国现代哲学.md,中国现代哲学 张申府,1830_中国现代哲学_张申府.md,40.42,中国哲学现代转型
毛泽东哲学 中国现代哲学,0628_毛泽东哲学_中国现代哲学.md,毛泽东哲学 中国哲学现代传统,0572_毛泽东哲学_中国哲学现代传统.md,38.46,中国哲学现代转型
毛泽东哲学 中国现代哲学,0628_毛泽东哲学_中国现代哲学.md,中国现代哲学 思想来源 多元 主流,1493_中国现代哲学_思想来源_多元_主流.md,37.35,中国哲学现代转型
毛泽东哲学 中国现代哲学,0628_毛泽东哲学_中国现代哲学.md,毛泽东哲学 马克思主义哲学中国化,1893_毛泽东哲学_马克思主义哲学中国化.md,34.38,中国哲学现代转型
毛泽东哲学 中国现代哲学,0628_毛泽东哲学_中国现代哲学.md,思维方式 毛泽东哲学,1806_思维方式_毛泽东哲学.md,32.69,中国哲学现代转型
实践论 矛盾论 马克思主义哲学中国化 启示,0629_实践论_矛盾论_马克思主义哲学中国化_启示.md,马克思主义哲学中国化 实践论 矛盾论,1793_马克思主义哲学中国化_实践论_矛盾论.md,89.44,实践论矛盾论与马克思主义中国化
实践论 矛盾论 马克思主义哲学中国化 启示,0629_实践论_矛盾论_马克思主义哲学中国化_启示.md,马克思主义哲学中国化 不足,1432_马克思主义哲学中国化_不足.md,51.84,实践论矛盾论与马克思主义中国化
实践论 矛盾论 马克思主义哲学中国化 启示,0629_实践论_矛盾论_马克思主义哲学中国化_启示.md,李达 马克思主义哲学中国化,1751_李达_马克思主义哲学中国化.md,51.84,实践论矛盾论与马克思主义中国化
实践论 矛盾论 马克思主义哲学中国化 启示,0629_实践论_矛盾论_马克思主义哲学中国化_启示.md,马克思主义哲学中国化 走向,1816_马克思主义哲学中国化_走向.md,51.84,实践论矛盾论与马克思主义中国化
实践论 矛盾论 马克思主义哲学中国化 启示,0629_实践论_矛盾论_马克思主义哲学中国化_启示.md,毛泽东 马克思主义哲学中国化,1748_毛泽东_马克思主义哲学中国化.md,51.25,实践论矛盾论与马克思主义中国化
矛盾论 辩证 毛泽东,0630_矛盾论_辩证_毛泽东.md,毛泽东 矛盾论 主要矛盾,1687_毛泽东_矛盾论_主要矛盾.md,39.09,毛泽东哲学思想与中国革命经验
矛盾论 辩证 毛泽东,0630_矛盾论_辩证_毛泽东.md,毛泽东 矛盾论 中国哲学传统,0571_毛泽东_矛盾论_中国哲学传统.md,37.14,毛泽东哲学思想与中国革命经验
矛盾论 辩证 毛泽东,0630_矛盾论_辩证_毛泽东.md,实践论 矛盾论 毛泽东哲学,0543_实践论_矛盾论_毛泽东哲学.md,22.69,毛泽东哲学思想与中国革命经验
矛盾论 辩证 毛泽东,0630_矛盾论_辩证_毛泽东.md,矛盾论,1862_矛盾论.md,22.14,毛泽东哲学思想与中国革命经验
矛盾论 辩证 毛泽东,0630_矛盾论_辩证_毛泽东.md,唯物辩证法 矛盾统一法则 毛泽东,0542_唯物辩证法_矛盾统一法则_毛泽东.md,21.25,毛泽东哲学思想与中国革命经验
毛泽东 文化观 文化建设,0631_毛泽东_文化观_文化建设.md,文化建设,2020_文化建设.md,29.38,毛泽东哲学与中国革命经验
毛泽东 文化观 文化建设,0631_毛泽东_文化观_文化建设.md,列宁 经济建设 文化建设 政治建设,0892_列宁_经济建设_文化建设_政治建设.md,24.69,毛泽东哲学与中国革命经验
毛泽东 文化观 文化建设,0631_毛泽东_文化观_文化建设.md,根据地 政权建设 经济建设 文化建设,1205_根据地_政权建设_经济建设_文化建设.md,24.41,毛泽东哲学与中国革命经验
毛泽东 文化观 文化建设,0631_毛泽东_文化观_文化建设.md,毛泽东 世界观 转变,0573_毛泽东_世界观_转变.md,18.85,毛泽东哲学与中国革命经验
毛泽东 文化观 文化建设,0631_毛泽东_文化观_文化建设.md,矛盾论 辩证 毛泽东,0630_矛盾论_辩证_毛泽东.md,18.85,毛泽东哲学与中国革命经验
毛泽东 第二次结合 理论问题,0632_毛泽东_第二次结合_理论问题.md,红色政权 理论 毛泽东,0535_红色政权_理论_毛泽东.md,19.69,毛泽东哲学与中国革命经验
毛泽东 第二次结合 理论问题,0632_毛泽东_第二次结合_理论问题.md,理论联系实际 毛泽东,0549_理论联系实际_毛泽东.md,19.69,毛泽东哲学与中国革命经验
毛泽东 第二次结合 理论问题,0632_毛泽东_第二次结合_理论问题.md,农村包围城市 理论 毛泽东,0534_农村包围城市_理论_毛泽东.md,19.17,毛泽东哲学与中国革命经验
毛泽东 第二次结合 理论问题,0632_毛泽东_第二次结合_理论问题.md,农民问题 中国革命 毛泽东,0582_农民问题_中国革命_毛泽东.md,19.17,毛泽东哲学与中国革命经验
毛泽东 第二次结合 理论问题,0632_毛泽东_第二次结合_理论问题.md,反映论 真理论 实践论 毛泽东,0541_反映论_真理论_实践论_毛泽东.md,18.95,毛泽东哲学与中国革命经验
毛泽东 哲学 民族事业,0633_毛泽东_哲学_民族事业.md,调查研究 毛泽东 哲学,0550_调查研究_毛泽东_哲学.md,23.33,毛泽东哲学与中国革命经验
毛泽东 哲学 民族事业,0633_毛泽东_哲学_民族事业.md,毛泽东 哲学讲义 中国化语言,0539_毛泽东_哲学讲义_中国化语言.md,21.67,毛泽东哲学与中国革命经验
毛泽东 哲学 民族事业,0633_毛泽东_哲学_民族事业.md,反对本本主义 毛泽东 哲学思想,0585_反对本本主义_毛泽东_哲学思想.md,21.25,毛泽东哲学与中国革命经验
毛泽东 哲学 民族事业,0633_毛泽东_哲学_民族事业.md,哲学 党性 阶级性 毛泽东,0540_哲学_党性_阶级性_毛泽东.md,20.36,毛泽东哲学与中国革命经验
毛泽东 哲学 民族事业,0633_毛泽东_哲学_民族事业.md,毛泽东 延安时期 哲学思想,0536_毛泽东_延安时期_哲学思想.md,20.0,毛泽东哲学与中国革命经验
马克思主义哲学 新民主主义革命,0634_马克思主义哲学_新民主主义革命.md,新民主主义革命 马克思主义中国化 主题,0502_新民主主义革命_马克思主义中国化_主题.md,47.5,新民主主义革命理论与马克思主义中国化
马克思主义哲学 新民主主义革命,0634_马克思主义哲学_新民主主义革命.md,新民主主义向社会主义 转变 马克思主义哲学,0602_新民主主义向社会主义_转变_马克思主义哲学.md,46.84,新民主主义革命理论与马克思主义中国化
马克思主义哲学 新民主主义革命,0634_马克思主义哲学_新民主主义革命.md,新民主主义革命 总路线,0515_新民主主义革命_总路线.md,45.0,新民主主义革命理论与马克思主义中国化
马克思主义哲学 新民主主义革命,0634_马克思主义哲学_新民主主义革命.md,马克思主义哲学 中国哲学,1823_马克思主义哲学_中国哲学.md,45.0,新民主主义革命理论与马克思主义中国化
马克思主义哲学 新民主主义革命,0634_马克思主义哲学_新民主主义革命.md,文化大革命 马克思主义哲学 歪曲,0650_文化大革命_马克思主义哲学_歪曲.md,44.72,新民主主义革命理论与马克思主义中国化
不要误解 实事求是,0635_不要误解_实事求是.md,实事求是 解放思想,0611_实事求是_解放思想.md,26.82,毛泽东哲学与中国革命经验
不要误解 实事求是,0635_不要误解_实事求是.md,实事求是 民主集中制,0612_实事求是_民主集中制.md,26.25,毛泽东哲学与中国革命经验
不要误解 实事求是,0635_不要误解_实事求是.md,实事求是 思想路线 延安,0597_实事求是_思想路线_延安.md,25.77,毛泽东哲学与中国革命经验
不要误解 实事求是,0635_不要误解_实事求是.md,实事求是 毛泽东思想 精髓,0491_实事求是_毛泽东思想_精髓.md,25.36,毛泽东哲学与中国革命经验
不要误解 实事求是,0635_不要误解_实事求是.md,改造我们的学习 实事求是,0519_改造我们的学习_实事求是.md,25.36,毛泽东哲学与中国革命经验
新中国 马克思主义基本观点 普及,0636_新中国_马克思主义基本观点_普及.md,马克思主义哲学 大众学习 新中国,0662_马克思主义哲学_大众学习_新中国.md,22.5,马克思恩格斯经典文本与哲学关系
新中国 马克思主义基本观点 普及,0636_新中国_马克思主义基本观点_普及.md,真理问题 讨论 新中国,0642_真理问题_讨论_新中国.md,17.63,马克思恩格斯经典文本与哲学关系
新中国 马克思主义基本观点 普及,0636_新中国_马克思主义基本观点_普及.md,实践论 学习宣传 新中国,0566_实践论_学习宣传_新中国.md,17.5,马克思恩格斯经典文本与哲学关系
新中国 马克思主义基本观点 普及,0636_新中国_马克思主义基本观点_普及.md,矛盾论 学习宣传 新中国,0567_矛盾论_学习宣传_新中国.md,17.5,马克思恩格斯经典文本与哲学关系
新中国 马克思主义基本观点 普及,0636_新中国_马克思主义基本观点_普及.md,干部群众 学哲学 新中国,0663_干部群众_学哲学_新中国.md,17.5,马克思恩格斯经典文本与哲学关系
马列著作 翻译出版 新中国,0637_马列著作_翻译出版_新中国.md,翻译出版 马列著作,1768_翻译出版_马列著作.md,53.64,社会主义建设时期哲学讨论与反思
马列著作 翻译出版 新中国,0637_马列著作_翻译出版_新中国.md,苏联哲学家 著作 翻译出版,0907_苏联哲学家_著作_翻译出版.md,28.33,社会主义建设时期哲学讨论与反思
马列著作 翻译出版 新中国,0637_马列著作_翻译出版_新中国.md,马克思主义哲学 经典著作 翻译出版,0104_马克思主义哲学_经典著作_翻译出版.md,26.58,社会主义建设时期哲学讨论与反思
马列著作 翻译出版 新中国,0637_马列著作_翻译出版_新中国.md,马克思恩格斯 马列著作,1763_马克思恩格斯_马列著作.md,24.69,社会主义建设时期哲学讨论与反思
马列著作 翻译出版 新中国,0637_马列著作_翻译出版_新中国.md,真理问题 讨论 新中国,0642_真理问题_讨论_新中国.md,18.12,社会主义建设时期哲学讨论与反思
过渡时期 社会性质 马克思主义判断,0638_过渡时期_社会性质_马克思主义判断.md,社会主义过渡时期 社会性质 讨论,0640_社会主义过渡时期_社会性质_讨论.md,31.11,马克思恩格斯经典文本与哲学关系
过渡时期 社会性质 马克思主义判断,0638_过渡时期_社会性质_马克思主义判断.md,苏联哲学 过渡时期 成就,0783_苏联哲学_过渡时期_成就.md,23.75,马克思恩格斯经典文本与哲学关系
过渡时期 社会性质 马克思主义判断,0638_过渡时期_社会性质_马克思主义判断.md,列宁 过渡时期 基本矛盾,0872_列宁_过渡时期_基本矛盾.md,23.75,马克思恩格斯经典文本与哲学关系
过渡时期 社会性质 马克思主义判断,0638_过渡时期_社会性质_马克思主义判断.md,列宁 过渡时期 阶级关系,0873_列宁_过渡时期_阶级关系.md,23.75,马克思恩格斯经典文本与哲学关系
过渡时期 社会性质 马克思主义判断,0638_过渡时期_社会性质_马克思主义判断.md,过渡时期 总路线 理论贡献,0639_过渡时期_总路线_理论贡献.md,23.57,马克思恩格斯经典文本与哲学关系
过渡时期 总路线 理论贡献,0639_过渡时期_总路线_理论贡献.md,过渡时期 总路线 历史必然性,0669_过渡时期_总路线_历史必然性.md,45.0,社会主义建设时期哲学讨论与反思
过渡时期 总路线 理论贡献,0639_过渡时期_总路线_理论贡献.md,苏联哲学 过渡时期 成就,0783_苏联哲学_过渡时期_成就.md,24.69,社会主义建设时期哲学讨论与反思
过渡时期 总路线 理论贡献,0639_过渡时期_总路线_理论贡献.md,列宁 过渡时期 基本矛盾,0872_列宁_过渡时期_基本矛盾.md,24.69,社会主义建设时期哲学讨论与反思
过渡时期 总路线 理论贡献,0639_过渡时期_总路线_理论贡献.md,列宁 过渡时期 阶级关系,0873_列宁_过渡时期_阶级关系.md,24.69,社会主义建设时期哲学讨论与反思
过渡时期 总路线 理论贡献,0639_过渡时期_总路线_理论贡献.md,苏联哲学 过渡时期 哲学斗争,0769_苏联哲学_过渡时期_哲学斗争.md,24.41,社会主义建设时期哲学讨论与反思
社会主义过渡时期 社会性质 讨论,0640_社会主义过渡时期_社会性质_讨论.md,过渡时期 社会性质 马克思主义判断,0638_过渡时期_社会性质_马克思主义判断.md,31.11,社会主义建设时期哲学讨论与反思
社会主义过渡时期 社会性质 讨论,0640_社会主义过渡时期_社会性质_讨论.md,近代中国 社会性质 主要矛盾 历史任务,1121_近代中国_社会性质_主要矛盾_历史任务.md,23.12,社会主义建设时期哲学讨论与反思
社会主义过渡时期 社会性质 讨论,0640_社会主义过渡时期_社会性质_讨论.md,国家资本主义 过渡社会主义 列宁,0877_国家资本主义_过渡社会主义_列宁.md,6.58,社会主义建设时期哲学讨论与反思
社会主义过渡时期 社会性质 讨论,0640_社会主义过渡时期_社会性质_讨论.md,新民主主义社会 社会主义社会 过渡,0606_新民主主义社会_社会主义社会_过渡.md,5.56,社会主义建设时期哲学讨论与反思
社会主义过渡时期 社会性质 讨论,0640_社会主义过渡时期_社会性质_讨论.md,社会主义社会 发展动力 讨论,0979_社会主义社会_发展动力_讨论.md,5.56,社会主义建设时期哲学讨论与反思
经济基础 上层建筑 过渡时期,0641_经济基础_上层建筑_过渡时期.md,李达 经济基础 上层建筑,0315_李达_经济基础_上层建筑.md,53.46,历史唯物主义体系
经济基础 上层建筑 过渡时期,0641_经济基础_上层建筑_过渡时期.md,经济基础 上层建筑 相互作用,0019_经济基础_上层建筑_相互作用.md,51.67,历史唯物主义体系
经济基础 上层建筑 过渡时期,0641_经济基础_上层建筑_过渡时期.md,唯物史观 经济基础 上层建筑,0027_唯物史观_经济基础_上层建筑.md,51.67,历史唯物主义体系
经济基础 上层建筑 过渡时期,0641_经济基础_上层建筑_过渡时期.md,经济基础 上层建筑 意识形态,1681_经济基础_上层建筑_意识形态.md,51.67,历史唯物主义体系
经济基础 上层建筑 过渡时期,0641_经济基础_上层建筑_过渡时期.md,语言学问题 经济基础 上层建筑,0003_语言学问题_经济基础_上层建筑.md,50.94,历史唯物主义体系
真理问题 讨论 新中国,0642_真理问题_讨论_新中国.md,实践论 学习宣传 新中国,0566_实践论_学习宣传_新中国.md,18.33,哲学基本范畴与辩证法原理
真理问题 讨论 新中国,0642_真理问题_讨论_新中国.md,矛盾论 学习宣传 新中国,0567_矛盾论_学习宣传_新中国.md,18.33,哲学基本范畴与辩证法原理
真理问题 讨论 新中国,0642_真理问题_讨论_新中国.md,干部群众 学哲学 新中国,0663_干部群众_学哲学_新中国.md,18.33,哲学基本范畴与辩证法原理
真理问题 讨论 新中国,0642_真理问题_讨论_新中国.md,马列著作 翻译出版 新中国,0637_马列著作_翻译出版_新中国.md,18.12,哲学基本范畴与辩证法原理
真理问题 讨论 新中国,0642_真理问题_讨论_新中国.md,中国哲学史研究 新中国 新变化,0718_中国哲学史研究_新中国_新变化.md,17.94,哲学基本范畴与辩证法原理
大跃进 人民公社 理论反思,0643_大跃进_人民公社_理论反思.md,大跃进 马克思主义哲学应用 失误,0654_大跃进_马克思主义哲学应用_失误.md,17.38,社会主义建设时期哲学讨论与反思
文化大革命 马克思主义学术 挫折,0644_文化大革命_马克思主义学术_挫折.md,文化大革命 马克思主义哲学 歪曲,0650_文化大革命_马克思主义哲学_歪曲.md,38.24,马克思恩格斯经典文本与哲学关系
文化大革命 马克思主义学术 挫折,0644_文化大革命_马克思主义学术_挫折.md,文化大革命 马克思主义哲学应用 失误,0655_文化大革命_马克思主义哲学应用_失误.md,36.84,马克思恩格斯经典文本与哲学关系
文化大革命 马克思主义学术 挫折,0644_文化大革命_马克思主义学术_挫折.md,文化大革命 毛泽东晚年 主观主义失误,0609_文化大革命_毛泽东晚年_主观主义失误.md,30.43,马克思恩格斯经典文本与哲学关系
文化大革命 马克思主义学术 挫折,0644_文化大革命_马克思主义学术_挫折.md,阶级形势 唯心估量 文化大革命,0683_阶级形势_唯心估量_文化大革命.md,29.76,马克思恩格斯经典文本与哲学关系
文化大革命 马克思主义学术 挫折,0644_文化大革命_马克思主义学术_挫折.md,文化改造 社会革命 马克思主义引进,0966_文化改造_社会革命_马克思主义引进.md,8.75,马克思恩格斯经典文本与哲学关系
真理标准讨论 学术史,0645_真理标准讨论_学术史.md,真理标准讨论 拨乱反正,0651_真理标准讨论_拨乱反正.md,40.42,真理标准讨论与思想解放
真理标准讨论 学术史,0645_真理标准讨论_学术史.md,问题与主义 论战 学术史,0119_问题与主义_论战_学术史.md,18.33,真理标准讨论与思想解放
真理标准讨论 学术史,0645_真理标准讨论_学术史.md,李达 社会学大纲 学术史,0268_李达_社会学大纲_学术史.md,18.33,真理标准讨论与思想解放
真理标准讨论 学术史,0645_真理标准讨论_学术史.md,唯物辩证法论战 学术史,0919_唯物辩证法论战_学术史.md,18.33,真理标准讨论与思想解放
真理标准讨论 学术史,0645_真理标准讨论_学术史.md,新文化运动 五四运动 学术史,0118_新文化运动_五四运动_学术史.md,18.12,真理标准讨论与思想解放
邓小平理论 马克思主义中国化,0646_邓小平理论_马克思主义中国化.md,新民主主义理论 马克思主义中国化,0564_新民主主义理论_马克思主义中国化.md,54.06,马克思恩格斯经典文本与哲学关系
邓小平理论 马克思主义中国化,0646_邓小平理论_马克思主义中国化.md,马克思主义中国化 理论困境,1178_马克思主义中国化_理论困境.md,53.33,马克思恩格斯经典文本与哲学关系
邓小平理论 马克思主义中国化,0646_邓小平理论_马克思主义中国化.md,新民主主义革命理论 马克思主义中国化,0503_新民主主义革命理论_马克思主义中国化.md,52.5,马克思恩格斯经典文本与哲学关系
邓小平理论 马克思主义中国化,0646_邓小平理论_马克思主义中国化.md,马克思主义中国化 前瞻,1180_马克思主义中国化_前瞻.md,52.5,马克思恩格斯经典文本与哲学关系
邓小平理论 马克思主义中国化,0646_邓小平理论_马克思主义中国化.md,起源 马克思主义中国化,1761_起源_马克思主义中国化.md,52.5,马克思恩格斯经典文本与哲学关系
三个代表 重要思想 学术史,0647_三个代表_重要思想_学术史.md,三个代表 马克思主义哲学 理论创新,0659_三个代表_马克思主义哲学_理论创新.md,23.57,中国马克思主义哲学史学科建设
三个代表 重要思想 学术史,0647_三个代表_重要思想_学术史.md,真理标准讨论 学术史,0645_真理标准讨论_学术史.md,18.12,中国马克思主义哲学史学科建设
三个代表 重要思想 学术史,0647_三个代表_重要思想_学术史.md,问题与主义 论战 学术史,0119_问题与主义_论战_学术史.md,17.94,中国马克思主义哲学史学科建设
三个代表 重要思想 学术史,0647_三个代表_重要思想_学术史.md,李达 社会学大纲 学术史,0268_李达_社会学大纲_学术史.md,17.94,中国马克思主义哲学史学科建设
三个代表 重要思想 学术史,0647_三个代表_重要思想_学术史.md,唯物辩证法论战 学术史,0919_唯物辩证法论战_学术史.md,17.94,中国马克思主义哲学史学科建设
科学发展观 马克思主义中国化,0648_科学发展观_马克思主义中国化.md,马克思主义中国化 科学内涵,1147_马克思主义中国化_科学内涵.md,53.33,马克思恩格斯经典文本与哲学关系
科学发展观 马克思主义中国化,0648_科学发展观_马克思主义中国化.md,马克思主义中国化 前瞻,1180_马克思主义中国化_前瞻.md,52.5,马克思恩格斯经典文本与哲学关系
科学发展观 马克思主义中国化,0648_科学发展观_马克思主义中国化.md,起源 马克思主义中国化,1761_起源_马克思主义中国化.md,52.5,马克思恩格斯经典文本与哲学关系
科学发展观 马克思主义中国化,0648_科学发展观_马克思主义中国化.md,马克思主义中国化 思潮,1827_马克思主义中国化_思潮.md,52.5,马克思恩格斯经典文本与哲学关系
科学发展观 马克思主义中国化,0648_科学发展观_马克思主义中国化.md,马克思主义中国化 重建,1828_马克思主义中国化_重建.md,52.5,马克思恩格斯经典文本与哲学关系
新中国初期 马克思主义哲学传播 新形式,0649_新中国初期_马克思主义哲学传播_新形式.md,中国近现代 社会矛盾 马克思主义哲学传播,0101_中国近现代_社会矛盾_马克思主义哲学传播.md,49.38,马克思恩格斯经典文本与哲学关系
新中国初期 马克思主义哲学传播 新形式,0649_新中国初期_马克思主义哲学传播_新形式.md,西学东渐 马克思主义哲学传播 环境,0058_西学东渐_马克思主义哲学传播_环境.md,49.09,马克思恩格斯经典文本与哲学关系
新中国初期 马克思主义哲学传播 新形式,0649_新中国初期_马克思主义哲学传播_新形式.md,新中国成立后 马克思主义哲学 传播,0660_新中国成立后_马克思主义哲学_传播.md,12.5,马克思恩格斯经典文本与哲学关系
新中国初期 马克思主义哲学传播 新形式,0649_新中国初期_马克思主义哲学传播_新形式.md,马克思主义哲学 传播形式 转换,0052_马克思主义哲学_传播形式_转换.md,11.84,马克思恩格斯经典文本与哲学关系
新中国初期 马克思主义哲学传播 新形式,0649_新中国初期_马克思主义哲学传播_新形式.md,五四时期 马克思主义哲学 传播,0143_五四时期_马克思主义哲学_传播.md,11.84,马克思恩格斯经典文本与哲学关系
文化大革命 马克思主义哲学 歪曲,0650_文化大革命_马克思主义哲学_歪曲.md,林彪 马克思主义哲学 歪曲,1371_林彪_马克思主义哲学_歪曲.md,58.33,马克思恩格斯经典文本与哲学关系
文化大革命 马克思主义哲学 歪曲,0650_文化大革命_马克思主义哲学_歪曲.md,马克思主义哲学 新民主主义革命,0634_马克思主义哲学_新民主主义革命.md,44.72,马克思恩格斯经典文本与哲学关系
文化大革命 马克思主义哲学 歪曲,0650_文化大革命_马克思主义哲学_歪曲.md,马克思主义哲学 中国文化身份,0723_马克思主义哲学_中国文化身份.md,44.72,马克思恩格斯经典文本与哲学关系
文化大革命 马克思主义哲学 歪曲,0650_文化大革命_马克思主义哲学_歪曲.md,马克思主义哲学 哲学大众化 大众哲学,1791_马克思主义哲学_哲学大众化_大众哲学.md,44.72,马克思恩格斯经典文本与哲学关系
文化大革命 马克思主义哲学 歪曲,0650_文化大革命_马克思主义哲学_歪曲.md,马克思主义哲学 中国哲学,1823_马克思主义哲学_中国哲学.md,44.38,马克思恩格斯经典文本与哲学关系
真理标准讨论 拨乱反正,0651_真理标准讨论_拨乱反正.md,真理标准讨论 学术史,0645_真理标准讨论_学术史.md,40.42,真理标准讨论与思想解放
真理标准讨论 拨乱反正,0651_真理标准讨论_拨乱反正.md,拨乱反正 苏联哲学,0795_拨乱反正_苏联哲学.md,25.77,真理标准讨论与思想解放
真理标准讨论 拨乱反正,0651_真理标准讨论_拨乱反正.md,划分阶级 标准 讨论,1367_划分阶级_标准_讨论.md,5.77,真理标准讨论与思想解放
生产力 生产关系 社会主义改造,0652_生产力_生产关系_社会主义改造.md,生产力 生产关系 社会形态,1680_生产力_生产关系_社会形态.md,48.46,历史唯物主义体系
生产力 生产关系 社会主义改造,0652_生产力_生产关系_社会主义改造.md,生产力 生产关系 讨论,0002_生产力_生产关系_讨论.md,44.62,历史唯物主义体系
生产力 生产关系 社会主义改造,0652_生产力_生产关系_社会主义改造.md,李达 生产力 生产关系,0316_李达_生产力_生产关系.md,44.62,历史唯物主义体系
生产力 生产关系 社会主义改造,0652_生产力_生产关系_社会主义改造.md,生产力 生产关系 斯大林,0906_生产力_生产关系_斯大林.md,43.93,历史唯物主义体系
生产力 生产关系 社会主义改造,0652_生产力_生产关系_社会主义改造.md,生产力 生产关系 历史规律,0016_生产力_生产关系_历史规律.md,43.33,历史唯物主义体系
正确处理人民内部矛盾 矛盾理论 应用,0653_正确处理人民内部矛盾_矛盾理论_应用.md,社会主义社会矛盾理论 正确处理人民内部矛盾,0678_社会主义社会矛盾理论_正确处理人民内部矛盾.md,53.75,社会主义社会矛盾理论
正确处理人民内部矛盾 矛盾理论 应用,0653_正确处理人民内部矛盾_矛盾理论_应用.md,主要矛盾 大众哲学 矛盾理论,1808_主要矛盾_大众哲学_矛盾理论.md,23.57,社会主义社会矛盾理论
正确处理人民内部矛盾 矛盾理论 应用,0653_正确处理人民内部矛盾_矛盾理论_应用.md,论十大关系 矛盾学说 应用,1054_论十大关系_矛盾学说_应用.md,12.27,社会主义社会矛盾理论
正确处理人民内部矛盾 矛盾理论 应用,0653_正确处理人民内部矛盾_矛盾理论_应用.md,唯物辩证法 应用 要点,1556_唯物辩证法_应用_要点.md,11.19,社会主义社会矛盾理论
正确处理人民内部矛盾 矛盾理论 应用,0653_正确处理人民内部矛盾_矛盾理论_应用.md,李达 唯物史观 传播 应用,0332_李达_唯物史观_传播_应用.md,11.14,社会主义社会矛盾理论
大跃进 马克思主义哲学应用 失误,0654_大跃进_马克思主义哲学应用_失误.md,文化大革命 马克思主义哲学应用 失误,0655_文化大革命_马克思主义哲学应用_失误.md,63.89,马克思恩格斯经典文本与哲学关系
大跃进 马克思主义哲学应用 失误,0654_大跃进_马克思主义哲学应用_失误.md,大跃进 人民公社 理论反思,0643_大跃进_人民公社_理论反思.md,17.38,马克思恩格斯经典文本与哲学关系
大跃进 马克思主义哲学应用 失误,0654_大跃进_马克思主义哲学应用_失误.md,和平改造 马克思主义哲学 应用,1051_和平改造_马克思主义哲学_应用.md,11.76,马克思恩格斯经典文本与哲学关系
大跃进 马克思主义哲学应用 失误,0654_大跃进_马克思主义哲学应用_失误.md,马克思主义哲学 多领域 应用,1019_马克思主义哲学_多领域_应用.md,10.29,马克思恩格斯经典文本与哲学关系
大跃进 马克思主义哲学应用 失误,0654_大跃进_马克思主义哲学应用_失误.md,马克思主义哲学 中国哲学,1823_马克思主义哲学_中国哲学.md,9.38,马克思恩格斯经典文本与哲学关系
文化大革命 马克思主义哲学应用 失误,0655_文化大革命_马克思主义哲学应用_失误.md,大跃进 马克思主义哲学应用 失误,0654_大跃进_马克思主义哲学应用_失误.md,63.89,马克思恩格斯经典文本与哲学关系
文化大革命 马克思主义哲学应用 失误,0655_文化大革命_马克思主义哲学应用_失误.md,文化大革命 马克思主义哲学 歪曲,0650_文化大革命_马克思主义哲学_歪曲.md,41.18,马克思恩格斯经典文本与哲学关系
文化大革命 马克思主义哲学应用 失误,0655_文化大革命_马克思主义哲学应用_失误.md,文化大革命 马克思主义学术 挫折,0644_文化大革命_马克思主义学术_挫折.md,36.84,马克思恩格斯经典文本与哲学关系
文化大革命 马克思主义哲学应用 失误,0655_文化大革命_马克思主义哲学应用_失误.md,文化大革命 毛泽东晚年 主观主义失误,0609_文化大革命_毛泽东晚年_主观主义失误.md,31.25,马克思恩格斯经典文本与哲学关系
文化大革命 马克思主义哲学应用 失误,0655_文化大革命_马克思主义哲学应用_失误.md,阶级形势 唯心估量 文化大革命,0683_阶级形势_唯心估量_文化大革命.md,29.35,马克思恩格斯经典文本与哲学关系
邓小平 哲学理论 当代形态,0656_邓小平_哲学理论_当代形态.md,哲学理论 发展 人文化倾向,1014_哲学理论_发展_人文化倾向.md,24.41,社会主义建设与改革开放哲学反思
邓小平 哲学理论 当代形态,0656_邓小平_哲学理论_当代形态.md,哲学理论 政治实践 密切联系,1207_哲学理论_政治实践_密切联系.md,24.17,社会主义建设与改革开放哲学反思
邓小平 哲学理论 当代形态,0656_邓小平_哲学理论_当代形态.md,邓小平 实践观 特色,0657_邓小平_实践观_特色.md,18.33,社会主义建设与改革开放哲学反思
邓小平 哲学理论 当代形态,0656_邓小平_哲学理论_当代形态.md,邓小平 价值观 特色,0658_邓小平_价值观_特色.md,18.33,社会主义建设与改革开放哲学反思
邓小平 实践观 特色,0657_邓小平_实践观_特色.md,邓小平 价值观 特色,0658_邓小平_价值观_特色.md,25.0,哲学基本范畴与辩证法原理
邓小平 实践观 特色,0657_邓小平_实践观_特色.md,邓小平 哲学理论 当代形态,0656_邓小平_哲学理论_当代形态.md,18.33,哲学基本范畴与辩证法原理
邓小平 实践观 特色,0657_邓小平_实践观_特色.md,邓小平文选,1934_邓小平文选.md,5.56,哲学基本范畴与辩证法原理
邓小平 价值观 特色,0658_邓小平_价值观_特色.md,邓小平 实践观 特色,0657_邓小平_实践观_特色.md,25.0,社会主义建设与改革开放哲学反思
邓小平 价值观 特色,0658_邓小平_价值观_特色.md,新文化运动 价值观 变革,0133_新文化运动_价值观_变革.md,18.57,社会主义建设与改革开放哲学反思
邓小平 价值观 特色,0658_邓小平_价值观_特色.md,新青年 价值观 古今之变,1233_新青年_价值观_古今之变.md,18.57,社会主义建设与改革开放哲学反思
邓小平 价值观 特色,0658_邓小平_价值观_特色.md,邓小平 哲学理论 当代形态,0656_邓小平_哲学理论_当代形态.md,18.33,社会主义建设与改革开放哲学反思
邓小平 价值观 特色,0658_邓小平_价值观_特色.md,价值观 价值哲学 马克思主义哲学,1045_价值观_价值哲学_马克思主义哲学.md,18.12,社会主义建设与改革开放哲学反思
三个代表 马克思主义哲学 理论创新,0659_三个代表_马克思主义哲学_理论创新.md,马克思主义哲学 中国哲学,1823_马克思主义哲学_中国哲学.md,43.82,马克思恩格斯经典文本与哲学关系
三个代表 马克思主义哲学 理论创新,0659_三个代表_马克思主义哲学_理论创新.md,教科书编写 创新 马克思主义哲学,0935_教科书编写_创新_马克思主义哲学.md,43.75,马克思恩格斯经典文本与哲学关系
三个代表 马克思主义哲学 理论创新,0659_三个代表_马克思主义哲学_理论创新.md,马克思主义哲学 新理论形态 形成,1020_马克思主义哲学_新理论形态_形成.md,43.75,马克思恩格斯经典文本与哲学关系
三个代表 马克思主义哲学 理论创新,0659_三个代表_马克思主义哲学_理论创新.md,国统区 理论著述 马克思主义哲学,1035_国统区_理论著述_马克思主义哲学.md,43.75,马克思恩格斯经典文本与哲学关系
三个代表 马克思主义哲学 理论创新,0659_三个代表_马克思主义哲学_理论创新.md,马克思主义哲学 理解 表述 多样化,1064_马克思主义哲学_理解_表述_多样化.md,43.75,马克思恩格斯经典文本与哲学关系
新中国成立后 马克思主义哲学 传播,0660_新中国成立后_马克思主义哲学_传播.md,马克思主义哲学 传播 苏联,0785_马克思主义哲学_传播_苏联.md,47.5,马克思主义哲学在中国的传播路径
新中国成立后 马克思主义哲学 传播,0660_新中国成立后_马克思主义哲学_传播.md,新中国成立后 马克思主义哲学发展 特点,0661_新中国成立后_马克思主义哲学发展_特点.md,46.67,马克思主义哲学在中国的传播路径
新中国成立后 马克思主义哲学 传播,0660_新中国成立后_马克思主义哲学_传播.md,马克思主义哲学 传播 普及 运用 中国化,0108_马克思主义哲学_传播_普及_运用_中国化.md,46.25,马克思主义哲学在中国的传播路径
新中国成立后 马克思主义哲学 传播,0660_新中国成立后_马克思主义哲学_传播.md,马克思主义哲学 传播范围 扩大,0046_马克思主义哲学_传播范围_扩大.md,46.11,马克思主义哲学在中国的传播路径
新中国成立后 马克思主义哲学 传播,0660_新中国成立后_马克思主义哲学_传播.md,马克思主义哲学 中国传播 源头,0047_马克思主义哲学_中国传播_源头.md,46.11,马克思主义哲学在中国的传播路径
新中国成立后 马克思主义哲学发展 特点,0661_新中国成立后_马克思主义哲学发展_特点.md,新中国成立后 马克思主义哲学 传播,0660_新中国成立后_马克思主义哲学_传播.md,46.67,马克思恩格斯经典文本与哲学关系
新中国成立后 马克思主义哲学发展 特点,0661_新中国成立后_马克思主义哲学发展_特点.md,马克思主义哲学 教科书传播 特点,0097_马克思主义哲学_教科书传播_特点.md,17.95,马克思恩格斯经典文本与哲学关系
新中国成立后 马克思主义哲学发展 特点,0661_新中国成立后_马克思主义哲学发展_特点.md,五四时期 传播马克思主义哲学 特点,0225_五四时期_传播马克思主义哲学_特点.md,17.61,马克思恩格斯经典文本与哲学关系
新中国成立后 马克思主义哲学发展 特点,0661_新中国成立后_马克思主义哲学发展_特点.md,马克思主义 初期传播 特点,0093_马克思主义_初期传播_特点.md,15.95,马克思恩格斯经典文本与哲学关系
新中国成立后 马克思主义哲学发展 特点,0661_新中国成立后_马克思主义哲学发展_特点.md,马克思主义 学说 初期传播 特点,0095_马克思主义_学说_初期传播_特点.md,15.43,马克思恩格斯经典文本与哲学关系
马克思主义哲学 大众学习 新中国,0662_马克思主义哲学_大众学习_新中国.md,马克思主义哲学 大众化 中国化,1200_马克思主义哲学_大众化_中国化.md,49.06,马克思恩格斯经典文本与哲学关系
马克思主义哲学 大众学习 新中国,0662_马克思主义哲学_大众学习_新中国.md,马克思主义哲学 哲学大众化,1813_马克思主义哲学_哲学大众化.md,48.33,马克思恩格斯经典文本与哲学关系
马克思主义哲学 大众学习 新中国,0662_马克思主义哲学_大众学习_新中国.md,大众哲学 马克思主义哲学 大众化,0360_大众哲学_马克思主义哲学_大众化.md,47.5,马克思恩格斯经典文本与哲学关系
马克思主义哲学 大众学习 新中国,0662_马克思主义哲学_大众学习_新中国.md,马克思主义哲学 学习 新局面,1341_马克思主义哲学_学习_新局面.md,47.5,马克思恩格斯经典文本与哲学关系
马克思主义哲学 大众学习 新中国,0662_马克思主义哲学_大众学习_新中国.md,马克思主义哲学 大众化 胡绳,1814_马克思主义哲学_大众化_胡绳.md,47.5,马克思恩格斯经典文本与哲学关系
干部群众 学哲学 新中国,0663_干部群众_学哲学_新中国.md,马克思主义哲学 大众学习 新中国,0662_马克思主义哲学_大众学习_新中国.md,20.56,社会主义建设时期哲学讨论与反思
干部群众 学哲学 新中国,0663_干部群众_学哲学_新中国.md,中国哲学史研究 新中国 新变化,0718_中国哲学史研究_新中国_新变化.md,19.41,社会主义建设时期哲学讨论与反思
干部群众 学哲学 新中国,0663_干部群众_学哲学_新中国.md,工农兵 学哲学 用哲学,1040_工农兵_学哲学_用哲学.md,18.57,社会主义建设时期哲学讨论与反思
干部群众 学哲学 新中国,0663_干部群众_学哲学_新中国.md,真理问题 讨论 新中国,0642_真理问题_讨论_新中国.md,18.33,社会主义建设时期哲学讨论与反思
干部群众 学哲学 新中国,0663_干部群众_学哲学_新中国.md,哲学解放 工农兵 学哲学,1039_哲学解放_工农兵_学哲学.md,18.33,社会主义建设时期哲学讨论与反思
改革开放时期 马克思主义哲学 新发展,0664_改革开放时期_马克思主义哲学_新发展.md,五四时期 马克思主义哲学 传播,0143_五四时期_马克思主义哲学_传播.md,45.53,真理标准讨论与思想解放
改革开放时期 马克思主义哲学 新发展,0664_改革开放时期_马克思主义哲学_新发展.md,延安时期 马克思主义哲学 创作 宣讲,1206_延安时期_马克思主义哲学_创作_宣讲.md,44.52,真理标准讨论与思想解放
改革开放时期 马克思主义哲学 新发展,0664_改革开放时期_马克思主义哲学_新发展.md,马克思主义哲学 新民主主义革命,0634_马克思主义哲学_新民主主义革命.md,43.75,真理标准讨论与思想解放
改革开放时期 马克思主义哲学 新发展,0664_改革开放时期_马克思主义哲学_新发展.md,马克思主义哲学 新理论形态 形成,1020_马克思主义哲学_新理论形态_形成.md,43.33,真理标准讨论与思想解放
改革开放时期 马克思主义哲学 新发展,0664_改革开放时期_马克思主义哲学_新发展.md,马克思主义哲学 中国哲学,1823_马克思主义哲学_中国哲学.md,43.33,真理标准讨论与思想解放
改革开放 哲学研究 教学 特点,0665_改革开放_哲学研究_教学_特点.md,改革开放 中国哲学史研究 繁荣,0719_改革开放_中国哲学史研究_繁荣.md,26.94,真理标准讨论与思想解放
改革开放 哲学研究 教学 特点,0665_改革开放_哲学研究_教学_特点.md,哲学研究,1984_哲学研究.md,26.82,真理标准讨论与思想解放
改革开放 哲学研究 教学 特点,0665_改革开放_哲学研究_教学_特点.md,马克思主义哲学 教学 研究 宣传,1224_马克思主义哲学_教学_研究_宣传.md,15.26,真理标准讨论与思想解放
改革开放 哲学研究 教学 特点,0665_改革开放_哲学研究_教学_特点.md,大众哲学 特点 社会影响,0373_大众哲学_特点_社会影响.md,14.41,真理标准讨论与思想解放
改革开放 哲学研究 教学 特点,0665_改革开放_哲学研究_教学_特点.md,五四时期 传播马克思主义哲学 特点,0225_五四时期_传播马克思主义哲学_特点.md,13.41,真理标准讨论与思想解放
落后国家 社会主义建设 现代化,0666_落后国家_社会主义建设_现代化.md,社会主义建设 重点 非重点,0674_社会主义建设_重点_非重点.md,37.81,社会主义建设与改革开放哲学反思
落后国家 社会主义建设 现代化,0666_落后国家_社会主义建设_现代化.md,社会主义建设 平衡 不平衡,0675_社会主义建设_平衡_不平衡.md,37.81,社会主义建设与改革开放哲学反思
落后国家 社会主义建设 现代化,0666_落后国家_社会主义建设_现代化.md,自由 必然 社会主义建设,0682_自由_必然_社会主义建设.md,37.81,社会主义建设与改革开放哲学反思
落后国家 社会主义建设 现代化,0666_落后国家_社会主义建设_现代化.md,列宁 社会主义建设 构想,0891_列宁_社会主义建设_构想.md,37.81,社会主义建设与改革开放哲学反思
落后国家 社会主义建设 现代化,0666_落后国家_社会主义建设_现代化.md,社会主义建设 辩证法 探索,0672_社会主义建设_辩证法_探索.md,37.35,社会主义建设与改革开放哲学反思
社会主义建设 道路探索 辩证法,0667_社会主义建设_道路探索_辩证法.md,社会主义建设 辩证法 探索,0672_社会主义建设_辩证法_探索.md,59.29,社会主义建设与改革开放哲学反思
社会主义建设 道路探索 辩证法,0667_社会主义建设_道路探索_辩证法.md,社会主义建设 重点 非重点,0674_社会主义建设_重点_非重点.md,37.81,社会主义建设与改革开放哲学反思
社会主义建设 道路探索 辩证法,0667_社会主义建设_道路探索_辩证法.md,社会主义建设 平衡 不平衡,0675_社会主义建设_平衡_不平衡.md,37.81,社会主义建设与改革开放哲学反思
社会主义建设 道路探索 辩证法,0667_社会主义建设_道路探索_辩证法.md,自由 必然 社会主义建设,0682_自由_必然_社会主义建设.md,37.81,社会主义建设与改革开放哲学反思
社会主义建设 道路探索 辩证法,0667_社会主义建设_道路探索_辩证法.md,列宁 社会主义建设 构想,0891_列宁_社会主义建设_构想.md,37.81,社会主义建设与改革开放哲学反思
内部矛盾 外部矛盾 社会主义建设,0668_内部矛盾_外部矛盾_社会主义建设.md,社会主义建设 重点 非重点,0674_社会主义建设_重点_非重点.md,38.33,社会主义建设与改革开放哲学反思
内部矛盾 外部矛盾 社会主义建设,0668_内部矛盾_外部矛盾_社会主义建设.md,社会主义建设 平衡 不平衡,0675_社会主义建设_平衡_不平衡.md,38.33,社会主义建设与改革开放哲学反思
内部矛盾 外部矛盾 社会主义建设,0668_内部矛盾_外部矛盾_社会主义建设.md,自由 必然 社会主义建设,0682_自由_必然_社会主义建设.md,38.33,社会主义建设与改革开放哲学反思
内部矛盾 外部矛盾 社会主义建设,0668_内部矛盾_外部矛盾_社会主义建设.md,列宁 社会主义建设 构想,0891_列宁_社会主义建设_构想.md,38.33,社会主义建设与改革开放哲学反思
内部矛盾 外部矛盾 社会主义建设,0668_内部矛盾_外部矛盾_社会主义建设.md,社会主义建设 辩证法 探索,0672_社会主义建设_辩证法_探索.md,37.81,社会主义建设与改革开放哲学反思
过渡时期 总路线 历史必然性,0669_过渡时期_总路线_历史必然性.md,过渡时期 总路线 理论贡献,0639_过渡时期_总路线_理论贡献.md,45.0,哲学基本范畴与辩证法原理
过渡时期 总路线 历史必然性,0669_过渡时期_总路线_历史必然性.md,苏联哲学 过渡时期 成就,0783_苏联哲学_过渡时期_成就.md,24.41,哲学基本范畴与辩证法原理
过渡时期 总路线 历史必然性,0669_过渡时期_总路线_历史必然性.md,列宁 过渡时期 基本矛盾,0872_列宁_过渡时期_基本矛盾.md,24.41,哲学基本范畴与辩证法原理
过渡时期 总路线 历史必然性,0669_过渡时期_总路线_历史必然性.md,列宁 过渡时期 阶级关系,0873_列宁_过渡时期_阶级关系.md,24.41,哲学基本范畴与辩证法原理
过渡时期 总路线 历史必然性,0669_过渡时期_总路线_历史必然性.md,苏联哲学 过渡时期 哲学斗争,0769_苏联哲学_过渡时期_哲学斗争.md,24.17,哲学基本范畴与辩证法原理
社会主义改造 一般 特殊,0670_社会主义改造_一般_特殊.md,生产力 生产关系 社会主义改造,0652_生产力_生产关系_社会主义改造.md,38.33,社会主义建设时期哲学讨论与反思
社会主义改造 一般 特殊,0670_社会主义改造_一般_特殊.md,历史发展 一般 特殊 辩证法,1247_历史发展_一般_特殊_辩证法.md,14.69,社会主义建设时期哲学讨论与反思
社会主义改造 一般 特殊,0670_社会主义改造_一般_特殊.md,特殊 普遍 文学批评,0447_特殊_普遍_文学批评.md,11.67,社会主义建设时期哲学讨论与反思
社会主义改造 一般 特殊,0670_社会主义改造_一般_特殊.md,中国式社会主义改造 唯物辩证法,0671_中国式社会主义改造_唯物辩证法.md,7.35,社会主义建设时期哲学讨论与反思
社会主义改造 一般 特殊,0670_社会主义改造_一般_特殊.md,俄国 社会主义,1758_俄国_社会主义.md,6.82,社会主义建设时期哲学讨论与反思
中国式社会主义改造 唯物辩证法,0671_中国式社会主义改造_唯物辩证法.md,逐步改造 唯物辩证法,1052_逐步改造_唯物辩证法.md,35.0,哲学基本范畴与辩证法原理
中国式社会主义改造 唯物辩证法,0671_中国式社会主义改造_唯物辩证法.md,综合改造 唯物辩证法,1053_综合改造_唯物辩证法.md,35.0,哲学基本范畴与辩证法原理
中国式社会主义改造 唯物辩证法,0671_中国式社会主义改造_唯物辩证法.md,唯物辩证法 风靡全国,1026_唯物辩证法_风靡全国.md,30.88,哲学基本范畴与辩证法原理
中国式社会主义改造 唯物辩证法,0671_中国式社会主义改造_唯物辩证法.md,唯物辩证法 风靡 起点,1027_唯物辩证法_风靡_起点.md,30.88,哲学基本范畴与辩证法原理
中国式社会主义改造 唯物辩证法,0671_中国式社会主义改造_唯物辩证法.md,唯物辩证法 风靡 前奏,1028_唯物辩证法_风靡_前奏.md,30.88,哲学基本范畴与辩证法原理
社会主义建设 辩证法 探索,0672_社会主义建设_辩证法_探索.md,社会主义建设 道路探索 辩证法,0667_社会主义建设_道路探索_辩证法.md,59.29,社会主义建设与改革开放哲学反思
社会主义建设 辩证法 探索,0672_社会主义建设_辩证法_探索.md,社会主义建设 重点 非重点,0674_社会主义建设_重点_非重点.md,38.93,社会主义建设与改革开放哲学反思
社会主义建设 辩证法 探索,0672_社会主义建设_辩证法_探索.md,社会主义建设 平衡 不平衡,0675_社会主义建设_平衡_不平衡.md,38.93,社会主义建设与改革开放哲学反思
社会主义建设 辩证法 探索,0672_社会主义建设_辩证法_探索.md,自由 必然 社会主义建设,0682_自由_必然_社会主义建设.md,38.93,社会主义建设与改革开放哲学反思
社会主义建设 辩证法 探索,0672_社会主义建设_辩证法_探索.md,列宁 社会主义建设 构想,0891_列宁_社会主义建设_构想.md,38.93,社会主义建设与改革开放哲学反思
社会主义建设 积极因素 消极因素,0673_社会主义建设_积极因素_消极因素.md,社会主义建设 重点 非重点,0674_社会主义建设_重点_非重点.md,38.33,社会主义建设与改革开放哲学反思
社会主义建设 积极因素 消极因素,0673_社会主义建设_积极因素_消极因素.md,社会主义建设 平衡 不平衡,0675_社会主义建设_平衡_不平衡.md,38.33,社会主义建设与改革开放哲学反思
社会主义建设 积极因素 消极因素,0673_社会主义建设_积极因素_消极因素.md,自由 必然 社会主义建设,0682_自由_必然_社会主义建设.md,38.33,社会主义建设与改革开放哲学反思
社会主义建设 积极因素 消极因素,0673_社会主义建设_积极因素_消极因素.md,列宁 社会主义建设 构想,0891_列宁_社会主义建设_构想.md,38.33,社会主义建设与改革开放哲学反思
社会主义建设 积极因素 消极因素,0673_社会主义建设_积极因素_消极因素.md,社会主义建设 辩证法 探索,0672_社会主义建设_辩证法_探索.md,37.81,社会主义建设与改革开放哲学反思
社会主义建设 重点 非重点,0674_社会主义建设_重点_非重点.md,社会主义建设 平衡 不平衡,0675_社会主义建设_平衡_不平衡.md,39.62,社会主义建设与改革开放哲学反思
社会主义建设 重点 非重点,0674_社会主义建设_重点_非重点.md,自由 必然 社会主义建设,0682_自由_必然_社会主义建设.md,39.62,社会主义建设与改革开放哲学反思
社会主义建设 重点 非重点,0674_社会主义建设_重点_非重点.md,列宁 社会主义建设 构想,0891_列宁_社会主义建设_构想.md,39.62,社会主义建设与改革开放哲学反思
社会主义建设 重点 非重点,0674_社会主义建设_重点_非重点.md,社会主义建设 辩证法 探索,0672_社会主义建设_辩证法_探索.md,38.93,社会主义建设与改革开放哲学反思
社会主义建设 重点 非重点,0674_社会主义建设_重点_非重点.md,内部矛盾 外部矛盾 社会主义建设,0668_内部矛盾_外部矛盾_社会主义建设.md,38.33,社会主义建设与改革开放哲学反思
社会主义建设 平衡 不平衡,0675_社会主义建设_平衡_不平衡.md,社会主义建设 重点 非重点,0674_社会主义建设_重点_非重点.md,39.62,社会主义建设与改革开放哲学反思
社会主义建设 平衡 不平衡,0675_社会主义建设_平衡_不平衡.md,自由 必然 社会主义建设,0682_自由_必然_社会主义建设.md,39.62,社会主义建设与改革开放哲学反思
社会主义建设 平衡 不平衡,0675_社会主义建设_平衡_不平衡.md,列宁 社会主义建设 构想,0891_列宁_社会主义建设_构想.md,39.62,社会主义建设与改革开放哲学反思
社会主义建设 平衡 不平衡,0675_社会主义建设_平衡_不平衡.md,社会主义建设 辩证法 探索,0672_社会主义建设_辩证法_探索.md,38.93,社会主义建设与改革开放哲学反思
社会主义建设 平衡 不平衡,0675_社会主义建设_平衡_不平衡.md,内部矛盾 外部矛盾 社会主义建设,0668_内部矛盾_外部矛盾_社会主义建设.md,38.33,社会主义建设与改革开放哲学反思
社会主义建设 统一性 独立性,0676_社会主义建设_统一性_独立性.md,社会主义建设 重点 非重点,0674_社会主义建设_重点_非重点.md,38.33,社会主义建设与改革开放哲学反思
社会主义建设 统一性 独立性,0676_社会主义建设_统一性_独立性.md,社会主义建设 平衡 不平衡,0675_社会主义建设_平衡_不平衡.md,38.33,社会主义建设与改革开放哲学反思
社会主义建设 统一性 独立性,0676_社会主义建设_统一性_独立性.md,独立自主 学习外国 社会主义建设,0677_独立自主_学习外国_社会主义建设.md,38.33,社会主义建设与改革开放哲学反思
社会主义建设 统一性 独立性,0676_社会主义建设_统一性_独立性.md,自由 必然 社会主义建设,0682_自由_必然_社会主义建设.md,38.33,社会主义建设与改革开放哲学反思
社会主义建设 统一性 独立性,0676_社会主义建设_统一性_独立性.md,列宁 社会主义建设 构想,0891_列宁_社会主义建设_构想.md,38.33,社会主义建设与改革开放哲学反思
独立自主 学习外国 社会主义建设,0677_独立自主_学习外国_社会主义建设.md,社会主义建设 统一性 独立性,0676_社会主义建设_统一性_独立性.md,38.33,社会主义建设与改革开放哲学反思
独立自主 学习外国 社会主义建设,0677_独立自主_学习外国_社会主义建设.md,社会主义建设 重点 非重点,0674_社会主义建设_重点_非重点.md,37.35,社会主义建设与改革开放哲学反思
独立自主 学习外国 社会主义建设,0677_独立自主_学习外国_社会主义建设.md,社会主义建设 平衡 不平衡,0675_社会主义建设_平衡_不平衡.md,37.35,社会主义建设与改革开放哲学反思
独立自主 学习外国 社会主义建设,0677_独立自主_学习外国_社会主义建设.md,自由 必然 社会主义建设,0682_自由_必然_社会主义建设.md,37.35,社会主义建设与改革开放哲学反思
独立自主 学习外国 社会主义建设,0677_独立自主_学习外国_社会主义建设.md,列宁 社会主义建设 构想,0891_列宁_社会主义建设_构想.md,37.35,社会主义建设与改革开放哲学反思
社会主义社会矛盾理论 正确处理人民内部矛盾,0678_社会主义社会矛盾理论_正确处理人民内部矛盾.md,正确处理人民内部矛盾 矛盾理论 应用,0653_正确处理人民内部矛盾_矛盾理论_应用.md,53.75,社会主义社会矛盾理论
社会主义社会矛盾理论 正确处理人民内部矛盾,0678_社会主义社会矛盾理论_正确处理人民内部矛盾.md,社会主义社会矛盾 理论 传播,0099_社会主义社会矛盾_理论_传播.md,10.53,社会主义社会矛盾理论
社会主义社会矛盾理论 正确处理人民内部矛盾,0678_社会主义社会矛盾理论_正确处理人民内部矛盾.md,社会主义社会 基本矛盾 理论,1351_社会主义社会_基本矛盾_理论.md,8.75,社会主义社会矛盾理论
社会主义社会矛盾理论 正确处理人民内部矛盾,0678_社会主义社会矛盾理论_正确处理人民内部矛盾.md,社会主义社会矛盾学说 创立,0984_社会主义社会矛盾学说_创立.md,7.14,社会主义社会矛盾理论
社会主义社会矛盾理论 正确处理人民内部矛盾,0678_社会主义社会矛盾理论_正确处理人民内部矛盾.md,内部矛盾 外部矛盾 社会主义建设,0668_内部矛盾_外部矛盾_社会主义建设.md,6.82,社会主义社会矛盾理论
人民内部矛盾 敌我矛盾 方法,0679_人民内部矛盾_敌我矛盾_方法.md,正确处理人民内部矛盾 矛盾理论 应用,0653_正确处理人民内部矛盾_矛盾理论_应用.md,6.58,社会主义社会矛盾理论
人民内部矛盾 敌我矛盾 方法,0679_人民内部矛盾_敌我矛盾_方法.md,社会主义社会矛盾理论 正确处理人民内部矛盾,0678_社会主义社会矛盾理论_正确处理人民内部矛盾.md,5.68,社会主义社会矛盾理论
过渡时期 工人阶级 民族资产阶级 矛盾,0680_过渡时期_工人阶级_民族资产阶级_矛盾.md,民族资产阶级 矛盾 性质,1360_民族资产阶级_矛盾_性质.md,50.94,中国近代启蒙与民主革命
过渡时期 工人阶级 民族资产阶级 矛盾,0680_过渡时期_工人阶级_民族资产阶级_矛盾.md,列宁 过渡时期 基本矛盾,0872_列宁_过渡时期_基本矛盾.md,25.26,中国近代启蒙与民主革命
过渡时期 工人阶级 民族资产阶级 矛盾,0680_过渡时期_工人阶级_民族资产阶级_矛盾.md,列宁 过渡时期 阶级关系,0873_列宁_过渡时期_阶级关系.md,25.26,中国近代启蒙与民主革命
过渡时期 工人阶级 民族资产阶级 矛盾,0680_过渡时期_工人阶级_民族资产阶级_矛盾.md,民族工业 工人阶级 壮大,1423_民族工业_工人阶级_壮大.md,25.26,中国近代启蒙与民主革命
过渡时期 工人阶级 民族资产阶级 矛盾,0680_过渡时期_工人阶级_民族资产阶级_矛盾.md,工人阶级 英国,1737_工人阶级_英国.md,24.69,中国近代启蒙与民主革命
社会主义建设 对立面结合 思想,0681_社会主义建设_对立面结合_思想.md,社会主义建设 重点 非重点,0674_社会主义建设_重点_非重点.md,37.81,社会主义建设与改革开放哲学反思
社会主义建设 对立面结合 思想,0681_社会主义建设_对立面结合_思想.md,社会主义建设 平衡 不平衡,0675_社会主义建设_平衡_不平衡.md,37.81,社会主义建设与改革开放哲学反思
社会主义建设 对立面结合 思想,0681_社会主义建设_对立面结合_思想.md,自由 必然 社会主义建设,0682_自由_必然_社会主义建设.md,37.81,社会主义建设与改革开放哲学反思
社会主义建设 对立面结合 思想,0681_社会主义建设_对立面结合_思想.md,列宁 社会主义建设 构想,0891_列宁_社会主义建设_构想.md,37.81,社会主义建设与改革开放哲学反思
社会主义建设 对立面结合 思想,0681_社会主义建设_对立面结合_思想.md,社会主义建设 辩证法 探索,0672_社会主义建设_辩证法_探索.md,37.35,社会主义建设与改革开放哲学反思
自由 必然 社会主义建设,0682_自由_必然_社会主义建设.md,社会主义建设 重点 非重点,0674_社会主义建设_重点_非重点.md,39.62,社会主义建设与改革开放哲学反思
自由 必然 社会主义建设,0682_自由_必然_社会主义建设.md,社会主义建设 平衡 不平衡,0675_社会主义建设_平衡_不平衡.md,39.62,社会主义建设与改革开放哲学反思
自由 必然 社会主义建设,0682_自由_必然_社会主义建设.md,列宁 社会主义建设 构想,0891_列宁_社会主义建设_构想.md,39.62,社会主义建设与改革开放哲学反思
自由 必然 社会主义建设,0682_自由_必然_社会主义建设.md,社会主义建设 辩证法 探索,0672_社会主义建设_辩证法_探索.md,38.93,社会主义建设与改革开放哲学反思
自由 必然 社会主义建设,0682_自由_必然_社会主义建设.md,内部矛盾 外部矛盾 社会主义建设,0668_内部矛盾_外部矛盾_社会主义建设.md,38.33,社会主义建设与改革开放哲学反思
阶级形势 唯心估量 文化大革命,0683_阶级形势_唯心估量_文化大革命.md,文化大革命 马克思主义学术 挫折,0644_文化大革命_马克思主义学术_挫折.md,29.76,阶级斗争与社会革命理论
阶级形势 唯心估量 文化大革命,0683_阶级形势_唯心估量_文化大革命.md,文化大革命 马克思主义哲学 歪曲,0650_文化大革命_马克思主义哲学_歪曲.md,29.76,阶级斗争与社会革命理论
阶级形势 唯心估量 文化大革命,0683_阶级形势_唯心估量_文化大革命.md,文化大革命 毛泽东晚年 主观主义失误,0609_文化大革命_毛泽东晚年_主观主义失误.md,29.35,阶级斗争与社会革命理论
阶级形势 唯心估量 文化大革命,0683_阶级形势_唯心估量_文化大革命.md,文化大革命 马克思主义哲学应用 失误,0655_文化大革命_马克思主义哲学应用_失误.md,29.35,阶级斗争与社会革命理论
儒学 衰落 西学 兴起,0684_儒学_衰落_西学_兴起.md,儒学 西学 马克思主义 三重关系,0690_儒学_西学_马克思主义_三重关系.md,22.94,中国古代哲学概念与思想传统
儒学 衰落 西学 兴起,0684_儒学_衰落_西学_兴起.md,西学 现代新儒学 中国马克思主义,0686_西学_现代新儒学_中国马克思主义.md,12.78,中国古代哲学概念与思想传统
儒学 衰落 西学 兴起,0684_儒学_衰落_西学_兴起.md,中国文化 儒学,1731_中国文化_儒学.md,12.27,中国古代哲学概念与思想传统
儒学 衰落 西学 兴起,0684_儒学_衰落_西学_兴起.md,儒学 意识形态,1765_儒学_意识形态.md,12.27,中国古代哲学概念与思想传统
儒学 衰落 西学 兴起,0684_儒学_衰落_西学_兴起.md,儒学 困境 近代中国,0685_儒学_困境_近代中国.md,11.92,中国古代哲学概念与思想传统
儒学 困境 近代中国,0685_儒学_困境_近代中国.md,近代中国 严重危机 走向,1119_近代中国_严重危机_走向.md,25.77,中国古代哲学概念与思想传统
儒学 困境 近代中国,0685_儒学_困境_近代中国.md,近代中国 社会性质 主要矛盾 历史任务,1121_近代中国_社会性质_主要矛盾_历史任务.md,23.95,中国古代哲学概念与思想传统
儒学 困境 近代中国,0685_儒学_困境_近代中国.md,中国文化 儒学,1731_中国文化_儒学.md,15.0,中国古代哲学概念与思想传统
儒学 困境 近代中国,0685_儒学_困境_近代中国.md,儒学 意识形态,1765_儒学_意识形态.md,12.27,中国古代哲学概念与思想传统
儒学 困境 近代中国,0685_儒学_困境_近代中国.md,儒学 衰落 西学 兴起,0684_儒学_衰落_西学_兴起.md,11.92,中国古代哲学概念与思想传统
西学 现代新儒学 中国马克思主义,0686_西学_现代新儒学_中国马克思主义.md,中国马克思主义 马克思主义者,1788_中国马克思主义_马克思主义者.md,45.0,马克思恩格斯经典文本与哲学关系
西学 现代新儒学 中国马克思主义,0686_西学_现代新儒学_中国马克思主义.md,中国马克思主义 毛泽东,1982_中国马克思主义_毛泽东.md,44.38,马克思恩格斯经典文本与哲学关系
西学 现代新儒学 中国马克思主义,0686_西学_现代新儒学_中国马克思主义.md,中国马克思主义 概念界定,1629_中国马克思主义_概念界定.md,43.82,马克思恩格斯经典文本与哲学关系
西学 现代新儒学 中国马克思主义,0686_西学_现代新儒学_中国马克思主义.md,中国马克思主义 历史使命,1818_中国马克思主义_历史使命.md,43.82,马克思恩格斯经典文本与哲学关系
西学 现代新儒学 中国马克思主义,0686_西学_现代新儒学_中国马克思主义.md,中国马克思主义 学术史 研究,0915_中国马克思主义_学术史_研究.md,43.33,马克思恩格斯经典文本与哲学关系
西学东渐 中体西用,0687_西学东渐_中体西用.md,中体西用 西学 挑战,0688_中体西用_西学_挑战.md,30.0,中国近代启蒙与民主革命
西学东渐 中体西用,0687_西学东渐_中体西用.md,胡适 西化 梁漱溟 中体西用,0481_胡适_西化_梁漱溟_中体西用.md,25.36,中国近代启蒙与民主革命
西学东渐 中体西用,0687_西学东渐_中体西用.md,西学东渐 马克思主义哲学传播 环境,0058_西学东渐_马克思主义哲学传播_环境.md,24.17,中国近代启蒙与民主革命
中体西用 西学 挑战,0688_中体西用_西学_挑战.md,西学东渐 中体西用,0687_西学东渐_中体西用.md,30.0,其他待人工复核
中体西用 西学 挑战,0688_中体西用_西学_挑战.md,胡适 西化 梁漱溟 中体西用,0481_胡适_西化_梁漱溟_中体西用.md,25.36,其他待人工复核
中体西用 西学 挑战,0688_中体西用_西学_挑战.md,儒学 衰落 西学 兴起,0684_儒学_衰落_西学_兴起.md,11.92,其他待人工复核
中体西用 西学 挑战,0688_中体西用_西学_挑战.md,改良主义 西方文明 挑战,1390_改良主义_西方文明_挑战.md,11.67,其他待人工复核
中体西用 西学 挑战,0688_中体西用_西学_挑战.md,儒学 西学 马克思主义 三重关系,0690_儒学_西学_马克思主义_三重关系.md,11.39,其他待人工复核
西化思潮 现代新儒家 马克思主义中国化,0689_西化思潮_现代新儒家_马克思主义中国化.md,马克思主义中国化 思潮,1827_马克思主义中国化_思潮.md,54.06,马克思恩格斯经典文本与哲学关系
西化思潮 现代新儒家 马克思主义中国化,0689_西化思潮_现代新儒家_马克思主义中国化.md,中国化思潮 马克思主义中国化,1618_中国化思潮_马克思主义中国化.md,53.24,马克思恩格斯经典文本与哲学关系
西化思潮 现代新儒家 马克思主义中国化,0689_西化思潮_现代新儒家_马克思主义中国化.md,马克思主义中国化 思潮 抗战,1811_马克思主义中国化_思潮_抗战.md,52.5,马克思恩格斯经典文本与哲学关系
西化思潮 现代新儒家 马克思主义中国化,0689_西化思潮_现代新儒家_马克思主义中国化.md,马克思主义中国化 思潮 起源,1812_马克思主义中国化_思潮_起源.md,52.5,马克思恩格斯经典文本与哲学关系
西化思潮 现代新儒家 马克思主义中国化,0689_西化思潮_现代新儒家_马克思主义中国化.md,马克思主义中国化 中国现代性,1624_马克思主义中国化_中国现代性.md,50.53,马克思恩格斯经典文本与哲学关系
儒学 西学 马克思主义 三重关系,0690_儒学_西学_马克思主义_三重关系.md,儒学 衰落 西学 兴起,0684_儒学_衰落_西学_兴起.md,22.94,马克思恩格斯经典文本与哲学关系
儒学 西学 马克思主义 三重关系,0690_儒学_西学_马克思主义_三重关系.md,西学 现代新儒学 中国马克思主义,0686_西学_现代新儒学_中国马克思主义.md,17.89,马克思恩格斯经典文本与哲学关系
儒学 西学 马克思主义 三重关系,0690_儒学_西学_马克思主义_三重关系.md,中国文化 儒学,1731_中国文化_儒学.md,11.56,马克思恩格斯经典文本与哲学关系
儒学 西学 马克思主义 三重关系,0690_儒学_西学_马克思主义_三重关系.md,儒学 意识形态,1765_儒学_意识形态.md,11.56,马克思恩格斯经典文本与哲学关系
儒学 西学 马克思主义 三重关系,0690_儒学_西学_马克思主义_三重关系.md,儒学 困境 近代中国,0685_儒学_困境_近代中国.md,11.39,马克思恩格斯经典文本与哲学关系
中国哲学 问题 精神,0691_中国哲学_问题_精神.md,内圣 外王 中国哲学,0693_内圣_外王_中国哲学.md,26.82,中国哲学传统与现代转型
中国哲学 问题 精神,0691_中国哲学_问题_精神.md,中国哲学 传统 功用,0696_中国哲学_传统_功用.md,26.82,中国哲学传统与现代转型
中国哲学 问题 精神,0691_中国哲学_问题_精神.md,中国哲学 暗示性 语言,0694_中国哲学_暗示性_语言.md,26.25,中国哲学传统与现代转型
中国哲学 问题 精神,0691_中国哲学_问题_精神.md,中国哲学 知命 能动性,0706_中国哲学_知命_能动性.md,26.25,中国哲学传统与现代转型
中国哲学 问题 精神,0691_中国哲学_问题_精神.md,中国哲学 入世 出世 统一,0692_中国哲学_入世_出世_统一.md,25.77,中国哲学传统与现代转型
中国哲学 入世 出世 统一,0692_中国哲学_入世_出世_统一.md,中国哲学 问题 精神,0691_中国哲学_问题_精神.md,25.77,中国哲学传统与现代转型
中国哲学 入世 出世 统一,0692_中国哲学_入世_出世_统一.md,内圣 外王 中国哲学,0693_内圣_外王_中国哲学.md,25.77,中国哲学传统与现代转型
中国哲学 入世 出世 统一,0692_中国哲学_入世_出世_统一.md,中国哲学 传统 功用,0696_中国哲学_传统_功用.md,25.77,中国哲学传统与现代转型
中国哲学 入世 出世 统一,0692_中国哲学_入世_出世_统一.md,中国哲学 暗示性 语言,0694_中国哲学_暗示性_语言.md,25.36,中国哲学传统与现代转型
中国哲学 入世 出世 统一,0692_中国哲学_入世_出世_统一.md,中国哲学 知命 能动性,0706_中国哲学_知命_能动性.md,25.36,中国哲学传统与现代转型
内圣 外王 中国哲学,0693_内圣_外王_中国哲学.md,中国哲学 内圣外王 传统资源,0704_中国哲学_内圣外王_传统资源.md,32.5,中国哲学传统与现代转型
内圣 外王 中国哲学,0693_内圣_外王_中国哲学.md,中国哲学 问题 精神,0691_中国哲学_问题_精神.md,26.82,中国哲学传统与现代转型
内圣 外王 中国哲学,0693_内圣_外王_中国哲学.md,中国哲学 传统 功用,0696_中国哲学_传统_功用.md,26.82,中国哲学传统与现代转型
内圣 外王 中国哲学,0693_内圣_外王_中国哲学.md,中国哲学 暗示性 语言,0694_中国哲学_暗示性_语言.md,26.25,中国哲学传统与现代转型
内圣 外王 中国哲学,0693_内圣_外王_中国哲学.md,中国哲学 知命 能动性,0706_中国哲学_知命_能动性.md,26.25,中国哲学传统与现代转型
中国哲学 暗示性 语言,0694_中国哲学_暗示性_语言.md,中国哲学 问题 精神,0691_中国哲学_问题_精神.md,26.25,中国哲学传统与现代转型
中国哲学 暗示性 语言,0694_中国哲学_暗示性_语言.md,内圣 外王 中国哲学,0693_内圣_外王_中国哲学.md,26.25,中国哲学传统与现代转型
中国哲学 暗示性 语言,0694_中国哲学_暗示性_语言.md,中国哲学 传统 功用,0696_中国哲学_传统_功用.md,26.25,中国哲学传统与现代转型
中国哲学 暗示性 语言,0694_中国哲学_暗示性_语言.md,中国哲学 知命 能动性,0706_中国哲学_知命_能动性.md,25.77,中国哲学传统与现代转型
中国哲学 暗示性 语言,0694_中国哲学_暗示性_语言.md,中国哲学 入世 出世 统一,0692_中国哲学_入世_出世_统一.md,25.36,中国哲学传统与现代转型
中国哲学 人生论 宇宙论 知识论,0695_中国哲学_人生论_宇宙论_知识论.md,中国哲学 问题 精神,0691_中国哲学_问题_精神.md,24.69,中国哲学传统与现代转型
中国哲学 人生论 宇宙论 知识论,0695_中国哲学_人生论_宇宙论_知识论.md,内圣 外王 中国哲学,0693_内圣_外王_中国哲学.md,24.69,中国哲学传统与现代转型
中国哲学 人生论 宇宙论 知识论,0695_中国哲学_人生论_宇宙论_知识论.md,中国哲学 传统 功用,0696_中国哲学_传统_功用.md,24.69,中国哲学传统与现代转型
中国哲学 人生论 宇宙论 知识论,0695_中国哲学_人生论_宇宙论_知识论.md,中国哲学 暗示性 语言,0694_中国哲学_暗示性_语言.md,24.41,中国哲学传统与现代转型
中国哲学 人生论 宇宙论 知识论,0695_中国哲学_人生论_宇宙论_知识论.md,中国哲学 知命 能动性,0706_中国哲学_知命_能动性.md,24.41,中国哲学传统与现代转型
中国哲学 传统 功用,0696_中国哲学_传统_功用.md,中国哲学 内圣外王 传统资源,0704_中国哲学_内圣外王_传统资源.md,27.14,中国哲学传统与现代转型
中国哲学 传统 功用,0696_中国哲学_传统_功用.md,中国哲学 现代转化 传统资源,0709_中国哲学_现代转化_传统资源.md,27.14,中国哲学传统与现代转型
中国哲学 传统 功用,0696_中国哲学_传统_功用.md,中国哲学 现代转型 传统基础,0712_中国哲学_现代转型_传统基础.md,27.14,中国哲学传统与现代转型
中国哲学 传统 功用,0696_中国哲学_传统_功用.md,中国哲学 问题 精神,0691_中国哲学_问题_精神.md,26.82,中国哲学传统与现代转型
中国哲学 传统 功用,0696_中国哲学_传统_功用.md,内圣 外王 中国哲学,0693_内圣_外王_中国哲学.md,26.82,中国哲学传统与现代转型
人世 出世 中国哲学背景,0697_人世_出世_中国哲学背景.md,中国哲学 入世 出世 统一,0692_中国哲学_入世_出世_统一.md,19.62,中国哲学传统与现代转型
人世 出世 中国哲学背景,0697_人世_出世_中国哲学背景.md,中国哲学 问题 精神,0691_中国哲学_问题_精神.md,5.77,中国哲学传统与现代转型
人世 出世 中国哲学背景,0697_人世_出世_中国哲学背景.md,内圣 外王 中国哲学,0693_内圣_外王_中国哲学.md,5.77,中国哲学传统与现代转型
人世 出世 中国哲学背景,0697_人世_出世_中国哲学背景.md,中国哲学 传统 功用,0696_中国哲学_传统_功用.md,5.77,中国哲学传统与现代转型
人世 出世 中国哲学背景,0697_人世_出世_中国哲学背景.md,中国哲学 暗示性 语言,0694_中国哲学_暗示性_语言.md,5.36,中国哲学传统与现代转型
中国哲学 不变 可变 成分,0698_中国哲学_不变_可变_成分.md,中国哲学 问题 精神,0691_中国哲学_问题_精神.md,25.77,中国哲学传统与现代转型
中国哲学 不变 可变 成分,0698_中国哲学_不变_可变_成分.md,内圣 外王 中国哲学,0693_内圣_外王_中国哲学.md,25.77,中国哲学传统与现代转型
中国哲学 不变 可变 成分,0698_中国哲学_不变_可变_成分.md,中国哲学 传统 功用,0696_中国哲学_传统_功用.md,25.77,中国哲学传统与现代转型
中国哲学 不变 可变 成分,0698_中国哲学_不变_可变_成分.md,中国哲学 暗示性 语言,0694_中国哲学_暗示性_语言.md,25.36,中国哲学传统与现代转型
中国哲学 不变 可变 成分,0698_中国哲学_不变_可变_成分.md,中国哲学 知命 能动性,0706_中国哲学_知命_能动性.md,25.36,中国哲学传统与现代转型
儒家 起源 士,0699_儒家_起源_士.md,道家 起源 隐者,0700_道家_起源_隐者.md,17.14,中国哲学传统与现代转型
儒家 起源 士,0699_儒家_起源_士.md,墨家 起源 武士,0996_墨家_起源_武士.md,17.14,中国哲学传统与现代转型
儒家 起源 士,0699_儒家_起源_士.md,名家 起源 辩者,0997_名家_起源_辩者.md,17.14,中国哲学传统与现代转型
儒家 起源 士,0699_儒家_起源_士.md,阴阳家 起源 方士,0998_阴阳家_起源_方士.md,16.25,中国哲学传统与现代转型
儒家 起源 士,0699_儒家_起源_士.md,法家 起源 法术之士,0999_法家_起源_法术之士.md,15.56,中国哲学传统与现代转型
道家 起源 隐者,0700_道家_起源_隐者.md,儒家 起源 士,0699_儒家_起源_士.md,17.14,中国哲学传统与现代转型
道家 起源 隐者,0700_道家_起源_隐者.md,墨家 起源 武士,0996_墨家_起源_武士.md,16.25,中国哲学传统与现代转型
道家 起源 隐者,0700_道家_起源_隐者.md,名家 起源 辩者,0997_名家_起源_辩者.md,16.25,中国哲学传统与现代转型
道家 起源 隐者,0700_道家_起源_隐者.md,阴阳家 起源 方士,0998_阴阳家_起源_方士.md,15.56,中国哲学传统与现代转型
道家 起源 隐者,0700_道家_起源_隐者.md,法家 起源 法术之士,0999_法家_起源_法术之士.md,15.0,中国哲学传统与现代转型
道家 杨朱 为我,0701_道家_杨朱_为我.md,道家 起源 隐者,0700_道家_起源_隐者.md,12.78,中国哲学传统与现代转型
道家 杨朱 为我,0701_道家_杨朱_为我.md,道家 老子 道 德,0702_道家_老子_道_德.md,12.78,中国哲学传统与现代转型
道家 杨朱 为我,0701_道家_杨朱_为我.md,道家 自然 无为 出世精神,0708_道家_自然_无为_出世精神.md,11.92,中国哲学传统与现代转型
道家 杨朱 为我,0701_道家_杨朱_为我.md,儒家 道家 法家 中国哲学资源,0703_儒家_道家_法家_中国哲学资源.md,11.67,中国哲学传统与现代转型
道家 老子 道 德,0702_道家_老子_道_德.md,道家 起源 隐者,0700_道家_起源_隐者.md,12.78,中国哲学传统与现代转型
道家 老子 道 德,0702_道家_老子_道_德.md,道家 杨朱 为我,0701_道家_杨朱_为我.md,12.78,中国哲学传统与现代转型
道家 老子 道 德,0702_道家_老子_道_德.md,道家 自然 无为 出世精神,0708_道家_自然_无为_出世精神.md,11.92,中国哲学传统与现代转型
道家 老子 道 德,0702_道家_老子_道_德.md,老子 孔子 王船山 哲学讨论,1368_老子_孔子_王船山_哲学讨论.md,11.79,中国哲学传统与现代转型
道家 老子 道 德,0702_道家_老子_道_德.md,儒家 道家 法家 中国哲学资源,0703_儒家_道家_法家_中国哲学资源.md,11.67,中国哲学传统与现代转型
儒家 道家 法家 中国哲学资源,0703_儒家_道家_法家_中国哲学资源.md,儒家 起源 士,0699_儒家_起源_士.md,11.79,中国哲学传统与现代转型
儒家 道家 法家 中国哲学资源,0703_儒家_道家_法家_中国哲学资源.md,道家 起源 隐者,0700_道家_起源_隐者.md,11.67,中国哲学传统与现代转型
儒家 道家 法家 中国哲学资源,0703_儒家_道家_法家_中国哲学资源.md,道家 杨朱 为我,0701_道家_杨朱_为我.md,11.67,中国哲学传统与现代转型
儒家 道家 法家 中国哲学资源,0703_儒家_道家_法家_中国哲学资源.md,道家 老子 道 德,0702_道家_老子_道_德.md,11.67,中国哲学传统与现代转型
儒家 道家 法家 中国哲学资源,0703_儒家_道家_法家_中国哲学资源.md,法家 起源 法术之士,0999_法家_起源_法术之士.md,11.47,中国哲学传统与现代转型
中国哲学 内圣外王 传统资源,0704_中国哲学_内圣外王_传统资源.md,中国哲学 现代转化 传统资源,0709_中国哲学_现代转化_传统资源.md,49.38,中国哲学传统与现代转型
中国哲学 内圣外王 传统资源,0704_中国哲学_内圣外王_传统资源.md,内圣 外王 中国哲学,0693_内圣_外王_中国哲学.md,32.5,中国哲学传统与现代转型
中国哲学 内圣外王 传统资源,0704_中国哲学_内圣外王_传统资源.md,中国哲学 传统 功用,0696_中国哲学_传统_功用.md,27.14,中国哲学传统与现代转型
中国哲学 内圣外王 传统资源,0704_中国哲学_内圣外王_传统资源.md,中国哲学 民族形式 思想资源,0711_中国哲学_民族形式_思想资源.md,25.56,中国哲学传统与现代转型
中国哲学 内圣外王 传统资源,0704_中国哲学_内圣外王_传统资源.md,中国哲学 现代转型 传统基础,0712_中国哲学_现代转型_传统基础.md,25.56,中国哲学传统与现代转型
中国哲学 实践 理想人格,0705_中国哲学_实践_理想人格.md,中国哲学 问题 精神,0691_中国哲学_问题_精神.md,25.77,中国哲学传统与现代转型
中国哲学 实践 理想人格,0705_中国哲学_实践_理想人格.md,内圣 外王 中国哲学,0693_内圣_外王_中国哲学.md,25.77,中国哲学传统与现代转型
中国哲学 实践 理想人格,0705_中国哲学_实践_理想人格.md,中国哲学 传统 功用,0696_中国哲学_传统_功用.md,25.77,中国哲学传统与现代转型
中国哲学 实践 理想人格,0705_中国哲学_实践_理想人格.md,中国哲学 暗示性 语言,0694_中国哲学_暗示性_语言.md,25.36,中国哲学传统与现代转型
中国哲学 实践 理想人格,0705_中国哲学_实践_理想人格.md,中国哲学 知命 能动性,0706_中国哲学_知命_能动性.md,25.36,中国哲学传统与现代转型
中国哲学 知命 能动性,0706_中国哲学_知命_能动性.md,中国哲学 问题 精神,0691_中国哲学_问题_精神.md,26.25,中国哲学传统与现代转型
中国哲学 知命 能动性,0706_中国哲学_知命_能动性.md,内圣 外王 中国哲学,0693_内圣_外王_中国哲学.md,26.25,中国哲学传统与现代转型
中国哲学 知命 能动性,0706_中国哲学_知命_能动性.md,中国哲学 传统 功用,0696_中国哲学_传统_功用.md,26.25,中国哲学传统与现代转型
中国哲学 知命 能动性,0706_中国哲学_知命_能动性.md,中国哲学 暗示性 语言,0694_中国哲学_暗示性_语言.md,25.77,中国哲学传统与现代转型
中国哲学 知命 能动性,0706_中国哲学_知命_能动性.md,中国哲学 入世 出世 统一,0692_中国哲学_入世_出世_统一.md,25.36,中国哲学传统与现代转型
儒家 人伦日用 入世精神,0707_儒家_人伦日用_入世精神.md,儒家 起源 士,0699_儒家_起源_士.md,12.08,中国哲学传统与现代转型
儒家 人伦日用 入世精神,0707_儒家_人伦日用_入世精神.md,儒家 道家 法家 中国哲学资源,0703_儒家_道家_法家_中国哲学资源.md,11.32,中国哲学传统与现代转型
道家 自然 无为 出世精神,0708_道家_自然_无为_出世精神.md,道家 起源 隐者,0700_道家_起源_隐者.md,11.92,中国哲学传统与现代转型
道家 自然 无为 出世精神,0708_道家_自然_无为_出世精神.md,道家 杨朱 为我,0701_道家_杨朱_为我.md,11.92,中国哲学传统与现代转型
道家 自然 无为 出世精神,0708_道家_自然_无为_出世精神.md,道家 老子 道 德,0702_道家_老子_道_德.md,11.92,中国哲学传统与现代转型
道家 自然 无为 出世精神,0708_道家_自然_无为_出世精神.md,交互作用 自然,2010_交互作用_自然.md,11.92,中国哲学传统与现代转型
道家 自然 无为 出世精神,0708_道家_自然_无为_出世精神.md,儒家 道家 法家 中国哲学资源,0703_儒家_道家_法家_中国哲学资源.md,11.32,中国哲学传统与现代转型
中国哲学 现代转化 传统资源,0709_中国哲学_现代转化_传统资源.md,中国哲学 内圣外王 传统资源,0704_中国哲学_内圣外王_传统资源.md,49.38,中国哲学传统与现代转型
中国哲学 现代转化 传统资源,0709_中国哲学_现代转化_传统资源.md,中国哲学 现代转型 传统基础,0712_中国哲学_现代转型_传统基础.md,31.67,中国哲学传统与现代转型
中国哲学 现代转化 传统资源,0709_中国哲学_现代转化_传统资源.md,中国哲学 传统 功用,0696_中国哲学_传统_功用.md,27.14,中国哲学传统与现代转型
中国哲学 现代转化 传统资源,0709_中国哲学_现代转化_传统资源.md,中国哲学 民族形式 思想资源,0711_中国哲学_民族形式_思想资源.md,25.56,中国哲学传统与现代转型
中国哲学 现代转化 传统资源,0709_中国哲学_现代转化_传统资源.md,中国哲学 马克思主义中国化 资源,0710_中国哲学_马克思主义中国化_资源.md,25.26,中国哲学传统与现代转型
中国哲学 马克思主义中国化 资源,0710_中国哲学_马克思主义中国化_资源.md,马克思主义中国化 前瞻,1180_马克思主义中国化_前瞻.md,52.5,中国哲学传统与现代转型
中国哲学 马克思主义中国化 资源,0710_中国哲学_马克思主义中国化_资源.md,起源 马克思主义中国化,1761_起源_马克思主义中国化.md,52.5,中国哲学传统与现代转型
中国哲学 马克思主义中国化 资源,0710_中国哲学_马克思主义中国化_资源.md,马克思主义中国化 思潮,1827_马克思主义中国化_思潮.md,52.5,中国哲学传统与现代转型
中国哲学 马克思主义中国化 资源,0710_中国哲学_马克思主义中国化_资源.md,马克思主义中国化 重建,1828_马克思主义中国化_重建.md,52.5,中国哲学传统与现代转型
中国哲学 马克思主义中国化 资源,0710_中国哲学_马克思主义中国化_资源.md,中国化思潮 马克思主义中国化,1618_中国化思潮_马克思主义中国化.md,51.67,中国哲学传统与现代转型
中国哲学 民族形式 思想资源,0711_中国哲学_民族形式_思想资源.md,马克思主义哲学 民族形式 民族风格,1023_马克思主义哲学_民族形式_民族风格.md,26.58,中国作风中国气派与马克思主义哲学
中国哲学 民族形式 思想资源,0711_中国哲学_民族形式_思想资源.md,中国化 民族形式 马克思主义哲学,1336_中国化_民族形式_马克思主义哲学.md,26.58,中国作风中国气派与马克思主义哲学
中国哲学 民族形式 思想资源,0711_中国哲学_民族形式_思想资源.md,民族形式 马克思主义哲学,1438_民族形式_马克思主义哲学.md,25.88,中国作风中国气派与马克思主义哲学
中国哲学 民族形式 思想资源,0711_中国哲学_民族形式_思想资源.md,中国哲学 内圣外王 传统资源,0704_中国哲学_内圣外王_传统资源.md,25.56,中国作风中国气派与马克思主义哲学
中国哲学 民族形式 思想资源,0711_中国哲学_民族形式_思想资源.md,中国哲学 现代转化 传统资源,0709_中国哲学_现代转化_传统资源.md,25.56,中国作风中国气派与马克思主义哲学
中国哲学 现代转型 传统基础,0712_中国哲学_现代转型_传统基础.md,中国哲学 现代转化 传统资源,0709_中国哲学_现代转化_传统资源.md,31.67,中国哲学现代转型
中国哲学 现代转型 传统基础,0712_中国哲学_现代转型_传统基础.md,马克思主义哲学中国化 传统 现代转型,0745_马克思主义哲学中国化_传统_现代转型.md,27.5,中国哲学现代转型
中国哲学 现代转型 传统基础,0712_中国哲学_现代转型_传统基础.md,中国哲学 传统 功用,0696_中国哲学_传统_功用.md,27.14,中国哲学现代转型
中国哲学 现代转型 传统基础,0712_中国哲学_现代转型_传统基础.md,中国哲学 内圣外王 传统资源,0704_中国哲学_内圣外王_传统资源.md,25.56,中国哲学现代转型
中国哲学 现代转型 传统基础,0712_中国哲学_现代转型_传统基础.md,中国哲学 问题 精神,0691_中国哲学_问题_精神.md,25.0,中国哲学现代转型
教科书形态 正统地位 中国哲学界,0713_教科书形态_正统地位_中国哲学界.md,教科书形态 马克思主义哲学,0925_教科书形态_马克思主义哲学.md,31.58,中国哲学传统与现代转型
教科书形态 正统地位 中国哲学界,0713_教科书形态_正统地位_中国哲学界.md,苏联 教科书形态 马克思主义哲学,0824_苏联_教科书形态_马克思主义哲学.md,30.95,中国哲学传统与现代转型
教科书形态 正统地位 中国哲学界,0713_教科书形态_正统地位_中国哲学界.md,李达 社会学大纲 教科书形态,0276_李达_社会学大纲_教科书形态.md,30.0,中国哲学传统与现代转型
教科书形态 正统地位 中国哲学界,0713_教科书形态_正统地位_中国哲学界.md,中国哲学现代转型 现代形态,0737_中国哲学现代转型_现代形态.md,5.26,中国哲学传统与现代转型
教科书形态 正统地位 中国哲学界,0713_教科书形态_正统地位_中国哲学界.md,苏联哲学 对中国哲学界影响,0816_苏联哲学_对中国哲学界影响.md,5.26,中国哲学传统与现代转型
唯物史观 中国哲学史 研究应用,0714_唯物史观_中国哲学史_研究应用.md,唯物史观 历史学 研究应用,0005_唯物史观_历史学_研究应用.md,49.38,唯物史观在中国的传播与应用
唯物史观 中国哲学史 研究应用,0714_唯物史观_中国哲学史_研究应用.md,嵇文甫 中国哲学史 研究,0716_嵇文甫_中国哲学史_研究.md,35.0,唯物史观在中国的传播与应用
唯物史观 中国哲学史 研究应用,0714_唯物史观_中国哲学史_研究应用.md,中国哲学史 方法论 讨论,0757_中国哲学史_方法论_讨论.md,30.88,唯物史观在中国的传播与应用
唯物史观 中国哲学史 研究应用,0714_唯物史观_中国哲学史_研究应用.md,评法批儒 中国哲学史 篡改,0758_评法批儒_中国哲学史_篡改.md,30.56,唯物史观在中国的传播与应用
唯物史观 中国哲学史 研究应用,0714_唯物史观_中国哲学史_研究应用.md,胡汉民 中国哲学史 伦理思想史,0715_胡汉民_中国哲学史_伦理思想史.md,30.0,唯物史观在中国的传播与应用
胡汉民 中国哲学史 伦理思想史,0715_胡汉民_中国哲学史_伦理思想史.md,嵇文甫 中国哲学史 研究,0716_嵇文甫_中国哲学史_研究.md,30.88,中国哲学传统与现代转型
胡汉民 中国哲学史 伦理思想史,0715_胡汉民_中国哲学史_伦理思想史.md,中国哲学史 方法论 讨论,0757_中国哲学史_方法论_讨论.md,30.88,中国哲学传统与现代转型
胡汉民 中国哲学史 伦理思想史,0715_胡汉民_中国哲学史_伦理思想史.md,评法批儒 中国哲学史 篡改,0758_评法批儒_中国哲学史_篡改.md,30.56,中国哲学传统与现代转型
胡汉民 中国哲学史 伦理思想史,0715_胡汉民_中国哲学史_伦理思想史.md,唯物史观 中国哲学史 研究应用,0714_唯物史观_中国哲学史_研究应用.md,30.0,中国哲学传统与现代转型
胡汉民 中国哲学史 伦理思想史,0715_胡汉民_中国哲学史_伦理思想史.md,中国哲学 民族形式 思想资源,0711_中国哲学_民族形式_思想资源.md,5.26,中国哲学传统与现代转型
嵇文甫 中国哲学史 研究,0716_嵇文甫_中国哲学史_研究.md,唯物史观 中国哲学史 研究应用,0714_唯物史观_中国哲学史_研究应用.md,35.0,中国哲学传统与现代转型
嵇文甫 中国哲学史 研究,0716_嵇文甫_中国哲学史_研究.md,中国哲学史 方法论 讨论,0757_中国哲学史_方法论_讨论.md,32.14,中国哲学传统与现代转型
嵇文甫 中国哲学史 研究,0716_嵇文甫_中国哲学史_研究.md,评法批儒 中国哲学史 篡改,0758_评法批儒_中国哲学史_篡改.md,31.67,中国哲学传统与现代转型
嵇文甫 中国哲学史 研究,0716_嵇文甫_中国哲学史_研究.md,胡汉民 中国哲学史 伦理思想史,0715_胡汉民_中国哲学史_伦理思想史.md,30.88,中国哲学传统与现代转型
嵇文甫 中国哲学史 研究,0716_嵇文甫_中国哲学史_研究.md,中国哲学史研究 新中国 新变化,0718_中国哲学史研究_新中国_新变化.md,10.71,中国哲学传统与现代转型
马克思主义哲学 指导 中国哲学史研究,0717_马克思主义哲学_指导_中国哲学史研究.md,马克思主义哲学 中国哲学,1823_马克思主义哲学_中国哲学.md,48.33,中国哲学传统与现代转型
马克思主义哲学 指导 中国哲学史研究,0717_马克思主义哲学_指导_中国哲学史研究.md,马克思主义哲学 中国哲学 结合,0765_马克思主义哲学_中国哲学_结合.md,46.76,中国哲学传统与现代转型
马克思主义哲学 指导 中国哲学史研究,0717_马克思主义哲学_指导_中国哲学史研究.md,马克思主义哲学 中国哲学传统 结合,0726_马克思主义哲学_中国哲学传统_结合.md,45.53,中国哲学传统与现代转型
马克思主义哲学 指导 中国哲学史研究,0717_马克思主义哲学_指导_中国哲学史研究.md,李达 马克思主义哲学 研究,0267_李达_马克思主义哲学_研究.md,45.29,中国哲学传统与现代转型
马克思主义哲学 指导 中国哲学史研究,0717_马克思主义哲学_指导_中国哲学史研究.md,李达 马克思主义哲学 中国化,0301_李达_马克思主义哲学_中国化.md,44.72,中国哲学传统与现代转型
中国哲学史研究 新中国 新变化,0718_中国哲学史研究_新中国_新变化.md,改革开放 中国哲学史研究 繁荣,0719_改革开放_中国哲学史研究_繁荣.md,43.82,中国哲学传统与现代转型
中国哲学史研究 新中国 新变化,0718_中国哲学史研究_新中国_新变化.md,马克思主义哲学 指导 中国哲学史研究,0717_马克思主义哲学_指导_中国哲学史研究.md,42.89,中国哲学传统与现代转型
中国哲学史研究 新中国 新变化,0718_中国哲学史研究_新中国_新变化.md,干部群众 学哲学 新中国,0663_干部群众_学哲学_新中国.md,19.41,中国哲学传统与现代转型
中国哲学史研究 新中国 新变化,0718_中国哲学史研究_新中国_新变化.md,马克思主义哲学 大众学习 新中国,0662_马克思主义哲学_大众学习_新中国.md,18.57,中国哲学传统与现代转型
中国哲学史研究 新中国 新变化,0718_中国哲学史研究_新中国_新变化.md,真理问题 讨论 新中国,0642_真理问题_讨论_新中国.md,17.94,中国哲学传统与现代转型
改革开放 中国哲学史研究 繁荣,0719_改革开放_中国哲学史研究_繁荣.md,中国哲学史研究 新中国 新变化,0718_中国哲学史研究_新中国_新变化.md,43.82,真理标准讨论与思想解放
改革开放 中国哲学史研究 繁荣,0719_改革开放_中国哲学史研究_繁荣.md,马克思主义哲学 指导 中国哲学史研究,0717_马克思主义哲学_指导_中国哲学史研究.md,42.5,真理标准讨论与思想解放
改革开放 中国哲学史研究 繁荣,0719_改革开放_中国哲学史研究_繁荣.md,改革开放 哲学研究 教学 特点,0665_改革开放_哲学研究_教学_特点.md,26.94,真理标准讨论与思想解放
改革开放 中国哲学史研究 繁荣,0719_改革开放_中国哲学史研究_繁荣.md,嵇文甫 中国哲学史 研究,0716_嵇文甫_中国哲学史_研究.md,10.0,真理标准讨论与思想解放
改革开放 中国哲学史研究 繁荣,0719_改革开放_中国哲学史研究_繁荣.md,唯物史观 中国哲学史 研究应用,0714_唯物史观_中国哲学史_研究应用.md,8.33,真理标准讨论与思想解放
中国马克思主义哲学 中国之根 问题,0720_中国马克思主义哲学_中国之根_问题.md,中国马克思主义哲学 转换,1819_中国马克思主义哲学_转换.md,53.33,中国马克思主义哲学的中国之根问题
中国马克思主义哲学 中国之根 问题,0720_中国马克思主义哲学_中国之根_问题.md,中国马克思主义哲学 教科书 建构,0931_中国马克思主义哲学_教科书_建构.md,51.11,中国马克思主义哲学的中国之根问题
中国马克思主义哲学 中国之根 问题,0720_中国马克思主义哲学_中国之根_问题.md,中国马克思主义哲学 何以是中国的哲学,0724_中国马克思主义哲学_何以是中国的哲学.md,50.53,中国马克思主义哲学的中国之根问题
中国马克思主义哲学 中国之根 问题,0720_中国马克思主义哲学_中国之根_问题.md,中国马克思主义哲学 文化自信 灵魂,0753_中国马克思主义哲学_文化自信_灵魂.md,50.53,中国马克思主义哲学的中国之根问题
中国马克思主义哲学 中国之根 问题,0720_中国马克思主义哲学_中国之根_问题.md,中国马克思主义哲学 起点 先天不足,1021_中国马克思主义哲学_起点_先天不足.md,50.53,中国马克思主义哲学的中国之根问题
中国马克思主义哲学 民族文化身份认同,0721_中国马克思主义哲学_民族文化身份认同.md,中国马克思主义哲学 转换,1819_中国马克思主义哲学_转换.md,51.11,中国马克思主义哲学的中国之根问题
中国马克思主义哲学 民族文化身份认同,0721_中国马克思主义哲学_民族文化身份认同.md,中国马克思主义哲学 文化自信 灵魂,0753_中国马克思主义哲学_文化自信_灵魂.md,50.71,中国马克思主义哲学的中国之根问题
中国马克思主义哲学 民族文化身份认同,0721_中国马克思主义哲学_民族文化身份认同.md,中国马克思主义哲学 中国之根 问题,0720_中国马克思主义哲学_中国之根_问题.md,49.52,中国马克思主义哲学的中国之根问题
中国马克思主义哲学 民族文化身份认同,0721_中国马克思主义哲学_民族文化身份认同.md,中国马克思主义哲学 教科书 建构,0931_中国马克思主义哲学_教科书_建构.md,49.52,中国马克思主义哲学的中国之根问题
中国马克思主义哲学 民族文化身份认同,0721_中国马克思主义哲学_民族文化身份认同.md,中国马克思主义哲学 何以是中国的哲学,0724_中国马克思主义哲学_何以是中国的哲学.md,49.09,中国马克思主义哲学的中国之根问题
在中国的哲学 中国的哲学,0722_在中国的哲学_中国的哲学.md,金岳霖 在中国的哲学 中国哲学,0732_金岳霖_在中国的哲学_中国哲学.md,45.0,中国马克思主义哲学的中国之根问题
在中国的哲学 中国的哲学,0722_在中国的哲学_中国的哲学.md,中国马克思主义哲学 由在中国到中国的哲学,0729_中国马克思主义哲学_由在中国到中国的哲学.md,7.81,中国马克思主义哲学的中国之根问题
在中国的哲学 中国的哲学,0722_在中国的哲学_中国的哲学.md,艾思奇 大众哲学 中国化,0370_艾思奇_大众哲学_中国化.md,6.25,中国马克思主义哲学的中国之根问题
在中国的哲学 中国的哲学,0722_在中国的哲学_中国的哲学.md,毛泽东哲学 中国现代哲学,0628_毛泽东哲学_中国现代哲学.md,6.25,中国马克思主义哲学的中国之根问题
在中国的哲学 中国的哲学,0722_在中国的哲学_中国的哲学.md,中国马克思主义哲学 何以是中国的哲学,0724_中国马克思主义哲学_何以是中国的哲学.md,6.25,中国马克思主义哲学的中国之根问题
马克思主义哲学 中国文化身份,0723_马克思主义哲学_中国文化身份.md,马克思主义哲学中国化 中国文化身份,0755_马克思主义哲学中国化_中国文化身份.md,51.43,中国哲学传统与现代转型
马克思主义哲学 中国文化身份,0723_马克思主义哲学_中国文化身份.md,马克思主义哲学 中国文化传统 结合,1228_马克思主义哲学_中国文化传统_结合.md,50.62,中国哲学传统与现代转型
马克思主义哲学 中国文化身份,0723_马克思主义哲学_中国文化身份.md,马克思主义哲学 中国哲学,1823_马克思主义哲学_中国哲学.md,50.38,中国哲学传统与现代转型
马克思主义哲学 中国文化身份,0723_马克思主义哲学_中国文化身份.md,李达 马克思主义哲学 中国化,0301_李达_马克思主义哲学_中国化.md,48.33,中国哲学传统与现代转型
马克思主义哲学 中国文化身份,0723_马克思主义哲学_中国文化身份.md,马克思主义哲学 中国哲学 结合,0765_马克思主义哲学_中国哲学_结合.md,48.33,中国哲学传统与现代转型
中国马克思主义哲学 何以是中国的哲学,0724_中国马克思主义哲学_何以是中国的哲学.md,中国马克思主义哲学 由在中国到中国的哲学,0729_中国马克思主义哲学_由在中国到中国的哲学.md,53.16,马克思恩格斯经典文本与哲学关系
中国马克思主义哲学 何以是中国的哲学,0724_中国马克思主义哲学_何以是中国的哲学.md,中国马克思主义哲学 转换,1819_中国马克思主义哲学_转换.md,52.5,马克思恩格斯经典文本与哲学关系
中国马克思主义哲学 何以是中国的哲学,0724_中国马克思主义哲学_何以是中国的哲学.md,中国马克思主义哲学 中国之根 问题,0720_中国马克思主义哲学_中国之根_问题.md,50.53,马克思恩格斯经典文本与哲学关系
中国马克思主义哲学 何以是中国的哲学,0724_中国马克思主义哲学_何以是中国的哲学.md,中国马克思主义哲学 教科书 建构,0931_中国马克思主义哲学_教科书_建构.md,50.53,马克思恩格斯经典文本与哲学关系
中国马克思主义哲学 何以是中国的哲学,0724_中国马克思主义哲学_何以是中国的哲学.md,中国马克思主义哲学 文化自信 灵魂,0753_中国马克思主义哲学_文化自信_灵魂.md,50.0,马克思恩格斯经典文本与哲学关系
马克思主义哲学中国化 中国哲学传统,0725_马克思主义哲学中国化_中国哲学传统.md,马克思主义哲学中国化 不足,1432_马克思主义哲学中国化_不足.md,55.0,马克思主义哲学与中国文化传统结合
马克思主义哲学中国化 中国哲学传统,0725_马克思主义哲学中国化_中国哲学传统.md,李达 马克思主义哲学中国化,1751_李达_马克思主义哲学中国化.md,55.0,马克思主义哲学与中国文化传统结合
马克思主义哲学中国化 中国哲学传统,0725_马克思主义哲学中国化_中国哲学传统.md,马克思主义哲学中国化 走向,1816_马克思主义哲学中国化_走向.md,55.0,马克思主义哲学与中国文化传统结合
马克思主义哲学中国化 中国哲学传统,0725_马克思主义哲学中国化_中国哲学传统.md,马克思主义哲学中国化 中国文化身份,0755_马克思主义哲学中国化_中国文化身份.md,54.71,马克思主义哲学与中国文化传统结合
马克思主义哲学中国化 中国哲学传统,0725_马克思主义哲学中国化_中国哲学传统.md,毛泽东 马克思主义哲学中国化,1748_毛泽东_马克思主义哲学中国化.md,54.06,马克思主义哲学与中国文化传统结合
马克思主义哲学 中国哲学传统 结合,0726_马克思主义哲学_中国哲学传统_结合.md,马克思主义哲学 中国哲学 结合,0765_马克思主义哲学_中国哲学_结合.md,52.86,马克思主义哲学与中国文化传统结合
马克思主义哲学 中国哲学传统 结合,0726_马克思主义哲学_中国哲学传统_结合.md,马克思主义哲学 中国哲学,1823_马克思主义哲学_中国哲学.md,52.31,马克思主义哲学与中国文化传统结合
马克思主义哲学 中国哲学传统 结合,0726_马克思主义哲学_中国哲学传统_结合.md,马克思主义哲学 中国文化传统 结合,1228_马克思主义哲学_中国文化传统_结合.md,52.19,马克思主义哲学与中国文化传统结合
马克思主义哲学 中国哲学传统 结合,0726_马克思主义哲学_中国哲学传统_结合.md,马克思主义哲学 中国优秀传统 结合,1416_马克思主义哲学_中国优秀传统_结合.md,52.19,马克思主义哲学与中国文化传统结合
马克思主义哲学 中国哲学传统 结合,0726_马克思主义哲学_中国哲学传统_结合.md,马克思主义哲学 中国传统哲学 结合,1417_马克思主义哲学_中国传统哲学_结合.md,50.62,马克思主义哲学与中国文化传统结合
马克思主义哲学 20世纪中国哲学 联系,0727_马克思主义哲学_20世纪中国哲学_联系.md,马克思主义哲学 与社会生活 联系,1201_马克思主义哲学_与社会生活_联系.md,53.33,中国哲学传统与现代转型
马克思主义哲学 20世纪中国哲学 联系,0727_马克思主义哲学_20世纪中国哲学_联系.md,马克思主义哲学 中国哲学,1823_马克思主义哲学_中国哲学.md,47.5,中国哲学传统与现代转型
马克思主义哲学 20世纪中国哲学 联系,0727_马克思主义哲学_20世纪中国哲学_联系.md,马克思主义哲学 中国哲学 结合,0765_马克思主义哲学_中国哲学_结合.md,46.11,中国哲学传统与现代转型
马克思主义哲学 20世纪中国哲学 联系,0727_马克思主义哲学_20世纪中国哲学_联系.md,马克思主义哲学 中国哲学传统 结合,0726_马克思主义哲学_中国哲学传统_结合.md,45.0,中国哲学传统与现代转型
马克思主义哲学 20世纪中国哲学 联系,0727_马克思主义哲学_20世纪中国哲学_联系.md,马克思主义哲学 指导 中国哲学史研究,0717_马克思主义哲学_指导_中国哲学史研究.md,44.52,中国哲学传统与现代转型
中国哲学现代转型 马克思主义哲学中国化,0728_中国哲学现代转型_马克思主义哲学中国化.md,马克思主义哲学中国化 传统 现代转型,0745_马克思主义哲学中国化_传统_现代转型.md,56.67,中国哲学现代转型
中国哲学现代转型 马克思主义哲学中国化,0728_中国哲学现代转型_马克思主义哲学中国化.md,马克思主义哲学中国化 中国哲学传统,0725_马克思主义哲学中国化_中国哲学传统.md,53.89,中国哲学现代转型
中国哲学现代转型 马克思主义哲学中国化,0728_中国哲学现代转型_马克思主义哲学中国化.md,马克思主义哲学中国化 不足,1432_马克思主义哲学中国化_不足.md,53.24,中国哲学现代转型
中国哲学现代转型 马克思主义哲学中国化,0728_中国哲学现代转型_马克思主义哲学中国化.md,李达 马克思主义哲学中国化,1751_李达_马克思主义哲学中国化.md,53.24,中国哲学现代转型
中国哲学现代转型 马克思主义哲学中国化,0728_中国哲学现代转型_马克思主义哲学中国化.md,马克思主义哲学中国化 走向,1816_马克思主义哲学中国化_走向.md,53.24,中国哲学现代转型
中国马克思主义哲学 由在中国到中国的哲学,0729_中国马克思主义哲学_由在中国到中国的哲学.md,中国马克思主义哲学 何以是中国的哲学,0724_中国马克思主义哲学_何以是中国的哲学.md,53.16,马克思恩格斯经典文本与哲学关系
中国马克思主义哲学 由在中国到中国的哲学,0729_中国马克思主义哲学_由在中国到中国的哲学.md,中国马克思主义哲学 转换,1819_中国马克思主义哲学_转换.md,51.76,马克思恩格斯经典文本与哲学关系
中国马克思主义哲学 由在中国到中国的哲学,0729_中国马克思主义哲学_由在中国到中国的哲学.md,中国马克思主义哲学 中国之根 问题,0720_中国马克思主义哲学_中国之根_问题.md,50.0,马克思恩格斯经典文本与哲学关系
中国马克思主义哲学 由在中国到中国的哲学,0729_中国马克思主义哲学_由在中国到中国的哲学.md,中国马克思主义哲学 教科书 建构,0931_中国马克思主义哲学_教科书_建构.md,50.0,马克思恩格斯经典文本与哲学关系
中国马克思主义哲学 由在中国到中国的哲学,0729_中国马克思主义哲学_由在中国到中国的哲学.md,中国马克思主义哲学 文化自信 灵魂,0753_中国马克思主义哲学_文化自信_灵魂.md,49.52,马克思恩格斯经典文本与哲学关系
民族文化身份 马克思主义哲学中国化,0730_民族文化身份_马克思主义哲学中国化.md,马克思主义哲学中国化 中国文化身份,0755_马克思主义哲学中国化_中国文化身份.md,57.65,中国马克思主义哲学的中国之根问题
民族文化身份 马克思主义哲学中国化,0730_民族文化身份_马克思主义哲学中国化.md,文化自信 马克思主义哲学中国化,0751_文化自信_马克思主义哲学中国化.md,53.89,中国马克思主义哲学的中国之根问题
民族文化身份 马克思主义哲学中国化,0730_民族文化身份_马克思主义哲学中国化.md,马克思主义哲学中国化 不足,1432_马克思主义哲学中国化_不足.md,53.24,中国马克思主义哲学的中国之根问题
民族文化身份 马克思主义哲学中国化,0730_民族文化身份_马克思主义哲学中国化.md,李达 马克思主义哲学中国化,1751_李达_马克思主义哲学中国化.md,53.24,中国马克思主义哲学的中国之根问题
民族文化身份 马克思主义哲学中国化,0730_民族文化身份_马克思主义哲学中国化.md,马克思主义哲学中国化 走向,1816_马克思主义哲学中国化_走向.md,53.24,中国马克思主义哲学的中国之根问题
唯心历史观的破产 中国之根,0731_唯心历史观的破产_中国之根.md,中国马克思主义哲学 中国之根 问题,0720_中国马克思主义哲学_中国之根_问题.md,23.57,中国哲学传统与现代转型
金岳霖 在中国的哲学 中国哲学,0732_金岳霖_在中国的哲学_中国哲学.md,在中国的哲学 中国的哲学,0722_在中国的哲学_中国的哲学.md,45.0,中国马克思主义哲学的中国之根问题
金岳霖 在中国的哲学 中国哲学,0732_金岳霖_在中国的哲学_中国哲学.md,马克思主义哲学 中国哲学,1823_马克思主义哲学_中国哲学.md,26.67,中国马克思主义哲学的中国之根问题
金岳霖 在中国的哲学 中国哲学,0732_金岳霖_在中国的哲学_中国哲学.md,马克思主义哲学 中国哲学 结合,0765_马克思主义哲学_中国哲学_结合.md,25.88,中国马克思主义哲学的中国之根问题
金岳霖 在中国的哲学 中国哲学,0732_金岳霖_在中国的哲学_中国哲学.md,中国哲学 问题 精神,0691_中国哲学_问题_精神.md,25.36,中国马克思主义哲学的中国之根问题
金岳霖 在中国的哲学 中国哲学,0732_金岳霖_在中国的哲学_中国哲学.md,内圣 外王 中国哲学,0693_内圣_外王_中国哲学.md,25.36,中国马克思主义哲学的中国之根问题
中国哲学现代转型 研究框架,0733_中国哲学现代转型_研究框架.md,中国哲学现代转型 新视域,0734_中国哲学现代转型_新视域.md,52.5,中国哲学现代转型
中国哲学现代转型 研究框架,0733_中国哲学现代转型_研究框架.md,中国哲学现代转型 现代形态,0737_中国哲学现代转型_现代形态.md,52.5,中国哲学现代转型
中国哲学现代转型 研究框架,0733_中国哲学现代转型_研究框架.md,中国哲学现代转型 近代形态,0736_中国哲学现代转型_近代形态.md,51.67,中国哲学现代转型
中国哲学现代转型 研究框架,0733_中国哲学现代转型_研究框架.md,中国哲学现代转型 历史走向,0739_中国哲学现代转型_历史走向.md,51.67,中国哲学现代转型
中国哲学现代转型 研究框架,0733_中国哲学现代转型_研究框架.md,中国哲学现代转型 内在结构,0740_中国哲学现代转型_内在结构.md,51.67,中国哲学现代转型
中国哲学现代转型 新视域,0734_中国哲学现代转型_新视域.md,中国哲学现代转型 现代形态,0737_中国哲学现代转型_现代形态.md,53.46,中国哲学现代转型
中国哲学现代转型 新视域,0734_中国哲学现代转型_新视域.md,中国哲学现代转型 研究框架,0733_中国哲学现代转型_研究框架.md,52.5,中国哲学现代转型
中国哲学现代转型 新视域,0734_中国哲学现代转型_新视域.md,中国哲学现代转型 近代形态,0736_中国哲学现代转型_近代形态.md,52.5,中国哲学现代转型
中国哲学现代转型 新视域,0734_中国哲学现代转型_新视域.md,中国哲学现代转型 历史走向,0739_中国哲学现代转型_历史走向.md,52.5,中国哲学现代转型
中国哲学现代转型 新视域,0734_中国哲学现代转型_新视域.md,中国哲学现代转型 内在结构,0740_中国哲学现代转型_内在结构.md,52.5,中国哲学现代转型
19世纪 20世纪 中国哲学史观,0735_19世纪_20世纪_中国哲学史观.md,马克思主义哲学 20世纪中国哲学 联系,0727_马克思主义哲学_20世纪中国哲学_联系.md,8.75,中国哲学传统与现代转型
19世纪 20世纪 中国哲学史观,0735_19世纪_20世纪_中国哲学史观.md,唯物史观 中国哲学史 研究应用,0714_唯物史观_中国哲学史_研究应用.md,6.58,中国哲学传统与现代转型
19世纪 20世纪 中国哲学史观,0735_19世纪_20世纪_中国哲学史观.md,嵇文甫 中国哲学史 研究,0716_嵇文甫_中国哲学史_研究.md,5.88,中国哲学传统与现代转型
19世纪 20世纪 中国哲学史观,0735_19世纪_20世纪_中国哲学史观.md,中国哲学史 方法论 讨论,0757_中国哲学史_方法论_讨论.md,5.88,中国哲学传统与现代转型
19世纪 20世纪 中国哲学史观,0735_19世纪_20世纪_中国哲学史观.md,评法批儒 中国哲学史 篡改,0758_评法批儒_中国哲学史_篡改.md,5.56,中国哲学传统与现代转型
中国哲学现代转型 近代形态,0736_中国哲学现代转型_近代形态.md,中国哲学现代转型 现代形态,0737_中国哲学现代转型_现代形态.md,58.75,中国哲学现代转型
中国哲学现代转型 近代形态,0736_中国哲学现代转型_近代形态.md,中国哲学现代转型 新视域,0734_中国哲学现代转型_新视域.md,52.5,中国哲学现代转型
中国哲学现代转型 近代形态,0736_中国哲学现代转型_近代形态.md,中国哲学现代转型 研究框架,0733_中国哲学现代转型_研究框架.md,51.67,中国哲学现代转型
中国哲学现代转型 近代形态,0736_中国哲学现代转型_近代形态.md,中国哲学现代转型 历史走向,0739_中国哲学现代转型_历史走向.md,51.67,中国哲学现代转型
中国哲学现代转型 近代形态,0736_中国哲学现代转型_近代形态.md,中国哲学现代转型 内在结构,0740_中国哲学现代转型_内在结构.md,51.67,中国哲学现代转型
中国哲学现代转型 现代形态,0737_中国哲学现代转型_现代形态.md,中国哲学现代转型 近代形态,0736_中国哲学现代转型_近代形态.md,58.75,中国哲学现代转型
中国哲学现代转型 现代形态,0737_中国哲学现代转型_现代形态.md,中国哲学现代转型 新视域,0734_中国哲学现代转型_新视域.md,53.46,中国哲学现代转型
中国哲学现代转型 现代形态,0737_中国哲学现代转型_现代形态.md,中国哲学现代转型 研究框架,0733_中国哲学现代转型_研究框架.md,52.5,中国哲学现代转型
中国哲学现代转型 现代形态,0737_中国哲学现代转型_现代形态.md,中国哲学现代转型 历史走向,0739_中国哲学现代转型_历史走向.md,52.5,中国哲学现代转型
中国哲学现代转型 现代形态,0737_中国哲学现代转型_现代形态.md,中国哲学现代转型 内在结构,0740_中国哲学现代转型_内在结构.md,52.5,中国哲学现代转型
古今中西之争 中国哲学现代转型,0738_古今中西之争_中国哲学现代转型.md,中国哲学现代转型 新视域,0734_中国哲学现代转型_新视域.md,50.94,中国哲学传统与现代转型
古今中西之争 中国哲学现代转型,0738_古今中西之争_中国哲学现代转型.md,中国哲学现代转型 现代形态,0737_中国哲学现代转型_现代形态.md,50.94,中国哲学传统与现代转型
古今中西之争 中国哲学现代转型,0738_古今中西之争_中国哲学现代转型.md,中国哲学现代转型 研究框架,0733_中国哲学现代转型_研究框架.md,50.29,中国哲学传统与现代转型
古今中西之争 中国哲学现代转型,0738_古今中西之争_中国哲学现代转型.md,中国哲学现代转型 近代形态,0736_中国哲学现代转型_近代形态.md,50.29,中国哲学传统与现代转型
古今中西之争 中国哲学现代转型,0738_古今中西之争_中国哲学现代转型.md,中国哲学现代转型 历史走向,0739_中国哲学现代转型_历史走向.md,50.29,中国哲学传统与现代转型
中国哲学现代转型 历史走向,0739_中国哲学现代转型_历史走向.md,中国哲学现代转型 新视域,0734_中国哲学现代转型_新视域.md,52.5,中国哲学现代转型
中国哲学现代转型 历史走向,0739_中国哲学现代转型_历史走向.md,中国哲学现代转型 现代形态,0737_中国哲学现代转型_现代形态.md,52.5,中国哲学现代转型
中国哲学现代转型 历史走向,0739_中国哲学现代转型_历史走向.md,中国哲学现代转型 研究框架,0733_中国哲学现代转型_研究框架.md,51.67,中国哲学现代转型
中国哲学现代转型 历史走向,0739_中国哲学现代转型_历史走向.md,中国哲学现代转型 近代形态,0736_中国哲学现代转型_近代形态.md,51.67,中国哲学现代转型
中国哲学现代转型 历史走向,0739_中国哲学现代转型_历史走向.md,中国哲学现代转型 内在结构,0740_中国哲学现代转型_内在结构.md,51.67,中国哲学现代转型
中国哲学现代转型 内在结构,0740_中国哲学现代转型_内在结构.md,中国哲学现代转型 新视域,0734_中国哲学现代转型_新视域.md,52.5,中国哲学现代转型
中国哲学现代转型 内在结构,0740_中国哲学现代转型_内在结构.md,中国哲学现代转型 现代形态,0737_中国哲学现代转型_现代形态.md,52.5,中国哲学现代转型
中国哲学现代转型 内在结构,0740_中国哲学现代转型_内在结构.md,中国哲学现代转型 研究框架,0733_中国哲学现代转型_研究框架.md,51.67,中国哲学现代转型
中国哲学现代转型 内在结构,0740_中国哲学现代转型_内在结构.md,中国哲学现代转型 近代形态,0736_中国哲学现代转型_近代形态.md,51.67,中国哲学现代转型
中国哲学现代转型 内在结构,0740_中国哲学现代转型_内在结构.md,中国哲学现代转型 历史走向,0739_中国哲学现代转型_历史走向.md,51.67,中国哲学现代转型
新青年 儒家纲常 扬弃,0741_新青年_儒家纲常_扬弃.md,新青年,1857_新青年.md,21.25,中国哲学传统与现代转型
新青年 儒家纲常 扬弃,0741_新青年_儒家纲常_扬弃.md,新青年 唯物史观 评判儒家价值观,0742_新青年_唯物史观_评判儒家价值观.md,19.17,中国哲学传统与现代转型
新青年 儒家纲常 扬弃,0741_新青年_儒家纲常_扬弃.md,新青年 价值观 古今之变,1233_新青年_价值观_古今之变.md,18.33,中国哲学传统与现代转型
新青年 儒家纲常 扬弃,0741_新青年_儒家纲常_扬弃.md,新青年 批判 孔教为国教,1235_新青年_批判_孔教为国教.md,18.33,中国哲学传统与现代转型
新青年 儒家纲常 扬弃,0741_新青年_儒家纲常_扬弃.md,列宁主义 新青年 瞿秋白,1652_列宁主义_新青年_瞿秋白.md,18.33,中国哲学传统与现代转型
新青年 唯物史观 评判儒家价值观,0742_新青年_唯物史观_评判儒家价值观.md,唯物史观 谈政治,0032_唯物史观_谈政治.md,24.69,中国哲学传统与现代转型
新青年 唯物史观 评判儒家价值观,0742_新青年_唯物史观_评判儒家价值观.md,唯物史观 李大钊,1775_唯物史观_李大钊.md,24.69,中国哲学传统与现代转型
新青年 唯物史观 评判儒家价值观,0742_新青年_唯物史观_评判儒家价值观.md,唯物史观 传播热潮,0064_唯物史观_传播热潮.md,24.41,中国哲学传统与现代转型
新青年 唯物史观 评判儒家价值观,0742_新青年_唯物史观_评判儒家价值观.md,陈独秀 唯物史观 剩余价值 阶级斗争,0327_陈独秀_唯物史观_剩余价值_阶级斗争.md,24.35,中国哲学传统与现代转型
新青年 唯物史观 评判儒家价值观,0742_新青年_唯物史观_评判儒家价值观.md,李大钊 唯物史观 研究,0258_李大钊_唯物史观_研究.md,24.17,中国哲学传统与现代转型
李大钊 唯物史观 中国哲学现代转型,0743_李大钊_唯物史观_中国哲学现代转型.md,中国哲学现代转型 新视域,0734_中国哲学现代转型_新视域.md,50.29,李大钊与唯物史观传播
李大钊 唯物史观 中国哲学现代转型,0743_李大钊_唯物史观_中国哲学现代转型.md,中国哲学现代转型 现代形态,0737_中国哲学现代转型_现代形态.md,50.29,李大钊与唯物史观传播
李大钊 唯物史观 中国哲学现代转型,0743_李大钊_唯物史观_中国哲学现代转型.md,中国哲学现代转型 研究框架,0733_中国哲学现代转型_研究框架.md,49.72,李大钊与唯物史观传播
李大钊 唯物史观 中国哲学现代转型,0743_李大钊_唯物史观_中国哲学现代转型.md,中国哲学现代转型 近代形态,0736_中国哲学现代转型_近代形态.md,49.72,李大钊与唯物史观传播
李大钊 唯物史观 中国哲学现代转型,0743_李大钊_唯物史观_中国哲学现代转型.md,中国哲学现代转型 历史走向,0739_中国哲学现代转型_历史走向.md,49.72,李大钊与唯物史观传播
冯契 智慧说 中国哲学现代转型,0744_冯契_智慧说_中国哲学现代转型.md,中国哲学现代转型 新视域,0734_中国哲学现代转型_新视域.md,51.67,中国哲学现代转型
冯契 智慧说 中国哲学现代转型,0744_冯契_智慧说_中国哲学现代转型.md,中国哲学现代转型 现代形态,0737_中国哲学现代转型_现代形态.md,51.67,中国哲学现代转型
冯契 智慧说 中国哲学现代转型,0744_冯契_智慧说_中国哲学现代转型.md,中国哲学现代转型 研究框架,0733_中国哲学现代转型_研究框架.md,50.94,中国哲学现代转型
冯契 智慧说 中国哲学现代转型,0744_冯契_智慧说_中国哲学现代转型.md,中国哲学现代转型 近代形态,0736_中国哲学现代转型_近代形态.md,50.94,中国哲学现代转型
冯契 智慧说 中国哲学现代转型,0744_冯契_智慧说_中国哲学现代转型.md,中国哲学现代转型 历史走向,0739_中国哲学现代转型_历史走向.md,50.94,中国哲学现代转型
马克思主义哲学中国化 传统 现代转型,0745_马克思主义哲学中国化_传统_现代转型.md,中国哲学现代转型 马克思主义哲学中国化,0728_中国哲学现代转型_马克思主义哲学中国化.md,56.67,中国哲学现代转型
马克思主义哲学中国化 传统 现代转型,0745_马克思主义哲学中国化_传统_现代转型.md,马克思主义哲学中国化 传统 形成发展,1237_马克思主义哲学中国化_传统_形成发展.md,54.47,中国哲学现代转型
马克思主义哲学中国化 传统 现代转型,0745_马克思主义哲学中国化_传统_现代转型.md,马克思主义哲学中国化 中国哲学传统,0725_马克思主义哲学中国化_中国哲学传统.md,53.89,中国哲学现代转型
马克思主义哲学中国化 传统 现代转型,0745_马克思主义哲学中国化_传统_现代转型.md,马克思主义哲学中国化 不足,1432_马克思主义哲学中国化_不足.md,53.24,中国哲学现代转型
马克思主义哲学中国化 传统 现代转型,0745_马克思主义哲学中国化_传统_现代转型.md,李达 马克思主义哲学中国化,1751_李达_马克思主义哲学中国化.md,53.24,中国哲学现代转型
传统文化 创造性转化 创新性发展,0746_传统文化_创造性转化_创新性发展.md,传统文化 创新性发展 指导思想,0748_传统文化_创新性发展_指导思想.md,57.5,哲学基本范畴与辩证法原理
传统文化 创造性转化 创新性发展,0746_传统文化_创造性转化_创新性发展.md,中华优秀传统文化 创造性转化,0747_中华优秀传统文化_创造性转化.md,37.5,哲学基本范畴与辩证法原理
传统文化 创造性转化 创新性发展,0746_传统文化_创造性转化_创新性发展.md,陈独秀 传统文化 继承关系,0762_陈独秀_传统文化_继承关系.md,23.95,哲学基本范畴与辩证法原理
中华优秀传统文化 创造性转化,0747_中华优秀传统文化_创造性转化.md,中华优秀传统文化 第二个结合,1628_中华优秀传统文化_第二个结合.md,50.29,中国哲学传统与现代转型
中华优秀传统文化 创造性转化,0747_中华优秀传统文化_创造性转化.md,中华优秀传统文化 基本原理 马克思,1794_中华优秀传统文化_基本原理_马克思.md,49.21,中国哲学传统与现代转型
中华优秀传统文化 创造性转化,0747_中华优秀传统文化_创造性转化.md,中华优秀传统文化 革命文化 社会主义先进文化,0749_中华优秀传统文化_革命文化_社会主义先进文化.md,47.95,中国哲学传统与现代转型
中华优秀传统文化 创造性转化,0747_中华优秀传统文化_创造性转化.md,传统文化 创造性转化 创新性发展,0746_传统文化_创造性转化_创新性发展.md,37.5,中国哲学传统与现代转型
中华优秀传统文化 创造性转化,0747_中华优秀传统文化_创造性转化.md,陈独秀 传统文化 继承关系,0762_陈独秀_传统文化_继承关系.md,5.56,中国哲学传统与现代转型
传统文化 创新性发展 指导思想,0748_传统文化_创新性发展_指导思想.md,传统文化 创造性转化 创新性发展,0746_传统文化_创造性转化_创新性发展.md,57.5,哲学基本范畴与辩证法原理
传统文化 创新性发展 指导思想,0748_传统文化_创新性发展_指导思想.md,陈独秀 传统文化 继承关系,0762_陈独秀_传统文化_继承关系.md,23.95,哲学基本范畴与辩证法原理
传统文化 创新性发展 指导思想,0748_传统文化_创新性发展_指导思想.md,马克思主义 指导思想 中国革命,1112_马克思主义_指导思想_中国革命.md,23.57,哲学基本范畴与辩证法原理
传统文化 创新性发展 指导思想,0748_传统文化_创新性发展_指导思想.md,中华优秀传统文化 创造性转化,0747_中华优秀传统文化_创造性转化.md,5.0,哲学基本范畴与辩证法原理
中华优秀传统文化 革命文化 社会主义先进文化,0749_中华优秀传统文化_革命文化_社会主义先进文化.md,中华优秀传统文化 创造性转化,0747_中华优秀传统文化_创造性转化.md,47.95,中国哲学传统与现代转型
中华优秀传统文化 革命文化 社会主义先进文化,0749_中华优秀传统文化_革命文化_社会主义先进文化.md,中华优秀传统文化 第二个结合,1628_中华优秀传统文化_第二个结合.md,47.95,中国哲学传统与现代转型
中华优秀传统文化 革命文化 社会主义先进文化,0749_中华优秀传统文化_革命文化_社会主义先进文化.md,中华优秀传统文化 基本原理 马克思,1794_中华优秀传统文化_基本原理_马克思.md,47.29,中国哲学传统与现代转型
古代传统 现代传统 中国文化,0750_古代传统_现代传统_中国文化.md,中国文化 儒学,1731_中国文化_儒学.md,26.82,中国哲学传统与现代转型
古代传统 现代传统 中国文化,0750_古代传统_现代传统_中国文化.md,中国文化 马克思,1736_中国文化_马克思.md,26.25,中国哲学传统与现代转型
古代传统 现代传统 中国文化,0750_古代传统_现代传统_中国文化.md,哲学 宗教 中国文化,0986_哲学_宗教_中国文化.md,25.77,中国哲学传统与现代转型
古代传统 现代传统 中国文化,0750_古代传统_现代传统_中国文化.md,中国文化 古与今 联系,1246_中国文化_古与今_联系.md,25.36,中国哲学传统与现代转型
古代传统 现代传统 中国文化,0750_古代传统_现代传统_中国文化.md,中国文化 精神基础 伦理,0988_中国文化_精神基础_伦理.md,25.0,中国哲学传统与现代转型
文化自信 马克思主义哲学中国化,0751_文化自信_马克思主义哲学中国化.md,马克思主义哲学中国化 不足,1432_马克思主义哲学中国化_不足.md,55.0,马克思恩格斯经典文本与哲学关系
文化自信 马克思主义哲学中国化,0751_文化自信_马克思主义哲学中国化.md,李达 马克思主义哲学中国化,1751_李达_马克思主义哲学中国化.md,55.0,马克思恩格斯经典文本与哲学关系
文化自信 马克思主义哲学中国化,0751_文化自信_马克思主义哲学中国化.md,马克思主义哲学中国化 走向,1816_马克思主义哲学中国化_走向.md,55.0,马克思恩格斯经典文本与哲学关系
文化自信 马克思主义哲学中国化,0751_文化自信_马克思主义哲学中国化.md,马克思主义哲学中国化 中国文化身份,0755_马克思主义哲学中国化_中国文化身份.md,54.71,马克思恩格斯经典文本与哲学关系
文化自信 马克思主义哲学中国化,0751_文化自信_马克思主义哲学中国化.md,毛泽东 马克思主义哲学中国化,1748_毛泽东_马克思主义哲学中国化.md,54.06,马克思恩格斯经典文本与哲学关系
鸦片战争后 文化自信 失落 重建,0752_鸦片战争后_文化自信_失落_重建.md,文化自信 马克思主义哲学中国化,0751_文化自信_马克思主义哲学中国化.md,23.41,中国近代启蒙与民主革命
鸦片战争后 文化自信 失落 重建,0752_鸦片战争后_文化自信_失落_重建.md,中国马克思主义哲学 文化自信 灵魂,0753_中国马克思主义哲学_文化自信_灵魂.md,23.26,中国近代启蒙与民主革命
鸦片战争后 文化自信 失落 重建,0752_鸦片战争后_文化自信_失落_重建.md,文化自信 主流思潮 马克思主义哲学,0754_文化自信_主流思潮_马克思主义哲学.md,23.26,中国近代启蒙与民主革命
鸦片战争后 文化自信 失落 重建,0752_鸦片战争后_文化自信_失落_重建.md,马克思主义中国化 重建,1828_马克思主义中国化_重建.md,11.25,中国近代启蒙与民主革命
鸦片战争后 文化自信 失落 重建,0752_鸦片战争后_文化自信_失落_重建.md,马克思主义哲学 大众基础 重建,1068_马克思主义哲学_大众基础_重建.md,11.09,中国近代启蒙与民主革命
中国马克思主义哲学 文化自信 灵魂,0753_中国马克思主义哲学_文化自信_灵魂.md,中国马克思主义哲学 转换,1819_中国马克思主义哲学_转换.md,52.5,马克思恩格斯经典文本与哲学关系
中国马克思主义哲学 文化自信 灵魂,0753_中国马克思主义哲学_文化自信_灵魂.md,中国马克思主义哲学 民族文化身份认同,0721_中国马克思主义哲学_民族文化身份认同.md,50.71,马克思恩格斯经典文本与哲学关系
中国马克思主义哲学 文化自信 灵魂,0753_中国马克思主义哲学_文化自信_灵魂.md,中国马克思主义哲学 中国之根 问题,0720_中国马克思主义哲学_中国之根_问题.md,50.53,马克思恩格斯经典文本与哲学关系
中国马克思主义哲学 文化自信 灵魂,0753_中国马克思主义哲学_文化自信_灵魂.md,中国马克思主义哲学 教科书 建构,0931_中国马克思主义哲学_教科书_建构.md,50.53,马克思恩格斯经典文本与哲学关系
中国马克思主义哲学 文化自信 灵魂,0753_中国马克思主义哲学_文化自信_灵魂.md,中国马克思主义哲学 何以是中国的哲学,0724_中国马克思主义哲学_何以是中国的哲学.md,50.0,马克思恩格斯经典文本与哲学关系
文化自信 主流思潮 马克思主义哲学,0754_文化自信_主流思潮_马克思主义哲学.md,马克思主义哲学 中国文化身份,0723_马克思主义哲学_中国文化身份.md,44.21,马克思恩格斯经典文本与哲学关系
文化自信 主流思潮 马克思主义哲学,0754_文化自信_主流思潮_马克思主义哲学.md,马克思主义哲学 中国哲学,1823_马克思主义哲学_中国哲学.md,43.82,马克思恩格斯经典文本与哲学关系
文化自信 主流思潮 马克思主义哲学,0754_文化自信_主流思潮_马克思主义哲学.md,文化大革命 马克思主义哲学 歪曲,0650_文化大革命_马克思主义哲学_歪曲.md,43.75,马克思恩格斯经典文本与哲学关系
文化自信 主流思潮 马克思主义哲学,0754_文化自信_主流思潮_马克思主义哲学.md,李达 马克思主义哲学 研究,0267_李达_马克思主义哲学_研究.md,43.33,马克思恩格斯经典文本与哲学关系
文化自信 主流思潮 马克思主义哲学,0754_文化自信_主流思潮_马克思主义哲学.md,李达 马克思主义哲学 泰斗,0355_李达_马克思主义哲学_泰斗.md,43.33,马克思恩格斯经典文本与哲学关系
马克思主义哲学中国化 中国文化身份,0755_马克思主义哲学中国化_中国文化身份.md,民族文化身份 马克思主义哲学中国化,0730_民族文化身份_马克思主义哲学中国化.md,57.65,马克思主义哲学中国化研究范式
马克思主义哲学中国化 中国文化身份,0755_马克思主义哲学中国化_中国文化身份.md,马克思主义哲学中国化 中国哲学传统,0725_马克思主义哲学中国化_中国哲学传统.md,54.71,马克思主义哲学中国化研究范式
马克思主义哲学中国化 中国文化身份,0755_马克思主义哲学中国化_中国文化身份.md,文化自信 马克思主义哲学中国化,0751_文化自信_马克思主义哲学中国化.md,54.71,马克思主义哲学中国化研究范式
马克思主义哲学中国化 中国文化身份,0755_马克思主义哲学中国化_中国文化身份.md,马克思主义哲学中国化 不足,1432_马克思主义哲学中国化_不足.md,54.06,马克思主义哲学中国化研究范式
马克思主义哲学中国化 中国文化身份,0755_马克思主义哲学中国化_中国文化身份.md,李达 马克思主义哲学中国化,1751_李达_马克思主义哲学中国化.md,54.06,马克思主义哲学中国化研究范式
中国传统文化 马克思主义 结合,0756_中国传统文化_马克思主义_结合.md,马克思主义 中国传统文化 关系,0764_马克思主义_中国传统文化_关系.md,45.0,马克思恩格斯经典文本与哲学关系
中国传统文化 马克思主义 结合,0756_中国传统文化_马克思主义_结合.md,陈独秀 中国传统文化 批判,0761_陈独秀_中国传统文化_批判.md,37.35,马克思恩格斯经典文本与哲学关系
中国传统文化 马克思主义 结合,0756_中国传统文化_马克思主义_结合.md,中国传统文化 决裂论 土壤论,1627_中国传统文化_决裂论_土壤论.md,36.94,马克思恩格斯经典文本与哲学关系
中国传统文化 马克思主义 结合,0756_中国传统文化_马克思主义_结合.md,中国传统文化 新启蒙运动 认识深化,1795_中国传统文化_新启蒙运动_认识深化.md,35.95,马克思恩格斯经典文本与哲学关系
中国传统文化 马克思主义 结合,0756_中国传统文化_马克思主义_结合.md,马克思主义哲学 中国传统哲学 结合,1417_马克思主义哲学_中国传统哲学_结合.md,11.76,马克思恩格斯经典文本与哲学关系
中国哲学史 方法论 讨论,0757_中国哲学史_方法论_讨论.md,嵇文甫 中国哲学史 研究,0716_嵇文甫_中国哲学史_研究.md,32.14,中国哲学传统与现代转型
中国哲学史 方法论 讨论,0757_中国哲学史_方法论_讨论.md,评法批儒 中国哲学史 篡改,0758_评法批儒_中国哲学史_篡改.md,31.67,中国哲学传统与现代转型
中国哲学史 方法论 讨论,0757_中国哲学史_方法论_讨论.md,唯物史观 中国哲学史 研究应用,0714_唯物史观_中国哲学史_研究应用.md,30.88,中国哲学传统与现代转型
中国哲学史 方法论 讨论,0757_中国哲学史_方法论_讨论.md,胡汉民 中国哲学史 伦理思想史,0715_胡汉民_中国哲学史_伦理思想史.md,30.88,中国哲学传统与现代转型
中国哲学史 方法论 讨论,0757_中国哲学史_方法论_讨论.md,马克思主义中国化 方法论,1822_马克思主义中国化_方法论.md,19.69,中国哲学传统与现代转型
评法批儒 中国哲学史 篡改,0758_评法批儒_中国哲学史_篡改.md,嵇文甫 中国哲学史 研究,0716_嵇文甫_中国哲学史_研究.md,31.67,中国哲学传统与现代转型
评法批儒 中国哲学史 篡改,0758_评法批儒_中国哲学史_篡改.md,中国哲学史 方法论 讨论,0757_中国哲学史_方法论_讨论.md,31.67,中国哲学传统与现代转型
评法批儒 中国哲学史 篡改,0758_评法批儒_中国哲学史_篡改.md,唯物史观 中国哲学史 研究应用,0714_唯物史观_中国哲学史_研究应用.md,30.56,中国哲学传统与现代转型
评法批儒 中国哲学史 篡改,0758_评法批儒_中国哲学史_篡改.md,胡汉民 中国哲学史 伦理思想史,0715_胡汉民_中国哲学史_伦理思想史.md,30.56,中国哲学传统与现代转型
评法批儒 中国哲学史 篡改,0758_评法批儒_中国哲学史_篡改.md,中国哲学史研究 新中国 新变化,0718_中国哲学史研究_新中国_新变化.md,5.88,中国哲学传统与现代转型
金岳霖 知识论 论理学,0759_金岳霖_知识论_论理学.md,认识论 论理学 辩证法 一致性,1534_认识论_论理学_辩证法_一致性.md,21.67,现代中国哲学人物与知识论
金岳霖 知识论 论理学,0759_金岳霖_知识论_论理学.md,知识论,2007_知识论.md,21.25,现代中国哲学人物与知识论
金岳霖 知识论 论理学,0759_金岳霖_知识论_论理学.md,辩证法 论理学 认识论 一致性,1565_辩证法_论理学_认识论_一致性.md,19.69,现代中国哲学人物与知识论
金岳霖 知识论 论理学,0759_金岳霖_知识论_论理学.md,科学 方法 论理学 人生观,0219_科学_方法_论理学_人生观.md,18.33,现代中国哲学人物与知识论
金岳霖 知识论 论理学,0759_金岳霖_知识论_论理学.md,金岳霖 在中国的哲学 中国哲学,0732_金岳霖_在中国的哲学_中国哲学.md,18.12,现代中国哲学人物与知识论
古今中西 争论 中国向何处去,0760_古今中西_争论_中国向何处去.md,中国向何处去 古今中西,1617_中国向何处去_古今中西.md,66.67,中国近代启蒙与民主革命
古今中西 争论 中国向何处去,0760_古今中西_争论_中国向何处去.md,中国近代哲学 古今中西,1695_中国近代哲学_古今中西.md,26.25,中国近代启蒙与民主革命
古今中西 争论 中国向何处去,0760_古今中西_争论_中国向何处去.md,之争 古今中西,1950_之争_古今中西.md,25.77,中国近代启蒙与民主革命
古今中西 争论 中国向何处去,0760_古今中西_争论_中国向何处去.md,古今中西 之争 中国近代哲学革命,0767_古今中西_之争_中国近代哲学革命.md,25.0,中国近代启蒙与民主革命
古今中西 争论 中国向何处去,0760_古今中西_争论_中国向何处去.md,古今中西 论争 中西体用,0768_古今中西_论争_中西体用.md,24.69,中国近代启蒙与民主革命
陈独秀 中国传统文化 批判,0761_陈独秀_中国传统文化_批判.md,中国传统文化 决裂论 土壤论,1627_中国传统文化_决裂论_土壤论.md,37.81,陈独秀与马克思主义传播
陈独秀 中国传统文化 批判,0761_陈独秀_中国传统文化_批判.md,中国传统文化 马克思主义 结合,0756_中国传统文化_马克思主义_结合.md,37.35,陈独秀与马克思主义传播
陈独秀 中国传统文化 批判,0761_陈独秀_中国传统文化_批判.md,马克思主义 中国传统文化 关系,0764_马克思主义_中国传统文化_关系.md,37.35,陈独秀与马克思主义传播
陈独秀 中国传统文化 批判,0761_陈独秀_中国传统文化_批判.md,中国传统文化 新启蒙运动 认识深化,1795_中国传统文化_新启蒙运动_认识深化.md,36.58,陈独秀与马克思主义传播
陈独秀 中国传统文化 批判,0761_陈独秀_中国传统文化_批判.md,陈独秀 传统文化 继承关系,0762_陈独秀_传统文化_继承关系.md,23.33,陈独秀与马克思主义传播
陈独秀 传统文化 继承关系,0762_陈独秀_传统文化_继承关系.md,传统文化 创造性转化 创新性发展,0746_传统文化_创造性转化_创新性发展.md,23.95,陈独秀与马克思主义传播
陈独秀 传统文化 继承关系,0762_陈独秀_传统文化_继承关系.md,传统文化 创新性发展 指导思想,0748_传统文化_创新性发展_指导思想.md,23.95,陈独秀与马克思主义传播
陈独秀 传统文化 继承关系,0762_陈独秀_传统文化_继承关系.md,陈独秀 中国传统文化 批判,0761_陈独秀_中国传统文化_批判.md,23.33,陈独秀与马克思主义传播
陈独秀 传统文化 继承关系,0762_陈独秀_传统文化_继承关系.md,群众观点 错误 陈独秀,0321_群众观点_错误_陈独秀.md,18.12,陈独秀与马克思主义传播
陈独秀 传统文化 继承关系,0762_陈独秀_传统文化_继承关系.md,陈独秀 民主 科学 反孔,0324_陈独秀_民主_科学_反孔.md,18.12,陈独秀与马克思主义传播
冯友兰 新理学 马克思主义哲学,0763_冯友兰_新理学_马克思主义哲学.md,大众哲学 马克思主义哲学 大众化,0360_大众哲学_马克思主义哲学_大众化.md,45.94,新理学批判
冯友兰 新理学 马克思主义哲学,0763_冯友兰_新理学_马克思主义哲学.md,价值观 价值哲学 马克思主义哲学,1045_价值观_价值哲学_马克思主义哲学.md,45.94,新理学批判
冯友兰 新理学 马克思主义哲学,0763_冯友兰_新理学_马克思主义哲学.md,马克思哲学 马克思主义哲学 关系论争,1069_马克思哲学_马克思主义哲学_关系论争.md,45.29,新理学批判
冯友兰 新理学 马克思主义哲学,0763_冯友兰_新理学_马克思主义哲学.md,马克思主义哲学 中国哲学,1823_马克思主义哲学_中国哲学.md,45.0,新理学批判
冯友兰 新理学 马克思主义哲学,0763_冯友兰_新理学_马克思主义哲学.md,大众哲学 马克思主义哲学 传播贡献,0372_大众哲学_马克思主义哲学_传播贡献.md,44.72,新理学批判
马克思主义 中国传统文化 关系,0764_马克思主义_中国传统文化_关系.md,中国传统文化 马克思主义 结合,0756_中国传统文化_马克思主义_结合.md,45.0,马克思恩格斯经典文本与哲学关系
马克思主义 中国传统文化 关系,0764_马克思主义_中国传统文化_关系.md,陈独秀 中国传统文化 批判,0761_陈独秀_中国传统文化_批判.md,37.35,马克思恩格斯经典文本与哲学关系
马克思主义 中国传统文化 关系,0764_马克思主义_中国传统文化_关系.md,中国传统文化 决裂论 土壤论,1627_中国传统文化_决裂论_土壤论.md,36.94,马克思恩格斯经典文本与哲学关系
马克思主义 中国传统文化 关系,0764_马克思主义_中国传统文化_关系.md,中国传统文化 新启蒙运动 认识深化,1795_中国传统文化_新启蒙运动_认识深化.md,35.95,马克思恩格斯经典文本与哲学关系
马克思主义 中国传统文化 关系,0764_马克思主义_中国传统文化_关系.md,马克思主义 中国传播 前史,0084_马克思主义_中国传播_前史.md,11.67,马克思恩格斯经典文本与哲学关系
马克思主义哲学 中国哲学 结合,0765_马克思主义哲学_中国哲学_结合.md,马克思主义哲学 中国哲学,1823_马克思主义哲学_中国哲学.md,75.45,马克思主义哲学与中国文化传统结合
马克思主义哲学 中国哲学 结合,0765_马克思主义哲学_中国哲学_结合.md,马克思主义哲学 中国哲学传统 结合,0726_马克思主义哲学_中国哲学传统_结合.md,52.86,马克思主义哲学与中国文化传统结合
马克思主义哲学 中国哲学 结合,0765_马克思主义哲学_中国哲学_结合.md,马克思主义哲学 中国传统哲学 结合,1417_马克思主义哲学_中国传统哲学_结合.md,52.86,马克思主义哲学与中国文化传统结合
马克思主义哲学 中国哲学 结合,0765_马克思主义哲学_中国哲学_结合.md,李达 马克思主义哲学 中国化,0301_李达_马克思主义哲学_中国化.md,49.29,马克思主义哲学与中国文化传统结合
马克思主义哲学 中国哲学 结合,0765_马克思主义哲学_中国哲学_结合.md,马克思主义哲学 中国化 历程,1413_马克思主义哲学_中国化_历程.md,49.29,马克思主义哲学与中国文化传统结合
中国哲学 认识主体 修养论,0766_中国哲学_认识主体_修养论.md,中国哲学 问题 精神,0691_中国哲学_问题_精神.md,25.36,中国哲学传统与现代转型
中国哲学 认识主体 修养论,0766_中国哲学_认识主体_修养论.md,内圣 外王 中国哲学,0693_内圣_外王_中国哲学.md,25.36,中国哲学传统与现代转型
中国哲学 认识主体 修养论,0766_中国哲学_认识主体_修养论.md,中国哲学 传统 功用,0696_中国哲学_传统_功用.md,25.36,中国哲学传统与现代转型
中国哲学 认识主体 修养论,0766_中国哲学_认识主体_修养论.md,中国哲学 暗示性 语言,0694_中国哲学_暗示性_语言.md,25.0,中国哲学传统与现代转型
中国哲学 认识主体 修养论,0766_中国哲学_认识主体_修养论.md,中国哲学 知命 能动性,0706_中国哲学_知命_能动性.md,25.0,中国哲学传统与现代转型
古今中西 之争 中国近代哲学革命,0767_古今中西_之争_中国近代哲学革命.md,之争 古今中西,1950_之争_古今中西.md,37.14,中国近代启蒙与民主革命
古今中西 之争 中国近代哲学革命,0767_古今中西_之争_中国近代哲学革命.md,中国近代哲学 古今中西,1695_中国近代哲学_古今中西.md,34.29,中国近代启蒙与民主革命
古今中西 之争 中国近代哲学革命,0767_古今中西_之争_中国近代哲学革命.md,古今中西 论争 中西体用,0768_古今中西_论争_中西体用.md,25.88,中国近代启蒙与民主革命
古今中西 之争 中国近代哲学革命,0767_古今中西_之争_中国近代哲学革命.md,中国向何处去 古今中西,1617_中国向何处去_古今中西.md,25.56,中国近代启蒙与民主革命
古今中西 之争 中国近代哲学革命,0767_古今中西_之争_中国近代哲学革命.md,古今中西 争论 中国向何处去,0760_古今中西_争论_中国向何处去.md,25.0,中国近代启蒙与民主革命
古今中西 论争 中西体用,0768_古今中西_论争_中西体用.md,之争 古今中西,1950_之争_古今中西.md,27.5,中国近代启蒙与民主革命
古今中西 论争 中西体用,0768_古今中西_论争_中西体用.md,古今中西 之争 中国近代哲学革命,0767_古今中西_之争_中国近代哲学革命.md,25.88,中国近代启蒙与民主革命
古今中西 论争 中西体用,0768_古今中西_论争_中西体用.md,中国向何处去 古今中西,1617_中国向何处去_古今中西.md,25.36,中国近代启蒙与民主革命
古今中西 论争 中西体用,0768_古今中西_论争_中西体用.md,中国近代哲学 古今中西,1695_中国近代哲学_古今中西.md,25.36,中国近代启蒙与民主革命
古今中西 论争 中西体用,0768_古今中西_论争_中西体用.md,古今中西 争论 中国向何处去,0760_古今中西_争论_中国向何处去.md,24.69,中国近代启蒙与民主革命
苏联哲学 过渡时期 哲学斗争,0769_苏联哲学_过渡时期_哲学斗争.md,苏联哲学 过渡时期 成就,0783_苏联哲学_过渡时期_成就.md,54.58,苏联哲学与共产国际
苏联哲学 过渡时期 哲学斗争,0769_苏联哲学_过渡时期_哲学斗争.md,资产阶级哲学 苏联 哲学斗争,0771_资产阶级哲学_苏联_哲学斗争.md,28.33,苏联哲学与共产国际
苏联哲学 过渡时期 哲学斗争,0769_苏联哲学_过渡时期_哲学斗争.md,后斯大林时期 苏联哲学,0794_后斯大林时期_苏联哲学.md,26.67,苏联哲学与共产国际
苏联哲学 过渡时期 哲学斗争,0769_苏联哲学_过渡时期_哲学斗争.md,苏联哲学 改革时期 反思,0815_苏联哲学_改革时期_反思.md,26.67,苏联哲学与共产国际
苏联哲学 过渡时期 哲学斗争,0769_苏联哲学_过渡时期_哲学斗争.md,拨乱反正 苏联哲学,0795_拨乱反正_苏联哲学.md,25.36,苏联哲学与共产国际
哲学领域 无产阶级专政 苏联,0770_哲学领域_无产阶级专政_苏联.md,国家 革命 无产阶级专政,1090_国家_革命_无产阶级专政.md,38.33,阶级斗争与社会革命理论
哲学领域 无产阶级专政 苏联,0770_哲学领域_无产阶级专政_苏联.md,国家与革命 无产阶级专政,1654_国家与革命_无产阶级专政.md,37.81,阶级斗争与社会革命理论
哲学领域 无产阶级专政 苏联,0770_哲学领域_无产阶级专政_苏联.md,列宁 国家 革命 无产阶级专政,0839_列宁_国家_革命_无产阶级专政.md,37.35,阶级斗争与社会革命理论
哲学领域 无产阶级专政 苏联,0770_哲学领域_无产阶级专政_苏联.md,列宁 无产阶级专政 学说 发展,0871_列宁_无产阶级专政_学说_发展.md,37.35,阶级斗争与社会革命理论
哲学领域 无产阶级专政 苏联,0770_哲学领域_无产阶级专政_苏联.md,无产阶级专政 历史经验 认识,0985_无产阶级专政_历史经验_认识.md,37.35,阶级斗争与社会革命理论
资产阶级哲学 苏联 哲学斗争,0771_资产阶级哲学_苏联_哲学斗争.md,苏联哲学 反击 资产阶级哲学,0774_苏联哲学_反击_资产阶级哲学.md,43.46,中国近代启蒙与民主革命
资产阶级哲学 苏联 哲学斗争,0771_资产阶级哲学_苏联_哲学斗争.md,苏联哲学 过渡时期 哲学斗争,0769_苏联哲学_过渡时期_哲学斗争.md,28.33,中国近代启蒙与民主革命
资产阶级哲学 苏联 哲学斗争,0771_资产阶级哲学_苏联_哲学斗争.md,公开资产阶级哲学 批判 苏联,0772_公开资产阶级哲学_批判_苏联.md,20.0,中国近代启蒙与民主革命
资产阶级哲学 苏联 哲学斗争,0771_资产阶级哲学_苏联_哲学斗争.md,哲学领域 无产阶级专政 苏联,0770_哲学领域_无产阶级专政_苏联.md,15.88,中国近代启蒙与民主革命
资产阶级哲学 苏联 哲学斗争,0771_资产阶级哲学_苏联_哲学斗争.md,苏联 哲学讨论会 哲学史对象,0903_苏联_哲学讨论会_哲学史对象.md,14.41,中国近代启蒙与民主革命
公开资产阶级哲学 批判 苏联,0772_公开资产阶级哲学_批判_苏联.md,资产阶级哲学 苏联 哲学斗争,0771_资产阶级哲学_苏联_哲学斗争.md,20.0,中国近代启蒙与民主革命
公开资产阶级哲学 批判 苏联,0772_公开资产阶级哲学_批判_苏联.md,哲学领域 无产阶级专政 苏联,0770_哲学领域_无产阶级专政_苏联.md,15.56,中国近代启蒙与民主革命
公开资产阶级哲学 批判 苏联,0772_公开资产阶级哲学_批判_苏联.md,哲学 党性 苏联,0782_哲学_党性_苏联.md,13.57,中国近代启蒙与民主革命
公开资产阶级哲学 批判 苏联,0772_公开资产阶级哲学_批判_苏联.md,马克思主义哲学 传播 苏联,0785_马克思主义哲学_传播_苏联.md,12.63,中国近代启蒙与民主革命
公开资产阶级哲学 批判 苏联,0772_公开资产阶级哲学_批判_苏联.md,苏联 哲学讨论会 哲学史对象,0903_苏联_哲学讨论会_哲学史对象.md,12.63,中国近代启蒙与民主革命
直觉主义 新康德主义 存在主义 苏联,0773_直觉主义_新康德主义_存在主义_苏联.md,新康德主义 客观主义 批判,1589_新康德主义_客观主义_批判.md,30.88,西方马克思主义与国外马克思主义哲学
直觉主义 新康德主义 存在主义 苏联,0773_直觉主义_新康德主义_存在主义_苏联.md,洛斯基 直觉主义 唯心主义,1011_洛斯基_直觉主义_唯心主义.md,24.17,西方马克思主义与国外马克思主义哲学
直觉主义 新康德主义 存在主义 苏联,0773_直觉主义_新康德主义_存在主义_苏联.md,存在主义 马克思主义 哲学传统,1103_存在主义_马克思主义_哲学传统.md,23.75,西方马克思主义与国外马克思主义哲学
直觉主义 新康德主义 存在主义 苏联,0773_直觉主义_新康德主义_存在主义_苏联.md,哲学虚无主义 苏联 20年代,0778_哲学虚无主义_苏联_20年代.md,13.75,西方马克思主义与国外马克思主义哲学
直觉主义 新康德主义 存在主义 苏联,0773_直觉主义_新康德主义_存在主义_苏联.md,马克思主义哲学 传播 苏联,0785_马克思主义哲学_传播_苏联.md,12.5,西方马克思主义与国外马克思主义哲学
苏联哲学 反击 资产阶级哲学,0774_苏联哲学_反击_资产阶级哲学.md,资产阶级哲学 苏联 哲学斗争,0771_资产阶级哲学_苏联_哲学斗争.md,43.46,中国近代启蒙与民主革命
苏联哲学 反击 资产阶级哲学,0774_苏联哲学_反击_资产阶级哲学.md,拨乱反正 苏联哲学,0795_拨乱反正_苏联哲学.md,25.36,中国近代启蒙与民主革命
苏联哲学 反击 资产阶级哲学,0774_苏联哲学_反击_资产阶级哲学.md,新的困境 苏联哲学,0796_新的困境_苏联哲学.md,25.36,中国近代启蒙与民主革命
苏联哲学 反击 资产阶级哲学,0774_苏联哲学_反击_资产阶级哲学.md,苏联哲学 改革浪潮,0800_苏联哲学_改革浪潮.md,25.36,中国近代启蒙与民主革命
苏联哲学 反击 资产阶级哲学,0774_苏联哲学_反击_资产阶级哲学.md,苏联哲学 历史反思,0801_苏联哲学_历史反思.md,25.36,中国近代启蒙与民主革命
列宁 思想上的反抗,0775_列宁_思想上的反抗.md,马克思 列宁,1843_马克思_列宁.md,12.5,苏联哲学与共产国际
列宁 思想上的反抗,0775_列宁_思想上的反抗.md,列宁 唯物主义,1753_列宁_唯物主义.md,12.27,苏联哲学与共产国际
列宁 思想上的反抗,0775_列宁_思想上的反抗.md,无产阶级 列宁,1839_无产阶级_列宁.md,12.27,苏联哲学与共产国际
列宁 思想上的反抗,0775_列宁_思想上的反抗.md,社会主义 列宁,1840_社会主义_列宁.md,12.27,苏联哲学与共产国际
列宁 思想上的反抗,0775_列宁_思想上的反抗.md,资本主义 列宁,1841_资本主义_列宁.md,12.27,苏联哲学与共产国际
德波林派 机械论派 论战,0776_德波林派_机械论派_论战.md,德波林派 批判 教训,0780_德波林派_批判_教训.md,25.77,德波林派与机械论派论争
德波林派 机械论派 论战,0776_德波林派_机械论派_论战.md,德波林派 黑格尔 辩证法,0779_德波林派_黑格尔_辩证法.md,25.0,德波林派与机械论派论争
德波林派 机械论派 论战,0776_德波林派_机械论派_论战.md,自然科学 哲学 机械论派,1013_自然科学_哲学_机械论派.md,25.0,德波林派与机械论派论争
德波林派 机械论派 论战,0776_德波林派_机械论派_论战.md,德波林派 批判 对中国影响,0818_德波林派_批判_对中国影响.md,24.69,德波林派与机械论派论争
德波林派 机械论派 论战,0776_德波林派_机械论派_论战.md,机械论派 辩证论者 苏联哲学,0777_机械论派_辩证论者_苏联哲学.md,24.41,德波林派与机械论派论争
机械论派 辩证论者 苏联哲学,0777_机械论派_辩证论者_苏联哲学.md,苏联哲学 机械论者 辩证论者,0830_苏联哲学_机械论者_辩证论者.md,55.38,德波林派与机械论派论争
机械论派 辩证论者 苏联哲学,0777_机械论派_辩证论者_苏联哲学.md,苏联哲学 机械论者 辩证论者 论争,0893_苏联哲学_机械论者_辩证论者_论争.md,53.33,德波林派与机械论派论争
机械论派 辩证论者 苏联哲学,0777_机械论派_辩证论者_苏联哲学.md,苏联哲学 机械论 辩证论 论争 启示,0817_苏联哲学_机械论_辩证论_论争_启示.md,30.29,德波林派与机械论派论争
机械论派 辩证论者 苏联哲学,0777_机械论派_辩证论者_苏联哲学.md,机械论者 辩证论者 自然科学,1275_机械论者_辩证论者_自然科学.md,27.81,德波林派与机械论派论争
机械论派 辩证论者 苏联哲学,0777_机械论派_辩证论者_苏联哲学.md,自然科学 哲学 机械论派,1013_自然科学_哲学_机械论派.md,26.25,德波林派与机械论派论争
哲学虚无主义 苏联 20年代,0778_哲学虚无主义_苏联_20年代.md,苏联哲学 20年代 30年代 论战,0829_苏联哲学_20年代_30年代_论战.md,27.35,苏联哲学与共产国际
哲学虚无主义 苏联 20年代,0778_哲学虚无主义_苏联_20年代.md,20年代 国家主义,1833_20年代_国家主义.md,27.14,苏联哲学与共产国际
哲学虚无主义 苏联 20年代,0778_哲学虚无主义_苏联_20年代.md,马克思主义哲学 传播 苏联,0785_马克思主义哲学_传播_苏联.md,14.17,苏联哲学与共产国际
哲学虚无主义 苏联 20年代,0778_哲学虚无主义_苏联_20年代.md,直觉主义 新康德主义 存在主义 苏联,0773_直觉主义_新康德主义_存在主义_苏联.md,13.75,苏联哲学与共产国际
哲学虚无主义 苏联 20年代,0778_哲学虚无主义_苏联_20年代.md,苏联 第三渠道 马克思主义哲学,0826_苏联_第三渠道_马克思主义哲学.md,13.75,苏联哲学与共产国际
德波林派 黑格尔 辩证法,0779_德波林派_黑格尔_辩证法.md,马克思 辩证法 黑格尔 辩证法,0014_马克思_辩证法_黑格尔_辩证法.md,39.62,德波林派与机械论派论争
德波林派 黑格尔 辩证法,0779_德波林派_黑格尔_辩证法.md,黑格尔 辩证法 合理内核,0023_黑格尔_辩证法_合理内核.md,39.62,德波林派与机械论派论争
德波林派 黑格尔 辩证法,0779_德波林派_黑格尔_辩证法.md,德波林派 批判 教训,0780_德波林派_批判_教训.md,25.77,德波林派与机械论派论争
德波林派 黑格尔 辩证法,0779_德波林派_黑格尔_辩证法.md,德波林派 机械论派 论战,0776_德波林派_机械论派_论战.md,25.0,德波林派与机械论派论争
德波林派 黑格尔 辩证法,0779_德波林派_黑格尔_辩证法.md,德波林派 批判 对中国影响,0818_德波林派_批判_对中国影响.md,24.69,德波林派与机械论派论争
德波林派 批判 教训,0780_德波林派_批判_教训.md,德波林派 批判 对中国影响,0818_德波林派_批判_对中国影响.md,30.42,德波林派与机械论派论争
德波林派 批判 教训,0780_德波林派_批判_教训.md,德波林派 机械论派 论战,0776_德波林派_机械论派_论战.md,25.77,德波林派与机械论派论争
德波林派 批判 教训,0780_德波林派_批判_教训.md,德波林派 黑格尔 辩证法,0779_德波林派_黑格尔_辩证法.md,25.77,德波林派与机械论派论争
德波林派 批判 教训,0780_德波林派_批判_教训.md,太平天国 农民战争 意义 教训,1123_太平天国_农民战争_意义_教训.md,11.47,德波林派与机械论派论争
德波林派 批判 教训,0780_德波林派_批判_教训.md,批判德波林 苏联哲学,0781_批判德波林_苏联哲学.md,6.25,德波林派与机械论派论争
批判德波林 苏联哲学,0781_批判德波林_苏联哲学.md,拨乱反正 苏联哲学,0795_拨乱反正_苏联哲学.md,26.25,30年代苏联哲学批判运动
批判德波林 苏联哲学,0781_批判德波林_苏联哲学.md,新的困境 苏联哲学,0796_新的困境_苏联哲学.md,26.25,30年代苏联哲学批判运动
批判德波林 苏联哲学,0781_批判德波林_苏联哲学.md,苏联哲学 改革浪潮,0800_苏联哲学_改革浪潮.md,26.25,30年代苏联哲学批判运动
批判德波林 苏联哲学,0781_批判德波林_苏联哲学.md,苏联哲学 历史反思,0801_苏联哲学_历史反思.md,26.25,30年代苏联哲学批判运动
批判德波林 苏联哲学,0781_批判德波林_苏联哲学.md,苏联哲学 存在问题,0802_苏联哲学_存在问题.md,26.25,30年代苏联哲学批判运动
哲学 党性 苏联,0782_哲学_党性_苏联.md,哲学 党性 科学,1574_哲学_党性_科学.md,20.71,苏联哲学与共产国际
哲学 党性 苏联,0782_哲学_党性_苏联.md,哲学 党性 阶级性 毛泽东,0540_哲学_党性_阶级性_毛泽东.md,16.82,苏联哲学与共产国际
哲学 党性 苏联,0782_哲学_党性_苏联.md,哲学 阶级性 党性 抗战,1581_哲学_阶级性_党性_抗战.md,14.55,苏联哲学与共产国际
哲学 党性 苏联,0782_哲学_党性_苏联.md,资产阶级哲学 苏联 哲学斗争,0771_资产阶级哲学_苏联_哲学斗争.md,13.85,苏联哲学与共产国际
哲学 党性 苏联,0782_哲学_党性_苏联.md,马克思主义哲学 传播 苏联,0785_马克思主义哲学_传播_苏联.md,13.85,苏联哲学与共产国际
苏联哲学 过渡时期 成就,0783_苏联哲学_过渡时期_成就.md,苏联哲学 过渡时期 哲学斗争,0769_苏联哲学_过渡时期_哲学斗争.md,54.58,苏联哲学与共产国际
苏联哲学 过渡时期 成就,0783_苏联哲学_过渡时期_成就.md,后斯大林时期 苏联哲学,0794_后斯大林时期_苏联哲学.md,27.14,苏联哲学与共产国际
苏联哲学 过渡时期 成就,0783_苏联哲学_过渡时期_成就.md,苏联哲学 改革时期 反思,0815_苏联哲学_改革时期_反思.md,27.14,苏联哲学与共产国际
苏联哲学 过渡时期 成就,0783_苏联哲学_过渡时期_成就.md,拨乱反正 苏联哲学,0795_拨乱反正_苏联哲学.md,25.77,苏联哲学与共产国际
苏联哲学 过渡时期 成就,0783_苏联哲学_过渡时期_成就.md,新的困境 苏联哲学,0796_新的困境_苏联哲学.md,25.77,苏联哲学与共产国际
十月革命后 列宁 哲学贡献,0784_十月革命后_列宁_哲学贡献.md,鲁迅 早期 哲学贡献,1591_鲁迅_早期_哲学贡献.md,25.36,苏联哲学与共产国际
十月革命后 列宁 哲学贡献,0784_十月革命后_列宁_哲学贡献.md,列宁 新经济政策 哲学,0841_列宁_新经济政策_哲学.md,13.12,苏联哲学与共产国际
十月革命后 列宁 哲学贡献,0784_十月革命后_列宁_哲学贡献.md,革命道路 曲折性 列宁,0879_革命道路_曲折性_列宁.md,13.12,苏联哲学与共产国际
十月革命后 列宁 哲学贡献,0784_十月革命后_列宁_哲学贡献.md,列宁 左倾错误 哲学批判,0875_列宁_左倾错误_哲学批判.md,12.94,苏联哲学与共产国际
十月革命后 列宁 哲学贡献,0784_十月革命后_列宁_哲学贡献.md,列宁 晚期著作 哲学遗嘱,0890_列宁_晚期著作_哲学遗嘱.md,12.94,苏联哲学与共产国际
马克思主义哲学 传播 苏联,0785_马克思主义哲学_传播_苏联.md,苏联 第三渠道 马克思主义哲学,0826_苏联_第三渠道_马克思主义哲学.md,56.67,马克思主义哲学在中国的传播路径
马克思主义哲学 传播 苏联,0785_马克思主义哲学_传播_苏联.md,苏联 教科书形态 马克思主义哲学,0824_苏联_教科书形态_马克思主义哲学.md,55.94,马克思主义哲学在中国的传播路径
马克思主义哲学 传播 苏联,0785_马克思主义哲学_传播_苏联.md,马克思主义哲学 日本 欧洲 苏联 三个方向,0822_马克思主义哲学_日本_欧洲_苏联_三个方向.md,54.21,马克思主义哲学在中国的传播路径
马克思主义哲学 传播 苏联,0785_马克思主义哲学_传播_苏联.md,马克思主义哲学 传播范围 扩大,0046_马克思主义哲学_传播范围_扩大.md,49.29,马克思主义哲学在中国的传播路径
马克思主义哲学 传播 苏联,0785_马克思主义哲学_传播_苏联.md,旅欧青年 马克思主义哲学 传播,0051_旅欧青年_马克思主义哲学_传播.md,49.29,马克思主义哲学在中国的传播路径
斯大林时代 苏联哲学,0786_斯大林时代_苏联哲学.md,后斯大林时期 苏联哲学,0794_后斯大林时期_苏联哲学.md,33.64,苏联哲学教条化与斯大林
斯大林时代 苏联哲学,0786_斯大林时代_苏联哲学.md,苏联哲学 教条化 斯大林,0790_苏联哲学_教条化_斯大林.md,30.42,苏联哲学教条化与斯大林
斯大林时代 苏联哲学,0786_斯大林时代_苏联哲学.md,拨乱反正 苏联哲学,0795_拨乱反正_苏联哲学.md,26.25,苏联哲学教条化与斯大林
斯大林时代 苏联哲学,0786_斯大林时代_苏联哲学.md,新的困境 苏联哲学,0796_新的困境_苏联哲学.md,26.25,苏联哲学教条化与斯大林
斯大林时代 苏联哲学,0786_斯大林时代_苏联哲学.md,苏联哲学 改革浪潮,0800_苏联哲学_改革浪潮.md,26.25,苏联哲学教条化与斯大林
辩证唯物主义 历史唯物主义 斯大林,0787_辩证唯物主义_历史唯物主义_斯大林.md,斯大林 辩证唯物主义 历史唯物主义,0899_斯大林_辩证唯物主义_历史唯物主义.md,95.83,苏联哲学教条化与斯大林
辩证唯物主义 历史唯物主义 斯大林,0787_辩证唯物主义_历史唯物主义_斯大林.md,历史唯物主义 辩证唯物主义,1707_历史唯物主义_辩证唯物主义.md,74.58,苏联哲学教条化与斯大林
辩证唯物主义 历史唯物主义 斯大林,0787_辩证唯物主义_历史唯物主义_斯大林.md,辩证唯物主义 历史唯物主义 教科书,0933_辩证唯物主义_历史唯物主义_教科书.md,74.29,苏联哲学教条化与斯大林
辩证唯物主义 历史唯物主义 斯大林,0787_辩证唯物主义_历史唯物主义_斯大林.md,辩证唯物主义 历史唯物主义 教科书体系,1637_辩证唯物主义_历史唯物主义_教科书体系.md,72.5,苏联哲学教条化与斯大林
辩证唯物主义 历史唯物主义 斯大林,0787_辩证唯物主义_历史唯物主义_斯大林.md,历史唯物主义 辩证唯物主义 列宁,1800_历史唯物主义_辩证唯物主义_列宁.md,72.5,苏联哲学教条化与斯大林
斯大林 哲学著作 贡献 不足,0788_斯大林_哲学著作_贡献_不足.md,斯大林 哲学 火药味,0789_斯大林_哲学_火药味.md,22.69,苏联哲学教条化与斯大林
斯大林 哲学著作 贡献 不足,0788_斯大林_哲学著作_贡献_不足.md,苏联哲学 教条化 斯大林,0790_苏联哲学_教条化_斯大林.md,19.69,苏联哲学教条化与斯大林
斯大林 哲学著作 贡献 不足,0788_斯大林_哲学著作_贡献_不足.md,生产力 生产关系 斯大林,0906_生产力_生产关系_斯大林.md,18.12,苏联哲学教条化与斯大林
斯大林 哲学著作 贡献 不足,0788_斯大林_哲学著作_贡献_不足.md,辩证唯物主义 历史唯物主义 斯大林,0787_辩证唯物主义_历史唯物主义_斯大林.md,17.63,苏联哲学教条化与斯大林
斯大林 哲学著作 贡献 不足,0788_斯大林_哲学著作_贡献_不足.md,斯大林 辩证唯物主义 历史唯物主义,0899_斯大林_辩证唯物主义_历史唯物主义.md,17.63,苏联哲学教条化与斯大林
斯大林 哲学 火药味,0789_斯大林_哲学_火药味.md,斯大林 哲学著作 贡献 不足,0788_斯大林_哲学著作_贡献_不足.md,22.69,苏联哲学教条化与斯大林
斯大林 哲学 火药味,0789_斯大林_哲学_火药味.md,苏联哲学 教条化 斯大林,0790_苏联哲学_教条化_斯大林.md,20.77,苏联哲学教条化与斯大林
斯大林 哲学 火药味,0789_斯大林_哲学_火药味.md,生产力 生产关系 斯大林,0906_生产力_生产关系_斯大林.md,18.85,苏联哲学教条化与斯大林
斯大林 哲学 火药味,0789_斯大林_哲学_火药味.md,辩证唯物主义 历史唯物主义 斯大林,0787_辩证唯物主义_历史唯物主义_斯大林.md,18.12,苏联哲学教条化与斯大林
斯大林 哲学 火药味,0789_斯大林_哲学_火药味.md,斯大林 辩证唯物主义 历史唯物主义,0899_斯大林_辩证唯物主义_历史唯物主义.md,18.12,苏联哲学教条化与斯大林
苏联哲学 教条化 斯大林,0790_苏联哲学_教条化_斯大林.md,斯大林时代 苏联哲学,0786_斯大林时代_苏联哲学.md,30.42,苏联哲学教条化与斯大林
苏联哲学 教条化 斯大林,0790_苏联哲学_教条化_斯大林.md,后斯大林时期 苏联哲学,0794_后斯大林时期_苏联哲学.md,29.62,苏联哲学教条化与斯大林
苏联哲学 教条化 斯大林,0790_苏联哲学_教条化_斯大林.md,苏联哲学 教条主义 经验教训,0807_苏联哲学_教条主义_经验教训.md,28.33,苏联哲学教条化与斯大林
苏联哲学 教条化 斯大林,0790_苏联哲学_教条化_斯大林.md,苏联哲学 教科书模式 影响中国,0811_苏联哲学_教科书模式_影响中国.md,25.88,苏联哲学教条化与斯大林
苏联哲学 教条化 斯大林,0790_苏联哲学_教条化_斯大林.md,拨乱反正 苏联哲学,0795_拨乱反正_苏联哲学.md,25.77,苏联哲学教条化与斯大林
1947年 哲学讨论会 苏联,0791_1947年_哲学讨论会_苏联.md,苏联 哲学讨论会 哲学史对象,0903_苏联_哲学讨论会_哲学史对象.md,42.81,苏联哲学与共产国际
1947年 哲学讨论会 苏联,0791_1947年_哲学讨论会_苏联.md,哲学 党性 苏联,0782_哲学_党性_苏联.md,13.57,苏联哲学与共产国际
1947年 哲学讨论会 苏联,0791_1947年_哲学讨论会_苏联.md,资产阶级哲学 苏联 哲学斗争,0771_资产阶级哲学_苏联_哲学斗争.md,12.63,苏联哲学与共产国际
1947年 哲学讨论会 苏联,0791_1947年_哲学讨论会_苏联.md,马克思主义哲学 传播 苏联,0785_马克思主义哲学_传播_苏联.md,12.63,苏联哲学与共产国际
1947年 哲学讨论会 苏联,0791_1947年_哲学讨论会_苏联.md,哲学领域 无产阶级专政 苏联,0770_哲学领域_无产阶级专政_苏联.md,12.5,苏联哲学与共产国际
马克思主义和语言学问题 斯大林,0792_马克思主义和语言学问题_斯大林.md,斯大林 语言学问题 经济基础 上层建筑,0904_斯大林_语言学问题_经济基础_上层建筑.md,21.82,苏联哲学教条化与斯大林
马克思主义和语言学问题 斯大林,0792_马克思主义和语言学问题_斯大林.md,苏联社会主义经济问题 斯大林,0793_苏联社会主义经济问题_斯大林.md,21.25,苏联哲学教条化与斯大林
马克思主义和语言学问题 斯大林,0792_马克思主义和语言学问题_斯大林.md,辩证唯物主义 历史唯物主义 斯大林,0787_辩证唯物主义_历史唯物主义_斯大林.md,18.57,苏联哲学教条化与斯大林
马克思主义和语言学问题 斯大林,0792_马克思主义和语言学问题_斯大林.md,斯大林 辩证唯物主义 历史唯物主义,0899_斯大林_辩证唯物主义_历史唯物主义.md,18.57,苏联哲学教条化与斯大林
马克思主义和语言学问题 斯大林,0792_马克思主义和语言学问题_斯大林.md,斯大林 哲学 火药味,0789_斯大林_哲学_火药味.md,17.78,苏联哲学教条化与斯大林
苏联社会主义经济问题 斯大林,0793_苏联社会主义经济问题_斯大林.md,马克思主义和语言学问题 斯大林,0792_马克思主义和语言学问题_斯大林.md,21.25,苏联哲学教条化与斯大林
苏联社会主义经济问题 斯大林,0793_苏联社会主义经济问题_斯大林.md,斯大林 语言学问题 经济基础 上层建筑,0904_斯大林_语言学问题_经济基础_上层建筑.md,19.35,苏联哲学教条化与斯大林
苏联社会主义经济问题 斯大林,0793_苏联社会主义经济问题_斯大林.md,苏联哲学 教条化 斯大林,0790_苏联哲学_教条化_斯大林.md,19.17,苏联哲学教条化与斯大林
苏联社会主义经济问题 斯大林,0793_苏联社会主义经济问题_斯大林.md,辩证唯物主义 历史唯物主义 斯大林,0787_辩证唯物主义_历史唯物主义_斯大林.md,18.75,苏联哲学教条化与斯大林
苏联社会主义经济问题 斯大林,0793_苏联社会主义经济问题_斯大林.md,斯大林 辩证唯物主义 历史唯物主义,0899_斯大林_辩证唯物主义_历史唯物主义.md,18.75,苏联哲学教条化与斯大林
后斯大林时期 苏联哲学,0794_后斯大林时期_苏联哲学.md,斯大林时代 苏联哲学,0786_斯大林时代_苏联哲学.md,33.64,后斯大林时期苏联哲学反思
后斯大林时期 苏联哲学,0794_后斯大林时期_苏联哲学.md,苏联哲学 教条化 斯大林,0790_苏联哲学_教条化_斯大林.md,29.62,后斯大林时期苏联哲学反思
后斯大林时期 苏联哲学,0794_后斯大林时期_苏联哲学.md,苏联哲学 过渡时期 成就,0783_苏联哲学_过渡时期_成就.md,27.14,后斯大林时期苏联哲学反思
后斯大林时期 苏联哲学,0794_后斯大林时期_苏联哲学.md,苏联哲学 改革时期 反思,0815_苏联哲学_改革时期_反思.md,27.14,后斯大林时期苏联哲学反思
后斯大林时期 苏联哲学,0794_后斯大林时期_苏联哲学.md,苏联哲学 过渡时期 哲学斗争,0769_苏联哲学_过渡时期_哲学斗争.md,26.67,后斯大林时期苏联哲学反思
拨乱反正 苏联哲学,0795_拨乱反正_苏联哲学.md,新的困境 苏联哲学,0796_新的困境_苏联哲学.md,26.82,后斯大林时期苏联哲学反思
拨乱反正 苏联哲学,0795_拨乱反正_苏联哲学.md,苏联哲学 改革浪潮,0800_苏联哲学_改革浪潮.md,26.82,后斯大林时期苏联哲学反思
拨乱反正 苏联哲学,0795_拨乱反正_苏联哲学.md,苏联哲学 历史反思,0801_苏联哲学_历史反思.md,26.82,后斯大林时期苏联哲学反思
拨乱反正 苏联哲学,0795_拨乱反正_苏联哲学.md,苏联哲学 存在问题,0802_苏联哲学_存在问题.md,26.82,后斯大林时期苏联哲学反思
拨乱反正 苏联哲学,0795_拨乱反正_苏联哲学.md,苏联哲学 问题根源,0803_苏联哲学_问题根源.md,26.82,后斯大林时期苏联哲学反思
新的困境 苏联哲学,0796_新的困境_苏联哲学.md,拨乱反正 苏联哲学,0795_拨乱反正_苏联哲学.md,26.82,苏联哲学与共产国际
新的困境 苏联哲学,0796_新的困境_苏联哲学.md,苏联哲学 改革浪潮,0800_苏联哲学_改革浪潮.md,26.82,苏联哲学与共产国际
新的困境 苏联哲学,0796_新的困境_苏联哲学.md,苏联哲学 历史反思,0801_苏联哲学_历史反思.md,26.82,苏联哲学与共产国际
新的困境 苏联哲学,0796_新的困境_苏联哲学.md,苏联哲学 存在问题,0802_苏联哲学_存在问题.md,26.82,苏联哲学与共产国际
新的困境 苏联哲学,0796_新的困境_苏联哲学.md,苏联哲学 问题根源,0803_苏联哲学_问题根源.md,26.82,苏联哲学与共产国际
苏联哲学 分歧 实质 讨论,0797_苏联哲学_分歧_实质_讨论.md,拨乱反正 苏联哲学,0795_拨乱反正_苏联哲学.md,25.77,苏联哲学与共产国际
苏联哲学 分歧 实质 讨论,0797_苏联哲学_分歧_实质_讨论.md,新的困境 苏联哲学,0796_新的困境_苏联哲学.md,25.77,苏联哲学与共产国际
苏联哲学 分歧 实质 讨论,0797_苏联哲学_分歧_实质_讨论.md,苏联哲学 改革浪潮,0800_苏联哲学_改革浪潮.md,25.77,苏联哲学与共产国际
苏联哲学 分歧 实质 讨论,0797_苏联哲学_分歧_实质_讨论.md,苏联哲学 历史反思,0801_苏联哲学_历史反思.md,25.77,苏联哲学与共产国际
苏联哲学 分歧 实质 讨论,0797_苏联哲学_分歧_实质_讨论.md,苏联哲学 存在问题,0802_苏联哲学_存在问题.md,25.77,苏联哲学与共产国际
苏联哲学 人文化倾向,0798_苏联哲学_人文化倾向.md,苏联哲学 人文化倾向 中国参考,0820_苏联哲学_人文化倾向_中国参考.md,61.67,后斯大林时期苏联哲学反思
苏联哲学 人文化倾向,0798_苏联哲学_人文化倾向.md,哲学理论 发展 人文化倾向,1014_哲学理论_发展_人文化倾向.md,34.62,后斯大林时期苏联哲学反思
苏联哲学 人文化倾向,0798_苏联哲学_人文化倾向.md,苏联哲学 人的问题 崛起,0814_苏联哲学_人的问题_崛起.md,27.69,后斯大林时期苏联哲学反思
苏联哲学 人文化倾向,0798_苏联哲学_人文化倾向.md,拨乱反正 苏联哲学,0795_拨乱反正_苏联哲学.md,26.25,后斯大林时期苏联哲学反思
苏联哲学 人文化倾向,0798_苏联哲学_人文化倾向.md,新的困境 苏联哲学,0796_新的困境_苏联哲学.md,26.25,后斯大林时期苏联哲学反思
人的问题 苏联哲学 崛起,0799_人的问题_苏联哲学_崛起.md,苏联哲学 人的问题 崛起,0814_苏联哲学_人的问题_崛起.md,65.91,后斯大林时期苏联哲学反思
人的问题 苏联哲学 崛起,0799_人的问题_苏联哲学_崛起.md,苏联哲学 存在问题,0802_苏联哲学_存在问题.md,28.33,后斯大林时期苏联哲学反思
人的问题 苏联哲学 崛起,0799_人的问题_苏联哲学_崛起.md,苏联哲学 问题根源,0803_苏联哲学_问题根源.md,28.33,后斯大林时期苏联哲学反思
人的问题 苏联哲学 崛起,0799_人的问题_苏联哲学_崛起.md,苏联哲学 学术自主性 问题,0813_苏联哲学_学术自主性_问题.md,26.67,后斯大林时期苏联哲学反思
人的问题 苏联哲学 崛起,0799_人的问题_苏联哲学_崛起.md,拨乱反正 苏联哲学,0795_拨乱反正_苏联哲学.md,25.77,后斯大林时期苏联哲学反思
苏联哲学 改革浪潮,0800_苏联哲学_改革浪潮.md,苏联哲学 改革时期 反思,0815_苏联哲学_改革时期_反思.md,31.36,后斯大林时期苏联哲学反思
苏联哲学 改革浪潮,0800_苏联哲学_改革浪潮.md,苏联哲学 50年代 60年代 改革,0831_苏联哲学_50年代_60年代_改革.md,27.14,后斯大林时期苏联哲学反思
苏联哲学 改革浪潮,0800_苏联哲学_改革浪潮.md,拨乱反正 苏联哲学,0795_拨乱反正_苏联哲学.md,26.82,后斯大林时期苏联哲学反思
苏联哲学 改革浪潮,0800_苏联哲学_改革浪潮.md,新的困境 苏联哲学,0796_新的困境_苏联哲学.md,26.82,后斯大林时期苏联哲学反思
苏联哲学 改革浪潮,0800_苏联哲学_改革浪潮.md,苏联哲学 历史反思,0801_苏联哲学_历史反思.md,26.82,后斯大林时期苏联哲学反思
苏联哲学 历史反思,0801_苏联哲学_历史反思.md,苏联哲学 改革时期 反思,0815_苏联哲学_改革时期_反思.md,28.33,后斯大林时期苏联哲学反思
苏联哲学 历史反思,0801_苏联哲学_历史反思.md,拨乱反正 苏联哲学,0795_拨乱反正_苏联哲学.md,26.82,后斯大林时期苏联哲学反思
苏联哲学 历史反思,0801_苏联哲学_历史反思.md,新的困境 苏联哲学,0796_新的困境_苏联哲学.md,26.82,后斯大林时期苏联哲学反思
苏联哲学 历史反思,0801_苏联哲学_历史反思.md,苏联哲学 改革浪潮,0800_苏联哲学_改革浪潮.md,26.82,后斯大林时期苏联哲学反思
苏联哲学 历史反思,0801_苏联哲学_历史反思.md,苏联哲学 存在问题,0802_苏联哲学_存在问题.md,26.82,后斯大林时期苏联哲学反思
苏联哲学 存在问题,0802_苏联哲学_存在问题.md,苏联哲学 问题根源,0803_苏联哲学_问题根源.md,30.0,苏联哲学与共产国际
苏联哲学 存在问题,0802_苏联哲学_存在问题.md,人的问题 苏联哲学 崛起,0799_人的问题_苏联哲学_崛起.md,28.33,苏联哲学与共产国际
苏联哲学 存在问题,0802_苏联哲学_存在问题.md,苏联哲学 人的问题 崛起,0814_苏联哲学_人的问题_崛起.md,28.33,苏联哲学与共产国际
苏联哲学 存在问题,0802_苏联哲学_存在问题.md,苏联哲学 学术自主性 问题,0813_苏联哲学_学术自主性_问题.md,27.69,苏联哲学与共产国际
苏联哲学 存在问题,0802_苏联哲学_存在问题.md,拨乱反正 苏联哲学,0795_拨乱反正_苏联哲学.md,26.82,苏联哲学与共产国际
苏联哲学 问题根源,0803_苏联哲学_问题根源.md,苏联哲学 存在问题,0802_苏联哲学_存在问题.md,30.0,苏联哲学与共产国际
苏联哲学 问题根源,0803_苏联哲学_问题根源.md,人的问题 苏联哲学 崛起,0799_人的问题_苏联哲学_崛起.md,28.33,苏联哲学与共产国际
苏联哲学 问题根源,0803_苏联哲学_问题根源.md,苏联哲学 人的问题 崛起,0814_苏联哲学_人的问题_崛起.md,28.33,苏联哲学与共产国际
苏联哲学 问题根源,0803_苏联哲学_问题根源.md,苏联哲学 学术自主性 问题,0813_苏联哲学_学术自主性_问题.md,27.69,苏联哲学与共产国际
苏联哲学 问题根源,0803_苏联哲学_问题根源.md,拨乱反正 苏联哲学,0795_拨乱反正_苏联哲学.md,26.82,苏联哲学与共产国际
苏联哲学 振兴途径,0804_苏联哲学_振兴途径.md,拨乱反正 苏联哲学,0795_拨乱反正_苏联哲学.md,26.82,苏联哲学与共产国际
苏联哲学 振兴途径,0804_苏联哲学_振兴途径.md,新的困境 苏联哲学,0796_新的困境_苏联哲学.md,26.82,苏联哲学与共产国际
苏联哲学 振兴途径,0804_苏联哲学_振兴途径.md,苏联哲学 改革浪潮,0800_苏联哲学_改革浪潮.md,26.82,苏联哲学与共产国际
苏联哲学 振兴途径,0804_苏联哲学_振兴途径.md,苏联哲学 历史反思,0801_苏联哲学_历史反思.md,26.82,苏联哲学与共产国际
苏联哲学 振兴途径,0804_苏联哲学_振兴途径.md,苏联哲学 存在问题,0802_苏联哲学_存在问题.md,26.82,苏联哲学与共产国际
哲学与政治 苏联哲学,0805_哲学与政治_苏联哲学.md,苏联哲学 哲学与政治 关系,0810_苏联哲学_哲学与政治_关系.md,60.0,苏联哲学与共产国际
哲学与政治 苏联哲学,0805_哲学与政治_苏联哲学.md,苏联哲学 政治化 经验教训,0808_苏联哲学_政治化_经验教训.md,27.69,苏联哲学与共产国际
哲学与政治 苏联哲学,0805_哲学与政治_苏联哲学.md,拨乱反正 苏联哲学,0795_拨乱反正_苏联哲学.md,26.82,苏联哲学与共产国际
哲学与政治 苏联哲学,0805_哲学与政治_苏联哲学.md,新的困境 苏联哲学,0796_新的困境_苏联哲学.md,26.82,苏联哲学与共产国际
哲学与政治 苏联哲学,0805_哲学与政治_苏联哲学.md,苏联哲学 改革浪潮,0800_苏联哲学_改革浪潮.md,26.82,苏联哲学与共产国际
苏联哲学 70年 经验教训,0806_苏联哲学_70年_经验教训.md,苏联哲学 政治化 经验教训,0808_苏联哲学_政治化_经验教训.md,50.71,苏联哲学与共产国际
苏联哲学 70年 经验教训,0806_苏联哲学_70年_经验教训.md,苏联哲学 教条主义 经验教训,0807_苏联哲学_教条主义_经验教训.md,50.0,苏联哲学与共产国际
苏联哲学 70年 经验教训,0806_苏联哲学_70年_经验教训.md,苏联哲学 70年代 80年代 新思维,0832_苏联哲学_70年代_80年代_新思维.md,29.38,苏联哲学与共产国际
苏联哲学 70年 经验教训,0806_苏联哲学_70年_经验教训.md,苏联哲学 20年代 30年代 论战,0829_苏联哲学_20年代_30年代_论战.md,25.88,苏联哲学与共产国际
苏联哲学 70年 经验教训,0806_苏联哲学_70年_经验教训.md,苏联哲学 50年代 60年代 改革,0831_苏联哲学_50年代_60年代_改革.md,25.88,苏联哲学与共产国际
苏联哲学 教条主义 经验教训,0807_苏联哲学_教条主义_经验教训.md,苏联哲学 70年 经验教训,0806_苏联哲学_70年_经验教训.md,50.0,苏联哲学教条化与斯大林
苏联哲学 教条主义 经验教训,0807_苏联哲学_教条主义_经验教训.md,苏联哲学 政治化 经验教训,0808_苏联哲学_政治化_经验教训.md,50.0,苏联哲学教条化与斯大林
苏联哲学 教条主义 经验教训,0807_苏联哲学_教条主义_经验教训.md,苏联哲学 教条化 斯大林,0790_苏联哲学_教条化_斯大林.md,28.33,苏联哲学教条化与斯大林
苏联哲学 教条主义 经验教训,0807_苏联哲学_教条主义_经验教训.md,主观主义 教条主义 经验主义,1338_主观主义_教条主义_经验主义.md,28.33,苏联哲学教条化与斯大林
苏联哲学 教条主义 经验教训,0807_苏联哲学_教条主义_经验教训.md,马克思主义哲学 传播特点 经验教训,0056_马克思主义哲学_传播特点_经验教训.md,26.25,苏联哲学教条化与斯大林
苏联哲学 政治化 经验教训,0808_苏联哲学_政治化_经验教训.md,苏联哲学 70年 经验教训,0806_苏联哲学_70年_经验教训.md,50.71,苏联哲学与共产国际
苏联哲学 政治化 经验教训,0808_苏联哲学_政治化_经验教训.md,苏联哲学 教条主义 经验教训,0807_苏联哲学_教条主义_经验教训.md,50.0,苏联哲学与共产国际
苏联哲学 政治化 经验教训,0808_苏联哲学_政治化_经验教训.md,哲学与政治 苏联哲学,0805_哲学与政治_苏联哲学.md,27.69,苏联哲学与共产国际
苏联哲学 政治化 经验教训,0808_苏联哲学_政治化_经验教训.md,苏联哲学 哲学与政治 关系,0810_苏联哲学_哲学与政治_关系.md,26.67,苏联哲学与共产国际
苏联哲学 政治化 经验教训,0808_苏联哲学_政治化_经验教训.md,苏联经济建设 经验教训 认识,0908_苏联经济建设_经验教训_认识.md,25.88,苏联哲学与共产国际
苏联哲学 党性原则 学术研究,0809_苏联哲学_党性原则_学术研究.md,哲学 党性原则 批判继承,1280_哲学_党性原则_批判继承.md,28.33,苏联哲学与共产国际
苏联哲学 党性原则 学术研究,0809_苏联哲学_党性原则_学术研究.md,苏联哲学 学术自主性 问题,0813_苏联哲学_学术自主性_问题.md,25.88,苏联哲学与共产国际
苏联哲学 党性原则 学术研究,0809_苏联哲学_党性原则_学术研究.md,拨乱反正 苏联哲学,0795_拨乱反正_苏联哲学.md,25.0,苏联哲学与共产国际
苏联哲学 党性原则 学术研究,0809_苏联哲学_党性原则_学术研究.md,新的困境 苏联哲学,0796_新的困境_苏联哲学.md,25.0,苏联哲学与共产国际
苏联哲学 党性原则 学术研究,0809_苏联哲学_党性原则_学术研究.md,苏联哲学 改革浪潮,0800_苏联哲学_改革浪潮.md,25.0,苏联哲学与共产国际
苏联哲学 哲学与政治 关系,0810_苏联哲学_哲学与政治_关系.md,哲学与政治 苏联哲学,0805_哲学与政治_苏联哲学.md,60.0,苏联哲学与共产国际
苏联哲学 哲学与政治 关系,0810_苏联哲学_哲学与政治_关系.md,苏联哲学 政治化 经验教训,0808_苏联哲学_政治化_经验教训.md,26.67,苏联哲学与共产国际
苏联哲学 哲学与政治 关系,0810_苏联哲学_哲学与政治_关系.md,拨乱反正 苏联哲学,0795_拨乱反正_苏联哲学.md,25.77,苏联哲学与共产国际
苏联哲学 哲学与政治 关系,0810_苏联哲学_哲学与政治_关系.md,新的困境 苏联哲学,0796_新的困境_苏联哲学.md,25.77,苏联哲学与共产国际
苏联哲学 哲学与政治 关系,0810_苏联哲学_哲学与政治_关系.md,苏联哲学 改革浪潮,0800_苏联哲学_改革浪潮.md,25.77,苏联哲学与共产国际
苏联哲学 教科书模式 影响中国,0811_苏联哲学_教科书模式_影响中国.md,苏联哲学 对中国哲学界影响,0816_苏联哲学_对中国哲学界影响.md,27.35,苏联哲学与共产国际
苏联哲学 教科书模式 影响中国,0811_苏联哲学_教科书模式_影响中国.md,苏联哲学 教条化 斯大林,0790_苏联哲学_教条化_斯大林.md,25.88,苏联哲学与共产国际
苏联哲学 教科书模式 影响中国,0811_苏联哲学_教科书模式_影响中国.md,苏联哲学 教条主义 经验教训,0807_苏联哲学_教条主义_经验教训.md,25.26,苏联哲学与共产国际
苏联哲学 教科书模式 影响中国,0811_苏联哲学_教科书模式_影响中国.md,苏联哲学 人文化倾向 中国参考,0820_苏联哲学_人文化倾向_中国参考.md,25.0,苏联哲学与共产国际
苏联哲学 教科书模式 影响中国,0811_苏联哲学_教科书模式_影响中国.md,拨乱反正 苏联哲学,0795_拨乱反正_苏联哲学.md,24.69,苏联哲学与共产国际
苏联哲学 意识形态功能,0812_苏联哲学_意识形态功能.md,拨乱反正 苏联哲学,0795_拨乱反正_苏联哲学.md,25.77,哲学基本范畴与辩证法原理
苏联哲学 意识形态功能,0812_苏联哲学_意识形态功能.md,新的困境 苏联哲学,0796_新的困境_苏联哲学.md,25.77,哲学基本范畴与辩证法原理
苏联哲学 意识形态功能,0812_苏联哲学_意识形态功能.md,苏联哲学 改革浪潮,0800_苏联哲学_改革浪潮.md,25.77,哲学基本范畴与辩证法原理
苏联哲学 意识形态功能,0812_苏联哲学_意识形态功能.md,苏联哲学 历史反思,0801_苏联哲学_历史反思.md,25.77,哲学基本范畴与辩证法原理
苏联哲学 意识形态功能,0812_苏联哲学_意识形态功能.md,苏联哲学 存在问题,0802_苏联哲学_存在问题.md,25.77,哲学基本范畴与辩证法原理
苏联哲学 学术自主性 问题,0813_苏联哲学_学术自主性_问题.md,苏联哲学 存在问题,0802_苏联哲学_存在问题.md,27.69,苏联哲学与共产国际
苏联哲学 学术自主性 问题,0813_苏联哲学_学术自主性_问题.md,苏联哲学 问题根源,0803_苏联哲学_问题根源.md,27.69,苏联哲学与共产国际
苏联哲学 学术自主性 问题,0813_苏联哲学_学术自主性_问题.md,人的问题 苏联哲学 崛起,0799_人的问题_苏联哲学_崛起.md,26.67,苏联哲学与共产国际
苏联哲学 学术自主性 问题,0813_苏联哲学_学术自主性_问题.md,苏联哲学 人的问题 崛起,0814_苏联哲学_人的问题_崛起.md,26.67,苏联哲学与共产国际
苏联哲学 学术自主性 问题,0813_苏联哲学_学术自主性_问题.md,苏联哲学 党性原则 学术研究,0809_苏联哲学_党性原则_学术研究.md,25.88,苏联哲学与共产国际
苏联哲学 人的问题 崛起,0814_苏联哲学_人的问题_崛起.md,人的问题 苏联哲学 崛起,0799_人的问题_苏联哲学_崛起.md,65.91,后斯大林时期苏联哲学反思
苏联哲学 人的问题 崛起,0814_苏联哲学_人的问题_崛起.md,苏联哲学 存在问题,0802_苏联哲学_存在问题.md,28.33,后斯大林时期苏联哲学反思
苏联哲学 人的问题 崛起,0814_苏联哲学_人的问题_崛起.md,苏联哲学 问题根源,0803_苏联哲学_问题根源.md,28.33,后斯大林时期苏联哲学反思
苏联哲学 人的问题 崛起,0814_苏联哲学_人的问题_崛起.md,苏联哲学 人文化倾向,0798_苏联哲学_人文化倾向.md,27.69,后斯大林时期苏联哲学反思
苏联哲学 人的问题 崛起,0814_苏联哲学_人的问题_崛起.md,苏联哲学 学术自主性 问题,0813_苏联哲学_学术自主性_问题.md,26.67,后斯大林时期苏联哲学反思
苏联哲学 改革时期 反思,0815_苏联哲学_改革时期_反思.md,苏联哲学 改革浪潮,0800_苏联哲学_改革浪潮.md,31.36,后斯大林时期苏联哲学反思
苏联哲学 改革时期 反思,0815_苏联哲学_改革时期_反思.md,苏联哲学 历史反思,0801_苏联哲学_历史反思.md,28.33,后斯大林时期苏联哲学反思
苏联哲学 改革时期 反思,0815_苏联哲学_改革时期_反思.md,苏联哲学 过渡时期 成就,0783_苏联哲学_过渡时期_成就.md,27.14,后斯大林时期苏联哲学反思
苏联哲学 改革时期 反思,0815_苏联哲学_改革时期_反思.md,后斯大林时期 苏联哲学,0794_后斯大林时期_苏联哲学.md,27.14,后斯大林时期苏联哲学反思
苏联哲学 改革时期 反思,0815_苏联哲学_改革时期_反思.md,苏联哲学 过渡时期 哲学斗争,0769_苏联哲学_过渡时期_哲学斗争.md,26.67,后斯大林时期苏联哲学反思
苏联哲学 对中国哲学界影响,0816_苏联哲学_对中国哲学界影响.md,苏联哲学 教科书模式 影响中国,0811_苏联哲学_教科书模式_影响中国.md,27.35,中国哲学传统与现代转型
苏联哲学 对中国哲学界影响,0816_苏联哲学_对中国哲学界影响.md,苏联哲学 人文化倾向 中国参考,0820_苏联哲学_人文化倾向_中国参考.md,25.56,中国哲学传统与现代转型
苏联哲学 对中国哲学界影响,0816_苏联哲学_对中国哲学界影响.md,拨乱反正 苏联哲学,0795_拨乱反正_苏联哲学.md,25.36,中国哲学传统与现代转型
苏联哲学 对中国哲学界影响,0816_苏联哲学_对中国哲学界影响.md,新的困境 苏联哲学,0796_新的困境_苏联哲学.md,25.36,中国哲学传统与现代转型
苏联哲学 对中国哲学界影响,0816_苏联哲学_对中国哲学界影响.md,苏联哲学 改革浪潮,0800_苏联哲学_改革浪潮.md,25.36,中国哲学传统与现代转型
苏联哲学 机械论 辩证论 论争 启示,0817_苏联哲学_机械论_辩证论_论争_启示.md,苏联哲学 机械论者 辩证论者 论争,0893_苏联哲学_机械论者_辩证论者_论争.md,44.06,30年代苏联哲学批判运动
苏联哲学 机械论 辩证论 论争 启示,0817_苏联哲学_机械论_辩证论_论争_启示.md,苏联哲学 机械论者 辩证论者,0830_苏联哲学_机械论者_辩证论者.md,33.33,30年代苏联哲学批判运动
苏联哲学 机械论 辩证论 论争 启示,0817_苏联哲学_机械论_辩证论_论争_启示.md,机械论派 辩证论者 苏联哲学,0777_机械论派_辩证论者_苏联哲学.md,30.29,30年代苏联哲学批判运动
苏联哲学 机械论 辩证论 论争 启示,0817_苏联哲学_机械论_辩证论_论争_启示.md,拨乱反正 苏联哲学,0795_拨乱反正_苏联哲学.md,24.41,30年代苏联哲学批判运动
苏联哲学 机械论 辩证论 论争 启示,0817_苏联哲学_机械论_辩证论_论争_启示.md,新的困境 苏联哲学,0796_新的困境_苏联哲学.md,24.41,30年代苏联哲学批判运动
德波林派 批判 对中国影响,0818_德波林派_批判_对中国影响.md,德波林派 批判 教训,0780_德波林派_批判_教训.md,30.42,德波林派与机械论派论争
德波林派 批判 对中国影响,0818_德波林派_批判_对中国影响.md,德波林派 机械论派 论战,0776_德波林派_机械论派_论战.md,24.69,德波林派与机械论派论争
德波林派 批判 对中国影响,0818_德波林派_批判_对中国影响.md,德波林派 黑格尔 辩证法,0779_德波林派_黑格尔_辩证法.md,24.69,德波林派与机械论派论争
德波林派 批判 对中国影响,0818_德波林派_批判_对中国影响.md,批判德波林 苏联哲学,0781_批判德波林_苏联哲学.md,5.0,德波林派与机械论派论争
德波林派 批判 对中国影响,0818_德波林派_批判_对中国影响.md,德波林学派 批判 积极意义 消极后果,0896_德波林学派_批判_积极意义_消极后果.md,5.0,德波林派与机械论派论争
斯大林哲学体系 中国影响,0819_斯大林哲学体系_中国影响.md,苏联哲学教科书 中国影响,0861_苏联哲学教科书_中国影响.md,26.25,苏联哲学与共产国际
斯大林哲学体系 中国影响,0819_斯大林哲学体系_中国影响.md,实证论 非理性主义 中国影响,1509_实证论_非理性主义_中国影响.md,24.17,苏联哲学与共产国际
斯大林哲学体系 中国影响,0819_斯大林哲学体系_中国影响.md,列宁 东方民族革命理论 中国影响,0846_列宁_东方民族革命理论_中国影响.md,23.75,苏联哲学与共产国际
斯大林哲学体系 中国影响,0819_斯大林哲学体系_中国影响.md,斯大林 哲学 火药味,0789_斯大林_哲学_火药味.md,7.69,苏联哲学与共产国际
斯大林哲学体系 中国影响,0819_斯大林哲学体系_中国影响.md,斯大林 哲学著作 贡献 不足,0788_斯大林_哲学著作_贡献_不足.md,6.25,苏联哲学与共产国际
苏联哲学 人文化倾向 中国参考,0820_苏联哲学_人文化倾向_中国参考.md,苏联哲学 人文化倾向,0798_苏联哲学_人文化倾向.md,61.67,后斯大林时期苏联哲学反思
苏联哲学 人文化倾向 中国参考,0820_苏联哲学_人文化倾向_中国参考.md,哲学理论 发展 人文化倾向,1014_哲学理论_发展_人文化倾向.md,32.35,后斯大林时期苏联哲学反思
苏联哲学 人文化倾向 中国参考,0820_苏联哲学_人文化倾向_中国参考.md,苏联哲学 人的问题 崛起,0814_苏联哲学_人的问题_崛起.md,25.88,后斯大林时期苏联哲学反思
苏联哲学 人文化倾向 中国参考,0820_苏联哲学_人文化倾向_中国参考.md,苏联哲学 对中国哲学界影响,0816_苏联哲学_对中国哲学界影响.md,25.56,后斯大林时期苏联哲学反思
苏联哲学 人文化倾向 中国参考,0820_苏联哲学_人文化倾向_中国参考.md,苏联哲学 教科书模式 影响中国,0811_苏联哲学_教科书模式_影响中国.md,25.0,后斯大林时期苏联哲学反思
马克思主义哲学 历史使命 苏联经验,0821_马克思主义哲学_历史使命_苏联经验.md,马克思主义哲学 传播 苏联,0785_马克思主义哲学_传播_苏联.md,45.29,马克思恩格斯经典文本与哲学关系
马克思主义哲学 历史使命 苏联经验,0821_马克思主义哲学_历史使命_苏联经验.md,苏联 第三渠道 马克思主义哲学,0826_苏联_第三渠道_马克思主义哲学.md,44.21,马克思恩格斯经典文本与哲学关系
马克思主义哲学 历史使命 苏联经验,0821_马克思主义哲学_历史使命_苏联经验.md,马克思主义哲学 中国哲学,1823_马克思主义哲学_中国哲学.md,43.82,马克思恩格斯经典文本与哲学关系
马克思主义哲学 历史使命 苏联经验,0821_马克思主义哲学_历史使命_苏联经验.md,马克思主义哲学 从苏联传入 中国,0823_马克思主义哲学_从苏联传入_中国.md,43.75,马克思恩格斯经典文本与哲学关系
马克思主义哲学 历史使命 苏联经验,0821_马克思主义哲学_历史使命_苏联经验.md,苏联 教科书形态 马克思主义哲学,0824_苏联_教科书形态_马克思主义哲学.md,43.75,马克思恩格斯经典文本与哲学关系
马克思主义哲学 日本 欧洲 苏联 三个方向,0822_马克思主义哲学_日本_欧洲_苏联_三个方向.md,马克思主义哲学 传播 苏联,0785_马克思主义哲学_传播_苏联.md,54.21,马克思恩格斯经典文本与哲学关系
马克思主义哲学 日本 欧洲 苏联 三个方向,0822_马克思主义哲学_日本_欧洲_苏联_三个方向.md,日本 第一渠道 马克思主义哲学,0061_日本_第一渠道_马克思主义哲学.md,53.33,马克思恩格斯经典文本与哲学关系
马克思主义哲学 日本 欧洲 苏联 三个方向,0822_马克思主义哲学_日本_欧洲_苏联_三个方向.md,欧洲 第二渠道 马克思主义哲学,0062_欧洲_第二渠道_马克思主义哲学.md,53.33,马克思恩格斯经典文本与哲学关系
马克思主义哲学 日本 欧洲 苏联 三个方向,0822_马克思主义哲学_日本_欧洲_苏联_三个方向.md,日本 中转 马克思主义哲学 中国,0078_日本_中转_马克思主义哲学_中国.md,53.33,马克思恩格斯经典文本与哲学关系
马克思主义哲学 日本 欧洲 苏联 三个方向,0822_马克思主义哲学_日本_欧洲_苏联_三个方向.md,日本 马克思主义哲学 启蒙老师,0122_日本_马克思主义哲学_启蒙老师.md,53.33,马克思恩格斯经典文本与哲学关系
马克思主义哲学 从苏联传入 中国,0823_马克思主义哲学_从苏联传入_中国.md,马克思主义哲学 从日本传入 中国,0048_马克思主义哲学_从日本传入_中国.md,50.62,苏联哲学对中国马克思主义哲学的影响
马克思主义哲学 从苏联传入 中国,0823_马克思主义哲学_从苏联传入_中国.md,马克思主义哲学 从欧洲传入 中国,0050_马克思主义哲学_从欧洲传入_中国.md,50.62,苏联哲学对中国马克思主义哲学的影响
马克思主义哲学 从苏联传入 中国,0823_马克思主义哲学_从苏联传入_中国.md,马克思主义哲学 传入中国 渠道,0060_马克思主义哲学_传入中国_渠道.md,49.06,苏联哲学对中国马克思主义哲学的影响
马克思主义哲学 从苏联传入 中国,0823_马克思主义哲学_从苏联传入_中国.md,马克思主义哲学 中国哲学,1823_马克思主义哲学_中国哲学.md,46.67,苏联哲学对中国马克思主义哲学的影响
马克思主义哲学 从苏联传入 中国,0823_马克思主义哲学_从苏联传入_中国.md,苏联哲学模式 中国 马克思主义哲学,0825_苏联哲学模式_中国_马克思主义哲学.md,46.11,苏联哲学对中国马克思主义哲学的影响
苏联 教科书形态 马克思主义哲学,0824_苏联_教科书形态_马克思主义哲学.md,教科书形态 马克思主义哲学,0925_教科书形态_马克思主义哲学.md,81.15,苏联哲学对中国马克思主义哲学的影响
苏联 教科书形态 马克思主义哲学,0824_苏联_教科书形态_马克思主义哲学.md,马克思主义哲学 传播 苏联,0785_马克思主义哲学_传播_苏联.md,55.94,苏联哲学对中国马克思主义哲学的影响
苏联 教科书形态 马克思主义哲学,0824_苏联_教科书形态_马克思主义哲学.md,苏联 第三渠道 马克思主义哲学,0826_苏联_第三渠道_马克思主义哲学.md,54.72,苏联哲学对中国马克思主义哲学的影响
苏联 教科书形态 马克思主义哲学,0824_苏联_教科书形态_马克思主义哲学.md,马克思主义哲学 日本 欧洲 苏联 三个方向,0822_马克思主义哲学_日本_欧洲_苏联_三个方向.md,52.95,苏联哲学对中国马克思主义哲学的影响
苏联 教科书形态 马克思主义哲学,0824_苏联_教科书形态_马克思主义哲学.md,马克思主义哲学 教科书形式 传播,0096_马克思主义哲学_教科书形式_传播.md,48.24,苏联哲学对中国马克思主义哲学的影响
苏联哲学模式 中国 马克思主义哲学,0825_苏联哲学模式_中国_马克思主义哲学.md,马克思主义哲学 中国哲学,1823_马克思主义哲学_中国哲学.md,46.67,苏联哲学对中国马克思主义哲学的影响
苏联哲学模式 中国 马克思主义哲学,0825_苏联哲学模式_中国_马克思主义哲学.md,马克思主义哲学 从苏联传入 中国,0823_马克思主义哲学_从苏联传入_中国.md,46.11,苏联哲学对中国马克思主义哲学的影响
苏联哲学模式 中国 马克思主义哲学,0825_苏联哲学模式_中国_马克思主义哲学.md,马克思主义哲学 传播 苏联,0785_马克思主义哲学_传播_苏联.md,45.94,苏联哲学对中国马克思主义哲学的影响
苏联哲学模式 中国 马克思主义哲学,0825_苏联哲学模式_中国_马克思主义哲学.md,李达 马克思主义哲学 中国化,0301_李达_马克思主义哲学_中国化.md,45.29,苏联哲学对中国马克思主义哲学的影响
苏联哲学模式 中国 马克思主义哲学,0825_苏联哲学模式_中国_马克思主义哲学.md,马克思主义哲学 中国哲学 结合,0765_马克思主义哲学_中国哲学_结合.md,45.29,苏联哲学对中国马克思主义哲学的影响
苏联 第三渠道 马克思主义哲学,0826_苏联_第三渠道_马克思主义哲学.md,马克思主义哲学 传播 苏联,0785_马克思主义哲学_传播_苏联.md,56.67,马克思恩格斯经典文本与哲学关系
苏联 第三渠道 马克思主义哲学,0826_苏联_第三渠道_马克思主义哲学.md,苏联 教科书形态 马克思主义哲学,0824_苏联_教科书形态_马克思主义哲学.md,54.72,马克思恩格斯经典文本与哲学关系
苏联 第三渠道 马克思主义哲学,0826_苏联_第三渠道_马克思主义哲学.md,马克思主义哲学 日本 欧洲 苏联 三个方向,0822_马克思主义哲学_日本_欧洲_苏联_三个方向.md,53.33,马克思恩格斯经典文本与哲学关系
苏联 第三渠道 马克思主义哲学,0826_苏联_第三渠道_马克思主义哲学.md,日本 第一渠道 马克思主义哲学,0061_日本_第一渠道_马克思主义哲学.md,47.5,马克思恩格斯经典文本与哲学关系
苏联 第三渠道 马克思主义哲学,0826_苏联_第三渠道_马克思主义哲学.md,欧洲 第二渠道 马克思主义哲学,0062_欧洲_第二渠道_马克思主义哲学.md,47.5,马克思恩格斯经典文本与哲学关系
普列汉诺夫 辩证唯物主义 世界观,0827_普列汉诺夫_辩证唯物主义_世界观.md,历史唯物主义 辩证唯物主义,1707_历史唯物主义_辩证唯物主义.md,37.81,思想方法与世界观教育
普列汉诺夫 辩证唯物主义 世界观,0827_普列汉诺夫_辩证唯物主义_世界观.md,唯心主义 辩证唯物主义,1766_唯心主义_辩证唯物主义.md,37.81,思想方法与世界观教育
普列汉诺夫 辩证唯物主义 世界观,0827_普列汉诺夫_辩证唯物主义_世界观.md,辩证唯物主义 研讨 争论,0981_辩证唯物主义_研讨_争论.md,37.35,思想方法与世界观教育
普列汉诺夫 辩证唯物主义 世界观,0827_普列汉诺夫_辩证唯物主义_世界观.md,瞿秋白 辩证唯物主义 传播,0335_瞿秋白_辩证唯物主义_传播.md,36.94,思想方法与世界观教育
普列汉诺夫 辩证唯物主义 世界观,0827_普列汉诺夫_辩证唯物主义_世界观.md,历史唯物主义 辩证唯物主义 列宁,1800_历史唯物主义_辩证唯物主义_列宁.md,36.94,思想方法与世界观教育
普列汉诺夫 唯物史观 一元论,0828_普列汉诺夫_唯物史观_一元论.md,普列汉诺夫 辩证唯物主义 世界观,0827_普列汉诺夫_辩证唯物主义_世界观.md,31.58,苏联哲学与共产国际
普列汉诺夫 唯物史观 一元论,0828_普列汉诺夫_唯物史观_一元论.md,唯物史观 谈政治,0032_唯物史观_谈政治.md,25.36,苏联哲学与共产国际
普列汉诺夫 唯物史观 一元论,0828_普列汉诺夫_唯物史观_一元论.md,唯物史观 李大钊,1775_唯物史观_李大钊.md,25.36,苏联哲学与共产国际
普列汉诺夫 唯物史观 一元论,0828_普列汉诺夫_唯物史观_一元论.md,唯物史观 传播热潮,0064_唯物史观_传播热潮.md,25.0,苏联哲学与共产国际
普列汉诺夫 唯物史观 一元论,0828_普列汉诺夫_唯物史观_一元论.md,李大钊 唯物史观 研究,0258_李大钊_唯物史观_研究.md,24.69,苏联哲学与共产国际
苏联哲学 20年代 30年代 论战,0829_苏联哲学_20年代_30年代_论战.md,哲学虚无主义 苏联 20年代,0778_哲学虚无主义_苏联_20年代.md,27.35,苏联哲学与共产国际
苏联哲学 20年代 30年代 论战,0829_苏联哲学_20年代_30年代_论战.md,苏联哲学 50年代 60年代 改革,0831_苏联哲学_50年代_60年代_改革.md,27.35,苏联哲学与共产国际
苏联哲学 20年代 30年代 论战,0829_苏联哲学_20年代_30年代_论战.md,苏联哲学 70年代 80年代 新思维,0832_苏联哲学_70年代_80年代_新思维.md,26.94,苏联哲学与共产国际
苏联哲学 20年代 30年代 论战,0829_苏联哲学_20年代_30年代_论战.md,苏联哲学 70年 经验教训,0806_苏联哲学_70年_经验教训.md,25.88,苏联哲学与共产国际
苏联哲学 20年代 30年代 论战,0829_苏联哲学_20年代_30年代_论战.md,拨乱反正 苏联哲学,0795_拨乱反正_苏联哲学.md,25.0,苏联哲学与共产国际
苏联哲学 机械论者 辩证论者,0830_苏联哲学_机械论者_辩证论者.md,苏联哲学 机械论者 辩证论者 论争,0893_苏联哲学_机械论者_辩证论者_论争.md,80.83,德波林派与机械论派论争
苏联哲学 机械论者 辩证论者,0830_苏联哲学_机械论者_辩证论者.md,机械论派 辩证论者 苏联哲学,0777_机械论派_辩证论者_苏联哲学.md,55.38,德波林派与机械论派论争
苏联哲学 机械论者 辩证论者,0830_苏联哲学_机械论者_辩证论者.md,机械论者 辩证论者 自然科学,1275_机械论者_辩证论者_自然科学.md,50.71,德波林派与机械论派论争
苏联哲学 机械论者 辩证论者,0830_苏联哲学_机械论者_辩证论者.md,苏联哲学 机械论 辩证论 论争 启示,0817_苏联哲学_机械论_辩证论_论争_启示.md,33.33,德波林派与机械论派论争
苏联哲学 机械论者 辩证论者,0830_苏联哲学_机械论者_辩证论者.md,机械论者 辩证法,1777_机械论者_辩证法.md,31.36,德波林派与机械论派论争
苏联哲学 50年代 60年代 改革,0831_苏联哲学_50年代_60年代_改革.md,苏联哲学 20年代 30年代 论战,0829_苏联哲学_20年代_30年代_论战.md,27.35,后斯大林时期苏联哲学反思
苏联哲学 50年代 60年代 改革,0831_苏联哲学_50年代_60年代_改革.md,苏联哲学 改革浪潮,0800_苏联哲学_改革浪潮.md,27.14,后斯大林时期苏联哲学反思
苏联哲学 50年代 60年代 改革,0831_苏联哲学_50年代_60年代_改革.md,苏联哲学 70年代 80年代 新思维,0832_苏联哲学_70年代_80年代_新思维.md,26.94,后斯大林时期苏联哲学反思
苏联哲学 50年代 60年代 改革,0831_苏联哲学_50年代_60年代_改革.md,苏联哲学 改革时期 反思,0815_苏联哲学_改革时期_反思.md,26.25,后斯大林时期苏联哲学反思
苏联哲学 50年代 60年代 改革,0831_苏联哲学_50年代_60年代_改革.md,苏联哲学 70年 经验教训,0806_苏联哲学_70年_经验教训.md,25.88,后斯大林时期苏联哲学反思
苏联哲学 70年代 80年代 新思维,0832_苏联哲学_70年代_80年代_新思维.md,苏联哲学 70年 经验教训,0806_苏联哲学_70年_经验教训.md,29.38,苏联哲学与共产国际
苏联哲学 70年代 80年代 新思维,0832_苏联哲学_70年代_80年代_新思维.md,苏联哲学 20年代 30年代 论战,0829_苏联哲学_20年代_30年代_论战.md,26.94,苏联哲学与共产国际
苏联哲学 70年代 80年代 新思维,0832_苏联哲学_70年代_80年代_新思维.md,苏联哲学 50年代 60年代 改革,0831_苏联哲学_50年代_60年代_改革.md,26.94,苏联哲学与共产国际
苏联哲学 70年代 80年代 新思维,0832_苏联哲学_70年代_80年代_新思维.md,拨乱反正 苏联哲学,0795_拨乱反正_苏联哲学.md,24.69,苏联哲学与共产国际
苏联哲学 70年代 80年代 新思维,0832_苏联哲学_70年代_80年代_新思维.md,新的困境 苏联哲学,0796_新的困境_苏联哲学.md,24.69,苏联哲学与共产国际
列宁 世界革命 唯物辩证法,0833_列宁_世界革命_唯物辩证法.md,唯物辩证法 风靡全国,1026_唯物辩证法_风靡全国.md,32.14,辩证唯物主义体系
列宁 世界革命 唯物辩证法,0833_列宁_世界革命_唯物辩证法.md,唯物辩证法 风靡 起点,1027_唯物辩证法_风靡_起点.md,32.14,辩证唯物主义体系
列宁 世界革命 唯物辩证法,0833_列宁_世界革命_唯物辩证法.md,唯物辩证法 风靡 前奏,1028_唯物辩证法_风靡_前奏.md,32.14,辩证唯物主义体系
列宁 世界革命 唯物辩证法,0833_列宁_世界革命_唯物辩证法.md,唯物辩证法 风靡 原因,1030_唯物辩证法_风靡_原因.md,32.14,辩证唯物主义体系
列宁 世界革命 唯物辩证法,0833_列宁_世界革命_唯物辩证法.md,逐步改造 唯物辩证法,1052_逐步改造_唯物辩证法.md,32.14,辩证唯物主义体系
列宁 辩证法 十六要素,0834_列宁_辩证法_十六要素.md,列宁 实践 认识 辩证法,0835_列宁_实践_认识_辩证法.md,30.77,苏联哲学与共产国际
列宁 辩证法 十六要素,0834_列宁_辩证法_十六要素.md,辩证法 核心 诸要素,1564_辩证法_核心_诸要素.md,21.25,苏联哲学与共产国际
列宁 辩证法 十六要素,0834_列宁_辩证法_十六要素.md,进攻 防御 辩证法,1325_进攻_防御_辩证法.md,19.17,苏联哲学与共产国际
列宁 辩证法 十六要素,0834_列宁_辩证法_十六要素.md,持久 速决 辩证法,1326_持久_速决_辩证法.md,19.17,苏联哲学与共产国际
列宁 辩证法 十六要素,0834_列宁_辩证法_十六要素.md,内线 外线 辩证法,1327_内线_外线_辩证法.md,19.17,苏联哲学与共产国际
列宁 实践 认识 辩证法,0835_列宁_实践_认识_辩证法.md,列宁 辩证法 十六要素,0834_列宁_辩证法_十六要素.md,30.77,实践观点与认识论
列宁 实践 认识 辩证法,0835_列宁_实践_认识_辩证法.md,历史 呈现 辩证法 实践,1079_历史_呈现_辩证法_实践.md,20.77,实践观点与认识论
列宁 实践 认识 辩证法,0835_列宁_实践_认识_辩证法.md,新唯物主义 实践 辩证法,0015_新唯物主义_实践_辩证法.md,20.36,实践观点与认识论
列宁 实践 认识 辩证法,0835_列宁_实践_认识_辩证法.md,认识论 论理学 辩证法 一致性,1534_认识论_论理学_辩证法_一致性.md,19.69,实践观点与认识论
列宁 实践 认识 辩证法,0835_列宁_实践_认识_辩证法.md,辩证法 论理学 认识论 一致性,1565_辩证法_论理学_认识论_一致性.md,19.69,实践观点与认识论
列宁 感觉 认识论,0836_列宁_感觉_认识论.md,群众路线 认识论,0598_群众路线_认识论.md,20.0,实践观点与认识论
列宁 感觉 认识论,0836_列宁_感觉_认识论.md,分析 综合 认识论,1548_分析_综合_认识论.md,20.0,实践观点与认识论
列宁 感觉 认识论,0836_列宁_感觉_认识论.md,归纳 演绎 认识论,1549_归纳_演绎_认识论.md,20.0,实践观点与认识论
列宁 感觉 认识论,0836_列宁_感觉_认识论.md,实践 认识论 本体论,1074_实践_认识论_本体论.md,19.55,实践观点与认识论
列宁 感觉 认识论,0836_列宁_感觉_认识论.md,唯物论 认识论 反映,1537_唯物论_认识论_反映.md,19.55,实践观点与认识论
列宁 唯物主义 经验批判论,0837_列宁_唯物主义_经验批判论.md,列宁 唯物主义,1753_列宁_唯物主义.md,42.5,苏联哲学与共产国际
列宁 唯物主义 经验批判论,0837_列宁_唯物主义_经验批判论.md,马赫主义 斗争 经验批判论,1590_马赫主义_斗争_经验批判论.md,33.33,苏联哲学与共产国际
列宁 唯物主义 经验批判论,0837_列宁_唯物主义_经验批判论.md,唯心主义 唯物主义,1721_唯心主义_唯物主义.md,25.77,苏联哲学与共产国际
列宁 唯物主义 经验批判论,0837_列宁_唯物主义_经验批判论.md,唯物主义 辩证法,1747_唯物主义_辩证法.md,25.77,苏联哲学与共产国际
列宁 唯物主义 经验批判论,0837_列宁_唯物主义_经验批判论.md,费尔巴哈 唯物主义 基本内核,0024_费尔巴哈_唯物主义_基本内核.md,24.17,苏联哲学与共产国际
列宁 帝国主义 世界历史,0838_列宁_帝国主义_世界历史.md,帝国主义 战争,1720_帝国主义_战争.md,26.82,民族国家与国际关系
列宁 帝国主义 世界历史,0838_列宁_帝国主义_世界历史.md,帝国主义 德国,1760_帝国主义_德国.md,26.82,民族国家与国际关系
列宁 帝国主义 世界历史,0838_列宁_帝国主义_世界历史.md,帝国主义 资本主义,1730_帝国主义_资本主义.md,26.25,民族国家与国际关系
列宁 帝国主义 世界历史,0838_列宁_帝国主义_世界历史.md,帝国主义 中华民族 矛盾,1501_帝国主义_中华民族_矛盾.md,25.0,民族国家与国际关系
列宁 帝国主义 世界历史,0838_列宁_帝国主义_世界历史.md,帝国主义 资本主义最高阶段,1655_帝国主义_资本主义最高阶段.md,24.69,民族国家与国际关系
列宁 国家 革命 无产阶级专政,0839_列宁_国家_革命_无产阶级专政.md,国家 革命 无产阶级专政,1090_国家_革命_无产阶级专政.md,50.45,阶级斗争与社会革命理论
列宁 国家 革命 无产阶级专政,0839_列宁_国家_革命_无产阶级专政.md,列宁 无产阶级专政 学说 发展,0871_列宁_无产阶级专政_学说_发展.md,49.38,阶级斗争与社会革命理论
列宁 国家 革命 无产阶级专政,0839_列宁_国家_革命_无产阶级专政.md,列宁 批判考茨基 无产阶级专政,0874_列宁_批判考茨基_无产阶级专政.md,48.82,阶级斗争与社会革命理论
列宁 国家 革命 无产阶级专政,0839_列宁_国家_革命_无产阶级专政.md,国家与革命 无产阶级专政,1654_国家与革命_无产阶级专政.md,45.38,阶级斗争与社会革命理论
列宁 国家 革命 无产阶级专政,0839_列宁_国家_革命_无产阶级专政.md,哲学领域 无产阶级专政 苏联,0770_哲学领域_无产阶级专政_苏联.md,37.35,阶级斗争与社会革命理论
列宁 民族殖民地 理论,0840_列宁_民族殖民地_理论.md,列宁 民族殖民地问题,1658_列宁_民族殖民地问题.md,25.0,民族国家与国际关系
列宁 民族殖民地 理论,0840_列宁_民族殖民地_理论.md,列宁 东方民族革命理论 中国影响,0846_列宁_东方民族革命理论_中国影响.md,14.17,民族国家与国际关系
列宁 民族殖民地 理论,0840_列宁_民族殖民地_理论.md,民族自决权 民族政策 列宁,0881_民族自决权_民族政策_列宁.md,13.33,民族国家与国际关系
列宁 民族殖民地 理论,0840_列宁_民族殖民地_理论.md,理论 实践 赋予活力 列宁,0885_理论_实践_赋予活力_列宁.md,13.33,民族国家与国际关系
列宁 民族殖民地 理论,0840_列宁_民族殖民地_理论.md,无政府主义 理论批判 列宁,0880_无政府主义_理论批判_列宁.md,13.12,民族国家与国际关系
列宁 新经济政策 哲学,0841_列宁_新经济政策_哲学.md,列宁 新经济政策,1656_列宁_新经济政策.md,53.75,苏联哲学与共产国际
列宁 新经济政策 哲学,0841_列宁_新经济政策_哲学.md,新经济政策 生产力 生产关系,0882_新经济政策_生产力_生产关系.md,32.14,苏联哲学与共产国际
列宁 新经济政策 哲学,0841_列宁_新经济政策_哲学.md,新经济政策 商品经济 社会主义,0883_新经济政策_商品经济_社会主义.md,31.67,苏联哲学与共产国际
列宁 新经济政策 哲学,0841_列宁_新经济政策_哲学.md,新经济政策 两种制度 对立斗争,0884_新经济政策_两种制度_对立斗争.md,31.25,苏联哲学与共产国际
列宁 新经济政策 哲学,0841_列宁_新经济政策_哲学.md,列宁 左倾错误 哲学批判,0875_列宁_左倾错误_哲学批判.md,13.33,苏联哲学与共产国际
阿尔都塞 结构主义 马克思主义,0843_阿尔都塞_结构主义_马克思主义.md,中国马克思主义 马克思主义者,1788_中国马克思主义_马克思主义者.md,8.93,西方马克思主义与国外马克思主义哲学
阿尔都塞 结构主义 马克思主义,0843_阿尔都塞_结构主义_马克思主义.md,问题与主义 马克思主义 论战,0120_问题与主义_马克思主义_论战.md,7.81,西方马克思主义与国外马克思主义哲学
阿尔都塞 结构主义 马克思主义,0843_阿尔都塞_结构主义_马克思主义.md,毛泽东 爱国主义 马克思主义,0580_毛泽东_爱国主义_马克思主义.md,7.81,西方马克思主义与国外马克思主义哲学
阿尔都塞 结构主义 马克思主义,0843_阿尔都塞_结构主义_马克思主义.md,存在主义 马克思主义 哲学传统,1103_存在主义_马克思主义_哲学传统.md,7.35,西方马克思主义与国外马克思主义哲学
阿尔都塞 结构主义 马克思主义,0843_阿尔都塞_结构主义_马克思主义.md,上海 马克思主义者,1740_上海_马克思主义者.md,7.14,西方马克思主义与国外马克思主义哲学
十月革命 中国革命 影响,0844_十月革命_中国革命_影响.md,十月革命 马克思主义 中国传播,0860_十月革命_马克思主义_中国传播.md,26.25,苏联哲学与共产国际
十月革命 中国革命 影响,0844_十月革命_中国革命_影响.md,一步走 两步走 中国革命,1174_一步走_两步走_中国革命.md,25.77,苏联哲学与共产国际
十月革命 中国革命 影响,0844_十月革命_中国革命_影响.md,中国革命 胜利 中国情况,1308_中国革命_胜利_中国情况.md,25.77,苏联哲学与共产国际
十月革命 中国革命 影响,0844_十月革命_中国革命_影响.md,俄国革命经验 中国革命 套用,0850_俄国革命经验_中国革命_套用.md,25.36,苏联哲学与共产国际
十月革命 中国革命 影响,0844_十月革命_中国革命_影响.md,十月革命 历史道路 永存,0868_十月革命_历史道路_永存.md,25.36,苏联哲学与共产国际
俄国十月革命 中国 影响,0845_俄国十月革命_中国_影响.md,十月革命 中国革命 影响,0844_十月革命_中国革命_影响.md,13.64,苏联哲学对中国马克思主义哲学的影响
俄国十月革命 中国 影响,0845_俄国十月革命_中国_影响.md,十月革命 马克思主义 中国传播,0860_十月革命_马克思主义_中国传播.md,5.88,苏联哲学对中国马克思主义哲学的影响
俄国十月革命 中国 影响,0845_俄国十月革命_中国_影响.md,列宁 东方民族革命理论 中国影响,0846_列宁_东方民族革命理论_中国影响.md,5.56,苏联哲学对中国马克思主义哲学的影响
俄国十月革命 中国 影响,0845_俄国十月革命_中国_影响.md,俄国革命 中国知识界 马克思主义,0859_俄国革命_中国知识界_马克思主义.md,5.56,苏联哲学对中国马克思主义哲学的影响
俄国十月革命 中国 影响,0845_俄国十月革命_中国_影响.md,俄国革命经验 中国革命 套用,0850_俄国革命经验_中国革命_套用.md,5.0,苏联哲学对中国马克思主义哲学的影响
列宁 东方民族革命理论 中国影响,0846_列宁_东方民族革命理论_中国影响.md,斯大林哲学体系 中国影响,0819_斯大林哲学体系_中国影响.md,23.75,苏联哲学与共产国际
列宁 东方民族革命理论 中国影响,0846_列宁_东方民族革命理论_中国影响.md,苏联哲学教科书 中国影响,0861_苏联哲学教科书_中国影响.md,23.75,苏联哲学与共产国际
列宁 东方民族革命理论 中国影响,0846_列宁_东方民族革命理论_中国影响.md,实证论 非理性主义 中国影响,1509_实证论_非理性主义_中国影响.md,23.57,苏联哲学与共产国际
列宁 东方民族革命理论 中国影响,0846_列宁_东方民族革命理论_中国影响.md,列宁 民族殖民地 理论,0840_列宁_民族殖民地_理论.md,14.17,苏联哲学与共产国际
列宁 东方民族革命理论 中国影响,0846_列宁_东方民族革命理论_中国影响.md,一国胜利理论 列宁 社会主义革命,0869_一国胜利理论_列宁_社会主义革命.md,13.26,苏联哲学与共产国际
列宁主义 形式 传入中国,0847_列宁主义_形式_传入中国.md,苏联大学 马克思列宁主义 传入中国,0856_苏联大学_马克思列宁主义_传入中国.md,28.82,哲学基本范畴与辩证法原理
列宁主义 形式 传入中国,0847_列宁主义_形式_传入中国.md,马克思主义中国化 列宁主义,1810_马克思主义中国化_列宁主义.md,26.67,哲学基本范畴与辩证法原理
列宁主义 形式 传入中国,0847_列宁主义_形式_传入中国.md,马克思主义哲学 传入中国 渠道,0060_马克思主义哲学_传入中国_渠道.md,25.88,哲学基本范畴与辩证法原理
列宁主义 形式 传入中国,0847_列宁主义_形式_传入中国.md,马克思主义 传入中国 外部条件,0080_马克思主义_传入中国_外部条件.md,25.88,哲学基本范畴与辩证法原理
列宁主义 形式 传入中国,0847_列宁主义_形式_传入中国.md,马克思主义 传入中国 国际条件,0081_马克思主义_传入中国_国际条件.md,25.88,哲学基本范畴与辩证法原理
中国共产党 俄国模式 共产国际,0848_中国共产党_俄国模式_共产国际.md,共产国际 下级支部 中国共产党,1154_共产国际_下级支部_中国共产党.md,54.38,苏联哲学对中国马克思主义哲学的影响
中国共产党 俄国模式 共产国际,0848_中国共产党_俄国模式_共产国际.md,国际主义 民族主义 中国共产党,1176_国际主义_民族主义_中国共产党.md,32.35,苏联哲学对中国马克思主义哲学的影响
中国共产党 俄国模式 共产国际,0848_中国共产党_俄国模式_共产国际.md,中国共产党 成立 意义,1129_中国共产党_成立_意义.md,31.67,苏联哲学对中国马克思主义哲学的影响
中国共产党 俄国模式 共产国际,0848_中国共产党_俄国模式_共产国际.md,中国共产党 党史 研究,1482_中国共产党_党史_研究.md,31.67,苏联哲学对中国马克思主义哲学的影响
中国共产党 俄国模式 共产国际,0848_中国共产党_俄国模式_共产国际.md,中国共产党 前进 成立,1829_中国共产党_前进_成立.md,31.67,苏联哲学对中国马克思主义哲学的影响
俄国味道 马克思主义 中国共产党,0849_俄国味道_马克思主义_中国共产党.md,中国共产党 马克思主义中国化 起点,1114_中国共产党_马克思主义中国化_起点.md,38.24,苏联哲学对中国马克思主义哲学的影响
俄国味道 马克思主义 中国共产党,0849_俄国味道_马克思主义_中国共产党.md,中国共产党 成立 马克思主义 工人运动,1113_中国共产党_成立_马克思主义_工人运动.md,35.0,苏联哲学对中国马克思主义哲学的影响
俄国味道 马克思主义 中国共产党,0849_俄国味道_马克思主义_中国共产党.md,戴季陶主义 中国共产党 批判,1137_戴季陶主义_中国共产党_批判.md,33.33,苏联哲学对中国马克思主义哲学的影响
俄国味道 马克思主义 中国共产党,0849_俄国味道_马克思主义_中国共产党.md,国际主义 民族主义 中国共产党,1176_国际主义_民族主义_中国共产党.md,33.33,苏联哲学对中国马克思主义哲学的影响
俄国味道 马克思主义 中国共产党,0849_俄国味道_马克思主义_中国共产党.md,中国共产党 俄国模式 共产国际,0848_中国共产党_俄国模式_共产国际.md,31.58,苏联哲学对中国马克思主义哲学的影响
俄国革命经验 中国革命 套用,0850_俄国革命经验_中国革命_套用.md,中国革命 经验教训 哲学总结,1437_中国革命_经验教训_哲学总结.md,28.33,毛泽东哲学与中国革命经验
俄国革命经验 中国革命 套用,0850_俄国革命经验_中国革命_套用.md,马克思主义 俄国化 中国革命,0852_马克思主义_俄国化_中国革命.md,26.25,毛泽东哲学与中国革命经验
俄国革命经验 中国革命 套用,0850_俄国革命经验_中国革命_套用.md,十月革命 中国革命 影响,0844_十月革命_中国革命_影响.md,25.36,毛泽东哲学与中国革命经验
俄国革命经验 中国革命 套用,0850_俄国革命经验_中国革命_套用.md,一步走 两步走 中国革命,1174_一步走_两步走_中国革命.md,25.36,毛泽东哲学与中国革命经验
俄国革命经验 中国革命 套用,0850_俄国革命经验_中国革命_套用.md,中国革命 胜利 中国情况,1308_中国革命_胜利_中国情况.md,25.36,毛泽东哲学与中国革命经验
斯大林 武装的革命 反对武装的反革命,0851_斯大林_武装的革命_反对武装的反革命.md,斯大林 哲学 火药味,0789_斯大林_哲学_火药味.md,17.94,苏联哲学教条化与斯大林
斯大林 武装的革命 反对武装的反革命,0851_斯大林_武装的革命_反对武装的反革命.md,生产力 生产关系 斯大林,0906_生产力_生产关系_斯大林.md,17.78,苏联哲学教条化与斯大林
斯大林 武装的革命 反对武装的反革命,0851_斯大林_武装的革命_反对武装的反革命.md,苏联哲学 教条化 斯大林,0790_苏联哲学_教条化_斯大林.md,17.63,苏联哲学教条化与斯大林
斯大林 武装的革命 反对武装的反革命,0851_斯大林_武装的革命_反对武装的反革命.md,斯大林 哲学著作 贡献 不足,0788_斯大林_哲学著作_贡献_不足.md,17.5,苏联哲学教条化与斯大林
斯大林 武装的革命 反对武装的反革命,0851_斯大林_武装的革命_反对武装的反革命.md,辩证唯物主义 历史唯物主义 斯大林,0787_辩证唯物主义_历史唯物主义_斯大林.md,17.38,苏联哲学教条化与斯大林
马克思主义 俄国化 中国革命,0852_马克思主义_俄国化_中国革命.md,中国革命 需要 马克思主义,1283_中国革命_需要_马克思主义.md,32.5,苏联哲学对中国马克思主义哲学的影响
马克思主义 俄国化 中国革命,0852_马克思主义_俄国化_中国革命.md,马克思主义 指导思想 中国革命,1112_马克思主义_指导思想_中国革命.md,30.94,苏联哲学对中国马克思主义哲学的影响
马克思主义 俄国化 中国革命,0852_马克思主义_俄国化_中国革命.md,早期共产主义者 马克思主义 中国革命,0292_早期共产主义者_马克思主义_中国革命.md,29.72,苏联哲学对中国马克思主义哲学的影响
马克思主义 俄国化 中国革命,0852_马克思主义_俄国化_中国革命.md,俄国革命经验 中国革命 套用,0850_俄国革命经验_中国革命_套用.md,26.25,苏联哲学对中国马克思主义哲学的影响
马克思主义 俄国化 中国革命,0852_马克思主义_俄国化_中国革命.md,十月革命 中国革命 影响,0844_十月革命_中国革命_影响.md,24.69,苏联哲学对中国马克思主义哲学的影响
马克思主义 俄国传播 列宁主义,0853_马克思主义_俄国传播_列宁主义.md,马克思主义中国化 列宁主义,1810_马克思主义中国化_列宁主义.md,30.0,苏联哲学与共产国际
马克思主义 俄国传播 列宁主义,0853_马克思主义_俄国传播_列宁主义.md,列宁主义 早期传播,1651_列宁主义_早期传播.md,27.14,苏联哲学与共产国际
马克思主义 俄国传播 列宁主义,0853_马克思主义_俄国传播_列宁主义.md,列宁主义 形式 传入中国,0847_列宁主义_形式_传入中国.md,24.41,苏联哲学与共产国际
马克思主义 俄国传播 列宁主义,0853_马克思主义_俄国传播_列宁主义.md,列宁主义 新青年 瞿秋白,1652_列宁主义_新青年_瞿秋白.md,24.41,苏联哲学与共产国际
马克思主义 俄国传播 列宁主义,0853_马克思主义_俄国传播_列宁主义.md,列宁主义 一国胜利理论 争论,0898_列宁主义_一国胜利理论_争论.md,23.95,苏联哲学与共产国际
俄国 苏联 马克思主义 传入中国,0854_俄国_苏联_马克思主义_传入中国.md,马克思主义 传入中国 外部条件,0080_马克思主义_传入中国_外部条件.md,32.5,苏联哲学对中国马克思主义哲学的影响
俄国 苏联 马克思主义 传入中国,0854_俄国_苏联_马克思主义_传入中国.md,马克思主义 传入中国 国际条件,0081_马克思主义_传入中国_国际条件.md,32.5,苏联哲学对中国马克思主义哲学的影响
俄国 苏联 马克思主义 传入中国,0854_俄国_苏联_马克思主义_传入中国.md,马克思主义 传入中国 中介路径,0082_马克思主义_传入中国_中介路径.md,32.5,苏联哲学对中国马克思主义哲学的影响
俄国 苏联 马克思主义 传入中国,0854_俄国_苏联_马克思主义_传入中国.md,日本 马克思主义 传入中国 中转国,0077_日本_马克思主义_传入中国_中转国.md,31.76,苏联哲学对中国马克思主义哲学的影响
俄国 苏联 马克思主义 传入中国,0854_俄国_苏联_马克思主义_传入中国.md,苏联大学 马克思列宁主义 传入中国,0856_苏联大学_马克思列宁主义_传入中国.md,31.11,苏联哲学对中国马克思主义哲学的影响
俄国 马克思主义论著 直接传入中国,0855_俄国_马克思主义论著_直接传入中国.md,俄国 苏联 马克思主义 传入中国,0854_俄国_苏联_马克思主义_传入中国.md,21.11,苏联哲学对中国马克思主义哲学的影响
俄国 马克思主义论著 直接传入中国,0855_俄国_马克思主义论著_直接传入中国.md,俄国 资本主义,1713_俄国_资本主义.md,12.94,苏联哲学对中国马克思主义哲学的影响
俄国 马克思主义论著 直接传入中国,0855_俄国_马克思主义论著_直接传入中国.md,俄国 社会主义,1758_俄国_社会主义.md,12.94,苏联哲学对中国马克思主义哲学的影响
俄国 马克思主义论著 直接传入中国,0855_俄国_马克思主义论著_直接传入中国.md,俄国 资产阶级,1691_俄国_资产阶级.md,11.39,苏联哲学对中国马克思主义哲学的影响
俄国 马克思主义论著 直接传入中国,0855_俄国_马克思主义论著_直接传入中国.md,俄国 无产阶级,1712_俄国_无产阶级.md,11.39,苏联哲学对中国马克思主义哲学的影响
苏联大学 马克思列宁主义 传入中国,0856_苏联大学_马克思列宁主义_传入中国.md,毛泽东 马克思列宁主义 中国革命实际,0862_毛泽东_马克思列宁主义_中国革命实际.md,42.95,苏联哲学对中国马克思主义哲学的影响
苏联大学 马克思列宁主义 传入中国,0856_苏联大学_马克思列宁主义_传入中国.md,俄国 苏联 马克思主义 传入中国,0854_俄国_苏联_马克思主义_传入中国.md,31.11,苏联哲学对中国马克思主义哲学的影响
苏联大学 马克思列宁主义 传入中国,0856_苏联大学_马克思列宁主义_传入中国.md,马克思主义 传入中国 外部条件,0080_马克思主义_传入中国_外部条件.md,29.21,苏联哲学对中国马克思主义哲学的影响
苏联大学 马克思列宁主义 传入中国,0856_苏联大学_马克思列宁主义_传入中国.md,马克思主义 传入中国 国际条件,0081_马克思主义_传入中国_国际条件.md,29.21,苏联哲学对中国马克思主义哲学的影响
苏联大学 马克思列宁主义 传入中国,0856_苏联大学_马克思列宁主义_传入中国.md,马克思主义 传入中国 中介路径,0082_马克思主义_传入中国_中介路径.md,29.21,苏联哲学对中国马克思主义哲学的影响
苏联哲学论著 传入中国,0858_苏联哲学论著_传入中国.md,马克思主义哲学 传入中国 渠道,0060_马克思主义哲学_传入中国_渠道.md,25.88,苏联哲学与共产国际
苏联哲学论著 传入中国,0858_苏联哲学论著_传入中国.md,俄国 苏联 马克思主义 传入中国,0854_俄国_苏联_马克思主义_传入中国.md,25.88,苏联哲学与共产国际
苏联哲学论著 传入中国,0858_苏联哲学论著_传入中国.md,苏联大学 马克思列宁主义 传入中国,0856_苏联大学_马克思列宁主义_传入中国.md,25.26,苏联哲学与共产国际
苏联哲学论著 传入中国,0858_苏联哲学论著_传入中国.md,列宁主义 形式 传入中国,0847_列宁主义_形式_传入中国.md,25.0,苏联哲学与共产国际
苏联哲学论著 传入中国,0858_苏联哲学论著_传入中国.md,马克思主义 传入中国 外部条件,0080_马克思主义_传入中国_外部条件.md,24.17,苏联哲学与共产国际
俄国革命 中国知识界 马克思主义,0859_俄国革命_中国知识界_马克思主义.md,马克思主义中国化 中国知识界 论争,1796_马克思主义中国化_中国知识界_论争.md,36.11,苏联哲学对中国马克思主义哲学的影响
俄国革命 中国知识界 马克思主义,0859_俄国革命_中国知识界_马克思主义.md,中国知识界 苏联 计划,1831_中国知识界_苏联_计划.md,30.88,苏联哲学对中国马克思主义哲学的影响
俄国革命 中国知识界 马克思主义,0859_俄国革命_中国知识界_马克思主义.md,苏联一五计划 中国知识界,1650_苏联一五计划_中国知识界.md,30.26,苏联哲学对中国马克思主义哲学的影响
俄国革命 中国知识界 马克思主义,0859_俄国革命_中国知识界_马克思主义.md,马克思主义 俄国化 中国革命,0852_马克思主义_俄国化_中国革命.md,12.5,苏联哲学对中国马克思主义哲学的影响
俄国革命 中国知识界 马克思主义,0859_俄国革命_中国知识界_马克思主义.md,中国革命 需要 马克思主义,1283_中国革命_需要_马克思主义.md,10.94,苏联哲学对中国马克思主义哲学的影响
十月革命 马克思主义 中国传播,0860_十月革命_马克思主义_中国传播.md,马克思主义 中国传播 前史,0084_马克思主义_中国传播_前史.md,34.29,苏联哲学与共产国际
十月革命 马克思主义 中国传播,0860_十月革命_马克思主义_中国传播.md,日本译著 马克思主义 中国传播,0079_日本译著_马克思主义_中国传播.md,32.5,苏联哲学与共产国际
十月革命 马克思主义 中国传播,0860_十月革命_马克思主义_中国传播.md,十月革命 胜利 马克思主义传播,0911_十月革命_胜利_马克思主义传播.md,32.5,苏联哲学与共产国际
十月革命 马克思主义 中国传播,0860_十月革命_马克思主义_中国传播.md,十月革命 五四运动 马克思主义传播,0910_十月革命_五四运动_马克思主义传播.md,31.11,苏联哲学与共产国际
十月革命 马克思主义 中国传播,0860_十月革命_马克思主义_中国传播.md,马克思主义哲学 中国传播 源头,0047_马克思主义哲学_中国传播_源头.md,30.29,苏联哲学与共产国际
苏联哲学教科书 中国影响,0861_苏联哲学教科书_中国影响.md,斯大林哲学体系 中国影响,0819_斯大林哲学体系_中国影响.md,26.25,苏联哲学与共产国际
苏联哲学教科书 中国影响,0861_苏联哲学教科书_中国影响.md,实证论 非理性主义 中国影响,1509_实证论_非理性主义_中国影响.md,24.17,苏联哲学与共产国际
苏联哲学教科书 中国影响,0861_苏联哲学教科书_中国影响.md,列宁 东方民族革命理论 中国影响,0846_列宁_东方民族革命理论_中国影响.md,23.75,苏联哲学与共产国际
苏联哲学教科书 中国影响,0861_苏联哲学教科书_中国影响.md,苏联哲学 教科书模式 影响中国,0811_苏联哲学_教科书模式_影响中国.md,14.29,苏联哲学与共产国际
苏联哲学教科书 中国影响,0861_苏联哲学教科书_中国影响.md,马克思主义哲学 教科书 中国化,0928_马克思主义哲学_教科书_中国化.md,9.38,苏联哲学与共产国际
毛泽东 马克思列宁主义 中国革命实际,0862_毛泽东_马克思列宁主义_中国革命实际.md,苏联大学 马克思列宁主义 传入中国,0856_苏联大学_马克思列宁主义_传入中国.md,42.95,毛泽东哲学思想与中国革命经验
毛泽东 马克思列宁主义 中国革命实际,0862_毛泽东_马克思列宁主义_中国革命实际.md,马克思主义 中国革命实际 最初结合,1131_马克思主义_中国革命实际_最初结合.md,41.25,毛泽东哲学思想与中国革命经验
毛泽东 马克思列宁主义 中国革命实际,0862_毛泽东_马克思列宁主义_中国革命实际.md,马克思主义哲学 中国革命实际 结合,1415_马克思主义哲学_中国革命实际_结合.md,39.52,毛泽东哲学思想与中国革命经验
毛泽东 马克思列宁主义 中国革命实际,0862_毛泽东_马克思列宁主义_中国革命实际.md,哲学教科书 中国革命实际 结合,0930_哲学教科书_中国革命实际_结合.md,35.68,毛泽东哲学思想与中国革命经验
毛泽东 马克思列宁主义 中国革命实际,0862_毛泽东_马克思列宁主义_中国革命实际.md,毛泽东 马克思主义中国化 开拓者,0500_毛泽东_马克思主义中国化_开拓者.md,25.0,毛泽东哲学思想与中国革命经验
毛泽东 读哲学 苏联教科书,0863_毛泽东_读哲学_苏联教科书.md,毛泽东 读 政治经济学教科书,0625_毛泽东_读_政治经济学教科书.md,22.81,苏联哲学对中国马克思主义哲学的影响
毛泽东 读哲学 苏联教科书,0863_毛泽东_读哲学_苏联教科书.md,苏联 政治经济学教科书 毛泽东,0913_苏联_政治经济学教科书_毛泽东.md,22.35,苏联哲学对中国马克思主义哲学的影响
毛泽东 读哲学 苏联教科书,0863_毛泽东_读哲学_苏联教科书.md,调查研究 毛泽东 哲学,0550_调查研究_毛泽东_哲学.md,20.0,苏联哲学对中国马克思主义哲学的影响
毛泽东 读哲学 苏联教科书,0863_毛泽东_读哲学_苏联教科书.md,毛泽东 哲学 民族事业,0633_毛泽东_哲学_民族事业.md,20.0,苏联哲学对中国马克思主义哲学的影响
毛泽东 读哲学 苏联教科书,0863_毛泽东_读哲学_苏联教科书.md,哲学 党性 阶级性 毛泽东,0540_哲学_党性_阶级性_毛泽东.md,19.69,苏联哲学对中国马克思主义哲学的影响
十月革命 人类历史 新纪元,0864_十月革命_人类历史_新纪元.md,十月革命 历史道路 永存,0868_十月革命_历史道路_永存.md,26.67,苏联哲学与共产国际
十月革命 人类历史 新纪元,0864_十月革命_人类历史_新纪元.md,十月革命 中国革命 影响,0844_十月革命_中国革命_影响.md,25.0,苏联哲学与共产国际
十月革命 人类历史 新纪元,0864_十月革命_人类历史_新纪元.md,十月革命 历史辩证法 帝国主义时代,0866_十月革命_历史辩证法_帝国主义时代.md,25.0,苏联哲学与共产国际
十月革命 人类历史 新纪元,0864_十月革命_人类历史_新纪元.md,十月革命 马克思主义 中国传播,0860_十月革命_马克思主义_中国传播.md,23.95,苏联哲学与共产国际
十月革命 人类历史 新纪元,0864_十月革命_人类历史_新纪元.md,十月革命 落后国家 现代化道路,0865_十月革命_落后国家_现代化道路.md,23.95,苏联哲学与共产国际
十月革命 落后国家 现代化道路,0865_十月革命_落后国家_现代化道路.md,十月革命 社会主义现代化 道路,0867_十月革命_社会主义现代化_道路.md,30.29,苏联哲学与共产国际
十月革命 落后国家 现代化道路,0865_十月革命_落后国家_现代化道路.md,落后国家 社会主义建设 现代化,0666_落后国家_社会主义建设_现代化.md,26.58,苏联哲学与共产国际
十月革命 落后国家 现代化道路,0865_十月革命_落后国家_现代化道路.md,十月革命 历史道路 永存,0868_十月革命_历史道路_永存.md,25.88,苏联哲学与共产国际
十月革命 落后国家 现代化道路,0865_十月革命_落后国家_现代化道路.md,十月革命 中国革命 影响,0844_十月革命_中国革命_影响.md,24.41,苏联哲学与共产国际
十月革命 落后国家 现代化道路,0865_十月革命_落后国家_现代化道路.md,十月革命 人类历史 新纪元,0864_十月革命_人类历史_新纪元.md,23.95,苏联哲学与共产国际
十月革命 历史辩证法 帝国主义时代,0866_十月革命_历史辩证法_帝国主义时代.md,罗莎卢森堡 历史辩证法 总体性,1097_罗莎卢森堡_历史辩证法_总体性.md,29.55,苏联哲学与共产国际
十月革命 历史辩证法 帝国主义时代,0866_十月革命_历史辩证法_帝国主义时代.md,十月革命 历史道路 永存,0868_十月革命_历史道路_永存.md,26.94,苏联哲学与共产国际
十月革命 历史辩证法 帝国主义时代,0866_十月革命_历史辩证法_帝国主义时代.md,十月革命 人类历史 新纪元,0864_十月革命_人类历史_新纪元.md,25.0,苏联哲学与共产国际
十月革命 历史辩证法 帝国主义时代,0866_十月革命_历史辩证法_帝国主义时代.md,十月革命 马克思主义 中国传播,0860_十月革命_马克思主义_中国传播.md,24.55,苏联哲学与共产国际
十月革命 历史辩证法 帝国主义时代,0866_十月革命_历史辩证法_帝国主义时代.md,十月革命 社会主义现代化 道路,0867_十月革命_社会主义现代化_道路.md,24.55,苏联哲学与共产国际
十月革命 社会主义现代化 道路,0867_十月革命_社会主义现代化_道路.md,十月革命 落后国家 现代化道路,0865_十月革命_落后国家_现代化道路.md,30.29,苏联哲学与共产国际
十月革命 社会主义现代化 道路,0867_十月革命_社会主义现代化_道路.md,十月革命 历史道路 永存,0868_十月革命_历史道路_永存.md,25.88,苏联哲学与共产国际
十月革命 社会主义现代化 道路,0867_十月革命_社会主义现代化_道路.md,十月革命 马克思主义 中国传播,0860_十月革命_马克思主义_中国传播.md,25.0,苏联哲学与共产国际
十月革命 社会主义现代化 道路,0867_十月革命_社会主义现代化_道路.md,十月革命 胜利 马克思主义传播,0911_十月革命_胜利_马克思主义传播.md,25.0,苏联哲学与共产国际
十月革命 社会主义现代化 道路,0867_十月革命_社会主义现代化_道路.md,十月革命 历史辩证法 帝国主义时代,0866_十月革命_历史辩证法_帝国主义时代.md,24.55,苏联哲学与共产国际
十月革命 历史道路 永存,0868_十月革命_历史道路_永存.md,十月革命 历史辩证法 帝国主义时代,0866_十月革命_历史辩证法_帝国主义时代.md,26.94,苏联哲学与共产国际
十月革命 历史道路 永存,0868_十月革命_历史道路_永存.md,十月革命 人类历史 新纪元,0864_十月革命_人类历史_新纪元.md,26.67,苏联哲学与共产国际
十月革命 历史道路 永存,0868_十月革命_历史道路_永存.md,十月革命 落后国家 现代化道路,0865_十月革命_落后国家_现代化道路.md,25.88,苏联哲学与共产国际
十月革命 历史道路 永存,0868_十月革命_历史道路_永存.md,十月革命 社会主义现代化 道路,0867_十月革命_社会主义现代化_道路.md,25.88,苏联哲学与共产国际
十月革命 历史道路 永存,0868_十月革命_历史道路_永存.md,十月革命 中国革命 影响,0844_十月革命_中国革命_影响.md,25.36,苏联哲学与共产国际
一国胜利理论 列宁 社会主义革命,0869_一国胜利理论_列宁_社会主义革命.md,列宁主义 一国胜利理论 争论,0898_列宁主义_一国胜利理论_争论.md,40.29,苏联哲学与共产国际
一国胜利理论 列宁 社会主义革命,0869_一国胜利理论_列宁_社会主义革命.md,社会主义革命 形式 多样,1473_社会主义革命_形式_多样.md,37.35,苏联哲学与共产国际
一国胜利理论 列宁 社会主义革命,0869_一国胜利理论_列宁_社会主义革命.md,社会主义革命 建设 辩证法,0983_社会主义革命_建设_辩证法.md,36.94,苏联哲学与共产国际
一国胜利理论 列宁 社会主义革命,0869_一国胜利理论_列宁_社会主义革命.md,社会主义革命 建设 主观主义,1357_社会主义革命_建设_主观主义.md,36.94,苏联哲学与共产国际
一国胜利理论 列宁 社会主义革命,0869_一国胜利理论_列宁_社会主义革命.md,民主主义革命 社会主义革命 辩证统一,1049_民主主义革命_社会主义革命_辩证统一.md,36.25,苏联哲学与共产国际
帝国主义 资本主义发展不平衡 一国胜利,0870_帝国主义_资本主义发展不平衡_一国胜利.md,帝国主义 资本主义,1730_帝国主义_资本主义.md,30.0,政治经济学与资本主义批判
帝国主义 资本主义发展不平衡 一国胜利,0870_帝国主义_资本主义发展不平衡_一国胜利.md,帝国主义 资本主义最高阶段,1655_帝国主义_资本主义最高阶段.md,27.89,政治经济学与资本主义批判
帝国主义 资本主义发展不平衡 一国胜利,0870_帝国主义_资本主义发展不平衡_一国胜利.md,帝国主义 战争,1720_帝国主义_战争.md,24.41,政治经济学与资本主义批判
帝国主义 资本主义发展不平衡 一国胜利,0870_帝国主义_资本主义发展不平衡_一国胜利.md,帝国主义 德国,1760_帝国主义_德国.md,24.41,政治经济学与资本主义批判
帝国主义 资本主义发展不平衡 一国胜利,0870_帝国主义_资本主义发展不平衡_一国胜利.md,罗莎卢森堡 资本积累 帝国主义,1098_罗莎卢森堡_资本积累_帝国主义.md,24.35,政治经济学与资本主义批判
列宁 无产阶级专政 学说 发展,0871_列宁_无产阶级专政_学说_发展.md,列宁 国家 革命 无产阶级专政,0839_列宁_国家_革命_无产阶级专政.md,49.38,阶级斗争与社会革命理论
列宁 无产阶级专政 学说 发展,0871_列宁_无产阶级专政_学说_发展.md,列宁 批判考茨基 无产阶级专政,0874_列宁_批判考茨基_无产阶级专政.md,48.82,阶级斗争与社会革命理论
列宁 无产阶级专政 学说 发展,0871_列宁_无产阶级专政_学说_发展.md,国家 革命 无产阶级专政,1090_国家_革命_无产阶级专政.md,38.33,阶级斗争与社会革命理论
列宁 无产阶级专政 学说 发展,0871_列宁_无产阶级专政_学说_发展.md,国家与革命 无产阶级专政,1654_国家与革命_无产阶级专政.md,37.81,阶级斗争与社会革命理论
列宁 无产阶级专政 学说 发展,0871_列宁_无产阶级专政_学说_发展.md,哲学领域 无产阶级专政 苏联,0770_哲学领域_无产阶级专政_苏联.md,37.35,阶级斗争与社会革命理论
列宁 过渡时期 基本矛盾,0872_列宁_过渡时期_基本矛盾.md,列宁 过渡时期 阶级关系,0873_列宁_过渡时期_阶级关系.md,39.62,哲学基本范畴与辩证法原理
列宁 过渡时期 基本矛盾,0872_列宁_过渡时期_基本矛盾.md,过渡时期 工人阶级 民族资产阶级 矛盾,0680_过渡时期_工人阶级_民族资产阶级_矛盾.md,25.26,哲学基本范畴与辩证法原理
列宁 过渡时期 基本矛盾,0872_列宁_过渡时期_基本矛盾.md,苏联哲学 过渡时期 成就,0783_苏联哲学_过渡时期_成就.md,25.0,哲学基本范畴与辩证法原理
列宁 过渡时期 基本矛盾,0872_列宁_过渡时期_基本矛盾.md,过渡时期 总路线 理论贡献,0639_过渡时期_总路线_理论贡献.md,24.69,哲学基本范畴与辩证法原理
列宁 过渡时期 基本矛盾,0872_列宁_过渡时期_基本矛盾.md,苏联哲学 过渡时期 哲学斗争,0769_苏联哲学_过渡时期_哲学斗争.md,24.69,哲学基本范畴与辩证法原理
列宁 过渡时期 阶级关系,0873_列宁_过渡时期_阶级关系.md,列宁 过渡时期 基本矛盾,0872_列宁_过渡时期_基本矛盾.md,39.62,苏联哲学与共产国际
列宁 过渡时期 阶级关系,0873_列宁_过渡时期_阶级关系.md,过渡时期 工人阶级 民族资产阶级 矛盾,0680_过渡时期_工人阶级_民族资产阶级_矛盾.md,25.26,苏联哲学与共产国际
列宁 过渡时期 阶级关系,0873_列宁_过渡时期_阶级关系.md,苏联哲学 过渡时期 成就,0783_苏联哲学_过渡时期_成就.md,25.0,苏联哲学与共产国际
列宁 过渡时期 阶级关系,0873_列宁_过渡时期_阶级关系.md,过渡时期 总路线 理论贡献,0639_过渡时期_总路线_理论贡献.md,24.69,苏联哲学与共产国际
列宁 过渡时期 阶级关系,0873_列宁_过渡时期_阶级关系.md,苏联哲学 过渡时期 哲学斗争,0769_苏联哲学_过渡时期_哲学斗争.md,24.69,苏联哲学与共产国际
列宁 批判考茨基 无产阶级专政,0874_列宁_批判考茨基_无产阶级专政.md,列宁 国家 革命 无产阶级专政,0839_列宁_国家_革命_无产阶级专政.md,48.82,阶级斗争与社会革命理论
列宁 批判考茨基 无产阶级专政,0874_列宁_批判考茨基_无产阶级专政.md,列宁 无产阶级专政 学说 发展,0871_列宁_无产阶级专政_学说_发展.md,48.82,阶级斗争与社会革命理论
列宁 批判考茨基 无产阶级专政,0874_列宁_批判考茨基_无产阶级专政.md,国家 革命 无产阶级专政,1090_国家_革命_无产阶级专政.md,37.81,阶级斗争与社会革命理论
列宁 批判考茨基 无产阶级专政,0874_列宁_批判考茨基_无产阶级专政.md,国家与革命 无产阶级专政,1654_国家与革命_无产阶级专政.md,37.35,阶级斗争与社会革命理论
列宁 批判考茨基 无产阶级专政,0874_列宁_批判考茨基_无产阶级专政.md,哲学领域 无产阶级专政 苏联,0770_哲学领域_无产阶级专政_苏联.md,36.94,阶级斗争与社会革命理论
列宁 左倾错误 哲学批判,0875_列宁_左倾错误_哲学批判.md,列宁 新经济政策 哲学,0841_列宁_新经济政策_哲学.md,13.33,苏联哲学与共产国际
列宁 左倾错误 哲学批判,0875_列宁_左倾错误_哲学批判.md,列宁 晚期著作 哲学遗嘱,0890_列宁_晚期著作_哲学遗嘱.md,13.12,苏联哲学与共产国际
列宁 左倾错误 哲学批判,0875_列宁_左倾错误_哲学批判.md,十月革命后 列宁 哲学贡献,0784_十月革命后_列宁_哲学贡献.md,12.94,苏联哲学与共产国际
列宁 左倾错误 哲学批判,0875_列宁_左倾错误_哲学批判.md,列宁 唯物主义 经验批判论,0837_列宁_唯物主义_经验批判论.md,12.94,苏联哲学与共产国际
列宁 左倾错误 哲学批判,0875_列宁_左倾错误_哲学批判.md,无政府主义 理论批判 列宁,0880_无政府主义_理论批判_列宁.md,12.94,苏联哲学与共产国际
工作重心 经济建设 管理俄国,0876_工作重心_经济建设_管理俄国.md,社会主义 工作重心 经济文化建设,1273_社会主义_工作重心_经济文化建设.md,28.33,苏联哲学与共产国际
工作重心 经济建设 管理俄国,0876_工作重心_经济建设_管理俄国.md,列宁 经济建设 文化建设 政治建设,0892_列宁_经济建设_文化建设_政治建设.md,23.95,苏联哲学与共产国际
工作重心 经济建设 管理俄国,0876_工作重心_经济建设_管理俄国.md,根据地 政权建设 经济建设 文化建设,1205_根据地_政权建设_经济建设_文化建设.md,23.75,苏联哲学与共产国际
国家资本主义 过渡社会主义 列宁,0877_国家资本主义_过渡社会主义_列宁.md,社会主义 列宁,1840_社会主义_列宁.md,20.42,政治经济学与资本主义批判
国家资本主义 过渡社会主义 列宁,0877_国家资本主义_过渡社会主义_列宁.md,资本主义 列宁,1841_资本主义_列宁.md,20.42,政治经济学与资本主义批判
国家资本主义 过渡社会主义 列宁,0877_国家资本主义_过渡社会主义_列宁.md,列宁 社会主义建设 构想,0891_列宁_社会主义建设_构想.md,15.88,政治经济学与资本主义批判
国家资本主义 过渡社会主义 列宁,0877_国家资本主义_过渡社会主义_列宁.md,一国胜利理论 列宁 社会主义革命,0869_一国胜利理论_列宁_社会主义革命.md,14.76,政治经济学与资本主义批判
国家资本主义 过渡社会主义 列宁,0877_国家资本主义_过渡社会主义_列宁.md,战斗唯物主义 意义 列宁,0886_战斗唯物主义_意义_列宁.md,14.17,政治经济学与资本主义批判
两种制度 和平相处 列宁,0878_两种制度_和平相处_列宁.md,新经济政策 两种制度 对立斗争,0884_新经济政策_两种制度_对立斗争.md,24.17,苏联哲学与共产国际
两种制度 和平相处 列宁,0878_两种制度_和平相处_列宁.md,马克思 列宁,1843_马克思_列宁.md,12.08,苏联哲学与共产国际
两种制度 和平相处 列宁,0878_两种制度_和平相处_列宁.md,列宁 唯物主义,1753_列宁_唯物主义.md,11.92,苏联哲学与共产国际
两种制度 和平相处 列宁,0878_两种制度_和平相处_列宁.md,无产阶级 列宁,1839_无产阶级_列宁.md,11.92,苏联哲学与共产国际
两种制度 和平相处 列宁,0878_两种制度_和平相处_列宁.md,社会主义 列宁,1840_社会主义_列宁.md,11.92,苏联哲学与共产国际
革命道路 曲折性 列宁,0879_革命道路_曲折性_列宁.md,十月革命后 列宁 哲学贡献,0784_十月革命后_列宁_哲学贡献.md,13.12,苏联哲学与共产国际
革命道路 曲折性 列宁,0879_革命道路_曲折性_列宁.md,列宁 世界革命 唯物辩证法,0833_列宁_世界革命_唯物辩证法.md,13.12,苏联哲学与共产国际
革命道路 曲折性 列宁,0879_革命道路_曲折性_列宁.md,列宁 国家 革命 无产阶级专政,0839_列宁_国家_革命_无产阶级专政.md,12.94,苏联哲学与共产国际
革命道路 曲折性 列宁,0879_革命道路_曲折性_列宁.md,列宁 东方民族革命理论 中国影响,0846_列宁_东方民族革命理论_中国影响.md,12.63,苏联哲学与共产国际
革命道路 曲折性 列宁,0879_革命道路_曲折性_列宁.md,一国胜利理论 列宁 社会主义革命,0869_一国胜利理论_列宁_社会主义革命.md,12.63,苏联哲学与共产国际
无政府主义 理论批判 列宁,0880_无政府主义_理论批判_列宁.md,无政府主义 思潮 批判,1127_无政府主义_思潮_批判.md,34.62,苏联哲学与共产国际
无政府主义 理论批判 列宁,0880_无政府主义_理论批判_列宁.md,无政府主义 绝对自由 批判,1290_无政府主义_绝对自由_批判.md,33.33,苏联哲学与共产国际
无政府主义 理论批判 列宁,0880_无政府主义_理论批判_列宁.md,无政府主义 反对阶级斗争 批判,0035_无政府主义_反对阶级斗争_批判.md,32.35,苏联哲学与共产国际
无政府主义 理论批判 列宁,0880_无政府主义_理论批判_列宁.md,无政府主义 论争 哲学意义,1289_无政府主义_论争_哲学意义.md,31.25,苏联哲学与共产国际
无政府主义 理论批判 列宁,0880_无政府主义_理论批判_列宁.md,列宁 唯物主义 经验批判论,0837_列宁_唯物主义_经验批判论.md,14.41,苏联哲学与共产国际
民族自决权 民族政策 列宁,0881_民族自决权_民族政策_列宁.md,列宁 新经济政策,1656_列宁_新经济政策.md,13.85,苏联哲学与共产国际
民族自决权 民族政策 列宁,0881_民族自决权_民族政策_列宁.md,列宁 民族殖民地 理论,0840_列宁_民族殖民地_理论.md,13.33,苏联哲学与共产国际
民族自决权 民族政策 列宁,0881_民族自决权_民族政策_列宁.md,列宁 新经济政策 哲学,0841_列宁_新经济政策_哲学.md,13.33,苏联哲学与共产国际
民族自决权 民族政策 列宁,0881_民族自决权_民族政策_列宁.md,列宁 民族殖民地问题,1658_列宁_民族殖民地问题.md,13.33,苏联哲学与共产国际
民族自决权 民族政策 列宁,0881_民族自决权_民族政策_列宁.md,列宁 东方民族革命理论 中国影响,0846_列宁_东方民族革命理论_中国影响.md,12.5,苏联哲学与共产国际
新经济政策 生产力 生产关系,0882_新经济政策_生产力_生产关系.md,生产力 生产关系 讨论,0002_生产力_生产关系_讨论.md,45.42,历史唯物主义体系
新经济政策 生产力 生产关系,0882_新经济政策_生产力_生产关系.md,李达 生产力 生产关系,0316_李达_生产力_生产关系.md,45.42,历史唯物主义体系
新经济政策 生产力 生产关系,0882_新经济政策_生产力_生产关系.md,生产力 生产关系 斯大林,0906_生产力_生产关系_斯大林.md,44.62,历史唯物主义体系
新经济政策 生产力 生产关系,0882_新经济政策_生产力_生产关系.md,生产力 生产关系 历史规律,0016_生产力_生产关系_历史规律.md,43.93,历史唯物主义体系
新经济政策 生产力 生产关系,0882_新经济政策_生产力_生产关系.md,唯物史观 生产力 生产关系,0026_唯物史观_生产力_生产关系.md,43.93,历史唯物主义体系
新经济政策 商品经济 社会主义,0883_新经济政策_商品经济_社会主义.md,社会主义 商品经济 客观依据,1261_社会主义_商品经济_客观依据.md,49.38,政治经济学与资本主义批判
新经济政策 商品经济 社会主义,0883_新经济政策_商品经济_社会主义.md,列宁 新经济政策,1656_列宁_新经济政策.md,32.69,政治经济学与资本主义批判
新经济政策 商品经济 社会主义,0883_新经济政策_商品经济_社会主义.md,列宁 新经济政策 哲学,0841_列宁_新经济政策_哲学.md,31.67,政治经济学与资本主义批判
新经济政策 商品经济 社会主义,0883_新经济政策_商品经济_社会主义.md,新经济政策 生产力 生产关系,0882_新经济政策_生产力_生产关系.md,30.88,政治经济学与资本主义批判
新经济政策 商品经济 社会主义,0883_新经济政策_商品经济_社会主义.md,新经济政策 两种制度 对立斗争,0884_新经济政策_两种制度_对立斗争.md,30.26,政治经济学与资本主义批判
新经济政策 两种制度 对立斗争,0884_新经济政策_两种制度_对立斗争.md,列宁 新经济政策,1656_列宁_新经济政策.md,32.14,列宁哲学与社会主义实践
新经济政策 两种制度 对立斗争,0884_新经济政策_两种制度_对立斗争.md,列宁 新经济政策 哲学,0841_列宁_新经济政策_哲学.md,31.25,列宁哲学与社会主义实践
新经济政策 两种制度 对立斗争,0884_新经济政策_两种制度_对立斗争.md,新经济政策 生产力 生产关系,0882_新经济政策_生产力_生产关系.md,30.56,列宁哲学与社会主义实践
新经济政策 两种制度 对立斗争,0884_新经济政策_两种制度_对立斗争.md,新经济政策 商品经济 社会主义,0883_新经济政策_商品经济_社会主义.md,30.26,列宁哲学与社会主义实践
新经济政策 两种制度 对立斗争,0884_新经济政策_两种制度_对立斗争.md,两种制度 和平相处 列宁,0878_两种制度_和平相处_列宁.md,24.17,列宁哲学与社会主义实践
理论 实践 赋予活力 列宁,0885_理论_实践_赋予活力_列宁.md,列宁 实践 认识 辩证法,0835_列宁_实践_认识_辩证法.md,13.33,哲学基本范畴与辩证法原理
理论 实践 赋予活力 列宁,0885_理论_实践_赋予活力_列宁.md,列宁 民族殖民地 理论,0840_列宁_民族殖民地_理论.md,13.33,哲学基本范畴与辩证法原理
理论 实践 赋予活力 列宁,0885_理论_实践_赋予活力_列宁.md,无政府主义 理论批判 列宁,0880_无政府主义_理论批判_列宁.md,12.94,哲学基本范畴与辩证法原理
理论 实践 赋予活力 列宁,0885_理论_实践_赋予活力_列宁.md,列宁 东方民族革命理论 中国影响,0846_列宁_东方民族革命理论_中国影响.md,12.5,哲学基本范畴与辩证法原理
理论 实践 赋予活力 列宁,0885_理论_实践_赋予活力_列宁.md,一国胜利理论 列宁 社会主义革命,0869_一国胜利理论_列宁_社会主义革命.md,12.5,哲学基本范畴与辩证法原理
战斗唯物主义 意义 列宁,0886_战斗唯物主义_意义_列宁.md,战斗唯物主义 无神论 宣传,0888_战斗唯物主义_无神论_宣传.md,38.93,苏联哲学与共产国际
战斗唯物主义 意义 列宁,0886_战斗唯物主义_意义_列宁.md,战斗唯物主义 自然科学 联盟,0887_战斗唯物主义_自然科学_联盟.md,38.33,苏联哲学与共产国际
战斗唯物主义 意义 列宁,0886_战斗唯物主义_意义_列宁.md,列宁 唯物主义,1753_列宁_唯物主义.md,20.0,苏联哲学与共产国际
战斗唯物主义 意义 列宁,0886_战斗唯物主义_意义_列宁.md,历史唯物主义 辩证唯物主义 列宁,1800_历史唯物主义_辩证唯物主义_列宁.md,18.93,苏联哲学与共产国际
战斗唯物主义 意义 列宁,0886_战斗唯物主义_意义_列宁.md,社会主义 列宁,1840_社会主义_列宁.md,16.82,苏联哲学与共产国际
战斗唯物主义 自然科学 联盟,0887_战斗唯物主义_自然科学_联盟.md,战斗唯物主义 意义 列宁,0886_战斗唯物主义_意义_列宁.md,38.33,自然科学哲学与科学方法
战斗唯物主义 自然科学 联盟,0887_战斗唯物主义_自然科学_联盟.md,战斗唯物主义 无神论 宣传,0888_战斗唯物主义_无神论_宣传.md,37.81,自然科学哲学与科学方法
战斗唯物主义 自然科学 联盟,0887_战斗唯物主义_自然科学_联盟.md,胡适 理性主义 自然科学,0475_胡适_理性主义_自然科学.md,28.33,自然科学哲学与科学方法
战斗唯物主义 自然科学 联盟,0887_战斗唯物主义_自然科学_联盟.md,自然科学 唯物论 观念论,0415_自然科学_唯物论_观念论.md,26.25,自然科学哲学与科学方法
战斗唯物主义 自然科学 联盟,0887_战斗唯物主义_自然科学_联盟.md,德国 自然科学,1786_德国_自然科学.md,25.77,自然科学哲学与科学方法
战斗唯物主义 无神论 宣传,0888_战斗唯物主义_无神论_宣传.md,战斗唯物主义 意义 列宁,0886_战斗唯物主义_意义_列宁.md,38.93,宗教批判与无神论思想
战斗唯物主义 无神论 宣传,0888_战斗唯物主义_无神论_宣传.md,战斗唯物主义 自然科学 联盟,0887_战斗唯物主义_自然科学_联盟.md,37.81,宗教批判与无神论思想
战斗唯物主义 无神论 宣传,0888_战斗唯物主义_无神论_宣传.md,社会发展史 历史唯物主义 宣传,1223_社会发展史_历史唯物主义_宣传.md,15.56,宗教批判与无神论思想
战斗唯物主义 无神论 宣传,0888_战斗唯物主义_无神论_宣传.md,革命刊物 马克思主义理论 宣传,0939_革命刊物_马克思主义理论_宣传.md,13.95,宗教批判与无神论思想
战斗唯物主义 无神论 宣传,0888_战斗唯物主义_无神论_宣传.md,左翼文化运动 马克思主义理论 宣传,0926_左翼文化运动_马克思主义理论_宣传.md,13.57,宗教批判与无神论思想
新道德 培养新人 列宁,0889_新道德_培养新人_列宁.md,马克思 列宁,1843_马克思_列宁.md,12.27,苏联哲学与共产国际
新道德 培养新人 列宁,0889_新道德_培养新人_列宁.md,列宁 唯物主义,1753_列宁_唯物主义.md,12.08,苏联哲学与共产国际
新道德 培养新人 列宁,0889_新道德_培养新人_列宁.md,无产阶级 列宁,1839_无产阶级_列宁.md,12.08,苏联哲学与共产国际
新道德 培养新人 列宁,0889_新道德_培养新人_列宁.md,社会主义 列宁,1840_社会主义_列宁.md,12.08,苏联哲学与共产国际
新道德 培养新人 列宁,0889_新道德_培养新人_列宁.md,资本主义 列宁,1841_资本主义_列宁.md,12.08,苏联哲学与共产国际
列宁 晚期著作 哲学遗嘱,0890_列宁_晚期著作_哲学遗嘱.md,列宁 新经济政策 哲学,0841_列宁_新经济政策_哲学.md,13.33,苏联哲学与共产国际
列宁 晚期著作 哲学遗嘱,0890_列宁_晚期著作_哲学遗嘱.md,列宁 左倾错误 哲学批判,0875_列宁_左倾错误_哲学批判.md,13.12,苏联哲学与共产国际
列宁 晚期著作 哲学遗嘱,0890_列宁_晚期著作_哲学遗嘱.md,十月革命后 列宁 哲学贡献,0784_十月革命后_列宁_哲学贡献.md,12.94,苏联哲学与共产国际
列宁 晚期著作 哲学遗嘱,0890_列宁_晚期著作_哲学遗嘱.md,马克思 列宁,1843_马克思_列宁.md,12.08,苏联哲学与共产国际
列宁 晚期著作 哲学遗嘱,0890_列宁_晚期著作_哲学遗嘱.md,列宁 唯物主义,1753_列宁_唯物主义.md,11.92,苏联哲学与共产国际
列宁 社会主义建设 构想,0891_列宁_社会主义建设_构想.md,社会主义建设 重点 非重点,0674_社会主义建设_重点_非重点.md,39.62,社会主义建设与改革开放哲学反思
列宁 社会主义建设 构想,0891_列宁_社会主义建设_构想.md,社会主义建设 平衡 不平衡,0675_社会主义建设_平衡_不平衡.md,39.62,社会主义建设与改革开放哲学反思
列宁 社会主义建设 构想,0891_列宁_社会主义建设_构想.md,自由 必然 社会主义建设,0682_自由_必然_社会主义建设.md,39.62,社会主义建设与改革开放哲学反思
列宁 社会主义建设 构想,0891_列宁_社会主义建设_构想.md,社会主义建设 辩证法 探索,0672_社会主义建设_辩证法_探索.md,38.93,社会主义建设与改革开放哲学反思
列宁 社会主义建设 构想,0891_列宁_社会主义建设_构想.md,内部矛盾 外部矛盾 社会主义建设,0668_内部矛盾_外部矛盾_社会主义建设.md,38.33,社会主义建设与改革开放哲学反思
列宁 经济建设 文化建设 政治建设,0892_列宁_经济建设_文化建设_政治建设.md,根据地 政权建设 经济建设 文化建设,1205_根据地_政权建设_经济建设_文化建设.md,48.82,苏联哲学与共产国际
列宁 经济建设 文化建设 政治建设,0892_列宁_经济建设_文化建设_政治建设.md,文化建设,2020_文化建设.md,26.82,苏联哲学与共产国际
列宁 经济建设 文化建设 政治建设,0892_列宁_经济建设_文化建设_政治建设.md,毛泽东 文化观 文化建设,0631_毛泽东_文化观_文化建设.md,24.69,苏联哲学与共产国际
列宁 经济建设 文化建设 政治建设,0892_列宁_经济建设_文化建设_政治建设.md,工作重心 经济建设 管理俄国,0876_工作重心_经济建设_管理俄国.md,23.95,苏联哲学与共产国际
列宁 经济建设 文化建设 政治建设,0892_列宁_经济建设_文化建设_政治建设.md,列宁 新经济政策,1656_列宁_新经济政策.md,13.33,苏联哲学与共产国际
苏联哲学 机械论者 辩证论者 论争,0893_苏联哲学_机械论者_辩证论者_论争.md,苏联哲学 机械论者 辩证论者,0830_苏联哲学_机械论者_辩证论者.md,80.83,德波林派与机械论派论争
苏联哲学 机械论者 辩证论者 论争,0893_苏联哲学_机械论者_辩证论者_论争.md,机械论派 辩证论者 苏联哲学,0777_机械论派_辩证论者_苏联哲学.md,53.33,德波林派与机械论派论争
苏联哲学 机械论者 辩证论者 论争,0893_苏联哲学_机械论者_辩证论者_论争.md,机械论者 辩证论者 自然科学,1275_机械论者_辩证论者_自然科学.md,49.38,德波林派与机械论派论争
苏联哲学 机械论者 辩证论者 论争,0893_苏联哲学_机械论者_辩证论者_论争.md,苏联哲学 机械论 辩证论 论争 启示,0817_苏联哲学_机械论_辩证论_论争_启示.md,44.06,德波林派与机械论派论争
苏联哲学 机械论者 辩证论者 论争,0893_苏联哲学_机械论者_辩证论者_论争.md,机械论者 辩证法,1777_机械论者_辩证法.md,29.62,德波林派与机械论派论争
偶然性 必然性 苏联哲学,0894_偶然性_必然性_苏联哲学.md,必然性 偶然性 大众哲学,0401_必然性_偶然性_大众哲学.md,38.33,哲学基本范畴与辩证法原理
偶然性 必然性 苏联哲学,0894_偶然性_必然性_苏联哲学.md,人生意义 价值 偶然性 必然性,1450_人生意义_价值_偶然性_必然性.md,37.14,哲学基本范畴与辩证法原理
偶然性 必然性 苏联哲学,0894_偶然性_必然性_苏联哲学.md,拨乱反正 苏联哲学,0795_拨乱反正_苏联哲学.md,26.25,哲学基本范畴与辩证法原理
偶然性 必然性 苏联哲学,0894_偶然性_必然性_苏联哲学.md,新的困境 苏联哲学,0796_新的困境_苏联哲学.md,26.25,哲学基本范畴与辩证法原理
偶然性 必然性 苏联哲学,0894_偶然性_必然性_苏联哲学.md,苏联哲学 改革浪潮,0800_苏联哲学_改革浪潮.md,26.25,哲学基本范畴与辩证法原理
德波林学派 米丁 尤金 论争,0895_德波林学派_米丁_尤金_论争.md,德波林学派 批判 积极意义 消极后果,0896_德波林学派_批判_积极意义_消极后果.md,30.0,30年代苏联哲学批判运动
德波林学派 米丁 尤金 论争,0895_德波林学派_米丁_尤金_论争.md,中国社会性质 论争,0149_中国社会性质_论争.md,11.56,30年代苏联哲学批判运动
德波林学派 米丁 尤金 论争,0895_德波林学派_米丁_尤金_论争.md,问题与主义 关系 论争,0147_问题与主义_关系_论争.md,11.47,30年代苏联哲学批判运动
德波林学派 米丁 尤金 论争,0895_德波林学派_米丁_尤金_论争.md,古今中西 论争 中西体用,0768_古今中西_论争_中西体用.md,11.47,30年代苏联哲学批判运动
德波林学派 米丁 尤金 论争,0895_德波林学派_米丁_尤金_论争.md,唯物辩证法 问题 论争,1303_唯物辩证法_问题_论争.md,11.47,30年代苏联哲学批判运动
德波林学派 批判 积极意义 消极后果,0896_德波林学派_批判_积极意义_消极后果.md,德波林学派 米丁 尤金 论争,0895_德波林学派_米丁_尤金_论争.md,30.0,30年代苏联哲学批判运动
德波林学派 批判 积极意义 消极后果,0896_德波林学派_批判_积极意义_消极后果.md,德波林派 批判 教训,0780_德波林派_批判_教训.md,5.88,30年代苏联哲学批判运动
德波林学派 批判 积极意义 消极后果,0896_德波林学派_批判_积极意义_消极后果.md,德波林派 批判 对中国影响,0818_德波林派_批判_对中国影响.md,5.0,30年代苏联哲学批判运动
列宁主义 定义 思想来源 基本原则 争论,0897_列宁主义_定义_思想来源_基本原则_争论.md,列宁主义 一国胜利理论 争论,0898_列宁主义_一国胜利理论_争论.md,34.55,苏联哲学与共产国际
列宁主义 定义 思想来源 基本原则 争论,0897_列宁主义_定义_思想来源_基本原则_争论.md,列宁主义 早期传播,1651_列宁主义_早期传播.md,23.95,苏联哲学与共产国际
列宁主义 定义 思想来源 基本原则 争论,0897_列宁主义_定义_思想来源_基本原则_争论.md,列宁主义 形式 传入中国,0847_列宁主义_形式_传入中国.md,23.57,苏联哲学与共产国际
列宁主义 定义 思想来源 基本原则 争论,0897_列宁主义_定义_思想来源_基本原则_争论.md,列宁主义 新青年 瞿秋白,1652_列宁主义_新青年_瞿秋白.md,23.57,苏联哲学与共产国际
列宁主义 定义 思想来源 基本原则 争论,0897_列宁主义_定义_思想来源_基本原则_争论.md,马克思主义中国化 列宁主义,1810_马克思主义中国化_列宁主义.md,23.41,苏联哲学与共产国际
列宁主义 一国胜利理论 争论,0898_列宁主义_一国胜利理论_争论.md,一国胜利理论 列宁 社会主义革命,0869_一国胜利理论_列宁_社会主义革命.md,40.29,苏联哲学与共产国际
列宁主义 一国胜利理论 争论,0898_列宁主义_一国胜利理论_争论.md,列宁主义 定义 思想来源 基本原则 争论,0897_列宁主义_定义_思想来源_基本原则_争论.md,34.55,苏联哲学与共产国际
列宁主义 一国胜利理论 争论,0898_列宁主义_一国胜利理论_争论.md,列宁主义 早期传播,1651_列宁主义_早期传播.md,25.0,苏联哲学与共产国际
列宁主义 一国胜利理论 争论,0898_列宁主义_一国胜利理论_争论.md,列宁主义 形式 传入中国,0847_列宁主义_形式_传入中国.md,24.41,苏联哲学与共产国际
列宁主义 一国胜利理论 争论,0898_列宁主义_一国胜利理论_争论.md,列宁主义 新青年 瞿秋白,1652_列宁主义_新青年_瞿秋白.md,24.41,苏联哲学与共产国际
斯大林 辩证唯物主义 历史唯物主义,0899_斯大林_辩证唯物主义_历史唯物主义.md,辩证唯物主义 历史唯物主义 斯大林,0787_辩证唯物主义_历史唯物主义_斯大林.md,95.83,苏联哲学教条化与斯大林
斯大林 辩证唯物主义 历史唯物主义,0899_斯大林_辩证唯物主义_历史唯物主义.md,历史唯物主义 辩证唯物主义,1707_历史唯物主义_辩证唯物主义.md,74.58,苏联哲学教条化与斯大林
斯大林 辩证唯物主义 历史唯物主义,0899_斯大林_辩证唯物主义_历史唯物主义.md,辩证唯物主义 历史唯物主义 教科书,0933_辩证唯物主义_历史唯物主义_教科书.md,74.29,苏联哲学教条化与斯大林
斯大林 辩证唯物主义 历史唯物主义,0899_斯大林_辩证唯物主义_历史唯物主义.md,辩证唯物主义 历史唯物主义 教科书体系,1637_辩证唯物主义_历史唯物主义_教科书体系.md,72.5,苏联哲学教条化与斯大林
斯大林 辩证唯物主义 历史唯物主义,0899_斯大林_辩证唯物主义_历史唯物主义.md,历史唯物主义 辩证唯物主义 列宁,1800_历史唯物主义_辩证唯物主义_列宁.md,72.5,苏联哲学教条化与斯大林
苏联哲学 联共中央 干预,0900_苏联哲学_联共中央_干预.md,拨乱反正 苏联哲学,0795_拨乱反正_苏联哲学.md,25.77,30年代苏联哲学批判运动
苏联哲学 联共中央 干预,0900_苏联哲学_联共中央_干预.md,新的困境 苏联哲学,0796_新的困境_苏联哲学.md,25.77,30年代苏联哲学批判运动
苏联哲学 联共中央 干预,0900_苏联哲学_联共中央_干预.md,苏联哲学 改革浪潮,0800_苏联哲学_改革浪潮.md,25.77,30年代苏联哲学批判运动
苏联哲学 联共中央 干预,0900_苏联哲学_联共中央_干预.md,苏联哲学 历史反思,0801_苏联哲学_历史反思.md,25.77,30年代苏联哲学批判运动
苏联哲学 联共中央 干预,0900_苏联哲学_联共中央_干预.md,苏联哲学 存在问题,0802_苏联哲学_存在问题.md,25.77,30年代苏联哲学批判运动
高度统一 计划经济 苏联,0901_高度统一_计划经济_苏联.md,中国知识界 苏联 计划,1831_中国知识界_苏联_计划.md,13.33,苏联哲学与共产国际
高度统一 计划经济 苏联,0901_高度统一_计划经济_苏联.md,高度集权 行政管理 苏联,0902_高度集权_行政管理_苏联.md,13.12,苏联哲学与共产国际
高度统一 计划经济 苏联,0901_高度统一_计划经济_苏联.md,苏联 政治经济学教科书 毛泽东,0913_苏联_政治经济学教科书_毛泽东.md,12.63,苏联哲学与共产国际
高度统一 计划经济 苏联,0901_高度统一_计划经济_苏联.md,哲学 党性 苏联,0782_哲学_党性_苏联.md,11.92,苏联哲学与共产国际
高度统一 计划经济 苏联,0901_高度统一_计划经济_苏联.md,资产阶级哲学 苏联 哲学斗争,0771_资产阶级哲学_苏联_哲学斗争.md,11.39,苏联哲学与共产国际
高度集权 行政管理 苏联,0902_高度集权_行政管理_苏联.md,高度统一 计划经济 苏联,0901_高度统一_计划经济_苏联.md,13.12,苏联哲学与共产国际
高度集权 行政管理 苏联,0902_高度集权_行政管理_苏联.md,哲学 党性 苏联,0782_哲学_党性_苏联.md,11.92,苏联哲学与共产国际
高度集权 行政管理 苏联,0902_高度集权_行政管理_苏联.md,中国知识界 苏联 计划,1831_中国知识界_苏联_计划.md,11.56,苏联哲学与共产国际
高度集权 行政管理 苏联,0902_高度集权_行政管理_苏联.md,资产阶级哲学 苏联 哲学斗争,0771_资产阶级哲学_苏联_哲学斗争.md,11.39,苏联哲学与共产国际
高度集权 行政管理 苏联,0902_高度集权_行政管理_苏联.md,马克思主义哲学 传播 苏联,0785_马克思主义哲学_传播_苏联.md,11.39,苏联哲学与共产国际
苏联 哲学讨论会 哲学史对象,0903_苏联_哲学讨论会_哲学史对象.md,1947年 哲学讨论会 苏联,0791_1947年_哲学讨论会_苏联.md,42.81,苏联哲学与共产国际
苏联 哲学讨论会 哲学史对象,0903_苏联_哲学讨论会_哲学史对象.md,资产阶级哲学 苏联 哲学斗争,0771_资产阶级哲学_苏联_哲学斗争.md,14.41,苏联哲学与共产国际
苏联 哲学讨论会 哲学史对象,0903_苏联_哲学讨论会_哲学史对象.md,哲学 党性 苏联,0782_哲学_党性_苏联.md,13.85,苏联哲学与共产国际
苏联 哲学讨论会 哲学史对象,0903_苏联_哲学讨论会_哲学史对象.md,马克思主义哲学 传播 苏联,0785_马克思主义哲学_传播_苏联.md,12.78,苏联哲学与共产国际
苏联 哲学讨论会 哲学史对象,0903_苏联_哲学讨论会_哲学史对象.md,哲学领域 无产阶级专政 苏联,0770_哲学领域_无产阶级专政_苏联.md,12.63,苏联哲学与共产国际
斯大林 语言学问题 经济基础 上层建筑,0904_斯大林_语言学问题_经济基础_上层建筑.md,语言学问题 经济基础 上层建筑,0003_语言学问题_经济基础_上层建筑.md,85.0,历史唯物主义体系
斯大林 语言学问题 经济基础 上层建筑,0904_斯大林_语言学问题_经济基础_上层建筑.md,李达 经济基础 上层建筑,0315_李达_经济基础_上层建筑.md,50.29,历史唯物主义体系
斯大林 语言学问题 经济基础 上层建筑,0904_斯大林_语言学问题_经济基础_上层建筑.md,经济基础 上层建筑 相互作用,0019_经济基础_上层建筑_相互作用.md,49.21,历史唯物主义体系
斯大林 语言学问题 经济基础 上层建筑,0904_斯大林_语言学问题_经济基础_上层建筑.md,唯物史观 经济基础 上层建筑,0027_唯物史观_经济基础_上层建筑.md,49.21,历史唯物主义体系
斯大林 语言学问题 经济基础 上层建筑,0904_斯大林_语言学问题_经济基础_上层建筑.md,经济基础 上层建筑 过渡时期,0641_经济基础_上层建筑_过渡时期.md,49.21,历史唯物主义体系
斯大林 社会基本矛盾 质变形式,0905_斯大林_社会基本矛盾_质变形式.md,苏联社会主义经济问题 斯大林,0793_苏联社会主义经济问题_斯大林.md,18.57,苏联哲学教条化与斯大林
斯大林 社会基本矛盾 质变形式,0905_斯大林_社会基本矛盾_质变形式.md,斯大林 哲学 火药味,0789_斯大林_哲学_火药味.md,17.94,苏联哲学教条化与斯大林
斯大林 社会基本矛盾 质变形式,0905_斯大林_社会基本矛盾_质变形式.md,生产力 生产关系 斯大林,0906_生产力_生产关系_斯大林.md,17.78,苏联哲学教条化与斯大林
斯大林 社会基本矛盾 质变形式,0905_斯大林_社会基本矛盾_质变形式.md,苏联哲学 教条化 斯大林,0790_苏联哲学_教条化_斯大林.md,17.63,苏联哲学教条化与斯大林
斯大林 社会基本矛盾 质变形式,0905_斯大林_社会基本矛盾_质变形式.md,斯大林 哲学著作 贡献 不足,0788_斯大林_哲学著作_贡献_不足.md,17.5,苏联哲学教条化与斯大林
生产力 生产关系 斯大林,0906_生产力_生产关系_斯大林.md,生产力 生产关系 讨论,0002_生产力_生产关系_讨论.md,47.5,历史唯物主义体系
生产力 生产关系 斯大林,0906_生产力_生产关系_斯大林.md,李达 生产力 生产关系,0316_李达_生产力_生产关系.md,47.5,历史唯物主义体系
生产力 生产关系 斯大林,0906_生产力_生产关系_斯大林.md,生产力 生产关系 历史规律,0016_生产力_生产关系_历史规律.md,45.42,历史唯物主义体系
生产力 生产关系 斯大林,0906_生产力_生产关系_斯大林.md,唯物史观 生产力 生产关系,0026_唯物史观_生产力_生产关系.md,45.42,历史唯物主义体系
生产力 生产关系 斯大林,0906_生产力_生产关系_斯大林.md,生产力 生产关系 交互作用,0044_生产力_生产关系_交互作用.md,45.42,历史唯物主义体系
苏联哲学家 著作 翻译出版,0907_苏联哲学家_著作_翻译出版.md,马克思主义哲学 经典著作 翻译出版,0104_马克思主义哲学_经典著作_翻译出版.md,28.33,苏联哲学与共产国际
苏联哲学家 著作 翻译出版,0907_苏联哲学家_著作_翻译出版.md,马列著作 翻译出版 新中国,0637_马列著作_翻译出版_新中国.md,28.33,苏联哲学与共产国际
苏联哲学家 著作 翻译出版,0907_苏联哲学家_著作_翻译出版.md,翻译出版 马列著作,1768_翻译出版_马列著作.md,27.69,苏联哲学与共产国际
苏联哲学家 著作 翻译出版,0907_苏联哲学家_著作_翻译出版.md,五四时期 马克思主义著作 翻译 出版,0144_五四时期_马克思主义著作_翻译_出版.md,6.58,苏联哲学与共产国际
苏联哲学家 著作 翻译出版,0907_苏联哲学家_著作_翻译出版.md,拨乱反正 苏联哲学,0795_拨乱反正_苏联哲学.md,5.36,苏联哲学与共产国际
苏联经济建设 经验教训 认识,0908_苏联经济建设_经验教训_认识.md,苏联哲学 70年 经验教训,0806_苏联哲学_70年_经验教训.md,25.88,哲学基本范畴与辩证法原理
苏联经济建设 经验教训 认识,0908_苏联经济建设_经验教训_认识.md,苏联哲学 政治化 经验教训,0808_苏联哲学_政治化_经验教训.md,25.88,哲学基本范畴与辩证法原理
苏联经济建设 经验教训 认识,0908_苏联经济建设_经验教训_认识.md,苏联哲学 教条主义 经验教训,0807_苏联哲学_教条主义_经验教训.md,25.56,哲学基本范畴与辩证法原理
苏联经济建设 经验教训 认识,0908_苏联经济建设_经验教训_认识.md,辛亥革命 意义 经验教训,1124_辛亥革命_意义_经验教训.md,24.41,哲学基本范畴与辩证法原理
苏联经济建设 经验教训 认识,0908_苏联经济建设_经验教训_认识.md,大革命失败 原因 经验教训,1142_大革命失败_原因_经验教训.md,24.17,哲学基本范畴与辩证法原理
俄国 辩证唯物论 思想 介绍,0909_俄国_辩证唯物论_思想_介绍.md,辩证唯物论 分歧 争论,1033_辩证唯物论_分歧_争论.md,32.14,苏联哲学与共产国际
俄国 辩证唯物论 思想 介绍,0909_俄国_辩证唯物论_思想_介绍.md,历史唯物论 辩证唯物论 米丁,1809_历史唯物论_辩证唯物论_米丁.md,31.67,苏联哲学与共产国际
俄国 辩证唯物论 思想 介绍,0909_俄国_辩证唯物论_思想_介绍.md,李达 辩证唯物论 系统传播,0342_李达_辩证唯物论_系统传播.md,31.25,苏联哲学与共产国际
俄国 辩证唯物论 思想 介绍,0909_俄国_辩证唯物论_思想_介绍.md,辩证唯物论 历史唯物论 传播体系,0057_辩证唯物论_历史唯物论_传播体系.md,30.88,苏联哲学与共产国际
俄国 辩证唯物论 思想 介绍,0909_俄国_辩证唯物论_思想_介绍.md,杜威 思想 介绍,1404_杜威_思想_介绍.md,16.25,苏联哲学与共产国际
十月革命 五四运动 马克思主义传播,0910_十月革命_五四运动_马克思主义传播.md,十月革命 胜利 马克思主义传播,0911_十月革命_胜利_马克思主义传播.md,68.24,五四时期马克思主义传播
十月革命 五四运动 马克思主义传播,0910_十月革命_五四运动_马克思主义传播.md,五四时期 新思潮 马克思主义传播,0128_五四时期_新思潮_马克思主义传播.md,43.75,五四时期马克思主义传播
十月革命 五四运动 马克思主义传播,0910_十月革命_五四运动_马克思主义传播.md,改良派 民主革命派 马克思主义传播,0091_改良派_民主革命派_马克思主义传播.md,43.33,五四时期马克思主义传播
十月革命 五四运动 马克思主义传播,0910_十月革命_五四运动_马克思主义传播.md,李达 马克思主义传播 活动,0283_李达_马克思主义传播_活动.md,43.33,五四时期马克思主义传播
十月革命 五四运动 马克思主义传播,0910_十月革命_五四运动_马克思主义传播.md,辛亥革命后 国民党人 马克思主义传播,0092_辛亥革命后_国民党人_马克思主义传播.md,42.95,五四时期马克思主义传播
十月革命 胜利 马克思主义传播,0911_十月革命_胜利_马克思主义传播.md,十月革命 五四运动 马克思主义传播,0910_十月革命_五四运动_马克思主义传播.md,68.24,苏联哲学与共产国际
十月革命 胜利 马克思主义传播,0911_十月革命_胜利_马克思主义传播.md,李达 马克思主义传播 活动,0283_李达_马克思主义传播_活动.md,44.38,苏联哲学与共产国际
十月革命 胜利 马克思主义传播,0911_十月革命_胜利_马克思主义传播.md,改良派 民主革命派 马克思主义传播,0091_改良派_民主革命派_马克思主义传播.md,44.21,苏联哲学与共产国际
十月革命 胜利 马克思主义传播,0911_十月革命_胜利_马克思主义传播.md,李大钊 马克思主义传播 活动,0278_李大钊_马克思主义传播_活动.md,43.82,苏联哲学与共产国际
十月革命 胜利 马克思主义传播,0911_十月革命_胜利_马克思主义传播.md,陈独秀 马克思主义传播 活动,0281_陈独秀_马克思主义传播_活动.md,43.82,苏联哲学与共产国际
苏联经验 神圣化 批判,0912_苏联经验_神圣化_批判.md,马克思主义哲学 历史使命 苏联经验,0821_马克思主义哲学_历史使命_苏联经验.md,23.95,苏联哲学与共产国际
苏联 政治经济学教科书 毛泽东,0913_苏联_政治经济学教科书_毛泽东.md,毛泽东 读 政治经济学教科书,0625_毛泽东_读_政治经济学教科书.md,71.07,苏联哲学对中国马克思主义哲学的影响
苏联 政治经济学教科书 毛泽东,0913_苏联_政治经济学教科书_毛泽东.md,毛泽东 读哲学 苏联教科书,0863_毛泽东_读哲学_苏联教科书.md,22.35,苏联哲学对中国马克思主义哲学的影响
苏联 政治经济学教科书 毛泽东,0913_苏联_政治经济学教科书_毛泽东.md,毛泽东 世界观 转变,0573_毛泽东_世界观_转变.md,17.94,苏联哲学对中国马克思主义哲学的影响
苏联 政治经济学教科书 毛泽东,0913_苏联_政治经济学教科书_毛泽东.md,矛盾论 辩证 毛泽东,0630_矛盾论_辩证_毛泽东.md,17.94,苏联哲学对中国马克思主义哲学的影响
苏联 政治经济学教科书 毛泽东,0913_苏联_政治经济学教科书_毛泽东.md,毛泽东 建党思想 形成,0506_毛泽东_建党思想_形成.md,17.78,苏联哲学对中国马克思主义哲学的影响
俄国 新哲学 发展中心,0914_俄国_新哲学_发展中心.md,大众哲学 新哲学,1773_大众哲学_新哲学.md,19.55,哲学基本范畴与辩证法原理
俄国 新哲学 发展中心,0914_俄国_新哲学_发展中心.md,大众化 新哲学,1838_大众化_新哲学.md,19.55,哲学基本范畴与辩证法原理
俄国 新哲学 发展中心,0914_俄国_新哲学_发展中心.md,哲学大众化 新哲学,1706_哲学大众化_新哲学.md,19.17,哲学基本范畴与辩证法原理
俄国 新哲学 发展中心,0914_俄国_新哲学_发展中心.md,张申府 新哲学 思想,0369_张申府_新哲学_思想.md,18.85,哲学基本范畴与辩证法原理
俄国 新哲学 发展中心,0914_俄国_新哲学_发展中心.md,新哲学 人生观 问题,0393_新哲学_人生观_问题.md,18.85,哲学基本范畴与辩证法原理
中国马克思主义 学术史 研究,0915_中国马克思主义_学术史_研究.md,中国马克思主义 学术史 起步,0917_中国马克思主义_学术史_起步.md,67.31,中国马克思主义哲学史学科建设
中国马克思主义 学术史 研究,0915_中国马克思主义_学术史_研究.md,中国马克思主义 学术史 阶段,0921_中国马克思主义_学术史_阶段.md,67.31,中国马克思主义哲学史学科建设
中国马克思主义 学术史 研究,0915_中国马克思主义_学术史_研究.md,中国马克思主义 学术史 职业学者,0257_中国马克思主义_学术史_职业学者.md,65.0,中国马克思主义哲学史学科建设
中国马克思主义 学术史 研究,0915_中国马克思主义_学术史_研究.md,中国马克思主义 学术共同体 形成,0975_中国马克思主义_学术共同体_形成.md,47.5,中国马克思主义哲学史学科建设
中国马克思主义 学术史 研究,0915_中国马克思主义_学术史_研究.md,中国马克思主义 马克思主义者,1788_中国马克思主义_马克思主义者.md,46.54,中国马克思主义哲学史学科建设
马克思主义 领袖人物 学术史,0916_马克思主义_领袖人物_学术史.md,中国马克思主义 学术史 研究,0915_中国马克思主义_学术史_研究.md,24.38,中国马克思主义哲学史学科建设
马克思主义 领袖人物 学术史,0916_马克思主义_领袖人物_学术史.md,中国马克思主义 学术史 起步,0917_中国马克思主义_学术史_起步.md,24.38,中国马克思主义哲学史学科建设
马克思主义 领袖人物 学术史,0916_马克思主义_领袖人物_学术史.md,中国马克思主义 学术史 阶段,0921_中国马克思主义_学术史_阶段.md,24.38,中国马克思主义哲学史学科建设
马克思主义 领袖人物 学术史,0916_马克思主义_领袖人物_学术史.md,马克思主义中国化 提出 学术史,0920_马克思主义中国化_提出_学术史.md,23.82,中国马克思主义哲学史学科建设
马克思主义 领袖人物 学术史,0916_马克思主义_领袖人物_学术史.md,中国马克思主义 学术史 职业学者,0257_中国马克思主义_学术史_职业学者.md,23.33,中国马克思主义哲学史学科建设
中国马克思主义 学术史 起步,0917_中国马克思主义_学术史_起步.md,中国马克思主义 学术史 研究,0915_中国马克思主义_学术史_研究.md,67.31,中国马克思主义哲学史学科建设
中国马克思主义 学术史 起步,0917_中国马克思主义_学术史_起步.md,中国马克思主义 学术史 阶段,0921_中国马克思主义_学术史_阶段.md,67.31,中国马克思主义哲学史学科建设
中国马克思主义 学术史 起步,0917_中国马克思主义_学术史_起步.md,中国马克思主义 学术史 职业学者,0257_中国马克思主义_学术史_职业学者.md,65.0,中国马克思主义哲学史学科建设
中国马克思主义 学术史 起步,0917_中国马克思主义_学术史_起步.md,中国马克思主义 学术共同体 形成,0975_中国马克思主义_学术共同体_形成.md,47.5,中国马克思主义哲学史学科建设
中国马克思主义 学术史 起步,0917_中国马克思主义_学术史_起步.md,中国马克思主义 马克思主义者,1788_中国马克思主义_马克思主义者.md,46.54,中国马克思主义哲学史学科建设
马克思主义 哲学 社会科学 学科化,0918_马克思主义_哲学_社会科学_学科化.md,马克思主义哲学 学科化 问题,0936_马克思主义哲学_学科化_问题.md,30.0,中国马克思主义哲学史学科建设
马克思主义 哲学 社会科学 学科化,0918_马克思主义_哲学_社会科学_学科化.md,马克思主义 哲学 政治经济学 科学社会主义,1181_马克思主义_哲学_政治经济学_科学社会主义.md,13.16,中国马克思主义哲学史学科建设
马克思主义 哲学 社会科学 学科化,0918_马克思主义_哲学_社会科学_学科化.md,通俗宣传 马克思主义哲学 社会基础,1202_通俗宣传_马克思主义哲学_社会基础.md,10.53,中国马克思主义哲学史学科建设
马克思主义 哲学 社会科学 学科化,0918_马克思主义_哲学_社会科学_学科化.md,马克思主义哲学 学习 新局面,1341_马克思主义哲学_学习_新局面.md,10.29,中国马克思主义哲学史学科建设
马克思主义 哲学 社会科学 学科化,0918_马克思主义_哲学_社会科学_学科化.md,马克思主义哲学 分支学科 产生,0934_马克思主义哲学_分支学科_产生.md,9.72,中国马克思主义哲学史学科建设
唯物辩证法论战 学术史,0919_唯物辩证法论战_学术史.md,张东荪 唯物辩证法论战,1607_张东荪_唯物辩证法论战.md,47.5,中国马克思主义哲学史学科建设
唯物辩证法论战 学术史,0919_唯物辩证法论战_学术史.md,唯物辩证法论战 大众哲学,1610_唯物辩证法论战_大众哲学.md,46.54,中国马克思主义哲学史学科建设
唯物辩证法论战 学术史,0919_唯物辩证法论战_学术史.md,唯物辩证法论战 中国马克思主义,0971_唯物辩证法论战_中国马克思主义.md,44.38,中国马克思主义哲学史学科建设
唯物辩证法论战 学术史,0919_唯物辩证法论战_学术史.md,唯物辩证法论战 马克思主义哲学,1426_唯物辩证法论战_马克思主义哲学.md,44.38,中国马克思主义哲学史学科建设
唯物辩证法论战 学术史,0919_唯物辩证法论战_学术史.md,唯物辩证法论战 马克思主义哲学 哲学大众化,1789_唯物辩证法论战_马克思主义哲学_哲学大众化.md,42.5,中国马克思主义哲学史学科建设
马克思主义中国化 提出 学术史,0920_马克思主义中国化_提出_学术史.md,学术论战 马克思主义中国化,0974_学术论战_马克思主义中国化.md,53.33,马克思主义中国化命题的提出
马克思主义中国化 提出 学术史,0920_马克思主义中国化_提出_学术史.md,马克思主义中国化 前瞻,1180_马克思主义中国化_前瞻.md,52.5,马克思主义中国化命题的提出
马克思主义中国化 提出 学术史,0920_马克思主义中国化_提出_学术史.md,马克思主义中国化 提法 具体化,1620_马克思主义中国化_提法_具体化.md,52.5,马克思主义中国化命题的提出
马克思主义中国化 提出 学术史,0920_马克思主义中国化_提出_学术史.md,起源 马克思主义中国化,1761_起源_马克思主义中国化.md,52.5,马克思主义中国化命题的提出
马克思主义中国化 提出 学术史,0920_马克思主义中国化_提出_学术史.md,马克思主义中国化 思潮,1827_马克思主义中国化_思潮.md,52.5,马克思主义中国化命题的提出
中国马克思主义 学术史 阶段,0921_中国马克思主义_学术史_阶段.md,中国马克思主义 学术史 研究,0915_中国马克思主义_学术史_研究.md,67.31,中国马克思主义哲学史学科建设
中国马克思主义 学术史 阶段,0921_中国马克思主义_学术史_阶段.md,中国马克思主义 学术史 起步,0917_中国马克思主义_学术史_起步.md,67.31,中国马克思主义哲学史学科建设
中国马克思主义 学术史 阶段,0921_中国马克思主义_学术史_阶段.md,中国马克思主义 学术史 职业学者,0257_中国马克思主义_学术史_职业学者.md,65.0,中国马克思主义哲学史学科建设
中国马克思主义 学术史 阶段,0921_中国马克思主义_学术史_阶段.md,中国马克思主义 学术共同体 形成,0975_中国马克思主义_学术共同体_形成.md,47.5,中国马克思主义哲学史学科建设
中国马克思主义 学术史 阶段,0921_中国马克思主义_学术史_阶段.md,中国马克思主义 马克思主义者,1788_中国马克思主义_马克思主义者.md,46.54,中国马克思主义哲学史学科建设
马克思主义理论 一级学科 建设,0922_马克思主义理论_一级学科_建设.md,革命刊物 马克思主义理论 宣传,0939_革命刊物_马克思主义理论_宣传.md,43.33,中国马克思主义哲学史学科建设
马克思主义理论 一级学科 建设,0922_马克思主义理论_一级学科_建设.md,国统区 马克思主义理论 研究宣传,0927_国统区_马克思主义理论_研究宣传.md,42.89,中国马克思主义哲学史学科建设
马克思主义理论 一级学科 建设,0922_马克思主义理论_一级学科_建设.md,左翼文化运动 马克思主义理论 宣传,0926_左翼文化运动_马克思主义理论_宣传.md,42.5,中国马克思主义哲学史学科建设
马克思主义理论 一级学科 建设,0922_马克思主义理论_一级学科_建设.md,社会主义革命 建设 辩证法,0983_社会主义革命_建设_辩证法.md,12.5,中国马克思主义哲学史学科建设
马克思主义理论 一级学科 建设,0922_马克思主义理论_一级学科_建设.md,社会主义革命 建设 主观主义,1357_社会主义革命_建设_主观主义.md,12.5,中国马克思主义哲学史学科建设
哲学研究机构 教育体系 建设,0923_哲学研究机构_教育体系_建设.md,改造 建设 结合,1350_改造_建设_结合.md,11.67,青年教育与人生观
哲学研究机构 教育体系 建设,0923_哲学研究机构_教育体系_建设.md,社会主义革命 建设 辩证法,0983_社会主义革命_建设_辩证法.md,11.25,青年教育与人生观
哲学研究机构 教育体系 建设,0923_哲学研究机构_教育体系_建设.md,社会主义革命 建设 主观主义,1357_社会主义革命_建设_主观主义.md,11.25,青年教育与人生观
哲学研究机构 教育体系 建设,0923_哲学研究机构_教育体系_建设.md,马克思主义理论 一级学科 建设,0922_马克思主义理论_一级学科_建设.md,11.14,青年教育与人生观
哲学研究机构 教育体系 建设,0923_哲学研究机构_教育体系_建设.md,哲学研究,1984_哲学研究.md,6.82,青年教育与人生观
马克思主义哲学史 研究 新拓展,0924_马克思主义哲学史_研究_新拓展.md,马克思主义哲学史 研究视域 局限,0937_马克思主义哲学史_研究视域_局限.md,54.06,中国马克思主义哲学史学科建设
马克思主义哲学史 研究 新拓展,0924_马克思主义哲学史_研究_新拓展.md,马克思主义人学 研究 新拓展,1046_马克思主义人学_研究_新拓展.md,28.33,中国马克思主义哲学史学科建设
马克思主义哲学史 研究 新拓展,0924_马克思主义哲学史_研究_新拓展.md,毛泽东哲学思想 研究 新拓展,0496_毛泽东哲学思想_研究_新拓展.md,21.94,中国马克思主义哲学史学科建设
马克思主义哲学史 研究 新拓展,0924_马克思主义哲学史_研究_新拓展.md,马克思主义哲学 指导 中国哲学史研究,0717_马克思主义哲学_指导_中国哲学史研究.md,13.24,中国马克思主义哲学史学科建设
马克思主义哲学史 研究 新拓展,0924_马克思主义哲学史_研究_新拓展.md,李达 马克思主义哲学 研究,0267_李达_马克思主义哲学_研究.md,11.67,中国马克思主义哲学史学科建设
教科书形态 马克思主义哲学,0925_教科书形态_马克思主义哲学.md,苏联 教科书形态 马克思主义哲学,0824_苏联_教科书形态_马克思主义哲学.md,81.15,马克思主义哲学教科书体系
教科书形态 马克思主义哲学,0925_教科书形态_马克思主义哲学.md,马克思主义哲学 教科书形式 传播,0096_马克思主义哲学_教科书形式_传播.md,50.0,马克思主义哲学教科书体系
教科书形态 马克思主义哲学,0925_教科书形态_马克思主义哲学.md,马克思主义哲学 教科书 启示,1815_马克思主义哲学_教科书_启示.md,49.29,马克思主义哲学教科书体系
教科书形态 马克思主义哲学,0925_教科书形态_马克思主义哲学.md,马克思主义哲学 教科书 中国化,0928_马克思主义哲学_教科书_中国化.md,48.33,马克思主义哲学教科书体系
教科书形态 马克思主义哲学,0925_教科书形态_马克思主义哲学.md,马克思主义哲学 教科书传播 特点,0097_马克思主义哲学_教科书传播_特点.md,47.5,马克思主义哲学教科书体系
左翼文化运动 马克思主义理论 宣传,0926_左翼文化运动_马克思主义理论_宣传.md,革命刊物 马克思主义理论 宣传,0939_革命刊物_马克思主义理论_宣传.md,56.11,马克思恩格斯经典文本与哲学关系
左翼文化运动 马克思主义理论 宣传,0926_左翼文化运动_马克思主义理论_宣传.md,国统区 马克思主义理论 研究宣传,0927_国统区_马克思主义理论_研究宣传.md,43.75,马克思恩格斯经典文本与哲学关系
左翼文化运动 马克思主义理论 宣传,0926_左翼文化运动_马克思主义理论_宣传.md,马克思主义理论 一级学科 建设,0922_马克思主义理论_一级学科_建设.md,42.5,马克思恩格斯经典文本与哲学关系
左翼文化运动 马克思主义理论 宣传,0926_左翼文化运动_马克思主义理论_宣传.md,陈独秀 马克思主义哲学 宣传,0306_陈独秀_马克思主义哲学_宣传.md,16.25,马克思恩格斯经典文本与哲学关系
左翼文化运动 马克思主义理论 宣传,0926_左翼文化运动_马克思主义理论_宣传.md,瞿秋白 马克思主义哲学 宣传,0310_瞿秋白_马克思主义哲学_宣传.md,16.25,马克思恩格斯经典文本与哲学关系
国统区 马克思主义理论 研究宣传,0927_国统区_马克思主义理论_研究宣传.md,革命刊物 马克思主义理论 宣传,0939_革命刊物_马克思主义理论_宣传.md,44.72,马克思恩格斯经典文本与哲学关系
国统区 马克思主义理论 研究宣传,0927_国统区_马克思主义理论_研究宣传.md,左翼文化运动 马克思主义理论 宣传,0926_左翼文化运动_马克思主义理论_宣传.md,43.75,马克思恩格斯经典文本与哲学关系
国统区 马克思主义理论 研究宣传,0927_国统区_马克思主义理论_研究宣传.md,马克思主义理论 一级学科 建设,0922_马克思主义理论_一级学科_建设.md,42.89,马克思恩格斯经典文本与哲学关系
国统区 马克思主义理论 研究宣传,0927_国统区_马克思主义理论_研究宣传.md,国统区 刊物 马克思主义哲学研究,0947_国统区_刊物_马克思主义哲学研究.md,24.21,马克思恩格斯经典文本与哲学关系
国统区 马克思主义理论 研究宣传,0927_国统区_马克思主义理论_研究宣传.md,国统区 理论著述 马克思主义哲学,1035_国统区_理论著述_马克思主义哲学.md,24.21,马克思恩格斯经典文本与哲学关系
马克思主义哲学 教科书 中国化,0928_马克思主义哲学_教科书_中国化.md,马克思主义哲学 教科书 启示,1815_马克思主义哲学_教科书_启示.md,66.07,马克思主义哲学教科书体系
马克思主义哲学 教科书 中国化,0928_马克思主义哲学_教科书_中国化.md,李达 马克思主义哲学 中国化,0301_李达_马克思主义哲学_中国化.md,63.33,马克思主义哲学教科书体系
马克思主义哲学 教科书 中国化,0928_马克思主义哲学_教科书_中国化.md,马克思主义哲学 中国化 历程,1413_马克思主义哲学_中国化_历程.md,63.33,马克思主义哲学教科书体系
马克思主义哲学 教科书 中国化,0928_马克思主义哲学_教科书_中国化.md,马克思主义哲学 中国化 定义,1414_马克思主义哲学_中国化_定义.md,63.33,马克思主义哲学教科书体系
马克思主义哲学 教科书 中国化,0928_马克思主义哲学_教科书_中国化.md,毛泽东 马克思主义哲学 中国化,0615_毛泽东_马克思主义哲学_中国化.md,62.5,马克思主义哲学教科书体系
马克思主义哲学 原理化 教科书化,0929_马克思主义哲学_原理化_教科书化.md,教科书形态 马克思主义哲学,0925_教科书形态_马克思主义哲学.md,47.5,马克思主义哲学教科书体系
马克思主义哲学 原理化 教科书化,0929_马克思主义哲学_原理化_教科书化.md,马克思主义哲学 教科书 启示,1815_马克思主义哲学_教科书_启示.md,47.5,马克思主义哲学教科书体系
马克思主义哲学 原理化 教科书化,0929_马克思主义哲学_原理化_教科书化.md,马克思主义哲学 教科书 中国化,0928_马克思主义哲学_教科书_中国化.md,46.76,马克思主义哲学教科书体系
马克思主义哲学 原理化 教科书化,0929_马克思主义哲学_原理化_教科书化.md,马克思主义哲学 教科书形式 传播,0096_马克思主义哲学_教科书形式_传播.md,46.11,马克思主义哲学教科书体系
马克思主义哲学 原理化 教科书化,0929_马克思主义哲学_原理化_教科书化.md,马克思主义哲学 教科书传播 特点,0097_马克思主义哲学_教科书传播_特点.md,46.11,马克思主义哲学教科书体系
哲学教科书 中国革命实际 结合,0930_哲学教科书_中国革命实际_结合.md,马克思主义哲学 中国革命实际 结合,1415_马克思主义哲学_中国革命实际_结合.md,41.11,马克思主义哲学与中国文化传统结合
哲学教科书 中国革命实际 结合,0930_哲学教科书_中国革命实际_结合.md,马克思主义 中国革命实际 最初结合,1131_马克思主义_中国革命实际_最初结合.md,37.5,马克思主义哲学与中国文化传统结合
哲学教科书 中国革命实际 结合,0930_哲学教科书_中国革命实际_结合.md,毛泽东 马克思列宁主义 中国革命实际,0862_毛泽东_马克思列宁主义_中国革命实际.md,35.68,马克思主义哲学与中国文化传统结合
哲学教科书 中国革命实际 结合,0930_哲学教科书_中国革命实际_结合.md,苏联哲学教科书 中国影响,0861_苏联哲学教科书_中国影响.md,9.38,马克思主义哲学与中国文化传统结合
哲学教科书 中国革命实际 结合,0930_哲学教科书_中国革命实际_结合.md,马克思主义哲学 教科书 中国化,0928_马克思主义哲学_教科书_中国化.md,8.33,马克思主义哲学与中国文化传统结合
中国马克思主义哲学 教科书 建构,0931_中国马克思主义哲学_教科书_建构.md,马克思主义哲学教科书 中国马克思主义哲学 教科书编写,1785_马克思主义哲学教科书_中国马克思主义哲学_教科书编写.md,57.19,马克思主义哲学教科书体系
中国马克思主义哲学 教科书 建构,0931_中国马克思主义哲学_教科书_建构.md,中国马克思主义哲学 转换,1819_中国马克思主义哲学_转换.md,53.33,马克思主义哲学教科书体系
中国马克思主义哲学 教科书 建构,0931_中国马克思主义哲学_教科书_建构.md,中国马克思主义哲学 中国之根 问题,0720_中国马克思主义哲学_中国之根_问题.md,51.11,马克思主义哲学教科书体系
中国马克思主义哲学 教科书 建构,0931_中国马克思主义哲学_教科书_建构.md,中国马克思主义哲学 何以是中国的哲学,0724_中国马克思主义哲学_何以是中国的哲学.md,50.53,马克思主义哲学教科书体系
中国马克思主义哲学 教科书 建构,0931_中国马克思主义哲学_教科书_建构.md,中国马克思主义哲学 文化自信 灵魂,0753_中国马克思主义哲学_文化自信_灵魂.md,50.53,马克思主义哲学教科书体系
全国通用 马克思主义哲学教科书 编写,0932_全国通用_马克思主义哲学教科书_编写.md,马克思主义哲学教科书 编写 演化,1636_马克思主义哲学教科书_编写_演化.md,66.18,马克思主义哲学教科书体系
全国通用 马克思主义哲学教科书 编写,0932_全国通用_马克思主义哲学教科书_编写.md,马克思主义哲学教科书 中国马克思主义哲学 教科书编写,1785_马克思主义哲学教科书_中国马克思主义哲学_教科书编写.md,55.28,马克思主义哲学教科书体系
全国通用 马克思主义哲学教科书 编写,0932_全国通用_马克思主义哲学教科书_编写.md,教科书编写 创新 马克思主义哲学,0935_教科书编写_创新_马克思主义哲学.md,13.89,马克思主义哲学教科书体系
全国通用 马克思主义哲学教科书 编写,0932_全国通用_马克思主义哲学教科书_编写.md,马克思主义哲学 教科书 启示,1815_马克思主义哲学_教科书_启示.md,13.24,马克思主义哲学教科书体系
全国通用 马克思主义哲学教科书 编写,0932_全国通用_马克思主义哲学教科书_编写.md,马克思主义哲学 教科书 中国化,0928_马克思主义哲学_教科书_中国化.md,12.5,马克思主义哲学教科书体系
辩证唯物主义 历史唯物主义 教科书,0933_辩证唯物主义_历史唯物主义_教科书.md,辩证唯物主义 历史唯物主义 教科书体系,1637_辩证唯物主义_历史唯物主义_教科书体系.md,81.15,马克思主义哲学教科书体系
辩证唯物主义 历史唯物主义 教科书,0933_辩证唯物主义_历史唯物主义_教科书.md,历史唯物主义 辩证唯物主义,1707_历史唯物主义_辩证唯物主义.md,74.58,马克思主义哲学教科书体系
辩证唯物主义 历史唯物主义 教科书,0933_辩证唯物主义_历史唯物主义_教科书.md,辩证唯物主义 历史唯物主义 斯大林,0787_辩证唯物主义_历史唯物主义_斯大林.md,74.29,马克思主义哲学教科书体系
辩证唯物主义 历史唯物主义 教科书,0933_辩证唯物主义_历史唯物主义_教科书.md,斯大林 辩证唯物主义 历史唯物主义,0899_斯大林_辩证唯物主义_历史唯物主义.md,74.29,马克思主义哲学教科书体系
辩证唯物主义 历史唯物主义 教科书,0933_辩证唯物主义_历史唯物主义_教科书.md,历史唯物主义 辩证唯物主义 列宁,1800_历史唯物主义_辩证唯物主义_列宁.md,72.5,马克思主义哲学教科书体系
马克思主义哲学 分支学科 产生,0934_马克思主义哲学_分支学科_产生.md,马克思主义哲学 分支化 专门化,1227_马克思主义哲学_分支化_专门化.md,47.5,中国马克思主义哲学史学科建设
马克思主义哲学 分支学科 产生,0934_马克思主义哲学_分支学科_产生.md,马克思主义哲学 学科化 问题,0936_马克思主义哲学_学科化_问题.md,45.94,中国马克思主义哲学史学科建设
马克思主义哲学 分支学科 产生,0934_马克思主义哲学_分支学科_产生.md,马克思主义哲学 中国哲学,1823_马克思主义哲学_中国哲学.md,45.0,中国马克思主义哲学史学科建设
马克思主义哲学 分支学科 产生,0934_马克思主义哲学_分支学科_产生.md,李达 马克思主义哲学 研究,0267_李达_马克思主义哲学_研究.md,44.38,中国马克思主义哲学史学科建设
马克思主义哲学 分支学科 产生,0934_马克思主义哲学_分支学科_产生.md,李达 马克思主义哲学 泰斗,0355_李达_马克思主义哲学_泰斗.md,44.38,中国马克思主义哲学史学科建设
教科书编写 创新 马克思主义哲学,0935_教科书编写_创新_马克思主义哲学.md,教科书形态 马克思主义哲学,0925_教科书形态_马克思主义哲学.md,47.5,马克思主义哲学教科书体系
教科书编写 创新 马克思主义哲学,0935_教科书编写_创新_马克思主义哲学.md,马克思主义哲学 教科书 启示,1815_马克思主义哲学_教科书_启示.md,47.5,马克思主义哲学教科书体系
教科书编写 创新 马克思主义哲学,0935_教科书编写_创新_马克思主义哲学.md,马克思主义哲学 教科书 中国化,0928_马克思主义哲学_教科书_中国化.md,46.76,马克思主义哲学教科书体系
教科书编写 创新 马克思主义哲学,0935_教科书编写_创新_马克思主义哲学.md,马克思主义哲学 教科书形式 传播,0096_马克思主义哲学_教科书形式_传播.md,46.11,马克思主义哲学教科书体系
教科书编写 创新 马克思主义哲学,0935_教科书编写_创新_马克思主义哲学.md,马克思主义哲学 教科书传播 特点,0097_马克思主义哲学_教科书传播_特点.md,46.11,马克思主义哲学教科书体系
马克思主义哲学 学科化 问题,0936_马克思主义哲学_学科化_问题.md,马克思主义哲学 学习 新局面,1341_马克思主义哲学_学习_新局面.md,46.67,中国马克思主义哲学史学科建设
马克思主义哲学 学科化 问题,0936_马克思主义哲学_学科化_问题.md,马克思主义哲学 分支学科 产生,0934_马克思主义哲学_分支学科_产生.md,45.94,中国马克思主义哲学史学科建设
马克思主义哲学 学科化 问题,0936_马克思主义哲学_学科化_问题.md,马克思主义哲学 中国哲学,1823_马克思主义哲学_中国哲学.md,45.71,中国马克思主义哲学史学科建设
马克思主义哲学 学科化 问题,0936_马克思主义哲学_学科化_问题.md,瞿秋白 马克思主义哲学 学术贡献,0265_瞿秋白_马克思主义哲学_学术贡献.md,45.29,中国马克思主义哲学史学科建设
马克思主义哲学 学科化 问题,0936_马克思主义哲学_学科化_问题.md,李达 马克思主义哲学 研究,0267_李达_马克思主义哲学_研究.md,45.0,中国马克思主义哲学史学科建设
马克思主义哲学史 研究视域 局限,0937_马克思主义哲学史_研究视域_局限.md,马克思主义哲学史 研究 新拓展,0924_马克思主义哲学史_研究_新拓展.md,54.06,中国马克思主义哲学史学科建设
马克思主义哲学史 研究视域 局限,0937_马克思主义哲学史_研究视域_局限.md,马克思主义哲学中国化 研究视域 转换,1232_马克思主义哲学中国化_研究视域_转换.md,31.84,中国马克思主义哲学史学科建设
马克思主义哲学史 研究视域 局限,0937_马克思主义哲学史_研究视域_局限.md,马克思主义哲学 中国古代哲学 局限,1229_马克思主义哲学_中国古代哲学_局限.md,19.21,中国马克思主义哲学史学科建设
马克思主义哲学史 研究视域 局限,0937_马克思主义哲学史_研究视域_局限.md,科学主义 人生观 局限,0212_科学主义_人生观_局限.md,12.63,中国马克思主义哲学史学科建设
马克思主义哲学史 研究视域 局限,0937_马克思主义哲学史_研究视域_局限.md,马克思主义哲学 指导 中国哲学史研究,0717_马克思主义哲学_指导_中国哲学史研究.md,12.5,中国马克思主义哲学史学科建设
马克思主义 历史主义原则 哲学史观,0938_马克思主义_历史主义原则_哲学史观.md,中国马克思主义 历史使命,1818_中国马克思主义_历史使命.md,8.82,马克思恩格斯经典文本与哲学关系
马克思主义 历史主义原则 哲学史观,0938_马克思主义_历史主义原则_哲学史观.md,历史观 革命 马克思主义哲学中国化,1433_历史观_革命_马克思主义哲学中国化.md,8.75,马克思恩格斯经典文本与哲学关系
马克思主义 历史主义原则 哲学史观,0938_马克思主义_历史主义原则_哲学史观.md,马克思主义哲学史 研究 新拓展,0924_马克思主义哲学史_研究_新拓展.md,7.89,马克思恩格斯经典文本与哲学关系
马克思主义 历史主义原则 哲学史观,0938_马克思主义_历史主义原则_哲学史观.md,李大钊 唯物史观 马克思主义哲学,0279_李大钊_唯物史观_马克思主义哲学.md,7.5,马克思恩格斯经典文本与哲学关系
马克思主义 历史主义原则 哲学史观,0938_马克思主义_历史主义原则_哲学史观.md,马克思主义哲学史 研究视域 局限,0937_马克思主义哲学史_研究视域_局限.md,7.5,马克思恩格斯经典文本与哲学关系
革命刊物 马克思主义理论 宣传,0939_革命刊物_马克思主义理论_宣传.md,左翼文化运动 马克思主义理论 宣传,0926_左翼文化运动_马克思主义理论_宣传.md,56.11,马克思恩格斯经典文本与哲学关系
革命刊物 马克思主义理论 宣传,0939_革命刊物_马克思主义理论_宣传.md,国统区 马克思主义理论 研究宣传,0927_国统区_马克思主义理论_研究宣传.md,44.72,马克思恩格斯经典文本与哲学关系
革命刊物 马克思主义理论 宣传,0939_革命刊物_马克思主义理论_宣传.md,马克思主义理论 一级学科 建设,0922_马克思主义理论_一级学科_建设.md,43.33,马克思恩格斯经典文本与哲学关系
革命刊物 马克思主义理论 宣传,0939_革命刊物_马克思主义理论_宣传.md,陈独秀 马克思主义哲学 宣传,0306_陈独秀_马克思主义哲学_宣传.md,16.94,马克思恩格斯经典文本与哲学关系
革命刊物 马克思主义理论 宣传,0939_革命刊物_马克思主义理论_宣传.md,瞿秋白 马克思主义哲学 宣传,0310_瞿秋白_马克思主义哲学_宣传.md,16.94,马克思恩格斯经典文本与哲学关系
哲学史 社会实践 认识辩证运动,0940_哲学史_社会实践_认识辩证运动.md,马克思主义哲学 中国 社会实践,1017_马克思主义哲学_中国_社会实践.md,25.0,实践观点与认识论
哲学史 社会实践 认识辩证运动,0940_哲学史_社会实践_认识辩证运动.md,哲学史,1906_哲学史.md,19.17,实践观点与认识论
哲学史 社会实践 认识辩证运动,0940_哲学史_社会实践_认识辩证运动.md,哲学史 哲学概论 读法,0942_哲学史_哲学概论_读法.md,17.94,实践观点与认识论
哲学史 社会实践 认识辩证运动,0940_哲学史_社会实践_认识辩证运动.md,思维与存在 关系 哲学史,0941_思维与存在_关系_哲学史.md,17.63,实践观点与认识论
哲学史 社会实践 认识辩证运动,0940_哲学史_社会实践_认识辩证运动.md,列宁 实践 认识 辩证法,0835_列宁_实践_认识_辩证法.md,8.33,实践观点与认识论
思维与存在 关系 哲学史,0941_思维与存在_关系_哲学史.md,思维与存在 同一性 争论,1042_思维与存在_同一性_争论.md,32.14,哲学基本范畴与辩证法原理
思维与存在 关系 哲学史,0941_思维与存在_关系_哲学史.md,思维与存在 同一性 讨论,1365_思维与存在_同一性_讨论.md,32.14,哲学基本范畴与辩证法原理
思维与存在 关系 哲学史,0941_思维与存在_关系_哲学史.md,哲学史,1906_哲学史.md,20.56,哲学基本范畴与辩证法原理
思维与存在 关系 哲学史,0941_思维与存在_关系_哲学史.md,哲学史 哲学概论 读法,0942_哲学史_哲学概论_读法.md,18.57,哲学基本范畴与辩证法原理
思维与存在 关系 哲学史,0941_思维与存在_关系_哲学史.md,哲学史 社会实践 认识辩证运动,0940_哲学史_社会实践_认识辩证运动.md,17.63,哲学基本范畴与辩证法原理
哲学史 哲学概论 读法,0942_哲学史_哲学概论_读法.md,哲学史,1906_哲学史.md,22.14,其他待人工复核
哲学史 哲学概论 读法,0942_哲学史_哲学概论_读法.md,思维与存在 关系 哲学史,0941_思维与存在_关系_哲学史.md,18.57,其他待人工复核
哲学史 哲学概论 读法,0942_哲学史_哲学概论_读法.md,哲学史 社会实践 认识辩证运动,0940_哲学史_社会实践_认识辩证运动.md,17.94,其他待人工复核
哲学史 哲学概论 读法,0942_哲学史_哲学概论_读法.md,社会哲学概论,1979_社会哲学概论.md,8.33,其他待人工复核
哲学史 哲学概论 读法,0942_哲学史_哲学概论_读法.md,瞿秋白 社会哲学概论 讲义,0296_瞿秋白_社会哲学概论_讲义.md,5.36,其他待人工复核
青年 读书 精神生活,0943_青年_读书_精神生活.md,贫穷 知识 读书 青年,0945_贫穷_知识_读书_青年.md,24.17,青年教育与人生观
青年 读书 精神生活,0943_青年_读书_精神生活.md,国家主义 青年,1726_国家主义_青年.md,12.27,青年教育与人生观
青年 读书 精神生活,0943_青年_读书_精神生活.md,读书生活,1901_读书生活.md,6.25,青年教育与人生观
文明 精神 物质 现实,0944_文明_精神_物质_现实.md,精神 物质 美术 宗教 科学,1411_精神_物质_美术_宗教_科学.md,15.77,哲学基本范畴与辩证法原理
文明 精神 物质 现实,0944_文明_精神_物质_现实.md,孙中山 物质 精神 关系,1604_孙中山_物质_精神_关系.md,13.85,哲学基本范畴与辩证法原理
文明 精神 物质 现实,0944_文明_精神_物质_现实.md,物质 运动 发展,1457_物质_运动_发展.md,12.27,哲学基本范畴与辩证法原理
文明 精神 物质 现实,0944_文明_精神_物质_现实.md,物质 变动 发展,1458_物质_变动_发展.md,12.27,哲学基本范畴与辩证法原理
文明 精神 物质 现实,0944_文明_精神_物质_现实.md,实践 物质 何者为先,1073_实践_物质_何者为先.md,11.92,哲学基本范畴与辩证法原理
贫穷 知识 读书 青年,0945_贫穷_知识_读书_青年.md,青年 读书 精神生活,0943_青年_读书_精神生活.md,24.17,青年教育与人生观
贫穷 知识 读书 青年,0945_贫穷_知识_读书_青年.md,复兴 知识,2025_复兴_知识.md,12.78,青年教育与人生观
贫穷 知识 读书 青年,0945_贫穷_知识_读书_青年.md,知识 道德,2027_知识_道德.md,12.78,青年教育与人生观
贫穷 知识 读书 青年,0945_贫穷_知识_读书_青年.md,知识 发展 真理,1459_知识_发展_真理.md,12.27,青年教育与人生观
贫穷 知识 读书 青年,0945_贫穷_知识_读书_青年.md,国家主义 青年,1726_国家主义_青年.md,12.27,青年教育与人生观
国统区 刊物 马克思主义哲学研究,0947_国统区_刊物_马克思主义哲学研究.md,李达 马克思主义哲学研究,1754_李达_马克思主义哲学研究.md,53.33,马克思恩格斯经典文本与哲学关系
国统区 刊物 马克思主义哲学研究,0947_国统区_刊物_马克思主义哲学研究.md,毛泽东 马克思主义哲学研究,1756_毛泽东_马克思主义哲学研究.md,52.5,马克思恩格斯经典文本与哲学关系
国统区 刊物 马克思主义哲学研究,0947_国统区_刊物_马克思主义哲学研究.md,国统区 翻译介绍 马克思主义哲学,0067_国统区_翻译介绍_马克思主义哲学.md,26.11,马克思恩格斯经典文本与哲学关系
国统区 刊物 马克思主义哲学研究,0947_国统区_刊物_马克思主义哲学研究.md,国统区 理论著述 马克思主义哲学,1035_国统区_理论著述_马克思主义哲学.md,26.11,马克思恩格斯经典文本与哲学关系
国统区 刊物 马克思主义哲学研究,0947_国统区_刊物_马克思主义哲学研究.md,国统区 马克思主义理论 研究宣传,0927_国统区_马克思主义理论_研究宣传.md,24.21,马克思恩格斯经典文本与哲学关系
文化运动 思想界 两年来,0948_文化运动_思想界_两年来.md,文化运动 新启蒙运动,1744_文化运动_新启蒙运动.md,25.77,哲学教学与学术制度建设
文化运动 思想界 两年来,0948_文化运动_思想界_两年来.md,文化运动 哲学 科学 文艺,0478_文化运动_哲学_科学_文艺.md,25.0,哲学教学与学术制度建设
文化运动 思想界 两年来,0948_文化运动_思想界_两年来.md,新文化运动 中国思想界 启蒙,0125_新文化运动_中国思想界_启蒙.md,8.33,哲学教学与学术制度建设
文化运动 思想界 两年来,0948_文化运动_思想界_两年来.md,十年来新文化运动 检讨,1690_十年来新文化运动_检讨.md,7.14,哲学教学与学术制度建设
文化运动 思想界 两年来,0948_文化运动_思想界_两年来.md,五四新文化 新文化运动,1783_五四新文化_新文化运动.md,5.77,哲学教学与学术制度建设
民众教育 识字 劳动者,0950_民众教育_识字_劳动者.md,劳动者 尊严 胡绳,0437_劳动者_尊严_胡绳.md,19.17,政治经济学与资本主义批判
民众教育 识字 劳动者,0950_民众教育_识字_劳动者.md,识字 教育 穷人 出路,0951_识字_教育_穷人_出路.md,13.85,政治经济学与资本主义批判
识字 教育 穷人 出路,0951_识字_教育_穷人_出路.md,民众教育 识字 劳动者,0950_民众教育_识字_劳动者.md,13.85,青年教育与人生观
革命者 劳苦 幸福,0953_革命者_劳苦_幸福.md,种花 革命者 未来,0439_种花_革命者_未来.md,20.0,大众哲学案例与社会生活
革命 英雄 未来 种子,0954_革命_英雄_未来_种子.md,种花 革命者 未来,0439_种花_革命者_未来.md,14.55,其他待人工复核
革命 英雄 未来 种子,0954_革命_英雄_未来_种子.md,李大钊 众庶 英雄,0351_李大钊_众庶_英雄.md,12.08,其他待人工复核
革命 英雄 未来 种子,0954_革命_英雄_未来_种子.md,英雄 英雄主义 思想批评,1444_英雄_英雄主义_思想批评.md,11.79,其他待人工复核
自由 平等 抗日,0955_自由_平等_抗日.md,民族自由 民族平等 抗日,0957_民族自由_民族平等_抗日.md,21.11,中国近代启蒙与民主革命
自由 平等 抗日,0955_自由_平等_抗日.md,九一八 自由 平等 战,0956_九一八_自由_平等_战.md,18.33,中国近代启蒙与民主革命
自由 平等 抗日,0955_自由_平等_抗日.md,庄子 自由 平等 齐物,1006_庄子_自由_平等_齐物.md,18.33,中国近代启蒙与民主革命
自由 平等 抗日,0955_自由_平等_抗日.md,兼爱 平等 社会理想,1009_兼爱_平等_社会理想.md,12.27,中国近代启蒙与民主革命
自由 平等 抗日,0955_自由_平等_抗日.md,自由,1981_自由.md,5.0,中国近代启蒙与民主革命
九一八 自由 平等 战,0956_九一八_自由_平等_战.md,自由 平等 抗日,0955_自由_平等_抗日.md,18.33,中国近代启蒙与民主革命
九一八 自由 平等 战,0956_九一八_自由_平等_战.md,庄子 自由 平等 齐物,1006_庄子_自由_平等_齐物.md,16.82,中国近代启蒙与民主革命
九一八 自由 平等 战,0956_九一八_自由_平等_战.md,兼爱 平等 社会理想,1009_兼爱_平等_社会理想.md,11.92,中国近代启蒙与民主革命
民族自由 民族平等 抗日,0957_民族自由_民族平等_抗日.md,自由 平等 抗日,0955_自由_平等_抗日.md,21.11,中国近代启蒙与民主革命
救中国 大众 责任,0958_救中国_大众_责任.md,改造 责任,2028_改造_责任.md,13.12,大众哲学案例与社会生活
宁为玉碎 毋为瓦全 抗战,0959_宁为玉碎_毋为瓦全_抗战.md,抗战 新启蒙运动,1871_抗战_新启蒙运动.md,11.79,民族国家与国际关系
宁为玉碎 毋为瓦全 抗战,0959_宁为玉碎_毋为瓦全_抗战.md,文艺 抗战 现实 反映,0482_文艺_抗战_现实_反映.md,11.67,民族国家与国际关系
宁为玉碎 毋为瓦全 抗战,0959_宁为玉碎_毋为瓦全_抗战.md,抗战 哲学 现实 任务,1582_抗战_哲学_现实_任务.md,11.67,民族国家与国际关系
宁为玉碎 毋为瓦全 抗战,0959_宁为玉碎_毋为瓦全_抗战.md,哲学 阶级性 党性 抗战,1581_哲学_阶级性_党性_抗战.md,11.56,民族国家与国际关系
宁为玉碎 毋为瓦全 抗战,0959_宁为玉碎_毋为瓦全_抗战.md,新启蒙运动 抗日救亡 抗战,1820_新启蒙运动_抗日救亡_抗战.md,11.39,民族国家与国际关系
郭沫若 徐志摩 批评,0960_郭沫若_徐志摩_批评.md,郭沫若 中国古代社会研究 唯物史观,0006_郭沫若_中国古代社会研究_唯物史观.md,17.63,唯物史观与中国史学研究
郭沫若 徐志摩 批评,0960_郭沫若_徐志摩_批评.md,王道 新小说 批评,0964_王道_新小说_批评.md,12.08,唯物史观与中国史学研究
郭沫若 徐志摩 批评,0960_郭沫若_徐志摩_批评.md,冯友兰 新世训 批评,0476_冯友兰_新世训_批评.md,11.92,唯物史观与中国史学研究
郭沫若 徐志摩 批评,0960_郭沫若_徐志摩_批评.md,反孔思潮 旧思想 批评,1402_反孔思潮_旧思想_批评.md,11.79,唯物史观与中国史学研究
郭沫若 徐志摩 批评,0960_郭沫若_徐志摩_批评.md,机械论 机械唯物论 批评,1535_机械论_机械唯物论_批评.md,11.79,唯物史观与中国史学研究
生活 作家 创作,0961_生活_作家_创作.md,作家 创作 社会生活,0962_作家_创作_社会生活.md,32.5,大众哲学案例与社会生活
生活 作家 创作,0961_生活_作家_创作.md,延安时期 马克思主义哲学 创作 宣讲,1206_延安时期_马克思主义哲学_创作_宣讲.md,11.39,大众哲学案例与社会生活
作家 创作 社会生活,0962_作家_创作_社会生活.md,生活 作家 创作,0961_生活_作家_创作.md,32.5,大众哲学案例与社会生活
作家 创作 社会生活,0962_作家_创作_社会生活.md,艾思奇 哲学与生活 社会生活,0363_艾思奇_哲学与生活_社会生活.md,25.36,大众哲学案例与社会生活
作家 创作 社会生活,0962_作家_创作_社会生活.md,延安时期 马克思主义哲学 创作 宣讲,1206_延安时期_马克思主义哲学_创作_宣讲.md,11.25,大众哲学案例与社会生活
辩证法 通俗化 书评,0963_辩证法_通俗化_书评.md,进攻 防御 辩证法,1325_进攻_防御_辩证法.md,19.55,新哲学大众化运动
辩证法 通俗化 书评,0963_辩证法_通俗化_书评.md,持久 速决 辩证法,1326_持久_速决_辩证法.md,19.55,新哲学大众化运动
辩证法 通俗化 书评,0963_辩证法_通俗化_书评.md,内线 外线 辩证法,1327_内线_外线_辩证法.md,19.55,新哲学大众化运动
辩证法 通俗化 书评,0963_辩证法_通俗化_书评.md,主动 被动 辩证法,1328_主动_被动_辩证法.md,19.55,新哲学大众化运动
辩证法 通俗化 书评,0963_辩证法_通俗化_书评.md,辩证法 中国 进展,1401_辩证法_中国_进展.md,19.55,新哲学大众化运动
王道 新小说 批评,0964_王道_新小说_批评.md,冯友兰 新世训 批评,0476_冯友兰_新世训_批评.md,12.08,大众哲学案例与社会生活
王道 新小说 批评,0964_王道_新小说_批评.md,郭沫若 徐志摩 批评,0960_郭沫若_徐志摩_批评.md,12.08,大众哲学案例与社会生活
王道 新小说 批评,0964_王道_新小说_批评.md,反孔思潮 旧思想 批评,1402_反孔思潮_旧思想_批评.md,11.92,大众哲学案例与社会生活
王道 新小说 批评,0964_王道_新小说_批评.md,机械论 机械唯物论 批评,1535_机械论_机械唯物论_批评.md,11.92,大众哲学案例与社会生活
王道 新小说 批评,0964_王道_新小说_批评.md,唯生论 力行哲学 批评,1585_唯生论_力行哲学_批评.md,11.92,大众哲学案例与社会生活
马克思主义在中国 马克思主义中国化 当代中国马克思主义,0965_马克思主义在中国_马克思主义中国化_当代中国马克思主义.md,马克思主义中国化 前瞻,1180_马克思主义中国化_前瞻.md,51.67,马克思恩格斯经典文本与哲学关系
马克思主义在中国 马克思主义中国化 当代中国马克思主义,0965_马克思主义在中国_马克思主义中国化_当代中国马克思主义.md,起源 马克思主义中国化,1761_起源_马克思主义中国化.md,51.67,马克思恩格斯经典文本与哲学关系
马克思主义在中国 马克思主义中国化 当代中国马克思主义,0965_马克思主义在中国_马克思主义中国化_当代中国马克思主义.md,马克思主义中国化 思潮,1827_马克思主义中国化_思潮.md,51.67,马克思恩格斯经典文本与哲学关系
马克思主义在中国 马克思主义中国化 当代中国马克思主义,0965_马克思主义在中国_马克思主义中国化_当代中国马克思主义.md,马克思主义中国化 重建,1828_马克思主义中国化_重建.md,51.67,马克思恩格斯经典文本与哲学关系
马克思主义在中国 马克思主义中国化 当代中国马克思主义,0965_马克思主义在中国_马克思主义中国化_当代中国马克思主义.md,中国化思潮 马克思主义中国化,1618_中国化思潮_马克思主义中国化.md,50.94,马克思恩格斯经典文本与哲学关系
文化改造 社会革命 马克思主义引进,0966_文化改造_社会革命_马克思主义引进.md,俄国 社会革命,1722_俄国_社会革命.md,24.69,马克思恩格斯经典文本与哲学关系
文化改造 社会革命 马克思主义引进,0966_文化改造_社会革命_马克思主义引进.md,李达 阶级 国家 社会意识 社会革命,0318_李达_阶级_国家_社会意识_社会革命.md,23.26,马克思恩格斯经典文本与哲学关系
文化改造 社会革命 马克思主义引进,0966_文化改造_社会革命_马克思主义引进.md,罗莎卢森堡 社会革命 合法改良,1099_罗莎卢森堡_社会革命_合法改良.md,23.26,马克思恩格斯经典文本与哲学关系
文化改造 社会革命 马克思主义引进,0966_文化改造_社会革命_马克思主义引进.md,文化大革命 马克思主义学术 挫折,0644_文化大革命_马克思主义学术_挫折.md,8.75,马克思恩格斯经典文本与哲学关系
文化改造 社会革命 马克思主义引进,0966_文化改造_社会革命_马克思主义引进.md,文化大革命 马克思主义哲学 歪曲,0650_文化大革命_马克思主义哲学_歪曲.md,8.75,马克思恩格斯经典文本与哲学关系
中西融合 马克思主义中国化,0967_中西融合_马克思主义中国化.md,马克思主义中国化 前瞻,1180_马克思主义中国化_前瞻.md,53.46,马克思恩格斯经典文本与哲学关系
中西融合 马克思主义中国化,0967_中西融合_马克思主义中国化.md,起源 马克思主义中国化,1761_起源_马克思主义中国化.md,53.46,马克思恩格斯经典文本与哲学关系
中西融合 马克思主义中国化,0967_中西融合_马克思主义中国化.md,马克思主义中国化 思潮,1827_马克思主义中国化_思潮.md,53.46,马克思恩格斯经典文本与哲学关系
中西融合 马克思主义中国化,0967_中西融合_马克思主义中国化.md,马克思主义中国化 重建,1828_马克思主义中国化_重建.md,53.46,马克思恩格斯经典文本与哲学关系
中西融合 马克思主义中国化,0967_中西融合_马克思主义中国化.md,中国化思潮 马克思主义中国化,1618_中国化思潮_马克思主义中国化.md,52.5,马克思恩格斯经典文本与哲学关系
马克思主义 学术思想 时代背景,0968_马克思主义_学术思想_时代背景.md,早期马克思主义 学术思想 开展,0969_早期马克思主义_学术思想_开展.md,32.5,马克思恩格斯经典文本与哲学关系
马克思主义 学术思想 时代背景,0968_马克思主义_学术思想_时代背景.md,陈独秀 社会主义 学术思想,0263_陈独秀_社会主义_学术思想.md,27.35,马克思恩格斯经典文本与哲学关系
马克思主义 学术思想 时代背景,0968_马克思主义_学术思想_时代背景.md,李大钊 历史观 学术思想,0259_李大钊_历史观_学术思想.md,24.17,马克思恩格斯经典文本与哲学关系
马克思主义 学术思想 时代背景,0968_马克思主义_学术思想_时代背景.md,李大钊 马克思主义 学术贡献,0260_李大钊_马克思主义_学术贡献.md,8.82,马克思恩格斯经典文本与哲学关系
马克思主义 学术思想 时代背景,0968_马克思主义_学术思想_时代背景.md,中国马克思主义 学术史 研究,0915_中国马克思主义_学术史_研究.md,8.82,马克思恩格斯经典文本与哲学关系
早期马克思主义 学术思想 开展,0969_早期马克思主义_学术思想_开展.md,马克思主义 学术思想 时代背景,0968_马克思主义_学术思想_时代背景.md,32.5,马克思恩格斯经典文本与哲学关系
早期马克思主义 学术思想 开展,0969_早期马克思主义_学术思想_开展.md,陈独秀 社会主义 学术思想,0263_陈独秀_社会主义_学术思想.md,27.35,马克思恩格斯经典文本与哲学关系
早期马克思主义 学术思想 开展,0969_早期马克思主义_学术思想_开展.md,李大钊 历史观 学术思想,0259_李大钊_历史观_学术思想.md,24.17,马克思恩格斯经典文本与哲学关系
早期马克思主义 学术思想 开展,0969_早期马克思主义_学术思想_开展.md,李大钊 马克思主义 学术贡献,0260_李大钊_马克思主义_学术贡献.md,8.82,马克思恩格斯经典文本与哲学关系
早期马克思主义 学术思想 开展,0969_早期马克思主义_学术思想_开展.md,中国马克思主义 学术史 研究,0915_中国马克思主义_学术史_研究.md,8.82,马克思恩格斯经典文本与哲学关系
马克思主义 学术研究 职业化,0970_马克思主义_学术研究_职业化.md,苏联哲学 党性原则 学术研究,0809_苏联哲学_党性原则_学术研究.md,23.95,马克思恩格斯经典文本与哲学关系
马克思主义 学术研究 职业化,0970_马克思主义_学术研究_职业化.md,中国马克思主义 学术史 研究,0915_中国马克思主义_学术史_研究.md,11.67,马克思恩格斯经典文本与哲学关系
马克思主义 学术研究 职业化,0970_马克思主义_学术研究_职业化.md,职业学者 马克思主义 学术贡献,0270_职业学者_马克思主义_学术贡献.md,10.94,马克思恩格斯经典文本与哲学关系
马克思主义 学术研究 职业化,0970_马克思主义_学术研究_职业化.md,中国马克思主义 学术史 职业学者,0257_中国马克思主义_学术史_职业学者.md,10.29,马克思恩格斯经典文本与哲学关系
马克思主义 学术研究 职业化,0970_马克思主义_学术研究_职业化.md,李大钊 马克思主义 学术贡献,0260_李大钊_马克思主义_学术贡献.md,9.38,马克思恩格斯经典文本与哲学关系
唯物辩证法论战 中国马克思主义,0971_唯物辩证法论战_中国马克思主义.md,唯物辩证法论战 马克思主义哲学,1426_唯物辩证法论战_马克思主义哲学.md,50.62,辩证唯物主义体系
唯物辩证法论战 中国马克思主义,0971_唯物辩证法论战_中国马克思主义.md,唯物辩证法论战 马克思主义哲学 哲学大众化,1789_唯物辩证法论战_马克思主义哲学_哲学大众化.md,47.5,辩证唯物主义体系
唯物辩证法论战 中国马克思主义,0971_唯物辩证法论战_中国马克思主义.md,中国马克思主义 马克思主义者,1788_中国马克思主义_马克思主义者.md,45.0,辩证唯物主义体系
唯物辩证法论战 中国马克思主义,0971_唯物辩证法论战_中国马克思主义.md,唯物辩证法论战 学术史,0919_唯物辩证法论战_学术史.md,44.38,辩证唯物主义体系
唯物辩证法论战 中国马克思主义,0971_唯物辩证法论战_中国马克思主义.md,张东荪 唯物辩证法论战,1607_张东荪_唯物辩证法论战.md,44.38,辩证唯物主义体系
马克思主义中国化 初期历史 理论,0972_马克思主义中国化_初期历史_理论.md,马克思主义中国化 初期理论成果,0973_马克思主义中国化_初期理论成果.md,55.62,马克思恩格斯经典文本与哲学关系
马克思主义中国化 初期历史 理论,0972_马克思主义中国化_初期历史_理论.md,马克思主义中国化 初步实现,1166_马克思主义中国化_初步实现.md,52.5,马克思恩格斯经典文本与哲学关系
马克思主义中国化 初期历史 理论,0972_马克思主义中国化_初期历史_理论.md,马克思主义中国化 理论困境,1178_马克思主义中国化_理论困境.md,52.5,马克思恩格斯经典文本与哲学关系
马克思主义中国化 初期历史 理论,0972_马克思主义中国化_初期历史_理论.md,邓小平理论 马克思主义中国化,0646_邓小平理论_马克思主义中国化.md,51.76,马克思恩格斯经典文本与哲学关系
马克思主义中国化 初期历史 理论,0972_马克思主义中国化_初期历史_理论.md,马克思主义中国化 历史性飞跃,1179_马克思主义中国化_历史性飞跃.md,51.76,马克思恩格斯经典文本与哲学关系
马克思主义中国化 初期理论成果,0973_马克思主义中国化_初期理论成果.md,马克思主义中国化 初期历史 理论,0972_马克思主义中国化_初期历史_理论.md,55.62,中国化的马克思主义与毛泽东思想
马克思主义中国化 初期理论成果,0973_马克思主义中国化_初期理论成果.md,民主革命时期 马克思主义中国化 理论成果,1118_民主革命时期_马克思主义中国化_理论成果.md,52.5,中国化的马克思主义与毛泽东思想
马克思主义中国化 初期理论成果,0973_马克思主义中国化_初期理论成果.md,马克思主义中国化 初步实现,1166_马克思主义中国化_初步实现.md,52.5,中国化的马克思主义与毛泽东思想
马克思主义中国化 初期理论成果,0973_马克思主义中国化_初期理论成果.md,马克思主义中国化 理论困境,1178_马克思主义中国化_理论困境.md,52.5,中国化的马克思主义与毛泽东思想
马克思主义中国化 初期理论成果,0973_马克思主义中国化_初期理论成果.md,邓小平理论 马克思主义中国化,0646_邓小平理论_马克思主义中国化.md,51.76,中国化的马克思主义与毛泽东思想
学术论战 马克思主义中国化,0974_学术论战_马克思主义中国化.md,马克思主义中国化 前瞻,1180_马克思主义中国化_前瞻.md,53.46,马克思恩格斯经典文本与哲学关系
学术论战 马克思主义中国化,0974_学术论战_马克思主义中国化.md,起源 马克思主义中国化,1761_起源_马克思主义中国化.md,53.46,马克思恩格斯经典文本与哲学关系
学术论战 马克思主义中国化,0974_学术论战_马克思主义中国化.md,马克思主义中国化 思潮,1827_马克思主义中国化_思潮.md,53.46,马克思恩格斯经典文本与哲学关系
学术论战 马克思主义中国化,0974_学术论战_马克思主义中国化.md,马克思主义中国化 重建,1828_马克思主义中国化_重建.md,53.46,马克思恩格斯经典文本与哲学关系
学术论战 马克思主义中国化,0974_学术论战_马克思主义中国化.md,马克思主义中国化 提出 学术史,0920_马克思主义中国化_提出_学术史.md,53.33,马克思恩格斯经典文本与哲学关系
中国马克思主义 学术共同体 形成,0975_中国马克思主义_学术共同体_形成.md,中国马克思主义 学术史 研究,0915_中国马克思主义_学术史_研究.md,47.5,马克思恩格斯经典文本与哲学关系
中国马克思主义 学术共同体 形成,0975_中国马克思主义_学术共同体_形成.md,中国马克思主义 学术史 起步,0917_中国马克思主义_学术史_起步.md,47.5,马克思恩格斯经典文本与哲学关系
中国马克思主义 学术共同体 形成,0975_中国马克思主义_学术共同体_形成.md,中国马克思主义 学术史 阶段,0921_中国马克思主义_学术史_阶段.md,47.5,马克思恩格斯经典文本与哲学关系
中国马克思主义 学术共同体 形成,0975_中国马克思主义_学术共同体_形成.md,中国马克思主义 学术史 职业学者,0257_中国马克思主义_学术史_职业学者.md,46.11,马克思恩格斯经典文本与哲学关系
中国马克思主义 学术共同体 形成,0975_中国马克思主义_学术共同体_形成.md,中国马克思主义 马克思主义者,1788_中国马克思主义_马克思主义者.md,45.0,马克思恩格斯经典文本与哲学关系
武训传 批判 唯心史观,0976_武训传_批判_唯心史观.md,武训传 唯心史观 批判,1345_武训传_唯心史观_批判.md,50.0,文学艺术与文艺理论
武训传 批判 唯心史观,0976_武训传_批判_唯心史观.md,自由意志论 批判 唯物史观,0036_自由意志论_批判_唯物史观.md,5.0,文学艺术与文艺理论
历史唯物主义 研讨 争论,0978_历史唯物主义_研讨_争论.md,历史唯物主义 辩证唯物主义,1707_历史唯物主义_辩证唯物主义.md,40.42,历史唯物主义体系
历史唯物主义 研讨 争论,0978_历史唯物主义_研讨_争论.md,历史唯物主义 辩证唯物主义 列宁,1800_历史唯物主义_辩证唯物主义_列宁.md,38.93,历史唯物主义体系
历史唯物主义 研讨 争论,0978_历史唯物主义_研讨_争论.md,历史唯物主义 战争观 毛泽东,0555_历史唯物主义_战争观_毛泽东.md,38.33,历史唯物主义体系
历史唯物主义 研讨 争论,0978_历史唯物主义_研讨_争论.md,人民民主专政 历史唯物主义,0600_人民民主专政_历史唯物主义.md,38.33,历史唯物主义体系
历史唯物主义 研讨 争论,0978_历史唯物主义_研讨_争论.md,辩证唯物主义 历史唯物主义 斯大林,0787_辩证唯物主义_历史唯物主义_斯大林.md,38.33,历史唯物主义体系
社会主义社会 发展动力 讨论,0979_社会主义社会_发展动力_讨论.md,社会主义社会 前进动力 矛盾,1355_社会主义社会_前进动力_矛盾.md,38.33,哲学基本范畴与辩证法原理
社会主义社会 发展动力 讨论,0979_社会主义社会_发展动力_讨论.md,新民主主义社会 社会主义社会 过渡,0606_新民主主义社会_社会主义社会_过渡.md,36.25,哲学基本范畴与辩证法原理
社会主义社会 发展动力 讨论,0979_社会主义社会_发展动力_讨论.md,社会主义社会 基本矛盾 理论,1351_社会主义社会_基本矛盾_理论.md,36.25,哲学基本范畴与辩证法原理
社会主义社会 发展动力 讨论,0979_社会主义社会_发展动力_讨论.md,社会主义社会 两类矛盾 学说,1353_社会主义社会_两类矛盾_学说.md,36.25,哲学基本范畴与辩证法原理
社会主义社会 发展动力 讨论,0979_社会主义社会_发展动力_讨论.md,共产主义 社会主义 发展经验,1477_共产主义_社会主义_发展经验.md,8.33,哲学基本范畴与辩证法原理
上层建筑 国家问题 讨论,0980_上层建筑_国家问题_讨论.md,语言学问题 经济基础 上层建筑,0003_语言学问题_经济基础_上层建筑.md,25.88,历史唯物主义体系
上层建筑 国家问题 讨论,0980_上层建筑_国家问题_讨论.md,国家问题 哲学思考 五四,0141_国家问题_哲学思考_五四.md,25.0,历史唯物主义体系
上层建筑 国家问题 讨论,0980_上层建筑_国家问题_讨论.md,李达 经济基础 上层建筑,0315_李达_经济基础_上层建筑.md,25.0,历史唯物主义体系
上层建筑 国家问题 讨论,0980_上层建筑_国家问题_讨论.md,斯大林 语言学问题 经济基础 上层建筑,0904_斯大林_语言学问题_经济基础_上层建筑.md,25.0,历史唯物主义体系
上层建筑 国家问题 讨论,0980_上层建筑_国家问题_讨论.md,经济基础 上层建筑 相互作用,0019_经济基础_上层建筑_相互作用.md,24.41,历史唯物主义体系
辩证唯物主义 研讨 争论,0981_辩证唯物主义_研讨_争论.md,历史唯物主义 辩证唯物主义,1707_历史唯物主义_辩证唯物主义.md,40.42,辩证唯物主义体系
辩证唯物主义 研讨 争论,0981_辩证唯物主义_研讨_争论.md,唯心主义 辩证唯物主义,1766_唯心主义_辩证唯物主义.md,40.42,辩证唯物主义体系
辩证唯物主义 研讨 争论,0981_辩证唯物主义_研讨_争论.md,瞿秋白 辩证唯物主义 传播,0335_瞿秋白_辩证唯物主义_传播.md,38.93,辩证唯物主义体系
辩证唯物主义 研讨 争论,0981_辩证唯物主义_研讨_争论.md,历史唯物主义 辩证唯物主义 列宁,1800_历史唯物主义_辩证唯物主义_列宁.md,38.93,辩证唯物主义体系
辩证唯物主义 研讨 争论,0981_辩证唯物主义_研讨_争论.md,瞿秋白 辩证唯物主义 中国化,0300_瞿秋白_辩证唯物主义_中国化.md,38.33,辩证唯物主义体系
唯物辩证法 体系 规律 探讨,0982_唯物辩证法_体系_规律_探讨.md,唯物辩证法 风靡全国,1026_唯物辩证法_风靡全国.md,32.14,辩证唯物主义体系
唯物辩证法 体系 规律 探讨,0982_唯物辩证法_体系_规律_探讨.md,唯物辩证法 风靡 起点,1027_唯物辩证法_风靡_起点.md,32.14,辩证唯物主义体系
唯物辩证法 体系 规律 探讨,0982_唯物辩证法_体系_规律_探讨.md,唯物辩证法 风靡 前奏,1028_唯物辩证法_风靡_前奏.md,32.14,辩证唯物主义体系
唯物辩证法 体系 规律 探讨,0982_唯物辩证法_体系_规律_探讨.md,唯物辩证法 风靡 原因,1030_唯物辩证法_风靡_原因.md,32.14,辩证唯物主义体系
唯物辩证法 体系 规律 探讨,0982_唯物辩证法_体系_规律_探讨.md,逐步改造 唯物辩证法,1052_逐步改造_唯物辩证法.md,32.14,辩证唯物主义体系
社会主义革命 建设 辩证法,0983_社会主义革命_建设_辩证法.md,社会主义革命 建设 主观主义,1357_社会主义革命_建设_主观主义.md,53.46,社会主义建设时期哲学讨论与反思
社会主义革命 建设 辩证法,0983_社会主义革命_建设_辩证法.md,民主主义革命 社会主义革命 辩证统一,1049_民主主义革命_社会主义革命_辩证统一.md,39.38,社会主义建设时期哲学讨论与反思
社会主义革命 建设 辩证法,0983_社会主义革命_建设_辩证法.md,社会主义革命 形式 多样,1473_社会主义革命_形式_多样.md,38.93,社会主义建设时期哲学讨论与反思
社会主义革命 建设 辩证法,0983_社会主义革命_建设_辩证法.md,民主主义革命 社会主义革命 必然趋势,1050_民主主义革命_社会主义革命_必然趋势.md,37.35,社会主义建设时期哲学讨论与反思
社会主义革命 建设 辩证法,0983_社会主义革命_建设_辩证法.md,一国胜利理论 列宁 社会主义革命,0869_一国胜利理论_列宁_社会主义革命.md,36.94,社会主义建设时期哲学讨论与反思
社会主义社会矛盾学说 创立,0984_社会主义社会矛盾学说_创立.md,社会主义社会 两类矛盾 学说,1353_社会主义社会_两类矛盾_学说.md,13.46,社会主义社会矛盾理论
社会主义社会矛盾学说 创立,0984_社会主义社会矛盾学说_创立.md,社会主义社会矛盾 理论 传播,0099_社会主义社会矛盾_理论_传播.md,10.71,社会主义社会矛盾理论
社会主义社会矛盾学说 创立,0984_社会主义社会矛盾学说_创立.md,社会主义社会 基本矛盾 理论,1351_社会主义社会_基本矛盾_理论.md,8.33,社会主义社会矛盾理论
社会主义社会矛盾学说 创立,0984_社会主义社会矛盾学说_创立.md,社会主义社会 前进动力 矛盾,1355_社会主义社会_前进动力_矛盾.md,8.33,社会主义社会矛盾理论
社会主义社会矛盾学说 创立,0984_社会主义社会矛盾学说_创立.md,社会主义社会基本矛盾 概念 规定,1352_社会主义社会基本矛盾_概念_规定.md,7.35,社会主义社会矛盾理论
无产阶级专政 历史经验 认识,0985_无产阶级专政_历史经验_认识.md,国家 革命 无产阶级专政,1090_国家_革命_无产阶级专政.md,38.33,阶级斗争与社会革命理论
无产阶级专政 历史经验 认识,0985_无产阶级专政_历史经验_认识.md,国家与革命 无产阶级专政,1654_国家与革命_无产阶级专政.md,37.81,阶级斗争与社会革命理论
无产阶级专政 历史经验 认识,0985_无产阶级专政_历史经验_认识.md,哲学领域 无产阶级专政 苏联,0770_哲学领域_无产阶级专政_苏联.md,37.35,阶级斗争与社会革命理论
无产阶级专政 历史经验 认识,0985_无产阶级专政_历史经验_认识.md,列宁 国家 革命 无产阶级专政,0839_列宁_国家_革命_无产阶级专政.md,37.35,阶级斗争与社会革命理论
无产阶级专政 历史经验 认识,0985_无产阶级专政_历史经验_认识.md,列宁 无产阶级专政 学说 发展,0871_列宁_无产阶级专政_学说_发展.md,37.35,阶级斗争与社会革命理论
哲学 宗教 中国文化,0986_哲学_宗教_中国文化.md,中国文化 儒学,1731_中国文化_儒学.md,28.33,中国哲学传统与现代转型
哲学 宗教 中国文化,0986_哲学_宗教_中国文化.md,中国文化 马克思,1736_中国文化_马克思.md,27.5,中国哲学传统与现代转型
哲学 宗教 中国文化,0986_哲学_宗教_中国文化.md,中国文化 古与今 联系,1246_中国文化_古与今_联系.md,26.25,中国哲学传统与现代转型
哲学 宗教 中国文化,0986_哲学_宗教_中国文化.md,古代传统 现代传统 中国文化,0750_古代传统_现代传统_中国文化.md,25.77,中国哲学传统与现代转型
哲学 宗教 中国文化,0986_哲学_宗教_中国文化.md,中国文化 精神基础 伦理,0988_中国文化_精神基础_伦理.md,25.77,中国哲学传统与现代转型
中国人 哲学 宗教,0987_中国人_哲学_宗教.md,哲学 宗教 中国文化,0986_哲学_宗教_中国文化.md,21.11,宗教批判与无神论思想
中国人 哲学 宗教,0987_中国人_哲学_宗教.md,哲学 批判 政治 宗教,1087_哲学_批判_政治_宗教.md,14.55,宗教批判与无神论思想
中国人 哲学 宗教,0987_中国人_哲学_宗教.md,宗教 资本主义,1716_宗教_资本主义.md,12.5,宗教批判与无神论思想
中国人 哲学 宗教,0987_中国人_哲学_宗教.md,宗教 资产阶级,1948_宗教_资产阶级.md,12.5,宗教批判与无神论思想
中国人 哲学 宗教,0987_中国人_哲学_宗教.md,非常时 宗教 态度,1586_非常时_宗教_态度.md,12.27,宗教批判与无神论思想
中国文化 精神基础 伦理,0988_中国文化_精神基础_伦理.md,中国文化 儒学,1731_中国文化_儒学.md,26.82,中国哲学传统与现代转型
中国文化 精神基础 伦理,0988_中国文化_精神基础_伦理.md,中国文化 马克思,1736_中国文化_马克思.md,26.25,中国哲学传统与现代转型
中国文化 精神基础 伦理,0988_中国文化_精神基础_伦理.md,哲学 宗教 中国文化,0986_哲学_宗教_中国文化.md,25.77,中国哲学传统与现代转型
中国文化 精神基础 伦理,0988_中国文化_精神基础_伦理.md,中国文化 古与今 联系,1246_中国文化_古与今_联系.md,25.36,中国哲学传统与现代转型
中国文化 精神基础 伦理,0988_中国文化_精神基础_伦理.md,古代传统 现代传统 中国文化,0750_古代传统_现代传统_中国文化.md,25.0,中国哲学传统与现代转型
哲学 反思 人生,0989_哲学_反思_人生.md,苏联哲学 改革时期 反思,0815_苏联哲学_改革时期_反思.md,14.17,人生观与青年哲学教育
哲学 反思 人生,0989_哲学_反思_人生.md,人生 客观标准 好,1453_人生_客观标准_好.md,12.5,人生观与青年哲学教育
哲学 反思 人生,0989_哲学_反思_人生.md,解脱 人生 悲剧 逃世,1440_解脱_人生_悲剧_逃世.md,12.27,人生观与青年哲学教育
哲学 反思 人生,0989_哲学_反思_人生.md,人生 活动 社会基础,1449_人生_活动_社会基础.md,12.27,人生观与青年哲学教育
哲学 反思 人生,0989_哲学_反思_人生.md,人生 三大真理 生活,1523_人生_三大真理_生活.md,12.27,人生观与青年哲学教育
哲学 代宗教 中国传统,0991_哲学_代宗教_中国传统.md,哲学 宗教 中国文化,0986_哲学_宗教_中国文化.md,9.09,中国哲学传统与现代转型
哲学 代宗教 中国传统,0991_哲学_代宗教_中国传统.md,中国传统哲学 精华 发掘,1492_中国传统哲学_精华_发掘.md,7.69,中国哲学传统与现代转型
哲学 代宗教 中国传统,0991_哲学_代宗教_中国传统.md,中国人 哲学 宗教,0987_中国人_哲学_宗教.md,6.82,中国哲学传统与现代转型
哲学 代宗教 中国传统,0991_哲学_代宗教_中国传统.md,唯物史观 研究 中国传统哲学,0042_唯物史观_研究_中国传统哲学.md,6.67,中国哲学传统与现代转型
哲学 代宗教 中国传统,0991_哲学_代宗教_中国传统.md,毛泽东 实践论 中国传统哲学,0570_毛泽东_实践论_中国传统哲学.md,6.67,中国哲学传统与现代转型
圣人 个人 宇宙 同一,0992_圣人_个人_宇宙_同一.md,宇宙 社会 本体,1456_宇宙_社会_本体.md,12.27,人生观与青年哲学教育
圣人 个人 宇宙 同一,0992_圣人_个人_宇宙_同一.md,一粒砂 宇宙 哲学,1455_一粒砂_宇宙_哲学.md,12.08,人生观与青年哲学教育
圣人 个人 宇宙 同一,0992_圣人_个人_宇宙_同一.md,李大钊 宇宙 大实在,0348_李大钊_宇宙_大实在.md,11.92,人生观与青年哲学教育
刘歆 各家起源 理论,0995_刘歆_各家起源_理论.md,儒家 起源 士,0699_儒家_起源_士.md,5.56,哲学基本范畴与辩证法原理
刘歆 各家起源 理论,0995_刘歆_各家起源_理论.md,道家 起源 隐者,0700_道家_起源_隐者.md,5.0,哲学基本范畴与辩证法原理
刘歆 各家起源 理论,0995_刘歆_各家起源_理论.md,墨家 起源 武士,0996_墨家_起源_武士.md,5.0,哲学基本范畴与辩证法原理
刘歆 各家起源 理论,0995_刘歆_各家起源_理论.md,名家 起源 辩者,0997_名家_起源_辩者.md,5.0,哲学基本范畴与辩证法原理
墨家 起源 武士,0996_墨家_起源_武士.md,儒家 起源 士,0699_儒家_起源_士.md,17.14,中国古代哲学概念与思想传统
墨家 起源 武士,0996_墨家_起源_武士.md,道家 起源 隐者,0700_道家_起源_隐者.md,16.25,中国古代哲学概念与思想传统
墨家 起源 武士,0996_墨家_起源_武士.md,名家 起源 辩者,0997_名家_起源_辩者.md,16.25,中国古代哲学概念与思想传统
墨家 起源 武士,0996_墨家_起源_武士.md,阴阳家 起源 方士,0998_阴阳家_起源_方士.md,15.56,中国古代哲学概念与思想传统
墨家 起源 武士,0996_墨家_起源_武士.md,法家 起源 法术之士,0999_法家_起源_法术之士.md,15.0,中国古代哲学概念与思想传统
名家 起源 辩者,0997_名家_起源_辩者.md,名家 辩者 名实,1004_名家_辩者_名实.md,26.25,中国古代哲学概念与思想传统
名家 起源 辩者,0997_名家_起源_辩者.md,儒家 起源 士,0699_儒家_起源_士.md,17.14,中国古代哲学概念与思想传统
名家 起源 辩者,0997_名家_起源_辩者.md,道家 起源 隐者,0700_道家_起源_隐者.md,16.25,中国古代哲学概念与思想传统
名家 起源 辩者,0997_名家_起源_辩者.md,墨家 起源 武士,0996_墨家_起源_武士.md,16.25,中国古代哲学概念与思想传统
名家 起源 辩者,0997_名家_起源_辩者.md,阴阳家 起源 方士,0998_阴阳家_起源_方士.md,15.56,中国古代哲学概念与思想传统
阴阳家 起源 方士,0998_阴阳家_起源_方士.md,阴阳家 五行 历史哲学,1005_阴阳家_五行_历史哲学.md,19.17,中国古代哲学概念与思想传统
阴阳家 起源 方士,0998_阴阳家_起源_方士.md,儒家 起源 士,0699_儒家_起源_士.md,16.25,中国古代哲学概念与思想传统
阴阳家 起源 方士,0998_阴阳家_起源_方士.md,道家 起源 隐者,0700_道家_起源_隐者.md,15.56,中国古代哲学概念与思想传统
阴阳家 起源 方士,0998_阴阳家_起源_方士.md,墨家 起源 武士,0996_墨家_起源_武士.md,15.56,中国古代哲学概念与思想传统
阴阳家 起源 方士,0998_阴阳家_起源_方士.md,名家 起源 辩者,0997_名家_起源_辩者.md,15.56,中国古代哲学概念与思想传统
法家 起源 法术之士,0999_法家_起源_法术之士.md,儒家 起源 士,0699_儒家_起源_士.md,15.56,中国古代哲学概念与思想传统
法家 起源 法术之士,0999_法家_起源_法术之士.md,道家 起源 隐者,0700_道家_起源_隐者.md,15.0,中国古代哲学概念与思想传统
法家 起源 法术之士,0999_法家_起源_法术之士.md,墨家 起源 武士,0996_墨家_起源_武士.md,15.0,中国古代哲学概念与思想传统
法家 起源 法术之士,0999_法家_起源_法术之士.md,名家 起源 辩者,0997_名家_起源_辩者.md,15.0,中国古代哲学概念与思想传统
法家 起源 法术之士,0999_法家_起源_法术之士.md,阴阳家 起源 方士,0998_阴阳家_起源_方士.md,14.55,中国古代哲学概念与思想传统
孔子 正名 仁义,1000_孔子_正名_仁义.md,孔子 忠恕 知命,1001_孔子_忠恕_知命.md,12.78,中国哲学传统与现代转型
孔子 正名 仁义,1000_孔子_正名_仁义.md,正名 名实 政治秩序,1008_正名_名实_政治秩序.md,12.27,中国哲学传统与现代转型
孔子 正名 仁义,1000_孔子_正名_仁义.md,老子 孔子 王船山 哲学讨论,1368_老子_孔子_王船山_哲学讨论.md,11.79,中国哲学传统与现代转型
孔子 忠恕 知命,1001_孔子_忠恕_知命.md,孔子 正名 仁义,1000_孔子_正名_仁义.md,12.78,中国哲学传统与现代转型
孔子 忠恕 知命,1001_孔子_忠恕_知命.md,中国哲学 知命 能动性,0706_中国哲学_知命_能动性.md,12.08,中国哲学传统与现代转型
孔子 忠恕 知命,1001_孔子_忠恕_知命.md,老子 孔子 王船山 哲学讨论,1368_老子_孔子_王船山_哲学讨论.md,11.79,中国哲学传统与现代转型
墨子 兼爱 天志 明鬼,1002_墨子_兼爱_天志_明鬼.md,兼爱 平等 社会理想,1009_兼爱_平等_社会理想.md,11.92,中国古代哲学概念与思想传统
名家 辩者 名实,1004_名家_辩者_名实.md,名家 起源 辩者,0997_名家_起源_辩者.md,26.25,中国古代哲学概念与思想传统
名家 辩者 名实,1004_名家_辩者_名实.md,正名 名实 政治秩序,1008_正名_名实_政治秩序.md,12.27,中国古代哲学概念与思想传统
阴阳家 五行 历史哲学,1005_阴阳家_五行_历史哲学.md,阴阳家 起源 方士,0998_阴阳家_起源_方士.md,19.17,中国古代哲学概念与思想传统
阴阳家 五行 历史哲学,1005_阴阳家_五行_历史哲学.md,历史哲学教程 唯物史观,0031_历史哲学教程_唯物史观.md,5.36,中国古代哲学概念与思想传统
庄子 自由 平等 齐物,1006_庄子_自由_平等_齐物.md,自由 平等 抗日,0955_自由_平等_抗日.md,18.33,中国近代启蒙与民主革命
庄子 自由 平等 齐物,1006_庄子_自由_平等_齐物.md,九一八 自由 平等 战,0956_九一八_自由_平等_战.md,16.82,中国近代启蒙与民主革命
庄子 自由 平等 齐物,1006_庄子_自由_平等_齐物.md,兼爱 平等 社会理想,1009_兼爱_平等_社会理想.md,11.92,中国近代启蒙与民主革命
正名 名实 政治秩序,1008_正名_名实_政治秩序.md,孔子 正名 仁义,1000_孔子_正名_仁义.md,12.27,中国古代哲学概念与思想传统
正名 名实 政治秩序,1008_正名_名实_政治秩序.md,名家 辩者 名实,1004_名家_辩者_名实.md,12.27,中国古代哲学概念与思想传统
兼爱 平等 社会理想,1009_兼爱_平等_社会理想.md,大同 小康 社会理想,1010_大同_小康_社会理想.md,26.82,中国近代启蒙与民主革命
兼爱 平等 社会理想,1009_兼爱_平等_社会理想.md,自由 平等 抗日,0955_自由_平等_抗日.md,12.27,中国近代启蒙与民主革命
兼爱 平等 社会理想,1009_兼爱_平等_社会理想.md,九一八 自由 平等 战,0956_九一八_自由_平等_战.md,11.92,中国近代启蒙与民主革命
兼爱 平等 社会理想,1009_兼爱_平等_社会理想.md,墨子 兼爱 天志 明鬼,1002_墨子_兼爱_天志_明鬼.md,11.92,中国近代启蒙与民主革命
兼爱 平等 社会理想,1009_兼爱_平等_社会理想.md,庄子 自由 平等 齐物,1006_庄子_自由_平等_齐物.md,11.92,中国近代启蒙与民主革命
大同 小康 社会理想,1010_大同_小康_社会理想.md,兼爱 平等 社会理想,1009_兼爱_平等_社会理想.md,26.82,中国古代哲学概念与思想传统
大同 小康 社会理想,1010_大同_小康_社会理想.md,大同 理想社会 毛泽东,0621_大同_理想社会_毛泽东.md,16.25,中国古代哲学概念与思想传统
大同 小康 社会理想,1010_大同_小康_社会理想.md,农业社会 德化 大同,1410_农业社会_德化_大同.md,14.17,中国古代哲学概念与思想传统
大同 小康 社会理想,1010_大同_小康_社会理想.md,康有为 托古改制 大同,0172_康有为_托古改制_大同.md,11.79,中国古代哲学概念与思想传统
洛斯基 直觉主义 唯心主义,1011_洛斯基_直觉主义_唯心主义.md,唯心主义 唯物主义,1721_唯心主义_唯物主义.md,29.09,现代中国哲学人物与知识论
洛斯基 直觉主义 唯心主义,1011_洛斯基_直觉主义_唯心主义.md,唯心主义 黑格尔,1724_唯心主义_黑格尔.md,26.25,现代中国哲学人物与知识论
洛斯基 直觉主义 唯心主义,1011_洛斯基_直觉主义_唯心主义.md,唯心主义 马赫主义,1728_唯心主义_马赫主义.md,26.25,现代中国哲学人物与知识论
洛斯基 直觉主义 唯心主义,1011_洛斯基_直觉主义_唯心主义.md,唯心主义 辩证法,1745_唯心主义_辩证法.md,26.25,现代中国哲学人物与知识论
洛斯基 直觉主义 唯心主义,1011_洛斯基_直觉主义_唯心主义.md,唯心主义 资产阶级,1750_唯心主义_资产阶级.md,25.77,现代中国哲学人物与知识论
弗兰克 神秘主义 本体论,1012_弗兰克_神秘主义_本体论.md,实践 认识论 本体论,1074_实践_认识论_本体论.md,18.57,现代中国哲学人物与知识论
弗兰克 神秘主义 本体论,1012_弗兰克_神秘主义_本体论.md,本体论 思想方法论 根本问题,0417_本体论_思想方法论_根本问题.md,17.78,现代中国哲学人物与知识论
自然科学 哲学 机械论派,1013_自然科学_哲学_机械论派.md,机械论者 辩证论者 自然科学,1275_机械论者_辩证论者_自然科学.md,28.93,德波林派与机械论派论争
自然科学 哲学 机械论派,1013_自然科学_哲学_机械论派.md,德国 自然科学,1786_德国_自然科学.md,26.82,德波林派与机械论派论争
自然科学 哲学 机械论派,1013_自然科学_哲学_机械论派.md,新哲学 自然科学 经济学 应用,0423_新哲学_自然科学_经济学_应用.md,26.25,德波林派与机械论派论争
自然科学 哲学 机械论派,1013_自然科学_哲学_机械论派.md,机械论派 辩证论者 苏联哲学,0777_机械论派_辩证论者_苏联哲学.md,26.25,德波林派与机械论派论争
自然科学 哲学 机械论派,1013_自然科学_哲学_机械论派.md,哲学 自然科学 科学本身就是哲学,1276_哲学_自然科学_科学本身就是哲学.md,26.25,德波林派与机械论派论争
哲学理论 发展 人文化倾向,1014_哲学理论_发展_人文化倾向.md,苏联哲学 人文化倾向,0798_苏联哲学_人文化倾向.md,34.62,哲学基本范畴与辩证法原理
哲学理论 发展 人文化倾向,1014_哲学理论_发展_人文化倾向.md,苏联哲学 人文化倾向 中国参考,0820_苏联哲学_人文化倾向_中国参考.md,32.35,哲学基本范畴与辩证法原理
哲学理论 发展 人文化倾向,1014_哲学理论_发展_人文化倾向.md,邓小平 哲学理论 当代形态,0656_邓小平_哲学理论_当代形态.md,24.41,哲学基本范畴与辩证法原理
哲学理论 发展 人文化倾向,1014_哲学理论_发展_人文化倾向.md,哲学理论 政治实践 密切联系,1207_哲学理论_政治实践_密切联系.md,24.17,哲学基本范畴与辩证法原理
哲学 学术性 政治性 张力,1015_哲学_学术性_政治性_张力.md,文学 永久性 政治性,0446_文学_永久性_政治性.md,20.77,哲学教学与学术制度建设
哲学 学术性 政治性 张力,1015_哲学_学术性_政治性_张力.md,文艺 永久性 政治性,0487_文艺_永久性_政治性.md,20.77,哲学教学与学术制度建设
马克思主义哲学 在中国 百年历程,1016_马克思主义哲学_在中国_百年历程.md,马克思主义哲学 中国传播 百年历史,0083_马克思主义哲学_中国传播_百年历史.md,47.5,马克思恩格斯经典文本与哲学关系
马克思主义哲学 在中国 百年历程,1016_马克思主义哲学_在中国_百年历程.md,马克思主义哲学 中国化 历程,1413_马克思主义哲学_中国化_历程.md,47.5,马克思恩格斯经典文本与哲学关系
马克思主义哲学 在中国 百年历程,1016_马克思主义哲学_在中国_百年历程.md,马克思主义哲学 中国哲学,1823_马克思主义哲学_中国哲学.md,46.67,马克思恩格斯经典文本与哲学关系
马克思主义哲学 在中国 百年历程,1016_马克思主义哲学_在中国_百年历程.md,李达 马克思主义哲学 中国化,0301_李达_马克思主义哲学_中国化.md,45.29,马克思恩格斯经典文本与哲学关系
马克思主义哲学 在中国 百年历程,1016_马克思主义哲学_在中国_百年历程.md,马克思主义哲学 中国哲学 结合,0765_马克思主义哲学_中国哲学_结合.md,45.29,马克思恩格斯经典文本与哲学关系
马克思主义哲学 中国 社会实践,1017_马克思主义哲学_中国_社会实践.md,马克思主义哲学 中国哲学,1823_马克思主义哲学_中国哲学.md,50.38,马克思恩格斯经典文本与哲学关系
马克思主义哲学 中国 社会实践,1017_马克思主义哲学_中国_社会实践.md,中国社会史 论战 马克思主义哲学,0228_中国社会史_论战_马克思主义哲学.md,49.06,马克思恩格斯经典文本与哲学关系
马克思主义哲学 中国 社会实践,1017_马克思主义哲学_中国_社会实践.md,李达 马克思主义哲学 中国化,0301_李达_马克思主义哲学_中国化.md,48.33,马克思恩格斯经典文本与哲学关系
马克思主义哲学 中国 社会实践,1017_马克思主义哲学_中国_社会实践.md,马克思主义哲学 中国哲学 结合,0765_马克思主义哲学_中国哲学_结合.md,48.33,马克思恩格斯经典文本与哲学关系
马克思主义哲学 中国 社会实践,1017_马克思主义哲学_中国_社会实践.md,马克思主义哲学 中国化 历程,1413_马克思主义哲学_中国化_历程.md,48.33,马克思恩格斯经典文本与哲学关系
马克思主义哲学 主流意识形态 中国,1018_马克思主义哲学_主流意识形态_中国.md,马克思主义哲学 中国哲学,1823_马克思主义哲学_中国哲学.md,45.94,马克思恩格斯经典文本与哲学关系
马克思主义哲学 主流意识形态 中国,1018_马克思主义哲学_主流意识形态_中国.md,马克思主义哲学 中国传统哲学 形态,1797_马克思主义哲学_中国传统哲学_形态.md,45.53,马克思恩格斯经典文本与哲学关系
马克思主义哲学 主流意识形态 中国,1018_马克思主义哲学_主流意识形态_中国.md,李达 马克思主义哲学 中国化,0301_李达_马克思主义哲学_中国化.md,44.72,马克思恩格斯经典文本与哲学关系
马克思主义哲学 主流意识形态 中国,1018_马克思主义哲学_主流意识形态_中国.md,马克思主义哲学 中国哲学 结合,0765_马克思主义哲学_中国哲学_结合.md,44.72,马克思恩格斯经典文本与哲学关系
马克思主义哲学 主流意识形态 中国,1018_马克思主义哲学_主流意识形态_中国.md,教科书形态 马克思主义哲学,0925_教科书形态_马克思主义哲学.md,44.72,马克思恩格斯经典文本与哲学关系
马克思主义哲学 多领域 应用,1019_马克思主义哲学_多领域_应用.md,和平改造 马克思主义哲学 应用,1051_和平改造_马克思主义哲学_应用.md,55.94,马克思恩格斯经典文本与哲学关系
马克思主义哲学 多领域 应用,1019_马克思主义哲学_多领域_应用.md,马克思主义哲学 传播 应用 形态 前景,0045_马克思主义哲学_传播_应用_形态_前景.md,54.72,马克思恩格斯经典文本与哲学关系
马克思主义哲学 多领域 应用,1019_马克思主义哲学_多领域_应用.md,马克思主义哲学 中国哲学,1823_马克思主义哲学_中国哲学.md,45.71,马克思恩格斯经典文本与哲学关系
马克思主义哲学 多领域 应用,1019_马克思主义哲学_多领域_应用.md,李达 马克思主义哲学 研究,0267_李达_马克思主义哲学_研究.md,45.0,马克思恩格斯经典文本与哲学关系
马克思主义哲学 多领域 应用,1019_马克思主义哲学_多领域_应用.md,李达 马克思主义哲学 泰斗,0355_李达_马克思主义哲学_泰斗.md,45.0,马克思恩格斯经典文本与哲学关系
马克思主义哲学 新理论形态 形成,1020_马克思主义哲学_新理论形态_形成.md,教科书形态 马克思主义哲学,0925_教科书形态_马克思主义哲学.md,45.29,马克思恩格斯经典文本与哲学关系
马克思主义哲学 新理论形态 形成,1020_马克思主义哲学_新理论形态_形成.md,马克思主义哲学 新民主主义革命,0634_马克思主义哲学_新民主主义革命.md,44.72,马克思恩格斯经典文本与哲学关系
马克思主义哲学 新理论形态 形成,1020_马克思主义哲学_新理论形态_形成.md,冯友兰 新理学 马克思主义哲学,0763_冯友兰_新理学_马克思主义哲学.md,44.72,马克思恩格斯经典文本与哲学关系
马克思主义哲学 新理论形态 形成,1020_马克思主义哲学_新理论形态_形成.md,马克思主义哲学 中国哲学,1823_马克思主义哲学_中国哲学.md,44.38,马克思恩格斯经典文本与哲学关系
马克思主义哲学 新理论形态 形成,1020_马克思主义哲学_新理论形态_形成.md,苏联 教科书形态 马克思主义哲学,0824_苏联_教科书形态_马克思主义哲学.md,44.21,马克思恩格斯经典文本与哲学关系
中国马克思主义哲学 起点 先天不足,1021_中国马克思主义哲学_起点_先天不足.md,中国马克思主义哲学 转换,1819_中国马克思主义哲学_转换.md,52.5,马克思恩格斯经典文本与哲学关系
中国马克思主义哲学 起点 先天不足,1021_中国马克思主义哲学_起点_先天不足.md,中国马克思主义哲学 中国之根 问题,0720_中国马克思主义哲学_中国之根_问题.md,50.53,马克思恩格斯经典文本与哲学关系
中国马克思主义哲学 起点 先天不足,1021_中国马克思主义哲学_起点_先天不足.md,中国马克思主义哲学 教科书 建构,0931_中国马克思主义哲学_教科书_建构.md,50.53,马克思恩格斯经典文本与哲学关系
中国马克思主义哲学 起点 先天不足,1021_中国马克思主义哲学_起点_先天不足.md,中国马克思主义哲学 何以是中国的哲学,0724_中国马克思主义哲学_何以是中国的哲学.md,50.0,马克思恩格斯经典文本与哲学关系
中国马克思主义哲学 起点 先天不足,1021_中国马克思主义哲学_起点_先天不足.md,中国马克思主义哲学 文化自信 灵魂,0753_中国马克思主义哲学_文化自信_灵魂.md,50.0,马克思恩格斯经典文本与哲学关系
转述性介绍 到 大众化介绍,1022_转述性介绍_到_大众化介绍.md,翻译性介绍 到 转述性介绍,0053_翻译性介绍_到_转述性介绍.md,35.42,新哲学大众化运动
马克思主义哲学 民族形式 民族风格,1023_马克思主义哲学_民族形式_民族风格.md,民族形式 马克思主义哲学,1438_民族形式_马克思主义哲学.md,71.07,中国作风中国气派与马克思主义哲学
马克思主义哲学 民族形式 民族风格,1023_马克思主义哲学_民族形式_民族风格.md,中国化 民族形式 马克思主义哲学,1336_中国化_民族形式_马克思主义哲学.md,68.24,中国作风中国气派与马克思主义哲学
马克思主义哲学 民族形式 民族风格,1023_马克思主义哲学_民族形式_民族风格.md,马克思主义哲学 民族化 世界历史性质,1084_马克思主义哲学_民族化_世界历史性质.md,45.0,中国作风中国气派与马克思主义哲学
马克思主义哲学 民族形式 民族风格,1023_马克思主义哲学_民族形式_民族风格.md,马克思主义哲学 传播形式 转换,0052_马克思主义哲学_传播形式_转换.md,44.72,中国作风中国气派与马克思主义哲学
马克思主义哲学 民族形式 民族风格,1023_马克思主义哲学_民族形式_民族风格.md,马克思主义哲学 中国哲学,1823_马克思主义哲学_中国哲学.md,44.38,中国作风中国气派与马克思主义哲学
职业哲学家 理论学术性 理性精神,1024_职业哲学家_理论学术性_理性精神.md,职业革命家 职业哲学家 传播载体,0055_职业革命家_职业哲学家_传播载体.md,29.76,哲学教学与学术制度建设
救亡图存 马克思主义哲学 需要,1025_救亡图存_马克思主义哲学_需要.md,马克思主义哲学 中国哲学,1823_马克思主义哲学_中国哲学.md,45.0,马克思恩格斯经典文本与哲学关系
救亡图存 马克思主义哲学 需要,1025_救亡图存_马克思主义哲学_需要.md,李达 马克思主义哲学 研究,0267_李达_马克思主义哲学_研究.md,44.38,马克思恩格斯经典文本与哲学关系
救亡图存 马克思主义哲学 需要,1025_救亡图存_马克思主义哲学_需要.md,李达 马克思主义哲学 泰斗,0355_李达_马克思主义哲学_泰斗.md,44.38,马克思恩格斯经典文本与哲学关系
救亡图存 马克思主义哲学 需要,1025_救亡图存_马克思主义哲学_需要.md,马克思主义哲学 传播 苏联,0785_马克思主义哲学_传播_苏联.md,44.38,马克思恩格斯经典文本与哲学关系
救亡图存 马克思主义哲学 需要,1025_救亡图存_马克思主义哲学_需要.md,马克思主义哲学 前景 展望,1066_马克思主义哲学_前景_展望.md,44.38,马克思恩格斯经典文本与哲学关系
唯物辩证法 风靡全国,1026_唯物辩证法_风靡全国.md,唯物辩证法 风靡 起点,1027_唯物辩证法_风靡_起点.md,40.0,辩证唯物主义体系
唯物辩证法 风靡全国,1026_唯物辩证法_风靡全国.md,唯物辩证法 风靡 前奏,1028_唯物辩证法_风靡_前奏.md,40.0,辩证唯物主义体系
唯物辩证法 风靡全国,1026_唯物辩证法_风靡全国.md,唯物辩证法 风靡 原因,1030_唯物辩证法_风靡_原因.md,40.0,辩证唯物主义体系
唯物辩证法 风靡全国,1026_唯物辩证法_风靡全国.md,唯物辩证法 风靡 主要内容,1029_唯物辩证法_风靡_主要内容.md,37.5,辩证唯物主义体系
唯物辩证法 风靡全国,1026_唯物辩证法_风靡全国.md,逐步改造 唯物辩证法,1052_逐步改造_唯物辩证法.md,33.33,辩证唯物主义体系
唯物辩证法 风靡 起点,1027_唯物辩证法_风靡_起点.md,唯物辩证法 风靡 前奏,1028_唯物辩证法_风靡_前奏.md,50.0,辩证唯物主义体系
唯物辩证法 风靡 起点,1027_唯物辩证法_风靡_起点.md,唯物辩证法 风靡 原因,1030_唯物辩证法_风靡_原因.md,50.0,辩证唯物主义体系
唯物辩证法 风靡 起点,1027_唯物辩证法_风靡_起点.md,唯物辩证法 风靡 主要内容,1029_唯物辩证法_风靡_主要内容.md,47.5,辩证唯物主义体系
唯物辩证法 风靡 起点,1027_唯物辩证法_风靡_起点.md,唯物史观 起点 唯物辩证法 扩展,0004_唯物史观_起点_唯物辩证法_扩展.md,43.93,辩证唯物主义体系
唯物辩证法 风靡 起点,1027_唯物辩证法_风靡_起点.md,唯物辩证法 风靡全国,1026_唯物辩证法_风靡全国.md,40.0,辩证唯物主义体系
唯物辩证法 风靡 前奏,1028_唯物辩证法_风靡_前奏.md,唯物辩证法 风靡 起点,1027_唯物辩证法_风靡_起点.md,50.0,辩证唯物主义体系
唯物辩证法 风靡 前奏,1028_唯物辩证法_风靡_前奏.md,唯物辩证法 风靡 原因,1030_唯物辩证法_风靡_原因.md,50.0,辩证唯物主义体系
唯物辩证法 风靡 前奏,1028_唯物辩证法_风靡_前奏.md,唯物辩证法 风靡 主要内容,1029_唯物辩证法_风靡_主要内容.md,47.5,辩证唯物主义体系
唯物辩证法 风靡 前奏,1028_唯物辩证法_风靡_前奏.md,唯物辩证法 风靡全国,1026_唯物辩证法_风靡全国.md,40.0,辩证唯物主义体系
唯物辩证法 风靡 前奏,1028_唯物辩证法_风靡_前奏.md,逐步改造 唯物辩证法,1052_逐步改造_唯物辩证法.md,33.33,辩证唯物主义体系
唯物辩证法 风靡 主要内容,1029_唯物辩证法_风靡_主要内容.md,唯物辩证法 风靡 起点,1027_唯物辩证法_风靡_起点.md,47.5,辩证唯物主义体系
唯物辩证法 风靡 主要内容,1029_唯物辩证法_风靡_主要内容.md,唯物辩证法 风靡 前奏,1028_唯物辩证法_风靡_前奏.md,47.5,辩证唯物主义体系
唯物辩证法 风靡 主要内容,1029_唯物辩证法_风靡_主要内容.md,唯物辩证法 风靡 原因,1030_唯物辩证法_风靡_原因.md,47.5,辩证唯物主义体系
唯物辩证法 风靡 主要内容,1029_唯物辩证法_风靡_主要内容.md,唯物辩证法 风靡全国,1026_唯物辩证法_风靡全国.md,37.5,辩证唯物主义体系
唯物辩证法 风靡 主要内容,1029_唯物辩证法_风靡_主要内容.md,逐步改造 唯物辩证法,1052_逐步改造_唯物辩证法.md,32.14,辩证唯物主义体系
唯物辩证法 风靡 原因,1030_唯物辩证法_风靡_原因.md,唯物辩证法 风靡 起点,1027_唯物辩证法_风靡_起点.md,50.0,辩证唯物主义体系
唯物辩证法 风靡 原因,1030_唯物辩证法_风靡_原因.md,唯物辩证法 风靡 前奏,1028_唯物辩证法_风靡_前奏.md,50.0,辩证唯物主义体系
唯物辩证法 风靡 原因,1030_唯物辩证法_风靡_原因.md,唯物辩证法 风靡 主要内容,1029_唯物辩证法_风靡_主要内容.md,47.5,辩证唯物主义体系
唯物辩证法 风靡 原因,1030_唯物辩证法_风靡_原因.md,唯物辩证法 风靡全国,1026_唯物辩证法_风靡全国.md,40.0,辩证唯物主义体系
唯物辩证法 风靡 原因,1030_唯物辩证法_风靡_原因.md,逐步改造 唯物辩证法,1052_逐步改造_唯物辩证法.md,33.33,辩证唯物主义体系
哲学大论战 国际背景 国内根源,1031_哲学大论战_国际背景_国内根源.md,哲学大论战 基本态势 特点,1032_哲学大论战_基本态势_特点.md,30.56,思想论战与文化批判
哲学大论战 基本态势 特点,1032_哲学大论战_基本态势_特点.md,哲学大论战 国际背景 国内根源,1031_哲学大论战_国际背景_国内根源.md,30.56,思想论战与文化批判
哲学大论战 基本态势 特点,1032_哲学大论战_基本态势_特点.md,大众哲学 特点 社会影响,0373_大众哲学_特点_社会影响.md,12.94,思想论战与文化批判
哲学大论战 基本态势 特点,1032_哲学大论战_基本态势_特点.md,毛泽东哲学思想 特点 贡献,0626_毛泽东哲学思想_特点_贡献.md,12.78,思想论战与文化批判
哲学大论战 基本态势 特点,1032_哲学大论战_基本态势_特点.md,改革开放 哲学研究 教学 特点,0665_改革开放_哲学研究_教学_特点.md,12.63,思想论战与文化批判
哲学大论战 基本态势 特点,1032_哲学大论战_基本态势_特点.md,马克思主义哲学 教科书传播 特点,0097_马克思主义哲学_教科书传播_特点.md,12.38,思想论战与文化批判
辩证唯物论 分歧 争论,1033_辩证唯物论_分歧_争论.md,历史唯物论 辩证唯物论 米丁,1809_历史唯物论_辩证唯物论_米丁.md,32.69,哲学基本范畴与辩证法原理
辩证唯物论 分歧 争论,1033_辩证唯物论_分歧_争论.md,李达 辩证唯物论 系统传播,0342_李达_辩证唯物论_系统传播.md,32.14,哲学基本范畴与辩证法原理
辩证唯物论 分歧 争论,1033_辩证唯物论_分歧_争论.md,俄国 辩证唯物论 思想 介绍,0909_俄国_辩证唯物论_思想_介绍.md,32.14,哲学基本范畴与辩证法原理
辩证唯物论 分歧 争论,1033_辩证唯物论_分歧_争论.md,辩证唯物论 历史唯物论 传播体系,0057_辩证唯物论_历史唯物论_传播体系.md,31.67,哲学基本范畴与辩证法原理
辩证唯物论 分歧 争论,1033_辩证唯物论_分歧_争论.md,辩证唯物主义 研讨 争论,0981_辩证唯物主义_研讨_争论.md,17.69,哲学基本范畴与辩证法原理
延安 干部 哲学学习教育,1034_延安_干部_哲学学习教育.md,国统区 延安,1856_国统区_延安.md,12.08,青年教育与人生观
延安 干部 哲学学习教育,1034_延安_干部_哲学学习教育.md,实事求是 思想路线 延安,0597_实事求是_思想路线_延安.md,11.47,青年教育与人生观
国统区 理论著述 马克思主义哲学,1035_国统区_理论著述_马克思主义哲学.md,国统区 翻译介绍 马克思主义哲学,0067_国统区_翻译介绍_马克思主义哲学.md,61.11,马克思恩格斯经典文本与哲学关系
国统区 理论著述 马克思主义哲学,1035_国统区_理论著述_马克思主义哲学.md,马克思主义哲学 中国哲学,1823_马克思主义哲学_中国哲学.md,44.38,马克思恩格斯经典文本与哲学关系
国统区 理论著述 马克思主义哲学,1035_国统区_理论著述_马克思主义哲学.md,马克思主义哲学 新理论形态 形成,1020_马克思主义哲学_新理论形态_形成.md,44.21,马克思恩格斯经典文本与哲学关系
国统区 理论著述 马克思主义哲学,1035_国统区_理论著述_马克思主义哲学.md,李达 马克思主义哲学 研究,0267_李达_马克思主义哲学_研究.md,43.82,马克思恩格斯经典文本与哲学关系
国统区 理论著述 马克思主义哲学,1035_国统区_理论著述_马克思主义哲学.md,李达 马克思主义哲学 泰斗,0355_李达_马克思主义哲学_泰斗.md,43.82,马克思恩格斯经典文本与哲学关系
社会发展史 历史唯物论 学习,1036_社会发展史_历史唯物论_学习.md,历史唯物论 社会发展史 艾思奇,0374_历史唯物论_社会发展史_艾思奇.md,63.33,哲学基本范畴与辩证法原理
社会发展史 历史唯物论 学习,1036_社会发展史_历史唯物论_学习.md,社会发展史 历史唯物主义 学习运动,1342_社会发展史_历史唯物主义_学习运动.md,39.06,哲学基本范畴与辩证法原理
社会发展史 历史唯物论 学习,1036_社会发展史_历史唯物论_学习.md,社会发展史 历史唯物主义 宣传,1223_社会发展史_历史唯物主义_宣传.md,38.33,哲学基本范畴与辩证法原理
社会发展史 历史唯物论 学习,1036_社会发展史_历史唯物论_学习.md,历史唯物论 辩证唯物论 米丁,1809_历史唯物论_辩证唯物论_米丁.md,31.25,哲学基本范畴与辩证法原理
社会发展史 历史唯物论 学习,1036_社会发展史_历史唯物论_学习.md,辩证唯物论 历史唯物论 传播体系,0057_辩证唯物论_历史唯物论_传播体系.md,30.56,哲学基本范畴与辩证法原理
马列学院 哲学教学 经验总结,1037_马列学院_哲学教学_经验总结.md,马列学院 哲学教学 经验,1343_马列学院_哲学教学_经验.md,60.45,哲学教学与学术制度建设
马列学院 哲学教学 经验总结,1037_马列学院_哲学教学_经验总结.md,马克思主义哲学中国化 研究 经验总结,1060_马克思主义哲学中国化_研究_经验总结.md,24.55,哲学教学与学术制度建设
知识分子 思想改造 唯物论批判,1038_知识分子_思想改造_唯物论批判.md,民主主义 知识分子 思潮,1825_民主主义_知识分子_思潮.md,25.88,社会主义建设时期哲学讨论与反思
知识分子 思想改造 唯物论批判,1038_知识分子_思想改造_唯物论批判.md,延安时期 知识分子,1704_延安时期_知识分子.md,24.69,社会主义建设时期哲学讨论与反思
知识分子 思想改造 唯物论批判,1038_知识分子_思想改造_唯物论批判.md,知识分子 社会主义 观察,1826_知识分子_社会主义_观察.md,24.17,社会主义建设时期哲学讨论与反思
知识分子 思想改造 唯物论批判,1038_知识分子_思想改造_唯物论批判.md,知识分子 阶级属性 地位作用,1364_知识分子_阶级属性_地位作用.md,23.75,社会主义建设时期哲学讨论与反思
知识分子 思想改造 唯物论批判,1038_知识分子_思想改造_唯物论批判.md,知识分子 马克思主义大众化,1701_知识分子_马克思主义大众化.md,23.75,社会主义建设时期哲学讨论与反思
哲学解放 工农兵 学哲学,1039_哲学解放_工农兵_学哲学.md,工农兵 学哲学 用哲学,1040_工农兵_学哲学_用哲学.md,42.5,社会主义建设时期哲学讨论与反思
哲学解放 工农兵 学哲学,1039_哲学解放_工农兵_学哲学.md,干部群众 学哲学 新中国,0663_干部群众_学哲学_新中国.md,18.33,社会主义建设时期哲学讨论与反思
工农兵 学哲学 用哲学,1040_工农兵_学哲学_用哲学.md,哲学解放 工农兵 学哲学,1039_哲学解放_工农兵_学哲学.md,42.5,社会主义建设时期哲学讨论与反思
工农兵 学哲学 用哲学,1040_工农兵_学哲学_用哲学.md,干部群众 学哲学 新中国,0663_干部群众_学哲学_新中国.md,18.57,社会主义建设时期哲学讨论与反思
主观能动性 客观规律性 争论,1041_主观能动性_客观规律性_争论.md,思维与存在 同一性 争论,1042_思维与存在_同一性_争论.md,12.78,哲学基本范畴与辩证法原理
主观能动性 客观规律性 争论,1041_主观能动性_客观规律性_争论.md,辩证唯物论 分歧 争论,1033_辩证唯物论_分歧_争论.md,11.39,哲学基本范畴与辩证法原理
主观能动性 客观规律性 争论,1041_主观能动性_客观规律性_争论.md,历史唯物主义 研讨 争论,0978_历史唯物主义_研讨_争论.md,11.32,哲学基本范畴与辩证法原理
主观能动性 客观规律性 争论,1041_主观能动性_客观规律性_争论.md,辩证唯物主义 研讨 争论,0981_辩证唯物主义_研讨_争论.md,11.32,哲学基本范畴与辩证法原理
主观能动性 客观规律性 争论,1041_主观能动性_客观规律性_争论.md,一分为二 合二而一 争论,1043_一分为二_合二而一_争论.md,11.32,哲学基本范畴与辩证法原理
思维与存在 同一性 争论,1042_思维与存在_同一性_争论.md,思维与存在 同一性 讨论,1365_思维与存在_同一性_讨论.md,55.91,哲学基本范畴与辩证法原理
思维与存在 同一性 争论,1042_思维与存在_同一性_争论.md,思维与存在 关系 哲学史,0941_思维与存在_关系_哲学史.md,32.14,哲学基本范畴与辩证法原理
思维与存在 同一性 争论,1042_思维与存在_同一性_争论.md,矛盾 同一性 斗争性,1319_矛盾_同一性_斗争性.md,18.57,哲学基本范畴与辩证法原理
思维与存在 同一性 争论,1042_思维与存在_同一性_争论.md,主观能动性 客观规律性 争论,1041_主观能动性_客观规律性_争论.md,12.78,哲学基本范畴与辩证法原理
思维与存在 同一性 争论,1042_思维与存在_同一性_争论.md,辩证唯物论 分歧 争论,1033_辩证唯物论_分歧_争论.md,11.56,哲学基本范畴与辩证法原理
一分为二 合二而一 争论,1043_一分为二_合二而一_争论.md,一分为二 合二为一 讨论,1366_一分为二_合二为一_讨论.md,29.62,哲学基本范畴与辩证法原理
一分为二 合二而一 争论,1043_一分为二_合二而一_争论.md,辩证唯物论 分歧 争论,1033_辩证唯物论_分歧_争论.md,11.56,哲学基本范畴与辩证法原理
一分为二 合二而一 争论,1043_一分为二_合二而一_争论.md,历史唯物主义 研讨 争论,0978_历史唯物主义_研讨_争论.md,11.47,哲学基本范畴与辩证法原理
一分为二 合二而一 争论,1043_一分为二_合二而一_争论.md,辩证唯物主义 研讨 争论,0981_辩证唯物主义_研讨_争论.md,11.47,哲学基本范畴与辩证法原理
一分为二 合二而一 争论,1043_一分为二_合二而一_争论.md,思维与存在 同一性 争论,1042_思维与存在_同一性_争论.md,11.47,哲学基本范畴与辩证法原理
马克思主义哲学体系 改造 创新,1044_马克思主义哲学体系_改造_创新.md,教科书编写 创新 马克思主义哲学,0935_教科书编写_创新_马克思主义哲学.md,19.72,马克思恩格斯经典文本与哲学关系
马克思主义哲学体系 改造 创新,1044_马克思主义哲学体系_改造_创新.md,赎买政策 资本主义工商业 改造,1348_赎买政策_资本主义工商业_改造.md,12.27,马克思恩格斯经典文本与哲学关系
马克思主义哲学体系 改造 创新,1044_马克思主义哲学体系_改造_创新.md,改造 责任,2028_改造_责任.md,11.79,马克思恩格斯经典文本与哲学关系
马克思主义哲学体系 改造 创新,1044_马克思主义哲学体系_改造_创新.md,改造 建设 结合,1350_改造_建设_结合.md,11.56,马克思恩格斯经典文本与哲学关系
马克思主义哲学体系 改造 创新,1044_马克思主义哲学体系_改造_创新.md,和平改造 马克思主义哲学 应用,1051_和平改造_马克思主义哲学_应用.md,10.29,马克思恩格斯经典文本与哲学关系
价值观 价值哲学 马克思主义哲学,1045_价值观_价值哲学_马克思主义哲学.md,大众哲学 马克思主义哲学 大众化,0360_大众哲学_马克思主义哲学_大众化.md,46.67,马克思恩格斯经典文本与哲学关系
价值观 价值哲学 马克思主义哲学,1045_价值观_价值哲学_马克思主义哲学.md,冯友兰 新理学 马克思主义哲学,0763_冯友兰_新理学_马克思主义哲学.md,45.94,马克思恩格斯经典文本与哲学关系
价值观 价值哲学 马克思主义哲学,1045_价值观_价值哲学_马克思主义哲学.md,马克思哲学 马克思主义哲学 关系论争,1069_马克思哲学_马克思主义哲学_关系论争.md,45.94,马克思恩格斯经典文本与哲学关系
价值观 价值哲学 马克思主义哲学,1045_价值观_价值哲学_马克思主义哲学.md,马克思主义哲学 中国哲学,1823_马克思主义哲学_中国哲学.md,45.71,马克思恩格斯经典文本与哲学关系
价值观 价值哲学 马克思主义哲学,1045_价值观_价值哲学_马克思主义哲学.md,大众哲学 马克思主义哲学 传播贡献,0372_大众哲学_马克思主义哲学_传播贡献.md,45.29,马克思恩格斯经典文本与哲学关系
马克思主义人学 研究 新拓展,1046_马克思主义人学_研究_新拓展.md,马克思主义哲学史 研究 新拓展,0924_马克思主义哲学史_研究_新拓展.md,28.33,马克思恩格斯经典文本与哲学关系
马克思主义人学 研究 新拓展,1046_马克思主义人学_研究_新拓展.md,毛泽东哲学思想 研究 新拓展,0496_毛泽东哲学思想_研究_新拓展.md,20.56,马克思恩格斯经典文本与哲学关系
马克思主义人学 研究 新拓展,1046_马克思主义人学_研究_新拓展.md,李达 马克思主义哲学 研究,0267_李达_马克思主义哲学_研究.md,10.0,马克思恩格斯经典文本与哲学关系
马克思主义人学 研究 新拓展,1046_马克思主义人学_研究_新拓展.md,李达 马克思主义哲学研究,1754_李达_马克思主义哲学研究.md,10.0,马克思恩格斯经典文本与哲学关系
马克思主义人学 研究 新拓展,1046_马克思主义人学_研究_新拓展.md,毛泽东 马克思主义哲学研究,1756_毛泽东_马克思主义哲学研究.md,9.38,马克思恩格斯经典文本与哲学关系
杜国庠 先秦诸子思想 研究,1047_杜国庠_先秦诸子思想_研究.md,诸子思想 复兴 整理,1403_诸子思想_复兴_整理.md,5.36,中国古代哲学概念与思想传统
社会发展规律 社会主义 必然兴起,1048_社会发展规律_社会主义_必然兴起.md,共产主义 社会主义 发展经验,1477_共产主义_社会主义_发展经验.md,25.56,哲学基本范畴与辩证法原理
社会发展规律 社会主义 必然兴起,1048_社会发展规律_社会主义_必然兴起.md,俄国 社会主义,1758_俄国_社会主义.md,25.36,哲学基本范畴与辩证法原理
社会发展规律 社会主义 必然兴起,1048_社会发展规律_社会主义_必然兴起.md,德国 社会主义,1772_德国_社会主义.md,25.36,哲学基本范畴与辩证法原理
社会发展规律 社会主义 必然兴起,1048_社会发展规律_社会主义_必然兴起.md,法国 社会主义,1817_法国_社会主义.md,25.36,哲学基本范畴与辩证法原理
社会发展规律 社会主义 必然兴起,1048_社会发展规律_社会主义_必然兴起.md,社会主义 列宁,1840_社会主义_列宁.md,25.36,哲学基本范畴与辩证法原理
民主主义革命 社会主义革命 辩证统一,1049_民主主义革命_社会主义革命_辩证统一.md,民主主义革命 社会主义革命 必然趋势,1050_民主主义革命_社会主义革命_必然趋势.md,72.5,中国近代启蒙与民主革命
民主主义革命 社会主义革命 辩证统一,1049_民主主义革命_社会主义革命_辩证统一.md,社会主义革命 建设 辩证法,0983_社会主义革命_建设_辩证法.md,39.38,中国近代启蒙与民主革命
民主主义革命 社会主义革命 辩证统一,1049_民主主义革命_社会主义革命_辩证统一.md,社会主义革命 形式 多样,1473_社会主义革命_形式_多样.md,37.81,中国近代启蒙与民主革命
民主主义革命 社会主义革命 辩证统一,1049_民主主义革命_社会主义革命_辩证统一.md,社会主义革命 建设 主观主义,1357_社会主义革命_建设_主观主义.md,37.35,中国近代启蒙与民主革命
民主主义革命 社会主义革命 辩证统一,1049_民主主义革命_社会主义革命_辩证统一.md,一国胜利理论 列宁 社会主义革命,0869_一国胜利理论_列宁_社会主义革命.md,36.25,中国近代启蒙与民主革命
民主主义革命 社会主义革命 必然趋势,1050_民主主义革命_社会主义革命_必然趋势.md,民主主义革命 社会主义革命 辩证统一,1049_民主主义革命_社会主义革命_辩证统一.md,72.5,中国近代启蒙与民主革命
民主主义革命 社会主义革命 必然趋势,1050_民主主义革命_社会主义革命_必然趋势.md,社会主义革命 形式 多样,1473_社会主义革命_形式_多样.md,37.81,中国近代启蒙与民主革命
民主主义革命 社会主义革命 必然趋势,1050_民主主义革命_社会主义革命_必然趋势.md,社会主义革命 建设 辩证法,0983_社会主义革命_建设_辩证法.md,37.35,中国近代启蒙与民主革命
民主主义革命 社会主义革命 必然趋势,1050_民主主义革命_社会主义革命_必然趋势.md,社会主义革命 建设 主观主义,1357_社会主义革命_建设_主观主义.md,37.35,中国近代启蒙与民主革命
民主主义革命 社会主义革命 必然趋势,1050_民主主义革命_社会主义革命_必然趋势.md,一国胜利理论 列宁 社会主义革命,0869_一国胜利理论_列宁_社会主义革命.md,36.25,中国近代启蒙与民主革命
和平改造 马克思主义哲学 应用,1051_和平改造_马克思主义哲学_应用.md,马克思主义哲学 多领域 应用,1019_马克思主义哲学_多领域_应用.md,55.94,马克思恩格斯经典文本与哲学关系
和平改造 马克思主义哲学 应用,1051_和平改造_马克思主义哲学_应用.md,马克思主义哲学 传播 应用 形态 前景,0045_马克思主义哲学_传播_应用_形态_前景.md,54.21,马克思恩格斯经典文本与哲学关系
和平改造 马克思主义哲学 应用,1051_和平改造_马克思主义哲学_应用.md,马克思主义哲学 中国哲学,1823_马克思主义哲学_中国哲学.md,45.0,马克思恩格斯经典文本与哲学关系
和平改造 马克思主义哲学 应用,1051_和平改造_马克思主义哲学_应用.md,李达 马克思主义哲学 研究,0267_李达_马克思主义哲学_研究.md,44.38,马克思恩格斯经典文本与哲学关系
和平改造 马克思主义哲学 应用,1051_和平改造_马克思主义哲学_应用.md,李达 马克思主义哲学 泰斗,0355_李达_马克思主义哲学_泰斗.md,44.38,马克思恩格斯经典文本与哲学关系
逐步改造 唯物辩证法,1052_逐步改造_唯物辩证法.md,综合改造 唯物辩证法,1053_综合改造_唯物辩证法.md,40.0,哲学基本范畴与辩证法原理
逐步改造 唯物辩证法,1052_逐步改造_唯物辩证法.md,中国式社会主义改造 唯物辩证法,0671_中国式社会主义改造_唯物辩证法.md,35.0,哲学基本范畴与辩证法原理
逐步改造 唯物辩证法,1052_逐步改造_唯物辩证法.md,唯物辩证法 风靡全国,1026_唯物辩证法_风靡全国.md,33.33,哲学基本范畴与辩证法原理
逐步改造 唯物辩证法,1052_逐步改造_唯物辩证法.md,唯物辩证法 风靡 起点,1027_唯物辩证法_风靡_起点.md,33.33,哲学基本范畴与辩证法原理
逐步改造 唯物辩证法,1052_逐步改造_唯物辩证法.md,唯物辩证法 风靡 前奏,1028_唯物辩证法_风靡_前奏.md,33.33,哲学基本范畴与辩证法原理
综合改造 唯物辩证法,1053_综合改造_唯物辩证法.md,逐步改造 唯物辩证法,1052_逐步改造_唯物辩证法.md,40.0,哲学基本范畴与辩证法原理
综合改造 唯物辩证法,1053_综合改造_唯物辩证法.md,中国式社会主义改造 唯物辩证法,0671_中国式社会主义改造_唯物辩证法.md,35.0,哲学基本范畴与辩证法原理
综合改造 唯物辩证法,1053_综合改造_唯物辩证法.md,唯物辩证法 风靡全国,1026_唯物辩证法_风靡全国.md,33.33,哲学基本范畴与辩证法原理
综合改造 唯物辩证法,1053_综合改造_唯物辩证法.md,唯物辩证法 风靡 起点,1027_唯物辩证法_风靡_起点.md,33.33,哲学基本范畴与辩证法原理
综合改造 唯物辩证法,1053_综合改造_唯物辩证法.md,唯物辩证法 风靡 前奏,1028_唯物辩证法_风靡_前奏.md,33.33,哲学基本范畴与辩证法原理
论十大关系 矛盾学说 应用,1054_论十大关系_矛盾学说_应用.md,正确处理人民内部矛盾 矛盾理论 应用,0653_正确处理人民内部矛盾_矛盾理论_应用.md,12.27,哲学基本范畴与辩证法原理
论十大关系 矛盾学说 应用,1054_论十大关系_矛盾学说_应用.md,唯物辩证法 应用 要点,1556_唯物辩证法_应用_要点.md,11.47,哲学基本范畴与辩证法原理
论十大关系 矛盾学说 应用,1054_论十大关系_矛盾学说_应用.md,李达 唯物史观 传播 应用,0332_李达_唯物史观_传播_应用.md,11.39,哲学基本范畴与辩证法原理
论十大关系 矛盾学说 应用,1054_论十大关系_矛盾学说_应用.md,周恩来 唯物史观 传播 应用,0114_周恩来_唯物史观_传播_应用.md,11.32,哲学基本范畴与辩证法原理
论十大关系 矛盾学说 应用,1054_论十大关系_矛盾学说_应用.md,恽代英 唯物史观 传播 应用,0115_恽代英_唯物史观_传播_应用.md,11.32,哲学基本范畴与辩证法原理
马克思主义哲学中国化 客观依据,1055_马克思主义哲学中国化_客观依据.md,马克思主义哲学中国化 不足,1432_马克思主义哲学中国化_不足.md,55.0,马克思恩格斯经典文本与哲学关系
马克思主义哲学中国化 客观依据,1055_马克思主义哲学中国化_客观依据.md,李达 马克思主义哲学中国化,1751_李达_马克思主义哲学中国化.md,55.0,马克思恩格斯经典文本与哲学关系
马克思主义哲学中国化 客观依据,1055_马克思主义哲学中国化_客观依据.md,马克思主义哲学中国化 走向,1816_马克思主义哲学中国化_走向.md,55.0,马克思恩格斯经典文本与哲学关系
马克思主义哲学中国化 客观依据,1055_马克思主义哲学中国化_客观依据.md,毛泽东 马克思主义哲学中国化,1748_毛泽东_马克思主义哲学中国化.md,54.06,马克思恩格斯经典文本与哲学关系
马克思主义哲学中国化 客观依据,1055_马克思主义哲学中国化_客观依据.md,马克思主义哲学中国化 现实性,1805_马克思主义哲学中国化_现实性.md,54.06,马克思恩格斯经典文本与哲学关系
马克思主义哲学中国化 具体内容,1056_马克思主义哲学中国化_具体内容.md,马克思主义哲学中国化 不足,1432_马克思主义哲学中国化_不足.md,55.0,马克思恩格斯经典文本与哲学关系
马克思主义哲学中国化 具体内容,1056_马克思主义哲学中国化_具体内容.md,李达 马克思主义哲学中国化,1751_李达_马克思主义哲学中国化.md,55.0,马克思恩格斯经典文本与哲学关系
马克思主义哲学中国化 具体内容,1056_马克思主义哲学中国化_具体内容.md,马克思主义哲学中国化 走向,1816_马克思主义哲学中国化_走向.md,55.0,马克思恩格斯经典文本与哲学关系
马克思主义哲学中国化 具体内容,1056_马克思主义哲学中国化_具体内容.md,毛泽东 马克思主义哲学中国化,1748_毛泽东_马克思主义哲学中国化.md,54.06,马克思恩格斯经典文本与哲学关系
马克思主义哲学中国化 具体内容,1056_马克思主义哲学中国化_具体内容.md,马克思主义哲学中国化 现实性,1805_马克思主义哲学中国化_现实性.md,54.06,马克思恩格斯经典文本与哲学关系
中国化 马克思主义哲学 认识论 辩证法,1057_中国化_马克思主义哲学_认识论_辩证法.md,李达 马克思主义哲学 中国化,0301_李达_马克思主义哲学_中国化.md,61.11,实践观点与认识论
中国化 马克思主义哲学 认识论 辩证法,1057_中国化_马克思主义哲学_认识论_辩证法.md,马克思主义哲学 中国化 历程,1413_马克思主义哲学_中国化_历程.md,61.11,实践观点与认识论
中国化 马克思主义哲学 认识论 辩证法,1057_中国化_马克思主义哲学_认识论_辩证法.md,马克思主义哲学 中国化 定义,1414_马克思主义哲学_中国化_定义.md,61.11,实践观点与认识论
中国化 马克思主义哲学 认识论 辩证法,1057_中国化_马克思主义哲学_认识论_辩证法.md,毛泽东 马克思主义哲学 中国化,0615_毛泽东_马克思主义哲学_中国化.md,60.53,实践观点与认识论
中国化 马克思主义哲学 认识论 辩证法,1057_中国化_马克思主义哲学_认识论_辩证法.md,马克思主义哲学 教科书 中国化,0928_马克思主义哲学_教科书_中国化.md,60.53,实践观点与认识论
马克思主义哲学 方法化 具体化,1058_马克思主义哲学_方法化_具体化.md,马克思主义哲学 中国哲学,1823_马克思主义哲学_中国哲学.md,45.0,马克思恩格斯经典文本与哲学关系
马克思主义哲学 方法化 具体化,1058_马克思主义哲学_方法化_具体化.md,李达 马克思主义哲学 研究,0267_李达_马克思主义哲学_研究.md,44.38,马克思恩格斯经典文本与哲学关系
马克思主义哲学 方法化 具体化,1058_马克思主义哲学_方法化_具体化.md,李达 马克思主义哲学 泰斗,0355_李达_马克思主义哲学_泰斗.md,44.38,马克思恩格斯经典文本与哲学关系
马克思主义哲学 方法化 具体化,1058_马克思主义哲学_方法化_具体化.md,马克思主义哲学 传播 苏联,0785_马克思主义哲学_传播_苏联.md,44.38,马克思恩格斯经典文本与哲学关系
马克思主义哲学 方法化 具体化,1058_马克思主义哲学_方法化_具体化.md,马克思主义哲学 前景 展望,1066_马克思主义哲学_前景_展望.md,44.38,马克思恩格斯经典文本与哲学关系
马克思主义哲学中国化 表现形态,1059_马克思主义哲学中国化_表现形态.md,马克思主义哲学中国化 不足,1432_马克思主义哲学中国化_不足.md,55.0,马克思恩格斯经典文本与哲学关系
马克思主义哲学中国化 表现形态,1059_马克思主义哲学中国化_表现形态.md,李达 马克思主义哲学中国化,1751_李达_马克思主义哲学中国化.md,55.0,马克思恩格斯经典文本与哲学关系
马克思主义哲学中国化 表现形态,1059_马克思主义哲学中国化_表现形态.md,马克思主义哲学中国化 走向,1816_马克思主义哲学中国化_走向.md,55.0,马克思恩格斯经典文本与哲学关系
马克思主义哲学中国化 表现形态,1059_马克思主义哲学中国化_表现形态.md,马克思主义哲学中国化 代表性形态,1238_马克思主义哲学中国化_代表性形态.md,54.71,马克思恩格斯经典文本与哲学关系
马克思主义哲学中国化 表现形态,1059_马克思主义哲学中国化_表现形态.md,毛泽东 马克思主义哲学中国化,1748_毛泽东_马克思主义哲学中国化.md,54.06,马克思恩格斯经典文本与哲学关系
马克思主义哲学中国化 研究 经验总结,1060_马克思主义哲学中国化_研究_经验总结.md,马克思主义哲学中国化 研究视域 转换,1232_马克思主义哲学中国化_研究视域_转换.md,54.47,马克思主义哲学中国化研究范式
马克思主义哲学中国化 研究 经验总结,1060_马克思主义哲学中国化_研究_经验总结.md,马克思主义哲学中国化 不足,1432_马克思主义哲学中国化_不足.md,53.24,马克思主义哲学中国化研究范式
马克思主义哲学中国化 研究 经验总结,1060_马克思主义哲学中国化_研究_经验总结.md,李达 马克思主义哲学中国化,1751_李达_马克思主义哲学中国化.md,53.24,马克思主义哲学中国化研究范式
马克思主义哲学中国化 研究 经验总结,1060_马克思主义哲学中国化_研究_经验总结.md,马克思主义哲学中国化 走向,1816_马克思主义哲学中国化_走向.md,53.24,马克思主义哲学中国化研究范式
马克思主义哲学中国化 研究 经验总结,1060_马克思主义哲学中国化_研究_经验总结.md,毛泽东 马克思主义哲学中国化,1748_毛泽东_马克思主义哲学中国化.md,52.5,马克思主义哲学中国化研究范式
多种风格 大众化形态 马克思主义哲学,1061_多种风格_大众化形态_马克思主义哲学.md,马克思主义哲学 哲学大众化,1813_马克思主义哲学_哲学大众化.md,46.76,新哲学大众化运动
多种风格 大众化形态 马克思主义哲学,1061_多种风格_大众化形态_马克思主义哲学.md,大众哲学 马克思主义哲学 大众化,0360_大众哲学_马克思主义哲学_大众化.md,46.11,新哲学大众化运动
多种风格 大众化形态 马克思主义哲学,1061_多种风格_大众化形态_马克思主义哲学.md,教科书形态 马克思主义哲学,0925_教科书形态_马克思主义哲学.md,46.11,新哲学大众化运动
多种风格 大众化形态 马克思主义哲学,1061_多种风格_大众化形态_马克思主义哲学.md,马克思主义哲学 大众化 胡绳,1814_马克思主义哲学_大众化_胡绳.md,46.11,新哲学大众化运动
多种风格 大众化形态 马克思主义哲学,1061_多种风格_大众化形态_马克思主义哲学.md,艾思奇 马克思主义哲学 大众化,0358_艾思奇_马克思主义哲学_大众化.md,45.53,新哲学大众化运动
社会学大纲 理论体系 整体性,1062_社会学大纲_理论体系_整体性.md,社会学大纲 理论体系 准确性,1063_社会学大纲_理论体系_准确性.md,59.29,李达与马克思主义哲学体系化
社会学大纲 理论体系 整体性,1062_社会学大纲_理论体系_整体性.md,社会学大纲,1868_社会学大纲.md,34.09,李达与马克思主义哲学体系化
社会学大纲 理论体系 整体性,1062_社会学大纲_理论体系_整体性.md,社会学大纲 体系 深刻见解,1301_社会学大纲_体系_深刻见解.md,32.81,李达与马克思主义哲学体系化
社会学大纲 理论体系 整体性,1062_社会学大纲_理论体系_整体性.md,李达 社会学大纲 学术史,0268_李达_社会学大纲_学术史.md,31.25,李达与马克思主义哲学体系化
社会学大纲 理论体系 整体性,1062_社会学大纲_理论体系_整体性.md,李达 现代社会学 社会学大纲,0298_李达_现代社会学_社会学大纲.md,31.25,李达与马克思主义哲学体系化
社会学大纲 理论体系 准确性,1063_社会学大纲_理论体系_准确性.md,社会学大纲 理论体系 整体性,1062_社会学大纲_理论体系_整体性.md,59.29,李达与马克思主义哲学体系化
社会学大纲 理论体系 准确性,1063_社会学大纲_理论体系_准确性.md,社会学大纲,1868_社会学大纲.md,34.09,李达与马克思主义哲学体系化
社会学大纲 理论体系 准确性,1063_社会学大纲_理论体系_准确性.md,社会学大纲 体系 深刻见解,1301_社会学大纲_体系_深刻见解.md,32.81,李达与马克思主义哲学体系化
社会学大纲 理论体系 准确性,1063_社会学大纲_理论体系_准确性.md,李达 社会学大纲 学术史,0268_李达_社会学大纲_学术史.md,31.25,李达与马克思主义哲学体系化
社会学大纲 理论体系 准确性,1063_社会学大纲_理论体系_准确性.md,李达 现代社会学 社会学大纲,0298_李达_现代社会学_社会学大纲.md,31.25,李达与马克思主义哲学体系化
马克思主义哲学 理解 表述 多样化,1064_马克思主义哲学_理解_表述_多样化.md,马克思主义哲学 中国哲学,1823_马克思主义哲学_中国哲学.md,44.38,马克思恩格斯经典文本与哲学关系
马克思主义哲学 理解 表述 多样化,1064_马克思主义哲学_理解_表述_多样化.md,李达 马克思主义哲学 研究,0267_李达_马克思主义哲学_研究.md,43.82,马克思恩格斯经典文本与哲学关系
马克思主义哲学 理解 表述 多样化,1064_马克思主义哲学_理解_表述_多样化.md,李达 马克思主义哲学 泰斗,0355_李达_马克思主义哲学_泰斗.md,43.82,马克思恩格斯经典文本与哲学关系
马克思主义哲学 理解 表述 多样化,1064_马克思主义哲学_理解_表述_多样化.md,马克思主义哲学 传播 苏联,0785_马克思主义哲学_传播_苏联.md,43.82,马克思恩格斯经典文本与哲学关系
马克思主义哲学 理解 表述 多样化,1064_马克思主义哲学_理解_表述_多样化.md,马克思主义哲学 前景 展望,1066_马克思主义哲学_前景_展望.md,43.82,马克思恩格斯经典文本与哲学关系
中西马并存 马克思主义哲学 主导地位,1065_中西马并存_马克思主义哲学_主导地位.md,马克思主义哲学 主导地位 指导作用,1067_马克思主义哲学_主导地位_指导作用.md,68.16,马克思恩格斯经典文本与哲学关系
中西马并存 马克思主义哲学 主导地位,1065_中西马并存_马克思主义哲学_主导地位.md,实践 地位 马克思主义哲学,1072_实践_地位_马克思主义哲学.md,44.72,马克思恩格斯经典文本与哲学关系
中西马并存 马克思主义哲学 主导地位,1065_中西马并存_马克思主义哲学_主导地位.md,救亡图存 马克思主义哲学 需要,1025_救亡图存_马克思主义哲学_需要.md,43.75,马克思恩格斯经典文本与哲学关系
中西马并存 马克思主义哲学 主导地位,1065_中西马并存_马克思主义哲学_主导地位.md,马克思主义哲学 中国哲学,1823_马克思主义哲学_中国哲学.md,43.33,马克思恩格斯经典文本与哲学关系
中西马并存 马克思主义哲学 主导地位,1065_中西马并存_马克思主义哲学_主导地位.md,马克思主义哲学 主流意识形态 中国,1018_马克思主义哲学_主流意识形态_中国.md,42.95,马克思恩格斯经典文本与哲学关系
马克思主义哲学 前景 展望,1066_马克思主义哲学_前景_展望.md,马克思主义哲学 传播 应用 形态 前景,0045_马克思主义哲学_传播_应用_形态_前景.md,55.29,马克思恩格斯经典文本与哲学关系
马克思主义哲学 前景 展望,1066_马克思主义哲学_前景_展望.md,马克思主义哲学 中国哲学,1823_马克思主义哲学_中国哲学.md,46.54,马克思恩格斯经典文本与哲学关系
马克思主义哲学 前景 展望,1066_马克思主义哲学_前景_展望.md,李达 马克思主义哲学 研究,0267_李达_马克思主义哲学_研究.md,45.71,马克思恩格斯经典文本与哲学关系
马克思主义哲学 前景 展望,1066_马克思主义哲学_前景_展望.md,李达 马克思主义哲学 泰斗,0355_李达_马克思主义哲学_泰斗.md,45.71,马克思恩格斯经典文本与哲学关系
马克思主义哲学 前景 展望,1066_马克思主义哲学_前景_展望.md,马克思主义哲学 传播 苏联,0785_马克思主义哲学_传播_苏联.md,45.71,马克思恩格斯经典文本与哲学关系
马克思主义哲学 主导地位 指导作用,1067_马克思主义哲学_主导地位_指导作用.md,中西马并存 马克思主义哲学 主导地位,1065_中西马并存_马克思主义哲学_主导地位.md,68.16,马克思恩格斯经典文本与哲学关系
马克思主义哲学 主导地位 指导作用,1067_马克思主义哲学_主导地位_指导作用.md,实践 地位 马克思主义哲学,1072_实践_地位_马克思主义哲学.md,45.29,马克思恩格斯经典文本与哲学关系
马克思主义哲学 主导地位 指导作用,1067_马克思主义哲学_主导地位_指导作用.md,马克思主义哲学 中国哲学,1823_马克思主义哲学_中国哲学.md,43.82,马克思恩格斯经典文本与哲学关系
马克思主义哲学 主导地位 指导作用,1067_马克思主义哲学_主导地位_指导作用.md,李达 马克思主义哲学 研究,0267_李达_马克思主义哲学_研究.md,43.33,马克思恩格斯经典文本与哲学关系
马克思主义哲学 主导地位 指导作用,1067_马克思主义哲学_主导地位_指导作用.md,李达 马克思主义哲学 泰斗,0355_李达_马克思主义哲学_泰斗.md,43.33,马克思恩格斯经典文本与哲学关系
马克思主义哲学 大众基础 重建,1068_马克思主义哲学_大众基础_重建.md,马克思主义哲学 哲学大众化,1813_马克思主义哲学_哲学大众化.md,49.29,马克思恩格斯经典文本与哲学关系
马克思主义哲学 大众基础 重建,1068_马克思主义哲学_大众基础_重建.md,大众哲学 马克思主义哲学 大众化,0360_大众哲学_马克思主义哲学_大众化.md,48.33,马克思恩格斯经典文本与哲学关系
马克思主义哲学 大众基础 重建,1068_马克思主义哲学_大众基础_重建.md,马克思主义哲学 大众化 胡绳,1814_马克思主义哲学_大众化_胡绳.md,48.33,马克思恩格斯经典文本与哲学关系
马克思主义哲学 大众基础 重建,1068_马克思主义哲学_大众基础_重建.md,艾思奇 马克思主义哲学 大众化,0358_艾思奇_马克思主义哲学_大众化.md,47.5,马克思恩格斯经典文本与哲学关系
马克思主义哲学 大众基础 重建,1068_马克思主义哲学_大众基础_重建.md,马克思主义哲学 大众化 中国化,1200_马克思主义哲学_大众化_中国化.md,47.5,马克思恩格斯经典文本与哲学关系
马克思哲学 马克思主义哲学 关系论争,1069_马克思哲学_马克思主义哲学_关系论争.md,马克思主义哲学 西方哲学 关系,1080_马克思主义哲学_西方哲学_关系.md,48.33,马克思恩格斯经典文本与哲学关系
马克思哲学 马克思主义哲学 关系论争,1069_马克思哲学_马克思主义哲学_关系论争.md,大众哲学 马克思主义哲学 大众化,0360_大众哲学_马克思主义哲学_大众化.md,45.94,马克思恩格斯经典文本与哲学关系
马克思哲学 马克思主义哲学 关系论争,1069_马克思哲学_马克思主义哲学_关系论争.md,价值观 价值哲学 马克思主义哲学,1045_价值观_价值哲学_马克思主义哲学.md,45.94,马克思恩格斯经典文本与哲学关系
马克思哲学 马克思主义哲学 关系论争,1069_马克思哲学_马克思主义哲学_关系论争.md,冯友兰 新理学 马克思主义哲学,0763_冯友兰_新理学_马克思主义哲学.md,45.29,马克思恩格斯经典文本与哲学关系
马克思哲学 马克思主义哲学 关系论争,1069_马克思哲学_马克思主义哲学_关系论争.md,马克思主义哲学 中国哲学,1823_马克思主义哲学_中国哲学.md,45.0,马克思恩格斯经典文本与哲学关系
实践 辩证法 马克思主义哲学 内在逻辑,1071_实践_辩证法_马克思主义哲学_内在逻辑.md,中国化 马克思主义哲学 认识论 辩证法,1057_中国化_马克思主义哲学_认识论_辩证法.md,59.09,马克思恩格斯经典文本与哲学关系
实践 辩证法 马克思主义哲学 内在逻辑,1071_实践_辩证法_马克思主义哲学_内在逻辑.md,唯物辩证法论战 马克思主义哲学,1426_唯物辩证法论战_马克思主义哲学.md,45.0,马克思恩格斯经典文本与哲学关系
实践 辩证法 马克思主义哲学 内在逻辑,1071_实践_辩证法_马克思主义哲学_内在逻辑.md,实践 地位 马克思主义哲学,1072_实践_地位_马克思主义哲学.md,44.72,马克思恩格斯经典文本与哲学关系
实践 辩证法 马克思主义哲学 内在逻辑,1071_实践_辩证法_马克思主义哲学_内在逻辑.md,马克思主义哲学 中国 社会实践,1017_马克思主义哲学_中国_社会实践.md,43.75,马克思恩格斯经典文本与哲学关系
实践 辩证法 马克思主义哲学 内在逻辑,1071_实践_辩证法_马克思主义哲学_内在逻辑.md,实践标准 讨论 马克思主义哲学,1226_实践标准_讨论_马克思主义哲学.md,43.75,马克思恩格斯经典文本与哲学关系
实践 地位 马克思主义哲学,1072_实践_地位_马克思主义哲学.md,马克思主义哲学 中国 社会实践,1017_马克思主义哲学_中国_社会实践.md,46.67,马克思恩格斯经典文本与哲学关系
实践 地位 马克思主义哲学,1072_实践_地位_马克思主义哲学.md,实践标准 讨论 马克思主义哲学,1226_实践标准_讨论_马克思主义哲学.md,46.67,马克思恩格斯经典文本与哲学关系
实践 地位 马克思主义哲学,1072_实践_地位_马克思主义哲学.md,马克思主义哲学 中国哲学,1823_马克思主义哲学_中国哲学.md,46.54,马克思恩格斯经典文本与哲学关系
实践 地位 马克思主义哲学,1072_实践_地位_马克思主义哲学.md,李达 马克思主义哲学 研究,0267_李达_马克思主义哲学_研究.md,45.71,马克思恩格斯经典文本与哲学关系
实践 地位 马克思主义哲学,1072_实践_地位_马克思主义哲学.md,李达 马克思主义哲学 泰斗,0355_李达_马克思主义哲学_泰斗.md,45.71,马克思恩格斯经典文本与哲学关系
实践 物质 何者为先,1073_实践_物质_何者为先.md,物质 运动 发展,1457_物质_运动_发展.md,12.27,哲学基本范畴与辩证法原理
实践 物质 何者为先,1073_实践_物质_何者为先.md,物质 变动 发展,1458_物质_变动_发展.md,12.27,哲学基本范畴与辩证法原理
实践 物质 何者为先,1073_实践_物质_何者为先.md,文明 精神 物质 现实,0944_文明_精神_物质_现实.md,11.92,哲学基本范畴与辩证法原理
实践 物质 何者为先,1073_实践_物质_何者为先.md,孙中山 物质 精神 关系,1604_孙中山_物质_精神_关系.md,11.79,哲学基本范畴与辩证法原理
实践 物质 何者为先,1073_实践_物质_何者为先.md,精神 物质 美术 宗教 科学,1411_精神_物质_美术_宗教_科学.md,11.67,哲学基本范畴与辩证法原理
实践 认识论 本体论,1074_实践_认识论_本体论.md,毛泽东 实践论 认识论,1686_毛泽东_实践论_认识论.md,21.25,实践观点与认识论
实践 认识论 本体论,1074_实践_认识论_本体论.md,实践观点 群众观点 认识论 群众路线,0619_实践观点_群众观点_认识论_群众路线.md,19.69,实践观点与认识论
实践 认识论 本体论,1074_实践_认识论_本体论.md,群众路线 认识论,0598_群众路线_认识论.md,19.55,实践观点与认识论
实践 认识论 本体论,1074_实践_认识论_本体论.md,列宁 感觉 认识论,0836_列宁_感觉_认识论.md,19.55,实践观点与认识论
实践 认识论 本体论,1074_实践_认识论_本体论.md,分析 综合 认识论,1548_分析_综合_认识论.md,19.55,实践观点与认识论
辩证法 合法性 问题,1076_辩证法_合法性_问题.md,黑格尔 辩证法 合理内核,0023_黑格尔_辩证法_合理内核.md,20.77,哲学基本范畴与辩证法原理
辩证法 合法性 问题,1076_辩证法_合法性_问题.md,进攻 防御 辩证法,1325_进攻_防御_辩证法.md,19.55,哲学基本范畴与辩证法原理
辩证法 合法性 问题,1076_辩证法_合法性_问题.md,持久 速决 辩证法,1326_持久_速决_辩证法.md,19.55,哲学基本范畴与辩证法原理
辩证法 合法性 问题,1076_辩证法_合法性_问题.md,内线 外线 辩证法,1327_内线_外线_辩证法.md,19.55,哲学基本范畴与辩证法原理
辩证法 合法性 问题,1076_辩证法_合法性_问题.md,主动 被动 辩证法,1328_主动_被动_辩证法.md,19.55,哲学基本范畴与辩证法原理
辩证法 历史存在 范畴,1077_辩证法_历史存在_范畴.md,辩证法 规律 范畴 恩格斯,1095_辩证法_规律_范畴_恩格斯.md,30.36,哲学基本范畴与辩证法原理
辩证法 历史存在 范畴,1077_辩证法_历史存在_范畴.md,历史 呈现 辩证法 实践,1079_历史_呈现_辩证法_实践.md,20.77,哲学基本范畴与辩证法原理
辩证法 历史存在 范畴,1077_辩证法_历史存在_范畴.md,历史发展 一般 特殊 辩证法,1247_历史发展_一般_特殊_辩证法.md,20.0,哲学基本范畴与辩证法原理
辩证法 历史存在 范畴,1077_辩证法_历史存在_范畴.md,进攻 防御 辩证法,1325_进攻_防御_辩证法.md,19.17,哲学基本范畴与辩证法原理
辩证法 历史存在 范畴,1077_辩证法_历史存在_范畴.md,持久 速决 辩证法,1326_持久_速决_辩证法.md,19.17,哲学基本范畴与辩证法原理
人的自由 自然 意识 物质 矛盾,1078_人的自由_自然_意识_物质_矛盾.md,物质 运动 发展,1457_物质_运动_发展.md,11.67,哲学基本范畴与辩证法原理
人的自由 自然 意识 物质 矛盾,1078_人的自由_自然_意识_物质_矛盾.md,物质 变动 发展,1458_物质_变动_发展.md,11.67,哲学基本范畴与辩证法原理
人的自由 自然 意识 物质 矛盾,1078_人的自由_自然_意识_物质_矛盾.md,矛盾 发展 运动,1467_矛盾_发展_运动.md,11.67,哲学基本范畴与辩证法原理
人的自由 自然 意识 物质 矛盾,1078_人的自由_自然_意识_物质_矛盾.md,交互作用 自然,2010_交互作用_自然.md,11.67,哲学基本范畴与辩证法原理
人的自由 自然 意识 物质 矛盾,1078_人的自由_自然_意识_物质_矛盾.md,意识 意识形态 历史,1089_意识_意识形态_历史.md,11.56,哲学基本范畴与辩证法原理
历史 呈现 辩证法 实践,1079_历史_呈现_辩证法_实践.md,列宁 实践 认识 辩证法,0835_列宁_实践_认识_辩证法.md,20.77,哲学基本范畴与辩证法原理
历史 呈现 辩证法 实践,1079_历史_呈现_辩证法_实践.md,辩证法 历史存在 范畴,1077_辩证法_历史存在_范畴.md,20.77,哲学基本范畴与辩证法原理
历史 呈现 辩证法 实践,1079_历史_呈现_辩证法_实践.md,新唯物主义 实践 辩证法,0015_新唯物主义_实践_辩证法.md,20.36,哲学基本范畴与辩证法原理
历史 呈现 辩证法 实践,1079_历史_呈现_辩证法_实践.md,辩证法 实质 核心 矛盾论,0593_辩证法_实质_核心_矛盾论.md,20.36,哲学基本范畴与辩证法原理
历史 呈现 辩证法 实践,1079_历史_呈现_辩证法_实践.md,历史发展 一般 特殊 辩证法,1247_历史发展_一般_特殊_辩证法.md,20.0,哲学基本范畴与辩证法原理
马克思主义哲学 西方哲学 关系,1080_马克思主义哲学_西方哲学_关系.md,马克思主义哲学 超越 西方哲学,1083_马克思主义哲学_超越_西方哲学.md,69.29,马克思恩格斯经典文本与哲学关系
马克思主义哲学 西方哲学 关系,1080_马克思主义哲学_西方哲学_关系.md,马克思哲学 马克思主义哲学 关系论争,1069_马克思哲学_马克思主义哲学_关系论争.md,48.33,马克思恩格斯经典文本与哲学关系
马克思主义哲学 西方哲学 关系,1080_马克思主义哲学_西方哲学_关系.md,马克思主义哲学 中国哲学,1823_马克思主义哲学_中国哲学.md,45.71,马克思恩格斯经典文本与哲学关系
马克思主义哲学 西方哲学 关系,1080_马克思主义哲学_西方哲学_关系.md,李达 马克思主义哲学 研究,0267_李达_马克思主义哲学_研究.md,45.0,马克思恩格斯经典文本与哲学关系
马克思主义哲学 西方哲学 关系,1080_马克思主义哲学_西方哲学_关系.md,李达 马克思主义哲学 泰斗,0355_李达_马克思主义哲学_泰斗.md,45.0,马克思恩格斯经典文本与哲学关系
西方哲学 工业 商业 思维方式,1081_西方哲学_工业_商业_思维方式.md,思维方式 毛泽东哲学,1806_思维方式_毛泽东哲学.md,26.67,其他待人工复核
西方哲学 工业 商业 思维方式,1081_西方哲学_工业_商业_思维方式.md,思维方式 马克思主义哲学中国化,1976_思维方式_马克思主义哲学中国化.md,25.0,其他待人工复核
西方哲学 工业 商业 思维方式,1081_西方哲学_工业_商业_思维方式.md,西方哲学 中国古代哲学 影响,1508_西方哲学_中国古代哲学_影响.md,24.17,其他待人工复核
西方哲学 工业 商业 思维方式,1081_西方哲学_工业_商业_思维方式.md,马克思主义哲学 西方哲学 关系,1080_马克思主义哲学_西方哲学_关系.md,23.95,其他待人工复核
西方哲学 工业 商业 思维方式,1081_西方哲学_工业_商业_思维方式.md,科学理性 个性自由 西方哲学,1082_科学理性_个性自由_西方哲学.md,23.95,其他待人工复核
科学理性 个性自由 西方哲学,1082_科学理性_个性自由_西方哲学.md,西方哲学 中国古代哲学 影响,1508_西方哲学_中国古代哲学_影响.md,24.17,中国近代启蒙与民主革命
科学理性 个性自由 西方哲学,1082_科学理性_个性自由_西方哲学.md,马克思主义哲学 西方哲学 关系,1080_马克思主义哲学_西方哲学_关系.md,23.95,中国近代启蒙与民主革命
科学理性 个性自由 西方哲学,1082_科学理性_个性自由_西方哲学.md,西方哲学 工业 商业 思维方式,1081_西方哲学_工业_商业_思维方式.md,23.95,中国近代启蒙与民主革命
科学理性 个性自由 西方哲学,1082_科学理性_个性自由_西方哲学.md,马克思主义哲学 超越 西方哲学,1083_马克思主义哲学_超越_西方哲学.md,23.95,中国近代启蒙与民主革命
马克思主义哲学 超越 西方哲学,1083_马克思主义哲学_超越_西方哲学.md,马克思主义哲学 西方哲学 关系,1080_马克思主义哲学_西方哲学_关系.md,69.29,马克思恩格斯经典文本与哲学关系
马克思主义哲学 超越 西方哲学,1083_马克思主义哲学_超越_西方哲学.md,马克思主义哲学 中国哲学,1823_马克思主义哲学_中国哲学.md,45.71,马克思恩格斯经典文本与哲学关系
马克思主义哲学 超越 西方哲学,1083_马克思主义哲学_超越_西方哲学.md,李达 马克思主义哲学 研究,0267_李达_马克思主义哲学_研究.md,45.0,马克思恩格斯经典文本与哲学关系
马克思主义哲学 超越 西方哲学,1083_马克思主义哲学_超越_西方哲学.md,李达 马克思主义哲学 泰斗,0355_李达_马克思主义哲学_泰斗.md,45.0,马克思恩格斯经典文本与哲学关系
马克思主义哲学 超越 西方哲学,1083_马克思主义哲学_超越_西方哲学.md,马克思主义哲学 传播 苏联,0785_马克思主义哲学_传播_苏联.md,45.0,马克思恩格斯经典文本与哲学关系
马克思主义哲学 民族化 世界历史性质,1084_马克思主义哲学_民族化_世界历史性质.md,马克思主义哲学 民族形式 民族风格,1023_马克思主义哲学_民族形式_民族风格.md,45.0,民族国家与国际关系
马克思主义哲学 民族化 世界历史性质,1084_马克思主义哲学_民族化_世界历史性质.md,民族形式 马克思主义哲学,1438_民族形式_马克思主义哲学.md,44.72,民族国家与国际关系
马克思主义哲学 民族化 世界历史性质,1084_马克思主义哲学_民族化_世界历史性质.md,中国化 民族形式 马克思主义哲学,1336_中国化_民族形式_马克思主义哲学.md,43.33,民族国家与国际关系
马克思主义哲学 民族化 世界历史性质,1084_马克思主义哲学_民族化_世界历史性质.md,马克思主义哲学 中国哲学,1823_马克思主义哲学_中国哲学.md,43.33,民族国家与国际关系
马克思主义哲学 民族化 世界历史性质,1084_马克思主义哲学_民族化_世界历史性质.md,马克思主义哲学 中国传播 百年历史,0083_马克思主义哲学_中国传播_百年历史.md,42.95,民族国家与国际关系
马克思 哲学思想 形成发展,1085_马克思_哲学思想_形成发展.md,马克思主义哲学中国化 传统 形成发展,1237_马克思主义哲学中国化_传统_形成发展.md,27.89,马克思恩格斯经典文本与哲学关系
马克思 哲学思想 形成发展,1085_马克思_哲学思想_形成发展.md,鲁迅 哲学思想 转变,1424_鲁迅_哲学思想_转变.md,25.36,马克思恩格斯经典文本与哲学关系
马克思 哲学思想 形成发展,1085_马克思_哲学思想_形成发展.md,新民主主义论 哲学思想,0563_新民主主义论_哲学思想.md,24.69,马克思恩格斯经典文本与哲学关系
马克思 哲学思想 形成发展,1085_马克思_哲学思想_形成发展.md,抗战以来 哲学思想 评述,1583_抗战以来_哲学思想_评述.md,24.69,马克思恩格斯经典文本与哲学关系
马克思 哲学思想 形成发展,1085_马克思_哲学思想_形成发展.md,毛泽东 延安时期 哲学思想,0536_毛泽东_延安时期_哲学思想.md,24.41,马克思恩格斯经典文本与哲学关系
哲学 批判 政治 宗教,1087_哲学_批判_政治_宗教.md,中国人 哲学 宗教,0987_中国人_哲学_宗教.md,14.55,宗教批判与无神论思想
哲学 批判 政治 宗教,1087_哲学_批判_政治_宗教.md,哲学 宗教 中国文化,0986_哲学_宗教_中国文化.md,14.17,宗教批判与无神论思想
哲学 批判 政治 宗教,1087_哲学_批判_政治_宗教.md,宗教 资本主义,1716_宗教_资本主义.md,12.27,宗教批判与无神论思想
哲学 批判 政治 宗教,1087_哲学_批判_政治_宗教.md,宗教 资产阶级,1948_宗教_资产阶级.md,12.27,宗教批判与无神论思想
哲学 批判 政治 宗教,1087_哲学_批判_政治_宗教.md,非常时 宗教 态度,1586_非常时_宗教_态度.md,12.08,宗教批判与无神论思想
国家 市民社会 政治批判,1088_国家_市民社会_政治批判.md,市民社会 理性 启蒙运动,0155_市民社会_理性_启蒙运动.md,25.0,民族国家与国际关系
意识 意识形态 历史,1089_意识_意识形态_历史.md,儒学 意识形态,1765_儒学_意识形态.md,29.38,哲学基本范畴与辩证法原理
意识 意识形态 历史,1089_意识_意识形态_历史.md,意识形态 马克思,1790_意识形态_马克思.md,28.33,哲学基本范畴与辩证法原理
意识 意识形态 历史,1089_意识_意识形态_历史.md,经济基础 上层建筑 意识形态,1681_经济基础_上层建筑_意识形态.md,25.36,哲学基本范畴与辩证法原理
意识 意识形态 历史,1089_意识_意识形态_历史.md,人的自由 自然 意识 物质 矛盾,1078_人的自由_自然_意识_物质_矛盾.md,11.56,哲学基本范畴与辩证法原理
意识 意识形态 历史,1089_意识_意识形态_历史.md,德意志意识形态,1878_德意志意识形态.md,8.33,哲学基本范畴与辩证法原理
国家 革命 无产阶级专政,1090_国家_革命_无产阶级专政.md,列宁 国家 革命 无产阶级专政,0839_列宁_国家_革命_无产阶级专政.md,50.45,阶级斗争与社会革命理论
国家 革命 无产阶级专政,1090_国家_革命_无产阶级专政.md,国家与革命 无产阶级专政,1654_国家与革命_无产阶级专政.md,48.18,阶级斗争与社会革命理论
国家 革命 无产阶级专政,1090_国家_革命_无产阶级专政.md,哲学领域 无产阶级专政 苏联,0770_哲学领域_无产阶级专政_苏联.md,38.33,阶级斗争与社会革命理论
国家 革命 无产阶级专政,1090_国家_革命_无产阶级专政.md,列宁 无产阶级专政 学说 发展,0871_列宁_无产阶级专政_学说_发展.md,38.33,阶级斗争与社会革命理论
国家 革命 无产阶级专政,1090_国家_革命_无产阶级专政.md,无产阶级专政 历史经验 认识,0985_无产阶级专政_历史经验_认识.md,38.33,阶级斗争与社会革命理论
历史主义方法 一般 个别,1091_历史主义方法_一般_个别.md,一般 个别 有机结合,1266_一般_个别_有机结合.md,15.77,唯物史观与中国史学研究
资本主义 生产方式 历史运动,1092_资本主义_生产方式_历史运动.md,生产方式 资本主义,1714_生产方式_资本主义.md,52.5,政治经济学与资本主义批判
资本主义 生产方式 历史运动,1092_资本主义_生产方式_历史运动.md,生产 资本主义,1732_生产_资本主义.md,28.33,政治经济学与资本主义批判
资本主义 生产方式 历史运动,1092_资本主义_生产方式_历史运动.md,启蒙运动 资本主义 兴起,0154_启蒙运动_资本主义_兴起.md,26.25,政治经济学与资本主义批判
资本主义 生产方式 历史运动,1092_资本主义_生产方式_历史运动.md,资本主义 生产社会化 私人占有 矛盾,1182_资本主义_生产社会化_私人占有_矛盾.md,26.25,政治经济学与资本主义批判
资本主义 生产方式 历史运动,1092_资本主义_生产方式_历史运动.md,劳动 资本主义,1710_劳动_资本主义.md,25.77,政治经济学与资本主义批判
科学技术 生产力 马克思,1093_科学技术_生产力_马克思.md,马克思 列宁,1843_马克思_列宁.md,19.55,政治经济学与资本主义批判
科学技术 生产力 马克思,1093_科学技术_生产力_马克思.md,中国文化 马克思,1736_中国文化_马克思.md,18.85,政治经济学与资本主义批判
科学技术 生产力 马克思,1093_科学技术_生产力_马克思.md,资产阶级 马克思,1757_资产阶级_马克思.md,18.85,政治经济学与资本主义批判
科学技术 生产力 马克思,1093_科学技术_生产力_马克思.md,无产阶级 马克思,1781_无产阶级_马克思.md,18.85,政治经济学与资本主义批判
科学技术 生产力 马克思,1093_科学技术_生产力_马克思.md,意识形态 马克思,1790_意识形态_马克思.md,18.85,政治经济学与资本主义批判
恩格斯 马克思主义哲学 系统阐发,1094_恩格斯_马克思主义哲学_系统阐发.md,马克思主义哲学 中国哲学,1823_马克思主义哲学_中国哲学.md,44.38,马克思恩格斯经典文本与哲学关系
恩格斯 马克思主义哲学 系统阐发,1094_恩格斯_马克思主义哲学_系统阐发.md,李达 马克思主义哲学 研究,0267_李达_马克思主义哲学_研究.md,43.82,马克思恩格斯经典文本与哲学关系
恩格斯 马克思主义哲学 系统阐发,1094_恩格斯_马克思主义哲学_系统阐发.md,李达 马克思主义哲学 泰斗,0355_李达_马克思主义哲学_泰斗.md,43.82,马克思恩格斯经典文本与哲学关系
恩格斯 马克思主义哲学 系统阐发,1094_恩格斯_马克思主义哲学_系统阐发.md,马克思主义哲学 传播 苏联,0785_马克思主义哲学_传播_苏联.md,43.82,马克思恩格斯经典文本与哲学关系
恩格斯 马克思主义哲学 系统阐发,1094_恩格斯_马克思主义哲学_系统阐发.md,马克思主义哲学 前景 展望,1066_马克思主义哲学_前景_展望.md,43.82,马克思恩格斯经典文本与哲学关系
辩证法 规律 范畴 恩格斯,1095_辩证法_规律_范畴_恩格斯.md,辩证法 历史存在 范畴,1077_辩证法_历史存在_范畴.md,30.36,辩证唯物主义体系
辩证法 规律 范畴 恩格斯,1095_辩证法_规律_范畴_恩格斯.md,瞿秋白 辩证法 基本规律,0312_瞿秋白_辩证法_基本规律.md,20.0,辩证唯物主义体系
辩证法 规律 范畴 恩格斯,1095_辩证法_规律_范畴_恩格斯.md,进攻 防御 辩证法,1325_进攻_防御_辩证法.md,18.85,辩证唯物主义体系
辩证法 规律 范畴 恩格斯,1095_辩证法_规律_范畴_恩格斯.md,持久 速决 辩证法,1326_持久_速决_辩证法.md,18.85,辩证唯物主义体系
辩证法 规律 范畴 恩格斯,1095_辩证法_规律_范畴_恩格斯.md,内线 外线 辩证法,1327_内线_外线_辩证法.md,18.85,辩证唯物主义体系
家庭 私有制 国家起源,1096_家庭_私有制_国家起源.md,家庭、私有制和国家的起源,1954_家庭、私有制和国家的起源.md,22.5,政治经济学与资本主义批判
家庭 私有制 国家起源,1096_家庭_私有制_国家起源.md,儒家 起源 士,0699_儒家_起源_士.md,5.0,政治经济学与资本主义批判
罗莎卢森堡 历史辩证法 总体性,1097_罗莎卢森堡_历史辩证法_总体性.md,罗莎卢森堡 资本积累 帝国主义,1098_罗莎卢森堡_资本积累_帝国主义.md,30.0,西方马克思主义与国外马克思主义哲学
罗莎卢森堡 历史辩证法 总体性,1097_罗莎卢森堡_历史辩证法_总体性.md,罗莎卢森堡 社会革命 合法改良,1099_罗莎卢森堡_社会革命_合法改良.md,30.0,西方马克思主义与国外马克思主义哲学
罗莎卢森堡 历史辩证法 总体性,1097_罗莎卢森堡_历史辩证法_总体性.md,十月革命 历史辩证法 帝国主义时代,0866_十月革命_历史辩证法_帝国主义时代.md,29.55,西方马克思主义与国外马克思主义哲学
罗莎卢森堡 资本积累 帝国主义,1098_罗莎卢森堡_资本积累_帝国主义.md,罗莎卢森堡 历史辩证法 总体性,1097_罗莎卢森堡_历史辩证法_总体性.md,30.0,民族国家与国际关系
罗莎卢森堡 资本积累 帝国主义,1098_罗莎卢森堡_资本积累_帝国主义.md,罗莎卢森堡 社会革命 合法改良,1099_罗莎卢森堡_社会革命_合法改良.md,30.0,民族国家与国际关系
罗莎卢森堡 资本积累 帝国主义,1098_罗莎卢森堡_资本积累_帝国主义.md,帝国主义 资本主义,1730_帝国主义_资本主义.md,27.14,民族国家与国际关系
罗莎卢森堡 资本积累 帝国主义,1098_罗莎卢森堡_资本积累_帝国主义.md,帝国主义 资本主义最高阶段,1655_帝国主义_资本主义最高阶段.md,25.56,民族国家与国际关系
罗莎卢森堡 资本积累 帝国主义,1098_罗莎卢森堡_资本积累_帝国主义.md,资本论 资本积累,1673_资本论_资本积累.md,25.36,民族国家与国际关系
罗莎卢森堡 社会革命 合法改良,1099_罗莎卢森堡_社会革命_合法改良.md,罗莎卢森堡 历史辩证法 总体性,1097_罗莎卢森堡_历史辩证法_总体性.md,30.0,西方马克思主义与国外马克思主义哲学
罗莎卢森堡 社会革命 合法改良,1099_罗莎卢森堡_社会革命_合法改良.md,罗莎卢森堡 资本积累 帝国主义,1098_罗莎卢森堡_资本积累_帝国主义.md,30.0,西方马克思主义与国外马克思主义哲学
罗莎卢森堡 社会革命 合法改良,1099_罗莎卢森堡_社会革命_合法改良.md,俄国 社会革命,1722_俄国_社会革命.md,25.36,西方马克思主义与国外马克思主义哲学
罗莎卢森堡 社会革命 合法改良,1099_罗莎卢森堡_社会革命_合法改良.md,李达 阶级 国家 社会意识 社会革命,0318_李达_阶级_国家_社会意识_社会革命.md,23.57,西方马克思主义与国外马克思主义哲学
罗莎卢森堡 社会革命 合法改良,1099_罗莎卢森堡_社会革命_合法改良.md,文化改造 社会革命 马克思主义引进,0966_文化改造_社会革命_马克思主义引进.md,23.26,西方马克思主义与国外马克思主义哲学
拉布里奥拉 历史 民族文化,1101_拉布里奥拉_历史_民族文化.md,拉布里奥拉 历史主义 唯物史观,0020_拉布里奥拉_历史主义_唯物史观.md,34.38,民族国家与国际关系
拉布里奥拉 历史 民族文化,1101_拉布里奥拉_历史_民族文化.md,拉布里奥拉 唯物史观 方法,0021_拉布里奥拉_唯物史观_方法.md,31.25,民族国家与国际关系
生态学 马克思主义 哲学传统,1102_生态学_马克思主义_哲学传统.md,现象学 马克思主义 哲学传统,1104_现象学_马克思主义_哲学传统.md,37.31,马克思恩格斯经典文本与哲学关系
生态学 马克思主义 哲学传统,1102_生态学_马克思主义_哲学传统.md,存在主义 马克思主义 哲学传统,1103_存在主义_马克思主义_哲学传统.md,34.29,马克思恩格斯经典文本与哲学关系
生态学 马克思主义 哲学传统,1102_生态学_马克思主义_哲学传统.md,大众哲学 马克思主义哲学 传播贡献,0372_大众哲学_马克思主义哲学_传播贡献.md,12.5,马克思恩格斯经典文本与哲学关系
生态学 马克思主义 哲学传统,1102_生态学_马克思主义_哲学传统.md,马克思主义哲学中国化 中国哲学传统,0725_马克思主义哲学中国化_中国哲学传统.md,12.5,马克思恩格斯经典文本与哲学关系
生态学 马克思主义 哲学传统,1102_生态学_马克思主义_哲学传统.md,马克思主义哲学 中国哲学传统 结合,0726_马克思主义哲学_中国哲学传统_结合.md,12.5,马克思恩格斯经典文本与哲学关系
存在主义 马克思主义 哲学传统,1103_存在主义_马克思主义_哲学传统.md,生态学 马克思主义 哲学传统,1102_生态学_马克思主义_哲学传统.md,34.29,西方马克思主义与国外马克思主义哲学
存在主义 马克思主义 哲学传统,1103_存在主义_马克思主义_哲学传统.md,现象学 马克思主义 哲学传统,1104_现象学_马克思主义_哲学传统.md,34.29,西方马克思主义与国外马克思主义哲学
存在主义 马克思主义 哲学传统,1103_存在主义_马克思主义_哲学传统.md,直觉主义 新康德主义 存在主义 苏联,0773_直觉主义_新康德主义_存在主义_苏联.md,23.75,西方马克思主义与国外马克思主义哲学
存在主义 马克思主义 哲学传统,1103_存在主义_马克思主义_哲学传统.md,马克思主义哲学中国化 中国哲学传统,0725_马克思主义哲学中国化_中国哲学传统.md,12.5,西方马克思主义与国外马克思主义哲学
存在主义 马克思主义 哲学传统,1103_存在主义_马克思主义_哲学传统.md,马克思主义哲学 中国哲学传统 结合,0726_马克思主义哲学_中国哲学传统_结合.md,12.5,西方马克思主义与国外马克思主义哲学
现象学 马克思主义 哲学传统,1104_现象学_马克思主义_哲学传统.md,生态学 马克思主义 哲学传统,1102_生态学_马克思主义_哲学传统.md,37.31,马克思恩格斯经典文本与哲学关系
现象学 马克思主义 哲学传统,1104_现象学_马克思主义_哲学传统.md,存在主义 马克思主义 哲学传统,1103_存在主义_马克思主义_哲学传统.md,34.29,马克思恩格斯经典文本与哲学关系
现象学 马克思主义 哲学传统,1104_现象学_马克思主义_哲学传统.md,大众哲学 马克思主义哲学 传播贡献,0372_大众哲学_马克思主义哲学_传播贡献.md,12.5,马克思恩格斯经典文本与哲学关系
现象学 马克思主义 哲学传统,1104_现象学_马克思主义_哲学传统.md,马克思主义哲学中国化 中国哲学传统,0725_马克思主义哲学中国化_中国哲学传统.md,12.5,马克思恩格斯经典文本与哲学关系
现象学 马克思主义 哲学传统,1104_现象学_马克思主义_哲学传统.md,马克思主义哲学 中国哲学传统 结合,0726_马克思主义哲学_中国哲学传统_结合.md,12.5,马克思恩格斯经典文本与哲学关系
民主革命时期 马克思主义中国化 主题,1105_民主革命时期_马克思主义中国化_主题.md,民主革命时期 马克思主义中国化 历程,1117_民主革命时期_马克思主义中国化_历程.md,89.12,马克思恩格斯经典文本与哲学关系
民主革命时期 马克思主义中国化 主题,1105_民主革命时期_马克思主义中国化_主题.md,民主革命时期 马克思主义中国化 理论成果,1118_民主革命时期_马克思主义中国化_理论成果.md,87.11,马克思恩格斯经典文本与哲学关系
民主革命时期 马克思主义中国化 主题,1105_民主革命时期_马克思主义中国化_主题.md,新民主主义革命 马克思主义中国化 主题,0502_新民主主义革命_马克思主义中国化_主题.md,64.47,马克思恩格斯经典文本与哲学关系
民主革命时期 马克思主义中国化 主题,1105_民主革命时期_马克思主义中国化_主题.md,马克思主义中国化 主题 时代任务,1108_马克思主义中国化_主题_时代任务.md,61.84,马克思恩格斯经典文本与哲学关系
民主革命时期 马克思主义中国化 主题,1105_民主革命时期_马克思主义中国化_主题.md,救亡图存 马克思主义中国化 主题,1109_救亡图存_马克思主义中国化_主题.md,61.84,马克思恩格斯经典文本与哲学关系
马克思主义 基本原理 中国实际 结合,1106_马克思主义_基本原理_中国实际_结合.md,中华优秀传统文化 基本原理 马克思,1794_中华优秀传统文化_基本原理_马克思.md,25.43,马克思主义哲学与中国文化传统结合
马克思主义 基本原理 中国实际 结合,1106_马克思主义_基本原理_中国实际_结合.md,瞿秋白 历史唯物论 基本原理,0313_瞿秋白_历史唯物论_基本原理.md,23.41,马克思主义哲学与中国文化传统结合
马克思主义 基本原理 中国实际 结合,1106_马克思主义_基本原理_中国实际_结合.md,马克思主义哲学 中国革命实际 结合,1415_马克思主义哲学_中国革命实际_结合.md,10.0,马克思主义哲学与中国文化传统结合
马克思主义 基本原理 中国实际 结合,1106_马克思主义_基本原理_中国实际_结合.md,新中国 马克思主义基本观点 普及,0636_新中国_马克思主义基本观点_普及.md,8.75,马克思主义哲学与中国文化传统结合
马克思主义 基本原理 中国实际 结合,1106_马克思主义_基本原理_中国实际_结合.md,马克思主义 中国革命实际 最初结合,1131_马克思主义_中国革命实际_最初结合.md,8.33,马克思主义哲学与中国文化传统结合
马克思主义中国化 中国具体实践 结合,1107_马克思主义中国化_中国具体实践_结合.md,马克思主义中国化 中国现代性,1624_马克思主义中国化_中国现代性.md,51.76,马克思恩格斯经典文本与哲学关系
马克思主义中国化 中国具体实践 结合,1107_马克思主义中国化_中国具体实践_结合.md,马克思主义中国化 提法 具体化,1620_马克思主义中国化_提法_具体化.md,51.11,马克思恩格斯经典文本与哲学关系
马克思主义中国化 中国具体实践 结合,1107_马克思主义中国化_中国具体实践_结合.md,马克思主义中国化 前瞻,1180_马克思主义中国化_前瞻.md,50.94,马克思恩格斯经典文本与哲学关系
马克思主义中国化 中国具体实践 结合,1107_马克思主义中国化_中国具体实践_结合.md,起源 马克思主义中国化,1761_起源_马克思主义中国化.md,50.94,马克思恩格斯经典文本与哲学关系
马克思主义中国化 中国具体实践 结合,1107_马克思主义中国化_中国具体实践_结合.md,马克思主义中国化 思潮,1827_马克思主义中国化_思潮.md,50.94,马克思恩格斯经典文本与哲学关系
马克思主义中国化 主题 时代任务,1108_马克思主义中国化_主题_时代任务.md,救亡图存 马克思主义中国化 主题,1109_救亡图存_马克思主义中国化_主题.md,63.24,马克思恩格斯经典文本与哲学关系
马克思主义中国化 主题 时代任务,1108_马克思主义中国化_主题_时代任务.md,新民主主义革命 马克思主义中国化 主题,0502_新民主主义革命_马克思主义中国化_主题.md,61.84,马克思恩格斯经典文本与哲学关系
马克思主义中国化 主题 时代任务,1108_马克思主义中国化_主题_时代任务.md,民主革命时期 马克思主义中国化 主题,1105_民主革命时期_马克思主义中国化_主题.md,61.84,马克思恩格斯经典文本与哲学关系
马克思主义中国化 主题 时代任务,1108_马克思主义中国化_主题_时代任务.md,马克思主义中国化 前瞻,1180_马克思主义中国化_前瞻.md,51.67,马克思恩格斯经典文本与哲学关系
马克思主义中国化 主题 时代任务,1108_马克思主义中国化_主题_时代任务.md,起源 马克思主义中国化,1761_起源_马克思主义中国化.md,51.67,马克思恩格斯经典文本与哲学关系
救亡图存 马克思主义中国化 主题,1109_救亡图存_马克思主义中国化_主题.md,马克思主义中国化 主题 时代任务,1108_马克思主义中国化_主题_时代任务.md,63.24,马克思恩格斯经典文本与哲学关系
救亡图存 马克思主义中国化 主题,1109_救亡图存_马克思主义中国化_主题.md,新民主主义革命 马克思主义中国化 主题,0502_新民主主义革命_马克思主义中国化_主题.md,61.84,马克思恩格斯经典文本与哲学关系
救亡图存 马克思主义中国化 主题,1109_救亡图存_马克思主义中国化_主题.md,民主革命时期 马克思主义中国化 主题,1105_民主革命时期_马克思主义中国化_主题.md,61.84,马克思恩格斯经典文本与哲学关系
救亡图存 马克思主义中国化 主题,1109_救亡图存_马克思主义中国化_主题.md,马克思主义中国化 前瞻,1180_马克思主义中国化_前瞻.md,51.67,马克思恩格斯经典文本与哲学关系
救亡图存 马克思主义中国化 主题,1109_救亡图存_马克思主义中国化_主题.md,起源 马克思主义中国化,1761_起源_马克思主义中国化.md,51.67,马克思恩格斯经典文本与哲学关系
西方资本主义 方案 破产,1111_西方资本主义_方案_破产.md,物质文明 破产 人生观,0197_物质文明_破产_人生观.md,11.56,政治经济学与资本主义批判
西方资本主义 方案 破产,1111_西方资本主义_方案_破产.md,欧洲文化 破产 科学责任,0107_欧洲文化_破产_科学责任.md,11.47,政治经济学与资本主义批判
西方资本主义 方案 破产,1111_西方资本主义_方案_破产.md,劳动 资本主义,1710_劳动_资本主义.md,6.82,政治经济学与资本主义批判
西方资本主义 方案 破产,1111_西方资本主义_方案_破产.md,俄国 资本主义,1713_俄国_资本主义.md,6.82,政治经济学与资本主义批判
西方资本主义 方案 破产,1111_西方资本主义_方案_破产.md,宗教 资本主义,1716_宗教_资本主义.md,6.82,政治经济学与资本主义批判
马克思主义 指导思想 中国革命,1112_马克思主义_指导思想_中国革命.md,中国革命 需要 马克思主义,1283_中国革命_需要_马克思主义.md,31.67,毛泽东哲学与中国革命经验
马克思主义 指导思想 中国革命,1112_马克思主义_指导思想_中国革命.md,马克思主义 俄国化 中国革命,0852_马克思主义_俄国化_中国革命.md,30.94,毛泽东哲学与中国革命经验
马克思主义 指导思想 中国革命,1112_马克思主义_指导思想_中国革命.md,早期共产主义者 马克思主义 中国革命,0292_早期共产主义者_马克思主义_中国革命.md,29.21,毛泽东哲学与中国革命经验
马克思主义 指导思想 中国革命,1112_马克思主义_指导思想_中国革命.md,李大钊 唯物史观 中国革命 指导,0303_李大钊_唯物史观_中国革命_指导.md,25.0,毛泽东哲学与中国革命经验
马克思主义 指导思想 中国革命,1112_马克思主义_指导思想_中国革命.md,十月革命 中国革命 影响,0844_十月革命_中国革命_影响.md,24.41,毛泽东哲学与中国革命经验
中国共产党 成立 马克思主义 工人运动,1113_中国共产党_成立_马克思主义_工人运动.md,中国共产党 成立 意义,1129_中国共产党_成立_意义.md,43.82,马克思恩格斯经典文本与哲学关系
中国共产党 成立 马克思主义 工人运动,1113_中国共产党_成立_马克思主义_工人运动.md,中国共产党 前进 成立,1829_中国共产党_前进_成立.md,41.94,马克思恩格斯经典文本与哲学关系
中国共产党 成立 马克思主义 工人运动,1113_中国共产党_成立_马克思主义_工人运动.md,俄国味道 马克思主义 中国共产党,0849_俄国味道_马克思主义_中国共产党.md,35.0,马克思恩格斯经典文本与哲学关系
中国共产党 成立 马克思主义 工人运动,1113_中国共产党_成立_马克思主义_工人运动.md,中国共产党 马克思主义中国化 起点,1114_中国共产党_马克思主义中国化_起点.md,35.0,马克思恩格斯经典文本与哲学关系
中国共产党 成立 马克思主义 工人运动,1113_中国共产党_成立_马克思主义_工人运动.md,中国共产党 成立初期 宣传组织工作,1130_中国共产党_成立初期_宣传组织工作.md,31.52,马克思恩格斯经典文本与哲学关系
中国共产党 马克思主义中国化 起点,1114_中国共产党_马克思主义中国化_起点.md,马克思主义中国化 起源语境,1619_马克思主义中国化_起源语境.md,52.5,马克思恩格斯经典文本与哲学关系
中国共产党 马克思主义中国化 起点,1114_中国共产党_马克思主义中国化_起点.md,马克思主义中国化 前瞻,1180_马克思主义中国化_前瞻.md,51.67,马克思恩格斯经典文本与哲学关系
中国共产党 马克思主义中国化 起点,1114_中国共产党_马克思主义中国化_起点.md,起源 马克思主义中国化,1761_起源_马克思主义中国化.md,51.67,马克思恩格斯经典文本与哲学关系
中国共产党 马克思主义中国化 起点,1114_中国共产党_马克思主义中国化_起点.md,马克思主义中国化 思潮,1827_马克思主义中国化_思潮.md,51.67,马克思恩格斯经典文本与哲学关系
中国共产党 马克思主义中国化 起点,1114_中国共产党_马克思主义中国化_起点.md,马克思主义中国化 重建,1828_马克思主义中国化_重建.md,51.67,马克思恩格斯经典文本与哲学关系
中国革命 根源 任务 性质 特点,1115_中国革命_根源_任务_性质_特点.md,中国革命 性质 前途 研判,1139_中国革命_性质_前途_研判.md,36.25,毛泽东哲学与中国革命经验
中国革命 根源 任务 性质 特点,1115_中国革命_根源_任务_性质_特点.md,中国革命 道路 特点 毛泽东,0616_中国革命_道路_特点_毛泽东.md,35.88,毛泽东哲学与中国革命经验
中国革命 根源 任务 性质 特点,1115_中国革命_根源_任务_性质_特点.md,一切均借俄助 中国革命 初期特点,1155_一切均借俄助_中国革命_初期特点.md,25.0,毛泽东哲学与中国革命经验
中国革命 根源 任务 性质 特点,1115_中国革命_根源_任务_性质_特点.md,十月革命 中国革命 影响,0844_十月革命_中国革命_影响.md,24.69,毛泽东哲学与中国革命经验
中国革命 根源 任务 性质 特点,1115_中国革命_根源_任务_性质_特点.md,一步走 两步走 中国革命,1174_一步走_两步走_中国革命.md,24.69,毛泽东哲学与中国革命经验
中国革命 对象 动力 领导权 前途,1116_中国革命_对象_动力_领导权_前途.md,中国革命 性质 前途 研判,1139_中国革命_性质_前途_研判.md,35.88,毛泽东哲学与中国革命经验
中国革命 对象 动力 领导权 前途,1116_中国革命_对象_动力_领导权_前途.md,毛泽东 中国民主革命 性质 对象 动力,0531_毛泽东_中国民主革命_性质_对象_动力.md,25.95,毛泽东哲学与中国革命经验
中国革命 对象 动力 领导权 前途,1116_中国革命_对象_动力_领导权_前途.md,十月革命 中国革命 影响,0844_十月革命_中国革命_影响.md,24.41,毛泽东哲学与中国革命经验
中国革命 对象 动力 领导权 前途,1116_中国革命_对象_动力_领导权_前途.md,一步走 两步走 中国革命,1174_一步走_两步走_中国革命.md,24.41,毛泽东哲学与中国革命经验
中国革命 对象 动力 领导权 前途,1116_中国革命_对象_动力_领导权_前途.md,中国革命 胜利 中国情况,1308_中国革命_胜利_中国情况.md,24.41,毛泽东哲学与中国革命经验
民主革命时期 马克思主义中国化 历程,1117_民主革命时期_马克思主义中国化_历程.md,民主革命时期 马克思主义中国化 主题,1105_民主革命时期_马克思主义中国化_主题.md,89.12,马克思恩格斯经典文本与哲学关系
民主革命时期 马克思主义中国化 历程,1117_民主革命时期_马克思主义中国化_历程.md,民主革命时期 马克思主义中国化 理论成果,1118_民主革命时期_马克思主义中国化_理论成果.md,87.11,马克思恩格斯经典文本与哲学关系
民主革命时期 马克思主义中国化 历程,1117_民主革命时期_马克思主义中国化_历程.md,新民主主义革命 马克思主义中国化 主题,0502_新民主主义革命_马克思主义中国化_主题.md,50.71,马克思恩格斯经典文本与哲学关系
民主革命时期 马克思主义中国化 历程,1117_民主革命时期_马克思主义中国化_历程.md,新民主主义革命理论 马克思主义中国化,0503_新民主主义革命理论_马克思主义中国化.md,50.71,马克思恩格斯经典文本与哲学关系
民主革命时期 马克思主义中国化 历程,1117_民主革命时期_马克思主义中国化_历程.md,马克思主义中国化 历史性飞跃,1179_马克思主义中国化_历史性飞跃.md,50.53,马克思恩格斯经典文本与哲学关系
民主革命时期 马克思主义中国化 理论成果,1118_民主革命时期_马克思主义中国化_理论成果.md,民主革命时期 马克思主义中国化 主题,1105_民主革命时期_马克思主义中国化_主题.md,87.11,新民主主义革命理论与马克思主义中国化
民主革命时期 马克思主义中国化 理论成果,1118_民主革命时期_马克思主义中国化_理论成果.md,民主革命时期 马克思主义中国化 历程,1117_民主革命时期_马克思主义中国化_历程.md,87.11,新民主主义革命理论与马克思主义中国化
民主革命时期 马克思主义中国化 理论成果,1118_民主革命时期_马克思主义中国化_理论成果.md,马克思主义中国化 初期理论成果,0973_马克思主义中国化_初期理论成果.md,52.5,新民主主义革命理论与马克思主义中国化
民主革命时期 马克思主义中国化 理论成果,1118_民主革命时期_马克思主义中国化_理论成果.md,马克思主义中国化 理论困境,1178_马克思主义中国化_理论困境.md,51.84,新民主主义革命理论与马克思主义中国化
民主革命时期 马克思主义中国化 理论成果,1118_民主革命时期_马克思主义中国化_理论成果.md,新民主主义革命理论 马克思主义中国化,0503_新民主主义革命理论_马克思主义中国化.md,51.36,新民主主义革命理论与马克思主义中国化
近代中国 严重危机 走向,1119_近代中国_严重危机_走向.md,儒学 困境 近代中国,0685_儒学_困境_近代中国.md,25.77,其他待人工复核
近代中国 严重危机 走向,1119_近代中国_严重危机_走向.md,近代中国 社会性质 主要矛盾 历史任务,1121_近代中国_社会性质_主要矛盾_历史任务.md,23.57,其他待人工复核
近代中国 严重危机 走向,1119_近代中国_严重危机_走向.md,马克思主义哲学中国化 走向,1816_马克思主义哲学中国化_走向.md,12.78,其他待人工复核
近代中国 严重危机 走向,1119_近代中国_严重危机_走向.md,近代中国启蒙运动史,1970_近代中国启蒙运动史.md,5.36,其他待人工复核
世界资本主义 殖民扩张 中国侵略,1120_世界资本主义_殖民扩张_中国侵略.md,殖民制度 崩溃 资本主义矛盾,1475_殖民制度_崩溃_资本主义矛盾.md,5.0,政治经济学与资本主义批判
世界资本主义 殖民扩张 中国侵略,1120_世界资本主义_殖民扩张_中国侵略.md,劳动 资本主义,1710_劳动_资本主义.md,5.0,政治经济学与资本主义批判
世界资本主义 殖民扩张 中国侵略,1120_世界资本主义_殖民扩张_中国侵略.md,俄国 资本主义,1713_俄国_资本主义.md,5.0,政治经济学与资本主义批判
世界资本主义 殖民扩张 中国侵略,1120_世界资本主义_殖民扩张_中国侵略.md,宗教 资本主义,1716_宗教_资本主义.md,5.0,政治经济学与资本主义批判
世界资本主义 殖民扩张 中国侵略,1120_世界资本主义_殖民扩张_中国侵略.md,伦理 资本主义,1723_伦理_资本主义.md,5.0,政治经济学与资本主义批判
近代中国 社会性质 主要矛盾 历史任务,1121_近代中国_社会性质_主要矛盾_历史任务.md,儒学 困境 近代中国,0685_儒学_困境_近代中国.md,23.95,矛盾分析法与矛盾特殊性
近代中国 社会性质 主要矛盾 历史任务,1121_近代中国_社会性质_主要矛盾_历史任务.md,大众哲学 主要矛盾,1633_大众哲学_主要矛盾.md,23.95,矛盾分析法与矛盾特殊性
近代中国 社会性质 主要矛盾 历史任务,1121_近代中国_社会性质_主要矛盾_历史任务.md,毛泽东 矛盾论 主要矛盾,1687_毛泽东_矛盾论_主要矛盾.md,23.75,矛盾分析法与矛盾特殊性
近代中国 社会性质 主要矛盾 历史任务,1121_近代中国_社会性质_主要矛盾_历史任务.md,近代中国 严重危机 走向,1119_近代中国_严重危机_走向.md,23.57,矛盾分析法与矛盾特殊性
近代中国 社会性质 主要矛盾 历史任务,1121_近代中国_社会性质_主要矛盾_历史任务.md,主要矛盾 大众哲学 矛盾理论,1808_主要矛盾_大众哲学_矛盾理论.md,23.41,矛盾分析法与矛盾特殊性
经世致用 思潮 影响,1122_经世致用_思潮_影响.md,经世致用 实事求是 传统 继承,0622_经世致用_实事求是_传统_继承.md,25.0,中国近代启蒙与民主革命
经世致用 思潮 影响,1122_经世致用_思潮_影响.md,中学为体 西学为用 思潮,1391_中学为体_西学为用_思潮.md,13.85,中国近代启蒙与民主革命
经世致用 思潮 影响,1122_经世致用_思潮_影响.md,无政府主义 思潮 批判,1127_无政府主义_思潮_批判.md,11.79,中国近代启蒙与民主革命
经世致用 思潮 影响,1122_经世致用_思潮_影响.md,改良主义 思潮 近五十年,1389_改良主义_思潮_近五十年.md,11.67,中国近代启蒙与民主革命
经世致用 思潮 影响,1122_经世致用_思潮_影响.md,民主主义 知识分子 思潮,1825_民主主义_知识分子_思潮.md,11.67,中国近代启蒙与民主革命
太平天国 农民战争 意义 教训,1123_太平天国_农民战争_意义_教训.md,农民战争 德国,1738_农民战争_德国.md,25.77,民族国家与国际关系
太平天国 农民战争 意义 教训,1123_太平天国_农民战争_意义_教训.md,德波林派 批判 教训,0780_德波林派_批判_教训.md,11.47,民族国家与国际关系
太平天国 农民战争 意义 教训,1123_太平天国_农民战争_意义_教训.md,德国农民战争,1988_德国农民战争.md,8.33,民族国家与国际关系
辛亥革命 意义 经验教训,1124_辛亥革命_意义_经验教训.md,大革命失败 原因 经验教训,1142_大革命失败_原因_经验教训.md,26.67,中国近代启蒙与民主革命
辛亥革命 意义 经验教训,1124_辛亥革命_意义_经验教训.md,苏联哲学 教条主义 经验教训,0807_苏联哲学_教条主义_经验教训.md,26.25,中国近代启蒙与民主革命
辛亥革命 意义 经验教训,1124_辛亥革命_意义_经验教训.md,中国革命 经验教训 哲学总结,1437_中国革命_经验教训_哲学总结.md,26.25,中国近代启蒙与民主革命
辛亥革命 意义 经验教训,1124_辛亥革命_意义_经验教训.md,苏联哲学 70年 经验教训,0806_苏联哲学_70年_经验教训.md,24.69,中国近代启蒙与民主革命
辛亥革命 意义 经验教训,1124_辛亥革命_意义_经验教训.md,苏联哲学 政治化 经验教训,0808_苏联哲学_政治化_经验教训.md,24.69,中国近代启蒙与民主革命
第一次世界大战 中国思想 冲击,1125_第一次世界大战_中国思想_冲击.md,现阶段 中国思想 意见,1443_现阶段_中国思想_意见.md,24.41,民族国家与国际关系
第一次世界大战 中国思想 冲击,1125_第一次世界大战_中国思想_冲击.md,近五十年 中国思想 变动,1385_近五十年_中国思想_变动.md,24.17,民族国家与国际关系
社会主义 是否适合中国国情 之争,1126_社会主义_是否适合中国国情_之争.md,社会主义 历史经验 中国 世界,1476_社会主义_历史经验_中国_世界.md,25.0,其他待人工复核
社会主义 是否适合中国国情 之争,1126_社会主义_是否适合中国国情_之争.md,俄国 社会主义,1758_俄国_社会主义.md,25.0,其他待人工复核
社会主义 是否适合中国国情 之争,1126_社会主义_是否适合中国国情_之争.md,德国 社会主义,1772_德国_社会主义.md,25.0,其他待人工复核
社会主义 是否适合中国国情 之争,1126_社会主义_是否适合中国国情_之争.md,法国 社会主义,1817_法国_社会主义.md,25.0,其他待人工复核
社会主义 是否适合中国国情 之争,1126_社会主义_是否适合中国国情_之争.md,社会主义 列宁,1840_社会主义_列宁.md,25.0,其他待人工复核
无政府主义 思潮 批判,1127_无政府主义_思潮_批判.md,无政府主义 理论批判 列宁,0880_无政府主义_理论批判_列宁.md,34.62,早期马克思主义传播主体与传播载体
无政府主义 思潮 批判,1127_无政府主义_思潮_批判.md,无政府主义 绝对自由 批判,1290_无政府主义_绝对自由_批判.md,34.62,早期马克思主义传播主体与传播载体
无政府主义 思潮 批判,1127_无政府主义_思潮_批判.md,无政府主义 反对阶级斗争 批判,0035_无政府主义_反对阶级斗争_批判.md,33.33,早期马克思主义传播主体与传播载体
无政府主义 思潮 批判,1127_无政府主义_思潮_批判.md,无政府主义 论争 哲学意义,1289_无政府主义_论争_哲学意义.md,32.14,早期马克思主义传播主体与传播载体
无政府主义 思潮 批判,1127_无政府主义_思潮_批判.md,改良主义 思潮 近五十年,1389_改良主义_思潮_近五十年.md,15.36,早期马克思主义传播主体与传播载体
共产党早期组织 建立 活动,1128_共产党早期组织_建立_活动.md,共产党,2003_共产党.md,5.0,早期马克思主义传播主体与传播载体
中国共产党 成立 意义,1129_中国共产党_成立_意义.md,中国共产党 前进 成立,1829_中国共产党_前进_成立.md,46.36,早期马克思主义传播主体与传播载体
中国共产党 成立 意义,1129_中国共产党_成立_意义.md,中国共产党 成立 马克思主义 工人运动,1113_中国共产党_成立_马克思主义_工人运动.md,43.82,早期马克思主义传播主体与传播载体
中国共产党 成立 意义,1129_中国共产党_成立_意义.md,中国共产党 成立初期 宣传组织工作,1130_中国共产党_成立初期_宣传组织工作.md,34.38,早期马克思主义传播主体与传播载体
中国共产党 成立 意义,1129_中国共产党_成立_意义.md,中国共产党 党史 研究,1482_中国共产党_党史_研究.md,33.33,早期马克思主义传播主体与传播载体
中国共产党 成立 意义,1129_中国共产党_成立_意义.md,以俄为师 心理 中国共产党,1156_以俄为师_心理_中国共产党.md,32.14,早期马克思主义传播主体与传播载体
中国共产党 成立初期 宣传组织工作,1130_中国共产党_成立初期_宣传组织工作.md,中国共产党 成立 意义,1129_中国共产党_成立_意义.md,34.38,早期马克思主义传播主体与传播载体
中国共产党 成立初期 宣传组织工作,1130_中国共产党_成立初期_宣传组织工作.md,中国共产党 前进 成立,1829_中国共产党_前进_成立.md,32.35,早期马克思主义传播主体与传播载体
中国共产党 成立初期 宣传组织工作,1130_中国共产党_成立初期_宣传组织工作.md,中国共产党 成立 马克思主义 工人运动,1113_中国共产党_成立_马克思主义_工人运动.md,31.52,早期马克思主义传播主体与传播载体
中国共产党 成立初期 宣传组织工作,1130_中国共产党_成立初期_宣传组织工作.md,中国共产党 党史 研究,1482_中国共产党_党史_研究.md,30.56,早期马克思主义传播主体与传播载体
中国共产党 成立初期 宣传组织工作,1130_中国共产党_成立初期_宣传组织工作.md,以俄为师 心理 中国共产党,1156_以俄为师_心理_中国共产党.md,30.0,早期马克思主义传播主体与传播载体
马克思主义 中国革命实际 最初结合,1131_马克思主义_中国革命实际_最初结合.md,马克思主义哲学 中国革命实际 结合,1415_马克思主义哲学_中国革命实际_结合.md,43.89,马克思主义哲学与中国文化传统结合
马克思主义 中国革命实际 最初结合,1131_马克思主义_中国革命实际_最初结合.md,毛泽东 马克思列宁主义 中国革命实际,0862_毛泽东_马克思列宁主义_中国革命实际.md,41.25,马克思主义哲学与中国文化传统结合
马克思主义 中国革命实际 最初结合,1131_马克思主义_中国革命实际_最初结合.md,哲学教科书 中国革命实际 结合,0930_哲学教科书_中国革命实际_结合.md,37.5,马克思主义哲学与中国文化传统结合
马克思主义 中国革命实际 最初结合,1131_马克思主义_中国革命实际_最初结合.md,马克思主义 中国革命实践 结合,1153_马克思主义_中国革命实践_结合.md,15.62,马克思主义哲学与中国文化传统结合
马克思主义 中国革命实际 最初结合,1131_马克思主义_中国革命实际_最初结合.md,中国革命 需要 马克思主义,1283_中国革命_需要_马克思主义.md,10.29,马克思主义哲学与中国文化传统结合
国共合作 统一战线 理论实践,1132_国共合作_统一战线_理论实践.md,统一战线 理论 认识深化,1133_统一战线_理论_认识深化.md,28.33,哲学基本范畴与辩证法原理
国共合作 统一战线 理论实践,1132_国共合作_统一战线_理论实践.md,国共合作 党内合作 策略,1160_国共合作_党内合作_策略.md,24.69,哲学基本范畴与辩证法原理
国共合作 统一战线 理论实践,1132_国共合作_统一战线_理论实践.md,力量对比 统一战线 必要,1169_力量对比_统一战线_必要.md,24.41,哲学基本范畴与辩证法原理
国共合作 统一战线 理论实践,1132_国共合作_统一战线_理论实践.md,利用矛盾 统一战线 意义,1172_利用矛盾_统一战线_意义.md,24.41,哲学基本范畴与辩证法原理
国共合作 统一战线 理论实践,1132_国共合作_统一战线_理论实践.md,统一战线 独立自主 统一 独立,1331_统一战线_独立自主_统一_独立.md,24.41,哲学基本范畴与辩证法原理
统一战线 理论 认识深化,1133_统一战线_理论_认识深化.md,国共合作 统一战线 理论实践,1132_国共合作_统一战线_理论实践.md,28.33,哲学基本范畴与辩证法原理
统一战线 理论 认识深化,1133_统一战线_理论_认识深化.md,力量对比 统一战线 必要,1169_力量对比_统一战线_必要.md,25.0,哲学基本范畴与辩证法原理
统一战线 理论 认识深化,1133_统一战线_理论_认识深化.md,利用矛盾 统一战线 意义,1172_利用矛盾_统一战线_意义.md,25.0,哲学基本范畴与辩证法原理
统一战线 理论 认识深化,1133_统一战线_理论_认识深化.md,统一战线 独立自主 统一 独立,1331_统一战线_独立自主_统一_独立.md,25.0,哲学基本范畴与辩证法原理
统一战线 理论 认识深化,1133_统一战线_理论_认识深化.md,民族矛盾 阶级矛盾 统一战线,1330_民族矛盾_阶级矛盾_统一战线.md,24.69,哲学基本范畴与辩证法原理
共产国际 中国革命性质 认识,1134_共产国际_中国革命性质_认识.md,共产国际 国民党性质 认识,1135_共产国际_国民党性质_认识.md,30.0,苏联哲学与共产国际
共产国际 中国革命性质 认识,1134_共产国际_中国革命性质_认识.md,共产国际 中国 马克思主义传播 指导,0069_共产国际_中国_马克思主义传播_指导.md,26.25,苏联哲学与共产国际
共产国际 中国革命性质 认识,1134_共产国际_中国革命性质_认识.md,两步走 革命方针 共产国际,1159_两步走_革命方针_共产国际.md,25.88,苏联哲学与共产国际
共产国际 中国革命性质 认识,1134_共产国际_中国革命性质_认识.md,中国共产党 俄国模式 共产国际,0848_中国共产党_俄国模式_共产国际.md,25.56,苏联哲学与共产国际
共产国际 中国革命性质 认识,1134_共产国际_中国革命性质_认识.md,共产国际 下级支部 中国共产党,1154_共产国际_下级支部_中国共产党.md,25.56,苏联哲学与共产国际
共产国际 国民党性质 认识,1135_共产国际_国民党性质_认识.md,共产国际 中国革命性质 认识,1134_共产国际_中国革命性质_认识.md,30.0,苏联哲学与共产国际
共产国际 国民党性质 认识,1135_共产国际_国民党性质_认识.md,共产国际 无产阶级领导权 认识,1136_共产国际_无产阶级领导权_认识.md,25.56,苏联哲学与共产国际
共产国际 国民党性质 认识,1135_共产国际_国民党性质_认识.md,两步走 革命方针 共产国际,1159_两步走_革命方针_共产国际.md,24.41,苏联哲学与共产国际
共产国际 国民党性质 认识,1135_共产国际_国民党性质_认识.md,中国共产党 俄国模式 共产国际,0848_中国共产党_俄国模式_共产国际.md,24.17,苏联哲学与共产国际
共产国际 国民党性质 认识,1135_共产国际_国民党性质_认识.md,共产国际 下级支部 中国共产党,1154_共产国际_下级支部_中国共产党.md,24.17,苏联哲学与共产国际
共产国际 无产阶级领导权 认识,1136_共产国际_无产阶级领导权_认识.md,共产国际 国民党性质 认识,1135_共产国际_国民党性质_认识.md,25.56,阶级斗争与社会革命理论
共产国际 无产阶级领导权 认识,1136_共产国际_无产阶级领导权_认识.md,共产国际 中国革命性质 认识,1134_共产国际_中国革命性质_认识.md,25.26,阶级斗争与社会革命理论
共产国际 无产阶级领导权 认识,1136_共产国际_无产阶级领导权_认识.md,两步走 革命方针 共产国际,1159_两步走_革命方针_共产国际.md,23.95,阶级斗争与社会革命理论
共产国际 无产阶级领导权 认识,1136_共产国际_无产阶级领导权_认识.md,中国共产党 俄国模式 共产国际,0848_中国共产党_俄国模式_共产国际.md,23.75,阶级斗争与社会革命理论
共产国际 无产阶级领导权 认识,1136_共产国际_无产阶级领导权_认识.md,共产国际 下级支部 中国共产党,1154_共产国际_下级支部_中国共产党.md,23.75,阶级斗争与社会革命理论
戴季陶主义 中国共产党 批判,1137_戴季陶主义_中国共产党_批判.md,国家主义派 中国共产党 批判,1138_国家主义派_中国共产党_批判.md,36.67,早期马克思主义传播主体与传播载体
戴季陶主义 中国共产党 批判,1137_戴季陶主义_中国共产党_批判.md,国际主义 民族主义 中国共产党,1176_国际主义_民族主义_中国共产党.md,34.38,早期马克思主义传播主体与传播载体
戴季陶主义 中国共产党 批判,1137_戴季陶主义_中国共产党_批判.md,俄国味道 马克思主义 中国共产党,0849_俄国味道_马克思主义_中国共产党.md,33.33,早期马克思主义传播主体与传播载体
戴季陶主义 中国共产党 批判,1137_戴季陶主义_中国共产党_批判.md,中国共产党 马克思主义中国化 起点,1114_中国共产党_马克思主义中国化_起点.md,33.33,早期马克思主义传播主体与传播载体
戴季陶主义 中国共产党 批判,1137_戴季陶主义_中国共产党_批判.md,戴季陶主义 唯物史观 批判,0038_戴季陶主义_唯物史观_批判.md,32.81,早期马克思主义传播主体与传播载体
国家主义派 中国共产党 批判,1138_国家主义派_中国共产党_批判.md,戴季陶主义 中国共产党 批判,1137_戴季陶主义_中国共产党_批判.md,36.67,民族国家与国际关系
国家主义派 中国共产党 批判,1138_国家主义派_中国共产党_批判.md,国家主义派 国际主义 批判,1294_国家主义派_国际主义_批判.md,33.33,民族国家与国际关系
国家主义派 中国共产党 批判,1138_国家主义派_中国共产党_批判.md,国家主义派 阶级斗争 批判,0037_国家主义派_阶级斗争_批判.md,32.81,民族国家与国际关系
国家主义派 中国共产党 批判,1138_国家主义派_中国共产党_批判.md,国际主义 民族主义 中国共产党,1176_国际主义_民族主义_中国共产党.md,32.35,民族国家与国际关系
国家主义派 中国共产党 批判,1138_国家主义派_中国共产党_批判.md,国家主义派 超阶级国家观 批判,1293_国家主义派_超阶级国家观_批判.md,32.35,民族国家与国际关系
中国革命 性质 前途 研判,1139_中国革命_性质_前途_研判.md,中国革命 根源 任务 性质 特点,1115_中国革命_根源_任务_性质_特点.md,36.25,毛泽东哲学与中国革命经验
中国革命 性质 前途 研判,1139_中国革命_性质_前途_研判.md,中国革命 对象 动力 领导权 前途,1116_中国革命_对象_动力_领导权_前途.md,35.88,毛泽东哲学与中国革命经验
中国革命 性质 前途 研判,1139_中国革命_性质_前途_研判.md,新民主主义革命 性质 前途,0516_新民主主义革命_性质_前途.md,28.93,毛泽东哲学与中国革命经验
中国革命 性质 前途 研判,1139_中国革命_性质_前途_研判.md,十月革命 中国革命 影响,0844_十月革命_中国革命_影响.md,25.36,毛泽东哲学与中国革命经验
中国革命 性质 前途 研判,1139_中国革命_性质_前途_研判.md,一步走 两步走 中国革命,1174_一步走_两步走_中国革命.md,25.36,毛泽东哲学与中国革命经验
武装斗争 思想 萌芽,1140_武装斗争_思想_萌芽.md,革命问题 和平过渡 武装斗争,1472_革命问题_和平过渡_武装斗争.md,25.0,中国革命道路与党的思想建设
武装斗争 思想 萌芽,1140_武装斗争_思想_萌芽.md,三大法宝 统一战线 武装斗争 党的建设,1148_三大法宝_统一战线_武装斗争_党的建设.md,23.95,中国革命道路与党的思想建设
中国共产党 思想建设 初步探索,1141_中国共产党_思想建设_初步探索.md,统一战线思想 运用 中国共产党,1168_统一战线思想_运用_中国共产党.md,31.58,中国革命道路与党的思想建设
中国共产党 思想建设 初步探索,1141_中国共产党_思想建设_初步探索.md,抗日战争 中国共产党 哲学思想,1688_抗日战争_中国共产党_哲学思想.md,31.58,中国革命道路与党的思想建设
中国共产党 思想建设 初步探索,1141_中国共产党_思想建设_初步探索.md,中国共产党 成立 意义,1129_中国共产党_成立_意义.md,31.25,中国革命道路与党的思想建设
中国共产党 思想建设 初步探索,1141_中国共产党_思想建设_初步探索.md,中国共产党 党史 研究,1482_中国共产党_党史_研究.md,31.25,中国革命道路与党的思想建设
中国共产党 思想建设 初步探索,1141_中国共产党_思想建设_初步探索.md,中国共产党 前进 成立,1829_中国共产党_前进_成立.md,31.25,中国革命道路与党的思想建设
大革命失败 原因 经验教训,1142_大革命失败_原因_经验教训.md,辛亥革命 意义 经验教训,1124_辛亥革命_意义_经验教训.md,26.67,哲学基本范畴与辩证法原理
大革命失败 原因 经验教训,1142_大革命失败_原因_经验教训.md,中国革命 经验教训 哲学总结,1437_中国革命_经验教训_哲学总结.md,25.88,哲学基本范畴与辩证法原理
大革命失败 原因 经验教训,1142_大革命失败_原因_经验教训.md,苏联哲学 70年 经验教训,0806_苏联哲学_70年_经验教训.md,24.41,哲学基本范畴与辩证法原理
大革命失败 原因 经验教训,1142_大革命失败_原因_经验教训.md,苏联哲学 政治化 经验教训,0808_苏联哲学_政治化_经验教训.md,24.41,哲学基本范畴与辩证法原理
大革命失败 原因 经验教训,1142_大革命失败_原因_经验教训.md,苏联哲学 教条主义 经验教训,0807_苏联哲学_教条主义_经验教训.md,24.17,哲学基本范畴与辩证法原理
革命根据地 政权建设 局部执政,1143_革命根据地_政权建设_局部执政.md,根据地 政权建设 经济建设 文化建设,1205_根据地_政权建设_经济建设_文化建设.md,28.33,中国革命道路与党的思想建设
遵义会议 中国革命 历史转折,1144_遵义会议_中国革命_历史转折.md,十月革命 中国革命 影响,0844_十月革命_中国革命_影响.md,24.69,毛泽东哲学与中国革命经验
遵义会议 中国革命 历史转折,1144_遵义会议_中国革命_历史转折.md,一步走 两步走 中国革命,1174_一步走_两步走_中国革命.md,24.69,毛泽东哲学与中国革命经验
遵义会议 中国革命 历史转折,1144_遵义会议_中国革命_历史转折.md,中国革命 胜利 中国情况,1308_中国革命_胜利_中国情况.md,24.69,毛泽东哲学与中国革命经验
遵义会议 中国革命 历史转折,1144_遵义会议_中国革命_历史转折.md,俄国革命经验 中国革命 套用,0850_俄国革命经验_中国革命_套用.md,24.41,毛泽东哲学与中国革命经验
遵义会议 中国革命 历史转折,1144_遵义会议_中国革命_历史转折.md,中国革命 性质 前途 研判,1139_中国革命_性质_前途_研判.md,24.41,毛泽东哲学与中国革命经验
马克思主义中国化 大众化 初步推进,1145_马克思主义中国化_大众化_初步推进.md,马克思主义中国化 初步实现,1166_马克思主义中国化_初步实现.md,54.06,马克思恩格斯经典文本与哲学关系
马克思主义中国化 大众化 初步推进,1145_马克思主义中国化_大众化_初步推进.md,马克思主义中国化 前瞻,1180_马克思主义中国化_前瞻.md,50.94,马克思恩格斯经典文本与哲学关系
马克思主义中国化 大众化 初步推进,1145_马克思主义中国化_大众化_初步推进.md,起源 马克思主义中国化,1761_起源_马克思主义中国化.md,50.94,马克思恩格斯经典文本与哲学关系
马克思主义中国化 大众化 初步推进,1145_马克思主义中国化_大众化_初步推进.md,马克思主义中国化 思潮,1827_马克思主义中国化_思潮.md,50.94,马克思恩格斯经典文本与哲学关系
马克思主义中国化 大众化 初步推进,1145_马克思主义中国化_大众化_初步推进.md,马克思主义中国化 重建,1828_马克思主义中国化_重建.md,50.94,马克思恩格斯经典文本与哲学关系
六届六中全会 马克思主义中国化,1146_六届六中全会_马克思主义中国化.md,马克思主义中国化 前瞻,1180_马克思主义中国化_前瞻.md,51.67,马克思主义中国化命题的提出
六届六中全会 马克思主义中国化,1146_六届六中全会_马克思主义中国化.md,起源 马克思主义中国化,1761_起源_马克思主义中国化.md,51.67,马克思主义中国化命题的提出
六届六中全会 马克思主义中国化,1146_六届六中全会_马克思主义中国化.md,马克思主义中国化 思潮,1827_马克思主义中国化_思潮.md,51.67,马克思主义中国化命题的提出
六届六中全会 马克思主义中国化,1146_六届六中全会_马克思主义中国化.md,马克思主义中国化 重建,1828_马克思主义中国化_重建.md,51.67,马克思主义中国化命题的提出
六届六中全会 马克思主义中国化,1146_六届六中全会_马克思主义中国化.md,中国化思潮 马克思主义中国化,1618_中国化思潮_马克思主义中国化.md,50.94,马克思主义中国化命题的提出
马克思主义中国化 科学内涵,1147_马克思主义中国化_科学内涵.md,马克思主义中国化 前瞻,1180_马克思主义中国化_前瞻.md,53.46,马克思恩格斯经典文本与哲学关系
马克思主义中国化 科学内涵,1147_马克思主义中国化_科学内涵.md,起源 马克思主义中国化,1761_起源_马克思主义中国化.md,53.46,马克思恩格斯经典文本与哲学关系
马克思主义中国化 科学内涵,1147_马克思主义中国化_科学内涵.md,马克思主义中国化 思潮,1827_马克思主义中国化_思潮.md,53.46,马克思恩格斯经典文本与哲学关系
马克思主义中国化 科学内涵,1147_马克思主义中国化_科学内涵.md,马克思主义中国化 重建,1828_马克思主义中国化_重建.md,53.46,马克思恩格斯经典文本与哲学关系
马克思主义中国化 科学内涵,1147_马克思主义中国化_科学内涵.md,科学发展观 马克思主义中国化,0648_科学发展观_马克思主义中国化.md,53.33,马克思恩格斯经典文本与哲学关系
三大法宝 统一战线 武装斗争 党的建设,1148_三大法宝_统一战线_武装斗争_党的建设.md,武装斗争 思想 萌芽,1140_武装斗争_思想_萌芽.md,23.95,中国革命道路与党的思想建设
三大法宝 统一战线 武装斗争 党的建设,1148_三大法宝_统一战线_武装斗争_党的建设.md,统一战线 理论 认识深化,1133_统一战线_理论_认识深化.md,23.57,中国革命道路与党的思想建设
三大法宝 统一战线 武装斗争 党的建设,1148_三大法宝_统一战线_武装斗争_党的建设.md,力量对比 统一战线 必要,1169_力量对比_统一战线_必要.md,23.57,中国革命道路与党的思想建设
三大法宝 统一战线 武装斗争 党的建设,1148_三大法宝_统一战线_武装斗争_党的建设.md,利用矛盾 统一战线 意义,1172_利用矛盾_统一战线_意义.md,23.57,中国革命道路与党的思想建设
三大法宝 统一战线 武装斗争 党的建设,1148_三大法宝_统一战线_武装斗争_党的建设.md,统一战线 独立自主 统一 独立,1331_统一战线_独立自主_统一_独立.md,23.57,中国革命道路与党的思想建设
抗战胜利后 马克思主义中国化 继续发展,1149_抗战胜利后_马克思主义中国化_继续发展.md,马克思主义中国化 思潮 抗战,1811_马克思主义中国化_思潮_抗战.md,50.53,马克思恩格斯经典文本与哲学关系
抗战胜利后 马克思主义中国化 继续发展,1149_抗战胜利后_马克思主义中国化_继续发展.md,科学发展观 马克思主义中国化,0648_科学发展观_马克思主义中国化.md,50.0,马克思恩格斯经典文本与哲学关系
抗战胜利后 马克思主义中国化 继续发展,1149_抗战胜利后_马克思主义中国化_继续发展.md,马克思主义中国化 前瞻,1180_马克思主义中国化_前瞻.md,49.72,马克思恩格斯经典文本与哲学关系
抗战胜利后 马克思主义中国化 继续发展,1149_抗战胜利后_马克思主义中国化_继续发展.md,起源 马克思主义中国化,1761_起源_马克思主义中国化.md,49.72,马克思恩格斯经典文本与哲学关系
抗战胜利后 马克思主义中国化 继续发展,1149_抗战胜利后_马克思主义中国化_继续发展.md,马克思主义中国化 思潮,1827_马克思主义中国化_思潮.md,49.72,马克思恩格斯经典文本与哲学关系
多党合作 协商民主 酝酿,1150_多党合作_协商民主_酝酿.md,马克思主义中国化 命题 酝酿,0512_马克思主义中国化_命题_酝酿.md,11.32,中国近代启蒙与民主革命
马克思主义中国化 历史进程 曲折复杂,1151_马克思主义中国化_历史进程_曲折复杂.md,马克思主义中国化 历史进程 经验,1802_马克思主义中国化_历史进程_经验.md,76.18,马克思恩格斯经典文本与哲学关系
马克思主义中国化 历史进程 曲折复杂,1151_马克思主义中国化_历史进程_曲折复杂.md,马克思主义中国化 历史性飞跃,1179_马克思主义中国化_历史性飞跃.md,52.5,马克思恩格斯经典文本与哲学关系
马克思主义中国化 历史进程 曲折复杂,1151_马克思主义中国化_历史进程_曲折复杂.md,马克思主义中国化 前瞻,1180_马克思主义中国化_前瞻.md,50.29,马克思恩格斯经典文本与哲学关系
马克思主义中国化 历史进程 曲折复杂,1151_马克思主义中国化_历史进程_曲折复杂.md,起源 马克思主义中国化,1761_起源_马克思主义中国化.md,50.29,马克思恩格斯经典文本与哲学关系
马克思主义中国化 历史进程 曲折复杂,1151_马克思主义中国化_历史进程_曲折复杂.md,马克思主义中国化 思潮,1827_马克思主义中国化_思潮.md,50.29,马克思恩格斯经典文本与哲学关系
马克思主义中国化 最初尝试,1152_马克思主义中国化_最初尝试.md,马克思主义中国化 最初缓慢 原因,1157_马克思主义中国化_最初缓慢_原因.md,55.0,马克思恩格斯经典文本与哲学关系
马克思主义中国化 最初尝试,1152_马克思主义中国化_最初尝试.md,马克思主义中国化 前瞻,1180_马克思主义中国化_前瞻.md,53.46,马克思恩格斯经典文本与哲学关系
马克思主义中国化 最初尝试,1152_马克思主义中国化_最初尝试.md,起源 马克思主义中国化,1761_起源_马克思主义中国化.md,53.46,马克思恩格斯经典文本与哲学关系
马克思主义中国化 最初尝试,1152_马克思主义中国化_最初尝试.md,马克思主义中国化 思潮,1827_马克思主义中国化_思潮.md,53.46,马克思恩格斯经典文本与哲学关系
马克思主义中国化 最初尝试,1152_马克思主义中国化_最初尝试.md,马克思主义中国化 重建,1828_马克思主义中国化_重建.md,53.46,马克思恩格斯经典文本与哲学关系
马克思主义 中国革命实践 结合,1153_马克思主义_中国革命实践_结合.md,马克思主义 中国革命实际 最初结合,1131_马克思主义_中国革命实际_最初结合.md,15.62,毛泽东哲学与中国革命经验
马克思主义 中国革命实践 结合,1153_马克思主义_中国革命实践_结合.md,马克思主义中国化 中国具体实践 结合,1107_马克思主义中国化_中国具体实践_结合.md,13.24,毛泽东哲学与中国革命经验
马克思主义 中国革命实践 结合,1153_马克思主义_中国革命实践_结合.md,马克思主义哲学 中国革命实际 结合,1415_马克思主义哲学_中国革命实际_结合.md,13.24,毛泽东哲学与中国革命经验
马克思主义 中国革命实践 结合,1153_马克思主义_中国革命实践_结合.md,中国革命 需要 马克思主义,1283_中国革命_需要_马克思主义.md,11.67,毛泽东哲学与中国革命经验
马克思主义 中国革命实践 结合,1153_马克思主义_中国革命实践_结合.md,早期共产主义者 马克思主义 中国革命,0292_早期共产主义者_马克思主义_中国革命.md,11.11,毛泽东哲学与中国革命经验
共产国际 下级支部 中国共产党,1154_共产国际_下级支部_中国共产党.md,中国共产党 俄国模式 共产国际,0848_中国共产党_俄国模式_共产国际.md,54.38,苏联哲学与共产国际
共产国际 下级支部 中国共产党,1154_共产国际_下级支部_中国共产党.md,国际主义 民族主义 中国共产党,1176_国际主义_民族主义_中国共产党.md,32.35,苏联哲学与共产国际
共产国际 下级支部 中国共产党,1154_共产国际_下级支部_中国共产党.md,中国共产党 成立 意义,1129_中国共产党_成立_意义.md,31.67,苏联哲学与共产国际
共产国际 下级支部 中国共产党,1154_共产国际_下级支部_中国共产党.md,中国共产党 党史 研究,1482_中国共产党_党史_研究.md,31.67,苏联哲学与共产国际
共产国际 下级支部 中国共产党,1154_共产国际_下级支部_中国共产党.md,中国共产党 前进 成立,1829_中国共产党_前进_成立.md,31.67,苏联哲学与共产国际
一切均借俄助 中国革命 初期特点,1155_一切均借俄助_中国革命_初期特点.md,中国革命 道路 特点 毛泽东,0616_中国革命_道路_特点_毛泽东.md,25.26,毛泽东哲学与中国革命经验
一切均借俄助 中国革命 初期特点,1155_一切均借俄助_中国革命_初期特点.md,中国革命 根源 任务 性质 特点,1115_中国革命_根源_任务_性质_特点.md,25.0,毛泽东哲学与中国革命经验
一切均借俄助 中国革命 初期特点,1155_一切均借俄助_中国革命_初期特点.md,十月革命 中国革命 影响,0844_十月革命_中国革命_影响.md,24.17,毛泽东哲学与中国革命经验
一切均借俄助 中国革命 初期特点,1155_一切均借俄助_中国革命_初期特点.md,一步走 两步走 中国革命,1174_一步走_两步走_中国革命.md,24.17,毛泽东哲学与中国革命经验
一切均借俄助 中国革命 初期特点,1155_一切均借俄助_中国革命_初期特点.md,中国革命 胜利 中国情况,1308_中国革命_胜利_中国情况.md,24.17,毛泽东哲学与中国革命经验
以俄为师 心理 中国共产党,1156_以俄为师_心理_中国共产党.md,中国共产党 成立 意义,1129_中国共产党_成立_意义.md,32.14,中国革命道路与党的思想建设
以俄为师 心理 中国共产党,1156_以俄为师_心理_中国共产党.md,中国共产党 党史 研究,1482_中国共产党_党史_研究.md,32.14,中国革命道路与党的思想建设
以俄为师 心理 中国共产党,1156_以俄为师_心理_中国共产党.md,中国共产党 前进 成立,1829_中国共产党_前进_成立.md,32.14,中国革命道路与党的思想建设
以俄为师 心理 中国共产党,1156_以俄为师_心理_中国共产党.md,土地革命 中国共产党 中国化,1165_土地革命_中国共产党_中国化.md,31.25,中国革命道路与党的思想建设
以俄为师 心理 中国共产党,1156_以俄为师_心理_中国共产党.md,中国共产党 俄国模式 共产国际,0848_中国共产党_俄国模式_共产国际.md,30.88,中国革命道路与党的思想建设
马克思主义中国化 最初缓慢 原因,1157_马克思主义中国化_最初缓慢_原因.md,马克思主义中国化 最初尝试,1152_马克思主义中国化_最初尝试.md,55.0,马克思恩格斯经典文本与哲学关系
马克思主义中国化 最初缓慢 原因,1157_马克思主义中国化_最初缓慢_原因.md,马克思主义中国化 前瞻,1180_马克思主义中国化_前瞻.md,51.67,马克思恩格斯经典文本与哲学关系
马克思主义中国化 最初缓慢 原因,1157_马克思主义中国化_最初缓慢_原因.md,起源 马克思主义中国化,1761_起源_马克思主义中国化.md,51.67,马克思恩格斯经典文本与哲学关系
马克思主义中国化 最初缓慢 原因,1157_马克思主义中国化_最初缓慢_原因.md,马克思主义中国化 思潮,1827_马克思主义中国化_思潮.md,51.67,马克思恩格斯经典文本与哲学关系
马克思主义中国化 最初缓慢 原因,1157_马克思主义中国化_最初缓慢_原因.md,马克思主义中国化 重建,1828_马克思主义中国化_重建.md,51.67,马克思恩格斯经典文本与哲学关系
共产国际 民族民主革命 方针,1158_共产国际_民族民主革命_方针.md,两步走 革命方针 共产国际,1159_两步走_革命方针_共产国际.md,30.0,中国近代启蒙与民主革命
共产国际 民族民主革命 方针,1158_共产国际_民族民主革命_方针.md,共产国际 中国革命性质 认识,1134_共产国际_中国革命性质_认识.md,25.56,中国近代启蒙与民主革命
共产国际 民族民主革命 方针,1158_共产国际_民族民主革命_方针.md,共产国际 国民党性质 认识,1135_共产国际_国民党性质_认识.md,24.17,中国近代启蒙与民主革命
共产国际 民族民主革命 方针,1158_共产国际_民族民主革命_方针.md,中国共产党 俄国模式 共产国际,0848_中国共产党_俄国模式_共产国际.md,23.95,中国近代启蒙与民主革命
共产国际 民族民主革命 方针,1158_共产国际_民族民主革命_方针.md,共产国际 下级支部 中国共产党,1154_共产国际_下级支部_中国共产党.md,23.95,中国近代启蒙与民主革命
两步走 革命方针 共产国际,1159_两步走_革命方针_共产国际.md,共产国际 民族民主革命 方针,1158_共产国际_民族民主革命_方针.md,30.0,苏联哲学与共产国际
两步走 革命方针 共产国际,1159_两步走_革命方针_共产国际.md,共产国际 中国革命性质 认识,1134_共产国际_中国革命性质_认识.md,25.88,苏联哲学与共产国际
两步走 革命方针 共产国际,1159_两步走_革命方针_共产国际.md,共产国际 国民党性质 认识,1135_共产国际_国民党性质_认识.md,24.41,苏联哲学与共产国际
两步走 革命方针 共产国际,1159_两步走_革命方针_共产国际.md,中国共产党 俄国模式 共产国际,0848_中国共产党_俄国模式_共产国际.md,24.17,苏联哲学与共产国际
两步走 革命方针 共产国际,1159_两步走_革命方针_共产国际.md,共产国际 下级支部 中国共产党,1154_共产国际_下级支部_中国共产党.md,24.17,苏联哲学与共产国际
国共合作 党内合作 策略,1160_国共合作_党内合作_策略.md,国共合作 统一战线 理论实践,1132_国共合作_统一战线_理论实践.md,24.69,中国革命道路与党的思想建设
国共合作 党内合作 策略,1160_国共合作_党内合作_策略.md,民主革命 策略,1755_民主革命_策略.md,12.08,中国革命道路与党的思想建设
国共合作 党内合作 策略,1160_国共合作_党内合作_策略.md,中国资产阶级 敌友 策略,1167_中国资产阶级_敌友_策略.md,11.56,中国革命道路与党的思想建设
群众起义 武装革命 中国革命道路,1161_群众起义_武装革命_中国革命道路.md,中国革命 道路 特点 毛泽东,0616_中国革命_道路_特点_毛泽东.md,7.35,毛泽东哲学与中国革命经验
群众起义 武装革命 中国革命道路,1161_群众起义_武装革命_中国革命道路.md,十月革命 中国革命 影响,0844_十月革命_中国革命_影响.md,6.25,毛泽东哲学与中国革命经验
群众起义 武装革命 中国革命道路,1161_群众起义_武装革命_中国革命道路.md,中国革命 特殊道路 毛泽东,0583_中国革命_特殊道路_毛泽东.md,5.56,毛泽东哲学与中国革命经验
马克思主义中国化 进展 矛盾,1163_马克思主义中国化_进展_矛盾.md,马克思主义中国化 前瞻,1180_马克思主义中国化_前瞻.md,53.46,马克思恩格斯经典文本与哲学关系
马克思主义中国化 进展 矛盾,1163_马克思主义中国化_进展_矛盾.md,起源 马克思主义中国化,1761_起源_马克思主义中国化.md,53.46,马克思恩格斯经典文本与哲学关系
马克思主义中国化 进展 矛盾,1163_马克思主义中国化_进展_矛盾.md,马克思主义中国化 思潮,1827_马克思主义中国化_思潮.md,53.46,马克思恩格斯经典文本与哲学关系
马克思主义中国化 进展 矛盾,1163_马克思主义中国化_进展_矛盾.md,马克思主义中国化 重建,1828_马克思主义中国化_重建.md,53.46,马克思恩格斯经典文本与哲学关系
马克思主义中国化 进展 矛盾,1163_马克思主义中国化_进展_矛盾.md,中国化思潮 马克思主义中国化,1618_中国化思潮_马克思主义中国化.md,52.5,马克思恩格斯经典文本与哲学关系
马克思主义 纯洁性 庸俗化,1164_马克思主义_纯洁性_庸俗化.md,上海 马克思主义者,1740_上海_马克思主义者.md,7.69,马克思恩格斯经典文本与哲学关系
马克思主义 纯洁性 庸俗化,1164_马克思主义_纯洁性_庸俗化.md,我的马克思主义观,1933_我的马克思主义观.md,7.69,马克思恩格斯经典文本与哲学关系
马克思主义 纯洁性 庸俗化,1164_马克思主义_纯洁性_庸俗化.md,新理学 马克思主义者,1708_新理学_马克思主义者.md,7.14,马克思恩格斯经典文本与哲学关系
马克思主义 纯洁性 庸俗化,1164_马克思主义_纯洁性_庸俗化.md,中国马克思主义 马克思主义者,1788_中国马克思主义_马克思主义者.md,7.14,马克思恩格斯经典文本与哲学关系
马克思主义 纯洁性 庸俗化,1164_马克思主义_纯洁性_庸俗化.md,在马克思主义旗帜下,1940_在马克思主义旗帜下.md,7.14,马克思恩格斯经典文本与哲学关系
土地革命 中国共产党 中国化,1165_土地革命_中国共产党_中国化.md,中国共产党 成立 意义,1129_中国共产党_成立_意义.md,32.14,马克思主义中国化命题与毛泽东思想
土地革命 中国共产党 中国化,1165_土地革命_中国共产党_中国化.md,中国共产党 党史 研究,1482_中国共产党_党史_研究.md,32.14,马克思主义中国化命题与毛泽东思想
土地革命 中国共产党 中国化,1165_土地革命_中国共产党_中国化.md,中国共产党 前进 成立,1829_中国共产党_前进_成立.md,32.14,马克思主义中国化命题与毛泽东思想
土地革命 中国共产党 中国化,1165_土地革命_中国共产党_中国化.md,中国共产党 马克思主义中国化 起点,1114_中国共产党_马克思主义中国化_起点.md,31.94,马克思主义中国化命题与毛泽东思想
土地革命 中国共产党 中国化,1165_土地革命_中国共产党_中国化.md,以俄为师 心理 中国共产党,1156_以俄为师_心理_中国共产党.md,31.25,马克思主义中国化命题与毛泽东思想
马克思主义中国化 初步实现,1166_马克思主义中国化_初步实现.md,马克思主义中国化 大众化 初步推进,1145_马克思主义中国化_大众化_初步推进.md,54.06,马克思恩格斯经典文本与哲学关系
马克思主义中国化 初步实现,1166_马克思主义中国化_初步实现.md,马克思主义中国化 前瞻,1180_马克思主义中国化_前瞻.md,53.46,马克思恩格斯经典文本与哲学关系
马克思主义中国化 初步实现,1166_马克思主义中国化_初步实现.md,起源 马克思主义中国化,1761_起源_马克思主义中国化.md,53.46,马克思恩格斯经典文本与哲学关系
马克思主义中国化 初步实现,1166_马克思主义中国化_初步实现.md,马克思主义中国化 思潮,1827_马克思主义中国化_思潮.md,53.46,马克思恩格斯经典文本与哲学关系
马克思主义中国化 初步实现,1166_马克思主义中国化_初步实现.md,马克思主义中国化 重建,1828_马克思主义中国化_重建.md,53.46,马克思恩格斯经典文本与哲学关系
中国资产阶级 敌友 策略,1167_中国资产阶级_敌友_策略.md,民主革命 策略,1755_民主革命_策略.md,11.92,中国近代启蒙与民主革命
中国资产阶级 敌友 策略,1167_中国资产阶级_敌友_策略.md,国共合作 党内合作 策略,1160_国共合作_党内合作_策略.md,11.56,中国近代启蒙与民主革命
中国资产阶级 敌友 策略,1167_中国资产阶级_敌友_策略.md,俄国 资产阶级,1691_俄国_资产阶级.md,10.0,中国近代启蒙与民主革命
中国资产阶级 敌友 策略,1167_中国资产阶级_敌友_策略.md,法国 资产阶级,1703_法国_资产阶级.md,10.0,中国近代启蒙与民主革命
中国资产阶级 敌友 策略,1167_中国资产阶级_敌友_策略.md,英国 资产阶级,1718_英国_资产阶级.md,10.0,中国近代启蒙与民主革命
统一战线思想 运用 中国共产党,1168_统一战线思想_运用_中国共产党.md,中国共产党 思想建设 初步探索,1141_中国共产党_思想建设_初步探索.md,31.58,中国革命道路与党的思想建设
统一战线思想 运用 中国共产党,1168_统一战线思想_运用_中国共产党.md,抗日战争 中国共产党 哲学思想,1688_抗日战争_中国共产党_哲学思想.md,31.58,中国革命道路与党的思想建设
统一战线思想 运用 中国共产党,1168_统一战线思想_运用_中国共产党.md,中国共产党 成立 意义,1129_中国共产党_成立_意义.md,31.25,中国革命道路与党的思想建设
统一战线思想 运用 中国共产党,1168_统一战线思想_运用_中国共产党.md,中国共产党 党史 研究,1482_中国共产党_党史_研究.md,31.25,中国革命道路与党的思想建设
统一战线思想 运用 中国共产党,1168_统一战线思想_运用_中国共产党.md,中国共产党 前进 成立,1829_中国共产党_前进_成立.md,31.25,中国革命道路与党的思想建设
力量对比 统一战线 必要,1169_力量对比_统一战线_必要.md,统一战线 理论 认识深化,1133_统一战线_理论_认识深化.md,25.0,中国革命道路与党的思想建设
力量对比 统一战线 必要,1169_力量对比_统一战线_必要.md,利用矛盾 统一战线 意义,1172_利用矛盾_统一战线_意义.md,25.0,中国革命道路与党的思想建设
力量对比 统一战线 必要,1169_力量对比_统一战线_必要.md,统一战线 独立自主 统一 独立,1331_统一战线_独立自主_统一_独立.md,25.0,中国革命道路与党的思想建设
力量对比 统一战线 必要,1169_力量对比_统一战线_必要.md,民族矛盾 阶级矛盾 统一战线,1330_民族矛盾_阶级矛盾_统一战线.md,24.69,中国革命道路与党的思想建设
力量对比 统一战线 必要,1169_力量对比_统一战线_必要.md,国共合作 统一战线 理论实践,1132_国共合作_统一战线_理论实践.md,24.41,中国革命道路与党的思想建设
策略运用 成功 失败,1170_策略运用_成功_失败.md,甲午战争 洋务运动 失败,1380_甲午战争_洋务运动_失败.md,11.67,中国革命道路与党的思想建设
利用矛盾 统一战线 意义,1172_利用矛盾_统一战线_意义.md,民族矛盾 阶级矛盾 统一战线,1330_民族矛盾_阶级矛盾_统一战线.md,28.93,哲学基本范畴与辩证法原理
利用矛盾 统一战线 意义,1172_利用矛盾_统一战线_意义.md,统一战线 理论 认识深化,1133_统一战线_理论_认识深化.md,25.0,哲学基本范畴与辩证法原理
利用矛盾 统一战线 意义,1172_利用矛盾_统一战线_意义.md,力量对比 统一战线 必要,1169_力量对比_统一战线_必要.md,25.0,哲学基本范畴与辩证法原理
利用矛盾 统一战线 意义,1172_利用矛盾_统一战线_意义.md,统一战线 独立自主 统一 独立,1331_统一战线_独立自主_统一_独立.md,25.0,哲学基本范畴与辩证法原理
利用矛盾 统一战线 意义,1172_利用矛盾_统一战线_意义.md,国共合作 统一战线 理论实践,1132_国共合作_统一战线_理论实践.md,24.41,哲学基本范畴与辩证法原理
团结 斗争 实力基础,1173_团结_斗争_实力基础.md,斗争 资产阶级,1717_斗争_资产阶级.md,12.27,其他待人工复核
团结 斗争 实力基础,1173_团结_斗争_实力基础.md,工人阶级 斗争,1778_工人阶级_斗争.md,12.27,其他待人工复核
团结 斗争 实力基础,1173_团结_斗争_实力基础.md,恩格斯 观念论 斗争,0424_恩格斯_观念论_斗争.md,11.92,其他待人工复核
团结 斗争 实力基础,1173_团结_斗争_实力基础.md,哲学本身 斗争 发展,1575_哲学本身_斗争_发展.md,11.92,其他待人工复核
团结 斗争 实力基础,1173_团结_斗争_实力基础.md,党内矛盾 斗争 方针方法,1317_党内矛盾_斗争_方针方法.md,11.67,其他待人工复核
一步走 两步走 中国革命,1174_一步走_两步走_中国革命.md,十月革命 中国革命 影响,0844_十月革命_中国革命_影响.md,25.77,毛泽东哲学与中国革命经验
一步走 两步走 中国革命,1174_一步走_两步走_中国革命.md,中国革命 胜利 中国情况,1308_中国革命_胜利_中国情况.md,25.77,毛泽东哲学与中国革命经验
一步走 两步走 中国革命,1174_一步走_两步走_中国革命.md,俄国革命经验 中国革命 套用,0850_俄国革命经验_中国革命_套用.md,25.36,毛泽东哲学与中国革命经验
一步走 两步走 中国革命,1174_一步走_两步走_中国革命.md,中国革命 性质 前途 研判,1139_中国革命_性质_前途_研判.md,25.36,毛泽东哲学与中国革命经验
一步走 两步走 中国革命,1174_一步走_两步走_中国革命.md,农民问题 中国革命 毛泽东,0582_农民问题_中国革命_毛泽东.md,25.0,毛泽东哲学与中国革命经验
国际主义 民族主义 中国共产党,1176_国际主义_民族主义_中国共产党.md,戴季陶主义 中国共产党 批判,1137_戴季陶主义_中国共产党_批判.md,34.38,民族国家与国际关系
国际主义 民族主义 中国共产党,1176_国际主义_民族主义_中国共产党.md,俄国味道 马克思主义 中国共产党,0849_俄国味道_马克思主义_中国共产党.md,33.33,民族国家与国际关系
国际主义 民族主义 中国共产党,1176_国际主义_民族主义_中国共产党.md,中国共产党 马克思主义中国化 起点,1114_中国共产党_马克思主义中国化_起点.md,33.33,民族国家与国际关系
国际主义 民族主义 中国共产党,1176_国际主义_民族主义_中国共产党.md,中国共产党 俄国模式 共产国际,0848_中国共产党_俄国模式_共产国际.md,32.35,民族国家与国际关系
国际主义 民族主义 中国共产党,1176_国际主义_民族主义_中国共产党.md,国家主义派 中国共产党 批判,1138_国家主义派_中国共产党_批判.md,32.35,民族国家与国际关系
马克思主义中国化 没有一劳永逸,1177_马克思主义中国化_没有一劳永逸.md,马克思主义中国化 前瞻,1180_马克思主义中国化_前瞻.md,51.67,马克思恩格斯经典文本与哲学关系
马克思主义中国化 没有一劳永逸,1177_马克思主义中国化_没有一劳永逸.md,起源 马克思主义中国化,1761_起源_马克思主义中国化.md,51.67,马克思恩格斯经典文本与哲学关系
马克思主义中国化 没有一劳永逸,1177_马克思主义中国化_没有一劳永逸.md,马克思主义中国化 思潮,1827_马克思主义中国化_思潮.md,51.67,马克思恩格斯经典文本与哲学关系
马克思主义中国化 没有一劳永逸,1177_马克思主义中国化_没有一劳永逸.md,马克思主义中国化 重建,1828_马克思主义中国化_重建.md,51.67,马克思恩格斯经典文本与哲学关系
马克思主义中国化 没有一劳永逸,1177_马克思主义中国化_没有一劳永逸.md,中国化思潮 马克思主义中国化,1618_中国化思潮_马克思主义中国化.md,50.94,马克思恩格斯经典文本与哲学关系
马克思主义中国化 理论困境,1178_马克思主义中国化_理论困境.md,马克思主义中国化 前瞻,1180_马克思主义中国化_前瞻.md,53.46,马克思恩格斯经典文本与哲学关系
马克思主义中国化 理论困境,1178_马克思主义中国化_理论困境.md,起源 马克思主义中国化,1761_起源_马克思主义中国化.md,53.46,马克思恩格斯经典文本与哲学关系
马克思主义中国化 理论困境,1178_马克思主义中国化_理论困境.md,马克思主义中国化 思潮,1827_马克思主义中国化_思潮.md,53.46,马克思恩格斯经典文本与哲学关系
马克思主义中国化 理论困境,1178_马克思主义中国化_理论困境.md,马克思主义中国化 重建,1828_马克思主义中国化_重建.md,53.46,马克思恩格斯经典文本与哲学关系
马克思主义中国化 理论困境,1178_马克思主义中国化_理论困境.md,邓小平理论 马克思主义中国化,0646_邓小平理论_马克思主义中国化.md,53.33,马克思恩格斯经典文本与哲学关系
马克思主义中国化 历史性飞跃,1179_马克思主义中国化_历史性飞跃.md,马克思主义中国化 第一次历史性飞跃,0499_马克思主义中国化_第一次历史性飞跃.md,57.19,马克思恩格斯经典文本与哲学关系
马克思主义中国化 历史性飞跃,1179_马克思主义中国化_历史性飞跃.md,马克思主义中国化 历史进程 经验,1802_马克思主义中国化_历史进程_经验.md,54.06,马克思恩格斯经典文本与哲学关系
马克思主义中国化 历史性飞跃,1179_马克思主义中国化_历史性飞跃.md,马克思主义中国化 历史进程 曲折复杂,1151_马克思主义中国化_历史进程_曲折复杂.md,52.5,马克思恩格斯经典文本与哲学关系
马克思主义中国化 历史性飞跃,1179_马克思主义中国化_历史性飞跃.md,马克思主义中国化 前瞻,1180_马克思主义中国化_前瞻.md,52.5,马克思恩格斯经典文本与哲学关系
马克思主义中国化 历史性飞跃,1179_马克思主义中国化_历史性飞跃.md,起源 马克思主义中国化,1761_起源_马克思主义中国化.md,52.5,马克思恩格斯经典文本与哲学关系
马克思主义中国化 前瞻,1180_马克思主义中国化_前瞻.md,起源 马克思主义中国化,1761_起源_马克思主义中国化.md,55.91,马克思恩格斯经典文本与哲学关系
马克思主义中国化 前瞻,1180_马克思主义中国化_前瞻.md,马克思主义中国化 思潮,1827_马克思主义中国化_思潮.md,55.91,马克思恩格斯经典文本与哲学关系
马克思主义中国化 前瞻,1180_马克思主义中国化_前瞻.md,马克思主义中国化 重建,1828_马克思主义中国化_重建.md,55.91,马克思恩格斯经典文本与哲学关系
马克思主义中国化 前瞻,1180_马克思主义中国化_前瞻.md,中国化思潮 马克思主义中国化,1618_中国化思潮_马克思主义中国化.md,54.58,马克思恩格斯经典文本与哲学关系
马克思主义中国化 前瞻,1180_马克思主义中国化_前瞻.md,马克思主义中国化 列宁主义,1810_马克思主义中国化_列宁主义.md,54.58,马克思恩格斯经典文本与哲学关系
马克思主义 哲学 政治经济学 科学社会主义,1181_马克思主义_哲学_政治经济学_科学社会主义.md,乌托邦社会主义 科学社会主义 转变,1184_乌托邦社会主义_科学社会主义_转变.md,35.68,政治经济学与资本主义批判
马克思主义 哲学 政治经济学 科学社会主义,1181_马克思主义_哲学_政治经济学_科学社会主义.md,劳动 政治经济学,1709_劳动_政治经济学.md,30.56,政治经济学与资本主义批判
马克思主义 哲学 政治经济学 科学社会主义,1181_马克思主义_哲学_政治经济学_科学社会主义.md,政治经济学 生产,1725_政治经济学_生产.md,30.56,政治经济学与资本主义批判
马克思主义 哲学 政治经济学 科学社会主义,1181_马克思主义_哲学_政治经济学_科学社会主义.md,马克思主义 哲学 社会科学 学科化,0918_马克思主义_哲学_社会科学_学科化.md,13.16,政治经济学与资本主义批判
马克思主义 哲学 政治经济学 科学社会主义,1181_马克思主义_哲学_政治经济学_科学社会主义.md,通俗宣传 马克思主义哲学 社会基础,1202_通俗宣传_马克思主义哲学_社会基础.md,9.09,政治经济学与资本主义批判
资本主义 生产社会化 私人占有 矛盾,1182_资本主义_生产社会化_私人占有_矛盾.md,生产 资本主义,1732_生产_资本主义.md,26.67,政治经济学与资本主义批判
资本主义 生产社会化 私人占有 矛盾,1182_资本主义_生产社会化_私人占有_矛盾.md,资本主义 生产方式 历史运动,1092_资本主义_生产方式_历史运动.md,26.25,政治经济学与资本主义批判
资本主义 生产社会化 私人占有 矛盾,1182_资本主义_生产社会化_私人占有_矛盾.md,生产方式 资本主义,1714_生产方式_资本主义.md,25.88,政治经济学与资本主义批判
资本主义 生产社会化 私人占有 矛盾,1182_资本主义_生产社会化_私人占有_矛盾.md,资本主义 社会主义 关系,1474_资本主义_社会主义_关系.md,25.56,政治经济学与资本主义批判
资本主义 生产社会化 私人占有 矛盾,1182_资本主义_生产社会化_私人占有_矛盾.md,社会主义 资本主义 辩证关系,1262_社会主义_资本主义_辩证关系.md,25.0,政治经济学与资本主义批判
无产阶级 独立政治力量 登上历史舞台,1183_无产阶级_独立政治力量_登上历史舞台.md,无产阶级 资产阶级,1705_无产阶级_资产阶级.md,24.41,其他待人工复核
无产阶级 独立政治力量 登上历史舞台,1183_无产阶级_独立政治力量_登上历史舞台.md,俄国 无产阶级,1712_俄国_无产阶级.md,24.41,其他待人工复核
无产阶级 独立政治力量 登上历史舞台,1183_无产阶级_独立政治力量_登上历史舞台.md,无产阶级 法国,1764_无产阶级_法国.md,24.41,其他待人工复核
无产阶级 独立政治力量 登上历史舞台,1183_无产阶级_独立政治力量_登上历史舞台.md,农民 无产阶级,1807_农民_无产阶级.md,24.41,其他待人工复核
无产阶级 独立政治力量 登上历史舞台,1183_无产阶级_独立政治力量_登上历史舞台.md,无产阶级 列宁,1839_无产阶级_列宁.md,24.41,其他待人工复核
乌托邦社会主义 科学社会主义 转变,1184_乌托邦社会主义_科学社会主义_转变.md,马克思主义 哲学 政治经济学 科学社会主义,1181_马克思主义_哲学_政治经济学_科学社会主义.md,35.68,自然科学哲学与科学方法
乌托邦社会主义 科学社会主义 转变,1184_乌托邦社会主义_科学社会主义_转变.md,新民主主义向社会主义 转变 哲学,0601_新民主主义向社会主义_转变_哲学.md,16.94,自然科学哲学与科学方法
乌托邦社会主义 科学社会主义 转变,1184_乌托邦社会主义_科学社会主义_转变.md,新民主主义向社会主义 转变 马克思主义哲学,0602_新民主主义向社会主义_转变_马克思主义哲学.md,15.68,自然科学哲学与科学方法
乌托邦社会主义 科学社会主义 转变,1184_乌托邦社会主义_科学社会主义_转变.md,毛泽东 共产主义 辩证唯物主义 转变,0577_毛泽东_共产主义_辩证唯物主义_转变.md,13.57,自然科学哲学与科学方法
乌托邦社会主义 科学社会主义 转变,1184_乌托邦社会主义_科学社会主义_转变.md,毛泽东 世界观 转变,0573_毛泽东_世界观_转变.md,11.47,自然科学哲学与科学方法
自然科学 三大发现 马克思主义哲学,1185_自然科学_三大发现_马克思主义哲学.md,马克思主义哲学 中国哲学,1823_马克思主义哲学_中国哲学.md,43.82,自然科学哲学与科学方法
自然科学 三大发现 马克思主义哲学,1185_自然科学_三大发现_马克思主义哲学.md,环境科学 生态哲学 马克思主义哲学,1225_环境科学_生态哲学_马克思主义哲学.md,43.75,自然科学哲学与科学方法
自然科学 三大发现 马克思主义哲学,1185_自然科学_三大发现_马克思主义哲学.md,李达 马克思主义哲学 研究,0267_李达_马克思主义哲学_研究.md,43.33,自然科学哲学与科学方法
自然科学 三大发现 马克思主义哲学,1185_自然科学_三大发现_马克思主义哲学.md,李达 马克思主义哲学 泰斗,0355_李达_马克思主义哲学_泰斗.md,43.33,自然科学哲学与科学方法
自然科学 三大发现 马克思主义哲学,1185_自然科学_三大发现_马克思主义哲学.md,马克思主义哲学 传播 苏联,0785_马克思主义哲学_传播_苏联.md,43.33,自然科学哲学与科学方法
细胞学 能量守恒 进化论 马克思主义哲学,1186_细胞学_能量守恒_进化论_马克思主义哲学.md,实践标准 讨论 马克思主义哲学,1226_实践标准_讨论_马克思主义哲学.md,43.33,马克思恩格斯经典文本与哲学关系
细胞学 能量守恒 进化论 马克思主义哲学,1186_细胞学_能量守恒_进化论_马克思主义哲学.md,马克思主义哲学 中国哲学,1823_马克思主义哲学_中国哲学.md,42.89,马克思恩格斯经典文本与哲学关系
细胞学 能量守恒 进化论 马克思主义哲学,1186_细胞学_能量守恒_进化论_马克思主义哲学.md,李达 马克思主义哲学 研究,0267_李达_马克思主义哲学_研究.md,42.5,马克思恩格斯经典文本与哲学关系
细胞学 能量守恒 进化论 马克思主义哲学,1186_细胞学_能量守恒_进化论_马克思主义哲学.md,李达 马克思主义哲学 泰斗,0355_李达_马克思主义哲学_泰斗.md,42.5,马克思恩格斯经典文本与哲学关系
细胞学 能量守恒 进化论 马克思主义哲学,1186_细胞学_能量守恒_进化论_马克思主义哲学.md,马克思主义哲学 传播 苏联,0785_马克思主义哲学_传播_苏联.md,42.5,马克思恩格斯经典文本与哲学关系
暴力革命 和平手段 马克思恩格斯,1187_暴力革命_和平手段_马克思恩格斯.md,德国 马克思恩格斯,1715_德国_马克思恩格斯.md,38.33,马克思恩格斯经典文本与哲学关系
暴力革命 和平手段 马克思恩格斯,1187_暴力革命_和平手段_马克思恩格斯.md,英国 马克思恩格斯,1735_英国_马克思恩格斯.md,38.33,马克思恩格斯经典文本与哲学关系
暴力革命 和平手段 马克思恩格斯,1187_暴力革命_和平手段_马克思恩格斯.md,列宁 马克思恩格斯,1780_列宁_马克思恩格斯.md,38.33,马克思恩格斯经典文本与哲学关系
暴力革命 和平手段 马克思恩格斯,1187_暴力革命_和平手段_马克思恩格斯.md,马克思恩格斯 马列著作,1763_马克思恩格斯_马列著作.md,37.35,马克思恩格斯经典文本与哲学关系
暴力革命 和平手段 马克思恩格斯,1187_暴力革命_和平手段_马克思恩格斯.md,马克思恩格斯 生平 思想 早期介绍,1286_马克思恩格斯_生平_思想_早期介绍.md,35.95,马克思恩格斯经典文本与哲学关系
大同学 马克思 社会主义,1188_大同学_马克思_社会主义.md,梁启超 马克思 社会主义,0223_梁启超_马克思_社会主义.md,47.5,马克思恩格斯经典文本与哲学关系
大同学 马克思 社会主义,1188_大同学_马克思_社会主义.md,梁启超 马克思 社会主义 介绍,0130_梁启超_马克思_社会主义_介绍.md,45.71,马克思恩格斯经典文本与哲学关系
大同学 马克思 社会主义,1188_大同学_马克思_社会主义.md,社会主义 神髓 马克思,1421_社会主义_神髓_马克思.md,45.42,马克思恩格斯经典文本与哲学关系
大同学 马克思 社会主义,1188_大同学_马克思_社会主义.md,马君武 社会主义 进化论 马克思,0089_马君武_社会主义_进化论_马克思.md,42.81,马克思恩格斯经典文本与哲学关系
大同学 马克思 社会主义,1188_大同学_马克思_社会主义.md,俄国 社会主义,1758_俄国_社会主义.md,26.82,马克思恩格斯经典文本与哲学关系
近世社会主义 马克思 学说,1189_近世社会主义_马克思_学说.md,社会主义 神髓 马克思,1421_社会主义_神髓_马克思.md,24.62,马克思恩格斯经典文本与哲学关系
近世社会主义 马克思 学说,1189_近世社会主义_马克思_学说.md,梁启超 中国之社会主义 马克思,0131_梁启超_中国之社会主义_马克思.md,24.38,马克思恩格斯经典文本与哲学关系
近世社会主义 马克思 学说,1189_近世社会主义_马克思_学说.md,梁启超 马克思 社会主义,0223_梁启超_马克思_社会主义.md,23.93,马克思恩格斯经典文本与哲学关系
近世社会主义 马克思 学说,1189_近世社会主义_马克思_学说.md,大同学 马克思 社会主义,1188_大同学_马克思_社会主义.md,23.93,马克思恩格斯经典文本与哲学关系
近世社会主义 马克思 学说,1189_近世社会主义_马克思_学说.md,社会主义神髓 马克思 中国,0088_社会主义神髓_马克思_中国.md,23.33,马克思恩格斯经典文本与哲学关系
民报 马克思 共产党宣言,1190_民报_马克思_共产党宣言.md,共产党宣言 马克思,1845_共产党宣言_马克思.md,55.0,马克思恩格斯经典文本与哲学关系
民报 马克思 共产党宣言,1190_民报_马克思_共产党宣言.md,共产党宣言,1848_共产党宣言.md,36.11,马克思恩格斯经典文本与哲学关系
民报 马克思 共产党宣言,1190_民报_马克思_共产党宣言.md,共产党宣言 阶级斗争,1662_共产党宣言_阶级斗争.md,32.69,马克思恩格斯经典文本与哲学关系
民报 马克思 共产党宣言,1190_民报_马克思_共产党宣言.md,共产党宣言 阶级斗争 历史,0029_共产党宣言_阶级斗争_历史.md,31.67,马克思恩格斯经典文本与哲学关系
民报 马克思 共产党宣言,1190_民报_马克思_共产党宣言.md,李提摩太 万国公报 马克思,0109_李提摩太_万国公报_马克思.md,19.69,马克思恩格斯经典文本与哲学关系
马克思主义 作为西方学理 介绍,1191_马克思主义_作为西方学理_介绍.md,梁启超 马克思 社会主义 介绍,0130_梁启超_马克思_社会主义_介绍.md,15.26,马克思恩格斯经典文本与哲学关系
马克思主义 作为西方学理 介绍,1191_马克思主义_作为西方学理_介绍.md,杜威 思想 介绍,1404_杜威_思想_介绍.md,11.56,马克思恩格斯经典文本与哲学关系
马克思主义 作为西方学理 介绍,1191_马克思主义_作为西方学理_介绍.md,罗素 思想 介绍,1406_罗素_思想_介绍.md,11.56,马克思恩格斯经典文本与哲学关系
马克思主义 作为西方学理 介绍,1191_马克思主义_作为西方学理_介绍.md,柏格森 思想 介绍,1405_柏格森_思想_介绍.md,11.47,马克思恩格斯经典文本与哲学关系
马克思主义 作为西方学理 介绍,1191_马克思主义_作为西方学理_介绍.md,王国维 德国思想 介绍,1392_王国维_德国思想_介绍.md,11.32,马克思恩格斯经典文本与哲学关系
20世纪初叶 社会政治态势 思想取向,1192_20世纪初叶_社会政治态势_思想取向.md,中国共产主义者 思想取向 马克思主义,1193_中国共产主义者_思想取向_马克思主义.md,22.88,其他待人工复核
中国共产主义者 思想取向 马克思主义,1193_中国共产主义者_思想取向_马克思主义.md,20世纪初叶 社会政治态势 思想取向,1192_20世纪初叶_社会政治态势_思想取向.md,22.88,马克思恩格斯经典文本与哲学关系
中国共产主义者 思想取向 马克思主义,1193_中国共产主义者_思想取向_马克思主义.md,早期共产主义者 马克思主义 中国革命,0292_早期共产主义者_马克思主义_中国革命.md,10.0,马克思恩格斯经典文本与哲学关系
中国共产主义者 思想取向 马克思主义,1193_中国共产主义者_思想取向_马克思主义.md,中国马克思主义 马克思主义者,1788_中国马克思主义_马克思主义者.md,9.38,马克思恩格斯经典文本与哲学关系
中国共产主义者 思想取向 马克思主义,1193_中国共产主义者_思想取向_马克思主义.md,俄国味道 马克思主义 中国共产党,0849_俄国味道_马克思主义_中国共产党.md,8.75,马克思恩格斯经典文本与哲学关系
中国共产主义者 思想取向 马克思主义,1193_中国共产主义者_思想取向_马克思主义.md,中国共产党 马克思主义中国化 起点,1114_中国共产党_马克思主义中国化_起点.md,8.75,马克思恩格斯经典文本与哲学关系
高语罕 马克思主义哲学 通俗宣传,1194_高语罕_马克思主义哲学_通俗宣传.md,胡绳 马克思主义哲学 通俗宣传,0456_胡绳_马克思主义哲学_通俗宣传.md,71.67,新哲学大众化运动
高语罕 马克思主义哲学 通俗宣传,1194_高语罕_马克思主义哲学_通俗宣传.md,陈唯实 马克思主义哲学 通俗宣传,0294_陈唯实_马克思主义哲学_通俗宣传.md,70.62,新哲学大众化运动
高语罕 马克思主义哲学 通俗宣传,1194_高语罕_马克思主义哲学_通俗宣传.md,马克思主义哲学 通俗宣传 贡献评价,1198_马克思主义哲学_通俗宣传_贡献评价.md,69.71,新哲学大众化运动
高语罕 马克思主义哲学 通俗宣传,1194_高语罕_马克思主义哲学_通俗宣传.md,通俗宣传 马克思主义哲学 社会基础,1202_通俗宣传_马克思主义哲学_社会基础.md,67.5,新哲学大众化运动
高语罕 马克思主义哲学 通俗宣传,1194_高语罕_马克思主义哲学_通俗宣传.md,陈独秀 马克思主义哲学 宣传,0306_陈独秀_马克思主义哲学_宣传.md,45.29,新哲学大众化运动
高语罕 白话书信 马克思主义大众化,1195_高语罕_白话书信_马克思主义大众化.md,延安时期 马克思主义大众化,1700_延安时期_马克思主义大众化.md,49.72,新哲学大众化运动
高语罕 白话书信 马克思主义大众化,1195_高语罕_白话书信_马克思主义大众化.md,知识分子 马克思主义大众化,1701_知识分子_马克思主义大众化.md,49.72,新哲学大众化运动
高语罕 白话书信 马克思主义大众化,1195_高语罕_白话书信_马克思主义大众化.md,高语罕 马克思主义哲学 通俗宣传,1194_高语罕_马克思主义哲学_通俗宣传.md,22.14,新哲学大众化运动
高语罕 白话书信 马克思主义大众化,1195_高语罕_白话书信_马克思主义大众化.md,高语罕 青年书信 社会时政,1197_高语罕_青年书信_社会时政.md,18.57,新哲学大众化运动
高语罕 白话书信 马克思主义大众化,1195_高语罕_白话书信_马克思主义大众化.md,马克思主义哲学 哲学大众化,1813_马克思主义哲学_哲学大众化.md,8.33,新哲学大众化运动
理论与实践 书信体 辩证法唯物论,1196_理论与实践_书信体_辩证法唯物论.md,辩证法唯物论 入门 战斗性,1461_辩证法唯物论_入门_战斗性.md,36.94,哲学基本范畴与辩证法原理
理论与实践 书信体 辩证法唯物论,1196_理论与实践_书信体_辩证法唯物论.md,辩证法唯物论 毛泽东哲学,1821_辩证法唯物论_毛泽东哲学.md,36.94,哲学基本范畴与辩证法原理
理论与实践 书信体 辩证法唯物论,1196_理论与实践_书信体_辩证法唯物论.md,社会斗争 武器 辩证法唯物论,1462_社会斗争_武器_辩证法唯物论.md,36.58,哲学基本范畴与辩证法原理
理论与实践 书信体 辩证法唯物论,1196_理论与实践_书信体_辩证法唯物论.md,辩证法唯物论 思想 发展情况,1584_辩证法唯物论_思想_发展情况.md,36.58,哲学基本范畴与辩证法原理
理论与实践 书信体 辩证法唯物论,1196_理论与实践_书信体_辩证法唯物论.md,辩证法唯物论 社会历史 研究,1596_辩证法唯物论_社会历史_研究.md,36.58,哲学基本范畴与辩证法原理
高语罕 青年书信 社会时政,1197_高语罕_青年书信_社会时政.md,高语罕 白话书信 马克思主义大众化,1195_高语罕_白话书信_马克思主义大众化.md,18.57,青年教育与人生观
高语罕 青年书信 社会时政,1197_高语罕_青年书信_社会时政.md,高语罕 马克思主义哲学 通俗宣传,1194_高语罕_马克思主义哲学_通俗宣传.md,17.38,青年教育与人生观
马克思主义哲学 通俗宣传 贡献评价,1198_马克思主义哲学_通俗宣传_贡献评价.md,胡绳 马克思主义哲学 通俗宣传,0456_胡绳_马克思主义哲学_通俗宣传.md,70.62,新哲学大众化运动
马克思主义哲学 通俗宣传 贡献评价,1198_马克思主义哲学_通俗宣传_贡献评价.md,陈唯实 马克思主义哲学 通俗宣传,0294_陈唯实_马克思主义哲学_通俗宣传.md,69.71,新哲学大众化运动
马克思主义哲学 通俗宣传 贡献评价,1198_马克思主义哲学_通俗宣传_贡献评价.md,高语罕 马克思主义哲学 通俗宣传,1194_高语罕_马克思主义哲学_通俗宣传.md,69.71,新哲学大众化运动
马克思主义哲学 通俗宣传 贡献评价,1198_马克思主义哲学_通俗宣传_贡献评价.md,通俗宣传 马克思主义哲学 社会基础,1202_通俗宣传_马克思主义哲学_社会基础.md,66.84,新哲学大众化运动
马克思主义哲学 通俗宣传 贡献评价,1198_马克思主义哲学_通俗宣传_贡献评价.md,陈独秀 马克思主义哲学 宣传,0306_陈独秀_马克思主义哲学_宣传.md,44.72,新哲学大众化运动
哲学大众化 通俗宣传 理论意义,1199_哲学大众化_通俗宣传_理论意义.md,胡绳 哲学大众化,1634_胡绳_哲学大众化.md,32.14,新哲学大众化运动
哲学大众化 通俗宣传 理论意义,1199_哲学大众化_通俗宣传_理论意义.md,哲学大众化 新哲学,1706_哲学大众化_新哲学.md,32.14,新哲学大众化运动
哲学大众化 通俗宣传 理论意义,1199_哲学大众化_通俗宣传_理论意义.md,哲学大众化 艾思奇,1746_哲学大众化_艾思奇.md,31.67,新哲学大众化运动
哲学大众化 通俗宣传 理论意义,1199_哲学大众化_通俗宣传_理论意义.md,哲学大众化 问题 提出,1300_哲学大众化_问题_提出.md,31.25,新哲学大众化运动
哲学大众化 通俗宣传 理论意义,1199_哲学大众化_通俗宣传_理论意义.md,哲学大众化 新哲学运动,1630_哲学大众化_新哲学运动.md,31.25,新哲学大众化运动
马克思主义哲学 大众化 中国化,1200_马克思主义哲学_大众化_中国化.md,艾思奇 马克思主义哲学 大众化 中国化,0395_艾思奇_马克思主义哲学_大众化_中国化.md,85.0,新哲学大众化运动
马克思主义哲学 大众化 中国化,1200_马克思主义哲学_大众化_中国化.md,大众哲学 马克思主义哲学 大众化,0360_大众哲学_马克思主义哲学_大众化.md,66.07,新哲学大众化运动
马克思主义哲学 大众化 中国化,1200_马克思主义哲学_大众化_中国化.md,马克思主义哲学 大众化 胡绳,1814_马克思主义哲学_大众化_胡绳.md,66.07,新哲学大众化运动
马克思主义哲学 大众化 中国化,1200_马克思主义哲学_大众化_中国化.md,艾思奇 马克思主义哲学 大众化,0358_艾思奇_马克思主义哲学_大众化.md,65.0,新哲学大众化运动
马克思主义哲学 大众化 中国化,1200_马克思主义哲学_大众化_中国化.md,李达 马克思主义哲学 中国化,0301_李达_马克思主义哲学_中国化.md,63.33,新哲学大众化运动
马克思主义哲学 与社会生活 联系,1201_马克思主义哲学_与社会生活_联系.md,马克思主义哲学 20世纪中国哲学 联系,0727_马克思主义哲学_20世纪中国哲学_联系.md,53.33,马克思恩格斯经典文本与哲学关系
马克思主义哲学 与社会生活 联系,1201_马克思主义哲学_与社会生活_联系.md,马克思主义哲学 中国 社会实践,1017_马克思主义哲学_中国_社会实践.md,44.72,马克思恩格斯经典文本与哲学关系
马克思主义哲学 与社会生活 联系,1201_马克思主义哲学_与社会生活_联系.md,马克思主义哲学 中国哲学,1823_马克思主义哲学_中国哲学.md,44.38,马克思恩格斯经典文本与哲学关系
马克思主义哲学 与社会生活 联系,1201_马克思主义哲学_与社会生活_联系.md,中国社会史 论战 马克思主义哲学,0228_中国社会史_论战_马克思主义哲学.md,44.21,马克思恩格斯经典文本与哲学关系
马克思主义哲学 与社会生活 联系,1201_马克思主义哲学_与社会生活_联系.md,李达 社会学大纲 马克思主义哲学,0323_李达_社会学大纲_马克思主义哲学.md,44.21,马克思恩格斯经典文本与哲学关系
通俗宣传 马克思主义哲学 社会基础,1202_通俗宣传_马克思主义哲学_社会基础.md,胡绳 马克思主义哲学 通俗宣传,0456_胡绳_马克思主义哲学_通俗宣传.md,68.24,新哲学大众化运动
通俗宣传 马克思主义哲学 社会基础,1202_通俗宣传_马克思主义哲学_社会基础.md,陈唯实 马克思主义哲学 通俗宣传,0294_陈唯实_马克思主义哲学_通俗宣传.md,67.5,新哲学大众化运动
通俗宣传 马克思主义哲学 社会基础,1202_通俗宣传_马克思主义哲学_社会基础.md,高语罕 马克思主义哲学 通俗宣传,1194_高语罕_马克思主义哲学_通俗宣传.md,67.5,新哲学大众化运动
通俗宣传 马克思主义哲学 社会基础,1202_通俗宣传_马克思主义哲学_社会基础.md,马克思主义哲学 通俗宣传 贡献评价,1198_马克思主义哲学_通俗宣传_贡献评价.md,66.84,新哲学大众化运动
通俗宣传 马克思主义哲学 社会基础,1202_通俗宣传_马克思主义哲学_社会基础.md,陈独秀 马克思主义哲学 宣传,0306_陈独秀_马克思主义哲学_宣传.md,44.72,新哲学大众化运动
红军游击战争 战略战术 哲学,1204_红军游击战争_战略战术_哲学.md,人民战争 战略战术 原则,1217_人民战争_战略战术_原则.md,28.33,民族国家与国际关系
红军游击战争 战略战术 哲学,1204_红军游击战争_战略战术_哲学.md,人民战争 战略战术 辩证法,1324_人民战争_战略战术_辩证法.md,27.81,民族国家与国际关系
红军游击战争 战略战术 哲学,1204_红军游击战争_战略战术_哲学.md,战略战术 辩证法 毛泽东,0587_战略战术_辩证法_毛泽东.md,24.41,民族国家与国际关系
根据地 政权建设 经济建设 文化建设,1205_根据地_政权建设_经济建设_文化建设.md,列宁 经济建设 文化建设 政治建设,0892_列宁_经济建设_文化建设_政治建设.md,48.82,中国革命道路与党的思想建设
根据地 政权建设 经济建设 文化建设,1205_根据地_政权建设_经济建设_文化建设.md,革命根据地 政权建设 局部执政,1143_革命根据地_政权建设_局部执政.md,28.33,中国革命道路与党的思想建设
根据地 政权建设 经济建设 文化建设,1205_根据地_政权建设_经济建设_文化建设.md,文化建设,2020_文化建设.md,26.25,中国革命道路与党的思想建设
根据地 政权建设 经济建设 文化建设,1205_根据地_政权建设_经济建设_文化建设.md,毛泽东 文化观 文化建设,0631_毛泽东_文化观_文化建设.md,24.41,中国革命道路与党的思想建设
根据地 政权建设 经济建设 文化建设,1205_根据地_政权建设_经济建设_文化建设.md,工作重心 经济建设 管理俄国,0876_工作重心_经济建设_管理俄国.md,23.75,中国革命道路与党的思想建设
延安时期 马克思主义哲学 创作 宣讲,1206_延安时期_马克思主义哲学_创作_宣讲.md,马克思主义哲学 哲学大众化 延安时期,1792_马克思主义哲学_哲学大众化_延安时期.md,66.84,马克思恩格斯经典文本与哲学关系
延安时期 马克思主义哲学 创作 宣讲,1206_延安时期_马克思主义哲学_创作_宣讲.md,五四时期 马克思主义哲学 传播,0143_五四时期_马克思主义哲学_传播.md,46.11,马克思恩格斯经典文本与哲学关系
延安时期 马克思主义哲学 创作 宣讲,1206_延安时期_马克思主义哲学_创作_宣讲.md,改革开放时期 马克思主义哲学 新发展,0664_改革开放时期_马克思主义哲学_新发展.md,44.52,马克思恩格斯经典文本与哲学关系
延安时期 马克思主义哲学 创作 宣讲,1206_延安时期_马克思主义哲学_创作_宣讲.md,马克思主义哲学 中国哲学,1823_马克思主义哲学_中国哲学.md,43.82,马克思恩格斯经典文本与哲学关系
延安时期 马克思主义哲学 创作 宣讲,1206_延安时期_马克思主义哲学_创作_宣讲.md,李达 马克思主义哲学 研究,0267_李达_马克思主义哲学_研究.md,43.33,马克思恩格斯经典文本与哲学关系
哲学理论 政治实践 密切联系,1207_哲学理论_政治实践_密切联系.md,邓小平 哲学理论 当代形态,0656_邓小平_哲学理论_当代形态.md,24.17,哲学基本范畴与辩证法原理
哲学理论 政治实践 密切联系,1207_哲学理论_政治实践_密切联系.md,哲学理论 发展 人文化倾向,1014_哲学理论_发展_人文化倾向.md,24.17,哲学基本范畴与辩证法原理
辩证法唯物论 无产阶级革命 武器,1208_辩证法唯物论_无产阶级革命_武器.md,社会斗争 武器 辩证法唯物论,1462_社会斗争_武器_辩证法唯物论.md,48.33,阶级斗争与社会革命理论
辩证法唯物论 无产阶级革命 武器,1208_辩证法唯物论_无产阶级革命_武器.md,辩证法唯物论 入门 战斗性,1461_辩证法唯物论_入门_战斗性.md,36.94,阶级斗争与社会革命理论
辩证法唯物论 无产阶级革命 武器,1208_辩证法唯物论_无产阶级革命_武器.md,辩证法唯物论 毛泽东哲学,1821_辩证法唯物论_毛泽东哲学.md,36.94,阶级斗争与社会革命理论
辩证法唯物论 无产阶级革命 武器,1208_辩证法唯物论_无产阶级革命_武器.md,辩证法唯物论 思想 发展情况,1584_辩证法唯物论_思想_发展情况.md,36.58,阶级斗争与社会革命理论
辩证法唯物论 无产阶级革命 武器,1208_辩证法唯物论_无产阶级革命_武器.md,辩证法唯物论 社会历史 研究,1596_辩证法唯物论_社会历史_研究.md,36.58,阶级斗争与社会革命理论
调查研究 认识中国 改造中国,1210_调查研究_认识中国_改造中国.md,调查研究 实事求是 认识论,0608_调查研究_实事求是_认识论.md,26.25,实事求是与群众路线
调查研究 认识中国 改造中国,1210_调查研究_认识中国_改造中国.md,调查研究 毛泽东 哲学,0550_调查研究_毛泽东_哲学.md,25.0,实事求是与群众路线
调查研究 认识中国 改造中国,1210_调查研究_认识中国_改造中国.md,毛泽东 调查研究 特点,0586_毛泽东_调查研究_特点.md,25.0,实事求是与群众路线
主观主义 教条主义 批判,1211_主观主义_教条主义_批判.md,主观主义 教条主义 经验主义,1338_主观主义_教条主义_经验主义.md,53.64,苏联哲学教条化与斯大林
主观主义 教条主义 批判,1211_主观主义_教条主义_批判.md,经验主义 主观主义 批判,1212_经验主义_主观主义_批判.md,31.36,苏联哲学教条化与斯大林
主观主义 教条主义 批判,1211_主观主义_教条主义_批判.md,主观主义 经验主义 批判,1464_主观主义_经验主义_批判.md,31.36,苏联哲学教条化与斯大林
主观主义 教条主义 批判,1211_主观主义_教条主义_批判.md,民粹主义 主观主义 批判,1588_民粹主义_主观主义_批判.md,31.36,苏联哲学教条化与斯大林
主观主义 教条主义 批判,1211_主观主义_教条主义_批判.md,公式化 主观主义 陈独秀,0322_公式化_主观主义_陈独秀.md,25.36,苏联哲学教条化与斯大林
经验主义 主观主义 批判,1212_经验主义_主观主义_批判.md,主观主义 经验主义 批判,1464_主观主义_经验主义_批判.md,59.44,哲学基本范畴与辩证法原理
经验主义 主观主义 批判,1212_经验主义_主观主义_批判.md,主观主义 教条主义 经验主义,1338_主观主义_教条主义_经验主义.md,50.42,哲学基本范畴与辩证法原理
经验主义 主观主义 批判,1212_经验主义_主观主义_批判.md,民粹主义 主观主义 批判,1588_民粹主义_主观主义_批判.md,35.0,哲学基本范畴与辩证法原理
经验主义 主观主义 批判,1212_经验主义_主观主义_批判.md,主观主义 教条主义 批判,1211_主观主义_教条主义_批判.md,31.36,哲学基本范畴与辩证法原理
经验主义 主观主义 批判,1212_经验主义_主观主义_批判.md,公式化 主观主义 陈独秀,0322_公式化_主观主义_陈独秀.md,25.36,哲学基本范畴与辩证法原理
思想方法 工作方法 哲学,1213_思想方法_工作方法_哲学.md,领导方法 工作方法 概括,1363_领导方法_工作方法_概括.md,28.33,思想方法与世界观教育
思想方法 工作方法 哲学,1213_思想方法_工作方法_哲学.md,领导方法 工作方法 毛泽东,0554_领导方法_工作方法_毛泽东.md,27.69,思想方法与世界观教育
思想方法 工作方法 哲学,1213_思想方法_工作方法_哲学.md,世界观 方法论 思想方法,1544_世界观_方法论_思想方法.md,25.77,思想方法与世界观教育
思想方法 工作方法 哲学,1213_思想方法_工作方法_哲学.md,胡适 实用主义 思想方法,0471_胡适_实用主义_思想方法.md,25.36,思想方法与世界观教育
思想方法 工作方法 哲学,1213_思想方法_工作方法_哲学.md,数学逻辑 笛卡尔 思想方法,1400_数学逻辑_笛卡尔_思想方法.md,25.0,思想方法与世界观教育
理论与实际 统一 学风,1214_理论与实际_统一_学风.md,整风 学风 党风 文风,1337_整风_学风_党风_文风.md,11.79,哲学基本范畴与辩证法原理
理论与实际 统一 学风,1214_理论与实际_统一_学风.md,马克思主义 学风 中国化,1215_马克思主义_学风_中国化.md,11.56,哲学基本范畴与辩证法原理
马克思主义 学风 中国化,1215_马克思主义_学风_中国化.md,马克思主义 中国化 现实化,1335_马克思主义_中国化_现实化.md,26.54,马克思恩格斯经典文本与哲学关系
马克思主义 学风 中国化,1215_马克思主义_学风_中国化.md,教条化 马克思主义 中国化,1435_教条化_马克思主义_中国化.md,26.54,马克思恩格斯经典文本与哲学关系
马克思主义 学风 中国化,1215_马克思主义_学风_中国化.md,李达 马克思主义哲学 中国化,0301_李达_马克思主义哲学_中国化.md,25.71,马克思恩格斯经典文本与哲学关系
马克思主义 学风 中国化,1215_马克思主义_学风_中国化.md,马克思主义 中国化 漫长 曲折,1398_马克思主义_中国化_漫长_曲折.md,25.71,马克思恩格斯经典文本与哲学关系
马克思主义 学风 中国化,1215_马克思主义_学风_中国化.md,马克思主义哲学 中国化 历程,1413_马克思主义哲学_中国化_历程.md,25.71,马克思恩格斯经典文本与哲学关系
战争 政治 经济 关系,1216_战争_政治_经济_关系.md,战争 政治 革命,1323_战争_政治_革命.md,18.33,民族国家与国际关系
战争 政治 经济 关系,1216_战争_政治_经济_关系.md,战争 主观 客观 关系,1322_战争_主观_客观_关系.md,14.17,民族国家与国际关系
战争 政治 经济 关系,1216_战争_政治_经济_关系.md,战争 全局 局部 相互关系,1314_战争_全局_局部_相互关系.md,13.57,民族国家与国际关系
战争 政治 经济 关系,1216_战争_政治_经济_关系.md,帝国主义 战争,1720_帝国主义_战争.md,12.27,民族国家与国际关系
战争 政治 经济 关系,1216_战争_政治_经济_关系.md,科学 玄学 战争 历史,0205_科学_玄学_战争_历史.md,11.92,民族国家与国际关系
人民战争 战略战术 原则,1217_人民战争_战略战术_原则.md,人民战争 战略战术 辩证法,1324_人民战争_战略战术_辩证法.md,54.58,民族国家与国际关系
人民战争 战略战术 原则,1217_人民战争_战略战术_原则.md,红军游击战争 战略战术 哲学,1204_红军游击战争_战略战术_哲学.md,28.33,民族国家与国际关系
人民战争 战略战术 原则,1217_人民战争_战略战术_原则.md,人民战争 思想 毛泽东,0557_人民战争_思想_毛泽东.md,25.36,民族国家与国际关系
人民战争 战略战术 原则,1217_人民战争_战略战术_原则.md,战略战术 辩证法 毛泽东,0587_战略战术_辩证法_毛泽东.md,25.0,民族国家与国际关系
亡国论 速胜论 批判,1218_亡国论_速胜论_批判.md,亡国论 速胜论 认识论根源,1321_亡国论_速胜论_认识论根源.md,40.42,毛泽东军事辩证法与战略思想
持久战 主观客观 条件,1219_持久战_主观客观_条件.md,战争 主观 客观 关系,1322_战争_主观_客观_关系.md,6.25,哲学基本范畴与辩证法原理
持久战 主观客观 条件,1219_持久战_主观客观_条件.md,知行 主观 客观 关系,1506_知行_主观_客观_关系.md,6.25,哲学基本范畴与辩证法原理
持久战 主观客观 条件,1219_持久战_主观客观_条件.md,论持久战,1949_论持久战.md,5.56,哲学基本范畴与辩证法原理
主动 被动 军事辩证法,1220_主动_被动_军事辩证法.md,主动 被动 辩证法,1328_主动_被动_辩证法.md,33.89,毛泽东军事辩证法与战略思想
主动 被动 军事辩证法,1220_主动_被动_军事辩证法.md,内线 外线 军事辩证法,1221_内线_外线_军事辩证法.md,33.33,毛泽东军事辩证法与战略思想
主动 被动 军事辩证法,1220_主动_被动_军事辩证法.md,防御 进攻 军事辩证法,1222_防御_进攻_军事辩证法.md,33.33,毛泽东军事辩证法与战略思想
主动 被动 军事辩证法,1220_主动_被动_军事辩证法.md,自然辩证法,1867_自然辩证法.md,5.0,毛泽东军事辩证法与战略思想
内线 外线 军事辩证法,1221_内线_外线_军事辩证法.md,内线 外线 辩证法,1327_内线_外线_辩证法.md,33.89,毛泽东军事辩证法与战略思想
内线 外线 军事辩证法,1221_内线_外线_军事辩证法.md,主动 被动 军事辩证法,1220_主动_被动_军事辩证法.md,33.33,毛泽东军事辩证法与战略思想
内线 外线 军事辩证法,1221_内线_外线_军事辩证法.md,防御 进攻 军事辩证法,1222_防御_进攻_军事辩证法.md,33.33,毛泽东军事辩证法与战略思想
内线 外线 军事辩证法,1221_内线_外线_军事辩证法.md,自然辩证法,1867_自然辩证法.md,5.0,毛泽东军事辩证法与战略思想
防御 进攻 军事辩证法,1222_防御_进攻_军事辩证法.md,主动 被动 军事辩证法,1220_主动_被动_军事辩证法.md,33.33,毛泽东军事辩证法与战略思想
防御 进攻 军事辩证法,1222_防御_进攻_军事辩证法.md,内线 外线 军事辩证法,1221_内线_外线_军事辩证法.md,33.33,毛泽东军事辩证法与战略思想
防御 进攻 军事辩证法,1222_防御_进攻_军事辩证法.md,进攻 防御 辩证法,1325_进攻_防御_辩证法.md,30.0,毛泽东军事辩证法与战略思想
防御 进攻 军事辩证法,1222_防御_进攻_军事辩证法.md,自然辩证法,1867_自然辩证法.md,5.0,毛泽东军事辩证法与战略思想
社会发展史 历史唯物主义 宣传,1223_社会发展史_历史唯物主义_宣传.md,社会发展史 历史唯物主义 学习运动,1342_社会发展史_历史唯物主义_学习运动.md,70.62,哲学基本范畴与辩证法原理
社会发展史 历史唯物主义 宣传,1223_社会发展史_历史唯物主义_宣传.md,社会发展史 历史唯物论 学习,1036_社会发展史_历史唯物论_学习.md,38.33,哲学基本范畴与辩证法原理
社会发展史 历史唯物主义 宣传,1223_社会发展史_历史唯物主义_宣传.md,历史唯物主义 辩证唯物主义,1707_历史唯物主义_辩证唯物主义.md,38.33,哲学基本范畴与辩证法原理
社会发展史 历史唯物主义 宣传,1223_社会发展史_历史唯物主义_宣传.md,历史唯物主义 研讨 争论,0978_历史唯物主义_研讨_争论.md,37.81,哲学基本范畴与辩证法原理
社会发展史 历史唯物主义 宣传,1223_社会发展史_历史唯物主义_宣传.md,历史唯物主义 辩证唯物主义 列宁,1800_历史唯物主义_辩证唯物主义_列宁.md,37.35,哲学基本范畴与辩证法原理
马克思主义哲学 教学 研究 宣传,1224_马克思主义哲学_教学_研究_宣传.md,陈独秀 马克思主义哲学 宣传,0306_陈独秀_马克思主义哲学_宣传.md,55.94,马克思恩格斯经典文本与哲学关系
马克思主义哲学 教学 研究 宣传,1224_马克思主义哲学_教学_研究_宣传.md,瞿秋白 马克思主义哲学 宣传,0310_瞿秋白_马克思主义哲学_宣传.md,55.94,马克思恩格斯经典文本与哲学关系
马克思主义哲学 教学 研究 宣传,1224_马克思主义哲学_教学_研究_宣传.md,陈独秀 马克思主义哲学 宣传 运用,0354_陈独秀_马克思主义哲学_宣传_运用.md,54.72,马克思恩格斯经典文本与哲学关系
马克思主义哲学 教学 研究 宣传,1224_马克思主义哲学_教学_研究_宣传.md,李达 马克思主义哲学 研究,0267_李达_马克思主义哲学_研究.md,49.29,马克思恩格斯经典文本与哲学关系
马克思主义哲学 教学 研究 宣传,1224_马克思主义哲学_教学_研究_宣传.md,马克思主义哲学 教科书 启示,1815_马克思主义哲学_教科书_启示.md,45.94,马克思恩格斯经典文本与哲学关系
环境科学 生态哲学 马克思主义哲学,1225_环境科学_生态哲学_马克思主义哲学.md,大众哲学 马克思主义哲学 大众化,0360_大众哲学_马克思主义哲学_大众化.md,45.29,马克思恩格斯经典文本与哲学关系
环境科学 生态哲学 马克思主义哲学,1225_环境科学_生态哲学_马克思主义哲学.md,价值观 价值哲学 马克思主义哲学,1045_价值观_价值哲学_马克思主义哲学.md,45.29,马克思恩格斯经典文本与哲学关系
环境科学 生态哲学 马克思主义哲学,1225_环境科学_生态哲学_马克思主义哲学.md,冯友兰 新理学 马克思主义哲学,0763_冯友兰_新理学_马克思主义哲学.md,44.72,马克思恩格斯经典文本与哲学关系
环境科学 生态哲学 马克思主义哲学,1225_环境科学_生态哲学_马克思主义哲学.md,马克思哲学 马克思主义哲学 关系论争,1069_马克思哲学_马克思主义哲学_关系论争.md,44.72,马克思恩格斯经典文本与哲学关系
环境科学 生态哲学 马克思主义哲学,1225_环境科学_生态哲学_马克思主义哲学.md,马克思主义哲学 中国哲学,1823_马克思主义哲学_中国哲学.md,44.38,马克思恩格斯经典文本与哲学关系
实践标准 讨论 马克思主义哲学,1226_实践标准_讨论_马克思主义哲学.md,实践 地位 马克思主义哲学,1072_实践_地位_马克思主义哲学.md,46.67,马克思恩格斯经典文本与哲学关系
实践标准 讨论 马克思主义哲学,1226_实践标准_讨论_马克思主义哲学.md,马克思主义哲学 中国 社会实践,1017_马克思主义哲学_中国_社会实践.md,45.29,马克思恩格斯经典文本与哲学关系
实践标准 讨论 马克思主义哲学,1226_实践标准_讨论_马克思主义哲学.md,马克思主义哲学 中国哲学,1823_马克思主义哲学_中国哲学.md,45.0,马克思恩格斯经典文本与哲学关系
实践标准 讨论 马克思主义哲学,1226_实践标准_讨论_马克思主义哲学.md,李达 马克思主义哲学 研究,0267_李达_马克思主义哲学_研究.md,44.38,马克思恩格斯经典文本与哲学关系
实践标准 讨论 马克思主义哲学,1226_实践标准_讨论_马克思主义哲学.md,李达 马克思主义哲学 泰斗,0355_李达_马克思主义哲学_泰斗.md,44.38,马克思恩格斯经典文本与哲学关系
马克思主义哲学 分支化 专门化,1227_马克思主义哲学_分支化_专门化.md,马克思主义哲学 分支学科 产生,0934_马克思主义哲学_分支学科_产生.md,47.5,马克思恩格斯经典文本与哲学关系
马克思主义哲学 分支化 专门化,1227_马克思主义哲学_分支化_专门化.md,马克思主义哲学 中国哲学,1823_马克思主义哲学_中国哲学.md,45.0,马克思恩格斯经典文本与哲学关系
马克思主义哲学 分支化 专门化,1227_马克思主义哲学_分支化_专门化.md,李达 马克思主义哲学 研究,0267_李达_马克思主义哲学_研究.md,44.38,马克思恩格斯经典文本与哲学关系
马克思主义哲学 分支化 专门化,1227_马克思主义哲学_分支化_专门化.md,李达 马克思主义哲学 泰斗,0355_李达_马克思主义哲学_泰斗.md,44.38,马克思恩格斯经典文本与哲学关系
马克思主义哲学 分支化 专门化,1227_马克思主义哲学_分支化_专门化.md,马克思主义哲学 传播 苏联,0785_马克思主义哲学_传播_苏联.md,44.38,马克思恩格斯经典文本与哲学关系
马克思主义哲学 中国文化传统 结合,1228_马克思主义哲学_中国文化传统_结合.md,马克思主义哲学 中国哲学传统 结合,0726_马克思主义哲学_中国哲学传统_结合.md,52.19,马克思主义哲学与中国文化传统结合
马克思主义哲学 中国文化传统 结合,1228_马克思主义哲学_中国文化传统_结合.md,马克思主义哲学 中国优秀传统 结合,1416_马克思主义哲学_中国优秀传统_结合.md,51.18,马克思主义哲学与中国文化传统结合
马克思主义哲学 中国文化传统 结合,1228_马克思主义哲学_中国文化传统_结合.md,马克思主义哲学 中国文化身份,0723_马克思主义哲学_中国文化身份.md,50.62,马克思主义哲学与中国文化传统结合
马克思主义哲学 中国文化传统 结合,1228_马克思主义哲学_中国文化传统_结合.md,马克思主义哲学 中国传统哲学 结合,1417_马克思主义哲学_中国传统哲学_结合.md,49.71,马克思主义哲学与中国文化传统结合
马克思主义哲学 中国文化传统 结合,1228_马克思主义哲学_中国文化传统_结合.md,马克思主义哲学 中国哲学 结合,0765_马克思主义哲学_中国哲学_结合.md,49.06,马克思主义哲学与中国文化传统结合
马克思主义哲学 中国古代哲学 局限,1229_马克思主义哲学_中国古代哲学_局限.md,马克思主义哲学 中国哲学,1823_马克思主义哲学_中国哲学.md,49.29,马克思恩格斯经典文本与哲学关系
马克思主义哲学 中国古代哲学 局限,1229_马克思主义哲学_中国古代哲学_局限.md,李达 马克思主义哲学 中国化,0301_李达_马克思主义哲学_中国化.md,47.5,马克思恩格斯经典文本与哲学关系
马克思主义哲学 中国古代哲学 局限,1229_马克思主义哲学_中国古代哲学_局限.md,马克思主义哲学 中国哲学 结合,0765_马克思主义哲学_中国哲学_结合.md,47.5,马克思恩格斯经典文本与哲学关系
马克思主义哲学 中国古代哲学 局限,1229_马克思主义哲学_中国古代哲学_局限.md,马克思主义哲学 中国化 历程,1413_马克思主义哲学_中国化_历程.md,47.5,马克思恩格斯经典文本与哲学关系
马克思主义哲学 中国古代哲学 局限,1229_马克思主义哲学_中国古代哲学_局限.md,马克思主义哲学 中国化 定义,1414_马克思主义哲学_中国化_定义.md,47.5,马克思恩格斯经典文本与哲学关系
以儒代马 马克思主义哲学 批判,1230_以儒代马_马克思主义哲学_批判.md,马克思主义哲学 中国哲学,1823_马克思主义哲学_中国哲学.md,45.0,马克思恩格斯经典文本与哲学关系
以儒代马 马克思主义哲学 批判,1230_以儒代马_马克思主义哲学_批判.md,李达 马克思主义哲学 研究,0267_李达_马克思主义哲学_研究.md,44.38,马克思恩格斯经典文本与哲学关系
以儒代马 马克思主义哲学 批判,1230_以儒代马_马克思主义哲学_批判.md,李达 马克思主义哲学 泰斗,0355_李达_马克思主义哲学_泰斗.md,44.38,马克思恩格斯经典文本与哲学关系
以儒代马 马克思主义哲学 批判,1230_以儒代马_马克思主义哲学_批判.md,马克思主义哲学 传播 苏联,0785_马克思主义哲学_传播_苏联.md,44.38,马克思恩格斯经典文本与哲学关系
以儒代马 马克思主义哲学 批判,1230_以儒代马_马克思主义哲学_批判.md,马克思主义哲学 前景 展望,1066_马克思主义哲学_前景_展望.md,44.38,马克思恩格斯经典文本与哲学关系
马克思主义哲学中国化 视域转换 框架重构,1231_马克思主义哲学中国化_视域转换_框架重构.md,马克思主义哲学中国化 研究视域 转换,1232_马克思主义哲学中国化_研究视域_转换.md,55.0,马克思主义哲学中国化研究范式
马克思主义哲学中国化 视域转换 框架重构,1231_马克思主义哲学中国化_视域转换_框架重构.md,马克思主义哲学中国化 不足,1432_马克思主义哲学中国化_不足.md,51.84,马克思主义哲学中国化研究范式
马克思主义哲学中国化 视域转换 框架重构,1231_马克思主义哲学中国化_视域转换_框架重构.md,李达 马克思主义哲学中国化,1751_李达_马克思主义哲学中国化.md,51.84,马克思主义哲学中国化研究范式
马克思主义哲学中国化 视域转换 框架重构,1231_马克思主义哲学中国化_视域转换_框架重构.md,马克思主义哲学中国化 走向,1816_马克思主义哲学中国化_走向.md,51.84,马克思主义哲学中国化研究范式
马克思主义哲学中国化 视域转换 框架重构,1231_马克思主义哲学中国化_视域转换_框架重构.md,毛泽东 马克思主义哲学中国化,1748_毛泽东_马克思主义哲学中国化.md,51.25,马克思主义哲学中国化研究范式
马克思主义哲学中国化 研究视域 转换,1232_马克思主义哲学中国化_研究视域_转换.md,马克思主义哲学中国化 视域转换 框架重构,1231_马克思主义哲学中国化_视域转换_框架重构.md,55.0,马克思主义哲学中国化研究范式
马克思主义哲学中国化 研究视域 转换,1232_马克思主义哲学中国化_研究视域_转换.md,马克思主义哲学中国化 研究 经验总结,1060_马克思主义哲学中国化_研究_经验总结.md,54.47,马克思主义哲学中国化研究范式
马克思主义哲学中国化 研究视域 转换,1232_马克思主义哲学中国化_研究视域_转换.md,马克思主义哲学中国化 不足,1432_马克思主义哲学中国化_不足.md,53.24,马克思主义哲学中国化研究范式
马克思主义哲学中国化 研究视域 转换,1232_马克思主义哲学中国化_研究视域_转换.md,李达 马克思主义哲学中国化,1751_李达_马克思主义哲学中国化.md,53.24,马克思主义哲学中国化研究范式
马克思主义哲学中国化 研究视域 转换,1232_马克思主义哲学中国化_研究视域_转换.md,马克思主义哲学中国化 走向,1816_马克思主义哲学中国化_走向.md,53.24,马克思主义哲学中国化研究范式
新青年 价值观 古今之变,1233_新青年_价值观_古今之变.md,科学 民主 新价值观 新青年,1234_科学_民主_新价值观_新青年.md,21.67,青年教育与人生观
新青年 价值观 古今之变,1233_新青年_价值观_古今之变.md,新青年 唯物史观 评判儒家价值观,0742_新青年_唯物史观_评判儒家价值观.md,20.56,青年教育与人生观
新青年 价值观 古今之变,1233_新青年_价值观_古今之变.md,新青年,1857_新青年.md,20.56,青年教育与人生观
新青年 价值观 古今之变,1233_新青年_价值观_古今之变.md,邓小平 价值观 特色,0658_邓小平_价值观_特色.md,18.57,青年教育与人生观
新青年 价值观 古今之变,1233_新青年_价值观_古今之变.md,新青年 儒家纲常 扬弃,0741_新青年_儒家纲常_扬弃.md,18.33,青年教育与人生观
科学 民主 新价值观 新青年,1234_科学_民主_新价值观_新青年.md,新青年 价值观 古今之变,1233_新青年_价值观_古今之变.md,21.67,五四时期马克思主义传播
科学 民主 新价值观 新青年,1234_科学_民主_新价值观_新青年.md,新青年 唯物史观 评判儒家价值观,0742_新青年_唯物史观_评判儒家价值观.md,20.26,五四时期马克思主义传播
科学 民主 新价值观 新青年,1234_科学_民主_新价值观_新青年.md,新青年,1857_新青年.md,20.0,五四时期马克思主义传播
科学 民主 新价值观 新青年,1234_科学_民主_新价值观_新青年.md,新青年 儒家纲常 扬弃,0741_新青年_儒家纲常_扬弃.md,18.12,五四时期马克思主义传播
科学 民主 新价值观 新青年,1234_科学_民主_新价值观_新青年.md,新青年 批判 孔教为国教,1235_新青年_批判_孔教为国教.md,17.94,五四时期马克思主义传播
新青年 批判 孔教为国教,1235_新青年_批判_孔教为国教.md,新青年,1857_新青年.md,20.56,青年教育与人生观
新青年 批判 孔教为国教,1235_新青年_批判_孔教为国教.md,新青年 儒家纲常 扬弃,0741_新青年_儒家纲常_扬弃.md,18.33,青年教育与人生观
新青年 批判 孔教为国教,1235_新青年_批判_孔教为国教.md,新青年 价值观 古今之变,1233_新青年_价值观_古今之变.md,18.12,青年教育与人生观
新青年 批判 孔教为国教,1235_新青年_批判_孔教为国教.md,列宁主义 新青年 瞿秋白,1652_列宁主义_新青年_瞿秋白.md,18.12,青年教育与人生观
新青年 批判 孔教为国教,1235_新青年_批判_孔教为国教.md,科学 民主 新价值观 新青年,1234_科学_民主_新价值观_新青年.md,17.94,青年教育与人生观
社会主义新价值观 确立 原因,1236_社会主义新价值观_确立_原因.md,社会主义新价值观 救亡 启蒙,0135_社会主义新价值观_救亡_启蒙.md,51.67,哲学基本范畴与辩证法原理
社会主义新价值观 确立 原因,1236_社会主义新价值观_确立_原因.md,五四运动 社会主义新价值观 兴起,0134_五四运动_社会主义新价值观_兴起.md,50.29,哲学基本范畴与辩证法原理
社会主义新价值观 确立 原因,1236_社会主义新价值观_确立_原因.md,五四运动 新哲学 社会主义新价值观,0368_五四运动_新哲学_社会主义新价值观.md,49.72,哲学基本范畴与辩证法原理
社会主义新价值观 确立 原因,1236_社会主义新价值观_确立_原因.md,中国共产党人 新民主主义 确立,1803_中国共产党人_新民主主义_确立.md,12.38,哲学基本范畴与辩证法原理
社会主义新价值观 确立 原因,1236_社会主义新价值观_确立_原因.md,马克思主义中国化 最初缓慢 原因,1157_马克思主义中国化_最初缓慢_原因.md,12.27,哲学基本范畴与辩证法原理
马克思主义哲学中国化 传统 形成发展,1237_马克思主义哲学中国化_传统_形成发展.md,马克思主义哲学中国化 传统 现代转型,0745_马克思主义哲学中国化_传统_现代转型.md,54.47,马克思恩格斯经典文本与哲学关系
马克思主义哲学中国化 传统 形成发展,1237_马克思主义哲学中国化_传统_形成发展.md,马克思主义哲学中国化 中国哲学传统,0725_马克思主义哲学中国化_中国哲学传统.md,53.89,马克思恩格斯经典文本与哲学关系
马克思主义哲学中国化 传统 形成发展,1237_马克思主义哲学中国化_传统_形成发展.md,马克思主义哲学中国化 不足,1432_马克思主义哲学中国化_不足.md,53.24,马克思恩格斯经典文本与哲学关系
马克思主义哲学中国化 传统 形成发展,1237_马克思主义哲学中国化_传统_形成发展.md,李达 马克思主义哲学中国化,1751_李达_马克思主义哲学中国化.md,53.24,马克思恩格斯经典文本与哲学关系
马克思主义哲学中国化 传统 形成发展,1237_马克思主义哲学中国化_传统_形成发展.md,马克思主义哲学中国化 走向,1816_马克思主义哲学中国化_走向.md,53.24,马克思恩格斯经典文本与哲学关系
马克思主义哲学中国化 代表性形态,1238_马克思主义哲学中国化_代表性形态.md,马克思主义哲学中国化 表现形态,1059_马克思主义哲学中国化_表现形态.md,54.71,马克思恩格斯经典文本与哲学关系
马克思主义哲学中国化 代表性形态,1238_马克思主义哲学中国化_代表性形态.md,马克思主义哲学中国化 不足,1432_马克思主义哲学中国化_不足.md,54.06,马克思恩格斯经典文本与哲学关系
马克思主义哲学中国化 代表性形态,1238_马克思主义哲学中国化_代表性形态.md,李达 马克思主义哲学中国化,1751_李达_马克思主义哲学中国化.md,54.06,马克思恩格斯经典文本与哲学关系
马克思主义哲学中国化 代表性形态,1238_马克思主义哲学中国化_代表性形态.md,马克思主义哲学中国化 走向,1816_马克思主义哲学中国化_走向.md,54.06,马克思恩格斯经典文本与哲学关系
马克思主义哲学中国化 代表性形态,1238_马克思主义哲学中国化_代表性形态.md,毛泽东 马克思主义哲学中国化,1748_毛泽东_马克思主义哲学中国化.md,53.24,马克思恩格斯经典文本与哲学关系
广义认识论 智慧说 冯契,1239_广义认识论_智慧说_冯契.md,人性问题 冯契 智慧说,1242_人性问题_冯契_智慧说.md,30.36,实践观点与认识论
广义认识论 智慧说 冯契,1239_广义认识论_智慧说_冯契.md,冯契 智慧说 中国哲学现代转型,0744_冯契_智慧说_中国哲学现代转型.md,29.17,实践观点与认识论
广义认识论 智慧说 冯契,1239_广义认识论_智慧说_冯契.md,冯契 智慧说 马克思主义哲学中国化,1489_冯契_智慧说_马克思主义哲学中国化.md,28.75,实践观点与认识论
广义认识论 智慧说 冯契,1239_广义认识论_智慧说_冯契.md,冯契 认识世界 认识自己,1639_冯契_认识世界_认识自己.md,13.33,实践观点与认识论
广义认识论 智慧说 冯契,1239_广义认识论_智慧说_冯契.md,知识论化倾向 反思 冯契,1240_知识论化倾向_反思_冯契.md,13.12,实践观点与认识论
知识论化倾向 反思 冯契,1240_知识论化倾向_反思_冯契.md,广义认识论 智慧说 冯契,1239_广义认识论_智慧说_冯契.md,13.12,现代中国哲学人物与知识论
知识论化倾向 反思 冯契,1240_知识论化倾向_反思_冯契.md,哲学 反思 人生,0989_哲学_反思_人生.md,11.92,现代中国哲学人物与知识论
知识论化倾向 反思 冯契,1240_知识论化倾向_反思_冯契.md,中国近代哲学 冯契,1835_中国近代哲学_冯契.md,11.67,现代中国哲学人物与知识论
知识论化倾向 反思 冯契,1240_知识论化倾向_反思_冯契.md,人性问题 冯契 智慧说,1242_人性问题_冯契_智慧说.md,11.56,现代中国哲学人物与知识论
知识论化倾向 反思 冯契,1240_知识论化倾向_反思_冯契.md,自由人格 平民化 冯契,1243_自由人格_平民化_冯契.md,11.56,现代中国哲学人物与知识论
实践基础 知识 智慧 贯通,1241_实践基础_知识_智慧_贯通.md,复兴 知识,2025_复兴_知识.md,12.27,哲学基本范畴与辩证法原理
实践基础 知识 智慧 贯通,1241_实践基础_知识_智慧_贯通.md,知识 道德,2027_知识_道德.md,12.27,哲学基本范畴与辩证法原理
实践基础 知识 智慧 贯通,1241_实践基础_知识_智慧_贯通.md,知识 发展 真理,1459_知识_发展_真理.md,11.92,哲学基本范畴与辩证法原理
实践基础 知识 智慧 贯通,1241_实践基础_知识_智慧_贯通.md,贫穷 知识 读书 青年,0945_贫穷_知识_读书_青年.md,11.67,哲学基本范畴与辩证法原理
人性问题 冯契 智慧说,1242_人性问题_冯契_智慧说.md,冯契 智慧说 中国哲学现代转型,0744_冯契_智慧说_中国哲学现代转型.md,31.25,现代中国哲学人物与知识论
人性问题 冯契 智慧说,1242_人性问题_冯契_智慧说.md,冯契 智慧说 马克思主义哲学中国化,1489_冯契_智慧说_马克思主义哲学中国化.md,30.56,现代中国哲学人物与知识论
人性问题 冯契 智慧说,1242_人性问题_冯契_智慧说.md,广义认识论 智慧说 冯契,1239_广义认识论_智慧说_冯契.md,30.36,现代中国哲学人物与知识论
人性问题 冯契 智慧说,1242_人性问题_冯契_智慧说.md,中国近代哲学 冯契,1835_中国近代哲学_冯契.md,11.79,现代中国哲学人物与知识论
人性问题 冯契 智慧说,1242_人性问题_冯契_智慧说.md,自由人格 平民化 冯契,1243_自由人格_平民化_冯契.md,11.67,现代中国哲学人物与知识论
自由人格 平民化 冯契,1243_自由人格_平民化_冯契.md,中国近代哲学 冯契,1835_中国近代哲学_冯契.md,11.79,中国近代启蒙与民主革命
自由人格 平民化 冯契,1243_自由人格_平民化_冯契.md,人性问题 冯契 智慧说,1242_人性问题_冯契_智慧说.md,11.67,中国近代启蒙与民主革命
自由人格 平民化 冯契,1243_自由人格_平民化_冯契.md,冯契 认识世界 认识自己,1639_冯契_认识世界_认识自己.md,11.67,中国近代启蒙与民主革命
自由人格 平民化 冯契,1243_自由人格_平民化_冯契.md,广义认识论 智慧说 冯契,1239_广义认识论_智慧说_冯契.md,11.56,中国近代启蒙与民主革命
自由人格 平民化 冯契,1243_自由人格_平民化_冯契.md,知识论化倾向 反思 冯契,1240_知识论化倾向_反思_冯契.md,11.56,中国近代启蒙与民主革命
中国文化问题 主体 原则 方法,1244_中国文化问题_主体_原则_方法.md,中国文化 儒学,1731_中国文化_儒学.md,5.77,中国哲学传统与现代转型
中国文化问题 主体 原则 方法,1244_中国文化问题_主体_原则_方法.md,中国文化 马克思,1736_中国文化_马克思.md,5.36,中国哲学传统与现代转型
中国文化问题 主体 原则 方法,1244_中国文化问题_主体_原则_方法.md,哲学 宗教 中国文化,0986_哲学_宗教_中国文化.md,5.0,中国哲学传统与现代转型
中国共产党人 马克思主义者 身份 文化问题,1245_中国共产党人_马克思主义者_身份_文化问题.md,中国共产党人 传播马克思主义 活动,0102_中国共产党人_传播马克思主义_活动.md,40.23,马克思恩格斯经典文本与哲学关系
中国共产党人 马克思主义者 身份 文化问题,1245_中国共产党人_马克思主义者_身份_文化问题.md,中国马克思主义 马克思主义者,1788_中国马克思主义_马克思主义者.md,37.89,马克思恩格斯经典文本与哲学关系
中国共产党人 马克思主义者 身份 文化问题,1245_中国共产党人_马克思主义者_身份_文化问题.md,上海 马克思主义者,1740_上海_马克思主义者.md,36.58,马克思恩格斯经典文本与哲学关系
中国共产党人 马克思主义者 身份 文化问题,1245_中国共产党人_马克思主义者_身份_文化问题.md,中国共产党人 新民主主义 确立,1803_中国共产党人_新民主主义_确立.md,36.52,马克思恩格斯经典文本与哲学关系
中国共产党人 马克思主义者 身份 文化问题,1245_中国共产党人_马克思主义者_身份_文化问题.md,新理学 马克思主义者,1708_新理学_马克思主义者.md,36.25,马克思恩格斯经典文本与哲学关系
中国文化 古与今 联系,1246_中国文化_古与今_联系.md,中国文化 儒学,1731_中国文化_儒学.md,27.5,中国哲学传统与现代转型
中国文化 古与今 联系,1246_中国文化_古与今_联系.md,中国文化 马克思,1736_中国文化_马克思.md,26.82,中国哲学传统与现代转型
中国文化 古与今 联系,1246_中国文化_古与今_联系.md,哲学 宗教 中国文化,0986_哲学_宗教_中国文化.md,26.25,中国哲学传统与现代转型
中国文化 古与今 联系,1246_中国文化_古与今_联系.md,古代传统 现代传统 中国文化,0750_古代传统_现代传统_中国文化.md,25.36,中国哲学传统与现代转型
中国文化 古与今 联系,1246_中国文化_古与今_联系.md,中国文化 精神基础 伦理,0988_中国文化_精神基础_伦理.md,25.36,中国哲学传统与现代转型
历史发展 一般 特殊 辩证法,1247_历史发展_一般_特殊_辩证法.md,统一性 多样性 历史发展,1252_统一性_多样性_历史发展.md,24.69,哲学基本范畴与辩证法原理
历史发展 一般 特殊 辩证法,1247_历史发展_一般_特殊_辩证法.md,辩证法 历史存在 范畴,1077_辩证法_历史存在_范畴.md,20.0,哲学基本范畴与辩证法原理
历史发展 一般 特殊 辩证法,1247_历史发展_一般_特殊_辩证法.md,历史 呈现 辩证法 实践,1079_历史_呈现_辩证法_实践.md,20.0,哲学基本范畴与辩证法原理
历史发展 一般 特殊 辩证法,1247_历史发展_一般_特殊_辩证法.md,进攻 防御 辩证法,1325_进攻_防御_辩证法.md,18.57,哲学基本范畴与辩证法原理
历史发展 一般 特殊 辩证法,1247_历史发展_一般_特殊_辩证法.md,持久 速决 辩证法,1326_持久_速决_辩证法.md,18.57,哲学基本范畴与辩证法原理
社会主义制度 生产力落后 矛盾,1248_社会主义制度_生产力落后_矛盾.md,社会主义社会 前进动力 矛盾,1355_社会主义社会_前进动力_矛盾.md,15.56,政治经济学与资本主义批判
社会主义制度 生产力落后 矛盾,1248_社会主义制度_生产力落后_矛盾.md,社会主义经济建设 矛盾 再认识,1376_社会主义经济建设_矛盾_再认识.md,15.0,政治经济学与资本主义批判
社会主义制度 生产力落后 矛盾,1248_社会主义制度_生产力落后_矛盾.md,资本主义 生产社会化 私人占有 矛盾,1182_资本主义_生产社会化_私人占有_矛盾.md,14.55,政治经济学与资本主义批判
社会主义制度 生产力落后 矛盾,1248_社会主义制度_生产力落后_矛盾.md,帝国主义 中华民族 矛盾,1501_帝国主义_中华民族_矛盾.md,12.63,政治经济学与资本主义批判
社会主义制度 生产力落后 矛盾,1248_社会主义制度_生产力落后_矛盾.md,封建主义 人民大众 矛盾,1502_封建主义_人民大众_矛盾.md,12.63,政治经济学与资本主义批判
对抗 矛盾 不是一回事,1249_对抗_矛盾_不是一回事.md,李大钊 矛盾 对抗 调和,0350_李大钊_矛盾_对抗_调和.md,23.57,哲学基本范畴与辩证法原理
对抗 矛盾 不是一回事,1249_对抗_矛盾_不是一回事.md,矛盾 发展 运动,1467_矛盾_发展_运动.md,12.08,哲学基本范畴与辩证法原理
对抗 矛盾 不是一回事,1249_对抗_矛盾_不是一回事.md,矛盾 两方面 统一,1561_矛盾_两方面_统一.md,11.92,哲学基本范畴与辩证法原理
对抗 矛盾 不是一回事,1249_对抗_矛盾_不是一回事.md,矛盾 同一性 斗争性,1319_矛盾_同一性_斗争性.md,11.79,哲学基本范畴与辩证法原理
对抗 矛盾 不是一回事,1249_对抗_矛盾_不是一回事.md,民族资产阶级 矛盾 性质,1360_民族资产阶级_矛盾_性质.md,11.56,哲学基本范畴与辩证法原理
布列斯特和约 争论 哲学思想,1250_布列斯特和约_争论_哲学思想.md,新民主主义论 哲学思想,0563_新民主主义论_哲学思想.md,26.25,列宁哲学与社会主义实践
布列斯特和约 争论 哲学思想,1250_布列斯特和约_争论_哲学思想.md,鲁迅 哲学思想 转变,1424_鲁迅_哲学思想_转变.md,25.0,列宁哲学与社会主义实践
布列斯特和约 争论 哲学思想,1250_布列斯特和约_争论_哲学思想.md,抗战以来 哲学思想 评述,1583_抗战以来_哲学思想_评述.md,24.41,列宁哲学与社会主义实践
布列斯特和约 争论 哲学思想,1250_布列斯特和约_争论_哲学思想.md,毛泽东 延安时期 哲学思想,0536_毛泽东_延安时期_哲学思想.md,24.17,列宁哲学与社会主义实践
布列斯特和约 争论 哲学思想,1250_布列斯特和约_争论_哲学思想.md,马克思 哲学思想 形成发展,1085_马克思_哲学思想_形成发展.md,24.17,列宁哲学与社会主义实践
社会主义革命 根本任务 劳动生产率,1251_社会主义革命_根本任务_劳动生产率.md,社会主义革命 形式 多样,1473_社会主义革命_形式_多样.md,36.94,政治经济学与资本主义批判
社会主义革命 根本任务 劳动生产率,1251_社会主义革命_根本任务_劳动生产率.md,社会主义革命 建设 辩证法,0983_社会主义革命_建设_辩证法.md,36.58,政治经济学与资本主义批判
社会主义革命 根本任务 劳动生产率,1251_社会主义革命_根本任务_劳动生产率.md,社会主义革命 建设 主观主义,1357_社会主义革命_建设_主观主义.md,36.58,政治经济学与资本主义批判
社会主义革命 根本任务 劳动生产率,1251_社会主义革命_根本任务_劳动生产率.md,民主主义革命 社会主义革命 辩证统一,1049_民主主义革命_社会主义革命_辩证统一.md,35.95,政治经济学与资本主义批判
社会主义革命 根本任务 劳动生产率,1251_社会主义革命_根本任务_劳动生产率.md,民主主义革命 社会主义革命 必然趋势,1050_民主主义革命_社会主义革命_必然趋势.md,35.95,政治经济学与资本主义批判
统一性 多样性 历史发展,1252_统一性_多样性_历史发展.md,历史发展 一般 特殊 辩证法,1247_历史发展_一般_特殊_辩证法.md,24.69,哲学基本范畴与辩证法原理
统一性 多样性 历史发展,1252_统一性_多样性_历史发展.md,社会主义建设 统一性 独立性,0676_社会主义建设_统一性_独立性.md,17.78,哲学基本范畴与辩证法原理
具体分析 具体情况 活的灵魂,1253_具体分析_具体情况_活的灵魂.md,毛泽东思想 活的灵魂,0613_毛泽东思想_活的灵魂.md,25.0,哲学基本范畴与辩证法原理
战时共产主义 政策 评价,1254_战时共产主义_政策_评价.md,战时共产主义 历史远景 新生事物,1255_战时共产主义_历史远景_新生事物.md,37.35,列宁哲学与社会主义实践
战时共产主义 政策 评价,1254_战时共产主义_政策_评价.md,毛泽东 新民主主义论 评价,0624_毛泽东_新民主主义论_评价.md,12.94,列宁哲学与社会主义实践
战时共产主义 政策 评价,1254_战时共产主义_政策_评价.md,共产主义 劳动,1782_共产主义_劳动.md,6.82,列宁哲学与社会主义实践
战时共产主义 政策 评价,1254_战时共产主义_政策_评价.md,共产主义 翻译,1837_共产主义_翻译.md,6.82,列宁哲学与社会主义实践
战时共产主义 政策 评价,1254_战时共产主义_政策_评价.md,共产主义宣言,1958_共产主义宣言.md,6.82,列宁哲学与社会主义实践
战时共产主义 历史远景 新生事物,1255_战时共产主义_历史远景_新生事物.md,战时共产主义 政策 评价,1254_战时共产主义_政策_评价.md,37.35,列宁哲学与社会主义实践
战时共产主义 历史远景 新生事物,1255_战时共产主义_历史远景_新生事物.md,共产主义 劳动,1782_共产主义_劳动.md,5.0,列宁哲学与社会主义实践
战时共产主义 历史远景 新生事物,1255_战时共产主义_历史远景_新生事物.md,共产主义 翻译,1837_共产主义_翻译.md,5.0,列宁哲学与社会主义实践
战时共产主义 历史远景 新生事物,1255_战时共产主义_历史远景_新生事物.md,共产主义宣言,1958_共产主义宣言.md,5.0,列宁哲学与社会主义实践
军事反对派 民主集中派 工人反对派,1256_军事反对派_民主集中派_工人反对派.md,民主 集中 关系,1600_民主_集中_关系.md,5.36,中国近代启蒙与民主革命
无产阶级文化派 历史唯物主义 批判,1257_无产阶级文化派_历史唯物主义_批判.md,无产阶级文化派 马赫主义 组织形态学,1258_无产阶级文化派_马赫主义_组织形态学.md,42.95,列宁哲学与社会主义实践
无产阶级文化派 历史唯物主义 批判,1257_无产阶级文化派_历史唯物主义_批判.md,历史唯物主义 辩证唯物主义,1707_历史唯物主义_辩证唯物主义.md,37.35,列宁哲学与社会主义实践
无产阶级文化派 历史唯物主义 批判,1257_无产阶级文化派_历史唯物主义_批判.md,历史唯物主义 研讨 争论,0978_历史唯物主义_研讨_争论.md,36.94,列宁哲学与社会主义实践
无产阶级文化派 历史唯物主义 批判,1257_无产阶级文化派_历史唯物主义_批判.md,历史唯物主义 辩证唯物主义 列宁,1800_历史唯物主义_辩证唯物主义_列宁.md,36.58,列宁哲学与社会主义实践
无产阶级文化派 历史唯物主义 批判,1257_无产阶级文化派_历史唯物主义_批判.md,历史唯物主义 战争观 毛泽东,0555_历史唯物主义_战争观_毛泽东.md,36.25,列宁哲学与社会主义实践
无产阶级文化派 马赫主义 组织形态学,1258_无产阶级文化派_马赫主义_组织形态学.md,无产阶级文化派 历史唯物主义 批判,1257_无产阶级文化派_历史唯物主义_批判.md,42.95,列宁哲学与社会主义实践
无产阶级文化派 马赫主义 组织形态学,1258_无产阶级文化派_马赫主义_组织形态学.md,经验 马赫主义,1762_经验_马赫主义.md,24.41,列宁哲学与社会主义实践
无产阶级文化派 马赫主义 组织形态学,1258_无产阶级文化派_马赫主义_组织形态学.md,唯心主义 马赫主义,1728_唯心主义_马赫主义.md,24.17,列宁哲学与社会主义实践
无产阶级文化派 马赫主义 组织形态学,1258_无产阶级文化派_马赫主义_组织形态学.md,马赫主义 批判 反映论,1538_马赫主义_批判_反映论.md,23.75,列宁哲学与社会主义实践
无产阶级文化派 马赫主义 组织形态学,1258_无产阶级文化派_马赫主义_组织形态学.md,马赫主义 斗争 经验批判论,1590_马赫主义_斗争_经验批判论.md,23.41,列宁哲学与社会主义实践
工会问题 辩证逻辑 基本要求,1259_工会问题_辩证逻辑_基本要求.md,形式逻辑 辩证逻辑 形式论理学,0408_形式逻辑_辩证逻辑_形式论理学.md,24.17,列宁哲学与社会主义实践
社会主义 计划 商品 市场,1260_社会主义_计划_商品_市场.md,俄国 社会主义,1758_俄国_社会主义.md,26.82,政治经济学与资本主义批判
社会主义 计划 商品 市场,1260_社会主义_计划_商品_市场.md,德国 社会主义,1772_德国_社会主义.md,26.82,政治经济学与资本主义批判
社会主义 计划 商品 市场,1260_社会主义_计划_商品_市场.md,法国 社会主义,1817_法国_社会主义.md,26.82,政治经济学与资本主义批判
社会主义 计划 商品 市场,1260_社会主义_计划_商品_市场.md,社会主义 列宁,1840_社会主义_列宁.md,26.82,政治经济学与资本主义批判
社会主义 计划 商品 市场,1260_社会主义_计划_商品_市场.md,新经济政策 商品经济 社会主义,0883_新经济政策_商品经济_社会主义.md,26.25,政治经济学与资本主义批判
社会主义 商品经济 客观依据,1261_社会主义_商品经济_客观依据.md,新经济政策 商品经济 社会主义,0883_新经济政策_商品经济_社会主义.md,49.38,政治经济学与资本主义批判
社会主义 商品经济 客观依据,1261_社会主义_商品经济_客观依据.md,社会主义 商品生产 价值规律,1281_社会主义_商品生产_价值规律.md,27.35,政治经济学与资本主义批判
社会主义 商品经济 客观依据,1261_社会主义_商品经济_客观依据.md,社会主义 计划 商品 市场,1260_社会主义_计划_商品_市场.md,26.25,政治经济学与资本主义批判
社会主义 商品经济 客观依据,1261_社会主义_商品经济_客观依据.md,俄国 社会主义,1758_俄国_社会主义.md,25.77,政治经济学与资本主义批判
社会主义 商品经济 客观依据,1261_社会主义_商品经济_客观依据.md,德国 社会主义,1772_德国_社会主义.md,25.77,政治经济学与资本主义批判
社会主义 资本主义 辩证关系,1262_社会主义_资本主义_辩证关系.md,资本主义 社会主义 关系,1474_资本主义_社会主义_关系.md,52.5,政治经济学与资本主义批判
社会主义 资本主义 辩证关系,1262_社会主义_资本主义_辩证关系.md,帝国主义 资本主义,1730_帝国主义_资本主义.md,28.33,政治经济学与资本主义批判
社会主义 资本主义 辩证关系,1262_社会主义_资本主义_辩证关系.md,社会主义 资产阶级,1739_社会主义_资产阶级.md,27.69,政治经济学与资本主义批判
社会主义 资本主义 辩证关系,1262_社会主义_资本主义_辩证关系.md,新民主主义 社会主义 关系,0527_新民主主义_社会主义_关系.md,26.67,政治经济学与资本主义批判
社会主义 资本主义 辩证关系,1262_社会主义_资本主义_辩证关系.md,劳动 资本主义,1710_劳动_资本主义.md,26.25,政治经济学与资本主义批判
资本主义包围 社会主义国家 生存条件,1263_资本主义包围_社会主义国家_生存条件.md,国家资本主义 过渡社会主义 列宁,0877_国家资本主义_过渡社会主义_列宁.md,7.5,政治经济学与资本主义批判
资本主义包围 社会主义国家 生存条件,1263_资本主义包围_社会主义国家_生存条件.md,资本主义 社会主义 关系,1474_资本主义_社会主义_关系.md,7.35,政治经济学与资本主义批判
资本主义包围 社会主义国家 生存条件,1263_资本主义包围_社会主义国家_生存条件.md,社会主义 资本主义 辩证关系,1262_社会主义_资本主义_辩证关系.md,6.58,政治经济学与资本主义批判
一般 个别 有机结合,1266_一般_个别_有机结合.md,历史主义方法 一般 个别,1091_历史主义方法_一般_个别.md,15.77,其他待人工复核
前进 后退 辩证关系,1267_前进_后退_辩证关系.md,直接 间接 辩证关系,1268_直接_间接_辩证关系.md,26.82,其他待人工复核
前进 后退 辩证关系,1267_前进_后退_辩证关系.md,革命 改良 辩证关系,1269_革命_改良_辩证关系.md,26.82,其他待人工复核
前进 后退 辩证关系,1267_前进_后退_辩证关系.md,社会主义 资本主义 辩证关系,1262_社会主义_资本主义_辩证关系.md,25.36,其他待人工复核
前进 后退 辩证关系,1267_前进_后退_辩证关系.md,中国共产党 前进 成立,1829_中国共产党_前进_成立.md,11.79,其他待人工复核
直接 间接 辩证关系,1268_直接_间接_辩证关系.md,前进 后退 辩证关系,1267_前进_后退_辩证关系.md,26.82,其他待人工复核
直接 间接 辩证关系,1268_直接_间接_辩证关系.md,革命 改良 辩证关系,1269_革命_改良_辩证关系.md,26.82,其他待人工复核
直接 间接 辩证关系,1268_直接_间接_辩证关系.md,社会主义 资本主义 辩证关系,1262_社会主义_资本主义_辩证关系.md,25.36,其他待人工复核
革命 改良 辩证关系,1269_革命_改良_辩证关系.md,前进 后退 辩证关系,1267_前进_后退_辩证关系.md,26.82,其他待人工复核
革命 改良 辩证关系,1269_革命_改良_辩证关系.md,直接 间接 辩证关系,1268_直接_间接_辩证关系.md,26.82,其他待人工复核
革命 改良 辩证关系,1269_革命_改良_辩证关系.md,社会主义 资本主义 辩证关系,1262_社会主义_资本主义_辩证关系.md,25.36,其他待人工复核
现代科学成就 唯物辩证法 研究,1270_现代科学成就_唯物辩证法_研究.md,瞿秋白 唯物辩证法 研究,0266_瞿秋白_唯物辩证法_研究.md,35.0,辩证唯物主义体系
现代科学成就 唯物辩证法 研究,1270_现代科学成就_唯物辩证法_研究.md,唯物辩证法 风靡全国,1026_唯物辩证法_风靡全国.md,31.25,辩证唯物主义体系
现代科学成就 唯物辩证法 研究,1270_现代科学成就_唯物辩证法_研究.md,唯物辩证法 风靡 起点,1027_唯物辩证法_风靡_起点.md,31.25,辩证唯物主义体系
现代科学成就 唯物辩证法 研究,1270_现代科学成就_唯物辩证法_研究.md,唯物辩证法 风靡 前奏,1028_唯物辩证法_风靡_前奏.md,31.25,辩证唯物主义体系
现代科学成就 唯物辩证法 研究,1270_现代科学成就_唯物辩证法_研究.md,唯物辩证法 风靡 原因,1030_唯物辩证法_风靡_原因.md,31.25,辩证唯物主义体系
社会主义 不存在 固定模式,1271_社会主义_不存在_固定模式.md,俄国 社会主义,1758_俄国_社会主义.md,26.25,列宁哲学与社会主义实践
社会主义 不存在 固定模式,1271_社会主义_不存在_固定模式.md,德国 社会主义,1772_德国_社会主义.md,26.25,列宁哲学与社会主义实践
社会主义 不存在 固定模式,1271_社会主义_不存在_固定模式.md,法国 社会主义,1817_法国_社会主义.md,26.25,列宁哲学与社会主义实践
社会主义 不存在 固定模式,1271_社会主义_不存在_固定模式.md,社会主义 列宁,1840_社会主义_列宁.md,26.25,列宁哲学与社会主义实践
社会主义 不存在 固定模式,1271_社会主义_不存在_固定模式.md,观察周刊 社会主义,1647_观察周刊_社会主义.md,25.36,列宁哲学与社会主义实践
社会主义 迂回道路 直接过渡,1272_社会主义_迂回道路_直接过渡.md,俄国 社会主义,1758_俄国_社会主义.md,25.77,列宁哲学与社会主义实践
社会主义 迂回道路 直接过渡,1272_社会主义_迂回道路_直接过渡.md,德国 社会主义,1772_德国_社会主义.md,25.77,列宁哲学与社会主义实践
社会主义 迂回道路 直接过渡,1272_社会主义_迂回道路_直接过渡.md,法国 社会主义,1817_法国_社会主义.md,25.77,列宁哲学与社会主义实践
社会主义 迂回道路 直接过渡,1272_社会主义_迂回道路_直接过渡.md,社会主义 列宁,1840_社会主义_列宁.md,25.77,列宁哲学与社会主义实践
社会主义 迂回道路 直接过渡,1272_社会主义_迂回道路_直接过渡.md,观察周刊 社会主义,1647_观察周刊_社会主义.md,25.0,列宁哲学与社会主义实践
社会主义 工作重心 经济文化建设,1273_社会主义_工作重心_经济文化建设.md,工作重心 经济建设 管理俄国,0876_工作重心_经济建设_管理俄国.md,28.33,列宁哲学与社会主义实践
社会主义 工作重心 经济文化建设,1273_社会主义_工作重心_经济文化建设.md,农民 社会主义 建设者,1274_农民_社会主义_建设者.md,25.88,列宁哲学与社会主义实践
社会主义 工作重心 经济文化建设,1273_社会主义_工作重心_经济文化建设.md,新经济政策 商品经济 社会主义,0883_新经济政策_商品经济_社会主义.md,25.0,列宁哲学与社会主义实践
社会主义 工作重心 经济文化建设,1273_社会主义_工作重心_经济文化建设.md,社会主义 商品经济 客观依据,1261_社会主义_商品经济_客观依据.md,25.0,列宁哲学与社会主义实践
社会主义 工作重心 经济文化建设,1273_社会主义_工作重心_经济文化建设.md,俄国 社会主义,1758_俄国_社会主义.md,25.0,列宁哲学与社会主义实践
农民 社会主义 建设者,1274_农民_社会主义_建设者.md,俄国 社会主义,1758_俄国_社会主义.md,27.5,列宁哲学与社会主义实践
农民 社会主义 建设者,1274_农民_社会主义_建设者.md,德国 社会主义,1772_德国_社会主义.md,27.5,列宁哲学与社会主义实践
农民 社会主义 建设者,1274_农民_社会主义_建设者.md,法国 社会主义,1817_法国_社会主义.md,27.5,列宁哲学与社会主义实践
农民 社会主义 建设者,1274_农民_社会主义_建设者.md,社会主义 列宁,1840_社会主义_列宁.md,27.5,列宁哲学与社会主义实践
农民 社会主义 建设者,1274_农民_社会主义_建设者.md,观察周刊 社会主义,1647_观察周刊_社会主义.md,26.25,列宁哲学与社会主义实践
机械论者 辩证论者 自然科学,1275_机械论者_辩证论者_自然科学.md,苏联哲学 机械论者 辩证论者,0830_苏联哲学_机械论者_辩证论者.md,50.71,德波林派与机械论派论争
机械论者 辩证论者 自然科学,1275_机械论者_辩证论者_自然科学.md,苏联哲学 机械论者 辩证论者 论争,0893_苏联哲学_机械论者_辩证论者_论争.md,49.38,德波林派与机械论派论争
机械论者 辩证论者 自然科学,1275_机械论者_辩证论者_自然科学.md,机械论者 辩证法,1777_机械论者_辩证法.md,31.36,德波林派与机械论派论争
机械论者 辩证论者 自然科学,1275_机械论者_辩证论者_自然科学.md,自然科学 哲学 机械论派,1013_自然科学_哲学_机械论派.md,28.93,德波林派与机械论派论争
机械论者 辩证论者 自然科学,1275_机械论者_辩证论者_自然科学.md,机械论派 辩证论者 苏联哲学,0777_机械论派_辩证论者_苏联哲学.md,27.81,德波林派与机械论派论争
哲学 自然科学 科学本身就是哲学,1276_哲学_自然科学_科学本身就是哲学.md,新哲学 自然科学 经济学 应用,0423_新哲学_自然科学_经济学_应用.md,27.35,自然科学哲学与科学方法
哲学 自然科学 科学本身就是哲学,1276_哲学_自然科学_科学本身就是哲学.md,自然科学 哲学 机械论派,1013_自然科学_哲学_机械论派.md,26.25,自然科学哲学与科学方法
哲学 自然科学 科学本身就是哲学,1276_哲学_自然科学_科学本身就是哲学.md,德国 自然科学,1786_德国_自然科学.md,25.77,自然科学哲学与科学方法
哲学 自然科学 科学本身就是哲学,1276_哲学_自然科学_科学本身就是哲学.md,自然科学 黑格尔,1779_自然科学_黑格尔.md,25.36,自然科学哲学与科学方法
哲学 自然科学 科学本身就是哲学,1276_哲学_自然科学_科学本身就是哲学.md,自然辩证法 自然科学,1667_自然辩证法_自然科学.md,25.0,自然科学哲学与科学方法
辩证法 理论作用 质和量,1277_辩证法_理论作用_质和量.md,进攻 防御 辩证法,1325_进攻_防御_辩证法.md,18.85,哲学基本范畴与辩证法原理
辩证法 理论作用 质和量,1277_辩证法_理论作用_质和量.md,持久 速决 辩证法,1326_持久_速决_辩证法.md,18.85,哲学基本范畴与辩证法原理
辩证法 理论作用 质和量,1277_辩证法_理论作用_质和量.md,内线 外线 辩证法,1327_内线_外线_辩证法.md,18.85,哲学基本范畴与辩证法原理
辩证法 理论作用 质和量,1277_辩证法_理论作用_质和量.md,主动 被动 辩证法,1328_主动_被动_辩证法.md,18.85,哲学基本范畴与辩证法原理
辩证法 理论作用 质和量,1277_辩证法_理论作用_质和量.md,辩证法 中国 进展,1401_辩证法_中国_进展.md,18.85,哲学基本范畴与辩证法原理
布哈林 历史唯物主义理论 平衡论,1278_布哈林_历史唯物主义理论_平衡论.md,历史唯物主义 辩证唯物主义,1707_历史唯物主义_辩证唯物主义.md,7.81,苏联哲学与共产国际
布哈林 历史唯物主义理论 平衡论,1278_布哈林_历史唯物主义理论_平衡论.md,历史唯物主义 研讨 争论,0978_历史唯物主义_研讨_争论.md,7.35,苏联哲学与共产国际
布哈林 历史唯物主义理论 平衡论,1278_布哈林_历史唯物主义理论_平衡论.md,历史唯物主义 辩证唯物主义 列宁,1800_历史唯物主义_辩证唯物主义_列宁.md,6.94,苏联哲学与共产国际
布哈林 历史唯物主义理论 平衡论,1278_布哈林_历史唯物主义理论_平衡论.md,历史唯物主义 战争观 毛泽东,0555_历史唯物主义_战争观_毛泽东.md,6.58,苏联哲学与共产国际
布哈林 历史唯物主义理论 平衡论,1278_布哈林_历史唯物主义理论_平衡论.md,人民民主专政 历史唯物主义,0600_人民民主专政_历史唯物主义.md,6.58,苏联哲学与共产国际
法西斯主义 理论来源 批判,1279_法西斯主义_理论来源_批判.md,无政府主义 理论批判 列宁,0880_无政府主义_理论批判_列宁.md,6.25,列宁哲学与社会主义实践
法西斯主义 理论来源 批判,1279_法西斯主义_理论来源_批判.md,新民主主义理论 成熟,0558_新民主主义理论_成熟.md,5.0,列宁哲学与社会主义实践
哲学 党性原则 批判继承,1280_哲学_党性原则_批判继承.md,苏联哲学 党性原则 学术研究,0809_苏联哲学_党性原则_学术研究.md,28.33,列宁哲学与社会主义实践
哲学 党性原则 批判继承,1280_哲学_党性原则_批判继承.md,哲学 党性 苏联,0782_哲学_党性_苏联.md,6.82,列宁哲学与社会主义实践
哲学 党性原则 批判继承,1280_哲学_党性原则_批判继承.md,哲学 党性 科学,1574_哲学_党性_科学.md,6.82,列宁哲学与社会主义实践
哲学 党性原则 批判继承,1280_哲学_党性原则_批判继承.md,哲学 党性 阶级性 毛泽东,0540_哲学_党性_阶级性_毛泽东.md,5.0,列宁哲学与社会主义实践
哲学 党性原则 批判继承,1280_哲学_党性原则_批判继承.md,唯物论 唯心论 哲学党性,1576_唯物论_唯心论_哲学党性.md,5.0,列宁哲学与社会主义实践
社会主义 商品生产 价值规律,1281_社会主义_商品生产_价值规律.md,社会主义 商品经济 客观依据,1261_社会主义_商品经济_客观依据.md,27.35,政治经济学与资本主义批判
社会主义 商品生产 价值规律,1281_社会主义_商品生产_价值规律.md,社会主义 计划 商品 市场,1260_社会主义_计划_商品_市场.md,26.25,政治经济学与资本主义批判
社会主义 商品生产 价值规律,1281_社会主义_商品生产_价值规律.md,俄国 社会主义,1758_俄国_社会主义.md,25.77,政治经济学与资本主义批判
社会主义 商品生产 价值规律,1281_社会主义_商品生产_价值规律.md,德国 社会主义,1772_德国_社会主义.md,25.77,政治经济学与资本主义批判
社会主义 商品生产 价值规律,1281_社会主义_商品生产_价值规律.md,法国 社会主义,1817_法国_社会主义.md,25.77,政治经济学与资本主义批判
中国无产阶级 成长 壮大 马克思主义,1282_中国无产阶级_成长_壮大_马克思主义.md,民族工业 工人阶级 壮大,1423_民族工业_工人阶级_壮大.md,12.38,阶级斗争与社会革命理论
中国无产阶级 成长 壮大 马克思主义,1282_中国无产阶级_成长_壮大_马克思主义.md,无产阶级 马克思,1781_无产阶级_马克思.md,8.33,阶级斗争与社会革命理论
中国无产阶级 成长 壮大 马克思主义,1282_中国无产阶级_成长_壮大_马克思主义.md,中国马克思主义 马克思主义者,1788_中国马克思主义_马克思主义者.md,7.35,阶级斗争与社会革命理论
中国无产阶级 成长 壮大 马克思主义,1282_中国无产阶级_成长_壮大_马克思主义.md,马克思主义中国化 前瞻,1180_马克思主义中国化_前瞻.md,6.94,阶级斗争与社会革命理论
中国无产阶级 成长 壮大 马克思主义,1282_中国无产阶级_成长_壮大_马克思主义.md,马克思主义 学风 中国化,1215_马克思主义_学风_中国化.md,6.94,阶级斗争与社会革命理论
中国革命 需要 马克思主义,1283_中国革命_需要_马克思主义.md,马克思主义 俄国化 中国革命,0852_马克思主义_俄国化_中国革命.md,32.5,毛泽东哲学与中国革命经验
中国革命 需要 马克思主义,1283_中国革命_需要_马克思主义.md,马克思主义 指导思想 中国革命,1112_马克思主义_指导思想_中国革命.md,31.67,毛泽东哲学与中国革命经验
中国革命 需要 马克思主义,1283_中国革命_需要_马克思主义.md,早期共产主义者 马克思主义 中国革命,0292_早期共产主义者_马克思主义_中国革命.md,30.29,毛泽东哲学与中国革命经验
中国革命 需要 马克思主义,1283_中国革命_需要_马克思主义.md,十月革命 中国革命 影响,0844_十月革命_中国革命_影响.md,25.0,毛泽东哲学与中国革命经验
中国革命 需要 马克思主义,1283_中国革命_需要_马克思主义.md,一步走 两步走 中国革命,1174_一步走_两步走_中国革命.md,25.0,毛泽东哲学与中国革命经验
马克思主义 在中国 最初传入,1284_马克思主义_在中国_最初传入.md,马克思主义在中国 马克思主义中国化 当代中国马克思主义,0965_马克思主义在中国_马克思主义中国化_当代中国马克思主义.md,10.29,马克思恩格斯经典文本与哲学关系
马克思主义 在中国 最初传入,1284_马克思主义_在中国_最初传入.md,马克思主义中国化 最初尝试,1152_马克思主义中国化_最初尝试.md,9.38,马克思恩格斯经典文本与哲学关系
马克思主义 在中国 最初传入,1284_马克思主义_在中国_最初传入.md,中国马克思主义 马克思主义者,1788_中国马克思主义_马克思主义者.md,8.93,马克思恩格斯经典文本与哲学关系
马克思主义 在中国 最初传入,1284_马克思主义_在中国_最初传入.md,马克思主义哲学 传入中国 渠道,0060_马克思主义哲学_传入中国_渠道.md,8.82,马克思恩格斯经典文本与哲学关系
马克思主义 在中国 最初传入,1284_马克思主义_在中国_最初传入.md,马克思主义 传入中国 外部条件,0080_马克思主义_传入中国_外部条件.md,8.82,马克思恩格斯经典文本与哲学关系
国际共产主义运动 中国 影响,1285_国际共产主义运动_中国_影响.md,共产主义 劳动,1782_共产主义_劳动.md,5.77,民族国家与国际关系
国际共产主义运动 中国 影响,1285_国际共产主义运动_中国_影响.md,共产主义 翻译,1837_共产主义_翻译.md,5.77,民族国家与国际关系
国际共产主义运动 中国 影响,1285_国际共产主义运动_中国_影响.md,共产主义宣言,1958_共产主义宣言.md,5.77,民族国家与国际关系
国际共产主义运动 中国 影响,1285_国际共产主义运动_中国_影响.md,国际主义 民族主义 中国共产党,1176_国际主义_民族主义_中国共产党.md,5.56,民族国家与国际关系
国际共产主义运动 中国 影响,1285_国际共产主义运动_中国_影响.md,实证论 非理性主义 中国影响,1509_实证论_非理性主义_中国影响.md,5.56,民族国家与国际关系
马克思恩格斯 生平 思想 早期介绍,1286_马克思恩格斯_生平_思想_早期介绍.md,德国 马克思恩格斯,1715_德国_马克思恩格斯.md,38.33,马克思恩格斯经典文本与哲学关系
马克思恩格斯 生平 思想 早期介绍,1286_马克思恩格斯_生平_思想_早期介绍.md,英国 马克思恩格斯,1735_英国_马克思恩格斯.md,38.33,马克思恩格斯经典文本与哲学关系
马克思恩格斯 生平 思想 早期介绍,1286_马克思恩格斯_生平_思想_早期介绍.md,列宁 马克思恩格斯,1780_列宁_马克思恩格斯.md,38.33,马克思恩格斯经典文本与哲学关系
马克思恩格斯 生平 思想 早期介绍,1286_马克思恩格斯_生平_思想_早期介绍.md,马克思恩格斯 马列著作,1763_马克思恩格斯_马列著作.md,37.35,马克思恩格斯经典文本与哲学关系
马克思恩格斯 生平 思想 早期介绍,1286_马克思恩格斯_生平_思想_早期介绍.md,暴力革命 和平手段 马克思恩格斯,1187_暴力革命_和平手段_马克思恩格斯.md,35.95,马克思恩格斯经典文本与哲学关系
马克思主义著作 早期介绍 中国,1287_马克思主义著作_早期介绍_中国.md,五四时期 马克思主义著作 翻译 出版,0144_五四时期_马克思主义著作_翻译_出版.md,42.5,马克思恩格斯经典文本与哲学关系
马克思主义著作 早期介绍 中国,1287_马克思主义著作_早期介绍_中国.md,马克思恩格斯 生平 思想 早期介绍,1286_马克思恩格斯_生平_思想_早期介绍.md,26.25,马克思恩格斯经典文本与哲学关系
马克思主义著作 早期介绍 中国,1287_马克思主义著作_早期介绍_中国.md,中国马克思主义 马克思主义者,1788_中国马克思主义_马克思主义者.md,8.33,马克思恩格斯经典文本与哲学关系
马克思主义著作 早期介绍 中国,1287_马克思主义著作_早期介绍_中国.md,马克思主义中国化 前瞻,1180_马克思主义中国化_前瞻.md,7.81,马克思恩格斯经典文本与哲学关系
马克思主义著作 早期介绍 中国,1287_马克思主义著作_早期介绍_中国.md,马克思主义 学风 中国化,1215_马克思主义_学风_中国化.md,7.81,马克思恩格斯经典文本与哲学关系
社会主义问题 论争 哲学意义,1288_社会主义问题_论争_哲学意义.md,问题与主义 论争 哲学意义,0146_问题与主义_论争_哲学意义.md,42.5,其他待人工复核
社会主义问题 论争 哲学意义,1288_社会主义问题_论争_哲学意义.md,无政府主义 论争 哲学意义,1289_无政府主义_论争_哲学意义.md,40.0,其他待人工复核
社会主义问题 论争 哲学意义,1288_社会主义问题_论争_哲学意义.md,朱德 解放区战场 哲学意义,1329_朱德_解放区战场_哲学意义.md,24.17,其他待人工复核
社会主义问题 论争 哲学意义,1288_社会主义问题_论争_哲学意义.md,自力更生 艰苦奋斗 哲学意义,1339_自力更生_艰苦奋斗_哲学意义.md,23.95,其他待人工复核
社会主义问题 论争 哲学意义,1288_社会主义问题_论争_哲学意义.md,问题与主义 关系 论争,0147_问题与主义_关系_论争.md,14.69,其他待人工复核
无政府主义 论争 哲学意义,1289_无政府主义_论争_哲学意义.md,问题与主义 论争 哲学意义,0146_问题与主义_论争_哲学意义.md,43.46,早期马克思主义传播主体与传播载体
无政府主义 论争 哲学意义,1289_无政府主义_论争_哲学意义.md,社会主义问题 论争 哲学意义,1288_社会主义问题_论争_哲学意义.md,40.0,早期马克思主义传播主体与传播载体
无政府主义 论争 哲学意义,1289_无政府主义_论争_哲学意义.md,无政府主义 思潮 批判,1127_无政府主义_思潮_批判.md,32.14,早期马克思主义传播主体与传播载体
无政府主义 论争 哲学意义,1289_无政府主义_论争_哲学意义.md,无政府主义 理论批判 列宁,0880_无政府主义_理论批判_列宁.md,31.25,早期马克思主义传播主体与传播载体
无政府主义 论争 哲学意义,1289_无政府主义_论争_哲学意义.md,无政府主义 绝对自由 批判,1290_无政府主义_绝对自由_批判.md,31.25,早期马克思主义传播主体与传播载体
无政府主义 绝对自由 批判,1290_无政府主义_绝对自由_批判.md,无政府主义 思潮 批判,1127_无政府主义_思潮_批判.md,34.62,中国近代启蒙与民主革命
无政府主义 绝对自由 批判,1290_无政府主义_绝对自由_批判.md,无政府主义 理论批判 列宁,0880_无政府主义_理论批判_列宁.md,33.33,中国近代启蒙与民主革命
无政府主义 绝对自由 批判,1290_无政府主义_绝对自由_批判.md,无政府主义 反对阶级斗争 批判,0035_无政府主义_反对阶级斗争_批判.md,32.35,中国近代启蒙与民主革命
无政府主义 绝对自由 批判,1290_无政府主义_绝对自由_批判.md,无政府主义 论争 哲学意义,1289_无政府主义_论争_哲学意义.md,31.25,中国近代启蒙与民主革命
思想事实之母 存疑唯心论 批判,1292_思想事实之母_存疑唯心论_批判.md,宣传唯物论 批判唯心论 指示,1346_宣传唯物论_批判唯心论_指示.md,5.26,其他待人工复核
思想事实之母 存疑唯心论 批判,1292_思想事实之母_存疑唯心论_批判.md,瞿秋白 东方文化派 唯心论 批判,0339_瞿秋白_东方文化派_唯心论_批判.md,5.0,其他待人工复核
国家主义派 超阶级国家观 批判,1293_国家主义派_超阶级国家观_批判.md,国家主义派 阶级斗争 批判,0037_国家主义派_阶级斗争_批判.md,35.0,阶级斗争与社会革命理论
国家主义派 超阶级国家观 批判,1293_国家主义派_超阶级国家观_批判.md,国家主义派 国际主义 批判,1294_国家主义派_国际主义_批判.md,33.33,阶级斗争与社会革命理论
国家主义派 超阶级国家观 批判,1293_国家主义派_超阶级国家观_批判.md,国家主义派 中国共产党 批判,1138_国家主义派_中国共产党_批判.md,32.35,阶级斗争与社会革命理论
国家主义派 超阶级国家观 批判,1293_国家主义派_超阶级国家观_批判.md,国家主义派 二元论 唯心论,1295_国家主义派_二元论_唯心论.md,30.88,阶级斗争与社会革命理论
国家主义派 超阶级国家观 批判,1293_国家主义派_超阶级国家观_批判.md,国家主义 青年,1726_国家主义_青年.md,5.77,阶级斗争与社会革命理论
国家主义派 国际主义 批判,1294_国家主义派_国际主义_批判.md,国家主义派 阶级斗争 批判,0037_国家主义派_阶级斗争_批判.md,33.93,民族国家与国际关系
国家主义派 国际主义 批判,1294_国家主义派_国际主义_批判.md,国家主义派 中国共产党 批判,1138_国家主义派_中国共产党_批判.md,33.33,民族国家与国际关系
国家主义派 国际主义 批判,1294_国家主义派_国际主义_批判.md,国家主义派 超阶级国家观 批判,1293_国家主义派_超阶级国家观_批判.md,33.33,民族国家与国际关系
国家主义派 国际主义 批判,1294_国家主义派_国际主义_批判.md,国家主义派 二元论 唯心论,1295_国家主义派_二元论_唯心论.md,31.67,民族国家与国际关系
国家主义派 国际主义 批判,1294_国家主义派_国际主义_批判.md,国际主义 民族主义 中国共产党,1176_国际主义_民族主义_中国共产党.md,24.41,民族国家与国际关系
国家主义派 二元论 唯心论,1295_国家主义派_二元论_唯心论.md,国家主义派 国际主义 批判,1294_国家主义派_国际主义_批判.md,31.67,民族国家与国际关系
国家主义派 二元论 唯心论,1295_国家主义派_二元论_唯心论.md,国家主义派 阶级斗争 批判,0037_国家主义派_阶级斗争_批判.md,31.25,民族国家与国际关系
国家主义派 二元论 唯心论,1295_国家主义派_二元论_唯心论.md,国家主义派 中国共产党 批判,1138_国家主义派_中国共产党_批判.md,30.88,民族国家与国际关系
国家主义派 二元论 唯心论,1295_国家主义派_二元论_唯心论.md,国家主义派 超阶级国家观 批判,1293_国家主义派_超阶级国家观_批判.md,30.88,民族国家与国际关系
国家主义派 二元论 唯心论,1295_国家主义派_二元论_唯心论.md,唯物论 唯心论 哲学党性,1576_唯物论_唯心论_哲学党性.md,19.69,民族国家与国际关系
中国国情 民主革命纲领 制订,1296_中国国情_民主革命纲领_制订.md,民主革命 策略,1755_民主革命_策略.md,5.77,中国近代启蒙与民主革命
无产阶级 民主革命 领导权,1297_无产阶级_民主革命_领导权.md,无产阶级 资产阶级,1705_无产阶级_资产阶级.md,26.25,阶级斗争与社会革命理论
无产阶级 民主革命 领导权,1297_无产阶级_民主革命_领导权.md,俄国 无产阶级,1712_俄国_无产阶级.md,26.25,阶级斗争与社会革命理论
无产阶级 民主革命 领导权,1297_无产阶级_民主革命_领导权.md,民主革命 策略,1755_民主革命_策略.md,26.25,阶级斗争与社会革命理论
无产阶级 民主革命 领导权,1297_无产阶级_民主革命_领导权.md,无产阶级 法国,1764_无产阶级_法国.md,26.25,阶级斗争与社会革命理论
无产阶级 民主革命 领导权,1297_无产阶级_民主革命_领导权.md,农民 无产阶级,1807_农民_无产阶级.md,26.25,阶级斗争与社会革命理论
社会发展 一般秩序 机械理解,1298_社会发展_一般秩序_机械理解.md,李达 社会发展 原动力,0317_李达_社会发展_原动力.md,24.69,哲学基本范畴与辩证法原理
社会科学家联盟 纲领 活动 作用,1299_社会科学家联盟_纲领_活动_作用.md,社会科学概论,2023_社会科学概论.md,5.36,自然科学哲学与科学方法
哲学大众化 问题 提出,1300_哲学大众化_问题_提出.md,胡绳 哲学大众化,1634_胡绳_哲学大众化.md,35.0,新哲学大众化运动
哲学大众化 问题 提出,1300_哲学大众化_问题_提出.md,哲学大众化 新哲学,1706_哲学大众化_新哲学.md,35.0,新哲学大众化运动
哲学大众化 问题 提出,1300_哲学大众化_问题_提出.md,哲学大众化 艾思奇,1746_哲学大众化_艾思奇.md,34.09,新哲学大众化运动
哲学大众化 问题 提出,1300_哲学大众化_问题_提出.md,哲学大众化 新哲学运动,1630_哲学大众化_新哲学运动.md,33.33,新哲学大众化运动
哲学大众化 问题 提出,1300_哲学大众化_问题_提出.md,艾思奇 大众哲学 哲学大众化,0371_艾思奇_大众哲学_哲学大众化.md,32.69,新哲学大众化运动
社会学大纲 体系 深刻见解,1301_社会学大纲_体系_深刻见解.md,社会学大纲,1868_社会学大纲.md,35.0,李达与马克思主义哲学体系化
社会学大纲 体系 深刻见解,1301_社会学大纲_体系_深刻见解.md,社会学大纲 理论体系 整体性,1062_社会学大纲_理论体系_整体性.md,32.81,李达与马克思主义哲学体系化
社会学大纲 体系 深刻见解,1301_社会学大纲_体系_深刻见解.md,社会学大纲 理论体系 准确性,1063_社会学大纲_理论体系_准确性.md,32.81,李达与马克思主义哲学体系化
社会学大纲 体系 深刻见解,1301_社会学大纲_体系_深刻见解.md,李达 社会学大纲 学术史,0268_李达_社会学大纲_学术史.md,31.67,李达与马克思主义哲学体系化
社会学大纲 体系 深刻见解,1301_社会学大纲_体系_深刻见解.md,李达 现代社会学 社会学大纲,0298_李达_现代社会学_社会学大纲.md,31.67,李达与马克思主义哲学体系化
三十年代 哲学思想理论战线 论争,1302_三十年代_哲学思想理论战线_论争.md,三十年代 理论战线 三次论战,1425_三十年代_理论战线_三次论战.md,28.82,30年代苏联哲学批判运动
三十年代 哲学思想理论战线 论争,1302_三十年代_哲学思想理论战线_论争.md,三十年代 上海 左翼文化工作,1483_三十年代_上海_左翼文化工作.md,23.57,30年代苏联哲学批判运动
三十年代 哲学思想理论战线 论争,1302_三十年代_哲学思想理论战线_论争.md,马克思主义 广泛传播 三十年代,0106_马克思主义_广泛传播_三十年代.md,23.41,30年代苏联哲学批判运动
三十年代 哲学思想理论战线 论争,1302_三十年代_哲学思想理论战线_论争.md,问题与主义 论争 哲学意义,0146_问题与主义_论争_哲学意义.md,12.38,30年代苏联哲学批判运动
三十年代 哲学思想理论战线 论争,1302_三十年代_哲学思想理论战线_论争.md,无政府主义 论争 哲学意义,1289_无政府主义_论争_哲学意义.md,12.38,30年代苏联哲学批判运动
唯物辩证法 问题 论争,1303_唯物辩证法_问题_论争.md,唯物辩证法 风靡全国,1026_唯物辩证法_风靡全国.md,33.33,辩证唯物主义体系
唯物辩证法 问题 论争,1303_唯物辩证法_问题_论争.md,唯物辩证法 风靡 起点,1027_唯物辩证法_风靡_起点.md,33.33,辩证唯物主义体系
唯物辩证法 问题 论争,1303_唯物辩证法_问题_论争.md,唯物辩证法 风靡 前奏,1028_唯物辩证法_风靡_前奏.md,33.33,辩证唯物主义体系
唯物辩证法 问题 论争,1303_唯物辩证法_问题_论争.md,唯物辩证法 风靡 原因,1030_唯物辩证法_风靡_原因.md,33.33,辩证唯物主义体系
唯物辩证法 问题 论争,1303_唯物辩证法_问题_论争.md,逐步改造 唯物辩证法,1052_逐步改造_唯物辩证法.md,33.33,辩证唯物主义体系
辩证法 形式逻辑 论争,1304_辩证法_形式逻辑_论争.md,辩证法 方法论 形式逻辑 技术论,1306_辩证法_方法论_形式逻辑_技术论.md,43.33,哲学基本范畴与辩证法原理
辩证法 形式逻辑 论争,1304_辩证法_形式逻辑_论争.md,唯物辩证法 形式逻辑 分疆而治,1305_唯物辩证法_形式逻辑_分疆而治.md,30.71,哲学基本范畴与辩证法原理
辩证法 形式逻辑 论争,1304_辩证法_形式逻辑_论争.md,形式逻辑 辩证逻辑 形式论理学,0408_形式逻辑_辩证逻辑_形式论理学.md,27.14,哲学基本范畴与辩证法原理
辩证法 形式逻辑 论争,1304_辩证法_形式逻辑_论争.md,形式逻辑 对象 客观基础,1370_形式逻辑_对象_客观基础.md,25.36,哲学基本范畴与辩证法原理
辩证法 形式逻辑 论争,1304_辩证法_形式逻辑_论争.md,张东荪 动的逻辑 形式逻辑,1606_张东荪_动的逻辑_形式逻辑.md,25.36,哲学基本范畴与辩证法原理
唯物辩证法 形式逻辑 分疆而治,1305_唯物辩证法_形式逻辑_分疆而治.md,唯物辩证法 风靡全国,1026_唯物辩证法_风靡全国.md,31.25,辩证唯物主义体系
唯物辩证法 形式逻辑 分疆而治,1305_唯物辩证法_形式逻辑_分疆而治.md,唯物辩证法 风靡 起点,1027_唯物辩证法_风靡_起点.md,31.25,辩证唯物主义体系
唯物辩证法 形式逻辑 分疆而治,1305_唯物辩证法_形式逻辑_分疆而治.md,唯物辩证法 风靡 前奏,1028_唯物辩证法_风靡_前奏.md,31.25,辩证唯物主义体系
唯物辩证法 形式逻辑 分疆而治,1305_唯物辩证法_形式逻辑_分疆而治.md,唯物辩证法 风靡 原因,1030_唯物辩证法_风靡_原因.md,31.25,辩证唯物主义体系
唯物辩证法 形式逻辑 分疆而治,1305_唯物辩证法_形式逻辑_分疆而治.md,逐步改造 唯物辩证法,1052_逐步改造_唯物辩证法.md,31.25,辩证唯物主义体系
辩证法 方法论 形式逻辑 技术论,1306_辩证法_方法论_形式逻辑_技术论.md,辩证法 形式逻辑 论争,1304_辩证法_形式逻辑_论争.md,43.33,思想方法与世界观教育
辩证法 方法论 形式逻辑 技术论,1306_辩证法_方法论_形式逻辑_技术论.md,唯物辩证法 形式逻辑 分疆而治,1305_唯物辩证法_形式逻辑_分疆而治.md,26.58,思想方法与世界观教育
辩证法 方法论 形式逻辑 技术论,1306_辩证法_方法论_形式逻辑_技术论.md,形式逻辑 辩证逻辑 形式论理学,0408_形式逻辑_辩证逻辑_形式论理学.md,25.56,思想方法与世界观教育
辩证法 方法论 形式逻辑 技术论,1306_辩证法_方法论_形式逻辑_技术论.md,形式逻辑 对象 客观基础,1370_形式逻辑_对象_客观基础.md,24.17,思想方法与世界观教育
辩证法 方法论 形式逻辑 技术论,1306_辩证法_方法论_形式逻辑_技术论.md,张东荪 动的逻辑 形式逻辑,1606_张东荪_动的逻辑_形式逻辑.md,24.17,思想方法与世界观教育
红色政权 存在发展 客观依据,1307_红色政权_存在发展_客观依据.md,红色政权 理论 毛泽东,0535_红色政权_理论_毛泽东.md,24.69,哲学基本范畴与辩证法原理
红色政权 存在发展 客观依据,1307_红色政权_存在发展_客观依据.md,社会主义 商品经济 客观依据,1261_社会主义_商品经济_客观依据.md,23.95,哲学基本范畴与辩证法原理
红色政权 存在发展 客观依据,1307_红色政权_存在发展_客观依据.md,马克思主义哲学中国化 客观依据,1055_马克思主义哲学中国化_客观依据.md,23.57,哲学基本范畴与辩证法原理
中国革命 胜利 中国情况,1308_中国革命_胜利_中国情况.md,十月革命 中国革命 影响,0844_十月革命_中国革命_影响.md,25.77,毛泽东哲学与中国革命经验
中国革命 胜利 中国情况,1308_中国革命_胜利_中国情况.md,一步走 两步走 中国革命,1174_一步走_两步走_中国革命.md,25.77,毛泽东哲学与中国革命经验
中国革命 胜利 中国情况,1308_中国革命_胜利_中国情况.md,俄国革命经验 中国革命 套用,0850_俄国革命经验_中国革命_套用.md,25.36,毛泽东哲学与中国革命经验
中国革命 胜利 中国情况,1308_中国革命_胜利_中国情况.md,中国革命 性质 前途 研判,1139_中国革命_性质_前途_研判.md,25.36,毛泽东哲学与中国革命经验
中国革命 胜利 中国情况,1308_中国革命_胜利_中国情况.md,农民问题 中国革命 毛泽东,0582_农民问题_中国革命_毛泽东.md,25.0,毛泽东哲学与中国革命经验
从斗争中 创造新局面 思想路线,1309_从斗争中_创造新局面_思想路线.md,实事求是 思想路线 延安,0597_实事求是_思想路线_延安.md,24.17,实事求是与群众路线
从斗争中 创造新局面 思想路线,1309_从斗争中_创造新局面_思想路线.md,思想路线 政治路线 组织路线,1375_思想路线_政治路线_组织路线.md,24.17,实事求是与群众路线
从斗争中 创造新局面 思想路线,1309_从斗争中_创造新局面_思想路线.md,克服主观主义 实事求是 思想路线,0546_克服主观主义_实事求是_思想路线.md,23.41,实事求是与群众路线
民族矛盾 阶级矛盾 新变化,1310_民族矛盾_阶级矛盾_新变化.md,民族矛盾 阶级矛盾 统一战线,1330_民族矛盾_阶级矛盾_统一战线.md,51.54,哲学基本范畴与辩证法原理
民族矛盾 阶级矛盾 新变化,1310_民族矛盾_阶级矛盾_新变化.md,中国哲学史研究 新中国 新变化,0718_中国哲学史研究_新中国_新变化.md,17.78,哲学基本范畴与辩证法原理
民族矛盾 阶级矛盾 新变化,1310_民族矛盾_阶级矛盾_新变化.md,民族资产阶级 矛盾 性质,1360_民族资产阶级_矛盾_性质.md,7.14,哲学基本范畴与辩证法原理
民族矛盾 阶级矛盾 新变化,1310_民族矛盾_阶级矛盾_新变化.md,过渡时期 工人阶级 民族资产阶级 矛盾,0680_过渡时期_工人阶级_民族资产阶级_矛盾.md,5.26,哲学基本范畴与辩证法原理
民族矛盾 阶级矛盾 新变化,1310_民族矛盾_阶级矛盾_新变化.md,帝国主义 中华民族 矛盾,1501_帝国主义_中华民族_矛盾.md,5.0,哲学基本范畴与辩证法原理
中国革命 不平衡性 长期性,1311_中国革命_不平衡性_长期性.md,十月革命 中国革命 影响,0844_十月革命_中国革命_影响.md,25.0,毛泽东哲学与中国革命经验
中国革命 不平衡性 长期性,1311_中国革命_不平衡性_长期性.md,一步走 两步走 中国革命,1174_一步走_两步走_中国革命.md,25.0,毛泽东哲学与中国革命经验
中国革命 不平衡性 长期性,1311_中国革命_不平衡性_长期性.md,中国革命 胜利 中国情况,1308_中国革命_胜利_中国情况.md,25.0,毛泽东哲学与中国革命经验
中国革命 不平衡性 长期性,1311_中国革命_不平衡性_长期性.md,俄国革命经验 中国革命 套用,0850_俄国革命经验_中国革命_套用.md,24.69,毛泽东哲学与中国革命经验
中国革命 不平衡性 长期性,1311_中国革命_不平衡性_长期性.md,中国革命 性质 前途 研判,1139_中国革命_性质_前途_研判.md,24.69,毛泽东哲学与中国革命经验
战争指导规律 特点 发展,1312_战争指导规律_特点_发展.md,中国革命战争 特点 规律,1315_中国革命战争_特点_规律.md,15.0,哲学基本范畴与辩证法原理
战争指导规律 特点 发展,1312_战争指导规律_特点_发展.md,新中国成立后 马克思主义哲学发展 特点,0661_新中国成立后_马克思主义哲学发展_特点.md,12.17,哲学基本范畴与辩证法原理
战争指导规律 特点 发展,1312_战争指导规律_特点_发展.md,瞿秋白 东西文化 特点,0340_瞿秋白_东西文化_特点.md,11.56,哲学基本范畴与辩证法原理
战争指导规律 特点 发展,1312_战争指导规律_特点_发展.md,毛泽东 调查研究 特点,0586_毛泽东_调查研究_特点.md,11.56,哲学基本范畴与辩证法原理
战争指导规律 特点 发展,1312_战争指导规律_特点_发展.md,唯物史观 传播热潮 特点,0065_唯物史观_传播热潮_特点.md,11.47,哲学基本范畴与辩证法原理
战争 全局 局部 相互关系,1314_战争_全局_局部_相互关系.md,战争 政治 经济 关系,1216_战争_政治_经济_关系.md,13.57,民族国家与国际关系
战争 全局 局部 相互关系,1314_战争_全局_局部_相互关系.md,战争 主观 客观 关系,1322_战争_主观_客观_关系.md,13.57,民族国家与国际关系
战争 全局 局部 相互关系,1314_战争_全局_局部_相互关系.md,战争 政治 革命,1323_战争_政治_革命.md,11.92,民族国家与国际关系
战争 全局 局部 相互关系,1314_战争_全局_局部_相互关系.md,帝国主义 战争,1720_帝国主义_战争.md,11.92,民族国家与国际关系
战争 全局 局部 相互关系,1314_战争_全局_局部_相互关系.md,科学 玄学 战争 历史,0205_科学_玄学_战争_历史.md,11.67,民族国家与国际关系
中国革命战争 特点 规律,1315_中国革命战争_特点_规律.md,反对本本主义 中国革命战争 战略问题,1427_反对本本主义_中国革命战争_战略问题.md,36.58,毛泽东哲学与中国革命经验
中国革命战争 特点 规律,1315_中国革命战争_特点_规律.md,中国革命 道路 特点 毛泽东,0616_中国革命_道路_特点_毛泽东.md,16.67,毛泽东哲学与中国革命经验
中国革命战争 特点 规律,1315_中国革命战争_特点_规律.md,中国革命 根源 任务 性质 特点,1115_中国革命_根源_任务_性质_特点.md,16.25,毛泽东哲学与中国革命经验
中国革命战争 特点 规律,1315_中国革命战争_特点_规律.md,战争指导规律 特点 发展,1312_战争指导规律_特点_发展.md,15.0,毛泽东哲学与中国革命经验
中国革命战争 特点 规律,1315_中国革命战争_特点_规律.md,新中国成立后 马克思主义哲学发展 特点,0661_新中国成立后_马克思主义哲学发展_特点.md,12.17,毛泽东哲学与中国革命经验
刘少奇 白区工作 政策策略 辩证法,1316_刘少奇_白区工作_政策策略_辩证法.md,进攻 防御 辩证法,1325_进攻_防御_辩证法.md,17.94,中国革命道路与党的思想建设
刘少奇 白区工作 政策策略 辩证法,1316_刘少奇_白区工作_政策策略_辩证法.md,持久 速决 辩证法,1326_持久_速决_辩证法.md,17.94,中国革命道路与党的思想建设
刘少奇 白区工作 政策策略 辩证法,1316_刘少奇_白区工作_政策策略_辩证法.md,内线 外线 辩证法,1327_内线_外线_辩证法.md,17.94,中国革命道路与党的思想建设
刘少奇 白区工作 政策策略 辩证法,1316_刘少奇_白区工作_政策策略_辩证法.md,主动 被动 辩证法,1328_主动_被动_辩证法.md,17.94,中国革命道路与党的思想建设
刘少奇 白区工作 政策策略 辩证法,1316_刘少奇_白区工作_政策策略_辩证法.md,辩证法 中国 进展,1401_辩证法_中国_进展.md,17.94,中国革命道路与党的思想建设
党内矛盾 斗争 方针方法,1317_党内矛盾_斗争_方针方法.md,斗争 资产阶级,1717_斗争_资产阶级.md,11.92,哲学基本范畴与辩证法原理
党内矛盾 斗争 方针方法,1317_党内矛盾_斗争_方针方法.md,工人阶级 斗争,1778_工人阶级_斗争.md,11.92,哲学基本范畴与辩证法原理
党内矛盾 斗争 方针方法,1317_党内矛盾_斗争_方针方法.md,恩格斯 观念论 斗争,0424_恩格斯_观念论_斗争.md,11.67,哲学基本范畴与辩证法原理
党内矛盾 斗争 方针方法,1317_党内矛盾_斗争_方针方法.md,团结 斗争 实力基础,1173_团结_斗争_实力基础.md,11.67,哲学基本范畴与辩证法原理
党内矛盾 斗争 方针方法,1317_党内矛盾_斗争_方针方法.md,哲学本身 斗争 发展,1575_哲学本身_斗争_发展.md,11.67,哲学基本范畴与辩证法原理
矛盾 同一性 斗争性,1319_矛盾_同一性_斗争性.md,思维与存在 同一性 争论,1042_思维与存在_同一性_争论.md,18.57,哲学基本范畴与辩证法原理
矛盾 同一性 斗争性,1319_矛盾_同一性_斗争性.md,思维与存在 同一性 讨论,1365_思维与存在_同一性_讨论.md,18.57,哲学基本范畴与辩证法原理
矛盾 同一性 斗争性,1319_矛盾_同一性_斗争性.md,矛盾 发展 运动,1467_矛盾_发展_运动.md,12.27,哲学基本范畴与辩证法原理
矛盾 同一性 斗争性,1319_矛盾_同一性_斗争性.md,矛盾 两方面 统一,1561_矛盾_两方面_统一.md,12.08,哲学基本范畴与辩证法原理
矛盾 同一性 斗争性,1319_矛盾_同一性_斗争性.md,李大钊 矛盾 对抗 调和,0350_李大钊_矛盾_对抗_调和.md,11.79,哲学基本范畴与辩证法原理
抗日战争 马克思主义哲学 中国化,1320_抗日战争_马克思主义哲学_中国化.md,抗日战争 解放战争 马克思主义哲学 中国化,1428_抗日战争_解放战争_马克思主义哲学_中国化.md,90.31,马克思恩格斯经典文本与哲学关系
抗日战争 马克思主义哲学 中国化,1320_抗日战争_马克思主义哲学_中国化.md,李达 马克思主义哲学 中国化,0301_李达_马克思主义哲学_中国化.md,65.0,马克思恩格斯经典文本与哲学关系
抗日战争 马克思主义哲学 中国化,1320_抗日战争_马克思主义哲学_中国化.md,马克思主义哲学 中国化 历程,1413_马克思主义哲学_中国化_历程.md,65.0,马克思恩格斯经典文本与哲学关系
抗日战争 马克思主义哲学 中国化,1320_抗日战争_马克思主义哲学_中国化.md,马克思主义哲学 中国化 定义,1414_马克思主义哲学_中国化_定义.md,65.0,马克思恩格斯经典文本与哲学关系
抗日战争 马克思主义哲学 中国化,1320_抗日战争_马克思主义哲学_中国化.md,毛泽东 马克思主义哲学 中国化,0615_毛泽东_马克思主义哲学_中国化.md,64.06,马克思恩格斯经典文本与哲学关系
亡国论 速胜论 认识论根源,1321_亡国论_速胜论_认识论根源.md,亡国论 速胜论 批判,1218_亡国论_速胜论_批判.md,40.42,实践观点与认识论
亡国论 速胜论 认识论根源,1321_亡国论_速胜论_认识论根源.md,唯物论 认识论 反映,1537_唯物论_认识论_反映.md,5.36,实践观点与认识论
亡国论 速胜论 认识论根源,1321_亡国论_速胜论_认识论根源.md,毛泽东 实践论 认识论,1686_毛泽东_实践论_认识论.md,5.0,实践观点与认识论
战争 主观 客观 关系,1322_战争_主观_客观_关系.md,知行 主观 客观 关系,1506_知行_主观_客观_关系.md,23.89,哲学基本范畴与辩证法原理
战争 主观 客观 关系,1322_战争_主观_客观_关系.md,战争 政治 经济 关系,1216_战争_政治_经济_关系.md,14.17,哲学基本范畴与辩证法原理
战争 主观 客观 关系,1322_战争_主观_客观_关系.md,战争 全局 局部 相互关系,1314_战争_全局_局部_相互关系.md,13.57,哲学基本范畴与辩证法原理
战争 主观 客观 关系,1322_战争_主观_客观_关系.md,战争 政治 革命,1323_战争_政治_革命.md,12.27,哲学基本范畴与辩证法原理
战争 主观 客观 关系,1322_战争_主观_客观_关系.md,帝国主义 战争,1720_帝国主义_战争.md,12.27,哲学基本范畴与辩证法原理
战争 政治 革命,1323_战争_政治_革命.md,战争 政治 经济 关系,1216_战争_政治_经济_关系.md,18.33,民族国家与国际关系
战争 政治 革命,1323_战争_政治_革命.md,帝国主义 战争,1720_帝国主义_战争.md,12.78,民族国家与国际关系
战争 政治 革命,1323_战争_政治_革命.md,科学 玄学 战争 历史,0205_科学_玄学_战争_历史.md,12.27,民族国家与国际关系
战争 政治 革命,1323_战争_政治_革命.md,战争 主观 客观 关系,1322_战争_主观_客观_关系.md,12.27,民族国家与国际关系
战争 政治 革命,1323_战争_政治_革命.md,战争 全局 局部 相互关系,1314_战争_全局_局部_相互关系.md,11.92,民族国家与国际关系
人民战争 战略战术 辩证法,1324_人民战争_战略战术_辩证法.md,人民战争 战略战术 原则,1217_人民战争_战略战术_原则.md,54.58,民族国家与国际关系
人民战争 战略战术 辩证法,1324_人民战争_战略战术_辩证法.md,战略战术 辩证法 毛泽东,0587_战略战术_辩证法_毛泽东.md,46.54,民族国家与国际关系
人民战争 战略战术 辩证法,1324_人民战争_战略战术_辩证法.md,红军游击战争 战略战术 哲学,1204_红军游击战争_战略战术_哲学.md,27.81,民族国家与国际关系
人民战争 战略战术 辩证法,1324_人民战争_战略战术_辩证法.md,人民战争 思想 毛泽东,0557_人民战争_思想_毛泽东.md,25.0,民族国家与国际关系
人民战争 战略战术 辩证法,1324_人民战争_战略战术_辩证法.md,进攻 防御 辩证法,1325_进攻_防御_辩证法.md,18.57,民族国家与国际关系
进攻 防御 辩证法,1325_进攻_防御_辩证法.md,防御 进攻 军事辩证法,1222_防御_进攻_军事辩证法.md,30.0,毛泽东军事辩证法与战略思想
进攻 防御 辩证法,1325_进攻_防御_辩证法.md,持久 速决 辩证法,1326_持久_速决_辩证法.md,20.0,毛泽东军事辩证法与战略思想
进攻 防御 辩证法,1325_进攻_防御_辩证法.md,内线 外线 辩证法,1327_内线_外线_辩证法.md,20.0,毛泽东军事辩证法与战略思想
进攻 防御 辩证法,1325_进攻_防御_辩证法.md,主动 被动 辩证法,1328_主动_被动_辩证法.md,20.0,毛泽东军事辩证法与战略思想
进攻 防御 辩证法,1325_进攻_防御_辩证法.md,辩证法 中国 进展,1401_辩证法_中国_进展.md,20.0,毛泽东军事辩证法与战略思想
持久 速决 辩证法,1326_持久_速决_辩证法.md,进攻 防御 辩证法,1325_进攻_防御_辩证法.md,20.0,毛泽东军事辩证法与战略思想
持久 速决 辩证法,1326_持久_速决_辩证法.md,内线 外线 辩证法,1327_内线_外线_辩证法.md,20.0,毛泽东军事辩证法与战略思想
持久 速决 辩证法,1326_持久_速决_辩证法.md,主动 被动 辩证法,1328_主动_被动_辩证法.md,20.0,毛泽东军事辩证法与战略思想
持久 速决 辩证法,1326_持久_速决_辩证法.md,辩证法 中国 进展,1401_辩证法_中国_进展.md,20.0,毛泽东军事辩证法与战略思想
持久 速决 辩证法,1326_持久_速决_辩证法.md,相对 绝对 辩证法,1562_相对_绝对_辩证法.md,20.0,毛泽东军事辩证法与战略思想
内线 外线 辩证法,1327_内线_外线_辩证法.md,内线 外线 军事辩证法,1221_内线_外线_军事辩证法.md,33.89,毛泽东军事辩证法与战略思想
内线 外线 辩证法,1327_内线_外线_辩证法.md,进攻 防御 辩证法,1325_进攻_防御_辩证法.md,20.0,毛泽东军事辩证法与战略思想
内线 外线 辩证法,1327_内线_外线_辩证法.md,持久 速决 辩证法,1326_持久_速决_辩证法.md,20.0,毛泽东军事辩证法与战略思想
内线 外线 辩证法,1327_内线_外线_辩证法.md,主动 被动 辩证法,1328_主动_被动_辩证法.md,20.0,毛泽东军事辩证法与战略思想
内线 外线 辩证法,1327_内线_外线_辩证法.md,辩证法 中国 进展,1401_辩证法_中国_进展.md,20.0,毛泽东军事辩证法与战略思想
主动 被动 辩证法,1328_主动_被动_辩证法.md,主动 被动 军事辩证法,1220_主动_被动_军事辩证法.md,33.89,毛泽东军事辩证法与战略思想
主动 被动 辩证法,1328_主动_被动_辩证法.md,进攻 防御 辩证法,1325_进攻_防御_辩证法.md,20.0,毛泽东军事辩证法与战略思想
主动 被动 辩证法,1328_主动_被动_辩证法.md,持久 速决 辩证法,1326_持久_速决_辩证法.md,20.0,毛泽东军事辩证法与战略思想
主动 被动 辩证法,1328_主动_被动_辩证法.md,内线 外线 辩证法,1327_内线_外线_辩证法.md,20.0,毛泽东军事辩证法与战略思想
主动 被动 辩证法,1328_主动_被动_辩证法.md,辩证法 中国 进展,1401_辩证法_中国_进展.md,20.0,毛泽东军事辩证法与战略思想
朱德 解放区战场 哲学意义,1329_朱德_解放区战场_哲学意义.md,问题与主义 论争 哲学意义,0146_问题与主义_论争_哲学意义.md,24.41,毛泽东军事辩证法与战略思想
朱德 解放区战场 哲学意义,1329_朱德_解放区战场_哲学意义.md,无政府主义 论争 哲学意义,1289_无政府主义_论争_哲学意义.md,24.41,毛泽东军事辩证法与战略思想
朱德 解放区战场 哲学意义,1329_朱德_解放区战场_哲学意义.md,社会主义问题 论争 哲学意义,1288_社会主义问题_论争_哲学意义.md,24.17,毛泽东军事辩证法与战略思想
朱德 解放区战场 哲学意义,1329_朱德_解放区战场_哲学意义.md,自力更生 艰苦奋斗 哲学意义,1339_自力更生_艰苦奋斗_哲学意义.md,24.17,毛泽东军事辩证法与战略思想
民族矛盾 阶级矛盾 统一战线,1330_民族矛盾_阶级矛盾_统一战线.md,民族矛盾 阶级矛盾 新变化,1310_民族矛盾_阶级矛盾_新变化.md,51.54,哲学基本范畴与辩证法原理
民族矛盾 阶级矛盾 统一战线,1330_民族矛盾_阶级矛盾_统一战线.md,利用矛盾 统一战线 意义,1172_利用矛盾_统一战线_意义.md,28.93,哲学基本范畴与辩证法原理
民族矛盾 阶级矛盾 统一战线,1330_民族矛盾_阶级矛盾_统一战线.md,统一战线 理论 认识深化,1133_统一战线_理论_认识深化.md,24.69,哲学基本范畴与辩证法原理
民族矛盾 阶级矛盾 统一战线,1330_民族矛盾_阶级矛盾_统一战线.md,力量对比 统一战线 必要,1169_力量对比_统一战线_必要.md,24.69,哲学基本范畴与辩证法原理
民族矛盾 阶级矛盾 统一战线,1330_民族矛盾_阶级矛盾_统一战线.md,统一战线 独立自主 统一 独立,1331_统一战线_独立自主_统一_独立.md,24.69,哲学基本范畴与辩证法原理
统一战线 独立自主 统一 独立,1331_统一战线_独立自主_统一_独立.md,独立自主 毛泽东思想,0493_独立自主_毛泽东思想.md,25.36,中国革命道路与党的思想建设
统一战线 独立自主 统一 独立,1331_统一战线_独立自主_统一_独立.md,统一战线 理论 认识深化,1133_统一战线_理论_认识深化.md,25.0,中国革命道路与党的思想建设
统一战线 独立自主 统一 独立,1331_统一战线_独立自主_统一_独立.md,力量对比 统一战线 必要,1169_力量对比_统一战线_必要.md,25.0,中国革命道路与党的思想建设
统一战线 独立自主 统一 独立,1331_统一战线_独立自主_统一_独立.md,利用矛盾 统一战线 意义,1172_利用矛盾_统一战线_意义.md,25.0,中国革命道路与党的思想建设
统一战线 独立自主 统一 独立,1331_统一战线_独立自主_统一_独立.md,民族矛盾 阶级矛盾 统一战线,1330_民族矛盾_阶级矛盾_统一战线.md,24.69,中国革命道路与党的思想建设
利用矛盾 争取多数 反对少数,1333_利用矛盾_争取多数_反对少数.md,利用矛盾 统一战线 意义,1172_利用矛盾_统一战线_意义.md,24.41,哲学基本范畴与辩证法原理
马克思主义 中国化 现实化,1335_马克思主义_中国化_现实化.md,教条化 马克思主义 中国化,1435_教条化_马克思主义_中国化.md,28.46,马克思恩格斯经典文本与哲学关系
马克思主义 中国化 现实化,1335_马克思主义_中国化_现实化.md,马克思主义 中国化 漫长 曲折,1398_马克思主义_中国化_漫长_曲折.md,27.5,马克思恩格斯经典文本与哲学关系
马克思主义 中国化 现实化,1335_马克思主义_中国化_现实化.md,马克思主义 学风 中国化,1215_马克思主义_学风_中国化.md,26.54,马克思恩格斯经典文本与哲学关系
马克思主义 中国化 现实化,1335_马克思主义_中国化_现实化.md,李达 马克思主义哲学 中国化,0301_李达_马克思主义哲学_中国化.md,25.0,马克思恩格斯经典文本与哲学关系
马克思主义 中国化 现实化,1335_马克思主义_中国化_现实化.md,马克思主义哲学 中国化 历程,1413_马克思主义哲学_中国化_历程.md,25.0,马克思恩格斯经典文本与哲学关系
中国化 民族形式 马克思主义哲学,1336_中国化_民族形式_马克思主义哲学.md,民族形式 马克思主义哲学,1438_民族形式_马克思主义哲学.md,74.23,中国作风中国气派与马克思主义哲学
中国化 民族形式 马克思主义哲学,1336_中国化_民族形式_马克思主义哲学.md,马克思主义哲学 民族形式 民族风格,1023_马克思主义哲学_民族形式_民族风格.md,68.24,中国作风中国气派与马克思主义哲学
中国化 民族形式 马克思主义哲学,1336_中国化_民族形式_马克思主义哲学.md,李达 马克思主义哲学 中国化,0301_李达_马克思主义哲学_中国化.md,62.5,中国作风中国气派与马克思主义哲学
中国化 民族形式 马克思主义哲学,1336_中国化_民族形式_马克思主义哲学.md,马克思主义哲学 中国化 历程,1413_马克思主义哲学_中国化_历程.md,62.5,中国作风中国气派与马克思主义哲学
中国化 民族形式 马克思主义哲学,1336_中国化_民族形式_马克思主义哲学.md,马克思主义哲学 中国化 定义,1414_马克思主义哲学_中国化_定义.md,62.5,中国作风中国气派与马克思主义哲学
整风 学风 党风 文风,1337_整风_学风_党风_文风.md,理论与实际 统一 学风,1214_理论与实际_统一_学风.md,11.79,中国革命道路与党的思想建设
整风 学风 党风 文风,1337_整风_学风_党风_文风.md,马克思主义 学风 中国化,1215_马克思主义_学风_中国化.md,11.67,中国革命道路与党的思想建设
主观主义 教条主义 经验主义,1338_主观主义_教条主义_经验主义.md,主观主义 教条主义 批判,1211_主观主义_教条主义_批判.md,53.64,苏联哲学教条化与斯大林
主观主义 教条主义 经验主义,1338_主观主义_教条主义_经验主义.md,主观主义 经验主义 批判,1464_主观主义_经验主义_批判.md,53.64,苏联哲学教条化与斯大林
主观主义 教条主义 经验主义,1338_主观主义_教条主义_经验主义.md,经验主义 主观主义 批判,1212_经验主义_主观主义_批判.md,50.42,苏联哲学教条化与斯大林
主观主义 教条主义 经验主义,1338_主观主义_教条主义_经验主义.md,苏联哲学 教条主义 经验教训,0807_苏联哲学_教条主义_经验教训.md,28.33,苏联哲学教条化与斯大林
主观主义 教条主义 经验主义,1338_主观主义_教条主义_经验主义.md,民粹主义 主观主义 批判,1588_民粹主义_主观主义_批判.md,25.36,苏联哲学教条化与斯大林
自力更生 艰苦奋斗 哲学意义,1339_自力更生_艰苦奋斗_哲学意义.md,问题与主义 论争 哲学意义,0146_问题与主义_论争_哲学意义.md,24.17,其他待人工复核
自力更生 艰苦奋斗 哲学意义,1339_自力更生_艰苦奋斗_哲学意义.md,无政府主义 论争 哲学意义,1289_无政府主义_论争_哲学意义.md,24.17,其他待人工复核
自力更生 艰苦奋斗 哲学意义,1339_自力更生_艰苦奋斗_哲学意义.md,朱德 解放区战场 哲学意义,1329_朱德_解放区战场_哲学意义.md,24.17,其他待人工复核
自力更生 艰苦奋斗 哲学意义,1339_自力更生_艰苦奋斗_哲学意义.md,社会主义问题 论争 哲学意义,1288_社会主义问题_论争_哲学意义.md,23.95,其他待人工复核
建国初期 马克思主义哲学 学习宣传,1340_建国初期_马克思主义哲学_学习宣传.md,马克思主义哲学 学习 新局面,1341_马克思主义哲学_学习_新局面.md,46.76,马克思恩格斯经典文本与哲学关系
建国初期 马克思主义哲学 学习宣传,1340_建国初期_马克思主义哲学_学习宣传.md,陈独秀 马克思主义哲学 宣传,0306_陈独秀_马克思主义哲学_宣传.md,44.72,马克思恩格斯经典文本与哲学关系
建国初期 马克思主义哲学 学习宣传,1340_建国初期_马克思主义哲学_学习宣传.md,瞿秋白 马克思主义哲学 宣传,0310_瞿秋白_马克思主义哲学_宣传.md,44.72,马克思恩格斯经典文本与哲学关系
建国初期 马克思主义哲学 学习宣传,1340_建国初期_马克思主义哲学_学习宣传.md,马克思主义哲学 学科化 问题,0936_马克思主义哲学_学科化_问题.md,44.72,马克思恩格斯经典文本与哲学关系
建国初期 马克思主义哲学 学习宣传,1340_建国初期_马克思主义哲学_学习宣传.md,五四时期 马克思主义哲学 传播,0143_五四时期_马克思主义哲学_传播.md,44.21,马克思恩格斯经典文本与哲学关系
马克思主义哲学 学习 新局面,1341_马克思主义哲学_学习_新局面.md,马克思主义哲学 大众学习 新中国,0662_马克思主义哲学_大众学习_新中国.md,47.5,马克思恩格斯经典文本与哲学关系
马克思主义哲学 学习 新局面,1341_马克思主义哲学_学习_新局面.md,建国初期 马克思主义哲学 学习宣传,1340_建国初期_马克思主义哲学_学习宣传.md,46.76,马克思恩格斯经典文本与哲学关系
马克思主义哲学 学习 新局面,1341_马克思主义哲学_学习_新局面.md,马克思主义哲学 学科化 问题,0936_马克思主义哲学_学科化_问题.md,46.67,马克思恩格斯经典文本与哲学关系
马克思主义哲学 学习 新局面,1341_马克思主义哲学_学习_新局面.md,马克思主义哲学 中国哲学,1823_马克思主义哲学_中国哲学.md,45.71,马克思恩格斯经典文本与哲学关系
马克思主义哲学 学习 新局面,1341_马克思主义哲学_学习_新局面.md,瞿秋白 马克思主义哲学 学术贡献,0265_瞿秋白_马克思主义哲学_学术贡献.md,45.29,马克思恩格斯经典文本与哲学关系
社会发展史 历史唯物主义 学习运动,1342_社会发展史_历史唯物主义_学习运动.md,社会发展史 历史唯物主义 宣传,1223_社会发展史_历史唯物主义_宣传.md,70.62,哲学基本范畴与辩证法原理
社会发展史 历史唯物主义 学习运动,1342_社会发展史_历史唯物主义_学习运动.md,社会发展史 历史唯物论 学习,1036_社会发展史_历史唯物论_学习.md,39.06,哲学基本范畴与辩证法原理
社会发展史 历史唯物主义 学习运动,1342_社会发展史_历史唯物主义_学习运动.md,历史唯物主义 辩证唯物主义,1707_历史唯物主义_辩证唯物主义.md,37.35,哲学基本范畴与辩证法原理
社会发展史 历史唯物主义 学习运动,1342_社会发展史_历史唯物主义_学习运动.md,历史唯物主义 研讨 争论,0978_历史唯物主义_研讨_争论.md,36.94,哲学基本范畴与辩证法原理
社会发展史 历史唯物主义 学习运动,1342_社会发展史_历史唯物主义_学习运动.md,历史唯物主义 辩证唯物主义 列宁,1800_历史唯物主义_辩证唯物主义_列宁.md,36.58,哲学基本范畴与辩证法原理
马列学院 哲学教学 经验,1343_马列学院_哲学教学_经验.md,马列学院 哲学教学 经验总结,1037_马列学院_哲学教学_经验总结.md,60.45,哲学教学与学术制度建设
马列学院 哲学教学 经验,1343_马列学院_哲学教学_经验.md,实际 经验 理论,1540_实际_经验_理论.md,11.92,哲学教学与学术制度建设
马列学院 哲学教学 经验,1343_马列学院_哲学教学_经验.md,经验 马赫主义,1762_经验_马赫主义.md,11.92,哲学教学与学术制度建设
马列学院 哲学教学 经验,1343_马列学院_哲学教学_经验.md,唯物论 几段杂记 实际 经验 理论,1541_唯物论_几段杂记_实际_经验_理论.md,11.25,哲学教学与学术制度建设
马列学院 哲学教学 经验,1343_马列学院_哲学教学_经验.md,马克思主义中国化 历史进程 经验,1802_马克思主义中国化_历史进程_经验.md,11.19,哲学教学与学术制度建设
冯定 平凡的真理 哲学宣传,1344_冯定_平凡的真理_哲学宣传.md,冯定 平凡的真理 哲学体系,1486_冯定_平凡的真理_哲学体系.md,51.67,哲学基本范畴与辩证法原理
武训传 唯心史观 批判,1345_武训传_唯心史观_批判.md,武训传 批判 唯心史观,0976_武训传_批判_唯心史观.md,50.0,文学艺术与文艺理论
武训传 唯心史观 批判,1345_武训传_唯心史观_批判.md,戴季陶主义 唯物史观 批判,0038_戴季陶主义_唯物史观_批判.md,5.0,文学艺术与文艺理论
宣传唯物论 批判唯心论 指示,1346_宣传唯物论_批判唯心论_指示.md,机械论 唯物论 批判,1465_机械论_唯物论_批判.md,7.14,哲学基本范畴与辩证法原理
宣传唯物论 批判唯心论 指示,1346_宣传唯物论_批判唯心论_指示.md,唯物论 唯心论 哲学党性,1576_唯物论_唯心论_哲学党性.md,6.25,哲学基本范畴与辩证法原理
宣传唯物论 批判唯心论 指示,1346_宣传唯物论_批判唯心论_指示.md,自由意志论 批判 唯物史观,0036_自由意志论_批判_唯物史观.md,5.88,哲学基本范畴与辩证法原理
宣传唯物论 批判唯心论 指示,1346_宣传唯物论_批判唯心论_指示.md,新哲学 形而上学唯物论 批判,0422_新哲学_形而上学唯物论_批判.md,5.56,哲学基本范畴与辩证法原理
宣传唯物论 批判唯心论 指示,1346_宣传唯物论_批判唯心论_指示.md,瞿秋白 东方文化派 唯心论 批判,0339_瞿秋白_东方文化派_唯心论_批判.md,5.26,哲学基本范畴与辩证法原理
国民经济恢复 主要矛盾 不要四面出击,1347_国民经济恢复_主要矛盾_不要四面出击.md,大众哲学 主要矛盾,1633_大众哲学_主要矛盾.md,23.95,矛盾分析法与矛盾特殊性
国民经济恢复 主要矛盾 不要四面出击,1347_国民经济恢复_主要矛盾_不要四面出击.md,毛泽东 矛盾论 主要矛盾,1687_毛泽东_矛盾论_主要矛盾.md,23.75,矛盾分析法与矛盾特殊性
国民经济恢复 主要矛盾 不要四面出击,1347_国民经济恢复_主要矛盾_不要四面出击.md,主要矛盾 大众哲学 矛盾理论,1808_主要矛盾_大众哲学_矛盾理论.md,23.41,矛盾分析法与矛盾特殊性
国民经济恢复 主要矛盾 不要四面出击,1347_国民经济恢复_主要矛盾_不要四面出击.md,近代中国 社会性质 主要矛盾 历史任务,1121_近代中国_社会性质_主要矛盾_历史任务.md,22.78,矛盾分析法与矛盾特殊性
赎买政策 资本主义工商业 改造,1348_赎买政策_资本主义工商业_改造.md,马克思主义哲学体系 改造 创新,1044_马克思主义哲学体系_改造_创新.md,12.27,政治经济学与资本主义批判
赎买政策 资本主义工商业 改造,1348_赎买政策_资本主义工商业_改造.md,改造 责任,2028_改造_责任.md,11.79,政治经济学与资本主义批判
赎买政策 资本主义工商业 改造,1348_赎买政策_资本主义工商业_改造.md,改造 建设 结合,1350_改造_建设_结合.md,11.56,政治经济学与资本主义批判
赎买政策 资本主义工商业 改造,1348_赎买政策_资本主义工商业_改造.md,劳动 资本主义,1710_劳动_资本主义.md,5.36,政治经济学与资本主义批判
赎买政策 资本主义工商业 改造,1348_赎买政策_资本主义工商业_改造.md,俄国 资本主义,1713_俄国_资本主义.md,5.36,政治经济学与资本主义批判
改造 建设 结合,1350_改造_建设_结合.md,改造 责任,2028_改造_责任.md,13.57,社会主义建设时期哲学讨论与反思
改造 建设 结合,1350_改造_建设_结合.md,社会主义革命 建设 辩证法,0983_社会主义革命_建设_辩证法.md,11.79,社会主义建设时期哲学讨论与反思
改造 建设 结合,1350_改造_建设_结合.md,社会主义革命 建设 主观主义,1357_社会主义革命_建设_主观主义.md,11.79,社会主义建设时期哲学讨论与反思
改造 建设 结合,1350_改造_建设_结合.md,哲学研究机构 教育体系 建设,0923_哲学研究机构_教育体系_建设.md,11.67,社会主义建设时期哲学讨论与反思
改造 建设 结合,1350_改造_建设_结合.md,马克思主义理论 一级学科 建设,0922_马克思主义理论_一级学科_建设.md,11.56,社会主义建设时期哲学讨论与反思
社会主义社会 基本矛盾 理论,1351_社会主义社会_基本矛盾_理论.md,社会主义社会 两类矛盾 学说,1353_社会主义社会_两类矛盾_学说.md,38.33,哲学基本范畴与辩证法原理
社会主义社会 基本矛盾 理论,1351_社会主义社会_基本矛盾_理论.md,社会主义社会 前进动力 矛盾,1355_社会主义社会_前进动力_矛盾.md,38.33,哲学基本范畴与辩证法原理
社会主义社会 基本矛盾 理论,1351_社会主义社会_基本矛盾_理论.md,新民主主义社会 社会主义社会 过渡,0606_新民主主义社会_社会主义社会_过渡.md,36.25,哲学基本范畴与辩证法原理
社会主义社会 基本矛盾 理论,1351_社会主义社会_基本矛盾_理论.md,社会主义社会 发展动力 讨论,0979_社会主义社会_发展动力_讨论.md,36.25,哲学基本范畴与辩证法原理
社会主义社会 基本矛盾 理论,1351_社会主义社会_基本矛盾_理论.md,列宁 过渡时期 基本矛盾,0872_列宁_过渡时期_基本矛盾.md,24.69,哲学基本范畴与辩证法原理
社会主义社会基本矛盾 概念 规定,1352_社会主义社会基本矛盾_概念_规定.md,社会主义社会 基本矛盾 理论,1351_社会主义社会_基本矛盾_理论.md,14.29,社会主义社会矛盾理论
社会主义社会基本矛盾 概念 规定,1352_社会主义社会基本矛盾_概念_规定.md,社会主义社会矛盾 理论 传播,0099_社会主义社会矛盾_理论_传播.md,7.35,社会主义社会矛盾理论
社会主义社会基本矛盾 概念 规定,1352_社会主义社会基本矛盾_概念_规定.md,社会主义社会矛盾学说 创立,0984_社会主义社会矛盾学说_创立.md,7.35,社会主义社会矛盾理论
社会主义社会基本矛盾 概念 规定,1352_社会主义社会基本矛盾_概念_规定.md,社会主义社会 两类矛盾 学说,1353_社会主义社会_两类矛盾_学说.md,7.35,社会主义社会矛盾理论
社会主义社会基本矛盾 概念 规定,1352_社会主义社会基本矛盾_概念_规定.md,社会主义社会 前进动力 矛盾,1355_社会主义社会_前进动力_矛盾.md,7.35,社会主义社会矛盾理论
社会主义社会 两类矛盾 学说,1353_社会主义社会_两类矛盾_学说.md,社会主义社会 基本矛盾 理论,1351_社会主义社会_基本矛盾_理论.md,38.33,哲学基本范畴与辩证法原理
社会主义社会 两类矛盾 学说,1353_社会主义社会_两类矛盾_学说.md,社会主义社会 前进动力 矛盾,1355_社会主义社会_前进动力_矛盾.md,38.33,哲学基本范畴与辩证法原理
社会主义社会 两类矛盾 学说,1353_社会主义社会_两类矛盾_学说.md,新民主主义社会 社会主义社会 过渡,0606_新民主主义社会_社会主义社会_过渡.md,36.25,哲学基本范畴与辩证法原理
社会主义社会 两类矛盾 学说,1353_社会主义社会_两类矛盾_学说.md,社会主义社会 发展动力 讨论,0979_社会主义社会_发展动力_讨论.md,36.25,哲学基本范畴与辩证法原理
社会主义社会 两类矛盾 学说,1353_社会主义社会_两类矛盾_学说.md,社会主义社会矛盾学说 创立,0984_社会主义社会矛盾学说_创立.md,13.46,哲学基本范畴与辩证法原理
正确处理 两类社会矛盾 方法,1354_正确处理_两类社会矛盾_方法.md,社会主义社会矛盾理论 正确处理人民内部矛盾,0678_社会主义社会矛盾理论_正确处理人民内部矛盾.md,6.82,哲学基本范畴与辩证法原理
社会主义社会 前进动力 矛盾,1355_社会主义社会_前进动力_矛盾.md,社会主义社会 发展动力 讨论,0979_社会主义社会_发展动力_讨论.md,38.33,哲学基本范畴与辩证法原理
社会主义社会 前进动力 矛盾,1355_社会主义社会_前进动力_矛盾.md,社会主义社会 基本矛盾 理论,1351_社会主义社会_基本矛盾_理论.md,38.33,哲学基本范畴与辩证法原理
社会主义社会 前进动力 矛盾,1355_社会主义社会_前进动力_矛盾.md,社会主义社会 两类矛盾 学说,1353_社会主义社会_两类矛盾_学说.md,38.33,哲学基本范畴与辩证法原理
社会主义社会 前进动力 矛盾,1355_社会主义社会_前进动力_矛盾.md,新民主主义社会 社会主义社会 过渡,0606_新民主主义社会_社会主义社会_过渡.md,36.25,哲学基本范畴与辩证法原理
社会主义社会 前进动力 矛盾,1355_社会主义社会_前进动力_矛盾.md,社会主义制度 生产力落后 矛盾,1248_社会主义制度_生产力落后_矛盾.md,15.56,哲学基本范畴与辩证法原理
百花齐放 百家争鸣 真理规律,1356_百花齐放_百家争鸣_真理规律.md,启蒙运动 百家争鸣 马克思主义,0224_启蒙运动_百家争鸣_马克思主义.md,23.75,哲学基本范畴与辩证法原理
社会主义革命 建设 主观主义,1357_社会主义革命_建设_主观主义.md,社会主义革命 建设 辩证法,0983_社会主义革命_建设_辩证法.md,53.46,哲学基本范畴与辩证法原理
社会主义革命 建设 主观主义,1357_社会主义革命_建设_主观主义.md,社会主义革命 形式 多样,1473_社会主义革命_形式_多样.md,38.93,哲学基本范畴与辩证法原理
社会主义革命 建设 主观主义,1357_社会主义革命_建设_主观主义.md,民主主义革命 社会主义革命 辩证统一,1049_民主主义革命_社会主义革命_辩证统一.md,37.35,哲学基本范畴与辩证法原理
社会主义革命 建设 主观主义,1357_社会主义革命_建设_主观主义.md,民主主义革命 社会主义革命 必然趋势,1050_民主主义革命_社会主义革命_必然趋势.md,37.35,哲学基本范畴与辩证法原理
社会主义革命 建设 主观主义,1357_社会主义革命_建设_主观主义.md,一国胜利理论 列宁 社会主义革命,0869_一国胜利理论_列宁_社会主义革命.md,36.94,哲学基本范畴与辩证法原理
盲目冒进 保守 主观主义,1358_盲目冒进_保守_主观主义.md,主观主义 教条主义 批判,1211_主观主义_教条主义_批判.md,25.36,哲学基本范畴与辩证法原理
盲目冒进 保守 主观主义,1358_盲目冒进_保守_主观主义.md,经验主义 主观主义 批判,1212_经验主义_主观主义_批判.md,25.36,哲学基本范畴与辩证法原理
盲目冒进 保守 主观主义,1358_盲目冒进_保守_主观主义.md,主观主义 经验主义 批判,1464_主观主义_经验主义_批判.md,25.36,哲学基本范畴与辩证法原理
盲目冒进 保守 主观主义,1358_盲目冒进_保守_主观主义.md,民粹主义 主观主义 批判,1588_民粹主义_主观主义_批判.md,25.36,哲学基本范畴与辩证法原理
盲目冒进 保守 主观主义,1358_盲目冒进_保守_主观主义.md,公式化 主观主义 陈独秀,0322_公式化_主观主义_陈独秀.md,25.0,哲学基本范畴与辩证法原理
个人智慧 集体智慧 个人崇拜,1359_个人智慧_集体智慧_个人崇拜.md,个人崇拜 背离唯物史观,0040_个人崇拜_背离唯物史观.md,25.0,社会主义建设时期哲学讨论与反思
民族资产阶级 矛盾 性质,1360_民族资产阶级_矛盾_性质.md,过渡时期 工人阶级 民族资产阶级 矛盾,0680_过渡时期_工人阶级_民族资产阶级_矛盾.md,50.94,中国近代启蒙与民主革命
民族资产阶级 矛盾 性质,1360_民族资产阶级_矛盾_性质.md,帝国主义 中华民族 矛盾,1501_帝国主义_中华民族_矛盾.md,13.12,中国近代启蒙与民主革命
民族资产阶级 矛盾 性质,1360_民族资产阶级_矛盾_性质.md,矛盾 发展 运动,1467_矛盾_发展_运动.md,11.92,中国近代启蒙与民主革命
民族资产阶级 矛盾 性质,1360_民族资产阶级_矛盾_性质.md,矛盾 两方面 统一,1561_矛盾_两方面_统一.md,11.79,中国近代启蒙与民主革命
民族资产阶级 矛盾 性质,1360_民族资产阶级_矛盾_性质.md,矛盾 同一性 斗争性,1319_矛盾_同一性_斗争性.md,11.67,中国近代启蒙与民主革命
真理 阶级性 讨论,1361_真理_阶级性_讨论.md,道德 阶级性 讨论,1369_道德_阶级性_讨论.md,27.5,哲学基本范畴与辩证法原理
真理 阶级性 讨论,1361_真理_阶级性_讨论.md,哲学 阶级性 党性 抗战,1581_哲学_阶级性_党性_抗战.md,19.17,哲学基本范畴与辩证法原理
真理 阶级性 讨论,1361_真理_阶级性_讨论.md,哲学 党性 阶级性 毛泽东,0540_哲学_党性_阶级性_毛泽东.md,18.85,哲学基本范畴与辩证法原理
真理 阶级性 讨论,1361_真理_阶级性_讨论.md,知识 发展 真理,1459_知识_发展_真理.md,12.5,哲学基本范畴与辩证法原理
真理 阶级性 讨论,1361_真理_阶级性_讨论.md,真理 追求 哲学,1460_真理_追求_哲学.md,12.5,哲学基本范畴与辩证法原理
领导方法 工作方法 概括,1363_领导方法_工作方法_概括.md,领导方法 工作方法 毛泽东,0554_领导方法_工作方法_毛泽东.md,53.64,其他待人工复核
领导方法 工作方法 概括,1363_领导方法_工作方法_概括.md,思想方法 工作方法 哲学,1213_思想方法_工作方法_哲学.md,28.33,其他待人工复核
领导方法 工作方法 概括,1363_领导方法_工作方法_概括.md,群众路线 领导方法,0553_群众路线_领导方法.md,26.25,其他待人工复核
知识分子 阶级属性 地位作用,1364_知识分子_阶级属性_地位作用.md,延安时期 知识分子,1704_延安时期_知识分子.md,25.0,社会主义建设时期哲学讨论与反思
知识分子 阶级属性 地位作用,1364_知识分子_阶级属性_地位作用.md,阶级斗争 国家 阶级属性,0028_阶级斗争_国家_阶级属性.md,24.69,社会主义建设时期哲学讨论与反思
知识分子 阶级属性 地位作用,1364_知识分子_阶级属性_地位作用.md,民主主义 知识分子 思潮,1825_民主主义_知识分子_思潮.md,24.41,社会主义建设时期哲学讨论与反思
知识分子 阶级属性 地位作用,1364_知识分子_阶级属性_地位作用.md,知识分子 社会主义 观察,1826_知识分子_社会主义_观察.md,24.41,社会主义建设时期哲学讨论与反思
知识分子 阶级属性 地位作用,1364_知识分子_阶级属性_地位作用.md,知识分子 马克思主义大众化,1701_知识分子_马克思主义大众化.md,23.95,社会主义建设时期哲学讨论与反思
思维与存在 同一性 讨论,1365_思维与存在_同一性_讨论.md,思维与存在 同一性 争论,1042_思维与存在_同一性_争论.md,55.91,哲学基本范畴与辩证法原理
思维与存在 同一性 讨论,1365_思维与存在_同一性_讨论.md,思维与存在 关系 哲学史,0941_思维与存在_关系_哲学史.md,32.14,哲学基本范畴与辩证法原理
思维与存在 同一性 讨论,1365_思维与存在_同一性_讨论.md,矛盾 同一性 斗争性,1319_矛盾_同一性_斗争性.md,18.57,哲学基本范畴与辩证法原理
一分为二 合二为一 讨论,1366_一分为二_合二为一_讨论.md,一分为二 合二而一 争论,1043_一分为二_合二而一_争论.md,29.62,哲学基本范畴与辩证法原理
划分阶级 标准 讨论,1367_划分阶级_标准_讨论.md,真理标准讨论 学术史,0645_真理标准讨论_学术史.md,6.25,社会主义建设时期哲学讨论与反思
划分阶级 标准 讨论,1367_划分阶级_标准_讨论.md,真理标准讨论 拨乱反正,0651_真理标准讨论_拨乱反正.md,5.77,社会主义建设时期哲学讨论与反思
老子 孔子 王船山 哲学讨论,1368_老子_孔子_王船山_哲学讨论.md,道家 老子 道 德,0702_道家_老子_道_德.md,11.79,中国哲学传统与现代转型
老子 孔子 王船山 哲学讨论,1368_老子_孔子_王船山_哲学讨论.md,孔子 正名 仁义,1000_孔子_正名_仁义.md,11.79,中国哲学传统与现代转型
老子 孔子 王船山 哲学讨论,1368_老子_孔子_王船山_哲学讨论.md,孔子 忠恕 知命,1001_孔子_忠恕_知命.md,11.79,中国哲学传统与现代转型
道德 阶级性 讨论,1369_道德_阶级性_讨论.md,真理 阶级性 讨论,1361_真理_阶级性_讨论.md,27.5,社会主义建设时期哲学讨论与反思
道德 阶级性 讨论,1369_道德_阶级性_讨论.md,哲学 阶级性 党性 抗战,1581_哲学_阶级性_党性_抗战.md,19.17,社会主义建设时期哲学讨论与反思
道德 阶级性 讨论,1369_道德_阶级性_讨论.md,哲学 党性 阶级性 毛泽东,0540_哲学_党性_阶级性_毛泽东.md,18.85,社会主义建设时期哲学讨论与反思
道德 阶级性 讨论,1369_道德_阶级性_讨论.md,复兴 道德,2026_复兴_道德.md,13.12,社会主义建设时期哲学讨论与反思
道德 阶级性 讨论,1369_道德_阶级性_讨论.md,知识 道德,2027_知识_道德.md,13.12,社会主义建设时期哲学讨论与反思
形式逻辑 对象 客观基础,1370_形式逻辑_对象_客观基础.md,辩证法 形式逻辑 论争,1304_辩证法_形式逻辑_论争.md,25.36,哲学基本范畴与辩证法原理
形式逻辑 对象 客观基础,1370_形式逻辑_对象_客观基础.md,张东荪 动的逻辑 形式逻辑,1606_张东荪_动的逻辑_形式逻辑.md,25.0,哲学基本范畴与辩证法原理
形式逻辑 对象 客观基础,1370_形式逻辑_对象_客观基础.md,形式逻辑 辩证逻辑 形式论理学,0408_形式逻辑_辩证逻辑_形式论理学.md,24.69,哲学基本范畴与辩证法原理
形式逻辑 对象 客观基础,1370_形式逻辑_对象_客观基础.md,唯物辩证法 形式逻辑 分疆而治,1305_唯物辩证法_形式逻辑_分疆而治.md,24.17,哲学基本范畴与辩证法原理
形式逻辑 对象 客观基础,1370_形式逻辑_对象_客观基础.md,辩证法 方法论 形式逻辑 技术论,1306_辩证法_方法论_形式逻辑_技术论.md,24.17,哲学基本范畴与辩证法原理
林彪 马克思主义哲学 歪曲,1371_林彪_马克思主义哲学_歪曲.md,文化大革命 马克思主义哲学 歪曲,0650_文化大革命_马克思主义哲学_歪曲.md,58.33,马克思恩格斯经典文本与哲学关系
林彪 马克思主义哲学 歪曲,1371_林彪_马克思主义哲学_歪曲.md,马克思主义哲学 中国哲学,1823_马克思主义哲学_中国哲学.md,46.54,马克思恩格斯经典文本与哲学关系
林彪 马克思主义哲学 歪曲,1371_林彪_马克思主义哲学_歪曲.md,李达 马克思主义哲学 研究,0267_李达_马克思主义哲学_研究.md,45.71,马克思恩格斯经典文本与哲学关系
林彪 马克思主义哲学 歪曲,1371_林彪_马克思主义哲学_歪曲.md,李达 马克思主义哲学 泰斗,0355_李达_马克思主义哲学_泰斗.md,45.71,马克思恩格斯经典文本与哲学关系
林彪 马克思主义哲学 歪曲,1371_林彪_马克思主义哲学_歪曲.md,马克思主义哲学 传播 苏联,0785_马克思主义哲学_传播_苏联.md,45.71,马克思恩格斯经典文本与哲学关系
天才论 唯心主义 批判,1372_天才论_唯心主义_批判.md,胡适派 唯心主义 批判,0459_胡适派_唯心主义_批判.md,31.36,社会主义建设时期哲学讨论与反思
天才论 唯心主义 批判,1372_天才论_唯心主义_批判.md,唯心主义 唯物主义,1721_唯心主义_唯物主义.md,26.82,社会主义建设时期哲学讨论与反思
天才论 唯心主义 批判,1372_天才论_唯心主义_批判.md,唯心主义 黑格尔,1724_唯心主义_黑格尔.md,26.82,社会主义建设时期哲学讨论与反思
天才论 唯心主义 批判,1372_天才论_唯心主义_批判.md,唯心主义 马赫主义,1728_唯心主义_马赫主义.md,26.82,社会主义建设时期哲学讨论与反思
天才论 唯心主义 批判,1372_天才论_唯心主义_批判.md,唯心主义 辩证法,1745_唯心主义_辩证法.md,26.82,社会主义建设时期哲学讨论与反思
精神万能 唯意志论 批判,1373_精神万能_唯意志论_批判.md,瞿秋白 张君劢 唯意志论 批判,0226_瞿秋白_张君劢_唯意志论_批判.md,28.33,社会主义建设时期哲学讨论与反思
精神万能 唯意志论 批判,1373_精神万能_唯意志论_批判.md,谭嗣同 进化论 唯意志论,0250_谭嗣同_进化论_唯意志论.md,25.0,社会主义建设时期哲学讨论与反思
精神万能 唯意志论 批判,1373_精神万能_唯意志论_批判.md,自由意志论 批判 唯物史观,0036_自由意志论_批判_唯物史观.md,6.67,社会主义建设时期哲学讨论与反思
江青 斗斗斗哲学 批判,1374_江青_斗斗斗哲学_批判.md,哲学 批判 政治 宗教,1087_哲学_批判_政治_宗教.md,6.82,社会主义建设时期哲学讨论与反思
江青 斗斗斗哲学 批判,1374_江青_斗斗斗哲学_批判.md,黑格尔法哲学批判,1989_黑格尔法哲学批判.md,6.82,社会主义建设时期哲学讨论与反思
江青 斗斗斗哲学 批判,1374_江青_斗斗斗哲学_批判.md,列宁 左倾错误 哲学批判,0875_列宁_左倾错误_哲学批判.md,5.77,社会主义建设时期哲学讨论与反思
江青 斗斗斗哲学 批判,1374_江青_斗斗斗哲学_批判.md,黑格尔法哲学批判 导言,1659_黑格尔法哲学批判_导言.md,5.77,社会主义建设时期哲学讨论与反思
江青 斗斗斗哲学 批判,1374_江青_斗斗斗哲学_批判.md,公开资产阶级哲学 批判 苏联,0772_公开资产阶级哲学_批判_苏联.md,5.0,社会主义建设时期哲学讨论与反思
思想路线 政治路线 组织路线,1375_思想路线_政治路线_组织路线.md,实事求是 思想路线 延安,0597_实事求是_思想路线_延安.md,25.0,实事求是与群众路线
思想路线 政治路线 组织路线,1375_思想路线_政治路线_组织路线.md,从斗争中 创造新局面 思想路线,1309_从斗争中_创造新局面_思想路线.md,24.17,实事求是与群众路线
思想路线 政治路线 组织路线,1375_思想路线_政治路线_组织路线.md,克服主观主义 实事求是 思想路线,0546_克服主观主义_实事求是_思想路线.md,23.95,实事求是与群众路线
思想路线 政治路线 组织路线,1375_思想路线_政治路线_组织路线.md,实事求是思想路线 确立,0518_实事求是思想路线_确立.md,5.0,实事求是与群众路线
社会主义经济建设 矛盾 再认识,1376_社会主义经济建设_矛盾_再认识.md,社会主义社会 前进动力 矛盾,1355_社会主义社会_前进动力_矛盾.md,15.56,哲学基本范畴与辩证法原理
社会主义经济建设 矛盾 再认识,1376_社会主义经济建设_矛盾_再认识.md,社会主义制度 生产力落后 矛盾,1248_社会主义制度_生产力落后_矛盾.md,15.0,哲学基本范畴与辩证法原理
社会主义经济建设 矛盾 再认识,1376_社会主义经济建设_矛盾_再认识.md,资本主义 生产社会化 私人占有 矛盾,1182_资本主义_生产社会化_私人占有_矛盾.md,13.26,哲学基本范畴与辩证法原理
社会主义经济建设 矛盾 再认识,1376_社会主义经济建设_矛盾_再认识.md,帝国主义 中华民族 矛盾,1501_帝国主义_中华民族_矛盾.md,12.63,哲学基本范畴与辩证法原理
社会主义经济建设 矛盾 再认识,1376_社会主义经济建设_矛盾_再认识.md,封建主义 人民大众 矛盾,1502_封建主义_人民大众_矛盾.md,12.63,哲学基本范畴与辩证法原理
洋务运动 自我觉醒 救亡,1377_洋务运动_自我觉醒_救亡.md,新政派 洋务运动 变法,1378_新政派_洋务运动_变法.md,25.36,中国近代启蒙与民主革命
洋务运动 自我觉醒 救亡,1377_洋务运动_自我觉醒_救亡.md,甲午战争 洋务运动 失败,1380_甲午战争_洋务运动_失败.md,25.0,中国近代启蒙与民主革命
洋务运动 自我觉醒 救亡,1377_洋务运动_自我觉醒_救亡.md,中学为体 西学为用 洋务运动,1379_中学为体_西学为用_洋务运动.md,24.69,中国近代启蒙与民主革命
洋务运动 自我觉醒 救亡,1377_洋务运动_自我觉醒_救亡.md,社会主义新价值观 救亡 启蒙,0135_社会主义新价值观_救亡_启蒙.md,11.32,中国近代启蒙与民主革命
新政派 洋务运动 变法,1378_新政派_洋务运动_变法.md,洋务运动 自我觉醒 救亡,1377_洋务运动_自我觉醒_救亡.md,25.36,中国近代启蒙与民主革命
新政派 洋务运动 变法,1378_新政派_洋务运动_变法.md,甲午战争 洋务运动 失败,1380_甲午战争_洋务运动_失败.md,25.36,中国近代启蒙与民主革命
新政派 洋务运动 变法,1378_新政派_洋务运动_变法.md,中学为体 西学为用 洋务运动,1379_中学为体_西学为用_洋务运动.md,25.0,中国近代启蒙与民主革命
中学为体 西学为用 洋务运动,1379_中学为体_西学为用_洋务运动.md,中学为体 西学为用 思潮,1391_中学为体_西学为用_思潮.md,52.5,中国近代启蒙与民主革命
中学为体 西学为用 洋务运动,1379_中学为体_西学为用_洋务运动.md,中学为体 西学为用 批判,1503_中学为体_西学为用_批判.md,52.5,中国近代启蒙与民主革命
中学为体 西学为用 洋务运动,1379_中学为体_西学为用_洋务运动.md,新政派 洋务运动 变法,1378_新政派_洋务运动_变法.md,25.0,中国近代启蒙与民主革命
中学为体 西学为用 洋务运动,1379_中学为体_西学为用_洋务运动.md,洋务运动 自我觉醒 救亡,1377_洋务运动_自我觉醒_救亡.md,24.69,中国近代启蒙与民主革命
中学为体 西学为用 洋务运动,1379_中学为体_西学为用_洋务运动.md,甲午战争 洋务运动 失败,1380_甲午战争_洋务运动_失败.md,24.69,中国近代启蒙与民主革命
甲午战争 洋务运动 失败,1380_甲午战争_洋务运动_失败.md,新政派 洋务运动 变法,1378_新政派_洋务运动_变法.md,25.36,中国近代启蒙与民主革命
甲午战争 洋务运动 失败,1380_甲午战争_洋务运动_失败.md,洋务运动 自我觉醒 救亡,1377_洋务运动_自我觉醒_救亡.md,25.0,中国近代启蒙与民主革命
甲午战争 洋务运动 失败,1380_甲午战争_洋务运动_失败.md,中学为体 西学为用 洋务运动,1379_中学为体_西学为用_洋务运动.md,24.69,中国近代启蒙与民主革命
甲午战争 洋务运动 失败,1380_甲午战争_洋务运动_失败.md,策略运用 成功 失败,1170_策略运用_成功_失败.md,11.67,中国近代启蒙与民主革命
维新运动 上层改革 局限,1381_维新运动_上层改革_局限.md,五四以前 新文化运动 意义 局限,0127_五四以前_新文化运动_意义_局限.md,12.63,中国近代启蒙与民主革命
维新运动 上层改革 局限,1381_维新运动_上层改革_局限.md,科学主义 人生观 局限,0212_科学主义_人生观_局限.md,11.56,中国近代启蒙与民主革命
维新运动 上层改革 局限,1381_维新运动_上层改革_局限.md,唯物史观 传播 局限 不足,0066_唯物史观_传播_局限_不足.md,11.47,中国近代启蒙与民主革命
维新运动 上层改革 局限,1381_维新运动_上层改革_局限.md,马克思主义哲学史 研究视域 局限,0937_马克思主义哲学史_研究视域_局限.md,11.19,中国近代启蒙与民主革命
维新运动 上层改革 局限,1381_维新运动_上层改革_局限.md,马克思主义哲学 中国古代哲学 局限,1229_马克思主义哲学_中国古代哲学_局限.md,11.19,中国近代启蒙与民主革命
辛亥革命 思想运动 民众运动,1382_辛亥革命_思想运动_民众运动.md,资产阶级民主主义 思想传播 辛亥革命,0068_资产阶级民主主义_思想传播_辛亥革命.md,24.76,中国近代启蒙与民主革命
辛亥革命 思想运动 民众运动,1382_辛亥革命_思想运动_民众运动.md,辛亥革命 意义 经验教训,1124_辛亥革命_意义_经验教训.md,24.69,中国近代启蒙与民主革命
辛亥革命 思想运动 民众运动,1382_辛亥革命_思想运动_民众运动.md,资产阶级 哲学革命 辛亥革命,1485_资产阶级_哲学革命_辛亥革命.md,24.41,中国近代启蒙与民主革命
三民主义 民主运动 思想基础,1383_三民主义_民主运动_思想基础.md,三民主义 中国之命运 思想批判,1648_三民主义_中国之命运_思想批判.md,25.56,中国近代启蒙与民主革命
三民主义 民主运动 思想基础,1383_三民主义_民主运动_思想基础.md,新启蒙运动 新民主主义 文化思想,1801_新启蒙运动_新民主主义_文化思想.md,5.26,中国近代启蒙与民主革命
中国社会 历史过程 认识,1384_中国社会_历史过程_认识.md,中国社会史 论战,0186_中国社会史_论战.md,6.25,哲学基本范畴与辩证法原理
中国社会 历史过程 认识,1384_中国社会_历史过程_认识.md,中国社会性质 论争,0149_中国社会性质_论争.md,5.77,哲学基本范畴与辩证法原理
中国社会 历史过程 认识,1384_中国社会_历史过程_认识.md,中国社会性质 论战,0184_中国社会性质_论战.md,5.77,哲学基本范畴与辩证法原理
中国社会 历史过程 认识,1384_中国社会_历史过程_认识.md,中国社会史 论战 启蒙,0171_中国社会史_论战_启蒙.md,5.36,哲学基本范畴与辩证法原理
中国社会 历史过程 认识,1384_中国社会_历史过程_认识.md,中国社会性质 论战 启蒙,0170_中国社会性质_论战_启蒙.md,5.0,哲学基本范畴与辩证法原理
近五十年 中国思想 变动,1385_近五十年_中国思想_变动.md,现阶段 中国思想 意见,1443_现阶段_中国思想_意见.md,25.36,中国近代启蒙与民主革命
近五十年 中国思想 变动,1385_近五十年_中国思想_变动.md,改良主义 思潮 近五十年,1389_改良主义_思潮_近五十年.md,25.0,中国近代启蒙与民主革命
近五十年 中国思想 变动,1385_近五十年_中国思想_变动.md,第一次世界大战 中国思想 冲击,1125_第一次世界大战_中国思想_冲击.md,24.17,中国近代启蒙与民主革命
近五十年 中国思想 变动,1385_近五十年_中国思想_变动.md,五四前夕 中国思想界 变动,0124_五四前夕_中国思想界_变动.md,16.67,中国近代启蒙与民主革命
近五十年 中国思想 变动,1385_近五十年_中国思想_变动.md,物质 变动 发展,1458_物质_变动_发展.md,11.92,中国近代启蒙与民主革命
中国思想史 春秋战国 近代,1386_中国思想史_春秋战国_近代.md,中国近代思想 康有为 谭嗣同,1694_中国近代思想_康有为_谭嗣同.md,5.88,中国近代启蒙与民主革命
中国思想史 春秋战国 近代,1386_中国思想史_春秋战国_近代.md,中国近代哲学 冯契,1835_中国近代哲学_冯契.md,5.36,中国近代启蒙与民主革命
中国思想史 春秋战国 近代,1386_中国思想史_春秋战国_近代.md,中国近代史 评介 胡绳,0450_中国近代史_评介_胡绳.md,5.0,中国近代启蒙与民主革命
中国思想史 春秋战国 近代,1386_中国思想史_春秋战国_近代.md,现阶段 中国思想 意见,1443_现阶段_中国思想_意见.md,5.0,中国近代启蒙与民主革命
改良主义 思潮 近五十年,1389_改良主义_思潮_近五十年.md,近五十年 中国思想 变动,1385_近五十年_中国思想_变动.md,25.0,中国近代启蒙与民主革命
改良主义 思潮 近五十年,1389_改良主义_思潮_近五十年.md,改良主义 西方文明 挑战,1390_改良主义_西方文明_挑战.md,25.0,中国近代启蒙与民主革命
改良主义 思潮 近五十年,1389_改良主义_思潮_近五十年.md,无政府主义 思潮 批判,1127_无政府主义_思潮_批判.md,15.36,中国近代启蒙与民主革命
改良主义 思潮 近五十年,1389_改良主义_思潮_近五十年.md,民主主义 知识分子 思潮,1825_民主主义_知识分子_思潮.md,13.12,中国近代启蒙与民主革命
改良主义 思潮 近五十年,1389_改良主义_思潮_近五十年.md,马克思主义中国化 思潮,1827_马克思主义中国化_思潮.md,13.12,中国近代启蒙与民主革命
改良主义 西方文明 挑战,1390_改良主义_西方文明_挑战.md,胡适 西方文明 布尔乔亚,0472_胡适_西方文明_布尔乔亚.md,25.0,中国近代启蒙与民主革命
改良主义 西方文明 挑战,1390_改良主义_西方文明_挑战.md,改良主义 思潮 近五十年,1389_改良主义_思潮_近五十年.md,25.0,中国近代启蒙与民主革命
改良主义 西方文明 挑战,1390_改良主义_西方文明_挑战.md,中体西用 西学 挑战,0688_中体西用_西学_挑战.md,11.67,中国近代启蒙与民主革命
中学为体 西学为用 思潮,1391_中学为体_西学为用_思潮.md,中学为体 西学为用 批判,1503_中学为体_西学为用_批判.md,55.0,中国近代启蒙与民主革命
中学为体 西学为用 思潮,1391_中学为体_西学为用_思潮.md,中学为体 西学为用 洋务运动,1379_中学为体_西学为用_洋务运动.md,52.5,中国近代启蒙与民主革命
中学为体 西学为用 思潮,1391_中学为体_西学为用_思潮.md,经世致用 思潮 影响,1122_经世致用_思潮_影响.md,13.85,中国近代启蒙与民主革命
中学为体 西学为用 思潮,1391_中学为体_西学为用_思潮.md,无政府主义 思潮 批判,1127_无政府主义_思潮_批判.md,11.67,中国近代启蒙与民主革命
中学为体 西学为用 思潮,1391_中学为体_西学为用_思潮.md,改良主义 思潮 近五十年,1389_改良主义_思潮_近五十年.md,11.56,中国近代启蒙与民主革命
王国维 德国思想 介绍,1392_王国维_德国思想_介绍.md,杜威 思想 介绍,1404_杜威_思想_介绍.md,17.5,中国近代启蒙与民主革命
王国维 德国思想 介绍,1392_王国维_德国思想_介绍.md,罗素 思想 介绍,1406_罗素_思想_介绍.md,17.5,中国近代启蒙与民主革命
王国维 德国思想 介绍,1392_王国维_德国思想_介绍.md,柏格森 思想 介绍,1405_柏格森_思想_介绍.md,16.82,中国近代启蒙与民主革命
王国维 德国思想 介绍,1392_王国维_德国思想_介绍.md,俄国 辩证唯物论 思想 介绍,0909_俄国_辩证唯物论_思想_介绍.md,15.0,中国近代启蒙与民主革命
王国维 德国思想 介绍,1392_王国维_德国思想_介绍.md,梁启超 马克思 社会主义 介绍,0130_梁启超_马克思_社会主义_介绍.md,11.39,中国近代启蒙与民主革命
孙中山 知难行易 革命思想,1393_孙中山_知难行易_革命思想.md,诚的思想 知与行 知难行易,1602_诚的思想_知与行_知难行易.md,26.25,中国近代启蒙与民主革命
孙中山 知难行易 革命思想,1393_孙中山_知难行易_革命思想.md,孙中山 哲学思想 行易知难,1603_孙中山_哲学思想_行易知难.md,23.33,中国近代启蒙与民主革命
孙中山 知难行易 革命思想,1393_孙中山_知难行易_革命思想.md,孙中山 物质 精神 关系,1604_孙中山_物质_精神_关系.md,18.12,中国近代启蒙与民主革命
张东荪 社会主义 论战,1394_张东荪_社会主义_论战.md,俄国 社会主义,1758_俄国_社会主义.md,27.5,思想论战与文化批判
张东荪 社会主义 论战,1394_张东荪_社会主义_论战.md,德国 社会主义,1772_德国_社会主义.md,27.5,思想论战与文化批判
张东荪 社会主义 论战,1394_张东荪_社会主义_论战.md,法国 社会主义,1817_法国_社会主义.md,27.5,思想论战与文化批判
张东荪 社会主义 论战,1394_张东荪_社会主义_论战.md,社会主义 列宁,1840_社会主义_列宁.md,27.5,思想论战与文化批判
张东荪 社会主义 论战,1394_张东荪_社会主义_论战.md,观察周刊 社会主义,1647_观察周刊_社会主义.md,26.25,思想论战与文化批判
唯物辩证法 哲学界 事实,1395_唯物辩证法_哲学界_事实.md,唯物辩证法 风靡全国,1026_唯物辩证法_风靡全国.md,32.69,辩证唯物主义体系
唯物辩证法 哲学界 事实,1395_唯物辩证法_哲学界_事实.md,唯物辩证法 风靡 起点,1027_唯物辩证法_风靡_起点.md,32.69,辩证唯物主义体系
唯物辩证法 哲学界 事实,1395_唯物辩证法_哲学界_事实.md,唯物辩证法 风靡 前奏,1028_唯物辩证法_风靡_前奏.md,32.69,辩证唯物主义体系
唯物辩证法 哲学界 事实,1395_唯物辩证法_哲学界_事实.md,唯物辩证法 风靡 原因,1030_唯物辩证法_风靡_原因.md,32.69,辩证唯物主义体系
唯物辩证法 哲学界 事实,1395_唯物辩证法_哲学界_事实.md,逐步改造 唯物辩证法,1052_逐步改造_唯物辩证法.md,32.69,辩证唯物主义体系
唯物辩证法 思想学术 应用,1396_唯物辩证法_思想学术_应用.md,唯物辩证法 应用 要点,1556_唯物辩证法_应用_要点.md,44.62,辩证唯物主义体系
唯物辩证法 思想学术 应用,1396_唯物辩证法_思想学术_应用.md,唯物辩证法 风靡全国,1026_唯物辩证法_风靡全国.md,32.14,辩证唯物主义体系
唯物辩证法 思想学术 应用,1396_唯物辩证法_思想学术_应用.md,唯物辩证法 风靡 起点,1027_唯物辩证法_风靡_起点.md,32.14,辩证唯物主义体系
唯物辩证法 思想学术 应用,1396_唯物辩证法_思想学术_应用.md,唯物辩证法 风靡 前奏,1028_唯物辩证法_风靡_前奏.md,32.14,辩证唯物主义体系
唯物辩证法 思想学术 应用,1396_唯物辩证法_思想学术_应用.md,唯物辩证法 风靡 原因,1030_唯物辩证法_风靡_原因.md,32.14,辩证唯物主义体系
半殖民地 半封建 新思潮派,1397_半殖民地_半封建_新思潮派.md,中国启蒙运动 半殖民地 半封建,0157_中国启蒙运动_半殖民地_半封建.md,44.38,中国社会性质论战
半殖民地 半封建 新思潮派,1397_半殖民地_半封建_新思潮派.md,中国社会性质论战 新思潮派,1698_中国社会性质论战_新思潮派.md,24.17,中国社会性质论战
半殖民地 半封建 新思潮派,1397_半殖民地_半封建_新思潮派.md,半殖民地半封建 社会矛盾 哲学,1500_半殖民地半封建_社会矛盾_哲学.md,9.38,中国社会性质论战
马克思主义 中国化 漫长 曲折,1398_马克思主义_中国化_漫长_曲折.md,马克思主义 中国化 现实化,1335_马克思主义_中国化_现实化.md,27.5,马克思恩格斯经典文本与哲学关系
马克思主义 中国化 漫长 曲折,1398_马克思主义_中国化_漫长_曲折.md,教条化 马克思主义 中国化,1435_教条化_马克思主义_中国化.md,27.5,马克思恩格斯经典文本与哲学关系
马克思主义 中国化 漫长 曲折,1398_马克思主义_中国化_漫长_曲折.md,马克思主义 学风 中国化,1215_马克思主义_学风_中国化.md,25.71,马克思恩格斯经典文本与哲学关系
马克思主义 中国化 漫长 曲折,1398_马克思主义_中国化_漫长_曲折.md,李达 马克思主义哲学 中国化,0301_李达_马克思主义哲学_中国化.md,24.38,马克思恩格斯经典文本与哲学关系
马克思主义 中国化 漫长 曲折,1398_马克思主义_中国化_漫长_曲折.md,马克思主义哲学 中国化 历程,1413_马克思主义哲学_中国化_历程.md,24.38,马克思恩格斯经典文本与哲学关系
实验论理学 中国 进展,1399_实验论理学_中国_进展.md,形式论理学 中国 进展,0387_形式论理学_中国_进展.md,25.0,现代中国哲学人物与知识论
实验论理学 中国 进展,1399_实验论理学_中国_进展.md,辩证法 中国 进展,1401_辩证法_中国_进展.md,16.82,现代中国哲学人物与知识论
实验论理学 中国 进展,1399_实验论理学_中国_进展.md,马克思主义中国化 进展 矛盾,1163_马克思主义中国化_进展_矛盾.md,12.94,现代中国哲学人物与知识论
数学逻辑 笛卡尔 思想方法,1400_数学逻辑_笛卡尔_思想方法.md,思想方法 工作方法 哲学,1213_思想方法_工作方法_哲学.md,25.0,新哲学大众化运动
数学逻辑 笛卡尔 思想方法,1400_数学逻辑_笛卡尔_思想方法.md,世界观 方法论 思想方法,1544_世界观_方法论_思想方法.md,25.0,新哲学大众化运动
数学逻辑 笛卡尔 思想方法,1400_数学逻辑_笛卡尔_思想方法.md,胡适 实用主义 思想方法,0471_胡适_实用主义_思想方法.md,24.69,新哲学大众化运动
数学逻辑 笛卡尔 思想方法,1400_数学逻辑_笛卡尔_思想方法.md,胡绳 思想方法 中国问题讲话 实事求是,0528_胡绳_思想方法_中国问题讲话_实事求是.md,23.41,新哲学大众化运动
数学逻辑 笛卡尔 思想方法,1400_数学逻辑_笛卡尔_思想方法.md,思想方法论 世界观 方法论,0416_思想方法论_世界观_方法论.md,5.0,新哲学大众化运动
辩证法 中国 进展,1401_辩证法_中国_进展.md,进攻 防御 辩证法,1325_进攻_防御_辩证法.md,20.0,哲学基本范畴与辩证法原理
辩证法 中国 进展,1401_辩证法_中国_进展.md,持久 速决 辩证法,1326_持久_速决_辩证法.md,20.0,哲学基本范畴与辩证法原理
辩证法 中国 进展,1401_辩证法_中国_进展.md,内线 外线 辩证法,1327_内线_外线_辩证法.md,20.0,哲学基本范畴与辩证法原理
辩证法 中国 进展,1401_辩证法_中国_进展.md,主动 被动 辩证法,1328_主动_被动_辩证法.md,20.0,哲学基本范畴与辩证法原理
辩证法 中国 进展,1401_辩证法_中国_进展.md,相对 绝对 辩证法,1562_相对_绝对_辩证法.md,20.0,哲学基本范畴与辩证法原理
反孔思潮 旧思想 批评,1402_反孔思潮_旧思想_批评.md,王道 新小说 批评,0964_王道_新小说_批评.md,11.92,中国近代启蒙与民主革命
反孔思潮 旧思想 批评,1402_反孔思潮_旧思想_批评.md,冯友兰 新世训 批评,0476_冯友兰_新世训_批评.md,11.79,中国近代启蒙与民主革命
反孔思潮 旧思想 批评,1402_反孔思潮_旧思想_批评.md,郭沫若 徐志摩 批评,0960_郭沫若_徐志摩_批评.md,11.79,中国近代启蒙与民主革命
反孔思潮 旧思想 批评,1402_反孔思潮_旧思想_批评.md,机械论 机械唯物论 批评,1535_机械论_机械唯物论_批评.md,11.67,中国近代启蒙与民主革命
反孔思潮 旧思想 批评,1402_反孔思潮_旧思想_批评.md,唯生论 力行哲学 批评,1585_唯生论_力行哲学_批评.md,11.67,中国近代启蒙与民主革命
诸子思想 复兴 整理,1403_诸子思想_复兴_整理.md,复兴 知识,2025_复兴_知识.md,12.78,中国古代哲学概念与思想传统
诸子思想 复兴 整理,1403_诸子思想_复兴_整理.md,复兴 道德,2026_复兴_道德.md,12.78,中国古代哲学概念与思想传统
诸子思想 复兴 整理,1403_诸子思想_复兴_整理.md,杜国庠 先秦诸子思想 研究,1047_杜国庠_先秦诸子思想_研究.md,5.36,中国古代哲学概念与思想传统
杜威 思想 介绍,1404_杜威_思想_介绍.md,罗素 思想 介绍,1406_罗素_思想_介绍.md,20.71,中国近代启蒙与民主革命
杜威 思想 介绍,1404_杜威_思想_介绍.md,柏格森 思想 介绍,1405_柏格森_思想_介绍.md,19.38,中国近代启蒙与民主革命
杜威 思想 介绍,1404_杜威_思想_介绍.md,王国维 德国思想 介绍,1392_王国维_德国思想_介绍.md,17.5,中国近代启蒙与民主革命
杜威 思想 介绍,1404_杜威_思想_介绍.md,俄国 辩证唯物论 思想 介绍,0909_俄国_辩证唯物论_思想_介绍.md,16.25,中国近代启蒙与民主革命
杜威 思想 介绍,1404_杜威_思想_介绍.md,梁启超 马克思 社会主义 介绍,0130_梁启超_马克思_社会主义_介绍.md,11.67,中国近代启蒙与民主革命
柏格森 思想 介绍,1405_柏格森_思想_介绍.md,杜威 思想 介绍,1404_杜威_思想_介绍.md,19.38,中国近代启蒙与民主革命
柏格森 思想 介绍,1405_柏格森_思想_介绍.md,罗素 思想 介绍,1406_罗素_思想_介绍.md,19.38,中国近代启蒙与民主革命
柏格森 思想 介绍,1405_柏格森_思想_介绍.md,尼采 柏格森 中国近代影响,1511_尼采_柏格森_中国近代影响.md,18.57,中国近代启蒙与民主革命
柏格森 思想 介绍,1405_柏格森_思想_介绍.md,王国维 德国思想 介绍,1392_王国维_德国思想_介绍.md,16.82,中国近代启蒙与民主革命
柏格森 思想 介绍,1405_柏格森_思想_介绍.md,俄国 辩证唯物论 思想 介绍,0909_俄国_辩证唯物论_思想_介绍.md,15.77,中国近代启蒙与民主革命
罗素 思想 介绍,1406_罗素_思想_介绍.md,杜威 思想 介绍,1404_杜威_思想_介绍.md,20.71,中国近代启蒙与民主革命
罗素 思想 介绍,1406_罗素_思想_介绍.md,柏格森 思想 介绍,1405_柏格森_思想_介绍.md,19.38,中国近代启蒙与民主革命
罗素 思想 介绍,1406_罗素_思想_介绍.md,王国维 德国思想 介绍,1392_王国维_德国思想_介绍.md,17.5,中国近代启蒙与民主革命
罗素 思想 介绍,1406_罗素_思想_介绍.md,俄国 辩证唯物论 思想 介绍,0909_俄国_辩证唯物论_思想_介绍.md,16.25,中国近代启蒙与民主革命
罗素 思想 介绍,1406_罗素_思想_介绍.md,张申府 罗素 辩证法,1641_张申府_罗素_辩证法.md,12.27,中国近代启蒙与民主革命
精神科学 物质科学 分类,1407_精神科学_物质科学_分类.md,精神 物质 美术 宗教 科学,1411_精神_物质_美术_宗教_科学.md,5.36,哲学基本范畴与辩证法原理
科学知识论 官觉 感触,1408_科学知识论_官觉_感触.md,知识论,2007_知识论.md,6.25,自然科学哲学与科学方法
国家主义 工商政策 科学教育 网罗,1409_国家主义_工商政策_科学教育_网罗.md,国家主义 青年,1726_国家主义_青年.md,25.0,自然科学哲学与科学方法
国家主义 工商政策 科学教育 网罗,1409_国家主义_工商政策_科学教育_网罗.md,国家主义 民族主义,1752_国家主义_民族主义.md,24.69,自然科学哲学与科学方法
国家主义 工商政策 科学教育 网罗,1409_国家主义_工商政策_科学教育_网罗.md,20年代 国家主义,1833_20年代_国家主义.md,24.41,自然科学哲学与科学方法
农业社会 德化 大同,1410_农业社会_德化_大同.md,大同 小康 社会理想,1010_大同_小康_社会理想.md,14.17,中国古代哲学概念与思想传统
农业社会 德化 大同,1410_农业社会_德化_大同.md,大同 理想社会 毛泽东,0621_大同_理想社会_毛泽东.md,13.85,中国古代哲学概念与思想传统
农业社会 德化 大同,1410_农业社会_德化_大同.md,康有为 托古改制 大同,0172_康有为_托古改制_大同.md,11.79,中国古代哲学概念与思想传统
精神 物质 美术 宗教 科学,1411_精神_物质_美术_宗教_科学.md,文明 精神 物质 现实,0944_文明_精神_物质_现实.md,15.77,哲学基本范畴与辩证法原理
精神 物质 美术 宗教 科学,1411_精神_物质_美术_宗教_科学.md,孙中山 物质 精神 关系,1604_孙中山_物质_精神_关系.md,13.33,哲学基本范畴与辩证法原理
精神 物质 美术 宗教 科学,1411_精神_物质_美术_宗教_科学.md,物质 运动 发展,1457_物质_运动_发展.md,11.92,哲学基本范畴与辩证法原理
精神 物质 美术 宗教 科学,1411_精神_物质_美术_宗教_科学.md,物质 变动 发展,1458_物质_变动_发展.md,11.92,哲学基本范畴与辩证法原理
精神 物质 美术 宗教 科学,1411_精神_物质_美术_宗教_科学.md,宗教 资本主义,1716_宗教_资本主义.md,11.92,哲学基本范畴与辩证法原理
存疑学者 态度 科学,1412_存疑学者_态度_科学.md,非常时 宗教 态度,1586_非常时_宗教_态度.md,12.08,自然科学哲学与科学方法
存疑学者 态度 科学,1412_存疑学者_态度_科学.md,文艺工作 立场 态度 任务,0483_文艺工作_立场_态度_任务.md,11.67,自然科学哲学与科学方法
马克思主义哲学 中国化 历程,1413_马克思主义哲学_中国化_历程.md,李达 马克思主义哲学 中国化,0301_李达_马克思主义哲学_中国化.md,67.31,马克思恩格斯经典文本与哲学关系
马克思主义哲学 中国化 历程,1413_马克思主义哲学_中国化_历程.md,马克思主义哲学 中国化 定义,1414_马克思主义哲学_中国化_定义.md,67.31,马克思恩格斯经典文本与哲学关系
马克思主义哲学 中国化 历程,1413_马克思主义哲学_中国化_历程.md,毛泽东 马克思主义哲学 中国化,0615_毛泽东_马克思主义哲学_中国化.md,66.07,马克思恩格斯经典文本与哲学关系
马克思主义哲学 中国化 历程,1413_马克思主义哲学_中国化_历程.md,抗日战争 马克思主义哲学 中国化,1320_抗日战争_马克思主义哲学_中国化.md,65.0,马克思恩格斯经典文本与哲学关系
马克思主义哲学 中国化 历程,1413_马克思主义哲学_中国化_历程.md,马克思主义哲学 中国化 两个方面,1418_马克思主义哲学_中国化_两个方面.md,65.0,马克思恩格斯经典文本与哲学关系
马克思主义哲学 中国化 定义,1414_马克思主义哲学_中国化_定义.md,李达 马克思主义哲学 中国化,0301_李达_马克思主义哲学_中国化.md,67.31,马克思恩格斯经典文本与哲学关系
马克思主义哲学 中国化 定义,1414_马克思主义哲学_中国化_定义.md,马克思主义哲学 中国化 历程,1413_马克思主义哲学_中国化_历程.md,67.31,马克思恩格斯经典文本与哲学关系
马克思主义哲学 中国化 定义,1414_马克思主义哲学_中国化_定义.md,毛泽东 马克思主义哲学 中国化,0615_毛泽东_马克思主义哲学_中国化.md,66.07,马克思恩格斯经典文本与哲学关系
马克思主义哲学 中国化 定义,1414_马克思主义哲学_中国化_定义.md,抗日战争 马克思主义哲学 中国化,1320_抗日战争_马克思主义哲学_中国化.md,65.0,马克思恩格斯经典文本与哲学关系
马克思主义哲学 中国化 定义,1414_马克思主义哲学_中国化_定义.md,马克思主义哲学 中国化 两个方面,1418_马克思主义哲学_中国化_两个方面.md,65.0,马克思恩格斯经典文本与哲学关系
马克思主义哲学 中国革命实际 结合,1415_马克思主义哲学_中国革命实际_结合.md,马克思主义哲学 中国哲学 结合,0765_马克思主义哲学_中国哲学_结合.md,49.06,马克思主义哲学与中国文化传统结合
马克思主义哲学 中国革命实际 结合,1415_马克思主义哲学_中国革命实际_结合.md,马克思主义哲学 中国哲学,1823_马克思主义哲学_中国哲学.md,48.33,马克思主义哲学与中国文化传统结合
马克思主义哲学 中国革命实际 结合,1415_马克思主义哲学_中国革命实际_结合.md,马克思主义哲学 中国哲学传统 结合,0726_马克思主义哲学_中国哲学传统_结合.md,47.5,马克思主义哲学与中国文化传统结合
马克思主义哲学 中国革命实际 结合,1415_马克思主义哲学_中国革命实际_结合.md,马克思主义哲学 中国传统哲学 结合,1417_马克思主义哲学_中国传统哲学_结合.md,47.5,马克思主义哲学与中国文化传统结合
马克思主义哲学 中国革命实际 结合,1415_马克思主义哲学_中国革命实际_结合.md,马克思主义哲学 中国文化传统 结合,1228_马克思主义哲学_中国文化传统_结合.md,46.84,马克思主义哲学与中国文化传统结合
马克思主义哲学 中国优秀传统 结合,1416_马克思主义哲学_中国优秀传统_结合.md,马克思主义哲学 中国哲学传统 结合,0726_马克思主义哲学_中国哲学传统_结合.md,52.19,马克思主义哲学与中国文化传统结合
马克思主义哲学 中国优秀传统 结合,1416_马克思主义哲学_中国优秀传统_结合.md,马克思主义哲学 中国文化传统 结合,1228_马克思主义哲学_中国文化传统_结合.md,51.18,马克思主义哲学与中国文化传统结合
马克思主义哲学 中国优秀传统 结合,1416_马克思主义哲学_中国优秀传统_结合.md,马克思主义哲学 中国传统哲学 结合,1417_马克思主义哲学_中国传统哲学_结合.md,49.71,马克思主义哲学与中国文化传统结合
马克思主义哲学 中国优秀传统 结合,1416_马克思主义哲学_中国优秀传统_结合.md,马克思主义哲学 中国哲学 结合,0765_马克思主义哲学_中国哲学_结合.md,49.06,马克思主义哲学与中国文化传统结合
马克思主义哲学 中国优秀传统 结合,1416_马克思主义哲学_中国优秀传统_结合.md,马克思主义 中国优秀传统 结合,1504_马克思主义_中国优秀传统_结合.md,48.33,马克思主义哲学与中国文化传统结合
马克思主义哲学 中国传统哲学 结合,1417_马克思主义哲学_中国传统哲学_结合.md,马克思主义哲学 中国传统哲学 形态,1797_马克思主义哲学_中国传统哲学_形态.md,83.33,马克思主义哲学与中国文化传统结合
马克思主义哲学 中国传统哲学 结合,1417_马克思主义哲学_中国传统哲学_结合.md,马克思主义哲学 中国哲学 结合,0765_马克思主义哲学_中国哲学_结合.md,52.86,马克思主义哲学与中国文化传统结合
马克思主义哲学 中国传统哲学 结合,1417_马克思主义哲学_中国传统哲学_结合.md,马克思主义哲学 中国哲学传统 结合,0726_马克思主义哲学_中国哲学传统_结合.md,50.62,马克思主义哲学与中国文化传统结合
马克思主义哲学 中国传统哲学 结合,1417_马克思主义哲学_中国传统哲学_结合.md,马克思主义哲学 中国文化传统 结合,1228_马克思主义哲学_中国文化传统_结合.md,49.71,马克思主义哲学与中国文化传统结合
马克思主义哲学 中国传统哲学 结合,1417_马克思主义哲学_中国传统哲学_结合.md,马克思主义哲学 中国优秀传统 结合,1416_马克思主义哲学_中国优秀传统_结合.md,49.71,马克思主义哲学与中国文化传统结合
马克思主义哲学 中国化 两个方面,1418_马克思主义哲学_中国化_两个方面.md,李达 马克思主义哲学 中国化,0301_李达_马克思主义哲学_中国化.md,65.0,马克思恩格斯经典文本与哲学关系
马克思主义哲学 中国化 两个方面,1418_马克思主义哲学_中国化_两个方面.md,马克思主义哲学 中国化 历程,1413_马克思主义哲学_中国化_历程.md,65.0,马克思恩格斯经典文本与哲学关系
马克思主义哲学 中国化 两个方面,1418_马克思主义哲学_中国化_两个方面.md,马克思主义哲学 中国化 定义,1414_马克思主义哲学_中国化_定义.md,65.0,马克思恩格斯经典文本与哲学关系
马克思主义哲学 中国化 两个方面,1418_马克思主义哲学_中国化_两个方面.md,毛泽东 马克思主义哲学 中国化,0615_毛泽东_马克思主义哲学_中国化.md,64.06,马克思恩格斯经典文本与哲学关系
马克思主义哲学 中国化 两个方面,1418_马克思主义哲学_中国化_两个方面.md,抗日战争 马克思主义哲学 中国化,1320_抗日战争_马克思主义哲学_中国化.md,63.24,马克思恩格斯经典文本与哲学关系
马克思主义哲学 中国化 三个历史时期,1419_马克思主义哲学_中国化_三个历史时期.md,李达 马克思主义哲学 中国化,0301_李达_马克思主义哲学_中国化.md,63.24,马克思恩格斯经典文本与哲学关系
马克思主义哲学 中国化 三个历史时期,1419_马克思主义哲学_中国化_三个历史时期.md,马克思主义哲学 中国化 历程,1413_马克思主义哲学_中国化_历程.md,63.24,马克思恩格斯经典文本与哲学关系
马克思主义哲学 中国化 三个历史时期,1419_马克思主义哲学_中国化_三个历史时期.md,马克思主义哲学 中国化 定义,1414_马克思主义哲学_中国化_定义.md,63.24,马克思恩格斯经典文本与哲学关系
马克思主义哲学 中国化 三个历史时期,1419_马克思主义哲学_中国化_三个历史时期.md,毛泽东 马克思主义哲学 中国化,0615_毛泽东_马克思主义哲学_中国化.md,62.5,马克思恩格斯经典文本与哲学关系
马克思主义哲学 中国化 三个历史时期,1419_马克思主义哲学_中国化_三个历史时期.md,抗日战争 马克思主义哲学 中国化,1320_抗日战争_马克思主义哲学_中国化.md,61.84,马克思恩格斯经典文本与哲学关系
辛亥革命前后 马克思 学说 传入,1420_辛亥革命前后_马克思_学说_传入.md,近世社会主义 马克思 学说,1189_近世社会主义_马克思_学说.md,20.56,马克思恩格斯经典文本与哲学关系
辛亥革命前后 马克思 学说 传入,1420_辛亥革命前后_马克思_学说_传入.md,马克思 列宁,1843_马克思_列宁.md,18.57,马克思恩格斯经典文本与哲学关系
辛亥革命前后 马克思 学说 传入,1420_辛亥革命前后_马克思_学说_传入.md,朱执信 德意志社会革命家 马克思,0090_朱执信_德意志社会革命家_马克思.md,18.41,马克思恩格斯经典文本与哲学关系
辛亥革命前后 马克思 学说 传入,1420_辛亥革命前后_马克思_学说_传入.md,中国文化 马克思,1736_中国文化_马克思.md,18.12,马克思恩格斯经典文本与哲学关系
辛亥革命前后 马克思 学说 传入,1420_辛亥革命前后_马克思_学说_传入.md,资产阶级 马克思,1757_资产阶级_马克思.md,18.12,马克思恩格斯经典文本与哲学关系
社会主义 神髓 马克思,1421_社会主义_神髓_马克思.md,梁启超 马克思 社会主义,0223_梁启超_马克思_社会主义.md,45.42,马克思恩格斯经典文本与哲学关系
社会主义 神髓 马克思,1421_社会主义_神髓_马克思.md,大同学 马克思 社会主义,1188_大同学_马克思_社会主义.md,45.42,马克思恩格斯经典文本与哲学关系
社会主义 神髓 马克思,1421_社会主义_神髓_马克思.md,梁启超 马克思 社会主义 介绍,0130_梁启超_马克思_社会主义_介绍.md,43.93,马克思恩格斯经典文本与哲学关系
社会主义 神髓 马克思,1421_社会主义_神髓_马克思.md,马君武 社会主义 进化论 马克思,0089_马君武_社会主义_进化论_马克思.md,43.33,马克思恩格斯经典文本与哲学关系
社会主义 神髓 马克思,1421_社会主义_神髓_马克思.md,社会主义神髓 马克思 中国,0088_社会主义神髓_马克思_中国.md,35.0,马克思恩格斯经典文本与哲学关系
西方帝国主义 幻想 破灭,1422_西方帝国主义_幻想_破灭.md,帝国主义 战争,1720_帝国主义_战争.md,6.82,民族国家与国际关系
西方帝国主义 幻想 破灭,1422_西方帝国主义_幻想_破灭.md,帝国主义 德国,1760_帝国主义_德国.md,6.82,民族国家与国际关系
西方帝国主义 幻想 破灭,1422_西方帝国主义_幻想_破灭.md,帝国主义 资本主义,1730_帝国主义_资本主义.md,6.25,民族国家与国际关系
西方帝国主义 幻想 破灭,1422_西方帝国主义_幻想_破灭.md,列宁 帝国主义 世界历史,0838_列宁_帝国主义_世界历史.md,5.0,民族国家与国际关系
西方帝国主义 幻想 破灭,1422_西方帝国主义_幻想_破灭.md,帝国主义 中华民族 矛盾,1501_帝国主义_中华民族_矛盾.md,5.0,民族国家与国际关系
民族工业 工人阶级 壮大,1423_民族工业_工人阶级_壮大.md,工人阶级 英国,1737_工人阶级_英国.md,26.82,民族国家与国际关系
民族工业 工人阶级 壮大,1423_民族工业_工人阶级_壮大.md,劳动 工人阶级,1767_劳动_工人阶级.md,26.82,民族国家与国际关系
民族工业 工人阶级 壮大,1423_民族工业_工人阶级_壮大.md,工人阶级 斗争,1778_工人阶级_斗争.md,26.82,民族国家与国际关系
民族工业 工人阶级 壮大,1423_民族工业_工人阶级_壮大.md,工人阶级 白领工人 蓝领工人,1470_工人阶级_白领工人_蓝领工人.md,25.36,民族国家与国际关系
民族工业 工人阶级 壮大,1423_民族工业_工人阶级_壮大.md,过渡时期 工人阶级 民族资产阶级 矛盾,0680_过渡时期_工人阶级_民族资产阶级_矛盾.md,25.26,民族国家与国际关系
鲁迅 哲学思想 转变,1424_鲁迅_哲学思想_转变.md,新民主主义论 哲学思想,0563_新民主主义论_哲学思想.md,25.77,文学艺术与文艺理论
鲁迅 哲学思想 转变,1424_鲁迅_哲学思想_转变.md,抗战以来 哲学思想 评述,1583_抗战以来_哲学思想_评述.md,25.77,文学艺术与文艺理论
鲁迅 哲学思想 转变,1424_鲁迅_哲学思想_转变.md,毛泽东 延安时期 哲学思想,0536_毛泽东_延安时期_哲学思想.md,25.36,文学艺术与文艺理论
鲁迅 哲学思想 转变,1424_鲁迅_哲学思想_转变.md,马克思 哲学思想 形成发展,1085_马克思_哲学思想_形成发展.md,25.36,文学艺术与文艺理论
鲁迅 哲学思想 转变,1424_鲁迅_哲学思想_转变.md,孙中山 哲学思想 行易知难,1603_孙中山_哲学思想_行易知难.md,25.36,文学艺术与文艺理论
三十年代 理论战线 三次论战,1425_三十年代_理论战线_三次论战.md,三十年代 哲学思想理论战线 论争,1302_三十年代_哲学思想理论战线_论争.md,28.82,30年代苏联哲学批判运动
三十年代 理论战线 三次论战,1425_三十年代_理论战线_三次论战.md,三十年代 上海 左翼文化工作,1483_三十年代_上海_左翼文化工作.md,24.17,30年代苏联哲学批判运动
三十年代 理论战线 三次论战,1425_三十年代_理论战线_三次论战.md,马克思主义 广泛传播 三十年代,0106_马克思主义_广泛传播_三十年代.md,23.95,30年代苏联哲学批判运动
唯物辩证法论战 马克思主义哲学,1426_唯物辩证法论战_马克思主义哲学.md,唯物辩证法论战 马克思主义哲学 哲学大众化,1789_唯物辩证法论战_马克思主义哲学_哲学大众化.md,89.12,辩证唯物主义体系
唯物辩证法论战 马克思主义哲学,1426_唯物辩证法论战_马克思主义哲学.md,唯物辩证法论战 中国马克思主义,0971_唯物辩证法论战_中国马克思主义.md,50.62,辩证唯物主义体系
唯物辩证法论战 马克思主义哲学,1426_唯物辩证法论战_马克思主义哲学.md,中国社会史 论战 马克思主义哲学,0228_中国社会史_论战_马克思主义哲学.md,46.11,辩证唯物主义体系
唯物辩证法论战 马克思主义哲学,1426_唯物辩证法论战_马克思主义哲学.md,唯物辩证法论战 大众哲学,1610_唯物辩证法论战_大众哲学.md,45.94,辩证唯物主义体系
唯物辩证法论战 马克思主义哲学,1426_唯物辩证法论战_马克思主义哲学.md,中国社会性质 论战 马克思主义哲学,0227_中国社会性质_论战_马克思主义哲学.md,45.53,辩证唯物主义体系
反对本本主义 中国革命战争 战略问题,1427_反对本本主义_中国革命战争_战略问题.md,反对本本主义 毛泽东,0551_反对本本主义_毛泽东.md,36.94,毛泽东哲学与中国革命经验
反对本本主义 中国革命战争 战略问题,1427_反对本本主义_中国革命战争_战略问题.md,中国革命战争 特点 规律,1315_中国革命战争_特点_规律.md,36.58,毛泽东哲学与中国革命经验
反对本本主义 中国革命战争 战略问题,1427_反对本本主义_中国革命战争_战略问题.md,反对本本主义 毛泽东 哲学思想,0585_反对本本主义_毛泽东_哲学思想.md,35.68,毛泽东哲学与中国革命经验
反对本本主义 中国革命战争 战略问题,1427_反对本本主义_中国革命战争_战略问题.md,马克思主义 中国革命实践 结合,1153_马克思主义_中国革命实践_结合.md,5.68,毛泽东哲学与中国革命经验
反对本本主义 中国革命战争 战略问题,1427_反对本本主义_中国革命战争_战略问题.md,早期共产主义者 马克思主义 中国革命,0292_早期共产主义者_马克思主义_中国革命.md,5.21,毛泽东哲学与中国革命经验
抗日战争 解放战争 马克思主义哲学 中国化,1428_抗日战争_解放战争_马克思主义哲学_中国化.md,抗日战争 马克思主义哲学 中国化,1320_抗日战争_马克思主义哲学_中国化.md,90.31,马克思恩格斯经典文本与哲学关系
抗日战争 解放战争 马克思主义哲学 中国化,1428_抗日战争_解放战争_马克思主义哲学_中国化.md,李达 马克思主义哲学 中国化,0301_李达_马克思主义哲学_中国化.md,62.5,马克思恩格斯经典文本与哲学关系
抗日战争 解放战争 马克思主义哲学 中国化,1428_抗日战争_解放战争_马克思主义哲学_中国化.md,马克思主义哲学 中国化 历程,1413_马克思主义哲学_中国化_历程.md,62.5,马克思恩格斯经典文本与哲学关系
抗日战争 解放战争 马克思主义哲学 中国化,1428_抗日战争_解放战争_马克思主义哲学_中国化.md,马克思主义哲学 中国化 定义,1414_马克思主义哲学_中国化_定义.md,62.5,马克思恩格斯经典文本与哲学关系
抗日战争 解放战争 马克思主义哲学 中国化,1428_抗日战争_解放战争_马克思主义哲学_中国化.md,毛泽东 马克思主义哲学 中国化,0615_毛泽东_马克思主义哲学_中国化.md,61.84,马克思恩格斯经典文本与哲学关系
中国传统哲学 认识论 知行观 批判总结,1430_中国传统哲学_认识论_知行观_批判总结.md,中国传统哲学 精华 发掘,1492_中国传统哲学_精华_发掘.md,36.58,实践观点与认识论
中国传统哲学 认识论 知行观 批判总结,1430_中国传统哲学_认识论_知行观_批判总结.md,唯物史观 研究 中国传统哲学,0042_唯物史观_研究_中国传统哲学.md,35.95,实践观点与认识论
中国传统哲学 认识论 知行观 批判总结,1430_中国传统哲学_认识论_知行观_批判总结.md,毛泽东 实践论 中国传统哲学,0570_毛泽东_实践论_中国传统哲学.md,35.95,实践观点与认识论
中国传统哲学 认识论 知行观 批判总结,1430_中国传统哲学_认识论_知行观_批判总结.md,马克思主义哲学 中国传统哲学 结合,1417_马克思主义哲学_中国传统哲学_结合.md,35.43,实践观点与认识论
中国传统哲学 认识论 知行观 批判总结,1430_中国传统哲学_认识论_知行观_批判总结.md,马克思主义哲学 中国传统哲学 形态,1797_马克思主义哲学_中国传统哲学_形态.md,35.43,实践观点与认识论
马克思主义哲学中国化 主要成就,1431_马克思主义哲学中国化_主要成就.md,马克思主义哲学中国化 不足,1432_马克思主义哲学中国化_不足.md,55.0,马克思恩格斯经典文本与哲学关系
马克思主义哲学中国化 主要成就,1431_马克思主义哲学中国化_主要成就.md,李达 马克思主义哲学中国化,1751_李达_马克思主义哲学中国化.md,55.0,马克思恩格斯经典文本与哲学关系
马克思主义哲学中国化 主要成就,1431_马克思主义哲学中国化_主要成就.md,马克思主义哲学中国化 走向,1816_马克思主义哲学中国化_走向.md,55.0,马克思恩格斯经典文本与哲学关系
马克思主义哲学中国化 主要成就,1431_马克思主义哲学中国化_主要成就.md,毛泽东 马克思主义哲学中国化,1748_毛泽东_马克思主义哲学中国化.md,54.06,马克思恩格斯经典文本与哲学关系
马克思主义哲学中国化 主要成就,1431_马克思主义哲学中国化_主要成就.md,马克思主义哲学中国化 现实性,1805_马克思主义哲学中国化_现实性.md,54.06,马克思恩格斯经典文本与哲学关系
马克思主义哲学中国化 不足,1432_马克思主义哲学中国化_不足.md,李达 马克思主义哲学中国化,1751_李达_马克思主义哲学中国化.md,57.31,马克思恩格斯经典文本与哲学关系
马克思主义哲学中国化 不足,1432_马克思主义哲学中国化_不足.md,马克思主义哲学中国化 走向,1816_马克思主义哲学中国化_走向.md,57.31,马克思恩格斯经典文本与哲学关系
马克思主义哲学中国化 不足,1432_马克思主义哲学中国化_不足.md,毛泽东 马克思主义哲学中国化,1748_毛泽东_马克思主义哲学中国化.md,56.07,马克思恩格斯经典文本与哲学关系
马克思主义哲学中国化 不足,1432_马克思主义哲学中国化_不足.md,马克思主义哲学中国化 现实性,1805_马克思主义哲学中国化_现实性.md,56.07,马克思恩格斯经典文本与哲学关系
马克思主义哲学中国化 不足,1432_马克思主义哲学中国化_不足.md,马克思主义哲学中国化 中国哲学传统,0725_马克思主义哲学中国化_中国哲学传统.md,55.0,马克思恩格斯经典文本与哲学关系
历史观 革命 马克思主义哲学中国化,1433_历史观_革命_马克思主义哲学中国化.md,认识论 革命 马克思主义哲学中国化,1434_认识论_革命_马克思主义哲学中国化.md,56.18,马克思恩格斯经典文本与哲学关系
历史观 革命 马克思主义哲学中国化,1433_历史观_革命_马克思主义哲学中国化.md,马克思主义哲学中国化 历史进程,1494_马克思主义哲学中国化_历史进程.md,54.71,马克思恩格斯经典文本与哲学关系
历史观 革命 马克思主义哲学中国化,1433_历史观_革命_马克思主义哲学中国化.md,马克思主义哲学中国化 不足,1432_马克思主义哲学中国化_不足.md,54.06,马克思恩格斯经典文本与哲学关系
历史观 革命 马克思主义哲学中国化,1433_历史观_革命_马克思主义哲学中国化.md,李达 马克思主义哲学中国化,1751_李达_马克思主义哲学中国化.md,54.06,马克思恩格斯经典文本与哲学关系
历史观 革命 马克思主义哲学中国化,1433_历史观_革命_马克思主义哲学中国化.md,马克思主义哲学中国化 走向,1816_马克思主义哲学中国化_走向.md,54.06,马克思恩格斯经典文本与哲学关系
认识论 革命 马克思主义哲学中国化,1434_认识论_革命_马克思主义哲学中国化.md,历史观 革命 马克思主义哲学中国化,1433_历史观_革命_马克思主义哲学中国化.md,56.18,实践观点与认识论
认识论 革命 马克思主义哲学中国化,1434_认识论_革命_马克思主义哲学中国化.md,马克思主义哲学中国化 不足,1432_马克思主义哲学中国化_不足.md,54.06,实践观点与认识论
认识论 革命 马克思主义哲学中国化,1434_认识论_革命_马克思主义哲学中国化.md,李达 马克思主义哲学中国化,1751_李达_马克思主义哲学中国化.md,54.06,实践观点与认识论
认识论 革命 马克思主义哲学中国化,1434_认识论_革命_马克思主义哲学中国化.md,马克思主义哲学中国化 走向,1816_马克思主义哲学中国化_走向.md,54.06,实践观点与认识论
认识论 革命 马克思主义哲学中国化,1434_认识论_革命_马克思主义哲学中国化.md,毛泽东 马克思主义哲学中国化,1748_毛泽东_马克思主义哲学中国化.md,53.24,实践观点与认识论
教条化 马克思主义 中国化,1435_教条化_马克思主义_中国化.md,马克思主义 中国化 现实化,1335_马克思主义_中国化_现实化.md,28.46,苏联哲学教条化与斯大林
教条化 马克思主义 中国化,1435_教条化_马克思主义_中国化.md,马克思主义 中国化 漫长 曲折,1398_马克思主义_中国化_漫长_曲折.md,27.5,苏联哲学教条化与斯大林
教条化 马克思主义 中国化,1435_教条化_马克思主义_中国化.md,马克思主义 学风 中国化,1215_马克思主义_学风_中国化.md,26.54,苏联哲学教条化与斯大林
教条化 马克思主义 中国化,1435_教条化_马克思主义_中国化.md,中国化 马克思 启示,1834_中国化_马克思_启示.md,25.42,苏联哲学教条化与斯大林
教条化 马克思主义 中国化,1435_教条化_马克思主义_中国化.md,李达 马克思主义哲学 中国化,0301_李达_马克思主义哲学_中国化.md,25.0,苏联哲学教条化与斯大林
右倾机会主义 左倾机会主义 哲学总结,1436_右倾机会主义_左倾机会主义_哲学总结.md,陈独秀 右倾机会主义 哲学根源,0320_陈独秀_右倾机会主义_哲学根源.md,40.94,中国革命道路与党的思想建设
右倾机会主义 左倾机会主义 哲学总结,1436_右倾机会主义_左倾机会主义_哲学总结.md,瞿秋白 陈独秀 彭述之 右倾机会主义,0341_瞿秋白_陈独秀_彭述之_右倾机会主义.md,36.25,中国革命道路与党的思想建设
右倾机会主义 左倾机会主义 哲学总结,1436_右倾机会主义_左倾机会主义_哲学总结.md,中国革命 经验教训 哲学总结,1437_中国革命_经验教训_哲学总结.md,23.95,中国革命道路与党的思想建设
中国革命 经验教训 哲学总结,1437_中国革命_经验教训_哲学总结.md,俄国革命经验 中国革命 套用,0850_俄国革命经验_中国革命_套用.md,28.33,毛泽东哲学思想与中国革命经验
中国革命 经验教训 哲学总结,1437_中国革命_经验教训_哲学总结.md,辛亥革命 意义 经验教训,1124_辛亥革命_意义_经验教训.md,26.25,毛泽东哲学思想与中国革命经验
中国革命 经验教训 哲学总结,1437_中国革命_经验教训_哲学总结.md,苏联哲学 70年 经验教训,0806_苏联哲学_70年_经验教训.md,25.88,毛泽东哲学思想与中国革命经验
中国革命 经验教训 哲学总结,1437_中国革命_经验教训_哲学总结.md,苏联哲学 政治化 经验教训,0808_苏联哲学_政治化_经验教训.md,25.88,毛泽东哲学思想与中国革命经验
中国革命 经验教训 哲学总结,1437_中国革命_经验教训_哲学总结.md,大革命失败 原因 经验教训,1142_大革命失败_原因_经验教训.md,25.88,毛泽东哲学思想与中国革命经验
民族形式 马克思主义哲学,1438_民族形式_马克思主义哲学.md,中国化 民族形式 马克思主义哲学,1336_中国化_民族形式_马克思主义哲学.md,74.23,中国作风中国气派与马克思主义哲学
民族形式 马克思主义哲学,1438_民族形式_马克思主义哲学.md,马克思主义哲学 民族形式 民族风格,1023_马克思主义哲学_民族形式_民族风格.md,71.07,中国作风中国气派与马克思主义哲学
民族形式 马克思主义哲学,1438_民族形式_马克思主义哲学.md,马克思主义哲学 传播形式 转换,0052_马克思主义哲学_传播形式_转换.md,46.67,中国作风中国气派与马克思主义哲学
民族形式 马克思主义哲学,1438_民族形式_马克思主义哲学.md,马克思主义哲学 中国哲学,1823_马克思主义哲学_中国哲学.md,46.54,中国作风中国气派与马克思主义哲学
民族形式 马克思主义哲学,1438_民族形式_马克思主义哲学.md,马克思主义哲学 教科书形式 传播,0096_马克思主义哲学_教科书形式_传播.md,45.94,中国作风中国气派与马克思主义哲学
情感 理智 生活实践,1439_情感_理智_生活实践.md,新哲学 人生观 生活实践,0391_新哲学_人生观_生活实践.md,25.77,哲学基本范畴与辩证法原理
情感 理智 生活实践,1439_情感_理智_生活实践.md,认识生活 改革生活 实践,1524_认识生活_改革生活_实践.md,6.25,哲学基本范畴与辩证法原理
解脱 人生 悲剧 逃世,1440_解脱_人生_悲剧_逃世.md,哲学 反思 人生,0989_哲学_反思_人生.md,12.27,人生观与青年哲学教育
解脱 人生 悲剧 逃世,1440_解脱_人生_悲剧_逃世.md,人生 客观标准 好,1453_人生_客观标准_好.md,12.08,人生观与青年哲学教育
解脱 人生 悲剧 逃世,1440_解脱_人生_悲剧_逃世.md,人生 活动 社会基础,1449_人生_活动_社会基础.md,11.92,人生观与青年哲学教育
解脱 人生 悲剧 逃世,1440_解脱_人生_悲剧_逃世.md,人生 三大真理 生活,1523_人生_三大真理_生活.md,11.92,人生观与青年哲学教育
解脱 人生 悲剧 逃世,1440_解脱_人生_悲剧_逃世.md,观照态度 人生 静观生活,1441_观照态度_人生_静观生活.md,11.67,人生观与青年哲学教育
观照态度 人生 静观生活,1441_观照态度_人生_静观生活.md,人生 活动 社会基础,1449_人生_活动_社会基础.md,13.57,人生观与青年哲学教育
观照态度 人生 静观生活,1441_观照态度_人生_静观生活.md,人生 三大真理 生活,1523_人生_三大真理_生活.md,13.57,人生观与青年哲学教育
观照态度 人生 静观生活,1441_观照态度_人生_静观生活.md,哲学 反思 人生,0989_哲学_反思_人生.md,11.92,人生观与青年哲学教育
观照态度 人生 静观生活,1441_观照态度_人生_静观生活.md,人生 客观标准 好,1453_人生_客观标准_好.md,11.79,人生观与青年哲学教育
观照态度 人生 静观生活,1441_观照态度_人生_静观生活.md,解脱 人生 悲剧 逃世,1440_解脱_人生_悲剧_逃世.md,11.67,人生观与青年哲学教育
小所有者 个人主义 象牙之塔,1442_小所有者_个人主义_象牙之塔.md,个人主义 个性解放 五四,0169_个人主义_个性解放_五四.md,24.41,人生观与青年哲学教育
小所有者 个人主义 象牙之塔,1442_小所有者_个人主义_象牙之塔.md,青年烦闷 社会原因 小所有者,0468_青年烦闷_社会原因_小所有者.md,23.95,人生观与青年哲学教育
现阶段 中国思想 意见,1443_现阶段_中国思想_意见.md,近五十年 中国思想 变动,1385_近五十年_中国思想_变动.md,25.36,中国近代启蒙与民主革命
现阶段 中国思想 意见,1443_现阶段_中国思想_意见.md,第一次世界大战 中国思想 冲击,1125_第一次世界大战_中国思想_冲击.md,24.41,中国近代启蒙与民主革命
现阶段 中国思想 意见,1443_现阶段_中国思想_意见.md,五四前夕 中国思想界 变动,0124_五四前夕_中国思想界_变动.md,5.0,中国近代启蒙与民主革命
现阶段 中国思想 意见,1443_现阶段_中国思想_意见.md,中国思想史 春秋战国 近代,1386_中国思想史_春秋战国_近代.md,5.0,中国近代启蒙与民主革命
英雄 英雄主义 思想批评,1444_英雄_英雄主义_思想批评.md,李大钊 众庶 英雄,0351_李大钊_众庶_英雄.md,11.92,人生观与青年哲学教育
英雄 英雄主义 思想批评,1444_英雄_英雄主义_思想批评.md,革命 英雄 未来 种子,0954_革命_英雄_未来_种子.md,11.79,人生观与青年哲学教育
英雄 英雄主义 思想批评,1444_英雄_英雄主义_思想批评.md,反孔思潮 旧思想 批评,1402_反孔思潮_旧思想_批评.md,5.77,人生观与青年哲学教育
英雄 英雄主义 思想批评,1444_英雄_英雄主义_思想批评.md,胡适 实用主义 思想方法,0471_胡适_实用主义_思想方法.md,5.36,人生观与青年哲学教育
思想斗争 方向 文化,1445_思想斗争_方向_文化.md,鲁迅 方向 中华民族新文化,0256_鲁迅_方向_中华民族新文化.md,13.33,其他待人工复核
人 自然的人 社会的人,1446_人_自然的人_社会的人.md,社会的人 劳动 工具,1447_社会的人_劳动_工具.md,26.82,人生观与青年哲学教育
社会的人 劳动 工具,1447_社会的人_劳动_工具.md,人 自然的人 社会的人,1446_人_自然的人_社会的人.md,26.82,政治经济学与资本主义批判
社会的人 劳动 工具,1447_社会的人_劳动_工具.md,人类劳动 工具 社会历史,1448_人类劳动_工具_社会历史.md,18.33,政治经济学与资本主义批判
社会的人 劳动 工具,1447_社会的人_劳动_工具.md,劳动 工人阶级,1767_劳动_工人阶级.md,15.0,政治经济学与资本主义批判
社会的人 劳动 工具,1447_社会的人_劳动_工具.md,剩余价值 劳动,1625_剩余价值_劳动.md,12.27,政治经济学与资本主义批判
社会的人 劳动 工具,1447_社会的人_劳动_工具.md,劳动 资本主义,1710_劳动_资本主义.md,12.27,政治经济学与资本主义批判
人类劳动 工具 社会历史,1448_人类劳动_工具_社会历史.md,辩证法唯物论 社会历史 研究,1596_辩证法唯物论_社会历史_研究.md,24.41,政治经济学与资本主义批判
人类劳动 工具 社会历史,1448_人类劳动_工具_社会历史.md,社会历史 研究 辩证法唯物论,1597_社会历史_研究_辩证法唯物论.md,24.41,政治经济学与资本主义批判
人类劳动 工具 社会历史,1448_人类劳动_工具_社会历史.md,社会的人 劳动 工具,1447_社会的人_劳动_工具.md,18.33,政治经济学与资本主义批判
人类劳动 工具 社会历史,1448_人类劳动_工具_社会历史.md,中国社会 历史过程 认识,1384_中国社会_历史过程_认识.md,5.0,政治经济学与资本主义批判
人生 活动 社会基础,1449_人生_活动_社会基础.md,戊戌维新 启蒙运动 社会基础,0165_戊戌维新_启蒙运动_社会基础.md,27.14,人生观与青年哲学教育
人生 活动 社会基础,1449_人生_活动_社会基础.md,启蒙运动 意义 社会基础,0152_启蒙运动_意义_社会基础.md,25.77,人生观与青年哲学教育
人生 活动 社会基础,1449_人生_活动_社会基础.md,通俗宣传 马克思主义哲学 社会基础,1202_通俗宣传_马克思主义哲学_社会基础.md,24.17,人生观与青年哲学教育
人生 活动 社会基础,1449_人生_活动_社会基础.md,人生 三大真理 生活,1523_人生_三大真理_生活.md,14.17,人生观与青年哲学教育
人生 活动 社会基础,1449_人生_活动_社会基础.md,观照态度 人生 静观生活,1441_观照态度_人生_静观生活.md,13.57,人生观与青年哲学教育
人生意义 价值 偶然性 必然性,1450_人生意义_价值_偶然性_必然性.md,偶然性 必然性 苏联哲学,0894_偶然性_必然性_苏联哲学.md,37.14,哲学基本范畴与辩证法原理
人生意义 价值 偶然性 必然性,1450_人生意义_价值_偶然性_必然性.md,必然性 偶然性 大众哲学,0401_必然性_偶然性_大众哲学.md,35.0,哲学基本范畴与辩证法原理
人生意义 价值 偶然性 必然性,1450_人生意义_价值_偶然性_必然性.md,自我 不朽 人生意义,1452_自我_不朽_人生意义.md,25.36,哲学基本范畴与辩证法原理
人生意义 价值 偶然性 必然性,1450_人生意义_价值_偶然性_必然性.md,可能性 现实性 人生意义,1451_可能性_现实性_人生意义.md,24.69,哲学基本范畴与辩证法原理
人生意义 价值 偶然性 必然性,1450_人生意义_价值_偶然性_必然性.md,抗战胜利 必然性 毛泽东,0595_抗战胜利_必然性_毛泽东.md,17.94,哲学基本范畴与辩证法原理
可能性 现实性 人生意义,1451_可能性_现实性_人生意义.md,可能性 现实性 目的性,1530_可能性_现实性_目的性.md,40.42,哲学基本范畴与辩证法原理
可能性 现实性 人生意义,1451_可能性_现实性_人生意义.md,自我 不朽 人生意义,1452_自我_不朽_人生意义.md,25.77,哲学基本范畴与辩证法原理
可能性 现实性 人生意义,1451_可能性_现实性_人生意义.md,人生意义 价值 偶然性 必然性,1450_人生意义_价值_偶然性_必然性.md,24.69,哲学基本范畴与辩证法原理
可能性 现实性 人生意义,1451_可能性_现实性_人生意义.md,马克思主义哲学中国化 现实性,1805_马克思主义哲学中国化_现实性.md,17.63,哲学基本范畴与辩证法原理
自我 不朽 人生意义,1452_自我_不朽_人生意义.md,可能性 现实性 人生意义,1451_可能性_现实性_人生意义.md,25.77,人生观与青年哲学教育
自我 不朽 人生意义,1452_自我_不朽_人生意义.md,人生意义 价值 偶然性 必然性,1450_人生意义_价值_偶然性_必然性.md,25.36,人生观与青年哲学教育
自我 不朽 人生意义,1452_自我_不朽_人生意义.md,龚自珍 自我 衰世 批判,1512_龚自珍_自我_衰世_批判.md,11.79,人生观与青年哲学教育
人生 客观标准 好,1453_人生_客观标准_好.md,哲学 反思 人生,0989_哲学_反思_人生.md,12.5,哲学基本范畴与辩证法原理
人生 客观标准 好,1453_人生_客观标准_好.md,解脱 人生 悲剧 逃世,1440_解脱_人生_悲剧_逃世.md,12.08,哲学基本范畴与辩证法原理
人生 客观标准 好,1453_人生_客观标准_好.md,人生 活动 社会基础,1449_人生_活动_社会基础.md,12.08,哲学基本范畴与辩证法原理
人生 客观标准 好,1453_人生_客观标准_好.md,人生 三大真理 生活,1523_人生_三大真理_生活.md,12.08,哲学基本范畴与辩证法原理
人生 客观标准 好,1453_人生_客观标准_好.md,观照态度 人生 静观生活,1441_观照态度_人生_静观生活.md,11.79,哲学基本范畴与辩证法原理
真理 认识 人生标准,1454_真理_认识_人生标准.md,认识 实践 真理,1468_认识_实践_真理.md,15.0,实践观点与认识论
真理 认识 人生标准,1454_真理_认识_人生标准.md,知识 发展 真理,1459_知识_发展_真理.md,12.27,实践观点与认识论
真理 认识 人生标准,1454_真理_认识_人生标准.md,真理 追求 哲学,1460_真理_追求_哲学.md,12.27,实践观点与认识论
真理 认识 人生标准,1454_真理_认识_人生标准.md,真理 阶级性 讨论,1361_真理_阶级性_讨论.md,12.08,实践观点与认识论
一粒砂 宇宙 哲学,1455_一粒砂_宇宙_哲学.md,宇宙 社会 本体,1456_宇宙_社会_本体.md,12.5,人生观与青年哲学教育
一粒砂 宇宙 哲学,1455_一粒砂_宇宙_哲学.md,李大钊 宇宙 大实在,0348_李大钊_宇宙_大实在.md,12.08,人生观与青年哲学教育
一粒砂 宇宙 哲学,1455_一粒砂_宇宙_哲学.md,圣人 个人 宇宙 同一,0992_圣人_个人_宇宙_同一.md,12.08,人生观与青年哲学教育
宇宙 社会 本体,1456_宇宙_社会_本体.md,一粒砂 宇宙 哲学,1455_一粒砂_宇宙_哲学.md,12.5,人生观与青年哲学教育
宇宙 社会 本体,1456_宇宙_社会_本体.md,李大钊 宇宙 大实在,0348_李大钊_宇宙_大实在.md,12.27,人生观与青年哲学教育
宇宙 社会 本体,1456_宇宙_社会_本体.md,圣人 个人 宇宙 同一,0992_圣人_个人_宇宙_同一.md,12.27,人生观与青年哲学教育
物质 运动 发展,1457_物质_运动_发展.md,物质 变动 发展,1458_物质_变动_发展.md,20.71,哲学基本范畴与辩证法原理
物质 运动 发展,1457_物质_运动_发展.md,文明 精神 物质 现实,0944_文明_精神_物质_现实.md,12.27,哲学基本范畴与辩证法原理
物质 运动 发展,1457_物质_运动_发展.md,实践 物质 何者为先,1073_实践_物质_何者为先.md,12.27,哲学基本范畴与辩证法原理
物质 运动 发展,1457_物质_运动_发展.md,孙中山 物质 精神 关系,1604_孙中山_物质_精神_关系.md,12.08,哲学基本范畴与辩证法原理
物质 运动 发展,1457_物质_运动_发展.md,精神 物质 美术 宗教 科学,1411_精神_物质_美术_宗教_科学.md,11.92,哲学基本范畴与辩证法原理
物质 变动 发展,1458_物质_变动_发展.md,物质 运动 发展,1457_物质_运动_发展.md,20.71,哲学基本范畴与辩证法原理
物质 变动 发展,1458_物质_变动_发展.md,文明 精神 物质 现实,0944_文明_精神_物质_现实.md,12.27,哲学基本范畴与辩证法原理
物质 变动 发展,1458_物质_变动_发展.md,实践 物质 何者为先,1073_实践_物质_何者为先.md,12.27,哲学基本范畴与辩证法原理
物质 变动 发展,1458_物质_变动_发展.md,孙中山 物质 精神 关系,1604_孙中山_物质_精神_关系.md,12.08,哲学基本范畴与辩证法原理
物质 变动 发展,1458_物质_变动_发展.md,近五十年 中国思想 变动,1385_近五十年_中国思想_变动.md,11.92,哲学基本范畴与辩证法原理
知识 发展 真理,1459_知识_发展_真理.md,复兴 知识,2025_复兴_知识.md,13.57,哲学基本范畴与辩证法原理
知识 发展 真理,1459_知识_发展_真理.md,知识 道德,2027_知识_道德.md,13.57,哲学基本范畴与辩证法原理
知识 发展 真理,1459_知识_发展_真理.md,真理 追求 哲学,1460_真理_追求_哲学.md,12.78,哲学基本范畴与辩证法原理
知识 发展 真理,1459_知识_发展_真理.md,认识 实践 真理,1468_认识_实践_真理.md,12.78,哲学基本范畴与辩证法原理
知识 发展 真理,1459_知识_发展_真理.md,真理 阶级性 讨论,1361_真理_阶级性_讨论.md,12.5,哲学基本范畴与辩证法原理
真理 追求 哲学,1460_真理_追求_哲学.md,知识 发展 真理,1459_知识_发展_真理.md,12.78,哲学基本范畴与辩证法原理
真理 追求 哲学,1460_真理_追求_哲学.md,认识 实践 真理,1468_认识_实践_真理.md,12.78,哲学基本范畴与辩证法原理
真理 追求 哲学,1460_真理_追求_哲学.md,真理 阶级性 讨论,1361_真理_阶级性_讨论.md,12.5,哲学基本范畴与辩证法原理
真理 追求 哲学,1460_真理_追求_哲学.md,真理 认识 人生标准,1454_真理_认识_人生标准.md,12.27,哲学基本范畴与辩证法原理
真理 追求 哲学,1460_真理_追求_哲学.md,真理的追求,1975_真理的追求.md,7.14,哲学基本范畴与辩证法原理
辩证法唯物论 入门 战斗性,1461_辩证法唯物论_入门_战斗性.md,辩证法唯物论 毛泽东哲学,1821_辩证法唯物论_毛泽东哲学.md,38.33,哲学基本范畴与辩证法原理
辩证法唯物论 入门 战斗性,1461_辩证法唯物论_入门_战斗性.md,社会斗争 武器 辩证法唯物论,1462_社会斗争_武器_辩证法唯物论.md,37.81,哲学基本范畴与辩证法原理
辩证法唯物论 入门 战斗性,1461_辩证法唯物论_入门_战斗性.md,辩证法唯物论 思想 发展情况,1584_辩证法唯物论_思想_发展情况.md,37.81,哲学基本范畴与辩证法原理
辩证法唯物论 入门 战斗性,1461_辩证法唯物论_入门_战斗性.md,辩证法唯物论 社会历史 研究,1596_辩证法唯物论_社会历史_研究.md,37.81,哲学基本范畴与辩证法原理
辩证法唯物论 入门 战斗性,1461_辩证法唯物论_入门_战斗性.md,社会历史 研究 辩证法唯物论,1597_社会历史_研究_辩证法唯物论.md,37.81,哲学基本范畴与辩证法原理
社会斗争 武器 辩证法唯物论,1462_社会斗争_武器_辩证法唯物论.md,辩证法唯物论 无产阶级革命 武器,1208_辩证法唯物论_无产阶级革命_武器.md,48.33,哲学基本范畴与辩证法原理
社会斗争 武器 辩证法唯物论,1462_社会斗争_武器_辩证法唯物论.md,辩证法唯物论 社会历史 研究,1596_辩证法唯物论_社会历史_研究.md,39.38,哲学基本范畴与辩证法原理
社会斗争 武器 辩证法唯物论,1462_社会斗争_武器_辩证法唯物论.md,社会历史 研究 辩证法唯物论,1597_社会历史_研究_辩证法唯物论.md,39.38,哲学基本范畴与辩证法原理
社会斗争 武器 辩证法唯物论,1462_社会斗争_武器_辩证法唯物论.md,辩证法唯物论 入门 战斗性,1461_辩证法唯物论_入门_战斗性.md,37.81,哲学基本范畴与辩证法原理
社会斗争 武器 辩证法唯物论,1462_社会斗争_武器_辩证法唯物论.md,辩证法唯物论 毛泽东哲学,1821_辩证法唯物论_毛泽东哲学.md,37.81,哲学基本范畴与辩证法原理
唯物论 辩证法 世界观,1463_唯物论_辩证法_世界观.md,鲁迅 辩证法 唯物论 理想主义,1592_鲁迅_辩证法_唯物论_理想主义.md,36.67,思想方法与世界观教育
唯物论 辩证法 世界观,1463_唯物论_辩证法_世界观.md,辩证法唯物论 马克思主义政党 世界观,1580_辩证法唯物论_马克思主义政党_世界观.md,23.82,思想方法与世界观教育
唯物论 辩证法 世界观,1463_唯物论_辩证法_世界观.md,反杜林论 辩证法,1666_反杜林论_辩证法.md,21.82,思想方法与世界观教育
唯物论 辩证法 世界观,1463_唯物论_辩证法_世界观.md,唯物主义 辩证法,1747_唯物主义_辩证法.md,21.82,思想方法与世界观教育
唯物论 辩证法 世界观,1463_唯物论_辩证法_世界观.md,普列汉诺夫 辩证唯物主义 世界观,0827_普列汉诺夫_辩证唯物主义_世界观.md,20.88,思想方法与世界观教育
主观主义 经验主义 批判,1464_主观主义_经验主义_批判.md,经验主义 主观主义 批判,1212_经验主义_主观主义_批判.md,59.44,哲学基本范畴与辩证法原理
主观主义 经验主义 批判,1464_主观主义_经验主义_批判.md,主观主义 教条主义 经验主义,1338_主观主义_教条主义_经验主义.md,53.64,哲学基本范畴与辩证法原理
主观主义 经验主义 批判,1464_主观主义_经验主义_批判.md,主观主义 教条主义 批判,1211_主观主义_教条主义_批判.md,31.36,哲学基本范畴与辩证法原理
主观主义 经验主义 批判,1464_主观主义_经验主义_批判.md,民粹主义 主观主义 批判,1588_民粹主义_主观主义_批判.md,31.36,哲学基本范畴与辩证法原理
主观主义 经验主义 批判,1464_主观主义_经验主义_批判.md,公式化 主观主义 陈独秀,0322_公式化_主观主义_陈独秀.md,25.36,哲学基本范畴与辩证法原理
机械论 唯物论 批判,1465_机械论_唯物论_批判.md,机械论 机械唯物论 批评,1535_机械论_机械唯物论_批评.md,27.5,30年代苏联哲学批判运动
机械论 唯物论 批判,1465_机械论_唯物论_批判.md,唯物论 唯心论 哲学党性,1576_唯物论_唯心论_哲学党性.md,20.77,30年代苏联哲学批判运动
机械论 唯物论 批判,1465_机械论_唯物论_批判.md,瞿秋白 唯物论 唯心论 哲学根本问题,0311_瞿秋白_唯物论_唯心论_哲学根本问题.md,19.17,30年代苏联哲学批判运动
机械论 唯物论 批判,1465_机械论_唯物论_批判.md,唯物论 认识论 反映,1537_唯物论_认识论_反映.md,19.17,30年代苏联哲学批判运动
机械论 唯物论 批判,1465_机械论_唯物论_批判.md,观念论 人生观 机械论,0394_观念论_人生观_机械论.md,18.85,30年代苏联哲学批判运动
形而上学 辩证法 批判,1466_形而上学_辩证法_批判.md,形而上学 形式论理学 辩证法,0410_形而上学_形式论理学_辩证法.md,46.54,哲学基本范畴与辩证法原理
形而上学 辩证法 批判,1466_形而上学_辩证法_批判.md,辩证法 形而上学 根本观点,1550_辩证法_形而上学_根本观点.md,44.62,哲学基本范畴与辩证法原理
形而上学 辩证法 批判,1466_形而上学_辩证法_批判.md,认识论 论理学 辩证法 一致性,1534_认识论_论理学_辩证法_一致性.md,19.69,哲学基本范畴与辩证法原理
形而上学 辩证法 批判,1466_形而上学_辩证法_批判.md,形式论理学 辩证法 青年就是青年,0407_形式论理学_辩证法_青年就是青年.md,19.41,哲学基本范畴与辩证法原理
形而上学 辩证法 批判,1466_形而上学_辩证法_批判.md,进攻 防御 辩证法,1325_进攻_防御_辩证法.md,19.17,哲学基本范畴与辩证法原理
矛盾 发展 运动,1467_矛盾_发展_运动.md,矛盾 两方面 统一,1561_矛盾_两方面_统一.md,12.5,哲学基本范畴与辩证法原理
矛盾 发展 运动,1467_矛盾_发展_运动.md,矛盾 同一性 斗争性,1319_矛盾_同一性_斗争性.md,12.27,哲学基本范畴与辩证法原理
矛盾 发展 运动,1467_矛盾_发展_运动.md,李大钊 矛盾 对抗 调和,0350_李大钊_矛盾_对抗_调和.md,12.08,哲学基本范畴与辩证法原理
矛盾 发展 运动,1467_矛盾_发展_运动.md,对抗 矛盾 不是一回事,1249_对抗_矛盾_不是一回事.md,12.08,哲学基本范畴与辩证法原理
矛盾 发展 运动,1467_矛盾_发展_运动.md,民族资产阶级 矛盾 性质,1360_民族资产阶级_矛盾_性质.md,11.92,哲学基本范畴与辩证法原理
认识 实践 真理,1468_认识_实践_真理.md,真理 认识 人生标准,1454_真理_认识_人生标准.md,15.0,实践观点与认识论
认识 实践 真理,1468_认识_实践_真理.md,知识 发展 真理,1459_知识_发展_真理.md,12.78,实践观点与认识论
认识 实践 真理,1468_认识_实践_真理.md,真理 追求 哲学,1460_真理_追求_哲学.md,12.78,实践观点与认识论
认识 实践 真理,1468_认识_实践_真理.md,真理 阶级性 讨论,1361_真理_阶级性_讨论.md,12.5,实践观点与认识论
认识 实践 真理,1468_认识_实践_真理.md,实践 认识论 本体论,1074_实践_认识论_本体论.md,5.0,实践观点与认识论
当代资本主义 阶级结构 中间阶级,1469_当代资本主义_阶级结构_中间阶级.md,资产阶级 资本主义,1743_资产阶级_资本主义.md,6.67,政治经济学与资本主义批判
当代资本主义 阶级结构 中间阶级,1469_当代资本主义_阶级结构_中间阶级.md,无产阶级 资本主义,1771_无产阶级_资本主义.md,6.67,政治经济学与资本主义批判
当代资本主义 阶级结构 中间阶级,1469_当代资本主义_阶级结构_中间阶级.md,劳动 资本主义,1710_劳动_资本主义.md,5.36,政治经济学与资本主义批判
当代资本主义 阶级结构 中间阶级,1469_当代资本主义_阶级结构_中间阶级.md,俄国 资本主义,1713_俄国_资本主义.md,5.36,政治经济学与资本主义批判
当代资本主义 阶级结构 中间阶级,1469_当代资本主义_阶级结构_中间阶级.md,宗教 资本主义,1716_宗教_资本主义.md,5.36,政治经济学与资本主义批判
工人阶级 白领工人 蓝领工人,1470_工人阶级_白领工人_蓝领工人.md,工人阶级 英国,1737_工人阶级_英国.md,27.5,其他待人工复核
工人阶级 白领工人 蓝领工人,1470_工人阶级_白领工人_蓝领工人.md,劳动 工人阶级,1767_劳动_工人阶级.md,27.5,其他待人工复核
工人阶级 白领工人 蓝领工人,1470_工人阶级_白领工人_蓝领工人.md,工人阶级 斗争,1778_工人阶级_斗争.md,27.5,其他待人工复核
工人阶级 白领工人 蓝领工人,1470_工人阶级_白领工人_蓝领工人.md,民族工业 工人阶级 壮大,1423_民族工业_工人阶级_壮大.md,25.36,其他待人工复核
工人阶级 白领工人 蓝领工人,1470_工人阶级_白领工人_蓝领工人.md,过渡时期 工人阶级 民族资产阶级 矛盾,0680_过渡时期_工人阶级_民族资产阶级_矛盾.md,23.95,其他待人工复核
革命问题 和平过渡 武装斗争,1472_革命问题_和平过渡_武装斗争.md,武装斗争 思想 萌芽,1140_武装斗争_思想_萌芽.md,25.0,民族国家与国际关系
革命问题 和平过渡 武装斗争,1472_革命问题_和平过渡_武装斗争.md,革命问题 哲学思考 五四,0139_革命问题_哲学思考_五四.md,24.41,民族国家与国际关系
革命问题 和平过渡 武装斗争,1472_革命问题_和平过渡_武装斗争.md,三大法宝 统一战线 武装斗争 党的建设,1148_三大法宝_统一战线_武装斗争_党的建设.md,23.26,民族国家与国际关系
社会主义革命 形式 多样,1473_社会主义革命_形式_多样.md,社会主义革命 建设 辩证法,0983_社会主义革命_建设_辩证法.md,38.93,哲学基本范畴与辩证法原理
社会主义革命 形式 多样,1473_社会主义革命_形式_多样.md,社会主义革命 建设 主观主义,1357_社会主义革命_建设_主观主义.md,38.93,哲学基本范畴与辩证法原理
社会主义革命 形式 多样,1473_社会主义革命_形式_多样.md,民主主义革命 社会主义革命 辩证统一,1049_民主主义革命_社会主义革命_辩证统一.md,37.81,哲学基本范畴与辩证法原理
社会主义革命 形式 多样,1473_社会主义革命_形式_多样.md,民主主义革命 社会主义革命 必然趋势,1050_民主主义革命_社会主义革命_必然趋势.md,37.81,哲学基本范畴与辩证法原理
社会主义革命 形式 多样,1473_社会主义革命_形式_多样.md,一国胜利理论 列宁 社会主义革命,0869_一国胜利理论_列宁_社会主义革命.md,37.35,哲学基本范畴与辩证法原理
资本主义 社会主义 关系,1474_资本主义_社会主义_关系.md,社会主义 资本主义 辩证关系,1262_社会主义_资本主义_辩证关系.md,52.5,政治经济学与资本主义批判
资本主义 社会主义 关系,1474_资本主义_社会主义_关系.md,新民主主义 社会主义 关系,0527_新民主主义_社会主义_关系.md,33.64,政治经济学与资本主义批判
资本主义 社会主义 关系,1474_资本主义_社会主义_关系.md,劳动 资本主义,1710_劳动_资本主义.md,27.5,政治经济学与资本主义批判
资本主义 社会主义 关系,1474_资本主义_社会主义_关系.md,俄国 资本主义,1713_俄国_资本主义.md,27.5,政治经济学与资本主义批判
资本主义 社会主义 关系,1474_资本主义_社会主义_关系.md,宗教 资本主义,1716_宗教_资本主义.md,27.5,政治经济学与资本主义批判
殖民制度 崩溃 资本主义矛盾,1475_殖民制度_崩溃_资本主义矛盾.md,劳动 资本主义,1710_劳动_资本主义.md,5.77,政治经济学与资本主义批判
殖民制度 崩溃 资本主义矛盾,1475_殖民制度_崩溃_资本主义矛盾.md,俄国 资本主义,1713_俄国_资本主义.md,5.77,政治经济学与资本主义批判
殖民制度 崩溃 资本主义矛盾,1475_殖民制度_崩溃_资本主义矛盾.md,宗教 资本主义,1716_宗教_资本主义.md,5.77,政治经济学与资本主义批判
殖民制度 崩溃 资本主义矛盾,1475_殖民制度_崩溃_资本主义矛盾.md,伦理 资本主义,1723_伦理_资本主义.md,5.77,政治经济学与资本主义批判
殖民制度 崩溃 资本主义矛盾,1475_殖民制度_崩溃_资本主义矛盾.md,生产 资本主义,1732_生产_资本主义.md,5.77,政治经济学与资本主义批判
社会主义 历史经验 中国 世界,1476_社会主义_历史经验_中国_世界.md,共产主义 社会主义 发展经验,1477_共产主义_社会主义_发展经验.md,25.88,民族国家与国际关系
社会主义 历史经验 中国 世界,1476_社会主义_历史经验_中国_世界.md,俄国 社会主义,1758_俄国_社会主义.md,25.77,民族国家与国际关系
社会主义 历史经验 中国 世界,1476_社会主义_历史经验_中国_世界.md,德国 社会主义,1772_德国_社会主义.md,25.77,民族国家与国际关系
社会主义 历史经验 中国 世界,1476_社会主义_历史经验_中国_世界.md,法国 社会主义,1817_法国_社会主义.md,25.77,民族国家与国际关系
社会主义 历史经验 中国 世界,1476_社会主义_历史经验_中国_世界.md,社会主义 列宁,1840_社会主义_列宁.md,25.77,民族国家与国际关系
共产主义 社会主义 发展经验,1477_共产主义_社会主义_发展经验.md,资本主义 社会主义 关系,1474_资本主义_社会主义_关系.md,27.14,哲学基本范畴与辩证法原理
共产主义 社会主义 发展经验,1477_共产主义_社会主义_发展经验.md,新民主主义 社会主义 关系,0527_新民主主义_社会主义_关系.md,26.67,哲学基本范畴与辩证法原理
共产主义 社会主义 发展经验,1477_共产主义_社会主义_发展经验.md,俄国 社会主义,1758_俄国_社会主义.md,26.25,哲学基本范畴与辩证法原理
共产主义 社会主义 发展经验,1477_共产主义_社会主义_发展经验.md,德国 社会主义,1772_德国_社会主义.md,26.25,哲学基本范畴与辩证法原理
共产主义 社会主义 发展经验,1477_共产主义_社会主义_发展经验.md,共产主义 劳动,1782_共产主义_劳动.md,26.25,哲学基本范畴与辩证法原理
马克思主义 命运 世纪之交,1478_马克思主义_命运_世纪之交.md,上海 马克思主义者,1740_上海_马克思主义者.md,7.69,马克思恩格斯经典文本与哲学关系
马克思主义 命运 世纪之交,1478_马克思主义_命运_世纪之交.md,我的马克思主义观,1933_我的马克思主义观.md,7.69,马克思恩格斯经典文本与哲学关系
马克思主义 命运 世纪之交,1478_马克思主义_命运_世纪之交.md,新理学 马克思主义者,1708_新理学_马克思主义者.md,7.14,马克思恩格斯经典文本与哲学关系
马克思主义 命运 世纪之交,1478_马克思主义_命运_世纪之交.md,中国马克思主义 马克思主义者,1788_中国马克思主义_马克思主义者.md,7.14,马克思恩格斯经典文本与哲学关系
马克思主义 命运 世纪之交,1478_马克思主义_命运_世纪之交.md,在马克思主义旗帜下,1940_在马克思主义旗帜下.md,7.14,马克思恩格斯经典文本与哲学关系
全球化 国家主权 马克思主义,1479_全球化_国家主权_马克思主义.md,上海 马克思主义者,1740_上海_马克思主义者.md,7.14,马克思恩格斯经典文本与哲学关系
全球化 国家主权 马克思主义,1479_全球化_国家主权_马克思主义.md,我的马克思主义观,1933_我的马克思主义观.md,7.14,马克思恩格斯经典文本与哲学关系
全球化 国家主权 马克思主义,1479_全球化_国家主权_马克思主义.md,马克思主义 国家统治思想 危机,1481_马克思主义_国家统治思想_危机.md,6.94,马克思恩格斯经典文本与哲学关系
全球化 国家主权 马克思主义,1479_全球化_国家主权_马克思主义.md,新理学 马克思主义者,1708_新理学_马克思主义者.md,6.67,马克思恩格斯经典文本与哲学关系
全球化 国家主权 马克思主义,1479_全球化_国家主权_马克思主义.md,中国马克思主义 马克思主义者,1788_中国马克思主义_马克思主义者.md,6.67,马克思恩格斯经典文本与哲学关系
马克思主义 以外 思想 对待,1480_马克思主义_以外_思想_对待.md,上海 马克思主义者,1740_上海_马克思主义者.md,7.69,马克思恩格斯经典文本与哲学关系
马克思主义 以外 思想 对待,1480_马克思主义_以外_思想_对待.md,我的马克思主义观,1933_我的马克思主义观.md,7.69,马克思恩格斯经典文本与哲学关系
马克思主义 以外 思想 对待,1480_马克思主义_以外_思想_对待.md,马克思主义 学术思想 时代背景,0968_马克思主义_学术思想_时代背景.md,7.35,马克思恩格斯经典文本与哲学关系
马克思主义 以外 思想 对待,1480_马克思主义_以外_思想_对待.md,早期马克思主义 学术思想 开展,0969_早期马克思主义_学术思想_开展.md,7.35,马克思恩格斯经典文本与哲学关系
马克思主义 以外 思想 对待,1480_马克思主义_以外_思想_对待.md,马克思主义 指导思想 中国革命,1112_马克思主义_指导思想_中国革命.md,7.35,马克思恩格斯经典文本与哲学关系
马克思主义 国家统治思想 危机,1481_马克思主义_国家统治思想_危机.md,现代自然科学 危机 唯物论,1542_现代自然科学_危机_唯物论.md,11.19,马克思恩格斯经典文本与哲学关系
马克思主义 国家统治思想 危机,1481_马克思主义_国家统治思想_危机.md,马克思主义 以外 思想 对待,1480_马克思主义_以外_思想_对待.md,7.35,马克思恩格斯经典文本与哲学关系
马克思主义 国家统治思想 危机,1481_马克思主义_国家统治思想_危机.md,全球化 国家主权 马克思主义,1479_全球化_国家主权_马克思主义.md,6.94,马克思恩格斯经典文本与哲学关系
马克思主义 国家统治思想 危机,1481_马克思主义_国家统治思想_危机.md,上海 马克思主义者,1740_上海_马克思主义者.md,6.67,马克思恩格斯经典文本与哲学关系
马克思主义 国家统治思想 危机,1481_马克思主义_国家统治思想_危机.md,我的马克思主义观,1933_我的马克思主义观.md,6.67,马克思恩格斯经典文本与哲学关系
中国共产党 党史 研究,1482_中国共产党_党史_研究.md,中国共产党 成立 意义,1129_中国共产党_成立_意义.md,33.33,中国革命道路与党的思想建设
中国共产党 党史 研究,1482_中国共产党_党史_研究.md,中国共产党 前进 成立,1829_中国共产党_前进_成立.md,33.33,中国革命道路与党的思想建设
中国共产党 党史 研究,1482_中国共产党_党史_研究.md,以俄为师 心理 中国共产党,1156_以俄为师_心理_中国共产党.md,32.14,中国革命道路与党的思想建设
中国共产党 党史 研究,1482_中国共产党_党史_研究.md,土地革命 中国共产党 中国化,1165_土地革命_中国共产党_中国化.md,32.14,中国革命道路与党的思想建设
中国共产党 党史 研究,1482_中国共产党_党史_研究.md,中国共产党 俄国模式 共产国际,0848_中国共产党_俄国模式_共产国际.md,31.67,中国革命道路与党的思想建设
三十年代 上海 左翼文化工作,1483_三十年代_上海_左翼文化工作.md,三十年代 理论战线 三次论战,1425_三十年代_理论战线_三次论战.md,24.17,30年代苏联哲学批判运动
三十年代 上海 左翼文化工作,1483_三十年代_上海_左翼文化工作.md,马克思主义 广泛传播 三十年代,0106_马克思主义_广泛传播_三十年代.md,23.75,30年代苏联哲学批判运动
三十年代 上海 左翼文化工作,1483_三十年代_上海_左翼文化工作.md,三十年代 哲学思想理论战线 论争,1302_三十年代_哲学思想理论战线_论争.md,23.57,30年代苏联哲学批判运动
三十年代 上海 左翼文化工作,1483_三十年代_上海_左翼文化工作.md,上海 马克思主义者,1740_上海_马克思主义者.md,11.47,30年代苏联哲学批判运动
党史工作 党史研究 新局面,1484_党史工作_党史研究_新局面.md,马克思主义哲学 学习 新局面,1341_马克思主义哲学_学习_新局面.md,17.78,中国革命道路与党的思想建设
党史工作 党史研究 新局面,1484_党史工作_党史研究_新局面.md,中国共产党 党史 研究,1482_中国共产党_党史_研究.md,5.36,中国革命道路与党的思想建设
资产阶级 哲学革命 辛亥革命,1485_资产阶级_哲学革命_辛亥革命.md,资产阶级民主主义 思想传播 辛亥革命,0068_资产阶级民主主义_思想传播_辛亥革命.md,27.89,阶级斗争与社会革命理论
资产阶级 哲学革命 辛亥革命,1485_资产阶级_哲学革命_辛亥革命.md,俄国 资产阶级,1691_俄国_资产阶级.md,26.25,阶级斗争与社会革命理论
资产阶级 哲学革命 辛亥革命,1485_资产阶级_哲学革命_辛亥革命.md,法国 资产阶级,1703_法国_资产阶级.md,26.25,阶级斗争与社会革命理论
资产阶级 哲学革命 辛亥革命,1485_资产阶级_哲学革命_辛亥革命.md,无产阶级 资产阶级,1705_无产阶级_资产阶级.md,26.25,阶级斗争与社会革命理论
资产阶级 哲学革命 辛亥革命,1485_资产阶级_哲学革命_辛亥革命.md,斗争 资产阶级,1717_斗争_资产阶级.md,26.25,阶级斗争与社会革命理论
冯定 平凡的真理 哲学体系,1486_冯定_平凡的真理_哲学体系.md,冯定 平凡的真理 哲学宣传,1344_冯定_平凡的真理_哲学宣传.md,51.67,哲学基本范畴与辩证法原理
哲学上三次大论战 提法 批评,1488_哲学上三次大论战_提法_批评.md,哲学上三次大论战 提法,1824_哲学上三次大论战_提法.md,70.45,思想论战与文化批判
哲学上三次大论战 提法 批评,1488_哲学上三次大论战_提法_批评.md,唯生论 力行哲学 批评,1585_唯生论_力行哲学_批评.md,12.94,思想论战与文化批判
哲学上三次大论战 提法 批评,1488_哲学上三次大论战_提法_批评.md,王道 新小说 批评,0964_王道_新小说_批评.md,11.56,思想论战与文化批判
哲学上三次大论战 提法 批评,1488_哲学上三次大论战_提法_批评.md,冯友兰 新世训 批评,0476_冯友兰_新世训_批评.md,11.47,思想论战与文化批判
哲学上三次大论战 提法 批评,1488_哲学上三次大论战_提法_批评.md,郭沫若 徐志摩 批评,0960_郭沫若_徐志摩_批评.md,11.47,思想论战与文化批判
冯契 智慧说 马克思主义哲学中国化,1489_冯契_智慧说_马克思主义哲学中国化.md,马克思主义哲学中国化 不足,1432_马克思主义哲学中国化_不足.md,54.06,马克思恩格斯经典文本与哲学关系
冯契 智慧说 马克思主义哲学中国化,1489_冯契_智慧说_马克思主义哲学中国化.md,李达 马克思主义哲学中国化,1751_李达_马克思主义哲学中国化.md,54.06,马克思恩格斯经典文本与哲学关系
冯契 智慧说 马克思主义哲学中国化,1489_冯契_智慧说_马克思主义哲学中国化.md,马克思主义哲学中国化 走向,1816_马克思主义哲学中国化_走向.md,54.06,马克思恩格斯经典文本与哲学关系
冯契 智慧说 马克思主义哲学中国化,1489_冯契_智慧说_马克思主义哲学中国化.md,毛泽东 马克思主义哲学中国化,1748_毛泽东_马克思主义哲学中国化.md,53.24,马克思恩格斯经典文本与哲学关系
冯契 智慧说 马克思主义哲学中国化,1489_冯契_智慧说_马克思主义哲学中国化.md,马克思主义哲学中国化 现实性,1805_马克思主义哲学中国化_现实性.md,53.24,马克思恩格斯经典文本与哲学关系
辩证法唯物论 讲授提纲 史实纠谬,1490_辩证法唯物论_讲授提纲_史实纠谬.md,辩证法唯物论 讲授提纲 毛泽东,0537_辩证法唯物论_讲授提纲_毛泽东.md,64.06,哲学教学与学术制度建设
辩证法唯物论 讲授提纲 史实纠谬,1490_辩证法唯物论_讲授提纲_史实纠谬.md,辩证法唯物论 入门 战斗性,1461_辩证法唯物论_入门_战斗性.md,36.94,哲学教学与学术制度建设
辩证法唯物论 讲授提纲 史实纠谬,1490_辩证法唯物论_讲授提纲_史实纠谬.md,辩证法唯物论 毛泽东哲学,1821_辩证法唯物论_毛泽东哲学.md,36.94,哲学教学与学术制度建设
辩证法唯物论 讲授提纲 史实纠谬,1490_辩证法唯物论_讲授提纲_史实纠谬.md,社会斗争 武器 辩证法唯物论,1462_社会斗争_武器_辩证法唯物论.md,36.58,哲学教学与学术制度建设
辩证法唯物论 讲授提纲 史实纠谬,1490_辩证法唯物论_讲授提纲_史实纠谬.md,辩证法唯物论 思想 发展情况,1584_辩证法唯物论_思想_发展情况.md,36.58,哲学教学与学术制度建设
中国传统哲学 精华 发掘,1492_中国传统哲学_精华_发掘.md,唯物史观 研究 中国传统哲学,0042_唯物史观_研究_中国传统哲学.md,38.33,马克思主义哲学与中国文化传统结合
中国传统哲学 精华 发掘,1492_中国传统哲学_精华_发掘.md,毛泽东 实践论 中国传统哲学,0570_毛泽东_实践论_中国传统哲学.md,38.33,马克思主义哲学与中国文化传统结合
中国传统哲学 精华 发掘,1492_中国传统哲学_精华_发掘.md,马克思主义哲学 中国传统哲学 结合,1417_马克思主义哲学_中国传统哲学_结合.md,37.35,马克思主义哲学与中国文化传统结合
中国传统哲学 精华 发掘,1492_中国传统哲学_精华_发掘.md,马克思主义哲学 中国传统哲学 形态,1797_马克思主义哲学_中国传统哲学_形态.md,37.35,马克思主义哲学与中国文化传统结合
中国传统哲学 精华 发掘,1492_中国传统哲学_精华_发掘.md,中国传统哲学 认识论 知行观 批判总结,1430_中国传统哲学_认识论_知行观_批判总结.md,36.58,马克思主义哲学与中国文化传统结合
中国现代哲学 思想来源 多元 主流,1493_中国现代哲学_思想来源_多元_主流.md,中国现代哲学 张申府,1830_中国现代哲学_张申府.md,37.81,中国哲学现代转型
中国现代哲学 思想来源 多元 主流,1493_中国现代哲学_思想来源_多元_主流.md,毛泽东哲学 中国现代哲学,0628_毛泽东哲学_中国现代哲学.md,37.35,中国哲学现代转型
中国现代哲学 思想来源 多元 主流,1493_中国现代哲学_思想来源_多元_主流.md,列宁主义 定义 思想来源 基本原则 争论,0897_列宁主义_定义_思想来源_基本原则_争论.md,23.0,中国哲学现代转型
中国现代哲学 思想来源 多元 主流,1493_中国现代哲学_思想来源_多元_主流.md,毛泽东哲学思想 中国化形态,0497_毛泽东哲学思想_中国化形态.md,5.0,中国哲学现代转型
马克思主义哲学中国化 历史进程,1494_马克思主义哲学中国化_历史进程.md,马克思主义哲学中国化 不足,1432_马克思主义哲学中国化_不足.md,55.0,马克思主义哲学中国化研究范式
马克思主义哲学中国化 历史进程,1494_马克思主义哲学中国化_历史进程.md,李达 马克思主义哲学中国化,1751_李达_马克思主义哲学中国化.md,55.0,马克思主义哲学中国化研究范式
马克思主义哲学中国化 历史进程,1494_马克思主义哲学中国化_历史进程.md,马克思主义哲学中国化 走向,1816_马克思主义哲学中国化_走向.md,55.0,马克思主义哲学中国化研究范式
马克思主义哲学中国化 历史进程,1494_马克思主义哲学中国化_历史进程.md,历史观 革命 马克思主义哲学中国化,1433_历史观_革命_马克思主义哲学中国化.md,54.71,马克思主义哲学中国化研究范式
马克思主义哲学中国化 历史进程,1494_马克思主义哲学中国化_历史进程.md,毛泽东 马克思主义哲学中国化,1748_毛泽东_马克思主义哲学中国化.md,54.06,马克思主义哲学中国化研究范式
李约瑟 辩证唯物主义 渊源 中国,1495_李约瑟_辩证唯物主义_渊源_中国.md,瞿秋白 辩证唯物主义 中国化,0300_瞿秋白_辩证唯物主义_中国化.md,38.82,其他待人工复核
李约瑟 辩证唯物主义 渊源 中国,1495_李约瑟_辩证唯物主义_渊源_中国.md,瞿秋白 辩证唯物主义 中国传播,0288_瞿秋白_辩证唯物主义_中国传播.md,38.33,其他待人工复核
李约瑟 辩证唯物主义 渊源 中国,1495_李约瑟_辩证唯物主义_渊源_中国.md,历史唯物主义 辩证唯物主义,1707_历史唯物主义_辩证唯物主义.md,38.33,其他待人工复核
李约瑟 辩证唯物主义 渊源 中国,1495_李约瑟_辩证唯物主义_渊源_中国.md,唯心主义 辩证唯物主义,1766_唯心主义_辩证唯物主义.md,38.33,其他待人工复核
李约瑟 辩证唯物主义 渊源 中国,1495_李约瑟_辩证唯物主义_渊源_中国.md,辩证唯物主义 研讨 争论,0981_辩证唯物主义_研讨_争论.md,37.81,其他待人工复核
马克思主义中国化 文化背景,1496_马克思主义中国化_文化背景.md,马克思主义中国化 文化契合,1621_马克思主义中国化_文化契合.md,57.31,马克思恩格斯经典文本与哲学关系
马克思主义中国化 文化背景,1496_马克思主义中国化_文化背景.md,马克思主义中国化 文化融合 文化重构,1622_马克思主义中国化_文化融合_文化重构.md,54.06,马克思恩格斯经典文本与哲学关系
马克思主义中国化 文化背景,1496_马克思主义中国化_文化背景.md,马克思主义中国化 前瞻,1180_马克思主义中国化_前瞻.md,53.46,马克思恩格斯经典文本与哲学关系
马克思主义中国化 文化背景,1496_马克思主义中国化_文化背景.md,起源 马克思主义中国化,1761_起源_马克思主义中国化.md,53.46,马克思恩格斯经典文本与哲学关系
马克思主义中国化 文化背景,1496_马克思主义中国化_文化背景.md,马克思主义中国化 思潮,1827_马克思主义中国化_思潮.md,53.46,马克思恩格斯经典文本与哲学关系
马克思主义中国化 政治层面 学术层面,1497_马克思主义中国化_政治层面_学术层面.md,学术论战 马克思主义中国化,0974_学术论战_马克思主义中国化.md,51.76,马克思恩格斯经典文本与哲学关系
马克思主义中国化 政治层面 学术层面,1497_马克思主义中国化_政治层面_学术层面.md,马克思主义中国化 提出 学术史,0920_马克思主义中国化_提出_学术史.md,51.11,马克思恩格斯经典文本与哲学关系
马克思主义中国化 政治层面 学术层面,1497_马克思主义中国化_政治层面_学术层面.md,马克思主义中国化 前瞻,1180_马克思主义中国化_前瞻.md,50.94,马克思恩格斯经典文本与哲学关系
马克思主义中国化 政治层面 学术层面,1497_马克思主义中国化_政治层面_学术层面.md,起源 马克思主义中国化,1761_起源_马克思主义中国化.md,50.94,马克思恩格斯经典文本与哲学关系
马克思主义中国化 政治层面 学术层面,1497_马克思主义中国化_政治层面_学术层面.md,马克思主义中国化 思潮,1827_马克思主义中国化_思潮.md,50.94,马克思恩格斯经典文本与哲学关系
中国近代哲学 社会矛盾 政治思想斗争,1499_中国近代哲学_社会矛盾_政治思想斗争.md,中国近代哲学 冯契,1835_中国近代哲学_冯契.md,37.35,哲学基本范畴与辩证法原理
中国近代哲学 社会矛盾 政治思想斗争,1499_中国近代哲学_社会矛盾_政治思想斗争.md,中国近代哲学 古今中西,1695_中国近代哲学_古今中西.md,36.58,哲学基本范畴与辩证法原理
中国近代哲学 社会矛盾 政治思想斗争,1499_中国近代哲学_社会矛盾_政治思想斗争.md,中国近现代 社会矛盾 马克思主义哲学传播,0101_中国近现代_社会矛盾_马克思主义哲学传播.md,25.77,哲学基本范畴与辩证法原理
中国近代哲学 社会矛盾 政治思想斗争,1499_中国近代哲学_社会矛盾_政治思想斗争.md,半殖民地半封建 社会矛盾 哲学,1500_半殖民地半封建_社会矛盾_哲学.md,24.35,哲学基本范畴与辩证法原理
中国近代哲学 社会矛盾 政治思想斗争,1499_中国近代哲学_社会矛盾_政治思想斗争.md,古今中西 之争 中国近代哲学革命,0767_古今中西_之争_中国近代哲学革命.md,5.43,哲学基本范畴与辩证法原理
半殖民地半封建 社会矛盾 哲学,1500_半殖民地半封建_社会矛盾_哲学.md,中国近代哲学 社会矛盾 政治思想斗争,1499_中国近代哲学_社会矛盾_政治思想斗争.md,24.35,中国社会性质论战
半殖民地半封建 社会矛盾 哲学,1500_半殖民地半封建_社会矛盾_哲学.md,中国近现代 社会矛盾 马克思主义哲学传播,0101_中国近现代_社会矛盾_马克思主义哲学传播.md,24.0,中国社会性质论战
半殖民地半封建 社会矛盾 哲学,1500_半殖民地半封建_社会矛盾_哲学.md,半殖民地 半封建 新思潮派,1397_半殖民地_半封建_新思潮派.md,9.38,中国社会性质论战
半殖民地半封建 社会矛盾 哲学,1500_半殖民地半封建_社会矛盾_哲学.md,中国启蒙运动 半殖民地 半封建,0157_中国启蒙运动_半殖民地_半封建.md,8.33,中国社会性质论战
帝国主义 中华民族 矛盾,1501_帝国主义_中华民族_矛盾.md,帝国主义 战争,1720_帝国主义_战争.md,26.82,民族国家与国际关系
帝国主义 中华民族 矛盾,1501_帝国主义_中华民族_矛盾.md,帝国主义 德国,1760_帝国主义_德国.md,26.82,民族国家与国际关系
帝国主义 中华民族 矛盾,1501_帝国主义_中华民族_矛盾.md,帝国主义 资本主义,1730_帝国主义_资本主义.md,26.25,民族国家与国际关系
帝国主义 中华民族 矛盾,1501_帝国主义_中华民族_矛盾.md,列宁 帝国主义 世界历史,0838_列宁_帝国主义_世界历史.md,25.0,民族国家与国际关系
帝国主义 中华民族 矛盾,1501_帝国主义_中华民族_矛盾.md,帝国主义 资本主义最高阶段,1655_帝国主义_资本主义最高阶段.md,24.69,民族国家与国际关系
封建主义 人民大众 矛盾,1502_封建主义_人民大众_矛盾.md,胡适 封建主义 抽象名词,0473_胡适_封建主义_抽象名词.md,25.0,哲学基本范畴与辩证法原理
封建主义 人民大众 矛盾,1502_封建主义_人民大众_矛盾.md,帝国主义 中华民族 矛盾,1501_帝国主义_中华民族_矛盾.md,13.12,哲学基本范畴与辩证法原理
封建主义 人民大众 矛盾,1502_封建主义_人民大众_矛盾.md,社会主义社会 前进动力 矛盾,1355_社会主义社会_前进动力_矛盾.md,12.94,哲学基本范畴与辩证法原理
封建主义 人民大众 矛盾,1502_封建主义_人民大众_矛盾.md,马克思主义中国化 进展 矛盾,1163_马克思主义中国化_进展_矛盾.md,12.78,哲学基本范畴与辩证法原理
封建主义 人民大众 矛盾,1502_封建主义_人民大众_矛盾.md,社会主义制度 生产力落后 矛盾,1248_社会主义制度_生产力落后_矛盾.md,12.63,哲学基本范畴与辩证法原理
中学为体 西学为用 批判,1503_中学为体_西学为用_批判.md,中学为体 西学为用 思潮,1391_中学为体_西学为用_思潮.md,55.0,中国近代启蒙与民主革命
中学为体 西学为用 批判,1503_中学为体_西学为用_批判.md,中学为体 西学为用 洋务运动,1379_中学为体_西学为用_洋务运动.md,52.5,中国近代启蒙与民主革命
马克思主义 中国优秀传统 结合,1504_马克思主义_中国优秀传统_结合.md,马克思主义哲学 中国优秀传统 结合,1416_马克思主义哲学_中国优秀传统_结合.md,48.33,马克思恩格斯经典文本与哲学关系
马克思主义 中国优秀传统 结合,1504_马克思主义_中国优秀传统_结合.md,马克思主义哲学 中国哲学传统 结合,0726_马克思主义哲学_中国哲学传统_结合.md,11.76,马克思恩格斯经典文本与哲学关系
马克思主义 中国优秀传统 结合,1504_马克思主义_中国优秀传统_结合.md,马克思主义哲学 中国文化传统 结合,1228_马克思主义哲学_中国文化传统_结合.md,11.11,马克思恩格斯经典文本与哲学关系
马克思主义 中国优秀传统 结合,1504_马克思主义_中国优秀传统_结合.md,中国传统文化 马克思主义 结合,0756_中国传统文化_马克思主义_结合.md,10.29,马克思恩格斯经典文本与哲学关系
马克思主义 中国优秀传统 结合,1504_马克思主义_中国优秀传统_结合.md,马克思主义 中国传统文化 关系,0764_马克思主义_中国传统文化_关系.md,10.29,马克思恩格斯经典文本与哲学关系
历史观 认识论 近代哲学,1505_历史观_认识论_近代哲学.md,群众路线 认识论,0598_群众路线_认识论.md,18.85,哲学基本范畴与辩证法原理
历史观 认识论 近代哲学,1505_历史观_认识论_近代哲学.md,列宁 感觉 认识论,0836_列宁_感觉_认识论.md,18.85,哲学基本范畴与辩证法原理
历史观 认识论 近代哲学,1505_历史观_认识论_近代哲学.md,分析 综合 认识论,1548_分析_综合_认识论.md,18.85,哲学基本范畴与辩证法原理
历史观 认识论 近代哲学,1505_历史观_认识论_近代哲学.md,归纳 演绎 认识论,1549_归纳_演绎_认识论.md,18.85,哲学基本范畴与辩证法原理
历史观 认识论 近代哲学,1505_历史观_认识论_近代哲学.md,历史观 革命 马克思主义哲学中国化,1433_历史观_革命_马克思主义哲学中国化.md,18.75,哲学基本范畴与辩证法原理
知行 主观 客观 关系,1506_知行_主观_客观_关系.md,战争 主观 客观 关系,1322_战争_主观_客观_关系.md,23.89,哲学基本范畴与辩证法原理
知行 主观 客观 关系,1506_知行_主观_客观_关系.md,人生观 主观 直觉 综合,0193_人生观_主观_直觉_综合.md,11.79,哲学基本范畴与辩证法原理
知行 主观 客观 关系,1506_知行_主观_客观_关系.md,持久战 主观客观 条件,1219_持久战_主观客观_条件.md,6.25,哲学基本范畴与辩证法原理
哲学革命 政治革命 先导,1507_哲学革命_政治革命_先导.md,资产阶级 哲学革命 辛亥革命,1485_资产阶级_哲学革命_辛亥革命.md,25.0,其他待人工复核
哲学革命 政治革命 先导,1507_哲学革命_政治革命_先导.md,战争 政治 革命,1323_战争_政治_革命.md,7.5,其他待人工复核
西方哲学 中国古代哲学 影响,1508_西方哲学_中国古代哲学_影响.md,马克思主义哲学 中国古代哲学 局限,1229_马克思主义哲学_中国古代哲学_局限.md,38.82,其他待人工复核
西方哲学 中国古代哲学 影响,1508_西方哲学_中国古代哲学_影响.md,马克思主义哲学 西方哲学 关系,1080_马克思主义哲学_西方哲学_关系.md,24.17,其他待人工复核
西方哲学 中国古代哲学 影响,1508_西方哲学_中国古代哲学_影响.md,西方哲学 工业 商业 思维方式,1081_西方哲学_工业_商业_思维方式.md,24.17,其他待人工复核
西方哲学 中国古代哲学 影响,1508_西方哲学_中国古代哲学_影响.md,科学理性 个性自由 西方哲学,1082_科学理性_个性自由_西方哲学.md,24.17,其他待人工复核
西方哲学 中国古代哲学 影响,1508_西方哲学_中国古代哲学_影响.md,马克思主义哲学 超越 西方哲学,1083_马克思主义哲学_超越_西方哲学.md,24.17,其他待人工复核
实证论 非理性主义 中国影响,1509_实证论_非理性主义_中国影响.md,斯大林哲学体系 中国影响,0819_斯大林哲学体系_中国影响.md,24.17,其他待人工复核
实证论 非理性主义 中国影响,1509_实证论_非理性主义_中国影响.md,苏联哲学教科书 中国影响,0861_苏联哲学教科书_中国影响.md,24.17,其他待人工复核
实证论 非理性主义 中国影响,1509_实证论_非理性主义_中国影响.md,列宁 东方民族革命理论 中国影响,0846_列宁_东方民族革命理论_中国影响.md,23.57,其他待人工复核
实证论 非理性主义 中国影响,1509_实证论_非理性主义_中国影响.md,国际共产主义运动 中国 影响,1285_国际共产主义运动_中国_影响.md,5.56,其他待人工复核
马赫主义 实用主义 新实在论 逻辑实证论,1510_马赫主义_实用主义_新实在论_逻辑实证论.md,经验 马赫主义,1762_经验_马赫主义.md,24.41,其他待人工复核
马赫主义 实用主义 新实在论 逻辑实证论,1510_马赫主义_实用主义_新实在论_逻辑实证论.md,唯心主义 马赫主义,1728_唯心主义_马赫主义.md,24.17,其他待人工复核
马赫主义 实用主义 新实在论 逻辑实证论,1510_马赫主义_实用主义_新实在论_逻辑实证论.md,胡适 实用主义 批判,0454_胡适_实用主义_批判.md,23.95,其他待人工复核
马赫主义 实用主义 新实在论 逻辑实证论,1510_马赫主义_实用主义_新实在论_逻辑实证论.md,马赫主义 批判 反映论,1538_马赫主义_批判_反映论.md,23.75,其他待人工复核
马赫主义 实用主义 新实在论 逻辑实证论,1510_马赫主义_实用主义_新实在论_逻辑实证论.md,胡适 实用主义 布尔乔亚,0469_胡适_实用主义_布尔乔亚.md,23.57,其他待人工复核
尼采 柏格森 中国近代影响,1511_尼采_柏格森_中国近代影响.md,柏格森 思想 介绍,1405_柏格森_思想_介绍.md,18.57,中国近代启蒙与民主革命
尼采 柏格森 中国近代影响,1511_尼采_柏格森_中国近代影响.md,中国近代哲学 冯契,1835_中国近代哲学_冯契.md,5.36,中国近代启蒙与民主革命
尼采 柏格森 中国近代影响,1511_尼采_柏格森_中国近代影响.md,中国近代史 评介 胡绳,0450_中国近代史_评介_胡绳.md,5.0,中国近代启蒙与民主革命
龚自珍 自我 衰世 批判,1512_龚自珍_自我_衰世_批判.md,龚自珍 自尊其心 历史变易,1513_龚自珍_自尊其心_历史变易.md,20.0,中国近代启蒙与民主革命
龚自珍 自我 衰世 批判,1512_龚自珍_自我_衰世_批判.md,魏源 龚自珍,1909_魏源_龚自珍.md,20.0,中国近代启蒙与民主革命
龚自珍 自我 衰世 批判,1512_龚自珍_自我_衰世_批判.md,龚自珍 个性解放 人生理想,1514_龚自珍_个性解放_人生理想.md,18.12,中国近代启蒙与民主革命
龚自珍 自我 衰世 批判,1512_龚自珍_自我_衰世_批判.md,自我 不朽 人生意义,1452_自我_不朽_人生意义.md,11.79,中国近代启蒙与民主革命
龚自珍 自尊其心 历史变易,1513_龚自珍_自尊其心_历史变易.md,龚自珍 自我 衰世 批判,1512_龚自珍_自我_衰世_批判.md,20.0,中国近代启蒙与民主革命
龚自珍 自尊其心 历史变易,1513_龚自珍_自尊其心_历史变易.md,魏源 龚自珍,1909_魏源_龚自珍.md,19.17,中国近代启蒙与民主革命
龚自珍 自尊其心 历史变易,1513_龚自珍_自尊其心_历史变易.md,龚自珍 个性解放 人生理想,1514_龚自珍_个性解放_人生理想.md,17.78,中国近代启蒙与民主革命
龚自珍 个性解放 人生理想,1514_龚自珍_个性解放_人生理想.md,谭嗣同 仁学 个性解放,0163_谭嗣同_仁学_个性解放.md,25.0,中国近代启蒙与民主革命
龚自珍 个性解放 人生理想,1514_龚自珍_个性解放_人生理想.md,个人主义 个性解放 五四,0169_个人主义_个性解放_五四.md,24.69,中国近代启蒙与民主革命
龚自珍 个性解放 人生理想,1514_龚自珍_个性解放_人生理想.md,魏源 龚自珍,1909_魏源_龚自珍.md,19.17,中国近代启蒙与民主革命
龚自珍 个性解放 人生理想,1514_龚自珍_个性解放_人生理想.md,龚自珍 自我 衰世 批判,1512_龚自珍_自我_衰世_批判.md,18.12,中国近代启蒙与民主革命
龚自珍 个性解放 人生理想,1514_龚自珍_个性解放_人生理想.md,龚自珍 自尊其心 历史变易,1513_龚自珍_自尊其心_历史变易.md,17.78,中国近代启蒙与民主革命
魏源 善言古者 验于今,1515_魏源_善言古者_验于今.md,魏源 龚自珍,1909_魏源_龚自珍.md,12.27,中国近代启蒙与民主革命
魏源 善言古者 验于今,1515_魏源_善言古者_验于今.md,魏源 我有乘于物 及之而后知,1516_魏源_我有乘于物_及之而后知.md,11.39,中国近代启蒙与民主革命
魏源 我有乘于物 及之而后知,1516_魏源_我有乘于物_及之而后知.md,魏源 龚自珍,1909_魏源_龚自珍.md,11.79,中国近代启蒙与民主革命
魏源 我有乘于物 及之而后知,1516_魏源_我有乘于物_及之而后知.md,魏源 善言古者 验于今,1515_魏源_善言古者_验于今.md,11.39,中国近代启蒙与民主革命
道器 本末 中西论争,1518_道器_本末_中西论争.md,古今中西 论争 中西体用,0768_古今中西_论争_中西体用.md,6.25,中国古代哲学概念与思想传统
哲学 日常感想 宇宙万物变化,1520_哲学_日常感想_宇宙万物变化.md,大众哲学 日常生活,1632_大众哲学_日常生活.md,5.0,大众哲学案例与社会生活
吃了亏的人 哲学 生活,1521_吃了亏的人_哲学_生活.md,人生观 哲学 生活,0234_人生观_哲学_生活.md,6.82,大众哲学案例与社会生活
吃了亏的人 哲学 生活,1521_吃了亏的人_哲学_生活.md,哲学 生活 人生观,0235_哲学_生活_人生观.md,6.82,大众哲学案例与社会生活
吃了亏的人 哲学 生活,1521_吃了亏的人_哲学_生活.md,哲学 生活 竞技 训练,1526_哲学_生活_竞技_训练.md,6.25,大众哲学案例与社会生活
人生 三大真理 生活,1523_人生_三大真理_生活.md,人生 活动 社会基础,1449_人生_活动_社会基础.md,14.17,哲学基本范畴与辩证法原理
人生 三大真理 生活,1523_人生_三大真理_生活.md,观照态度 人生 静观生活,1441_观照态度_人生_静观生活.md,13.57,哲学基本范畴与辩证法原理
人生 三大真理 生活,1523_人生_三大真理_生活.md,哲学 反思 人生,0989_哲学_反思_人生.md,12.27,哲学基本范畴与辩证法原理
人生 三大真理 生活,1523_人生_三大真理_生活.md,人生 客观标准 好,1453_人生_客观标准_好.md,12.08,哲学基本范畴与辩证法原理
人生 三大真理 生活,1523_人生_三大真理_生活.md,解脱 人生 悲剧 逃世,1440_解脱_人生_悲剧_逃世.md,11.92,哲学基本范畴与辩证法原理
认识生活 改革生活 实践,1524_认识生活_改革生活_实践.md,情感 理智 生活实践,1439_情感_理智_生活实践.md,6.25,哲学基本范畴与辩证法原理
认识生活 改革生活 实践,1524_认识生活_改革生活_实践.md,新哲学 人生观 生活实践,0391_新哲学_人生观_生活实践.md,5.36,哲学基本范畴与辩证法原理
哲学观点 观察事物 正确眼光,1525_哲学观点_观察事物_正确眼光.md,哲学讲话 日常生活 哲学观点,0397_哲学讲话_日常生活_哲学观点.md,24.17,其他待人工复核
哲学 生活 竞技 训练,1526_哲学_生活_竞技_训练.md,人生观 哲学 生活,0234_人生观_哲学_生活.md,7.5,大众哲学案例与社会生活
哲学 生活 竞技 训练,1526_哲学_生活_竞技_训练.md,哲学 生活 人生观,0235_哲学_生活_人生观.md,7.5,大众哲学案例与社会生活
哲学 生活 竞技 训练,1526_哲学_生活_竞技_训练.md,吃了亏的人 哲学 生活,1521_吃了亏的人_哲学_生活.md,6.25,大众哲学案例与社会生活
庸俗生活 盲目生活 哲学,1527_庸俗生活_盲目生活_哲学.md,哲学讲话 日常生活 哲学观点,0397_哲学讲话_日常生活_哲学观点.md,5.0,大众哲学案例与社会生活
实践 哲学 党派性,1528_实践_哲学_党派性.md,哲学 党性 苏联,0782_哲学_党性_苏联.md,5.56,哲学基本范畴与辩证法原理
实践 哲学 党派性,1528_实践_哲学_党派性.md,哲学 党性 科学,1574_哲学_党性_科学.md,5.56,哲学基本范畴与辩证法原理
可能性 现实性 目的性,1530_可能性_现实性_目的性.md,可能性 现实性 人生意义,1451_可能性_现实性_人生意义.md,40.42,哲学基本范畴与辩证法原理
可能性 现实性 目的性,1530_可能性_现实性_目的性.md,马克思主义哲学中国化 现实性,1805_马克思主义哲学中国化_现实性.md,17.78,哲学基本范畴与辩证法原理
抽象 具体 内包 外延,1532_抽象_具体_内包_外延.md,白马非马 抽象 具体 概念,0403_白马非马_抽象_具体_概念.md,15.77,哲学基本范畴与辩证法原理
抽象 具体 内包 外延,1532_抽象_具体_内包_外延.md,形式论理学 抽象 具体 对立,0405_形式论理学_抽象_具体_对立.md,15.36,哲学基本范畴与辩证法原理
认识论 论理学 辩证法 一致性,1534_认识论_论理学_辩证法_一致性.md,辩证法 论理学 认识论 一致性,1565_辩证法_论理学_认识论_一致性.md,74.29,实践观点与认识论
认识论 论理学 辩证法 一致性,1534_认识论_论理学_辩证法_一致性.md,中国化 马克思主义哲学 认识论 辩证法,1057_中国化_马克思主义哲学_认识论_辩证法.md,34.55,实践观点与认识论
认识论 论理学 辩证法 一致性,1534_认识论_论理学_辩证法_一致性.md,形而上学 形式论理学 辩证法,0410_形而上学_形式论理学_辩证法.md,22.35,实践观点与认识论
认识论 论理学 辩证法 一致性,1534_认识论_论理学_辩证法_一致性.md,形式论理学 辩证法 青年就是青年,0407_形式论理学_辩证法_青年就是青年.md,21.94,实践观点与认识论
认识论 论理学 辩证法 一致性,1534_认识论_论理学_辩证法_一致性.md,金岳霖 知识论 论理学,0759_金岳霖_知识论_论理学.md,21.67,实践观点与认识论
机械论 机械唯物论 批评,1535_机械论_机械唯物论_批评.md,机械唯物论 偏向 民族解放,1536_机械唯物论_偏向_民族解放.md,32.14,30年代苏联哲学批判运动
机械论 机械唯物论 批评,1535_机械论_机械唯物论_批评.md,机械论 唯物论 批判,1465_机械论_唯物论_批判.md,27.5,30年代苏联哲学批判运动
机械论 机械唯物论 批评,1535_机械论_机械唯物论_批评.md,观念论 人生观 机械论,0394_观念论_人生观_机械论.md,18.57,30年代苏联哲学批判运动
机械论 机械唯物论 批评,1535_机械论_机械唯物论_批评.md,苏联哲学 机械论 辩证论 论争 启示,0817_苏联哲学_机械论_辩证论_论争_启示.md,17.63,30年代苏联哲学批判运动
机械论 机械唯物论 批评,1535_机械论_机械唯物论_批评.md,王道 新小说 批评,0964_王道_新小说_批评.md,11.92,30年代苏联哲学批判运动
机械唯物论 偏向 民族解放,1536_机械唯物论_偏向_民族解放.md,机械论 机械唯物论 批评,1535_机械论_机械唯物论_批评.md,32.14,民族国家与国际关系
机械唯物论 偏向 民族解放,1536_机械唯物论_偏向_民族解放.md,反唯物论 倾向 民族解放,1578_反唯物论_倾向_民族解放.md,31.54,民族国家与国际关系
机械唯物论 偏向 民族解放,1536_机械唯物论_偏向_民族解放.md,民族解放 哲学 唯物论,1577_民族解放_哲学_唯物论.md,29.62,民族国家与国际关系
机械唯物论 偏向 民族解放,1536_机械唯物论_偏向_民族解放.md,新启蒙运动 民族解放,0384_新启蒙运动_民族解放.md,25.0,民族国家与国际关系
机械唯物论 偏向 民族解放,1536_机械唯物论_偏向_民族解放.md,唯物辩证法 民族解放运动,1579_唯物辩证法_民族解放运动.md,6.25,民族国家与国际关系
唯物论 认识论 反映,1537_唯物论_认识论_反映.md,毛泽东 实践论 认识论,1686_毛泽东_实践论_认识论.md,21.25,实践观点与认识论
唯物论 认识论 反映,1537_唯物论_认识论_反映.md,群众路线 认识论,0598_群众路线_认识论.md,19.55,实践观点与认识论
唯物论 认识论 反映,1537_唯物论_认识论_反映.md,列宁 感觉 认识论,0836_列宁_感觉_认识论.md,19.55,实践观点与认识论
唯物论 认识论 反映,1537_唯物论_认识论_反映.md,分析 综合 认识论,1548_分析_综合_认识论.md,19.55,实践观点与认识论
唯物论 认识论 反映,1537_唯物论_认识论_反映.md,归纳 演绎 认识论,1549_归纳_演绎_认识论.md,19.55,实践观点与认识论
马赫主义 批判 反映论,1538_马赫主义_批判_反映论.md,经验 马赫主义,1762_经验_马赫主义.md,27.5,哲学基本范畴与辩证法原理
马赫主义 批判 反映论,1538_马赫主义_批判_反映论.md,马赫主义 斗争 经验批判论,1590_马赫主义_斗争_经验批判论.md,27.14,哲学基本范畴与辩证法原理
马赫主义 批判 反映论,1538_马赫主义_批判_反映论.md,唯心主义 马赫主义,1728_唯心主义_马赫主义.md,26.82,哲学基本范畴与辩证法原理
马赫主义 批判 反映论,1538_马赫主义_批判_反映论.md,唯物主义和经验批判主义 马赫主义,1653_唯物主义和经验批判主义_马赫主义.md,26.25,哲学基本范畴与辩证法原理
马赫主义 批判 反映论,1538_马赫主义_批判_反映论.md,马赫主义 空间 时间 因果性 物质,1539_马赫主义_空间_时间_因果性_物质.md,24.41,哲学基本范畴与辩证法原理
马赫主义 空间 时间 因果性 物质,1539_马赫主义_空间_时间_因果性_物质.md,经验 马赫主义,1762_经验_马赫主义.md,25.36,哲学基本范畴与辩证法原理
马赫主义 空间 时间 因果性 物质,1539_马赫主义_空间_时间_因果性_物质.md,唯心主义 马赫主义,1728_唯心主义_马赫主义.md,25.0,哲学基本范畴与辩证法原理
马赫主义 空间 时间 因果性 物质,1539_马赫主义_空间_时间_因果性_物质.md,马赫主义 批判 反映论,1538_马赫主义_批判_反映论.md,24.41,哲学基本范畴与辩证法原理
马赫主义 空间 时间 因果性 物质,1539_马赫主义_空间_时间_因果性_物质.md,马赫主义 斗争 经验批判论,1590_马赫主义_斗争_经验批判论.md,23.95,哲学基本范畴与辩证法原理
马赫主义 空间 时间 因果性 物质,1539_马赫主义_空间_时间_因果性_物质.md,唯物主义和经验批判主义 马赫主义,1653_唯物主义和经验批判主义_马赫主义.md,23.57,哲学基本范畴与辩证法原理
实际 经验 理论,1540_实际_经验_理论.md,唯物论 几段杂记 实际 经验 理论,1541_唯物论_几段杂记_实际_经验_理论.md,20.42,哲学基本范畴与辩证法原理
实际 经验 理论,1540_实际_经验_理论.md,经验 马赫主义,1762_经验_马赫主义.md,12.78,哲学基本范畴与辩证法原理
实际 经验 理论,1540_实际_经验_理论.md,马列学院 哲学教学 经验,1343_马列学院_哲学教学_经验.md,11.92,哲学基本范畴与辩证法原理
实际 经验 理论,1540_实际_经验_理论.md,马克思主义中国化 历史进程 经验,1802_马克思主义中国化_历史进程_经验.md,11.47,哲学基本范畴与辩证法原理
唯物论 几段杂记 实际 经验 理论,1541_唯物论_几段杂记_实际_经验_理论.md,实际 经验 理论,1540_实际_经验_理论.md,20.42,哲学基本范畴与辩证法原理
唯物论 几段杂记 实际 经验 理论,1541_唯物论_几段杂记_实际_经验_理论.md,毛泽东 重视实际 唯物论,0579_毛泽东_重视实际_唯物论.md,19.17,哲学基本范畴与辩证法原理
唯物论 几段杂记 实际 经验 理论,1541_唯物论_几段杂记_实际_经验_理论.md,机械论 唯物论 批判,1465_机械论_唯物论_批判.md,17.94,哲学基本范畴与辩证法原理
唯物论 几段杂记 实际 经验 理论,1541_唯物论_几段杂记_实际_经验_理论.md,唯物论 认识论 反映,1537_唯物论_认识论_反映.md,17.94,哲学基本范畴与辩证法原理
唯物论 几段杂记 实际 经验 理论,1541_唯物论_几段杂记_实际_经验_理论.md,唯物论 辩证法 世界观,1463_唯物论_辩证法_世界观.md,17.78,哲学基本范畴与辩证法原理
现代自然科学 危机 唯物论,1542_现代自然科学_危机_唯物论.md,自然科学 唯物论 观念论,0415_自然科学_唯物论_观念论.md,23.93,自然科学哲学与科学方法
现代自然科学 危机 唯物论,1542_现代自然科学_危机_唯物论.md,机械论 唯物论 批判,1465_机械论_唯物论_批判.md,18.33,自然科学哲学与科学方法
现代自然科学 危机 唯物论,1542_现代自然科学_危机_唯物论.md,唯物论 认识论 反映,1537_唯物论_认识论_反映.md,18.33,自然科学哲学与科学方法
现代自然科学 危机 唯物论,1542_现代自然科学_危机_唯物论.md,唯物论 辩证法 世界观,1463_唯物论_辩证法_世界观.md,18.12,自然科学哲学与科学方法
现代自然科学 危机 唯物论,1542_现代自然科学_危机_唯物论.md,民族解放 哲学 唯物论,1577_民族解放_哲学_唯物论.md,18.12,自然科学哲学与科学方法
怎样研究自然科学 诊断 处方,1543_怎样研究自然科学_诊断_处方.md,德国 自然科学,1786_德国_自然科学.md,5.77,自然科学哲学与科学方法
怎样研究自然科学 诊断 处方,1543_怎样研究自然科学_诊断_处方.md,自然科学 黑格尔,1779_自然科学_黑格尔.md,5.36,自然科学哲学与科学方法
怎样研究自然科学 诊断 处方,1543_怎样研究自然科学_诊断_处方.md,自然辩证法 自然科学,1667_自然辩证法_自然科学.md,5.0,自然科学哲学与科学方法
世界观 方法论 思想方法,1544_世界观_方法论_思想方法.md,思想方法论 世界观 方法论,0416_思想方法论_世界观_方法论.md,49.44,思想方法与世界观教育
世界观 方法论 思想方法,1544_世界观_方法论_思想方法.md,艾思奇 思想方法论 世界观 方法论,0362_艾思奇_思想方法论_世界观_方法论.md,44.58,思想方法与世界观教育
世界观 方法论 思想方法,1544_世界观_方法论_思想方法.md,思想方法 工作方法 哲学,1213_思想方法_工作方法_哲学.md,25.77,思想方法与世界观教育
世界观 方法论 思想方法,1544_世界观_方法论_思想方法.md,胡适 实用主义 思想方法,0471_胡适_实用主义_思想方法.md,25.36,思想方法与世界观教育
世界观 方法论 思想方法,1544_世界观_方法论_思想方法.md,数学逻辑 笛卡尔 思想方法,1400_数学逻辑_笛卡尔_思想方法.md,25.0,思想方法与世界观教育
认识是反映 感觉 表象 概念,1545_认识是反映_感觉_表象_概念.md,认识的发展 感觉 表象 概念,1546_认识的发展_感觉_表象_概念.md,30.71,哲学基本范畴与辩证法原理
认识是反映 感觉 表象 概念,1545_认识是反映_感觉_表象_概念.md,列宁 感觉 认识论,0836_列宁_感觉_认识论.md,13.57,哲学基本范畴与辩证法原理
认识的发展 感觉 表象 概念,1546_认识的发展_感觉_表象_概念.md,认识是反映 感觉 表象 概念,1545_认识是反映_感觉_表象_概念.md,30.71,哲学基本范畴与辩证法原理
认识的发展 感觉 表象 概念,1546_认识的发展_感觉_表象_概念.md,列宁 感觉 认识论,0836_列宁_感觉_认识论.md,13.57,哲学基本范畴与辩证法原理
分析 综合 认识论,1548_分析_综合_认识论.md,群众路线 认识论,0598_群众路线_认识论.md,20.0,哲学基本范畴与辩证法原理
分析 综合 认识论,1548_分析_综合_认识论.md,列宁 感觉 认识论,0836_列宁_感觉_认识论.md,20.0,哲学基本范畴与辩证法原理
分析 综合 认识论,1548_分析_综合_认识论.md,归纳 演绎 认识论,1549_归纳_演绎_认识论.md,20.0,哲学基本范畴与辩证法原理
分析 综合 认识论,1548_分析_综合_认识论.md,实践 认识论 本体论,1074_实践_认识论_本体论.md,19.55,哲学基本范畴与辩证法原理
分析 综合 认识论,1548_分析_综合_认识论.md,唯物论 认识论 反映,1537_唯物论_认识论_反映.md,19.55,哲学基本范畴与辩证法原理
归纳 演绎 认识论,1549_归纳_演绎_认识论.md,群众路线 认识论,0598_群众路线_认识论.md,20.0,哲学基本范畴与辩证法原理
归纳 演绎 认识论,1549_归纳_演绎_认识论.md,列宁 感觉 认识论,0836_列宁_感觉_认识论.md,20.0,哲学基本范畴与辩证法原理
归纳 演绎 认识论,1549_归纳_演绎_认识论.md,分析 综合 认识论,1548_分析_综合_认识论.md,20.0,哲学基本范畴与辩证法原理
归纳 演绎 认识论,1549_归纳_演绎_认识论.md,实践 认识论 本体论,1074_实践_认识论_本体论.md,19.55,哲学基本范畴与辩证法原理
归纳 演绎 认识论,1549_归纳_演绎_认识论.md,唯物论 认识论 反映,1537_唯物论_认识论_反映.md,19.55,哲学基本范畴与辩证法原理
辩证法 形而上学 根本观点,1550_辩证法_形而上学_根本观点.md,形而上学 辩证法 批判,1466_形而上学_辩证法_批判.md,44.62,哲学基本范畴与辩证法原理
辩证法 形而上学 根本观点,1550_辩证法_形而上学_根本观点.md,形而上学 形式论理学 辩证法,0410_形而上学_形式论理学_辩证法.md,42.81,哲学基本范畴与辩证法原理
辩证法 形而上学 根本观点,1550_辩证法_形而上学_根本观点.md,唯物辩证法 根本观点,1551_唯物辩证法_根本观点.md,29.62,哲学基本范畴与辩证法原理
辩证法 形而上学 根本观点,1550_辩证法_形而上学_根本观点.md,辩证法 形式逻辑 论争,1304_辩证法_形式逻辑_论争.md,20.0,哲学基本范畴与辩证法原理
辩证法 形而上学 根本观点,1550_辩证法_形而上学_根本观点.md,辩证法 形式论理学 对立统一,0409_辩证法_形式论理学_对立统一.md,19.17,哲学基本范畴与辩证法原理
唯物辩证法 根本观点,1551_唯物辩证法_根本观点.md,唯物辩证法 风靡全国,1026_唯物辩证法_风靡全国.md,33.33,哲学基本范畴与辩证法原理
唯物辩证法 根本观点,1551_唯物辩证法_根本观点.md,唯物辩证法 风靡 起点,1027_唯物辩证法_风靡_起点.md,33.33,哲学基本范畴与辩证法原理
唯物辩证法 根本观点,1551_唯物辩证法_根本观点.md,唯物辩证法 风靡 前奏,1028_唯物辩证法_风靡_前奏.md,33.33,哲学基本范畴与辩证法原理
唯物辩证法 根本观点,1551_唯物辩证法_根本观点.md,唯物辩证法 风靡 原因,1030_唯物辩证法_风靡_原因.md,33.33,哲学基本范畴与辩证法原理
唯物辩证法 根本观点,1551_唯物辩证法_根本观点.md,逐步改造 唯物辩证法,1052_逐步改造_唯物辩证法.md,33.33,哲学基本范畴与辩证法原理
矛盾统一律 质量互变律 否定之否定律,1552_矛盾统一律_质量互变律_否定之否定律.md,否定之否定律 唯物辩证法 法则,1555_否定之否定律_唯物辩证法_法则.md,34.76,哲学基本范畴与辩证法原理
矛盾统一律 质量互变律 否定之否定律,1552_矛盾统一律_质量互变律_否定之否定律.md,矛盾统一律 唯物辩证法 法则,1553_矛盾统一律_唯物辩证法_法则.md,29.76,哲学基本范畴与辩证法原理
矛盾统一律 质量互变律 否定之否定律,1552_矛盾统一律_质量互变律_否定之否定律.md,质量互变律 唯物辩证法 法则,1554_质量互变律_唯物辩证法_法则.md,29.76,哲学基本范畴与辩证法原理
矛盾统一律 唯物辩证法 法则,1553_矛盾统一律_唯物辩证法_法则.md,质量互变律 唯物辩证法 法则,1554_质量互变律_唯物辩证法_法则.md,46.67,辩证唯物主义体系
矛盾统一律 唯物辩证法 法则,1553_矛盾统一律_唯物辩证法_法则.md,否定之否定律 唯物辩证法 法则,1555_否定之否定律_唯物辩证法_法则.md,46.67,辩证唯物主义体系
矛盾统一律 唯物辩证法 法则,1553_矛盾统一律_唯物辩证法_法则.md,唯物辩证法 矛盾统一法则 毛泽东,0542_唯物辩证法_矛盾统一法则_毛泽东.md,37.5,辩证唯物主义体系
矛盾统一律 唯物辩证法 法则,1553_矛盾统一律_唯物辩证法_法则.md,唯物辩证法 风靡全国,1026_唯物辩证法_风靡全国.md,31.67,辩证唯物主义体系
矛盾统一律 唯物辩证法 法则,1553_矛盾统一律_唯物辩证法_法则.md,唯物辩证法 风靡 起点,1027_唯物辩证法_风靡_起点.md,31.67,辩证唯物主义体系
质量互变律 唯物辩证法 法则,1554_质量互变律_唯物辩证法_法则.md,矛盾统一律 唯物辩证法 法则,1553_矛盾统一律_唯物辩证法_法则.md,46.67,辩证唯物主义体系
质量互变律 唯物辩证法 法则,1554_质量互变律_唯物辩证法_法则.md,否定之否定律 唯物辩证法 法则,1555_否定之否定律_唯物辩证法_法则.md,46.67,辩证唯物主义体系
质量互变律 唯物辩证法 法则,1554_质量互变律_唯物辩证法_法则.md,唯物辩证法 风靡全国,1026_唯物辩证法_风靡全国.md,31.67,辩证唯物主义体系
质量互变律 唯物辩证法 法则,1554_质量互变律_唯物辩证法_法则.md,唯物辩证法 风靡 起点,1027_唯物辩证法_风靡_起点.md,31.67,辩证唯物主义体系
质量互变律 唯物辩证法 法则,1554_质量互变律_唯物辩证法_法则.md,唯物辩证法 风靡 前奏,1028_唯物辩证法_风靡_前奏.md,31.67,辩证唯物主义体系
否定之否定律 唯物辩证法 法则,1555_否定之否定律_唯物辩证法_法则.md,矛盾统一律 唯物辩证法 法则,1553_矛盾统一律_唯物辩证法_法则.md,46.67,辩证唯物主义体系
否定之否定律 唯物辩证法 法则,1555_否定之否定律_唯物辩证法_法则.md,质量互变律 唯物辩证法 法则,1554_质量互变律_唯物辩证法_法则.md,46.67,辩证唯物主义体系
否定之否定律 唯物辩证法 法则,1555_否定之否定律_唯物辩证法_法则.md,矛盾统一律 质量互变律 否定之否定律,1552_矛盾统一律_质量互变律_否定之否定律.md,34.76,辩证唯物主义体系
否定之否定律 唯物辩证法 法则,1555_否定之否定律_唯物辩证法_法则.md,唯物辩证法 风靡全国,1026_唯物辩证法_风靡全国.md,31.67,辩证唯物主义体系
否定之否定律 唯物辩证法 法则,1555_否定之否定律_唯物辩证法_法则.md,唯物辩证法 风靡 起点,1027_唯物辩证法_风靡_起点.md,31.67,辩证唯物主义体系
唯物辩证法 应用 要点,1556_唯物辩证法_应用_要点.md,唯物辩证法 思想学术 应用,1396_唯物辩证法_思想学术_应用.md,44.62,辩证唯物主义体系
唯物辩证法 应用 要点,1556_唯物辩证法_应用_要点.md,唯物辩证法 风靡全国,1026_唯物辩证法_风靡全国.md,33.33,辩证唯物主义体系
唯物辩证法 应用 要点,1556_唯物辩证法_应用_要点.md,唯物辩证法 风靡 起点,1027_唯物辩证法_风靡_起点.md,33.33,辩证唯物主义体系
唯物辩证法 应用 要点,1556_唯物辩证法_应用_要点.md,唯物辩证法 风靡 前奏,1028_唯物辩证法_风靡_前奏.md,33.33,辩证唯物主义体系
唯物辩证法 应用 要点,1556_唯物辩证法_应用_要点.md,唯物辩证法 风靡 原因,1030_唯物辩证法_风靡_原因.md,33.33,辩证唯物主义体系
事物 普遍联系 辩证法,1557_事物_普遍联系_辩证法.md,进攻 防御 辩证法,1325_进攻_防御_辩证法.md,19.17,哲学基本范畴与辩证法原理
事物 普遍联系 辩证法,1557_事物_普遍联系_辩证法.md,持久 速决 辩证法,1326_持久_速决_辩证法.md,19.17,哲学基本范畴与辩证法原理
事物 普遍联系 辩证法,1557_事物_普遍联系_辩证法.md,内线 外线 辩证法,1327_内线_外线_辩证法.md,19.17,哲学基本范畴与辩证法原理
事物 普遍联系 辩证法,1557_事物_普遍联系_辩证法.md,主动 被动 辩证法,1328_主动_被动_辩证法.md,19.17,哲学基本范畴与辩证法原理
事物 普遍联系 辩证法,1557_事物_普遍联系_辩证法.md,辩证法 中国 进展,1401_辩证法_中国_进展.md,19.17,哲学基本范畴与辩证法原理
联系 观点 看事物,1558_联系_观点_看事物.md,运动变化 观点 看事物,1559_运动变化_观点_看事物.md,25.0,哲学基本范畴与辩证法原理
联系 观点 看事物,1558_联系_观点_看事物.md,中国文化 古与今 联系,1246_中国文化_古与今_联系.md,11.92,哲学基本范畴与辩证法原理
联系 观点 看事物,1558_联系_观点_看事物.md,马克思主义哲学 与社会生活 联系,1201_马克思主义哲学_与社会生活_联系.md,11.39,哲学基本范畴与辩证法原理
联系 观点 看事物,1558_联系_观点_看事物.md,马克思主义哲学 20世纪中国哲学 联系,0727_马克思主义哲学_20世纪中国哲学_联系.md,11.25,哲学基本范畴与辩证法原理
运动变化 观点 看事物,1559_运动变化_观点_看事物.md,联系 观点 看事物,1558_联系_观点_看事物.md,25.0,哲学基本范畴与辩证法原理
矛盾 两方面 统一,1561_矛盾_两方面_统一.md,矛盾 发展 运动,1467_矛盾_发展_运动.md,12.5,哲学基本范畴与辩证法原理
矛盾 两方面 统一,1561_矛盾_两方面_统一.md,矛盾 同一性 斗争性,1319_矛盾_同一性_斗争性.md,12.08,哲学基本范畴与辩证法原理
矛盾 两方面 统一,1561_矛盾_两方面_统一.md,李大钊 矛盾 对抗 调和,0350_李大钊_矛盾_对抗_调和.md,11.92,哲学基本范畴与辩证法原理
矛盾 两方面 统一,1561_矛盾_两方面_统一.md,对抗 矛盾 不是一回事,1249_对抗_矛盾_不是一回事.md,11.92,哲学基本范畴与辩证法原理
矛盾 两方面 统一,1561_矛盾_两方面_统一.md,民族资产阶级 矛盾 性质,1360_民族资产阶级_矛盾_性质.md,11.79,哲学基本范畴与辩证法原理
相对 绝对 辩证法,1562_相对_绝对_辩证法.md,进攻 防御 辩证法,1325_进攻_防御_辩证法.md,20.0,哲学基本范畴与辩证法原理
相对 绝对 辩证法,1562_相对_绝对_辩证法.md,持久 速决 辩证法,1326_持久_速决_辩证法.md,20.0,哲学基本范畴与辩证法原理
相对 绝对 辩证法,1562_相对_绝对_辩证法.md,内线 外线 辩证法,1327_内线_外线_辩证法.md,20.0,哲学基本范畴与辩证法原理
相对 绝对 辩证法,1562_相对_绝对_辩证法.md,主动 被动 辩证法,1328_主动_被动_辩证法.md,20.0,哲学基本范畴与辩证法原理
相对 绝对 辩证法,1562_相对_绝对_辩证法.md,辩证法 中国 进展,1401_辩证法_中国_进展.md,20.0,哲学基本范畴与辩证法原理
扬弃 辩证法 疑问,1563_扬弃_辩证法_疑问.md,进攻 防御 辩证法,1325_进攻_防御_辩证法.md,20.0,哲学基本范畴与辩证法原理
扬弃 辩证法 疑问,1563_扬弃_辩证法_疑问.md,持久 速决 辩证法,1326_持久_速决_辩证法.md,20.0,哲学基本范畴与辩证法原理
扬弃 辩证法 疑问,1563_扬弃_辩证法_疑问.md,内线 外线 辩证法,1327_内线_外线_辩证法.md,20.0,哲学基本范畴与辩证法原理
扬弃 辩证法 疑问,1563_扬弃_辩证法_疑问.md,主动 被动 辩证法,1328_主动_被动_辩证法.md,20.0,哲学基本范畴与辩证法原理
扬弃 辩证法 疑问,1563_扬弃_辩证法_疑问.md,辩证法 中国 进展,1401_辩证法_中国_进展.md,20.0,哲学基本范畴与辩证法原理
辩证法 核心 诸要素,1564_辩证法_核心_诸要素.md,辩证法 实质 核心 矛盾论,0593_辩证法_实质_核心_矛盾论.md,30.77,哲学基本范畴与辩证法原理
辩证法 核心 诸要素,1564_辩证法_核心_诸要素.md,列宁 辩证法 十六要素,0834_列宁_辩证法_十六要素.md,21.25,哲学基本范畴与辩证法原理
辩证法 核心 诸要素,1564_辩证法_核心_诸要素.md,进攻 防御 辩证法,1325_进攻_防御_辩证法.md,19.55,哲学基本范畴与辩证法原理
辩证法 核心 诸要素,1564_辩证法_核心_诸要素.md,持久 速决 辩证法,1326_持久_速决_辩证法.md,19.55,哲学基本范畴与辩证法原理
辩证法 核心 诸要素,1564_辩证法_核心_诸要素.md,内线 外线 辩证法,1327_内线_外线_辩证法.md,19.55,哲学基本范畴与辩证法原理
辩证法 论理学 认识论 一致性,1565_辩证法_论理学_认识论_一致性.md,认识论 论理学 辩证法 一致性,1534_认识论_论理学_辩证法_一致性.md,74.29,实践观点与认识论
辩证法 论理学 认识论 一致性,1565_辩证法_论理学_认识论_一致性.md,中国化 马克思主义哲学 认识论 辩证法,1057_中国化_马克思主义哲学_认识论_辩证法.md,35.95,实践观点与认识论
辩证法 论理学 认识论 一致性,1565_辩证法_论理学_认识论_一致性.md,辩证法 形式论理学 对立统一,0409_辩证法_形式论理学_对立统一.md,20.56,实践观点与认识论
辩证法 论理学 认识论 一致性,1565_辩证法_论理学_认识论_一致性.md,形而上学 形式论理学 辩证法,0410_形而上学_形式论理学_辩证法.md,20.56,实践观点与认识论
辩证法 论理学 认识论 一致性,1565_辩证法_论理学_认识论_一致性.md,形式论理学 辩证法 青年就是青年,0407_形式论理学_辩证法_青年就是青年.md,20.26,实践观点与认识论
哲学 研究事物 一般规律,1566_哲学_研究事物_一般规律.md,世界观 哲学 一般规律,1569_世界观_哲学_一般规律.md,27.69,哲学基本范畴与辩证法原理
哲学 研究事物 一般规律,1566_哲学_研究事物_一般规律.md,科学 研究 事物规律,1567_科学_研究_事物规律.md,11.36,哲学基本范畴与辩证法原理
哲学 研究事物 一般规律,1566_哲学_研究事物_一般规律.md,哲学研究,1984_哲学研究.md,8.33,哲学基本范畴与辩证法原理
科学 研究 事物规律,1567_科学_研究_事物规律.md,哲学 研究事物 一般规律,1566_哲学_研究事物_一般规律.md,11.36,哲学基本范畴与辩证法原理
科学 研究 事物规律,1567_科学_研究_事物规律.md,哲学研究,1984_哲学研究.md,6.25,哲学基本范畴与辩证法原理
哲学 科学 规律 总结,1568_哲学_科学_规律_总结.md,辩证法 规律 范畴 恩格斯,1095_辩证法_规律_范畴_恩格斯.md,11.67,哲学基本范畴与辩证法原理
哲学 科学 规律 总结,1568_哲学_科学_规律_总结.md,中国革命战争 特点 规律,1315_中国革命战争_特点_规律.md,11.67,哲学基本范畴与辩证法原理
哲学 科学 规律 总结,1568_哲学_科学_规律_总结.md,目的意识 实践活动 规律,1573_目的意识_实践活动_规律.md,11.67,哲学基本范畴与辩证法原理
哲学 科学 规律 总结,1568_哲学_科学_规律_总结.md,唯物辩证法 体系 规律 探讨,0982_唯物辩证法_体系_规律_探讨.md,11.56,哲学基本范畴与辩证法原理
哲学 科学 规律 总结,1568_哲学_科学_规律_总结.md,人生观 新哲学 科学人生观,0392_人生观_新哲学_科学人生观.md,6.25,哲学基本范畴与辩证法原理
世界观 哲学 一般规律,1569_世界观_哲学_一般规律.md,哲学 研究事物 一般规律,1566_哲学_研究事物_一般规律.md,27.69,思想方法与世界观教育
世界观 哲学 一般规律,1569_世界观_哲学_一般规律.md,毛泽东 世界观 转变,0573_毛泽东_世界观_转变.md,18.85,思想方法与世界观教育
世界观 哲学 一般规律,1569_世界观_哲学_一般规律.md,思想方法论 世界观 方法论,0416_思想方法论_世界观_方法论.md,18.57,思想方法与世界观教育
世界观 哲学 一般规律,1569_世界观_哲学_一般规律.md,唯物论 辩证法 世界观,1463_唯物论_辩证法_世界观.md,18.57,思想方法与世界观教育
世界观 哲学 一般规律,1569_世界观_哲学_一般规律.md,世界观 方法论 思想方法,1544_世界观_方法论_思想方法.md,18.57,思想方法与世界观教育
理论 行动指南 教条,1570_理论_行动指南_教条.md,马克思主义 不是教条 行动指南,1571_马克思主义_不是教条_行动指南.md,26.67,哲学基本范畴与辩证法原理
马克思主义 不是教条 行动指南,1571_马克思主义_不是教条_行动指南.md,理论 行动指南 教条,1570_理论_行动指南_教条.md,26.67,马克思恩格斯经典文本与哲学关系
马克思主义 不是教条 行动指南,1571_马克思主义_不是教条_行动指南.md,教条化 马克思主义 中国化,1435_教条化_马克思主义_中国化.md,7.35,马克思恩格斯经典文本与哲学关系
马克思主义 不是教条 行动指南,1571_马克思主义_不是教条_行动指南.md,上海 马克思主义者,1740_上海_马克思主义者.md,6.67,马克思恩格斯经典文本与哲学关系
马克思主义 不是教条 行动指南,1571_马克思主义_不是教条_行动指南.md,我的马克思主义观,1933_我的马克思主义观.md,6.67,马克思恩格斯经典文本与哲学关系
马克思主义 不是教条 行动指南,1571_马克思主义_不是教条_行动指南.md,新理学 马克思主义者,1708_新理学_马克思主义者.md,6.25,马克思恩格斯经典文本与哲学关系
目的意识 实践活动 规律,1573_目的意识_实践活动_规律.md,哲学 科学 规律 总结,1568_哲学_科学_规律_总结.md,11.67,哲学基本范畴与辩证法原理
目的意识 实践活动 规律,1573_目的意识_实践活动_规律.md,辩证法 规律 范畴 恩格斯,1095_辩证法_规律_范畴_恩格斯.md,11.47,哲学基本范畴与辩证法原理
目的意识 实践活动 规律,1573_目的意识_实践活动_规律.md,中国革命战争 特点 规律,1315_中国革命战争_特点_规律.md,11.47,哲学基本范畴与辩证法原理
目的意识 实践活动 规律,1573_目的意识_实践活动_规律.md,唯物辩证法 体系 规律 探讨,0982_唯物辩证法_体系_规律_探讨.md,11.39,哲学基本范畴与辩证法原理
哲学 党性 科学,1574_哲学_党性_科学.md,哲学 党性 苏联,0782_哲学_党性_苏联.md,20.71,自然科学哲学与科学方法
哲学 党性 科学,1574_哲学_党性_科学.md,哲学 党性 阶级性 毛泽东,0540_哲学_党性_阶级性_毛泽东.md,16.82,自然科学哲学与科学方法
哲学 党性 科学,1574_哲学_党性_科学.md,哲学 阶级性 党性 抗战,1581_哲学_阶级性_党性_抗战.md,14.55,自然科学哲学与科学方法
哲学 党性 科学,1574_哲学_党性_科学.md,哲学 党性原则 批判继承,1280_哲学_党性原则_批判继承.md,6.82,自然科学哲学与科学方法
哲学 党性 科学,1574_哲学_党性_科学.md,唯物论 唯心论 哲学党性,1576_唯物论_唯心论_哲学党性.md,6.82,自然科学哲学与科学方法
哲学本身 斗争 发展,1575_哲学本身_斗争_发展.md,斗争 资产阶级,1717_斗争_资产阶级.md,12.27,哲学基本范畴与辩证法原理
哲学本身 斗争 发展,1575_哲学本身_斗争_发展.md,工人阶级 斗争,1778_工人阶级_斗争.md,12.27,哲学基本范畴与辩证法原理
哲学本身 斗争 发展,1575_哲学本身_斗争_发展.md,恩格斯 观念论 斗争,0424_恩格斯_观念论_斗争.md,11.92,哲学基本范畴与辩证法原理
哲学本身 斗争 发展,1575_哲学本身_斗争_发展.md,团结 斗争 实力基础,1173_团结_斗争_实力基础.md,11.92,哲学基本范畴与辩证法原理
哲学本身 斗争 发展,1575_哲学本身_斗争_发展.md,党内矛盾 斗争 方针方法,1317_党内矛盾_斗争_方针方法.md,11.67,哲学基本范畴与辩证法原理
唯物论 唯心论 哲学党性,1576_唯物论_唯心论_哲学党性.md,瞿秋白 唯物论 唯心论 哲学根本问题,0311_瞿秋白_唯物论_唯心论_哲学根本问题.md,40.94,30年代苏联哲学批判运动
唯物论 唯心论 哲学党性,1576_唯物论_唯心论_哲学党性.md,机械论 唯物论 批判,1465_机械论_唯物论_批判.md,20.77,30年代苏联哲学批判运动
唯物论 唯心论 哲学党性,1576_唯物论_唯心论_哲学党性.md,民族解放 哲学 唯物论,1577_民族解放_哲学_唯物论.md,20.36,30年代苏联哲学批判运动
唯物论 唯心论 哲学党性,1576_唯物论_唯心论_哲学党性.md,国家主义派 二元论 唯心论,1295_国家主义派_二元论_唯心论.md,19.69,30年代苏联哲学批判运动
唯物论 唯心论 哲学党性,1576_唯物论_唯心论_哲学党性.md,中国之命运 唯心论 愚民哲学,1601_中国之命运_唯心论_愚民哲学.md,19.41,30年代苏联哲学批判运动
民族解放 哲学 唯物论,1577_民族解放_哲学_唯物论.md,反唯物论 倾向 民族解放,1578_反唯物论_倾向_民族解放.md,30.42,民族国家与国际关系
民族解放 哲学 唯物论,1577_民族解放_哲学_唯物论.md,机械唯物论 偏向 民族解放,1536_机械唯物论_偏向_民族解放.md,29.62,民族国家与国际关系
民族解放 哲学 唯物论,1577_民族解放_哲学_唯物论.md,新启蒙运动 民族解放,0384_新启蒙运动_民族解放.md,25.77,民族国家与国际关系
民族解放 哲学 唯物论,1577_民族解放_哲学_唯物论.md,自然科学 唯物论 观念论,0415_自然科学_唯物论_观念论.md,20.36,民族国家与国际关系
民族解放 哲学 唯物论,1577_民族解放_哲学_唯物论.md,唯物论 唯心论 哲学党性,1576_唯物论_唯心论_哲学党性.md,20.36,民族国家与国际关系
反唯物论 倾向 民族解放,1578_反唯物论_倾向_民族解放.md,机械唯物论 偏向 民族解放,1536_机械唯物论_偏向_民族解放.md,31.54,民族国家与国际关系
反唯物论 倾向 民族解放,1578_反唯物论_倾向_民族解放.md,民族解放 哲学 唯物论,1577_民族解放_哲学_唯物论.md,30.42,民族国家与国际关系
反唯物论 倾向 民族解放,1578_反唯物论_倾向_民族解放.md,新启蒙运动 民族解放,0384_新启蒙运动_民族解放.md,25.36,民族国家与国际关系
反唯物论 倾向 民族解放,1578_反唯物论_倾向_民族解放.md,唯物辩证法 民族解放运动,1579_唯物辩证法_民族解放运动.md,6.67,民族国家与国际关系
唯物辩证法 民族解放运动,1579_唯物辩证法_民族解放运动.md,唯物辩证法 风靡全国,1026_唯物辩证法_风靡全国.md,32.14,民族国家与国际关系
唯物辩证法 民族解放运动,1579_唯物辩证法_民族解放运动.md,唯物辩证法 风靡 起点,1027_唯物辩证法_风靡_起点.md,32.14,民族国家与国际关系
唯物辩证法 民族解放运动,1579_唯物辩证法_民族解放运动.md,唯物辩证法 风靡 前奏,1028_唯物辩证法_风靡_前奏.md,32.14,民族国家与国际关系
唯物辩证法 民族解放运动,1579_唯物辩证法_民族解放运动.md,唯物辩证法 风靡 原因,1030_唯物辩证法_风靡_原因.md,32.14,民族国家与国际关系
唯物辩证法 民族解放运动,1579_唯物辩证法_民族解放运动.md,逐步改造 唯物辩证法,1052_逐步改造_唯物辩证法.md,32.14,民族国家与国际关系
辩证法唯物论 马克思主义政党 世界观,1580_辩证法唯物论_马克思主义政党_世界观.md,辩证法唯物论 入门 战斗性,1461_辩证法唯物论_入门_战斗性.md,36.25,马克思恩格斯经典文本与哲学关系
辩证法唯物论 马克思主义政党 世界观,1580_辩证法唯物论_马克思主义政党_世界观.md,辩证法唯物论 毛泽东哲学,1821_辩证法唯物论_毛泽东哲学.md,36.25,马克思恩格斯经典文本与哲学关系
辩证法唯物论 马克思主义政党 世界观,1580_辩证法唯物论_马克思主义政党_世界观.md,社会斗争 武器 辩证法唯物论,1462_社会斗争_武器_辩证法唯物论.md,35.95,马克思恩格斯经典文本与哲学关系
辩证法唯物论 马克思主义政党 世界观,1580_辩证法唯物论_马克思主义政党_世界观.md,辩证法唯物论 思想 发展情况,1584_辩证法唯物论_思想_发展情况.md,35.95,马克思恩格斯经典文本与哲学关系
辩证法唯物论 马克思主义政党 世界观,1580_辩证法唯物论_马克思主义政党_世界观.md,辩证法唯物论 社会历史 研究,1596_辩证法唯物论_社会历史_研究.md,35.95,马克思恩格斯经典文本与哲学关系
哲学 阶级性 党性 抗战,1581_哲学_阶级性_党性_抗战.md,哲学 党性 阶级性 毛泽东,0540_哲学_党性_阶级性_毛泽东.md,32.69,民族国家与国际关系
哲学 阶级性 党性 抗战,1581_哲学_阶级性_党性_抗战.md,真理 阶级性 讨论,1361_真理_阶级性_讨论.md,19.17,民族国家与国际关系
哲学 阶级性 党性 抗战,1581_哲学_阶级性_党性_抗战.md,道德 阶级性 讨论,1369_道德_阶级性_讨论.md,19.17,民族国家与国际关系
哲学 阶级性 党性 抗战,1581_哲学_阶级性_党性_抗战.md,哲学 党性 苏联,0782_哲学_党性_苏联.md,14.55,民族国家与国际关系
哲学 阶级性 党性 抗战,1581_哲学_阶级性_党性_抗战.md,哲学 党性 科学,1574_哲学_党性_科学.md,14.55,民族国家与国际关系
抗战 哲学 现实 任务,1582_抗战_哲学_现实_任务.md,文艺 抗战 现实 反映,0482_文艺_抗战_现实_反映.md,14.17,民族国家与国际关系
抗战 哲学 现实 任务,1582_抗战_哲学_现实_任务.md,哲学 阶级性 党性 抗战,1581_哲学_阶级性_党性_抗战.md,13.85,民族国家与国际关系
抗战 哲学 现实 任务,1582_抗战_哲学_现实_任务.md,抗战 新启蒙运动,1871_抗战_新启蒙运动.md,12.08,民族国家与国际关系
抗战 哲学 现实 任务,1582_抗战_哲学_现实_任务.md,宁为玉碎 毋为瓦全 抗战,0959_宁为玉碎_毋为瓦全_抗战.md,11.67,民族国家与国际关系
抗战 哲学 现实 任务,1582_抗战_哲学_现实_任务.md,新启蒙运动 抗日救亡 抗战,1820_新启蒙运动_抗日救亡_抗战.md,11.56,民族国家与国际关系
抗战以来 哲学思想 评述,1583_抗战以来_哲学思想_评述.md,鲁迅 哲学思想 转变,1424_鲁迅_哲学思想_转变.md,25.77,民族国家与国际关系
抗战以来 哲学思想 评述,1583_抗战以来_哲学思想_评述.md,新民主主义论 哲学思想,0563_新民主主义论_哲学思想.md,25.0,民族国家与国际关系
抗战以来 哲学思想 评述,1583_抗战以来_哲学思想_评述.md,毛泽东 延安时期 哲学思想,0536_毛泽东_延安时期_哲学思想.md,24.69,民族国家与国际关系
抗战以来 哲学思想 评述,1583_抗战以来_哲学思想_评述.md,马克思 哲学思想 形成发展,1085_马克思_哲学思想_形成发展.md,24.69,民族国家与国际关系
抗战以来 哲学思想 评述,1583_抗战以来_哲学思想_评述.md,孙中山 哲学思想 行易知难,1603_孙中山_哲学思想_行易知难.md,24.69,民族国家与国际关系
辩证法唯物论 思想 发展情况,1584_辩证法唯物论_思想_发展情况.md,辩证法唯物论 入门 战斗性,1461_辩证法唯物论_入门_战斗性.md,37.81,哲学基本范畴与辩证法原理
辩证法唯物论 思想 发展情况,1584_辩证法唯物论_思想_发展情况.md,辩证法唯物论 毛泽东哲学,1821_辩证法唯物论_毛泽东哲学.md,37.81,哲学基本范畴与辩证法原理
辩证法唯物论 思想 发展情况,1584_辩证法唯物论_思想_发展情况.md,社会斗争 武器 辩证法唯物论,1462_社会斗争_武器_辩证法唯物论.md,37.35,哲学基本范畴与辩证法原理
辩证法唯物论 思想 发展情况,1584_辩证法唯物论_思想_发展情况.md,辩证法唯物论 社会历史 研究,1596_辩证法唯物论_社会历史_研究.md,37.35,哲学基本范畴与辩证法原理
辩证法唯物论 思想 发展情况,1584_辩证法唯物论_思想_发展情况.md,社会历史 研究 辩证法唯物论,1597_社会历史_研究_辩证法唯物论.md,37.35,哲学基本范畴与辩证法原理
唯生论 力行哲学 批评,1585_唯生论_力行哲学_批评.md,哲学上三次大论战 提法 批评,1488_哲学上三次大论战_提法_批评.md,12.94,其他待人工复核
唯生论 力行哲学 批评,1585_唯生论_力行哲学_批评.md,王道 新小说 批评,0964_王道_新小说_批评.md,11.92,其他待人工复核
唯生论 力行哲学 批评,1585_唯生论_力行哲学_批评.md,冯友兰 新世训 批评,0476_冯友兰_新世训_批评.md,11.79,其他待人工复核
唯生论 力行哲学 批评,1585_唯生论_力行哲学_批评.md,郭沫若 徐志摩 批评,0960_郭沫若_徐志摩_批评.md,11.79,其他待人工复核
唯生论 力行哲学 批评,1585_唯生论_力行哲学_批评.md,反孔思潮 旧思想 批评,1402_反孔思潮_旧思想_批评.md,11.67,其他待人工复核
非常时 宗教 态度,1586_非常时_宗教_态度.md,宗教 资本主义,1716_宗教_资本主义.md,12.5,宗教批判与无神论思想
非常时 宗教 态度,1586_非常时_宗教_态度.md,宗教 资产阶级,1948_宗教_资产阶级.md,12.5,宗教批判与无神论思想
非常时 宗教 态度,1586_非常时_宗教_态度.md,中国人 哲学 宗教,0987_中国人_哲学_宗教.md,12.27,宗教批判与无神论思想
非常时 宗教 态度,1586_非常时_宗教_态度.md,哲学 宗教 中国文化,0986_哲学_宗教_中国文化.md,12.08,宗教批判与无神论思想
非常时 宗教 态度,1586_非常时_宗教_态度.md,哲学 批判 政治 宗教,1087_哲学_批判_政治_宗教.md,12.08,宗教批判与无神论思想
自然辩证法 资本论 辩证法,1587_自然辩证法_资本论_辩证法.md,自然辩证法,1867_自然辩证法.md,37.5,马克思恩格斯经典文本与哲学关系
自然辩证法 资本论 辩证法,1587_自然辩证法_资本论_辩证法.md,自然辩证法 自然科学,1667_自然辩证法_自然科学.md,34.09,马克思恩格斯经典文本与哲学关系
自然辩证法 资本论 辩证法,1587_自然辩证法_资本论_辩证法.md,反杜林论 辩证法,1666_反杜林论_辩证法.md,21.82,马克思恩格斯经典文本与哲学关系
自然辩证法 资本论 辩证法,1587_自然辩证法_资本论_辩证法.md,资本论,1832_资本论.md,21.25,马克思恩格斯经典文本与哲学关系
自然辩证法 资本论 辩证法,1587_自然辩证法_资本论_辩证法.md,唯物论 辩证法 世界观,1463_唯物论_辩证法_世界观.md,20.77,马克思恩格斯经典文本与哲学关系
民粹主义 主观主义 批判,1588_民粹主义_主观主义_批判.md,经验主义 主观主义 批判,1212_经验主义_主观主义_批判.md,35.0,哲学基本范畴与辩证法原理
民粹主义 主观主义 批判,1588_民粹主义_主观主义_批判.md,主观主义 教条主义 批判,1211_主观主义_教条主义_批判.md,31.36,哲学基本范畴与辩证法原理
民粹主义 主观主义 批判,1588_民粹主义_主观主义_批判.md,主观主义 经验主义 批判,1464_主观主义_经验主义_批判.md,31.36,哲学基本范畴与辩证法原理
民粹主义 主观主义 批判,1588_民粹主义_主观主义_批判.md,公式化 主观主义 陈独秀,0322_公式化_主观主义_陈独秀.md,25.36,哲学基本范畴与辩证法原理
民粹主义 主观主义 批判,1588_民粹主义_主观主义_批判.md,主观主义 教条主义 经验主义,1338_主观主义_教条主义_经验主义.md,25.36,哲学基本范畴与辩证法原理
新康德主义 客观主义 批判,1589_新康德主义_客观主义_批判.md,直觉主义 新康德主义 存在主义 苏联,0773_直觉主义_新康德主义_存在主义_苏联.md,30.88,哲学基本范畴与辩证法原理
新康德主义 客观主义 批判,1589_新康德主义_客观主义_批判.md,主观主义 教条主义 批判,1211_主观主义_教条主义_批判.md,7.69,哲学基本范畴与辩证法原理
新康德主义 客观主义 批判,1589_新康德主义_客观主义_批判.md,经验主义 主观主义 批判,1212_经验主义_主观主义_批判.md,7.69,哲学基本范畴与辩证法原理
新康德主义 客观主义 批判,1589_新康德主义_客观主义_批判.md,主观主义 经验主义 批判,1464_主观主义_经验主义_批判.md,7.69,哲学基本范畴与辩证法原理
新康德主义 客观主义 批判,1589_新康德主义_客观主义_批判.md,民粹主义 主观主义 批判,1588_民粹主义_主观主义_批判.md,7.69,哲学基本范畴与辩证法原理
马赫主义 斗争 经验批判论,1590_马赫主义_斗争_经验批判论.md,列宁 唯物主义 经验批判论,0837_列宁_唯物主义_经验批判论.md,33.33,哲学基本范畴与辩证法原理
马赫主义 斗争 经验批判论,1590_马赫主义_斗争_经验批判论.md,唯物主义和经验批判主义 马赫主义,1653_唯物主义和经验批判主义_马赫主义.md,29.38,哲学基本范畴与辩证法原理
马赫主义 斗争 经验批判论,1590_马赫主义_斗争_经验批判论.md,经验 马赫主义,1762_经验_马赫主义.md,29.09,哲学基本范畴与辩证法原理
马赫主义 斗争 经验批判论,1590_马赫主义_斗争_经验批判论.md,马赫主义 批判 反映论,1538_马赫主义_批判_反映论.md,27.14,哲学基本范畴与辩证法原理
马赫主义 斗争 经验批判论,1590_马赫主义_斗争_经验批判论.md,唯心主义 马赫主义,1728_唯心主义_马赫主义.md,25.77,哲学基本范畴与辩证法原理
鲁迅 早期 哲学贡献,1591_鲁迅_早期_哲学贡献.md,十月革命后 列宁 哲学贡献,0784_十月革命后_列宁_哲学贡献.md,25.36,文学艺术与文艺理论
鲁迅 早期 哲学贡献,1591_鲁迅_早期_哲学贡献.md,鲁迅 哲学思想 转变,1424_鲁迅_哲学思想_转变.md,14.17,文学艺术与文艺理论
鲁迅 早期 哲学贡献,1591_鲁迅_早期_哲学贡献.md,鲁迅 唯物史观 传播 运用,0116_鲁迅_唯物史观_传播_运用.md,11.67,文学艺术与文艺理论
鲁迅 早期 哲学贡献,1591_鲁迅_早期_哲学贡献.md,鲁迅 方向 中华民族新文化,0256_鲁迅_方向_中华民族新文化.md,11.56,文学艺术与文艺理论
鲁迅 早期 哲学贡献,1591_鲁迅_早期_哲学贡献.md,鲁迅 辩证法 唯物论 理想主义,1592_鲁迅_辩证法_唯物论_理想主义.md,11.47,文学艺术与文艺理论
鲁迅 辩证法 唯物论 理想主义,1592_鲁迅_辩证法_唯物论_理想主义.md,唯物论 辩证法 世界观,1463_唯物论_辩证法_世界观.md,36.67,哲学基本范畴与辩证法原理
鲁迅 辩证法 唯物论 理想主义,1592_鲁迅_辩证法_唯物论_理想主义.md,唯物主义 辩证法,1747_唯物主义_辩证法.md,22.69,哲学基本范畴与辩证法原理
鲁迅 辩证法 唯物论 理想主义,1592_鲁迅_辩证法_唯物论_理想主义.md,新唯物主义 实践 辩证法,0015_新唯物主义_实践_辩证法.md,21.25,哲学基本范畴与辩证法原理
鲁迅 辩证法 唯物论 理想主义,1592_鲁迅_辩证法_唯物论_理想主义.md,唯心主义 辩证法,1745_唯心主义_辩证法.md,20.36,哲学基本范畴与辩证法原理
鲁迅 辩证法 唯物论 理想主义,1592_鲁迅_辩证法_唯物论_理想主义.md,社会主义建设 辩证法 探索,0672_社会主义建设_辩证法_探索.md,19.17,哲学基本范畴与辩证法原理
改造学习 方针 办法,1594_改造学习_方针_办法.md,学习 缺点 改造学习,1595_学习_缺点_改造学习.md,27.5,青年教育与人生观
改造学习 方针 办法,1594_改造学习_方针_办法.md,共产国际 民族民主革命 方针,1158_共产国际_民族民主革命_方针.md,11.47,青年教育与人生观
学习 缺点 改造学习,1595_学习_缺点_改造学习.md,改造学习 方针 办法,1594_改造学习_方针_办法.md,27.5,青年教育与人生观
辩证法唯物论 社会历史 研究,1596_辩证法唯物论_社会历史_研究.md,社会历史 研究 辩证法唯物论,1597_社会历史_研究_辩证法唯物论.md,70.83,哲学基本范畴与辩证法原理
辩证法唯物论 社会历史 研究,1596_辩证法唯物论_社会历史_研究.md,社会斗争 武器 辩证法唯物论,1462_社会斗争_武器_辩证法唯物论.md,39.38,哲学基本范畴与辩证法原理
辩证法唯物论 社会历史 研究,1596_辩证法唯物论_社会历史_研究.md,辩证法唯物论 入门 战斗性,1461_辩证法唯物论_入门_战斗性.md,37.81,哲学基本范畴与辩证法原理
辩证法唯物论 社会历史 研究,1596_辩证法唯物论_社会历史_研究.md,辩证法唯物论 毛泽东哲学,1821_辩证法唯物论_毛泽东哲学.md,37.81,哲学基本范畴与辩证法原理
辩证法唯物论 社会历史 研究,1596_辩证法唯物论_社会历史_研究.md,辩证法唯物论 思想 发展情况,1584_辩证法唯物论_思想_发展情况.md,37.35,哲学基本范畴与辩证法原理
社会历史 研究 辩证法唯物论,1597_社会历史_研究_辩证法唯物论.md,辩证法唯物论 社会历史 研究,1596_辩证法唯物论_社会历史_研究.md,70.83,哲学基本范畴与辩证法原理
社会历史 研究 辩证法唯物论,1597_社会历史_研究_辩证法唯物论.md,社会斗争 武器 辩证法唯物论,1462_社会斗争_武器_辩证法唯物论.md,39.38,哲学基本范畴与辩证法原理
社会历史 研究 辩证法唯物论,1597_社会历史_研究_辩证法唯物论.md,辩证法唯物论 入门 战斗性,1461_辩证法唯物论_入门_战斗性.md,37.81,哲学基本范畴与辩证法原理
社会历史 研究 辩证法唯物论,1597_社会历史_研究_辩证法唯物论.md,辩证法唯物论 毛泽东哲学,1821_辩证法唯物论_毛泽东哲学.md,37.81,哲学基本范畴与辩证法原理
社会历史 研究 辩证法唯物论,1597_社会历史_研究_辩证法唯物论.md,辩证法唯物论 思想 发展情况,1584_辩证法唯物论_思想_发展情况.md,37.35,哲学基本范畴与辩证法原理
共产主义者 道德 民族道德,1598_共产主义者_道德_民族道德.md,复兴 道德,2026_复兴_道德.md,12.27,民族国家与国际关系
共产主义者 道德 民族道德,1598_共产主义者_道德_民族道德.md,知识 道德,2027_知识_道德.md,12.27,民族国家与国际关系
共产主义者 道德 民族道德,1598_共产主义者_道德_民族道德.md,道德 发展 进步,1599_道德_发展_进步.md,11.92,民族国家与国际关系
共产主义者 道德 民族道德,1598_共产主义者_道德_民族道德.md,道德 阶级性 讨论,1369_道德_阶级性_讨论.md,11.79,民族国家与国际关系
共产主义者 道德 民族道德,1598_共产主义者_道德_民族道德.md,共产主义 劳动,1782_共产主义_劳动.md,6.82,民族国家与国际关系
道德 发展 进步,1599_道德_发展_进步.md,复兴 道德,2026_复兴_道德.md,13.57,哲学基本范畴与辩证法原理
道德 发展 进步,1599_道德_发展_进步.md,知识 道德,2027_知识_道德.md,13.57,哲学基本范畴与辩证法原理
道德 发展 进步,1599_道德_发展_进步.md,道德 阶级性 讨论,1369_道德_阶级性_讨论.md,12.5,哲学基本范畴与辩证法原理
道德 发展 进步,1599_道德_发展_进步.md,共产主义者 道德 民族道德,1598_共产主义者_道德_民族道德.md,11.92,哲学基本范畴与辩证法原理
民主 集中 关系,1600_民主_集中_关系.md,实事求是 民主集中制,0612_实事求是_民主集中制.md,7.5,中国近代启蒙与民主革命
民主 集中 关系,1600_民主_集中_关系.md,军事反对派 民主集中派 工人反对派,1256_军事反对派_民主集中派_工人反对派.md,5.36,中国近代启蒙与民主革命
中国之命运 唯心论 愚民哲学,1601_中国之命运_唯心论_愚民哲学.md,中国之命运,1983_中国之命运.md,34.09,其他待人工复核
中国之命运 唯心论 愚民哲学,1601_中国之命运_唯心论_愚民哲学.md,三民主义 中国之命运 思想批判,1648_三民主义_中国之命运_思想批判.md,30.26,其他待人工复核
中国之命运 唯心论 愚民哲学,1601_中国之命运_唯心论_愚民哲学.md,唯物论 唯心论 哲学党性,1576_唯物论_唯心论_哲学党性.md,19.41,其他待人工复核
中国之命运 唯心论 愚民哲学,1601_中国之命运_唯心论_愚民哲学.md,瞿秋白 唯物论 唯心论 哲学根本问题,0311_瞿秋白_唯物论_唯心论_哲学根本问题.md,18.41,其他待人工复核
中国之命运 唯心论 愚民哲学,1601_中国之命运_唯心论_愚民哲学.md,国家主义派 二元论 唯心论,1295_国家主义派_二元论_唯心论.md,17.63,其他待人工复核
诚的思想 知与行 知难行易,1602_诚的思想_知与行_知难行易.md,孙中山 知难行易 革命思想,1393_孙中山_知难行易_革命思想.md,26.25,其他待人工复核
孙中山 哲学思想 行易知难,1603_孙中山_哲学思想_行易知难.md,鲁迅 哲学思想 转变,1424_鲁迅_哲学思想_转变.md,25.36,中国近代启蒙与民主革命
孙中山 哲学思想 行易知难,1603_孙中山_哲学思想_行易知难.md,新民主主义论 哲学思想,0563_新民主主义论_哲学思想.md,24.69,中国近代启蒙与民主革命
孙中山 哲学思想 行易知难,1603_孙中山_哲学思想_行易知难.md,抗战以来 哲学思想 评述,1583_抗战以来_哲学思想_评述.md,24.69,中国近代启蒙与民主革命
孙中山 哲学思想 行易知难,1603_孙中山_哲学思想_行易知难.md,毛泽东 延安时期 哲学思想,0536_毛泽东_延安时期_哲学思想.md,24.41,中国近代启蒙与民主革命
孙中山 哲学思想 行易知难,1603_孙中山_哲学思想_行易知难.md,马克思 哲学思想 形成发展,1085_马克思_哲学思想_形成发展.md,24.41,中国近代启蒙与民主革命
孙中山 物质 精神 关系,1604_孙中山_物质_精神_关系.md,孙中山 知难行易 革命思想,1393_孙中山_知难行易_革命思想.md,18.12,哲学基本范畴与辩证法原理
孙中山 物质 精神 关系,1604_孙中山_物质_精神_关系.md,孙中山 哲学思想 行易知难,1603_孙中山_哲学思想_行易知难.md,18.12,哲学基本范畴与辩证法原理
孙中山 物质 精神 关系,1604_孙中山_物质_精神_关系.md,文明 精神 物质 现实,0944_文明_精神_物质_现实.md,13.85,哲学基本范畴与辩证法原理
孙中山 物质 精神 关系,1604_孙中山_物质_精神_关系.md,精神 物质 美术 宗教 科学,1411_精神_物质_美术_宗教_科学.md,13.33,哲学基本范畴与辩证法原理
孙中山 物质 精神 关系,1604_孙中山_物质_精神_关系.md,物质 运动 发展,1457_物质_运动_发展.md,12.08,哲学基本范畴与辩证法原理
冯友兰 新理学,1605_冯友兰_新理学.md,冯友兰 新理学 批判,1640_冯友兰_新理学_批判.md,47.86,新理学批判
冯友兰 新理学,1605_冯友兰_新理学.md,冯友兰 新理学 马克思主义哲学,0763_冯友兰_新理学_马克思主义哲学.md,40.42,新理学批判
冯友兰 新理学,1605_冯友兰_新理学.md,新理学,1908_新理学.md,25.0,新理学批判
冯友兰 新理学,1605_冯友兰_新理学.md,冯友兰 新世训 批评,0476_冯友兰_新世训_批评.md,23.33,新理学批判
冯友兰 新理学,1605_冯友兰_新理学.md,事物 冯友兰,1711_事物_冯友兰.md,22.14,新理学批判
张东荪 动的逻辑 形式逻辑,1606_张东荪_动的逻辑_形式逻辑.md,形式逻辑 辩证逻辑 形式论理学,0408_形式逻辑_辩证逻辑_形式论理学.md,26.67,思想论战与文化批判
张东荪 动的逻辑 形式逻辑,1606_张东荪_动的逻辑_形式逻辑.md,叶青 动的逻辑 论战,1609_叶青_动的逻辑_论战.md,25.77,思想论战与文化批判
张东荪 动的逻辑 形式逻辑,1606_张东荪_动的逻辑_形式逻辑.md,辩证法 形式逻辑 论争,1304_辩证法_形式逻辑_论争.md,25.36,思想论战与文化批判
张东荪 动的逻辑 形式逻辑,1606_张东荪_动的逻辑_形式逻辑.md,形式逻辑 对象 客观基础,1370_形式逻辑_对象_客观基础.md,25.0,思想论战与文化批判
张东荪 动的逻辑 形式逻辑,1606_张东荪_动的逻辑_形式逻辑.md,唯物辩证法 形式逻辑 分疆而治,1305_唯物辩证法_形式逻辑_分疆而治.md,24.17,思想论战与文化批判
张东荪 唯物辩证法论战,1607_张东荪_唯物辩证法论战.md,唯物辩证法论战 学术史,0919_唯物辩证法论战_学术史.md,47.5,思想论战与文化批判
张东荪 唯物辩证法论战,1607_张东荪_唯物辩证法论战.md,唯物辩证法论战 大众哲学,1610_唯物辩证法论战_大众哲学.md,46.54,思想论战与文化批判
张东荪 唯物辩证法论战,1607_张东荪_唯物辩证法论战.md,唯物辩证法论战 中国马克思主义,0971_唯物辩证法论战_中国马克思主义.md,44.38,思想论战与文化批判
张东荪 唯物辩证法论战,1607_张东荪_唯物辩证法论战.md,唯物辩证法论战 马克思主义哲学,1426_唯物辩证法论战_马克思主义哲学.md,44.38,思想论战与文化批判
张东荪 唯物辩证法论战,1607_张东荪_唯物辩证法论战.md,唯物辩证法论战 马克思主义哲学 哲学大众化,1789_唯物辩证法论战_马克思主义哲学_哲学大众化.md,42.5,思想论战与文化批判
张东荪 辩证法 总检讨,1608_张东荪_辩证法_总检讨.md,张东荪 唯物辩证法论战,1607_张东荪_唯物辩证法论战.md,22.69,思想论战与文化批判
张东荪 辩证法 总检讨,1608_张东荪_辩证法_总检讨.md,进攻 防御 辩证法,1325_进攻_防御_辩证法.md,19.17,思想论战与文化批判
张东荪 辩证法 总检讨,1608_张东荪_辩证法_总检讨.md,持久 速决 辩证法,1326_持久_速决_辩证法.md,19.17,思想论战与文化批判
张东荪 辩证法 总检讨,1608_张东荪_辩证法_总检讨.md,内线 外线 辩证法,1327_内线_外线_辩证法.md,19.17,思想论战与文化批判
张东荪 辩证法 总检讨,1608_张东荪_辩证法_总检讨.md,主动 被动 辩证法,1328_主动_被动_辩证法.md,19.17,思想论战与文化批判
叶青 动的逻辑 论战,1609_叶青_动的逻辑_论战.md,张东荪 动的逻辑 形式逻辑,1606_张东荪_动的逻辑_形式逻辑.md,25.77,思想论战与文化批判
叶青 动的逻辑 论战,1609_叶青_动的逻辑_论战.md,中国社会史 论战,0186_中国社会史_论战.md,12.08,思想论战与文化批判
叶青 动的逻辑 论战,1609_叶青_动的逻辑_论战.md,中国社会性质 论战,0184_中国社会性质_论战.md,11.92,思想论战与文化批判
叶青 动的逻辑 论战,1609_叶青_动的逻辑_论战.md,科学与人生观 论战,0185_科学与人生观_论战.md,11.92,思想论战与文化批判
叶青 动的逻辑 论战,1609_叶青_动的逻辑_论战.md,人生观 论战 科玄论战,0187_人生观_论战_科玄论战.md,11.92,思想论战与文化批判
唯物辩证法论战 大众哲学,1610_唯物辩证法论战_大众哲学.md,唯物辩证法论战 学术史,0919_唯物辩证法论战_学术史.md,46.54,思想论战与文化批判
唯物辩证法论战 大众哲学,1610_唯物辩证法论战_大众哲学.md,张东荪 唯物辩证法论战,1607_张东荪_唯物辩证法论战.md,46.54,思想论战与文化批判
唯物辩证法论战 大众哲学,1610_唯物辩证法论战_大众哲学.md,唯物辩证法论战 马克思主义哲学,1426_唯物辩证法论战_马克思主义哲学.md,45.94,思想论战与文化批判
唯物辩证法论战 大众哲学,1610_唯物辩证法论战_大众哲学.md,唯物辩证法论战 马克思主义哲学 哲学大众化,1789_唯物辩证法论战_马克思主义哲学_哲学大众化.md,45.53,思想论战与文化批判
唯物辩证法论战 大众哲学,1610_唯物辩证法论战_大众哲学.md,唯物辩证法论战 中国马克思主义,0971_唯物辩证法论战_中国马克思主义.md,43.82,思想论战与文化批判
五四运动 继承五四 扬弃五四,1611_五四运动_继承五四_扬弃五四.md,新启蒙运动 继承五四,1612_新启蒙运动_继承五四.md,30.42,新启蒙运动
五四运动 继承五四 扬弃五四,1611_五四运动_继承五四_扬弃五四.md,新启蒙运动 扬弃五四,1613_新启蒙运动_扬弃五四.md,27.69,新启蒙运动
五四运动 继承五四 扬弃五四,1611_五四运动_继承五四_扬弃五四.md,五四运动 戊戌 传统,0231_五四运动_戊戌_传统.md,25.77,新启蒙运动
五四运动 继承五四 扬弃五四,1611_五四运动_继承五四_扬弃五四.md,五四运动 新文化 弱点,0230_五四运动_新文化_弱点.md,25.36,新启蒙运动
五四运动 继承五四 扬弃五四,1611_五四运动_继承五四_扬弃五四.md,新文化运动 五四运动 学术史,0118_新文化运动_五四运动_学术史.md,24.69,新启蒙运动
新启蒙运动 继承五四,1612_新启蒙运动_继承五四.md,新启蒙运动 扬弃五四,1613_新启蒙运动_扬弃五四.md,36.36,新启蒙运动
新启蒙运动 继承五四,1612_新启蒙运动_继承五四.md,国难 新启蒙运动,0376_国难_新启蒙运动.md,35.0,新启蒙运动
新启蒙运动 继承五四,1612_新启蒙运动_继承五四.md,新启蒙运动 提出,0377_新启蒙运动_提出.md,35.0,新启蒙运动
新启蒙运动 继承五四,1612_新启蒙运动_继承五四.md,抗战 新启蒙运动,1871_抗战_新启蒙运动.md,35.0,新启蒙运动
新启蒙运动 继承五四,1612_新启蒙运动_继承五四.md,新启蒙运动 普及,1874_新启蒙运动_普及.md,35.0,新启蒙运动
新启蒙运动 扬弃五四,1613_新启蒙运动_扬弃五四.md,新启蒙运动 继承五四,1612_新启蒙运动_继承五四.md,36.36,新启蒙运动
新启蒙运动 扬弃五四,1613_新启蒙运动_扬弃五四.md,国难 新启蒙运动,0376_国难_新启蒙运动.md,35.0,新启蒙运动
新启蒙运动 扬弃五四,1613_新启蒙运动_扬弃五四.md,新启蒙运动 提出,0377_新启蒙运动_提出.md,35.0,新启蒙运动
新启蒙运动 扬弃五四,1613_新启蒙运动_扬弃五四.md,抗战 新启蒙运动,1871_抗战_新启蒙运动.md,35.0,新启蒙运动
新启蒙运动 扬弃五四,1613_新启蒙运动_扬弃五四.md,新启蒙运动 普及,1874_新启蒙运动_普及.md,35.0,新启蒙运动
张申府 新启蒙运动 民主,1614_张申府_新启蒙运动_民主.md,张申府 新启蒙运动,1742_张申府_新启蒙运动.md,59.44,新启蒙运动
张申府 新启蒙运动 民主,1614_张申府_新启蒙运动_民主.md,新启蒙运动 民族解放,0384_新启蒙运动_民族解放.md,35.42,新启蒙运动
张申府 新启蒙运动 民主,1614_张申府_新启蒙运动_民主.md,新启蒙运动 民族传统,1615_新启蒙运动_民族传统.md,35.42,新启蒙运动
张申府 新启蒙运动 民主,1614_张申府_新启蒙运动_民主.md,国难 新启蒙运动,0376_国难_新启蒙运动.md,34.09,新启蒙运动
张申府 新启蒙运动 民主,1614_张申府_新启蒙运动_民主.md,新启蒙运动 提出,0377_新启蒙运动_提出.md,34.09,新启蒙运动
新启蒙运动 民族传统,1615_新启蒙运动_民族传统.md,新启蒙运动 民族解放,0384_新启蒙运动_民族解放.md,40.0,新启蒙运动
新启蒙运动 民族传统,1615_新启蒙运动_民族传统.md,张申府 新启蒙运动 民主,1614_张申府_新启蒙运动_民主.md,35.42,新启蒙运动
新启蒙运动 民族传统,1615_新启蒙运动_民族传统.md,国难 新启蒙运动,0376_国难_新启蒙运动.md,35.0,新启蒙运动
新启蒙运动 民族传统,1615_新启蒙运动_民族传统.md,新启蒙运动 提出,0377_新启蒙运动_提出.md,35.0,新启蒙运动
新启蒙运动 民族传统,1615_新启蒙运动_民族传统.md,抗战 新启蒙运动,1871_抗战_新启蒙运动.md,35.0,新启蒙运动
新启蒙运动 文化抗战,1616_新启蒙运动_文化抗战.md,抗战 新启蒙运动,1871_抗战_新启蒙运动.md,38.89,新启蒙运动
新启蒙运动 文化抗战,1616_新启蒙运动_文化抗战.md,文化运动 新启蒙运动,1744_文化运动_新启蒙运动.md,37.5,新启蒙运动
新启蒙运动 文化抗战,1616_新启蒙运动_文化抗战.md,国难 新启蒙运动,0376_国难_新启蒙运动.md,35.0,新启蒙运动
新启蒙运动 文化抗战,1616_新启蒙运动_文化抗战.md,新启蒙运动 提出,0377_新启蒙运动_提出.md,35.0,新启蒙运动
新启蒙运动 文化抗战,1616_新启蒙运动_文化抗战.md,新启蒙运动 普及,1874_新启蒙运动_普及.md,35.0,新启蒙运动
中国向何处去 古今中西,1617_中国向何处去_古今中西.md,古今中西 争论 中国向何处去,0760_古今中西_争论_中国向何处去.md,66.67,中国近代启蒙与民主革命
中国向何处去 古今中西,1617_中国向何处去_古今中西.md,中国近代哲学 古今中西,1695_中国近代哲学_古今中西.md,27.14,中国近代启蒙与民主革命
中国向何处去 古今中西,1617_中国向何处去_古今中西.md,之争 古今中西,1950_之争_古今中西.md,26.82,中国近代启蒙与民主革命
中国向何处去 古今中西,1617_中国向何处去_古今中西.md,古今中西 之争 中国近代哲学革命,0767_古今中西_之争_中国近代哲学革命.md,25.56,中国近代启蒙与民主革命
中国向何处去 古今中西,1617_中国向何处去_古今中西.md,古今中西 论争 中西体用,0768_古今中西_论争_中西体用.md,25.36,中国近代启蒙与民主革命
中国化思潮 马克思主义中国化,1618_中国化思潮_马克思主义中国化.md,马克思主义中国化 思潮,1827_马克思主义中国化_思潮.md,62.5,马克思恩格斯经典文本与哲学关系
中国化思潮 马克思主义中国化,1618_中国化思潮_马克思主义中国化.md,马克思主义中国化 思潮 抗战,1811_马克思主义中国化_思潮_抗战.md,58.75,马克思恩格斯经典文本与哲学关系
中国化思潮 马克思主义中国化,1618_中国化思潮_马克思主义中国化.md,马克思主义中国化 思潮 起源,1812_马克思主义中国化_思潮_起源.md,58.75,马克思恩格斯经典文本与哲学关系
中国化思潮 马克思主义中国化,1618_中国化思潮_马克思主义中国化.md,马克思主义中国化 前瞻,1180_马克思主义中国化_前瞻.md,54.58,马克思恩格斯经典文本与哲学关系
中国化思潮 马克思主义中国化,1618_中国化思潮_马克思主义中国化.md,起源 马克思主义中国化,1761_起源_马克思主义中国化.md,54.58,马克思恩格斯经典文本与哲学关系
马克思主义中国化 起源语境,1619_马克思主义中国化_起源语境.md,起源 马克思主义中国化,1761_起源_马克思主义中国化.md,56.67,马克思恩格斯经典文本与哲学关系
马克思主义中国化 起源语境,1619_马克思主义中国化_起源语境.md,马克思主义中国化 思潮 起源,1812_马克思主义中国化_思潮_起源.md,54.29,马克思恩格斯经典文本与哲学关系
马克思主义中国化 起源语境,1619_马克思主义中国化_起源语境.md,马克思主义中国化 前瞻,1180_马克思主义中国化_前瞻.md,53.46,马克思恩格斯经典文本与哲学关系
马克思主义中国化 起源语境,1619_马克思主义中国化_起源语境.md,马克思主义中国化 思潮,1827_马克思主义中国化_思潮.md,53.46,马克思恩格斯经典文本与哲学关系
马克思主义中国化 起源语境,1619_马克思主义中国化_起源语境.md,马克思主义中国化 重建,1828_马克思主义中国化_重建.md,53.46,马克思恩格斯经典文本与哲学关系
马克思主义中国化 提法 具体化,1620_马克思主义中国化_提法_具体化.md,马克思主义中国化 毛泽东 提法,1804_马克思主义中国化_毛泽东_提法.md,62.5,马克思恩格斯经典文本与哲学关系
马克思主义中国化 提法 具体化,1620_马克思主义中国化_提法_具体化.md,马克思主义中国化 提出 学术史,0920_马克思主义中国化_提出_学术史.md,52.5,马克思恩格斯经典文本与哲学关系
马克思主义中国化 提法 具体化,1620_马克思主义中国化_提法_具体化.md,马克思主义中国化 前瞻,1180_马克思主义中国化_前瞻.md,52.5,马克思恩格斯经典文本与哲学关系
马克思主义中国化 提法 具体化,1620_马克思主义中国化_提法_具体化.md,起源 马克思主义中国化,1761_起源_马克思主义中国化.md,52.5,马克思恩格斯经典文本与哲学关系
马克思主义中国化 提法 具体化,1620_马克思主义中国化_提法_具体化.md,马克思主义中国化 思潮,1827_马克思主义中国化_思潮.md,52.5,马克思恩格斯经典文本与哲学关系
马克思主义中国化 文化契合,1621_马克思主义中国化_文化契合.md,马克思主义中国化 文化背景,1496_马克思主义中国化_文化背景.md,57.31,马克思恩格斯经典文本与哲学关系
马克思主义中国化 文化契合,1621_马克思主义中国化_文化契合.md,马克思主义中国化 文化融合 文化重构,1622_马克思主义中国化_文化融合_文化重构.md,54.06,马克思恩格斯经典文本与哲学关系
马克思主义中国化 文化契合,1621_马克思主义中国化_文化契合.md,马克思主义中国化 前瞻,1180_马克思主义中国化_前瞻.md,53.46,马克思恩格斯经典文本与哲学关系
马克思主义中国化 文化契合,1621_马克思主义中国化_文化契合.md,起源 马克思主义中国化,1761_起源_马克思主义中国化.md,53.46,马克思恩格斯经典文本与哲学关系
马克思主义中国化 文化契合,1621_马克思主义中国化_文化契合.md,马克思主义中国化 思潮,1827_马克思主义中国化_思潮.md,53.46,马克思恩格斯经典文本与哲学关系
马克思主义中国化 文化融合 文化重构,1622_马克思主义中国化_文化融合_文化重构.md,马克思主义中国化 文化背景,1496_马克思主义中国化_文化背景.md,54.06,马克思恩格斯经典文本与哲学关系
马克思主义中国化 文化融合 文化重构,1622_马克思主义中国化_文化融合_文化重构.md,马克思主义中国化 文化契合,1621_马克思主义中国化_文化契合.md,54.06,马克思恩格斯经典文本与哲学关系
马克思主义中国化 文化融合 文化重构,1622_马克思主义中国化_文化融合_文化重构.md,马克思主义中国化 重建,1828_马克思主义中国化_重建.md,53.33,马克思恩格斯经典文本与哲学关系
马克思主义中国化 文化融合 文化重构,1622_马克思主义中国化_文化融合_文化重构.md,中西融合 马克思主义中国化,0967_中西融合_马克思主义中国化.md,51.76,马克思恩格斯经典文本与哲学关系
马克思主义中国化 文化融合 文化重构,1622_马克思主义中国化_文化融合_文化重构.md,马克思主义中国化 前瞻,1180_马克思主义中国化_前瞻.md,50.94,马克思恩格斯经典文本与哲学关系
马克思主义哲学中国化 结合论 创建论,1623_马克思主义哲学中国化_结合论_创建论.md,马克思主义哲学中国化 不足,1432_马克思主义哲学中国化_不足.md,53.24,马克思恩格斯经典文本与哲学关系
马克思主义哲学中国化 结合论 创建论,1623_马克思主义哲学中国化_结合论_创建论.md,李达 马克思主义哲学中国化,1751_李达_马克思主义哲学中国化.md,53.24,马克思恩格斯经典文本与哲学关系
马克思主义哲学中国化 结合论 创建论,1623_马克思主义哲学中国化_结合论_创建论.md,马克思主义哲学中国化 走向,1816_马克思主义哲学中国化_走向.md,53.24,马克思恩格斯经典文本与哲学关系
马克思主义哲学中国化 结合论 创建论,1623_马克思主义哲学中国化_结合论_创建论.md,毛泽东 马克思主义哲学中国化,1748_毛泽东_马克思主义哲学中国化.md,52.5,马克思恩格斯经典文本与哲学关系
马克思主义哲学中国化 结合论 创建论,1623_马克思主义哲学中国化_结合论_创建论.md,马克思主义哲学中国化 现实性,1805_马克思主义哲学中国化_现实性.md,52.5,马克思恩格斯经典文本与哲学关系
马克思主义中国化 中国现代性,1624_马克思主义中国化_中国现代性.md,马克思主义中国化 前瞻,1180_马克思主义中国化_前瞻.md,53.46,马克思恩格斯经典文本与哲学关系
马克思主义中国化 中国现代性,1624_马克思主义中国化_中国现代性.md,起源 马克思主义中国化,1761_起源_马克思主义中国化.md,53.46,马克思恩格斯经典文本与哲学关系
马克思主义中国化 中国现代性,1624_马克思主义中国化_中国现代性.md,马克思主义中国化 思潮,1827_马克思主义中国化_思潮.md,53.46,马克思恩格斯经典文本与哲学关系
马克思主义中国化 中国现代性,1624_马克思主义中国化_中国现代性.md,马克思主义中国化 重建,1828_马克思主义中国化_重建.md,53.46,马克思恩格斯经典文本与哲学关系
马克思主义中国化 中国现代性,1624_马克思主义中国化_中国现代性.md,中国化思潮 马克思主义中国化,1618_中国化思潮_马克思主义中国化.md,52.5,马克思恩格斯经典文本与哲学关系
剩余价值 劳动,1625_剩余价值_劳动.md,劳动 剩余价值 生产,0018_劳动_剩余价值_生产.md,42.5,政治经济学与资本主义批判
剩余价值 劳动,1625_剩余价值_劳动.md,剩余价值 生产,1671_剩余价值_生产.md,30.71,政治经济学与资本主义批判
剩余价值 劳动,1625_剩余价值_劳动.md,剩余价值 商品,1702_剩余价值_商品.md,30.71,政治经济学与资本主义批判
剩余价值 劳动,1625_剩余价值_劳动.md,资本论 剩余价值,1670_资本论_剩余价值.md,29.38,政治经济学与资本主义批判
剩余价值 劳动,1625_剩余价值_劳动.md,剩余价值 资本主义生产关系 本质,0030_剩余价值_资本主义生产关系_本质.md,25.0,政治经济学与资本主义批判
中国传统文化 决裂论 土壤论,1627_中国传统文化_决裂论_土壤论.md,陈独秀 中国传统文化 批判,0761_陈独秀_中国传统文化_批判.md,37.81,马克思主义哲学与中国文化传统结合
中国传统文化 决裂论 土壤论,1627_中国传统文化_决裂论_土壤论.md,中国传统文化 马克思主义 结合,0756_中国传统文化_马克思主义_结合.md,36.94,马克思主义哲学与中国文化传统结合
中国传统文化 决裂论 土壤论,1627_中国传统文化_决裂论_土壤论.md,马克思主义 中国传统文化 关系,0764_马克思主义_中国传统文化_关系.md,36.94,马克思主义哲学与中国文化传统结合
中国传统文化 决裂论 土壤论,1627_中国传统文化_决裂论_土壤论.md,中国传统文化 新启蒙运动 认识深化,1795_中国传统文化_新启蒙运动_认识深化.md,36.25,马克思主义哲学与中国文化传统结合
中华优秀传统文化 第二个结合,1628_中华优秀传统文化_第二个结合.md,中华优秀传统文化 创造性转化,0747_中华优秀传统文化_创造性转化.md,50.29,马克思主义哲学与中国文化传统结合
中华优秀传统文化 第二个结合,1628_中华优秀传统文化_第二个结合.md,中华优秀传统文化 基本原理 马克思,1794_中华优秀传统文化_基本原理_马克思.md,49.21,马克思主义哲学与中国文化传统结合
中华优秀传统文化 第二个结合,1628_中华优秀传统文化_第二个结合.md,中华优秀传统文化 革命文化 社会主义先进文化,0749_中华优秀传统文化_革命文化_社会主义先进文化.md,47.95,马克思主义哲学与中国文化传统结合
中华优秀传统文化 第二个结合,1628_中华优秀传统文化_第二个结合.md,陈独秀 传统文化 继承关系,0762_陈独秀_传统文化_继承关系.md,5.56,马克思主义哲学与中国文化传统结合
中华优秀传统文化 第二个结合,1628_中华优秀传统文化_第二个结合.md,中国传统文化 马克思主义 结合,0756_中国传统文化_马克思主义_结合.md,5.0,马克思主义哲学与中国文化传统结合
中国马克思主义 概念界定,1629_中国马克思主义_概念界定.md,中国马克思主义 马克思主义者,1788_中国马克思主义_马克思主义者.md,47.5,马克思恩格斯经典文本与哲学关系
中国马克思主义 概念界定,1629_中国马克思主义_概念界定.md,中国马克思主义 毛泽东,1982_中国马克思主义_毛泽东.md,46.54,马克思恩格斯经典文本与哲学关系
中国马克思主义 概念界定,1629_中国马克思主义_概念界定.md,中国马克思主义 历史使命,1818_中国马克思主义_历史使命.md,45.71,马克思恩格斯经典文本与哲学关系
中国马克思主义 概念界定,1629_中国马克思主义_概念界定.md,中国马克思主义 学术史 研究,0915_中国马克思主义_学术史_研究.md,45.0,马克思恩格斯经典文本与哲学关系
中国马克思主义 概念界定,1629_中国马克思主义_概念界定.md,中国马克思主义 学术史 起步,0917_中国马克思主义_学术史_起步.md,45.0,马克思恩格斯经典文本与哲学关系
哲学大众化 新哲学运动,1630_哲学大众化_新哲学运动.md,哲学大众化 新哲学,1706_哲学大众化_新哲学.md,43.75,新哲学大众化运动
哲学大众化 新哲学运动,1630_哲学大众化_新哲学运动.md,胡绳 哲学大众化,1634_胡绳_哲学大众化.md,35.0,新哲学大众化运动
哲学大众化 新哲学运动,1630_哲学大众化_新哲学运动.md,哲学大众化 艾思奇,1746_哲学大众化_艾思奇.md,34.09,新哲学大众化运动
哲学大众化 新哲学运动,1630_哲学大众化_新哲学运动.md,哲学大众化 问题 提出,1300_哲学大众化_问题_提出.md,33.33,新哲学大众化运动
哲学大众化 新哲学运动,1630_哲学大众化_新哲学运动.md,艾思奇 大众哲学 哲学大众化,0371_艾思奇_大众哲学_哲学大众化.md,32.69,新哲学大众化运动
艾思奇 和生活打成一片,1631_艾思奇_和生活打成一片.md,艾思奇 哲学与生活 社会生活,0363_艾思奇_哲学与生活_社会生活.md,19.69,艾思奇与大众哲学
艾思奇 和生活打成一片,1631_艾思奇_和生活打成一片.md,大众哲学 艾思奇,1769_大众哲学_艾思奇.md,18.85,艾思奇与大众哲学
艾思奇 和生活打成一片,1631_艾思奇_和生活打成一片.md,哲学大众化 艾思奇,1746_哲学大众化_艾思奇.md,18.57,艾思奇与大众哲学
艾思奇 和生活打成一片,1631_艾思奇_和生活打成一片.md,新启蒙运动 艾思奇,1759_新启蒙运动_艾思奇.md,18.57,艾思奇与大众哲学
艾思奇 和生活打成一片,1631_艾思奇_和生活打成一片.md,艾思奇 大众哲学 贡献,0359_艾思奇_大众哲学_贡献.md,18.33,艾思奇与大众哲学
大众哲学 日常生活,1632_大众哲学_日常生活.md,大众哲学,1849_大众哲学.md,30.71,艾思奇与大众哲学
大众哲学 日常生活,1632_大众哲学_日常生活.md,大众哲学 新哲学,1773_大众哲学_新哲学.md,28.33,艾思奇与大众哲学
大众哲学 日常生活,1632_大众哲学_日常生活.md,哲学讲话 日常生活 哲学观点,0397_哲学讲话_日常生活_哲学观点.md,27.69,艾思奇与大众哲学
大众哲学 日常生活,1632_大众哲学_日常生活.md,大众哲学 艾思奇,1769_大众哲学_艾思奇.md,27.5,艾思奇与大众哲学
大众哲学 日常生活,1632_大众哲学_日常生活.md,现象 本质 大众哲学,0399_现象_本质_大众哲学.md,26.82,艾思奇与大众哲学
大众哲学 主要矛盾,1633_大众哲学_主要矛盾.md,主要矛盾 大众哲学 矛盾理论,1808_主要矛盾_大众哲学_矛盾理论.md,53.64,艾思奇与大众哲学
大众哲学 主要矛盾,1633_大众哲学_主要矛盾.md,大众哲学,1849_大众哲学.md,30.71,艾思奇与大众哲学
大众哲学 主要矛盾,1633_大众哲学_主要矛盾.md,大众哲学 新哲学,1773_大众哲学_新哲学.md,28.33,艾思奇与大众哲学
大众哲学 主要矛盾,1633_大众哲学_主要矛盾.md,大众哲学 艾思奇,1769_大众哲学_艾思奇.md,27.5,艾思奇与大众哲学
大众哲学 主要矛盾,1633_大众哲学_主要矛盾.md,现象 本质 大众哲学,0399_现象_本质_大众哲学.md,26.82,艾思奇与大众哲学
胡绳 哲学大众化,1634_胡绳_哲学大众化.md,哲学大众化 新哲学,1706_哲学大众化_新哲学.md,37.5,新哲学大众化运动
胡绳 哲学大众化,1634_胡绳_哲学大众化.md,哲学大众化 艾思奇,1746_哲学大众化_艾思奇.md,36.11,新哲学大众化运动
胡绳 哲学大众化,1634_胡绳_哲学大众化.md,哲学大众化 问题 提出,1300_哲学大众化_问题_提出.md,35.0,新哲学大众化运动
胡绳 哲学大众化,1634_胡绳_哲学大众化.md,哲学大众化 新哲学运动,1630_哲学大众化_新哲学运动.md,35.0,新哲学大众化运动
胡绳 哲学大众化,1634_胡绳_哲学大众化.md,艾思奇 大众哲学 哲学大众化,0371_艾思奇_大众哲学_哲学大众化.md,34.09,新哲学大众化运动
延安知识分子 哲学大众化,1635_延安知识分子_哲学大众化.md,胡绳 哲学大众化,1634_胡绳_哲学大众化.md,33.33,新哲学大众化运动
延安知识分子 哲学大众化,1635_延安知识分子_哲学大众化.md,哲学大众化 新哲学,1706_哲学大众化_新哲学.md,33.33,新哲学大众化运动
延安知识分子 哲学大众化,1635_延安知识分子_哲学大众化.md,哲学大众化 艾思奇,1746_哲学大众化_艾思奇.md,32.69,新哲学大众化运动
延安知识分子 哲学大众化,1635_延安知识分子_哲学大众化.md,哲学大众化 问题 提出,1300_哲学大众化_问题_提出.md,32.14,新哲学大众化运动
延安知识分子 哲学大众化,1635_延安知识分子_哲学大众化.md,哲学大众化 新哲学运动,1630_哲学大众化_新哲学运动.md,32.14,新哲学大众化运动
马克思主义哲学教科书 编写 演化,1636_马克思主义哲学教科书_编写_演化.md,全国通用 马克思主义哲学教科书 编写,0932_全国通用_马克思主义哲学教科书_编写.md,66.18,马克思主义哲学教科书体系
马克思主义哲学教科书 编写 演化,1636_马克思主义哲学教科书_编写_演化.md,马克思主义哲学教科书 中国马克思主义哲学 教科书编写,1785_马克思主义哲学教科书_中国马克思主义哲学_教科书编写.md,57.19,马克思主义哲学教科书体系
马克思主义哲学教科书 编写 演化,1636_马克思主义哲学教科书_编写_演化.md,教科书编写 创新 马克思主义哲学,0935_教科书编写_创新_马克思主义哲学.md,15.62,马克思主义哲学教科书体系
马克思主义哲学教科书 编写 演化,1636_马克思主义哲学教科书_编写_演化.md,马克思主义哲学 教科书 启示,1815_马克思主义哲学_教科书_启示.md,15.0,马克思主义哲学教科书体系
马克思主义哲学教科书 编写 演化,1636_马克思主义哲学教科书_编写_演化.md,马克思主义哲学 教科书 中国化,0928_马克思主义哲学_教科书_中国化.md,14.06,马克思主义哲学教科书体系
辩证唯物主义 历史唯物主义 教科书体系,1637_辩证唯物主义_历史唯物主义_教科书体系.md,辩证唯物主义 历史唯物主义 教科书,0933_辩证唯物主义_历史唯物主义_教科书.md,81.15,马克思主义哲学教科书体系
辩证唯物主义 历史唯物主义 教科书体系,1637_辩证唯物主义_历史唯物主义_教科书体系.md,辩证唯物主义 历史唯物主义 斯大林,0787_辩证唯物主义_历史唯物主义_斯大林.md,72.5,马克思主义哲学教科书体系
辩证唯物主义 历史唯物主义 教科书体系,1637_辩证唯物主义_历史唯物主义_教科书体系.md,斯大林 辩证唯物主义 历史唯物主义,0899_斯大林_辩证唯物主义_历史唯物主义.md,72.5,马克思主义哲学教科书体系
辩证唯物主义 历史唯物主义 教科书体系,1637_辩证唯物主义_历史唯物主义_教科书体系.md,历史唯物主义 辩证唯物主义,1707_历史唯物主义_辩证唯物主义.md,72.5,马克思主义哲学教科书体系
辩证唯物主义 历史唯物主义 教科书体系,1637_辩证唯物主义_历史唯物主义_教科书体系.md,历史唯物主义 辩证唯物主义 列宁,1800_历史唯物主义_辩证唯物主义_列宁.md,70.94,马克思主义哲学教科书体系
高清海 教科书体系 解构,1638_高清海_教科书体系_解构.md,辩证唯物主义 历史唯物主义 教科书体系,1637_辩证唯物主义_历史唯物主义_教科书体系.md,30.56,马克思主义哲学教科书体系
高清海 教科书体系 解构,1638_高清海_教科书体系_解构.md,教科书体系 马克思主义哲学 中国传播,0098_教科书体系_马克思主义哲学_中国传播.md,30.0,马克思主义哲学教科书体系
冯契 认识世界 认识自己,1639_冯契_认识世界_认识自己.md,广义认识论 智慧说 冯契,1239_广义认识论_智慧说_冯契.md,13.33,实践观点与认识论
冯契 认识世界 认识自己,1639_冯契_认识世界_认识自己.md,中国近代哲学 冯契,1835_中国近代哲学_冯契.md,11.79,实践观点与认识论
冯契 认识世界 认识自己,1639_冯契_认识世界_认识自己.md,人性问题 冯契 智慧说,1242_人性问题_冯契_智慧说.md,11.67,实践观点与认识论
冯契 认识世界 认识自己,1639_冯契_认识世界_认识自己.md,自由人格 平民化 冯契,1243_自由人格_平民化_冯契.md,11.67,实践观点与认识论
冯契 认识世界 认识自己,1639_冯契_认识世界_认识自己.md,知识论化倾向 反思 冯契,1240_知识论化倾向_反思_冯契.md,11.56,实践观点与认识论
冯友兰 新理学 批判,1640_冯友兰_新理学_批判.md,冯友兰 新理学,1605_冯友兰_新理学.md,47.86,新理学批判
冯友兰 新理学 批判,1640_冯友兰_新理学_批判.md,冯友兰 新理学 马克思主义哲学,0763_冯友兰_新理学_马克思主义哲学.md,38.93,新理学批判
冯友兰 新理学 批判,1640_冯友兰_新理学_批判.md,新理学 批判 胡绳,0477_新理学_批判_胡绳.md,26.11,新理学批判
冯友兰 新理学 批判,1640_冯友兰_新理学_批判.md,新理学,1908_新理学.md,22.14,新理学批判
冯友兰 新理学 批判,1640_冯友兰_新理学_批判.md,冯友兰 新世训 批评,0476_冯友兰_新世训_批评.md,21.82,新理学批判
张申府 罗素 辩证法,1641_张申府_罗素_辩证法.md,进攻 防御 辩证法,1325_进攻_防御_辩证法.md,19.55,辩证唯物主义体系
张申府 罗素 辩证法,1641_张申府_罗素_辩证法.md,持久 速决 辩证法,1326_持久_速决_辩证法.md,19.55,辩证唯物主义体系
张申府 罗素 辩证法,1641_张申府_罗素_辩证法.md,内线 外线 辩证法,1327_内线_外线_辩证法.md,19.55,辩证唯物主义体系
张申府 罗素 辩证法,1641_张申府_罗素_辩证法.md,主动 被动 辩证法,1328_主动_被动_辩证法.md,19.55,辩证唯物主义体系
张申府 罗素 辩证法,1641_张申府_罗素_辩证法.md,辩证法 中国 进展,1401_辩证法_中国_进展.md,19.55,辩证唯物主义体系
科学革命 范式 库恩,1642_科学革命_范式_库恩.md,常规科学 科学革命,1643_常规科学_科学革命.md,27.5,自然科学哲学与科学方法
常规科学 科学革命,1643_常规科学_科学革命.md,科学革命 范式 库恩,1642_科学革命_范式_库恩.md,27.5,自然科学哲学与科学方法
新教伦理 资本主义精神,1644_新教伦理_资本主义精神.md,新教伦理,1870_新教伦理.md,28.33,政治经济学与资本主义批判
新教伦理 资本主义精神,1644_新教伦理_资本主义精神.md,新教伦理与资本主义精神,2014_新教伦理与资本主义精神.md,18.18,政治经济学与资本主义批判
新教伦理 资本主义精神,1644_新教伦理_资本主义精神.md,伦理 资本主义,1723_伦理_资本主义.md,13.89,政治经济学与资本主义批判
新教伦理 资本主义精神,1644_新教伦理_资本主义精神.md,劳动 资本主义,1710_劳动_资本主义.md,6.82,政治经济学与资本主义批判
新教伦理 资本主义精神,1644_新教伦理_资本主义精神.md,俄国 资本主义,1713_俄国_资本主义.md,6.82,政治经济学与资本主义批判
韦伯 理性化 资本主义,1645_韦伯_理性化_资本主义.md,劳动 资本主义,1710_劳动_资本主义.md,27.5,政治经济学与资本主义批判
韦伯 理性化 资本主义,1645_韦伯_理性化_资本主义.md,俄国 资本主义,1713_俄国_资本主义.md,27.5,政治经济学与资本主义批判
韦伯 理性化 资本主义,1645_韦伯_理性化_资本主义.md,宗教 资本主义,1716_宗教_资本主义.md,27.5,政治经济学与资本主义批判
韦伯 理性化 资本主义,1645_韦伯_理性化_资本主义.md,伦理 资本主义,1723_伦理_资本主义.md,27.5,政治经济学与资本主义批判
韦伯 理性化 资本主义,1645_韦伯_理性化_资本主义.md,生产 资本主义,1732_生产_资本主义.md,27.5,政治经济学与资本主义批判
自由知识分子 社会民主主义,1646_自由知识分子_社会民主主义.md,民主主义 知识分子 思潮,1825_民主主义_知识分子_思潮.md,10.71,思想论战与文化批判
自由知识分子 社会民主主义,1646_自由知识分子_社会民主主义.md,知识分子 社会主义 观察,1826_知识分子_社会主义_观察.md,10.71,思想论战与文化批判
自由知识分子 社会民主主义,1646_自由知识分子_社会民主主义.md,新民主主义 社会主义 关系,0527_新民主主义_社会主义_关系.md,6.25,思想论战与文化批判
自由知识分子 社会民主主义,1646_自由知识分子_社会民主主义.md,新民主主义社会 社会主义社会 过渡,0606_新民主主义社会_社会主义社会_过渡.md,5.88,思想论战与文化批判
自由知识分子 社会民主主义,1646_自由知识分子_社会民主主义.md,新民主主义论,1916_新民主主义论.md,5.77,思想论战与文化批判
观察周刊 社会主义,1647_观察周刊_社会主义.md,俄国 社会主义,1758_俄国_社会主义.md,28.33,思想论战与文化批判
观察周刊 社会主义,1647_观察周刊_社会主义.md,德国 社会主义,1772_德国_社会主义.md,28.33,思想论战与文化批判
观察周刊 社会主义,1647_观察周刊_社会主义.md,法国 社会主义,1817_法国_社会主义.md,28.33,思想论战与文化批判
观察周刊 社会主义,1647_观察周刊_社会主义.md,知识分子 社会主义 观察,1826_知识分子_社会主义_观察.md,28.33,思想论战与文化批判
观察周刊 社会主义,1647_观察周刊_社会主义.md,社会主义 列宁,1840_社会主义_列宁.md,28.33,思想论战与文化批判
三民主义 中国之命运 思想批判,1648_三民主义_中国之命运_思想批判.md,中国之命运,1983_中国之命运.md,33.33,新民主主义革命理论与马克思主义中国化
三民主义 中国之命运 思想批判,1648_三民主义_中国之命运_思想批判.md,中国之命运 唯心论 愚民哲学,1601_中国之命运_唯心论_愚民哲学.md,30.26,新民主主义革命理论与马克思主义中国化
三民主义 中国之命运 思想批判,1648_三民主义_中国之命运_思想批判.md,三民主义 民主运动 思想基础,1383_三民主义_民主运动_思想基础.md,25.56,新民主主义革命理论与马克思主义中国化
三民主义 中国之命运 思想批判,1648_三民主义_中国之命运_思想批判.md,戴季陶主义 中国共产党 批判,1137_戴季陶主义_中国共产党_批判.md,5.26,新民主主义革命理论与马克思主义中国化
新民主主义 话语权,1649_新民主主义_话语权.md,新民主主义 构想 实践,0525_新民主主义_构想_实践.md,34.09,新民主主义革命理论与马克思主义中国化
新民主主义 话语权,1649_新民主主义_话语权.md,新民主主义 社会主义 关系,0527_新民主主义_社会主义_关系.md,33.33,新民主主义革命理论与马克思主义中国化
新民主主义 话语权,1649_新民主主义_话语权.md,新民主主义 经济 政治 文化,0559_新民主主义_经济_政治_文化.md,32.69,新民主主义革命理论与马克思主义中国化
新民主主义 话语权,1649_新民主主义_话语权.md,新民主主义 革命 理论 哲学,0596_新民主主义_革命_理论_哲学.md,32.69,新民主主义革命理论与马克思主义中国化
新民主主义 话语权,1649_新民主主义_话语权.md,新民主主义 基本纲领 最高纲领,0560_新民主主义_基本纲领_最高纲领.md,32.14,新民主主义革命理论与马克思主义中国化
苏联一五计划 中国知识界,1650_苏联一五计划_中国知识界.md,中国知识界 苏联 计划,1831_中国知识界_苏联_计划.md,37.5,苏联哲学对中国马克思主义哲学的影响
苏联一五计划 中国知识界,1650_苏联一五计划_中国知识界.md,俄国革命 中国知识界 马克思主义,0859_俄国革命_中国知识界_马克思主义.md,30.26,苏联哲学对中国马克思主义哲学的影响
苏联一五计划 中国知识界,1650_苏联一五计划_中国知识界.md,马克思主义中国化 中国知识界 论争,1796_马克思主义中国化_中国知识界_论争.md,30.26,苏联哲学对中国马克思主义哲学的影响
列宁主义 早期传播,1651_列宁主义_早期传播.md,马克思主义 俄国传播 列宁主义,0853_马克思主义_俄国传播_列宁主义.md,27.14,列宁哲学与社会主义实践
列宁主义 早期传播,1651_列宁主义_早期传播.md,列宁主义 形式 传入中国,0847_列宁主义_形式_传入中国.md,25.77,列宁哲学与社会主义实践
列宁主义 早期传播,1651_列宁主义_早期传播.md,列宁主义 新青年 瞿秋白,1652_列宁主义_新青年_瞿秋白.md,25.77,列宁哲学与社会主义实践
列宁主义 早期传播,1651_列宁主义_早期传播.md,马克思主义中国化 列宁主义,1810_马克思主义中国化_列宁主义.md,25.36,列宁哲学与社会主义实践
列宁主义 早期传播,1651_列宁主义_早期传播.md,列宁主义 一国胜利理论 争论,0898_列宁主义_一国胜利理论_争论.md,25.0,列宁哲学与社会主义实践
列宁主义 新青年 瞿秋白,1652_列宁主义_新青年_瞿秋白.md,列宁主义 早期传播,1651_列宁主义_早期传播.md,25.77,列宁哲学与社会主义实践
列宁主义 新青年 瞿秋白,1652_列宁主义_新青年_瞿秋白.md,列宁主义 形式 传入中国,0847_列宁主义_形式_传入中国.md,25.0,列宁哲学与社会主义实践
列宁主义 新青年 瞿秋白,1652_列宁主义_新青年_瞿秋白.md,马克思主义中国化 列宁主义,1810_马克思主义中国化_列宁主义.md,24.69,列宁哲学与社会主义实践
列宁主义 新青年 瞿秋白,1652_列宁主义_新青年_瞿秋白.md,马克思主义 俄国传播 列宁主义,0853_马克思主义_俄国传播_列宁主义.md,24.41,列宁哲学与社会主义实践
列宁主义 新青年 瞿秋白,1652_列宁主义_新青年_瞿秋白.md,列宁主义 一国胜利理论 争论,0898_列宁主义_一国胜利理论_争论.md,24.41,列宁哲学与社会主义实践
唯物主义和经验批判主义 马赫主义,1653_唯物主义和经验批判主义_马赫主义.md,唯物主义和经验批判主义,1861_唯物主义和经验批判主义.md,58.75,列宁哲学与社会主义实践
唯物主义和经验批判主义 马赫主义,1653_唯物主义和经验批判主义_马赫主义.md,马赫主义 斗争 经验批判论,1590_马赫主义_斗争_经验批判论.md,29.38,列宁哲学与社会主义实践
唯物主义和经验批判主义 马赫主义,1653_唯物主义和经验批判主义_马赫主义.md,经验 马赫主义,1762_经验_马赫主义.md,27.69,列宁哲学与社会主义实践
唯物主义和经验批判主义 马赫主义,1653_唯物主义和经验批判主义_马赫主义.md,唯心主义 马赫主义,1728_唯心主义_马赫主义.md,27.14,列宁哲学与社会主义实践
唯物主义和经验批判主义 马赫主义,1653_唯物主义和经验批判主义_马赫主义.md,马赫主义 批判 反映论,1538_马赫主义_批判_反映论.md,26.25,列宁哲学与社会主义实践
国家与革命 无产阶级专政,1654_国家与革命_无产阶级专政.md,国家 革命 无产阶级专政,1090_国家_革命_无产阶级专政.md,48.18,阶级斗争与社会革命理论
国家与革命 无产阶级专政,1654_国家与革命_无产阶级专政.md,列宁 国家 革命 无产阶级专政,0839_列宁_国家_革命_无产阶级专政.md,45.38,阶级斗争与社会革命理论
国家与革命 无产阶级专政,1654_国家与革命_无产阶级专政.md,哲学领域 无产阶级专政 苏联,0770_哲学领域_无产阶级专政_苏联.md,37.81,阶级斗争与社会革命理论
国家与革命 无产阶级专政,1654_国家与革命_无产阶级专政.md,列宁 无产阶级专政 学说 发展,0871_列宁_无产阶级专政_学说_发展.md,37.81,阶级斗争与社会革命理论
国家与革命 无产阶级专政,1654_国家与革命_无产阶级专政.md,无产阶级专政 历史经验 认识,0985_无产阶级专政_历史经验_认识.md,37.81,阶级斗争与社会革命理论
帝国主义 资本主义最高阶段,1655_帝国主义_资本主义最高阶段.md,帝国主义 资本主义,1730_帝国主义_资本主义.md,35.0,民族国家与国际关系
帝国主义 资本主义最高阶段,1655_帝国主义_资本主义最高阶段.md,帝国主义 资本主义发展不平衡 一国胜利,0870_帝国主义_资本主义发展不平衡_一国胜利.md,27.89,民族国家与国际关系
帝国主义 资本主义最高阶段,1655_帝国主义_资本主义最高阶段.md,帝国主义 战争,1720_帝国主义_战争.md,26.25,民族国家与国际关系
帝国主义 资本主义最高阶段,1655_帝国主义_资本主义最高阶段.md,帝国主义 德国,1760_帝国主义_德国.md,26.25,民族国家与国际关系
帝国主义 资本主义最高阶段,1655_帝国主义_资本主义最高阶段.md,罗莎卢森堡 资本积累 帝国主义,1098_罗莎卢森堡_资本积累_帝国主义.md,25.56,民族国家与国际关系
列宁 新经济政策,1656_列宁_新经济政策.md,列宁 新经济政策 哲学,0841_列宁_新经济政策_哲学.md,53.75,列宁哲学与社会主义实践
列宁 新经济政策,1656_列宁_新经济政策.md,新经济政策 生产力 生产关系,0882_新经济政策_生产力_生产关系.md,33.33,列宁哲学与社会主义实践
列宁 新经济政策,1656_列宁_新经济政策.md,新经济政策 商品经济 社会主义,0883_新经济政策_商品经济_社会主义.md,32.69,列宁哲学与社会主义实践
列宁 新经济政策,1656_列宁_新经济政策.md,新经济政策 两种制度 对立斗争,0884_新经济政策_两种制度_对立斗争.md,32.14,列宁哲学与社会主义实践
列宁 新经济政策,1656_列宁_新经济政策.md,民族自决权 民族政策 列宁,0881_民族自决权_民族政策_列宁.md,13.85,列宁哲学与社会主义实践
列宁 无产阶级政党,1657_列宁_无产阶级政党.md,无产阶级 列宁,1839_无产阶级_列宁.md,22.5,列宁哲学与社会主义实践
列宁 无产阶级政党,1657_列宁_无产阶级政党.md,列宁 无产阶级专政 学说 发展,0871_列宁_无产阶级专政_学说_发展.md,19.62,列宁哲学与社会主义实践
列宁 无产阶级政党,1657_列宁_无产阶级政党.md,列宁 国家 革命 无产阶级专政,0839_列宁_国家_革命_无产阶级专政.md,17.14,列宁哲学与社会主义实践
列宁 无产阶级政党,1657_列宁_无产阶级政党.md,列宁 批判考茨基 无产阶级专政,0874_列宁_批判考茨基_无产阶级专政.md,16.67,列宁哲学与社会主义实践
列宁 无产阶级政党,1657_列宁_无产阶级政党.md,列宁 过渡时期 阶级关系,0873_列宁_过渡时期_阶级关系.md,13.57,列宁哲学与社会主义实践
列宁 民族殖民地问题,1658_列宁_民族殖民地问题.md,列宁 民族殖民地 理论,0840_列宁_民族殖民地_理论.md,25.0,列宁哲学与社会主义实践
列宁 民族殖民地问题,1658_列宁_民族殖民地问题.md,民族自决权 民族政策 列宁,0881_民族自决权_民族政策_列宁.md,13.33,列宁哲学与社会主义实践
列宁 民族殖民地问题,1658_列宁_民族殖民地问题.md,列宁 东方民族革命理论 中国影响,0846_列宁_东方民族革命理论_中国影响.md,12.63,列宁哲学与社会主义实践
列宁 民族殖民地问题,1658_列宁_民族殖民地问题.md,马克思 列宁,1843_马克思_列宁.md,12.27,列宁哲学与社会主义实践
列宁 民族殖民地问题,1658_列宁_民族殖民地问题.md,列宁 唯物主义,1753_列宁_唯物主义.md,12.08,列宁哲学与社会主义实践
黑格尔法哲学批判 导言,1659_黑格尔法哲学批判_导言.md,黑格尔法哲学批判,1989_黑格尔法哲学批判.md,59.44,马克思恩格斯经典文本与哲学关系
黑格尔法哲学批判 导言,1659_黑格尔法哲学批判_导言.md,导言,1960_导言.md,12.78,马克思恩格斯经典文本与哲学关系
黑格尔法哲学批判 导言,1659_黑格尔法哲学批判_导言.md,哲学 批判 政治 宗教,1087_哲学_批判_政治_宗教.md,5.77,马克思恩格斯经典文本与哲学关系
黑格尔法哲学批判 导言,1659_黑格尔法哲学批判_导言.md,江青 斗斗斗哲学 批判,1374_江青_斗斗斗哲学_批判.md,5.77,马克思恩格斯经典文本与哲学关系
黑格尔法哲学批判 导言,1659_黑格尔法哲学批判_导言.md,列宁 左倾错误 哲学批判,0875_列宁_左倾错误_哲学批判.md,5.0,马克思恩格斯经典文本与哲学关系
1844年经济学哲学手稿 异化劳动,1660_1844年经济学哲学手稿_异化劳动.md,1844年经济学哲学手稿,1952_1844年经济学哲学手稿.md,58.33,苏联哲学与共产国际
德意志意识形态 唯物史观,1661_德意志意识形态_唯物史观.md,德意志意识形态,1878_德意志意识形态.md,50.0,马克思恩格斯经典文本与哲学关系
德意志意识形态 唯物史观,1661_德意志意识形态_唯物史观.md,自由意志论 批判 唯物史观,0036_自由意志论_批判_唯物史观.md,26.25,马克思恩格斯经典文本与哲学关系
德意志意识形态 唯物史观,1661_德意志意识形态_唯物史观.md,唯物史观 谈政治,0032_唯物史观_谈政治.md,25.77,马克思恩格斯经典文本与哲学关系
德意志意识形态 唯物史观,1661_德意志意识形态_唯物史观.md,唯物史观 李大钊,1775_唯物史观_李大钊.md,25.77,马克思恩格斯经典文本与哲学关系
德意志意识形态 唯物史观,1661_德意志意识形态_唯物史观.md,唯物史观 传播热潮,0064_唯物史观_传播热潮.md,25.36,马克思恩格斯经典文本与哲学关系
共产党宣言 阶级斗争,1662_共产党宣言_阶级斗争.md,共产党宣言 阶级斗争 历史,0029_共产党宣言_阶级斗争_历史.md,65.0,马克思恩格斯经典文本与哲学关系
共产党宣言 阶级斗争,1662_共产党宣言_阶级斗争.md,共产党宣言,1848_共产党宣言.md,37.5,马克思恩格斯经典文本与哲学关系
共产党宣言 阶级斗争,1662_共产党宣言_阶级斗争.md,共产党宣言 马克思,1845_共产党宣言_马克思.md,34.09,马克思恩格斯经典文本与哲学关系
共产党宣言 阶级斗争,1662_共产党宣言_阶级斗争.md,民报 马克思 共产党宣言,1190_民报_马克思_共产党宣言.md,32.69,马克思恩格斯经典文本与哲学关系
共产党宣言 阶级斗争,1662_共产党宣言_阶级斗争.md,阶级斗争 方法 马克思,0017_阶级斗争_方法_马克思.md,25.77,马克思恩格斯经典文本与哲学关系
法兰西内战 巴黎公社,1664_法兰西内战_巴黎公社.md,法兰西内战,1887_法兰西内战.md,37.5,马克思恩格斯经典文本与哲学关系
反杜林论 辩证法,1666_反杜林论_辩证法.md,反杜林论,1853_反杜林论.md,32.5,马克思恩格斯经典文本与哲学关系
反杜林论 辩证法,1666_反杜林论_辩证法.md,唯物论 辩证法 世界观,1463_唯物论_辩证法_世界观.md,21.82,马克思恩格斯经典文本与哲学关系
反杜林论 辩证法,1666_反杜林论_辩证法.md,自然辩证法 资本论 辩证法,1587_自然辩证法_资本论_辩证法.md,21.82,马克思恩格斯经典文本与哲学关系
反杜林论 辩证法,1666_反杜林论_辩证法.md,进攻 防御 辩证法,1325_进攻_防御_辩证法.md,20.0,马克思恩格斯经典文本与哲学关系
反杜林论 辩证法,1666_反杜林论_辩证法.md,持久 速决 辩证法,1326_持久_速决_辩证法.md,20.0,马克思恩格斯经典文本与哲学关系
自然辩证法 自然科学,1667_自然辩证法_自然科学.md,自然辩证法,1867_自然辩证法.md,39.29,马克思恩格斯经典文本与哲学关系
自然辩证法 自然科学,1667_自然辩证法_自然科学.md,自然辩证法 资本论 辩证法,1587_自然辩证法_资本论_辩证法.md,34.09,马克思恩格斯经典文本与哲学关系
自然辩证法 自然科学,1667_自然辩证法_自然科学.md,德国 自然科学,1786_德国_自然科学.md,28.33,马克思恩格斯经典文本与哲学关系
自然辩证法 自然科学,1667_自然辩证法_自然科学.md,机械论者 辩证论者 自然科学,1275_机械论者_辩证论者_自然科学.md,27.69,马克思恩格斯经典文本与哲学关系
自然辩证法 自然科学,1667_自然辩证法_自然科学.md,自然科学 黑格尔,1779_自然科学_黑格尔.md,27.5,马克思恩格斯经典文本与哲学关系
资本论 商品拜物教,1668_资本论_商品拜物教.md,资本论,1832_资本论.md,22.14,政治经济学与资本主义批判
资本论 商品拜物教,1668_资本论_商品拜物教.md,资本论 劳动力商品,1669_资本论_劳动力商品.md,21.82,政治经济学与资本主义批判
资本论 商品拜物教,1668_资本论_商品拜物教.md,资本论 地租,1675_资本论_地租.md,20.56,政治经济学与资本主义批判
资本论 商品拜物教,1668_资本论_商品拜物教.md,资本论 劳动日,1672_资本论_劳动日.md,20.0,政治经济学与资本主义批判
资本论 商品拜物教,1668_资本论_商品拜物教.md,资本论 资本积累,1673_资本论_资本积累.md,20.0,政治经济学与资本主义批判
资本论 劳动力商品,1669_资本论_劳动力商品.md,资本论 劳动日,1672_资本论_劳动日.md,27.5,政治经济学与资本主义批判
资本论 劳动力商品,1669_资本论_劳动力商品.md,资本论,1832_资本论.md,22.14,政治经济学与资本主义批判
资本论 劳动力商品,1669_资本论_劳动力商品.md,资本论 商品拜物教,1668_资本论_商品拜物教.md,21.82,政治经济学与资本主义批判
资本论 劳动力商品,1669_资本论_劳动力商品.md,资本论 地租,1675_资本论_地租.md,20.56,政治经济学与资本主义批判
资本论 劳动力商品,1669_资本论_劳动力商品.md,资本论 资本积累,1673_资本论_资本积累.md,20.0,政治经济学与资本主义批判
资本论 剩余价值,1670_资本论_剩余价值.md,剩余价值 劳动,1625_剩余价值_劳动.md,29.38,政治经济学与资本主义批判
资本论 剩余价值,1670_资本论_剩余价值.md,剩余价值 生产,1671_剩余价值_生产.md,29.38,政治经济学与资本主义批判
资本论 剩余价值,1670_资本论_剩余价值.md,剩余价值 商品,1702_剩余价值_商品.md,29.38,政治经济学与资本主义批判
资本论 剩余价值,1670_资本论_剩余价值.md,劳动 剩余价值 生产,0018_劳动_剩余价值_生产.md,27.5,政治经济学与资本主义批判
资本论 剩余价值,1670_资本论_剩余价值.md,剩余价值 资本主义生产关系 本质,0030_剩余价值_资本主义生产关系_本质.md,26.67,政治经济学与资本主义批判
剩余价值 生产,1671_剩余价值_生产.md,劳动 剩余价值 生产,0018_劳动_剩余价值_生产.md,47.86,政治经济学与资本主义批判
剩余价值 生产,1671_剩余价值_生产.md,剩余价值 劳动,1625_剩余价值_劳动.md,30.71,政治经济学与资本主义批判
剩余价值 生产,1671_剩余价值_生产.md,剩余价值 商品,1702_剩余价值_商品.md,30.71,政治经济学与资本主义批判
剩余价值 生产,1671_剩余价值_生产.md,资本论 剩余价值,1670_资本论_剩余价值.md,29.38,政治经济学与资本主义批判
剩余价值 生产,1671_剩余价值_生产.md,剩余价值 资本主义生产关系 本质,0030_剩余价值_资本主义生产关系_本质.md,27.14,政治经济学与资本主义批判
资本论 劳动日,1672_资本论_劳动日.md,资本论 劳动力商品,1669_资本论_劳动力商品.md,27.5,政治经济学与资本主义批判
资本论 劳动日,1672_资本论_劳动日.md,资本论,1832_资本论.md,25.0,政治经济学与资本主义批判
资本论 劳动日,1672_资本论_劳动日.md,资本论 地租,1675_资本论_地租.md,22.14,政治经济学与资本主义批判
资本论 劳动日,1672_资本论_劳动日.md,资本论 资本积累,1673_资本论_资本积累.md,21.25,政治经济学与资本主义批判
资本论 劳动日,1672_资本论_劳动日.md,资本论 利润率,1674_资本论_利润率.md,21.25,政治经济学与资本主义批判
资本论 资本积累,1673_资本论_资本积累.md,罗莎卢森堡 资本积累 帝国主义,1098_罗莎卢森堡_资本积累_帝国主义.md,25.36,政治经济学与资本主义批判
资本论 资本积累,1673_资本论_资本积累.md,资本论,1832_资本论.md,25.0,政治经济学与资本主义批判
资本论 资本积累,1673_资本论_资本积累.md,资本论 地租,1675_资本论_地租.md,22.14,政治经济学与资本主义批判
资本论 资本积累,1673_资本论_资本积累.md,资本论 劳动日,1672_资本论_劳动日.md,21.25,政治经济学与资本主义批判
资本论 资本积累,1673_资本论_资本积累.md,资本论 利润率,1674_资本论_利润率.md,21.25,政治经济学与资本主义批判
资本论 利润率,1674_资本论_利润率.md,资本论,1832_资本论.md,25.0,政治经济学与资本主义批判
资本论 利润率,1674_资本论_利润率.md,资本论 地租,1675_资本论_地租.md,22.14,政治经济学与资本主义批判
资本论 利润率,1674_资本论_利润率.md,资本论 劳动日,1672_资本论_劳动日.md,21.25,政治经济学与资本主义批判
资本论 利润率,1674_资本论_利润率.md,资本论 资本积累,1673_资本论_资本积累.md,21.25,政治经济学与资本主义批判
资本论 利润率,1674_资本论_利润率.md,资本论 剩余价值,1670_资本论_剩余价值.md,20.56,政治经济学与资本主义批判
资本论 地租,1675_资本论_地租.md,资本论,1832_资本论.md,27.5,政治经济学与资本主义批判
资本论 地租,1675_资本论_地租.md,资本论 劳动日,1672_资本论_劳动日.md,22.14,政治经济学与资本主义批判
资本论 地租,1675_资本论_地租.md,资本论 资本积累,1673_资本论_资本积累.md,22.14,政治经济学与资本主义批判
资本论 地租,1675_资本论_地租.md,资本论 利润率,1674_资本论_利润率.md,22.14,政治经济学与资本主义批判
资本论 地租,1675_资本论_地租.md,资本论 剩余价值,1670_资本论_剩余价值.md,21.25,政治经济学与资本主义批判
资本论 生产价格,1676_资本论_生产价格.md,资本论,1832_资本论.md,23.33,政治经济学与资本主义批判
资本论 生产价格,1676_资本论_生产价格.md,资本论 地租,1675_资本论_地租.md,21.25,政治经济学与资本主义批判
资本论 生产价格,1676_资本论_生产价格.md,资本论 社会总资本再生产,1677_资本论_社会总资本再生产.md,21.25,政治经济学与资本主义批判
资本论 生产价格,1676_资本论_生产价格.md,资本论 劳动日,1672_资本论_劳动日.md,20.56,政治经济学与资本主义批判
资本论 生产价格,1676_资本论_生产价格.md,资本论 资本积累,1673_资本论_资本积累.md,20.56,政治经济学与资本主义批判
资本论 社会总资本再生产,1677_资本论_社会总资本再生产.md,资本论 生产价格,1676_资本论_生产价格.md,21.25,政治经济学与资本主义批判
资本论 社会总资本再生产,1677_资本论_社会总资本再生产.md,资本论,1832_资本论.md,20.56,政治经济学与资本主义批判
资本论 社会总资本再生产,1677_资本论_社会总资本再生产.md,资本论 地租,1675_资本论_地租.md,19.55,政治经济学与资本主义批判
资本论 社会总资本再生产,1677_资本论_社会总资本再生产.md,资本论 劳动日,1672_资本论_劳动日.md,19.17,政治经济学与资本主义批判
资本论 社会总资本再生产,1677_资本论_社会总资本再生产.md,资本论 资本积累,1673_资本论_资本积累.md,19.17,政治经济学与资本主义批判
政治经济学批判 方法,1678_政治经济学批判_方法.md,政治经济学批判,1895_政治经济学批判.md,53.75,政治经济学与资本主义批判
政治经济学批判 方法,1678_政治经济学批判_方法.md,劳动 政治经济学,1709_劳动_政治经济学.md,10.0,政治经济学与资本主义批判
政治经济学批判 方法,1678_政治经济学批判_方法.md,政治经济学 生产,1725_政治经济学_生产.md,10.0,政治经济学与资本主义批判
政治经济学批判 方法,1678_政治经济学批判_方法.md,毛泽东 读 政治经济学教科书,0625_毛泽东_读_政治经济学教科书.md,6.67,政治经济学与资本主义批判
政治经济学批判 方法,1678_政治经济学批判_方法.md,苏联 政治经济学教科书 毛泽东,0913_苏联_政治经济学教科书_毛泽东.md,6.25,政治经济学与资本主义批判
生产力 生产关系 社会形态,1680_生产力_生产关系_社会形态.md,生产力 生产关系 社会主义改造,0652_生产力_生产关系_社会主义改造.md,48.46,历史唯物主义体系
生产力 生产关系 社会形态,1680_生产力_生产关系_社会形态.md,生产力 生产关系 讨论,0002_生产力_生产关系_讨论.md,46.36,历史唯物主义体系
生产力 生产关系 社会形态,1680_生产力_生产关系_社会形态.md,李达 生产力 生产关系,0316_李达_生产力_生产关系.md,46.36,历史唯物主义体系
生产力 生产关系 社会形态,1680_生产力_生产关系_社会形态.md,生产力 生产关系 斯大林,0906_生产力_生产关系_斯大林.md,45.42,历史唯物主义体系
生产力 生产关系 社会形态,1680_生产力_生产关系_社会形态.md,生产力 生产关系 历史规律,0016_生产力_生产关系_历史规律.md,44.62,历史唯物主义体系
经济基础 上层建筑 意识形态,1681_经济基础_上层建筑_意识形态.md,李达 经济基础 上层建筑,0315_李达_经济基础_上层建筑.md,53.46,历史唯物主义体系
经济基础 上层建筑 意识形态,1681_经济基础_上层建筑_意识形态.md,经济基础 上层建筑 相互作用,0019_经济基础_上层建筑_相互作用.md,51.67,历史唯物主义体系
经济基础 上层建筑 意识形态,1681_经济基础_上层建筑_意识形态.md,唯物史观 经济基础 上层建筑,0027_唯物史观_经济基础_上层建筑.md,51.67,历史唯物主义体系
经济基础 上层建筑 意识形态,1681_经济基础_上层建筑_意识形态.md,经济基础 上层建筑 过渡时期,0641_经济基础_上层建筑_过渡时期.md,51.67,历史唯物主义体系
经济基础 上层建筑 意识形态,1681_经济基础_上层建筑_意识形态.md,语言学问题 经济基础 上层建筑,0003_语言学问题_经济基础_上层建筑.md,50.94,历史唯物主义体系
辩证法 对立统一,1682_辩证法_对立统一.md,辩证法 形式论理学 对立统一,0409_辩证法_形式论理学_对立统一.md,45.42,辩证唯物主义体系
辩证法 对立统一,1682_辩证法_对立统一.md,进攻 防御 辩证法,1325_进攻_防御_辩证法.md,20.0,辩证唯物主义体系
辩证法 对立统一,1682_辩证法_对立统一.md,持久 速决 辩证法,1326_持久_速决_辩证法.md,20.0,辩证唯物主义体系
辩证法 对立统一,1682_辩证法_对立统一.md,内线 外线 辩证法,1327_内线_外线_辩证法.md,20.0,辩证唯物主义体系
辩证法 对立统一,1682_辩证法_对立统一.md,主动 被动 辩证法,1328_主动_被动_辩证法.md,20.0,辩证唯物主义体系
辩证法 量变质变,1683_辩证法_量变质变.md,进攻 防御 辩证法,1325_进攻_防御_辩证法.md,20.0,辩证唯物主义体系
辩证法 量变质变,1683_辩证法_量变质变.md,持久 速决 辩证法,1326_持久_速决_辩证法.md,20.0,辩证唯物主义体系
辩证法 量变质变,1683_辩证法_量变质变.md,内线 外线 辩证法,1327_内线_外线_辩证法.md,20.0,辩证唯物主义体系
辩证法 量变质变,1683_辩证法_量变质变.md,主动 被动 辩证法,1328_主动_被动_辩证法.md,20.0,辩证唯物主义体系
辩证法 量变质变,1683_辩证法_量变质变.md,辩证法 中国 进展,1401_辩证法_中国_进展.md,20.0,辩证唯物主义体系
辩证法 否定之否定,1684_辩证法_否定之否定.md,进攻 防御 辩证法,1325_进攻_防御_辩证法.md,20.0,辩证唯物主义体系
辩证法 否定之否定,1684_辩证法_否定之否定.md,持久 速决 辩证法,1326_持久_速决_辩证法.md,20.0,辩证唯物主义体系
辩证法 否定之否定,1684_辩证法_否定之否定.md,内线 外线 辩证法,1327_内线_外线_辩证法.md,20.0,辩证唯物主义体系
辩证法 否定之否定,1684_辩证法_否定之否定.md,主动 被动 辩证法,1328_主动_被动_辩证法.md,20.0,辩证唯物主义体系
辩证法 否定之否定,1684_辩证法_否定之否定.md,辩证法 中国 进展,1401_辩证法_中国_进展.md,20.0,辩证唯物主义体系
毛泽东 辩证法唯物论教程 批注,1685_毛泽东_辩证法唯物论教程_批注.md,辩证法唯物论教程,2002_辩证法唯物论教程.md,54.58,辩证唯物主义体系
毛泽东 辩证法唯物论教程 批注,1685_毛泽东_辩证法唯物论教程_批注.md,辩证法唯物论 讲授提纲 毛泽东,0537_辩证法唯物论_讲授提纲_毛泽东.md,25.29,辩证唯物主义体系
毛泽东 辩证法唯物论教程 批注,1685_毛泽东_辩证法唯物论教程_批注.md,唯物辩证法 矛盾统一法则 毛泽东,0542_唯物辩证法_矛盾统一法则_毛泽东.md,21.25,辩证唯物主义体系
毛泽东 辩证法唯物论教程 批注,1685_毛泽东_辩证法唯物论教程_批注.md,毛泽东 重视实际 唯物论,0579_毛泽东_重视实际_唯物论.md,20.88,辩证唯物主义体系
毛泽东 辩证法唯物论教程 批注,1685_毛泽东_辩证法唯物论教程_批注.md,战略战术 辩证法 毛泽东,0587_战略战术_辩证法_毛泽东.md,20.88,辩证唯物主义体系
毛泽东 实践论 认识论,1686_毛泽东_实践论_认识论.md,毛泽东 实践论 中国传统哲学,0570_毛泽东_实践论_中国传统哲学.md,38.93,实践观点与认识论
毛泽东 实践论 认识论,1686_毛泽东_实践论_认识论.md,反映论 真理论 实践论 毛泽东,0541_反映论_真理论_实践论_毛泽东.md,36.67,实践观点与认识论
毛泽东 实践论 认识论,1686_毛泽东_实践论_认识论.md,实践论 矛盾论 毛泽东哲学,0543_实践论_矛盾论_毛泽东哲学.md,22.14,实践观点与认识论
毛泽东 实践论 认识论,1686_毛泽东_实践论_认识论.md,实践论 马克思主义认识论,0591_实践论_马克思主义认识论.md,22.14,实践观点与认识论
毛泽东 实践论 认识论,1686_毛泽东_实践论_认识论.md,实践 认识论 本体论,1074_实践_认识论_本体论.md,21.25,实践观点与认识论
毛泽东 矛盾论 主要矛盾,1687_毛泽东_矛盾论_主要矛盾.md,矛盾论 辩证 毛泽东,0630_矛盾论_辩证_毛泽东.md,39.09,矛盾分析法与矛盾特殊性
毛泽东 矛盾论 主要矛盾,1687_毛泽东_矛盾论_主要矛盾.md,毛泽东 矛盾论 中国哲学传统,0571_毛泽东_矛盾论_中国哲学传统.md,38.93,矛盾分析法与矛盾特殊性
毛泽东 矛盾论 主要矛盾,1687_毛泽东_矛盾论_主要矛盾.md,大众哲学 主要矛盾,1633_大众哲学_主要矛盾.md,26.25,矛盾分析法与矛盾特殊性
毛泽东 矛盾论 主要矛盾,1687_毛泽东_矛盾论_主要矛盾.md,主要矛盾 大众哲学 矛盾理论,1808_主要矛盾_大众哲学_矛盾理论.md,25.0,矛盾分析法与矛盾特殊性
毛泽东 矛盾论 主要矛盾,1687_毛泽东_矛盾论_主要矛盾.md,近代中国 社会性质 主要矛盾 历史任务,1121_近代中国_社会性质_主要矛盾_历史任务.md,23.75,矛盾分析法与矛盾特殊性
抗日战争 中国共产党 哲学思想,1688_抗日战争_中国共产党_哲学思想.md,中国共产党 思想建设 初步探索,1141_中国共产党_思想建设_初步探索.md,31.58,毛泽东哲学与中国革命经验
抗日战争 中国共产党 哲学思想,1688_抗日战争_中国共产党_哲学思想.md,统一战线思想 运用 中国共产党,1168_统一战线思想_运用_中国共产党.md,31.58,毛泽东哲学与中国革命经验
抗日战争 中国共产党 哲学思想,1688_抗日战争_中国共产党_哲学思想.md,中国共产党 成立 意义,1129_中国共产党_成立_意义.md,31.25,毛泽东哲学与中国革命经验
抗日战争 中国共产党 哲学思想,1688_抗日战争_中国共产党_哲学思想.md,中国共产党 党史 研究,1482_中国共产党_党史_研究.md,31.25,毛泽东哲学与中国革命经验
抗日战争 中国共产党 哲学思想,1688_抗日战争_中国共产党_哲学思想.md,中国共产党 前进 成立,1829_中国共产党_前进_成立.md,31.25,毛泽东哲学与中国革命经验
国防哲学 文化动员,1689_国防哲学_文化动员.md,文化运动 哲学 科学 文艺,0478_文化运动_哲学_科学_文艺.md,5.77,马克思恩格斯经典文本与哲学关系
十年来新文化运动 检讨,1690_十年来新文化运动_检讨.md,五四新文化 新文化运动,1783_五四新文化_新文化运动.md,8.33,五四新文化与马克思主义早期传播
十年来新文化运动 检讨,1690_十年来新文化运动_检讨.md,新文化运动 价值观 变革,0133_新文化运动_价值观_变革.md,7.14,五四新文化与马克思主义早期传播
十年来新文化运动 检讨,1690_十年来新文化运动_检讨.md,文化运动 思想界 两年来,0948_文化运动_思想界_两年来.md,7.14,五四新文化与马克思主义早期传播
十年来新文化运动 检讨,1690_十年来新文化运动_检讨.md,新文化运动 五四运动 学术史,0118_新文化运动_五四运动_学术史.md,6.67,五四新文化与马克思主义早期传播
十年来新文化运动 检讨,1690_十年来新文化运动_检讨.md,新文化运动 不谈政治 到 谈政治,0137_新文化运动_不谈政治_到_谈政治.md,6.67,五四新文化与马克思主义早期传播
俄国 资产阶级,1691_俄国_资产阶级.md,法国 资产阶级,1703_法国_资产阶级.md,36.67,阶级斗争与社会革命理论
俄国 资产阶级,1691_俄国_资产阶级.md,英国 资产阶级,1718_英国_资产阶级.md,36.67,阶级斗争与社会革命理论
俄国 资产阶级,1691_俄国_资产阶级.md,德国 资产阶级,1719_德国_资产阶级.md,36.67,阶级斗争与社会革命理论
俄国 资产阶级,1691_俄国_资产阶级.md,无产阶级 资产阶级,1705_无产阶级_资产阶级.md,30.71,阶级斗争与社会革命理论
俄国 资产阶级,1691_俄国_资产阶级.md,斗争 资产阶级,1717_斗争_资产阶级.md,30.71,阶级斗争与社会革命理论
马克思主义早期传播 李汉俊,1692_马克思主义早期传播_李汉俊.md,马克思主义早期传播 李大钊 陈独秀,1693_马克思主义早期传播_李大钊_陈独秀.md,54.06,马克思恩格斯经典文本与哲学关系
马克思主义早期传播 李汉俊,1692_马克思主义早期传播_李汉俊.md,李汉俊 马克思主义传播 活动,0285_李汉俊_马克思主义传播_活动.md,26.67,马克思恩格斯经典文本与哲学关系
马克思主义早期传播 李汉俊,1692_马克思主义早期传播_李汉俊.md,马克思主义 初期传播 特点,0093_马克思主义_初期传播_特点.md,10.0,马克思恩格斯经典文本与哲学关系
马克思主义早期传播 李汉俊,1692_马克思主义早期传播_李汉俊.md,列宁主义 早期传播,1651_列宁主义_早期传播.md,9.62,马克思恩格斯经典文本与哲学关系
马克思主义早期传播 李汉俊,1692_马克思主义早期传播_李汉俊.md,马克思主义 学说 初期传播 特点,0095_马克思主义_学说_初期传播_特点.md,8.82,马克思恩格斯经典文本与哲学关系
马克思主义早期传播 李大钊 陈独秀,1693_马克思主义早期传播_李大钊_陈独秀.md,马克思主义早期传播 李汉俊,1692_马克思主义早期传播_李汉俊.md,54.06,马克思恩格斯经典文本与哲学关系
马克思主义早期传播 李大钊 陈独秀,1693_马克思主义早期传播_李大钊_陈独秀.md,李大钊 马克思主义传播 活动,0278_李大钊_马克思主义传播_活动.md,24.72,马克思恩格斯经典文本与哲学关系
马克思主义早期传播 李大钊 陈独秀,1693_马克思主义早期传播_李大钊_陈独秀.md,陈独秀 马克思主义传播 活动,0281_陈独秀_马克思主义传播_活动.md,24.72,马克思恩格斯经典文本与哲学关系
马克思主义早期传播 李大钊 陈独秀,1693_马克思主义早期传播_李大钊_陈独秀.md,李大钊 马克思主义 最早传播者,0353_李大钊_马克思主义_最早传播者.md,24.21,马克思恩格斯经典文本与哲学关系
马克思主义早期传播 李大钊 陈独秀,1693_马克思主义早期传播_李大钊_陈独秀.md,陈独秀 马克思主义 研究,0261_陈独秀_马克思主义_研究.md,23.82,马克思恩格斯经典文本与哲学关系
中国近代思想 康有为 谭嗣同,1694_中国近代思想_康有为_谭嗣同.md,康有为 谭嗣同,1727_康有为_谭嗣同.md,41.36,中国近代启蒙与民主革命
中国近代思想 康有为 谭嗣同,1694_中国近代思想_康有为_谭嗣同.md,康有为 反古思想 空想主义,0159_康有为_反古思想_空想主义.md,19.17,中国近代启蒙与民主革命
中国近代思想 康有为 谭嗣同,1694_中国近代思想_康有为_谭嗣同.md,谭嗣同 冲决罗网 反古思想,0162_谭嗣同_冲决罗网_反古思想.md,19.17,中国近代启蒙与民主革命
中国近代思想 康有为 谭嗣同,1694_中国近代思想_康有为_谭嗣同.md,谭嗣同 自由思想 资本社会,0176_谭嗣同_自由思想_资本社会.md,19.17,中国近代启蒙与民主革命
中国近代思想 康有为 谭嗣同,1694_中国近代思想_康有为_谭嗣同.md,康有为 大同思想 历史进化,0246_康有为_大同思想_历史进化.md,19.17,中国近代启蒙与民主革命
中国近代哲学 古今中西,1695_中国近代哲学_古今中西.md,中国近代哲学 冯契,1835_中国近代哲学_冯契.md,41.36,中国近代启蒙与民主革命
中国近代哲学 古今中西,1695_中国近代哲学_古今中西.md,中国近代哲学 社会矛盾 政治思想斗争,1499_中国近代哲学_社会矛盾_政治思想斗争.md,36.58,中国近代启蒙与民主革命
中国近代哲学 古今中西,1695_中国近代哲学_古今中西.md,古今中西 之争 中国近代哲学革命,0767_古今中西_之争_中国近代哲学革命.md,34.29,中国近代启蒙与民主革命
中国近代哲学 古今中西,1695_中国近代哲学_古今中西.md,中国向何处去 古今中西,1617_中国向何处去_古今中西.md,27.14,中国近代启蒙与民主革命
中国近代哲学 古今中西,1695_中国近代哲学_古今中西.md,之争 古今中西,1950_之争_古今中西.md,26.82,中国近代启蒙与民主革命
科学与人生观 张君劢 丁文江,1696_科学与人生观_张君劢_丁文江.md,科学与人生观 论战,0185_科学与人生观_论战.md,39.62,科学与人生观论战
科学与人生观 张君劢 丁文江,1696_科学与人生观_张君劢_丁文江.md,科学与人生观 论战 性质,0242_科学与人生观_论战_性质.md,38.33,科学与人生观论战
科学与人生观 张君劢 丁文江,1696_科学与人生观_张君劢_丁文江.md,科学与人生观 论战 马克思主义,0121_科学与人生观_论战_马克思主义.md,36.94,科学与人生观论战
科学与人生观 张君劢 丁文江,1696_科学与人生观_张君劢_丁文江.md,科学与人生观 论战 马克思主义批判,0148_科学与人生观_论战_马克思主义批判.md,36.25,科学与人生观论战
科学与人生观 张君劢 丁文江,1696_科学与人生观_张君劢_丁文江.md,张君劢 人生观 科学,0188_张君劢_人生观_科学.md,24.62,科学与人生观论战
科玄论战 人生观 科学,1697_科玄论战_人生观_科学.md,人生观 论战 科玄论战,0187_人生观_论战_科玄论战.md,47.5,科学与人生观论战
科玄论战 人生观 科学,1697_科玄论战_人生观_科学.md,必然 自由 科玄论战,0217_必然_自由_科玄论战.md,26.25,科学与人生观论战
科玄论战 人生观 科学,1697_科玄论战_人生观_科学.md,个人 社会 科玄论战,0218_个人_社会_科玄论战.md,26.25,科学与人生观论战
科玄论战 人生观 科学,1697_科玄论战_人生观_科学.md,武断 断章取义 科玄论战,0221_武断_断章取义_科玄论战.md,25.36,科学与人生观论战
科玄论战 人生观 科学,1697_科玄论战_人生观_科学.md,人生观 科学 分家,0189_人生观_科学_分家.md,25.0,科学与人生观论战
中国社会性质论战 新思潮派,1698_中国社会性质论战_新思潮派.md,半殖民地 半封建 新思潮派,1397_半殖民地_半封建_新思潮派.md,24.17,中国社会性质论战
中国社会性质论战 新思潮派,1698_中国社会性质论战_新思潮派.md,中国社会性质 论战,0184_中国社会性质_论战.md,15.91,中国社会性质论战
中国社会性质论战 新思潮派,1698_中国社会性质论战_新思潮派.md,中国社会性质 论战 启蒙,0170_中国社会性质_论战_启蒙.md,13.46,中国社会性质论战
中国社会性质论战 新思潮派,1698_中国社会性质论战_新思潮派.md,中国社会性质 论争,0149_中国社会性质_论争.md,12.5,中国社会性质论战
中国社会性质论战 新思潮派,1698_中国社会性质论战_新思潮派.md,中国社会性质 论战 马克思主义哲学,0227_中国社会性质_论战_马克思主义哲学.md,9.72,中国社会性质论战
中国社会史论战 唯物史观,1699_中国社会史论战_唯物史观.md,唯物史观 中国社会改造 方向方法,0011_唯物史观_中国社会改造_方向方法.md,28.82,历史唯物主义体系
中国社会史论战 唯物史观,1699_中国社会史论战_唯物史观.md,瞿秋白 科玄论战 唯物史观,0216_瞿秋白_科玄论战_唯物史观.md,28.33,历史唯物主义体系
中国社会史论战 唯物史观,1699_中国社会史论战_唯物史观.md,吕振羽 史前期中国社会研究 唯物史观,0007_吕振羽_史前期中国社会研究_唯物史观.md,27.89,历史唯物主义体系
中国社会史论战 唯物史观,1699_中国社会史论战_唯物史观.md,李达 唯物史观 社会学,0284_李达_唯物史观_社会学.md,27.14,历史唯物主义体系
中国社会史论战 唯物史观,1699_中国社会史论战_唯物史观.md,郭沫若 中国古代社会研究 唯物史观,0006_郭沫若_中国古代社会研究_唯物史观.md,26.58,历史唯物主义体系
延安时期 马克思主义大众化,1700_延安时期_马克思主义大众化.md,知识分子 马克思主义大众化,1701_知识分子_马克思主义大众化.md,51.67,马克思恩格斯经典文本与哲学关系
延安时期 马克思主义大众化,1700_延安时期_马克思主义大众化.md,高语罕 白话书信 马克思主义大众化,1195_高语罕_白话书信_马克思主义大众化.md,49.72,马克思恩格斯经典文本与哲学关系
延安时期 马克思主义大众化,1700_延安时期_马克思主义大众化.md,马克思主义哲学 哲学大众化 延安时期,1792_马克思主义哲学_哲学大众化_延安时期.md,34.06,马克思恩格斯经典文本与哲学关系
延安时期 马克思主义大众化,1700_延安时期_马克思主义大众化.md,延安时期 马克思主义哲学 创作 宣讲,1206_延安时期_马克思主义哲学_创作_宣讲.md,31.76,马克思恩格斯经典文本与哲学关系
延安时期 马克思主义大众化,1700_延安时期_马克思主义大众化.md,延安时期 知识分子,1704_延安时期_知识分子.md,25.0,马克思恩格斯经典文本与哲学关系
知识分子 马克思主义大众化,1701_知识分子_马克思主义大众化.md,延安时期 马克思主义大众化,1700_延安时期_马克思主义大众化.md,51.67,马克思恩格斯经典文本与哲学关系
知识分子 马克思主义大众化,1701_知识分子_马克思主义大众化.md,高语罕 白话书信 马克思主义大众化,1195_高语罕_白话书信_马克思主义大众化.md,49.72,马克思恩格斯经典文本与哲学关系
知识分子 马克思主义大众化,1701_知识分子_马克思主义大众化.md,民主主义 知识分子 思潮,1825_民主主义_知识分子_思潮.md,26.25,马克思恩格斯经典文本与哲学关系
知识分子 马克思主义大众化,1701_知识分子_马克思主义大众化.md,知识分子 社会主义 观察,1826_知识分子_社会主义_观察.md,26.25,马克思恩格斯经典文本与哲学关系
知识分子 马克思主义大众化,1701_知识分子_马克思主义大众化.md,延安时期 知识分子,1704_延安时期_知识分子.md,25.0,马克思恩格斯经典文本与哲学关系
剩余价值 商品,1702_剩余价值_商品.md,剩余价值 劳动,1625_剩余价值_劳动.md,30.71,政治经济学与资本主义批判
剩余价值 商品,1702_剩余价值_商品.md,剩余价值 生产,1671_剩余价值_生产.md,30.71,政治经济学与资本主义批判
剩余价值 商品,1702_剩余价值_商品.md,资本论 剩余价值,1670_资本论_剩余价值.md,29.38,政治经济学与资本主义批判
剩余价值 商品,1702_剩余价值_商品.md,劳动 剩余价值 生产,0018_劳动_剩余价值_生产.md,28.33,政治经济学与资本主义批判
剩余价值 商品,1702_剩余价值_商品.md,剩余价值 资本主义生产关系 本质,0030_剩余价值_资本主义生产关系_本质.md,25.0,政治经济学与资本主义批判
法国 资产阶级,1703_法国_资产阶级.md,俄国 资产阶级,1691_俄国_资产阶级.md,36.67,阶级斗争与社会革命理论
法国 资产阶级,1703_法国_资产阶级.md,英国 资产阶级,1718_英国_资产阶级.md,36.67,阶级斗争与社会革命理论
法国 资产阶级,1703_法国_资产阶级.md,德国 资产阶级,1719_德国_资产阶级.md,36.67,阶级斗争与社会革命理论
法国 资产阶级,1703_法国_资产阶级.md,无产阶级 资产阶级,1705_无产阶级_资产阶级.md,30.71,阶级斗争与社会革命理论
法国 资产阶级,1703_法国_资产阶级.md,斗争 资产阶级,1717_斗争_资产阶级.md,30.71,阶级斗争与社会革命理论
延安时期 知识分子,1704_延安时期_知识分子.md,民主主义 知识分子 思潮,1825_民主主义_知识分子_思潮.md,25.77,社会主义建设时期哲学讨论与反思
延安时期 知识分子,1704_延安时期_知识分子.md,知识分子 社会主义 观察,1826_知识分子_社会主义_观察.md,25.77,社会主义建设时期哲学讨论与反思
延安时期 知识分子,1704_延安时期_知识分子.md,毛泽东 延安时期 哲学思想,0536_毛泽东_延安时期_哲学思想.md,25.36,社会主义建设时期哲学讨论与反思
延安时期 知识分子,1704_延安时期_知识分子.md,知识分子 阶级属性 地位作用,1364_知识分子_阶级属性_地位作用.md,25.0,社会主义建设时期哲学讨论与反思
延安时期 知识分子,1704_延安时期_知识分子.md,延安时期 马克思主义大众化,1700_延安时期_马克思主义大众化.md,25.0,社会主义建设时期哲学讨论与反思
无产阶级 资产阶级,1705_无产阶级_资产阶级.md,资产阶级 资本主义,1743_资产阶级_资本主义.md,32.5,阶级斗争与社会革命理论
无产阶级 资产阶级,1705_无产阶级_资产阶级.md,无产阶级 资本主义,1771_无产阶级_资本主义.md,32.5,阶级斗争与社会革命理论
无产阶级 资产阶级,1705_无产阶级_资产阶级.md,俄国 资产阶级,1691_俄国_资产阶级.md,30.71,阶级斗争与社会革命理论
无产阶级 资产阶级,1705_无产阶级_资产阶级.md,法国 资产阶级,1703_法国_资产阶级.md,30.71,阶级斗争与社会革命理论
无产阶级 资产阶级,1705_无产阶级_资产阶级.md,俄国 无产阶级,1712_俄国_无产阶级.md,30.71,阶级斗争与社会革命理论
哲学大众化 新哲学,1706_哲学大众化_新哲学.md,哲学大众化 新哲学运动,1630_哲学大众化_新哲学运动.md,43.75,新哲学大众化运动
哲学大众化 新哲学,1706_哲学大众化_新哲学.md,胡绳 哲学大众化,1634_胡绳_哲学大众化.md,37.5,新哲学大众化运动
哲学大众化 新哲学,1706_哲学大众化_新哲学.md,哲学大众化 艾思奇,1746_哲学大众化_艾思奇.md,36.11,新哲学大众化运动
哲学大众化 新哲学,1706_哲学大众化_新哲学.md,大众化 新哲学,1838_大众化_新哲学.md,35.83,新哲学大众化运动
哲学大众化 新哲学,1706_哲学大众化_新哲学.md,哲学大众化 问题 提出,1300_哲学大众化_问题_提出.md,35.0,新哲学大众化运动
历史唯物主义 辩证唯物主义,1707_历史唯物主义_辩证唯物主义.md,历史唯物主义 辩证唯物主义 列宁,1800_历史唯物主义_辩证唯物主义_列宁.md,80.0,辩证唯物主义体系
历史唯物主义 辩证唯物主义,1707_历史唯物主义_辩证唯物主义.md,辩证唯物主义 历史唯物主义 斯大林,0787_辩证唯物主义_历史唯物主义_斯大林.md,74.58,辩证唯物主义体系
历史唯物主义 辩证唯物主义,1707_历史唯物主义_辩证唯物主义.md,斯大林 辩证唯物主义 历史唯物主义,0899_斯大林_辩证唯物主义_历史唯物主义.md,74.58,辩证唯物主义体系
历史唯物主义 辩证唯物主义,1707_历史唯物主义_辩证唯物主义.md,辩证唯物主义 历史唯物主义 教科书,0933_辩证唯物主义_历史唯物主义_教科书.md,74.58,辩证唯物主义体系
历史唯物主义 辩证唯物主义,1707_历史唯物主义_辩证唯物主义.md,辩证唯物主义 历史唯物主义 教科书体系,1637_辩证唯物主义_历史唯物主义_教科书体系.md,72.5,辩证唯物主义体系
新理学 马克思主义者,1708_新理学_马克思主义者.md,上海 马克思主义者,1740_上海_马克思主义者.md,42.5,新理学批判
新理学 马克思主义者,1708_新理学_马克思主义者.md,中国马克思主义 马克思主义者,1788_中国马克思主义_马克思主义者.md,41.36,新理学批判
新理学 马克思主义者,1708_新理学_马克思主义者.md,中国共产党人 马克思主义者 身份 文化问题,1245_中国共产党人_马克思主义者_身份_文化问题.md,36.25,新理学批判
新理学 马克思主义者,1708_新理学_马克思主义者.md,冯友兰 新理学 马克思主义哲学,0763_冯友兰_新理学_马克思主义哲学.md,28.46,新理学批判
新理学 马克思主义者,1708_新理学_马克思主义者.md,新理学,1908_新理学.md,21.25,新理学批判
劳动 政治经济学,1709_劳动_政治经济学.md,政治经济学 生产,1725_政治经济学_生产.md,37.5,政治经济学与资本主义批判
劳动 政治经济学,1709_劳动_政治经济学.md,马克思主义 哲学 政治经济学 科学社会主义,1181_马克思主义_哲学_政治经济学_科学社会主义.md,30.56,政治经济学与资本主义批判
劳动 政治经济学,1709_劳动_政治经济学.md,剩余价值 劳动,1625_剩余价值_劳动.md,12.5,政治经济学与资本主义批判
劳动 政治经济学,1709_劳动_政治经济学.md,劳动 资本主义,1710_劳动_资本主义.md,12.5,政治经济学与资本主义批判
劳动 政治经济学,1709_劳动_政治经济学.md,劳动 工人阶级,1767_劳动_工人阶级.md,12.5,政治经济学与资本主义批判
劳动 资本主义,1710_劳动_资本主义.md,俄国 资本主义,1713_俄国_资本主义.md,30.71,政治经济学与资本主义批判
劳动 资本主义,1710_劳动_资本主义.md,宗教 资本主义,1716_宗教_资本主义.md,30.71,政治经济学与资本主义批判
劳动 资本主义,1710_劳动_资本主义.md,伦理 资本主义,1723_伦理_资本主义.md,30.71,政治经济学与资本主义批判
劳动 资本主义,1710_劳动_资本主义.md,生产 资本主义,1732_生产_资本主义.md,30.71,政治经济学与资本主义批判
劳动 资本主义,1710_劳动_资本主义.md,农民 资本主义,1734_农民_资本主义.md,30.71,政治经济学与资本主义批判
事物 冯友兰,1711_事物_冯友兰.md,冯友兰 新理学,1605_冯友兰_新理学.md,22.14,新理学批判
事物 冯友兰,1711_事物_冯友兰.md,冯友兰 新世训 批评,0476_冯友兰_新世训_批评.md,20.56,新理学批判
事物 冯友兰,1711_事物_冯友兰.md,冯友兰 新理学 批判,1640_冯友兰_新理学_批判.md,20.56,新理学批判
事物 冯友兰,1711_事物_冯友兰.md,冯友兰 新理学 马克思主义哲学,0763_冯友兰_新理学_马克思主义哲学.md,18.57,新理学批判
事物 冯友兰,1711_事物_冯友兰.md,事物 普遍联系 辩证法,1557_事物_普遍联系_辩证法.md,12.27,新理学批判
俄国 无产阶级,1712_俄国_无产阶级.md,无产阶级 资产阶级,1705_无产阶级_资产阶级.md,30.71,阶级斗争与社会革命理论
俄国 无产阶级,1712_俄国_无产阶级.md,无产阶级 法国,1764_无产阶级_法国.md,30.71,阶级斗争与社会革命理论
俄国 无产阶级,1712_俄国_无产阶级.md,农民 无产阶级,1807_农民_无产阶级.md,30.71,阶级斗争与社会革命理论
俄国 无产阶级,1712_俄国_无产阶级.md,无产阶级 列宁,1839_无产阶级_列宁.md,30.71,阶级斗争与社会革命理论
俄国 无产阶级,1712_俄国_无产阶级.md,无产阶级 马克思,1781_无产阶级_马克思.md,29.38,阶级斗争与社会革命理论
俄国 资本主义,1713_俄国_资本主义.md,劳动 资本主义,1710_劳动_资本主义.md,30.71,政治经济学与资本主义批判
俄国 资本主义,1713_俄国_资本主义.md,宗教 资本主义,1716_宗教_资本主义.md,30.71,政治经济学与资本主义批判
俄国 资本主义,1713_俄国_资本主义.md,伦理 资本主义,1723_伦理_资本主义.md,30.71,政治经济学与资本主义批判
俄国 资本主义,1713_俄国_资本主义.md,生产 资本主义,1732_生产_资本主义.md,30.71,政治经济学与资本主义批判
俄国 资本主义,1713_俄国_资本主义.md,农民 资本主义,1734_农民_资本主义.md,30.71,政治经济学与资本主义批判
生产方式 资本主义,1714_生产方式_资本主义.md,资本主义 生产方式 历史运动,1092_资本主义_生产方式_历史运动.md,52.5,政治经济学与资本主义批判
生产方式 资本主义,1714_生产方式_资本主义.md,生产 资本主义,1732_生产_资本主义.md,32.5,政治经济学与资本主义批判
生产方式 资本主义,1714_生产方式_资本主义.md,劳动 资本主义,1710_劳动_资本主义.md,28.33,政治经济学与资本主义批判
生产方式 资本主义,1714_生产方式_资本主义.md,俄国 资本主义,1713_俄国_资本主义.md,28.33,政治经济学与资本主义批判
生产方式 资本主义,1714_生产方式_资本主义.md,宗教 资本主义,1716_宗教_资本主义.md,28.33,政治经济学与资本主义批判
德国 马克思恩格斯,1715_德国_马克思恩格斯.md,英国 马克思恩格斯,1735_英国_马克思恩格斯.md,48.75,马克思恩格斯经典文本与哲学关系
德国 马克思恩格斯,1715_德国_马克思恩格斯.md,列宁 马克思恩格斯,1780_列宁_马克思恩格斯.md,43.89,马克思恩格斯经典文本与哲学关系
德国 马克思恩格斯,1715_德国_马克思恩格斯.md,马克思恩格斯 马列著作,1763_马克思恩格斯_马列著作.md,41.36,马克思恩格斯经典文本与哲学关系
德国 马克思恩格斯,1715_德国_马克思恩格斯.md,暴力革命 和平手段 马克思恩格斯,1187_暴力革命_和平手段_马克思恩格斯.md,38.33,马克思恩格斯经典文本与哲学关系
德国 马克思恩格斯,1715_德国_马克思恩格斯.md,马克思恩格斯 生平 思想 早期介绍,1286_马克思恩格斯_生平_思想_早期介绍.md,38.33,马克思恩格斯经典文本与哲学关系
宗教 资本主义,1716_宗教_资本主义.md,劳动 资本主义,1710_劳动_资本主义.md,30.71,政治经济学与资本主义批判
宗教 资本主义,1716_宗教_资本主义.md,俄国 资本主义,1713_俄国_资本主义.md,30.71,政治经济学与资本主义批判
宗教 资本主义,1716_宗教_资本主义.md,伦理 资本主义,1723_伦理_资本主义.md,30.71,政治经济学与资本主义批判
宗教 资本主义,1716_宗教_资本主义.md,生产 资本主义,1732_生产_资本主义.md,30.71,政治经济学与资本主义批判
宗教 资本主义,1716_宗教_资本主义.md,农民 资本主义,1734_农民_资本主义.md,30.71,政治经济学与资本主义批判
斗争 资产阶级,1717_斗争_资产阶级.md,俄国 资产阶级,1691_俄国_资产阶级.md,30.71,阶级斗争与社会革命理论
斗争 资产阶级,1717_斗争_资产阶级.md,法国 资产阶级,1703_法国_资产阶级.md,30.71,阶级斗争与社会革命理论
斗争 资产阶级,1717_斗争_资产阶级.md,无产阶级 资产阶级,1705_无产阶级_资产阶级.md,30.71,阶级斗争与社会革命理论
斗争 资产阶级,1717_斗争_资产阶级.md,英国 资产阶级,1718_英国_资产阶级.md,30.71,阶级斗争与社会革命理论
斗争 资产阶级,1717_斗争_资产阶级.md,德国 资产阶级,1719_德国_资产阶级.md,30.71,阶级斗争与社会革命理论
英国 资产阶级,1718_英国_资产阶级.md,俄国 资产阶级,1691_俄国_资产阶级.md,36.67,阶级斗争与社会革命理论
英国 资产阶级,1718_英国_资产阶级.md,法国 资产阶级,1703_法国_资产阶级.md,36.67,阶级斗争与社会革命理论
英国 资产阶级,1718_英国_资产阶级.md,德国 资产阶级,1719_德国_资产阶级.md,36.67,阶级斗争与社会革命理论
英国 资产阶级,1718_英国_资产阶级.md,无产阶级 资产阶级,1705_无产阶级_资产阶级.md,30.71,阶级斗争与社会革命理论
英国 资产阶级,1718_英国_资产阶级.md,斗争 资产阶级,1717_斗争_资产阶级.md,30.71,阶级斗争与社会革命理论
德国 资产阶级,1719_德国_资产阶级.md,俄国 资产阶级,1691_俄国_资产阶级.md,36.67,阶级斗争与社会革命理论
德国 资产阶级,1719_德国_资产阶级.md,法国 资产阶级,1703_法国_资产阶级.md,36.67,阶级斗争与社会革命理论
德国 资产阶级,1719_德国_资产阶级.md,英国 资产阶级,1718_英国_资产阶级.md,36.67,阶级斗争与社会革命理论
德国 资产阶级,1719_德国_资产阶级.md,无产阶级 资产阶级,1705_无产阶级_资产阶级.md,30.71,阶级斗争与社会革命理论
德国 资产阶级,1719_德国_资产阶级.md,斗争 资产阶级,1717_斗争_资产阶级.md,30.71,阶级斗争与社会革命理论
帝国主义 战争,1720_帝国主义_战争.md,帝国主义 德国,1760_帝国主义_德国.md,30.71,民族国家与国际关系
帝国主义 战争,1720_帝国主义_战争.md,帝国主义 资本主义,1730_帝国主义_资本主义.md,29.38,民族国家与国际关系
帝国主义 战争,1720_帝国主义_战争.md,列宁 帝国主义 世界历史,0838_列宁_帝国主义_世界历史.md,26.82,民族国家与国际关系
帝国主义 战争,1720_帝国主义_战争.md,帝国主义 中华民族 矛盾,1501_帝国主义_中华民族_矛盾.md,26.82,民族国家与国际关系
帝国主义 战争,1720_帝国主义_战争.md,帝国主义 资本主义最高阶段,1655_帝国主义_资本主义最高阶段.md,26.25,民族国家与国际关系
唯心主义 唯物主义,1721_唯心主义_唯物主义.md,唯心主义 辩证唯物主义,1766_唯心主义_辩证唯物主义.md,33.89,辩证唯物主义体系
唯心主义 唯物主义,1721_唯心主义_唯物主义.md,毛泽东 唯心主义 近代唯物主义,0575_毛泽东_唯心主义_近代唯物主义.md,30.42,辩证唯物主义体系
唯心主义 唯物主义,1721_唯心主义_唯物主义.md,列宁 唯物主义,1753_列宁_唯物主义.md,29.38,辩证唯物主义体系
唯心主义 唯物主义,1721_唯心主义_唯物主义.md,洛斯基 直觉主义 唯心主义,1011_洛斯基_直觉主义_唯心主义.md,29.09,辩证唯物主义体系
唯心主义 唯物主义,1721_唯心主义_唯物主义.md,唯心主义 黑格尔,1724_唯心主义_黑格尔.md,28.33,辩证唯物主义体系
俄国 社会革命,1722_俄国_社会革命.md,李达 阶级 国家 社会意识 社会革命,0318_李达_阶级_国家_社会意识_社会革命.md,25.36,阶级斗争与社会革命理论
俄国 社会革命,1722_俄国_社会革命.md,罗莎卢森堡 社会革命 合法改良,1099_罗莎卢森堡_社会革命_合法改良.md,25.36,阶级斗争与社会革命理论
俄国 社会革命,1722_俄国_社会革命.md,文化改造 社会革命 马克思主义引进,0966_文化改造_社会革命_马克思主义引进.md,24.69,阶级斗争与社会革命理论
俄国 社会革命,1722_俄国_社会革命.md,俄国 社会主义,1758_俄国_社会主义.md,20.71,阶级斗争与社会革命理论
俄国 社会革命,1722_俄国_社会革命.md,俄国 资产阶级,1691_俄国_资产阶级.md,12.78,阶级斗争与社会革命理论
伦理 资本主义,1723_伦理_资本主义.md,劳动 资本主义,1710_劳动_资本主义.md,30.71,政治经济学与资本主义批判
伦理 资本主义,1723_伦理_资本主义.md,俄国 资本主义,1713_俄国_资本主义.md,30.71,政治经济学与资本主义批判
伦理 资本主义,1723_伦理_资本主义.md,宗教 资本主义,1716_宗教_资本主义.md,30.71,政治经济学与资本主义批判
伦理 资本主义,1723_伦理_资本主义.md,生产 资本主义,1732_生产_资本主义.md,30.71,政治经济学与资本主义批判
伦理 资本主义,1723_伦理_资本主义.md,农民 资本主义,1734_农民_资本主义.md,30.71,政治经济学与资本主义批判
唯心主义 黑格尔,1724_唯心主义_黑格尔.md,唯心主义 唯物主义,1721_唯心主义_唯物主义.md,28.33,马克思恩格斯经典文本与哲学关系
唯心主义 黑格尔,1724_唯心主义_黑格尔.md,唯心主义 马赫主义,1728_唯心主义_马赫主义.md,28.33,马克思恩格斯经典文本与哲学关系
唯心主义 黑格尔,1724_唯心主义_黑格尔.md,唯心主义 辩证法,1745_唯心主义_辩证法.md,28.33,马克思恩格斯经典文本与哲学关系
唯心主义 黑格尔,1724_唯心主义_黑格尔.md,唯心主义 资产阶级,1750_唯心主义_资产阶级.md,27.5,马克思恩格斯经典文本与哲学关系
唯心主义 黑格尔,1724_唯心主义_黑格尔.md,胡适派 唯心主义 批判,0459_胡适派_唯心主义_批判.md,26.82,马克思恩格斯经典文本与哲学关系
政治经济学 生产,1725_政治经济学_生产.md,劳动 政治经济学,1709_劳动_政治经济学.md,37.5,政治经济学与资本主义批判
政治经济学 生产,1725_政治经济学_生产.md,马克思主义 哲学 政治经济学 科学社会主义,1181_马克思主义_哲学_政治经济学_科学社会主义.md,30.56,政治经济学与资本主义批判
政治经济学 生产,1725_政治经济学_生产.md,剩余价值 生产,1671_剩余价值_生产.md,12.5,政治经济学与资本主义批判
政治经济学 生产,1725_政治经济学_生产.md,生产 资本主义,1732_生产_资本主义.md,12.5,政治经济学与资本主义批判
政治经济学 生产,1725_政治经济学_生产.md,政治经济学批判,1895_政治经济学批判.md,12.5,政治经济学与资本主义批判
国家主义 青年,1726_国家主义_青年.md,国家主义 民族主义,1752_国家主义_民族主义.md,29.38,思想论战与文化批判
国家主义 青年,1726_国家主义_青年.md,20年代 国家主义,1833_20年代_国家主义.md,28.33,思想论战与文化批判
国家主义 青年,1726_国家主义_青年.md,国家主义 工商政策 科学教育 网罗,1409_国家主义_工商政策_科学教育_网罗.md,25.0,思想论战与文化批判
国家主义 青年,1726_国家主义_青年.md,青年 读书 精神生活,0943_青年_读书_精神生活.md,12.27,思想论战与文化批判
国家主义 青年,1726_国家主义_青年.md,贫穷 知识 读书 青年,0945_贫穷_知识_读书_青年.md,12.27,思想论战与文化批判
康有为 谭嗣同,1727_康有为_谭嗣同.md,中国近代思想 康有为 谭嗣同,1694_中国近代思想_康有为_谭嗣同.md,41.36,中国近代启蒙与民主革命
康有为 谭嗣同,1727_康有为_谭嗣同.md,仁学 谭嗣同,1776_仁学_谭嗣同.md,22.14,中国近代启蒙与民主革命
康有为 谭嗣同,1727_康有为_谭嗣同.md,康有为 改良派,1749_康有为_改良派.md,21.25,中国近代启蒙与民主革命
康有为 谭嗣同,1727_康有为_谭嗣同.md,康有为 梁启超,1865_康有为_梁启超.md,21.25,中国近代启蒙与民主革命
康有为 谭嗣同,1727_康有为_谭嗣同.md,谭嗣同 仁学 个性解放,0163_谭嗣同_仁学_个性解放.md,19.55,中国近代启蒙与民主革命
唯心主义 马赫主义,1728_唯心主义_马赫主义.md,经验 马赫主义,1762_经验_马赫主义.md,29.38,列宁哲学与社会主义实践
唯心主义 马赫主义,1728_唯心主义_马赫主义.md,唯心主义 唯物主义,1721_唯心主义_唯物主义.md,28.33,列宁哲学与社会主义实践
唯心主义 马赫主义,1728_唯心主义_马赫主义.md,唯心主义 黑格尔,1724_唯心主义_黑格尔.md,28.33,列宁哲学与社会主义实践
唯心主义 马赫主义,1728_唯心主义_马赫主义.md,唯心主义 辩证法,1745_唯心主义_辩证法.md,28.33,列宁哲学与社会主义实践
唯心主义 马赫主义,1728_唯心主义_马赫主义.md,唯心主义 资产阶级,1750_唯心主义_资产阶级.md,27.5,列宁哲学与社会主义实践
恩格斯 资产阶级,1729_恩格斯_资产阶级.md,俄国 资产阶级,1691_俄国_资产阶级.md,29.38,马克思恩格斯经典文本与哲学关系
恩格斯 资产阶级,1729_恩格斯_资产阶级.md,法国 资产阶级,1703_法国_资产阶级.md,29.38,马克思恩格斯经典文本与哲学关系
恩格斯 资产阶级,1729_恩格斯_资产阶级.md,无产阶级 资产阶级,1705_无产阶级_资产阶级.md,29.38,马克思恩格斯经典文本与哲学关系
恩格斯 资产阶级,1729_恩格斯_资产阶级.md,斗争 资产阶级,1717_斗争_资产阶级.md,29.38,马克思恩格斯经典文本与哲学关系
恩格斯 资产阶级,1729_恩格斯_资产阶级.md,英国 资产阶级,1718_英国_资产阶级.md,29.38,马克思恩格斯经典文本与哲学关系
帝国主义 资本主义,1730_帝国主义_资本主义.md,帝国主义 资本主义最高阶段,1655_帝国主义_资本主义最高阶段.md,35.0,政治经济学与资本主义批判
帝国主义 资本主义,1730_帝国主义_资本主义.md,帝国主义 资本主义发展不平衡 一国胜利,0870_帝国主义_资本主义发展不平衡_一国胜利.md,30.0,政治经济学与资本主义批判
帝国主义 资本主义,1730_帝国主义_资本主义.md,劳动 资本主义,1710_劳动_资本主义.md,29.38,政治经济学与资本主义批判
帝国主义 资本主义,1730_帝国主义_资本主义.md,俄国 资本主义,1713_俄国_资本主义.md,29.38,政治经济学与资本主义批判
帝国主义 资本主义,1730_帝国主义_资本主义.md,宗教 资本主义,1716_宗教_资本主义.md,29.38,政治经济学与资本主义批判
中国文化 儒学,1731_中国文化_儒学.md,中国文化 马克思,1736_中国文化_马克思.md,29.38,中国哲学传统与现代转型
中国文化 儒学,1731_中国文化_儒学.md,哲学 宗教 中国文化,0986_哲学_宗教_中国文化.md,28.33,中国哲学传统与现代转型
中国文化 儒学,1731_中国文化_儒学.md,中国文化 古与今 联系,1246_中国文化_古与今_联系.md,27.5,中国哲学传统与现代转型
中国文化 儒学,1731_中国文化_儒学.md,古代传统 现代传统 中国文化,0750_古代传统_现代传统_中国文化.md,26.82,中国哲学传统与现代转型
中国文化 儒学,1731_中国文化_儒学.md,中国文化 精神基础 伦理,0988_中国文化_精神基础_伦理.md,26.82,中国哲学传统与现代转型
生产 资本主义,1732_生产_资本主义.md,生产方式 资本主义,1714_生产方式_资本主义.md,32.5,政治经济学与资本主义批判
生产 资本主义,1732_生产_资本主义.md,劳动 资本主义,1710_劳动_资本主义.md,30.71,政治经济学与资本主义批判
生产 资本主义,1732_生产_资本主义.md,俄国 资本主义,1713_俄国_资本主义.md,30.71,政治经济学与资本主义批判
生产 资本主义,1732_生产_资本主义.md,宗教 资本主义,1716_宗教_资本主义.md,30.71,政治经济学与资本主义批判
生产 资本主义,1732_生产_资本主义.md,伦理 资本主义,1723_伦理_资本主义.md,30.71,政治经济学与资本主义批判
经济学家 英国,1733_经济学家_英国.md,经济学家,1966_经济学家.md,35.0,新启蒙运动
经济学家 英国,1733_经济学家_英国.md,新启蒙运动 经济学家,0383_新启蒙运动_经济学家.md,27.5,新启蒙运动
经济学家 英国,1733_经济学家_英国.md,英国 资产阶级,1718_英国_资产阶级.md,12.78,新启蒙运动
经济学家 英国,1733_经济学家_英国.md,工人阶级 英国,1737_工人阶级_英国.md,12.78,新启蒙运动
经济学家 英国,1733_经济学家_英国.md,英国 马克思恩格斯,1735_英国_马克思恩格斯.md,12.27,新启蒙运动
农民 资本主义,1734_农民_资本主义.md,劳动 资本主义,1710_劳动_资本主义.md,30.71,政治经济学与资本主义批判
农民 资本主义,1734_农民_资本主义.md,俄国 资本主义,1713_俄国_资本主义.md,30.71,政治经济学与资本主义批判
农民 资本主义,1734_农民_资本主义.md,宗教 资本主义,1716_宗教_资本主义.md,30.71,政治经济学与资本主义批判
农民 资本主义,1734_农民_资本主义.md,伦理 资本主义,1723_伦理_资本主义.md,30.71,政治经济学与资本主义批判
农民 资本主义,1734_农民_资本主义.md,生产 资本主义,1732_生产_资本主义.md,30.71,政治经济学与资本主义批判
英国 马克思恩格斯,1735_英国_马克思恩格斯.md,德国 马克思恩格斯,1715_德国_马克思恩格斯.md,48.75,马克思恩格斯经典文本与哲学关系
英国 马克思恩格斯,1735_英国_马克思恩格斯.md,列宁 马克思恩格斯,1780_列宁_马克思恩格斯.md,43.89,马克思恩格斯经典文本与哲学关系
英国 马克思恩格斯,1735_英国_马克思恩格斯.md,马克思恩格斯 马列著作,1763_马克思恩格斯_马列著作.md,41.36,马克思恩格斯经典文本与哲学关系
英国 马克思恩格斯,1735_英国_马克思恩格斯.md,暴力革命 和平手段 马克思恩格斯,1187_暴力革命_和平手段_马克思恩格斯.md,38.33,马克思恩格斯经典文本与哲学关系
英国 马克思恩格斯,1735_英国_马克思恩格斯.md,马克思恩格斯 生平 思想 早期介绍,1286_马克思恩格斯_生平_思想_早期介绍.md,38.33,马克思恩格斯经典文本与哲学关系
中国文化 马克思,1736_中国文化_马克思.md,中国文化 儒学,1731_中国文化_儒学.md,29.38,马克思恩格斯经典文本与哲学关系
中国文化 马克思,1736_中国文化_马克思.md,哲学 宗教 中国文化,0986_哲学_宗教_中国文化.md,27.5,马克思恩格斯经典文本与哲学关系
中国文化 马克思,1736_中国文化_马克思.md,中国文化 古与今 联系,1246_中国文化_古与今_联系.md,26.82,马克思恩格斯经典文本与哲学关系
中国文化 马克思,1736_中国文化_马克思.md,古代传统 现代传统 中国文化,0750_古代传统_现代传统_中国文化.md,26.25,马克思恩格斯经典文本与哲学关系
中国文化 马克思,1736_中国文化_马克思.md,中国文化 精神基础 伦理,0988_中国文化_精神基础_伦理.md,26.25,马克思恩格斯经典文本与哲学关系
工人阶级 英国,1737_工人阶级_英国.md,劳动 工人阶级,1767_劳动_工人阶级.md,30.71,其他待人工复核
工人阶级 英国,1737_工人阶级_英国.md,工人阶级 斗争,1778_工人阶级_斗争.md,30.71,其他待人工复核
工人阶级 英国,1737_工人阶级_英国.md,工人阶级 白领工人 蓝领工人,1470_工人阶级_白领工人_蓝领工人.md,27.5,其他待人工复核
工人阶级 英国,1737_工人阶级_英国.md,民族工业 工人阶级 壮大,1423_民族工业_工人阶级_壮大.md,26.82,其他待人工复核
工人阶级 英国,1737_工人阶级_英国.md,过渡时期 工人阶级 民族资产阶级 矛盾,0680_过渡时期_工人阶级_民族资产阶级_矛盾.md,24.69,其他待人工复核
农民战争 德国,1738_农民战争_德国.md,太平天国 农民战争 意义 教训,1123_太平天国_农民战争_意义_教训.md,25.77,民族国家与国际关系
农民战争 德国,1738_农民战争_德国.md,德国农民战争,1988_德国农民战争.md,16.67,民族国家与国际关系
农民战争 德国,1738_农民战争_德国.md,德国 资产阶级,1719_德国_资产阶级.md,12.78,民族国家与国际关系
农民战争 德国,1738_农民战争_德国.md,帝国主义 德国,1760_帝国主义_德国.md,12.78,民族国家与国际关系
农民战争 德国,1738_农民战争_德国.md,德国 社会主义,1772_德国_社会主义.md,12.78,民族国家与国际关系
社会主义 资产阶级,1739_社会主义_资产阶级.md,唯心主义 资产阶级,1750_唯心主义_资产阶级.md,33.89,政治经济学与资本主义批判
社会主义 资产阶级,1739_社会主义_资产阶级.md,资产阶级 资本主义,1743_资产阶级_资本主义.md,30.0,政治经济学与资本主义批判
社会主义 资产阶级,1739_社会主义_资产阶级.md,俄国 资产阶级,1691_俄国_资产阶级.md,28.33,政治经济学与资本主义批判
社会主义 资产阶级,1739_社会主义_资产阶级.md,法国 资产阶级,1703_法国_资产阶级.md,28.33,政治经济学与资本主义批判
社会主义 资产阶级,1739_社会主义_资产阶级.md,无产阶级 资产阶级,1705_无产阶级_资产阶级.md,28.33,政治经济学与资本主义批判
上海 马克思主义者,1740_上海_马克思主义者.md,新理学 马克思主义者,1708_新理学_马克思主义者.md,42.5,马克思恩格斯经典文本与哲学关系
上海 马克思主义者,1740_上海_马克思主义者.md,中国马克思主义 马克思主义者,1788_中国马克思主义_马克思主义者.md,42.5,马克思恩格斯经典文本与哲学关系
上海 马克思主义者,1740_上海_马克思主义者.md,中国共产党人 马克思主义者 身份 文化问题,1245_中国共产党人_马克思主义者_身份_文化问题.md,36.58,马克思恩格斯经典文本与哲学关系
上海 马克思主义者,1740_上海_马克思主义者.md,三十年代 上海 左翼文化工作,1483_三十年代_上海_左翼文化工作.md,11.47,马克思恩格斯经典文本与哲学关系
上海 马克思主义者,1740_上海_马克思主义者.md,我的马克思主义观,1933_我的马克思主义观.md,10.0,马克思恩格斯经典文本与哲学关系
商品 资本主义,1741_商品_资本主义.md,劳动 资本主义,1710_劳动_资本主义.md,30.71,政治经济学与资本主义批判
商品 资本主义,1741_商品_资本主义.md,俄国 资本主义,1713_俄国_资本主义.md,30.71,政治经济学与资本主义批判
商品 资本主义,1741_商品_资本主义.md,宗教 资本主义,1716_宗教_资本主义.md,30.71,政治经济学与资本主义批判
商品 资本主义,1741_商品_资本主义.md,伦理 资本主义,1723_伦理_资本主义.md,30.71,政治经济学与资本主义批判
商品 资本主义,1741_商品_资本主义.md,生产 资本主义,1732_生产_资本主义.md,30.71,政治经济学与资本主义批判
张申府 新启蒙运动,1742_张申府_新启蒙运动.md,张申府 新启蒙运动 民主,1614_张申府_新启蒙运动_民主.md,59.44,新启蒙运动
张申府 新启蒙运动,1742_张申府_新启蒙运动.md,国难 新启蒙运动,0376_国难_新启蒙运动.md,36.11,新启蒙运动
张申府 新启蒙运动,1742_张申府_新启蒙运动.md,新启蒙运动 提出,0377_新启蒙运动_提出.md,36.11,新启蒙运动
张申府 新启蒙运动,1742_张申府_新启蒙运动.md,抗战 新启蒙运动,1871_抗战_新启蒙运动.md,36.11,新启蒙运动
张申府 新启蒙运动,1742_张申府_新启蒙运动.md,新启蒙运动 普及,1874_新启蒙运动_普及.md,36.11,新启蒙运动
资产阶级 资本主义,1743_资产阶级_资本主义.md,无产阶级 资本主义,1771_无产阶级_资本主义.md,38.75,政治经济学与资本主义批判
资产阶级 资本主义,1743_资产阶级_资本主义.md,无产阶级 资产阶级,1705_无产阶级_资产阶级.md,32.5,政治经济学与资本主义批判
资产阶级 资本主义,1743_资产阶级_资本主义.md,社会主义 资产阶级,1739_社会主义_资产阶级.md,30.0,政治经济学与资本主义批判
资产阶级 资本主义,1743_资产阶级_资本主义.md,唯心主义 资产阶级,1750_唯心主义_资产阶级.md,30.0,政治经济学与资本主义批判
资产阶级 资本主义,1743_资产阶级_资本主义.md,俄国 资产阶级,1691_俄国_资产阶级.md,28.33,政治经济学与资本主义批判
文化运动 新启蒙运动,1744_文化运动_新启蒙运动.md,新启蒙运动 文化抗战,1616_新启蒙运动_文化抗战.md,37.5,新启蒙运动
文化运动 新启蒙运动,1744_文化运动_新启蒙运动.md,国难 新启蒙运动,0376_国难_新启蒙运动.md,36.11,新启蒙运动
文化运动 新启蒙运动,1744_文化运动_新启蒙运动.md,新启蒙运动 提出,0377_新启蒙运动_提出.md,36.11,新启蒙运动
文化运动 新启蒙运动,1744_文化运动_新启蒙运动.md,抗战 新启蒙运动,1871_抗战_新启蒙运动.md,36.11,新启蒙运动
文化运动 新启蒙运动,1744_文化运动_新启蒙运动.md,新启蒙运动 普及,1874_新启蒙运动_普及.md,36.11,新启蒙运动
唯心主义 辩证法,1745_唯心主义_辩证法.md,唯心主义 辩证唯物主义,1766_唯心主义_辩证唯物主义.md,33.89,辩证唯物主义体系
唯心主义 辩证法,1745_唯心主义_辩证法.md,唯心主义 唯物主义,1721_唯心主义_唯物主义.md,28.33,辩证唯物主义体系
唯心主义 辩证法,1745_唯心主义_辩证法.md,唯心主义 黑格尔,1724_唯心主义_黑格尔.md,28.33,辩证唯物主义体系
唯心主义 辩证法,1745_唯心主义_辩证法.md,唯心主义 马赫主义,1728_唯心主义_马赫主义.md,28.33,辩证唯物主义体系
唯心主义 辩证法,1745_唯心主义_辩证法.md,唯物主义 辩证法,1747_唯物主义_辩证法.md,27.5,辩证唯物主义体系
哲学大众化 艾思奇,1746_哲学大众化_艾思奇.md,艾思奇 大众哲学 哲学大众化,0371_艾思奇_大众哲学_哲学大众化.md,55.0,艾思奇与大众哲学
哲学大众化 艾思奇,1746_哲学大众化_艾思奇.md,马克思主义哲学 哲学大众化 艾思奇,1798_马克思主义哲学_哲学大众化_艾思奇.md,53.46,艾思奇与大众哲学
哲学大众化 艾思奇,1746_哲学大众化_艾思奇.md,胡绳 哲学大众化,1634_胡绳_哲学大众化.md,36.11,艾思奇与大众哲学
哲学大众化 艾思奇,1746_哲学大众化_艾思奇.md,哲学大众化 新哲学,1706_哲学大众化_新哲学.md,36.11,艾思奇与大众哲学
哲学大众化 艾思奇,1746_哲学大众化_艾思奇.md,哲学大众化 问题 提出,1300_哲学大众化_问题_提出.md,34.09,艾思奇与大众哲学
唯物主义 辩证法,1747_唯物主义_辩证法.md,列宁 唯物主义,1753_列宁_唯物主义.md,29.38,辩证唯物主义体系
唯物主义 辩证法,1747_唯物主义_辩证法.md,唯心主义 唯物主义,1721_唯心主义_唯物主义.md,28.33,辩证唯物主义体系
唯物主义 辩证法,1747_唯物主义_辩证法.md,新唯物主义 实践 辩证法,0015_新唯物主义_实践_辩证法.md,27.5,辩证唯物主义体系
唯物主义 辩证法,1747_唯物主义_辩证法.md,唯心主义 辩证法,1745_唯心主义_辩证法.md,27.5,辩证唯物主义体系
唯物主义 辩证法,1747_唯物主义_辩证法.md,列宁 唯物主义 经验批判论,0837_列宁_唯物主义_经验批判论.md,25.77,辩证唯物主义体系
毛泽东 马克思主义哲学中国化,1748_毛泽东_马克思主义哲学中国化.md,毛泽东哲学 马克思主义哲学中国化,1893_毛泽东哲学_马克思主义哲学中国化.md,59.64,马克思恩格斯经典文本与哲学关系
毛泽东 马克思主义哲学中国化,1748_毛泽东_马克思主义哲学中国化.md,马克思主义哲学中国化 不足,1432_马克思主义哲学中国化_不足.md,56.07,马克思恩格斯经典文本与哲学关系
毛泽东 马克思主义哲学中国化,1748_毛泽东_马克思主义哲学中国化.md,李达 马克思主义哲学中国化,1751_李达_马克思主义哲学中国化.md,56.07,马克思恩格斯经典文本与哲学关系
毛泽东 马克思主义哲学中国化,1748_毛泽东_马克思主义哲学中国化.md,马克思主义哲学中国化 走向,1816_马克思主义哲学中国化_走向.md,56.07,马克思恩格斯经典文本与哲学关系
毛泽东 马克思主义哲学中国化,1748_毛泽东_马克思主义哲学中国化.md,马克思主义哲学中国化 现实性,1805_马克思主义哲学中国化_现实性.md,55.0,马克思恩格斯经典文本与哲学关系
康有为 改良派,1749_康有为_改良派.md,康有为 谭嗣同,1727_康有为_谭嗣同.md,21.25,中国近代启蒙与民主革命
康有为 改良派,1749_康有为_改良派.md,康有为 梁启超,1865_康有为_梁启超.md,21.25,中国近代启蒙与民主革命
康有为 改良派,1749_康有为_改良派.md,改良派 资产阶级,1784_改良派_资产阶级.md,20.56,中国近代启蒙与民主革命
康有为 改良派,1749_康有为_改良派.md,康有为 托古改制 大同,0172_康有为_托古改制_大同.md,19.55,中国近代启蒙与民主革命
康有为 改良派,1749_康有为_改良派.md,康有为 公羊三世 进化,0173_康有为_公羊三世_进化.md,19.55,中国近代启蒙与民主革命
唯心主义 资产阶级,1750_唯心主义_资产阶级.md,社会主义 资产阶级,1739_社会主义_资产阶级.md,33.89,阶级斗争与社会革命理论
唯心主义 资产阶级,1750_唯心主义_资产阶级.md,资产阶级 资本主义,1743_资产阶级_资本主义.md,30.0,阶级斗争与社会革命理论
唯心主义 资产阶级,1750_唯心主义_资产阶级.md,俄国 资产阶级,1691_俄国_资产阶级.md,28.33,阶级斗争与社会革命理论
唯心主义 资产阶级,1750_唯心主义_资产阶级.md,法国 资产阶级,1703_法国_资产阶级.md,28.33,阶级斗争与社会革命理论
唯心主义 资产阶级,1750_唯心主义_资产阶级.md,无产阶级 资产阶级,1705_无产阶级_资产阶级.md,28.33,阶级斗争与社会革命理论
李达 马克思主义哲学中国化,1751_李达_马克思主义哲学中国化.md,马克思主义哲学中国化 不足,1432_马克思主义哲学中国化_不足.md,57.31,马克思恩格斯经典文本与哲学关系
李达 马克思主义哲学中国化,1751_李达_马克思主义哲学中国化.md,马克思主义哲学中国化 走向,1816_马克思主义哲学中国化_走向.md,57.31,马克思恩格斯经典文本与哲学关系
李达 马克思主义哲学中国化,1751_李达_马克思主义哲学中国化.md,毛泽东 马克思主义哲学中国化,1748_毛泽东_马克思主义哲学中国化.md,56.07,马克思恩格斯经典文本与哲学关系
李达 马克思主义哲学中国化,1751_李达_马克思主义哲学中国化.md,马克思主义哲学中国化 现实性,1805_马克思主义哲学中国化_现实性.md,56.07,马克思恩格斯经典文本与哲学关系
李达 马克思主义哲学中国化,1751_李达_马克思主义哲学中国化.md,马克思主义哲学中国化 中国哲学传统,0725_马克思主义哲学中国化_中国哲学传统.md,55.0,马克思恩格斯经典文本与哲学关系
国家主义 民族主义,1752_国家主义_民族主义.md,国家主义 青年,1726_国家主义_青年.md,29.38,思想论战与文化批判
国家主义 民族主义,1752_国家主义_民族主义.md,国际主义 民族主义 中国共产党,1176_国际主义_民族主义_中国共产党.md,27.69,思想论战与文化批判
国家主义 民族主义,1752_国家主义_民族主义.md,20年代 国家主义,1833_20年代_国家主义.md,27.5,思想论战与文化批判
国家主义 民族主义,1752_国家主义_民族主义.md,国家主义 工商政策 科学教育 网罗,1409_国家主义_工商政策_科学教育_网罗.md,24.69,思想论战与文化批判
国家主义 民族主义,1752_国家主义_民族主义.md,国家主义派 国际主义 批判,1294_国家主义派_国际主义_批判.md,6.25,思想论战与文化批判
列宁 唯物主义,1753_列宁_唯物主义.md,列宁 唯物主义 经验批判论,0837_列宁_唯物主义_经验批判论.md,42.5,列宁哲学与社会主义实践
列宁 唯物主义,1753_列宁_唯物主义.md,唯心主义 唯物主义,1721_唯心主义_唯物主义.md,29.38,列宁哲学与社会主义实践
列宁 唯物主义,1753_列宁_唯物主义.md,唯物主义 辩证法,1747_唯物主义_辩证法.md,29.38,列宁哲学与社会主义实践
列宁 唯物主义,1753_列宁_唯物主义.md,费尔巴哈 唯物主义 基本内核,0024_费尔巴哈_唯物主义_基本内核.md,25.77,列宁哲学与社会主义实践
列宁 唯物主义,1753_列宁_唯物主义.md,战斗唯物主义 意义 列宁,0886_战斗唯物主义_意义_列宁.md,20.0,列宁哲学与社会主义实践
李达 马克思主义哲学研究,1754_李达_马克思主义哲学研究.md,毛泽东 马克思主义哲学研究,1756_毛泽东_马克思主义哲学研究.md,55.38,马克思恩格斯经典文本与哲学关系
李达 马克思主义哲学研究,1754_李达_马克思主义哲学研究.md,国统区 刊物 马克思主义哲学研究,0947_国统区_刊物_马克思主义哲学研究.md,53.33,马克思恩格斯经典文本与哲学关系
李达 马克思主义哲学研究,1754_李达_马克思主义哲学研究.md,李达 马克思主义哲学 研究,0267_李达_马克思主义哲学_研究.md,35.0,马克思恩格斯经典文本与哲学关系
李达 马克思主义哲学研究,1754_李达_马克思主义哲学研究.md,李达 马克思主义哲学 泰斗,0355_李达_马克思主义哲学_泰斗.md,26.67,马克思恩格斯经典文本与哲学关系
李达 马克思主义哲学研究,1754_李达_马克思主义哲学研究.md,李达 马克思主义哲学 中国化,0301_李达_马克思主义哲学_中国化.md,25.38,马克思恩格斯经典文本与哲学关系
民主革命 策略,1755_民主革命_策略.md,无产阶级 民主革命 领导权,1297_无产阶级_民主革命_领导权.md,26.25,中国近代启蒙与民主革命
民主革命 策略,1755_民主革命_策略.md,国共合作 党内合作 策略,1160_国共合作_党内合作_策略.md,12.08,中国近代启蒙与民主革命
民主革命 策略,1755_民主革命_策略.md,中国资产阶级 敌友 策略,1167_中国资产阶级_敌友_策略.md,11.92,中国近代启蒙与民主革命
民主革命 策略,1755_民主革命_策略.md,共产国际 民族民主革命 方针,1158_共产国际_民族民主革命_方针.md,5.77,中国近代启蒙与民主革命
民主革命 策略,1755_民主革命_策略.md,中国国情 民主革命纲领 制订,1296_中国国情_民主革命纲领_制订.md,5.77,中国近代启蒙与民主革命
毛泽东 马克思主义哲学研究,1756_毛泽东_马克思主义哲学研究.md,李达 马克思主义哲学研究,1754_李达_马克思主义哲学研究.md,55.38,马克思恩格斯经典文本与哲学关系
毛泽东 马克思主义哲学研究,1756_毛泽东_马克思主义哲学研究.md,国统区 刊物 马克思主义哲学研究,0947_国统区_刊物_马克思主义哲学研究.md,52.5,马克思恩格斯经典文本与哲学关系
毛泽东 马克思主义哲学研究,1756_毛泽东_马克思主义哲学研究.md,毛泽东 马克思主义哲学 中国化,0615_毛泽东_马克思主义哲学_中国化.md,31.07,马克思恩格斯经典文本与哲学关系
毛泽东 马克思主义哲学研究,1756_毛泽东_马克思主义哲学研究.md,毛泽东 马克思主义哲学中国化,1748_毛泽东_马克思主义哲学中国化.md,31.07,马克思恩格斯经典文本与哲学关系
毛泽东 马克思主义哲学研究,1756_毛泽东_马克思主义哲学研究.md,中国马克思主义 毛泽东,1982_中国马克思主义_毛泽东.md,25.71,马克思恩格斯经典文本与哲学关系
资产阶级 马克思,1757_资产阶级_马克思.md,无产阶级 马克思,1781_无产阶级_马克思.md,32.86,马克思恩格斯经典文本与哲学关系
资产阶级 马克思,1757_资产阶级_马克思.md,俄国 资产阶级,1691_俄国_资产阶级.md,29.38,马克思恩格斯经典文本与哲学关系
资产阶级 马克思,1757_资产阶级_马克思.md,法国 资产阶级,1703_法国_资产阶级.md,29.38,马克思恩格斯经典文本与哲学关系
资产阶级 马克思,1757_资产阶级_马克思.md,无产阶级 资产阶级,1705_无产阶级_资产阶级.md,29.38,马克思恩格斯经典文本与哲学关系
资产阶级 马克思,1757_资产阶级_马克思.md,斗争 资产阶级,1717_斗争_资产阶级.md,29.38,马克思恩格斯经典文本与哲学关系
俄国 社会主义,1758_俄国_社会主义.md,德国 社会主义,1772_德国_社会主义.md,36.67,政治经济学与资本主义批判
俄国 社会主义,1758_俄国_社会主义.md,法国 社会主义,1817_法国_社会主义.md,36.67,政治经济学与资本主义批判
俄国 社会主义,1758_俄国_社会主义.md,社会主义 列宁,1840_社会主义_列宁.md,30.71,政治经济学与资本主义批判
俄国 社会主义,1758_俄国_社会主义.md,观察周刊 社会主义,1647_观察周刊_社会主义.md,28.33,政治经济学与资本主义批判
俄国 社会主义,1758_俄国_社会主义.md,社会主义 资产阶级,1739_社会主义_资产阶级.md,28.33,政治经济学与资本主义批判
新启蒙运动 艾思奇,1759_新启蒙运动_艾思奇.md,国难 新启蒙运动,0376_国难_新启蒙运动.md,36.11,新启蒙运动
新启蒙运动 艾思奇,1759_新启蒙运动_艾思奇.md,新启蒙运动 提出,0377_新启蒙运动_提出.md,36.11,新启蒙运动
新启蒙运动 艾思奇,1759_新启蒙运动_艾思奇.md,抗战 新启蒙运动,1871_抗战_新启蒙运动.md,36.11,新启蒙运动
新启蒙运动 艾思奇,1759_新启蒙运动_艾思奇.md,新启蒙运动 普及,1874_新启蒙运动_普及.md,36.11,新启蒙运动
新启蒙运动 艾思奇,1759_新启蒙运动_艾思奇.md,新启蒙运动 理性运动,0380_新启蒙运动_理性运动.md,35.0,新启蒙运动
帝国主义 德国,1760_帝国主义_德国.md,帝国主义 战争,1720_帝国主义_战争.md,30.71,民族国家与国际关系
帝国主义 德国,1760_帝国主义_德国.md,帝国主义 资本主义,1730_帝国主义_资本主义.md,29.38,民族国家与国际关系
帝国主义 德国,1760_帝国主义_德国.md,列宁 帝国主义 世界历史,0838_列宁_帝国主义_世界历史.md,26.82,民族国家与国际关系
帝国主义 德国,1760_帝国主义_德国.md,帝国主义 中华民族 矛盾,1501_帝国主义_中华民族_矛盾.md,26.82,民族国家与国际关系
帝国主义 德国,1760_帝国主义_德国.md,帝国主义 资本主义最高阶段,1655_帝国主义_资本主义最高阶段.md,26.25,民族国家与国际关系
起源 马克思主义中国化,1761_起源_马克思主义中国化.md,马克思主义中国化 思潮 起源,1812_马克思主义中国化_思潮_起源.md,66.67,马克思恩格斯经典文本与哲学关系
起源 马克思主义中国化,1761_起源_马克思主义中国化.md,马克思主义中国化 起源语境,1619_马克思主义中国化_起源语境.md,56.67,马克思恩格斯经典文本与哲学关系
起源 马克思主义中国化,1761_起源_马克思主义中国化.md,马克思主义中国化 前瞻,1180_马克思主义中国化_前瞻.md,55.91,马克思恩格斯经典文本与哲学关系
起源 马克思主义中国化,1761_起源_马克思主义中国化.md,马克思主义中国化 思潮,1827_马克思主义中国化_思潮.md,55.91,马克思恩格斯经典文本与哲学关系
起源 马克思主义中国化,1761_起源_马克思主义中国化.md,马克思主义中国化 重建,1828_马克思主义中国化_重建.md,55.91,马克思恩格斯经典文本与哲学关系
经验 马赫主义,1762_经验_马赫主义.md,唯心主义 马赫主义,1728_唯心主义_马赫主义.md,29.38,列宁哲学与社会主义实践
经验 马赫主义,1762_经验_马赫主义.md,马赫主义 斗争 经验批判论,1590_马赫主义_斗争_经验批判论.md,29.09,列宁哲学与社会主义实践
经验 马赫主义,1762_经验_马赫主义.md,唯物主义和经验批判主义 马赫主义,1653_唯物主义和经验批判主义_马赫主义.md,27.69,列宁哲学与社会主义实践
经验 马赫主义,1762_经验_马赫主义.md,马赫主义 批判 反映论,1538_马赫主义_批判_反映论.md,27.5,列宁哲学与社会主义实践
经验 马赫主义,1762_经验_马赫主义.md,马赫主义 空间 时间 因果性 物质,1539_马赫主义_空间_时间_因果性_物质.md,25.36,列宁哲学与社会主义实践
马克思恩格斯 马列著作,1763_马克思恩格斯_马列著作.md,德国 马克思恩格斯,1715_德国_马克思恩格斯.md,41.36,马克思恩格斯经典文本与哲学关系
马克思恩格斯 马列著作,1763_马克思恩格斯_马列著作.md,英国 马克思恩格斯,1735_英国_马克思恩格斯.md,41.36,马克思恩格斯经典文本与哲学关系
马克思恩格斯 马列著作,1763_马克思恩格斯_马列著作.md,列宁 马克思恩格斯,1780_列宁_马克思恩格斯.md,41.36,马克思恩格斯经典文本与哲学关系
马克思恩格斯 马列著作,1763_马克思恩格斯_马列著作.md,暴力革命 和平手段 马克思恩格斯,1187_暴力革命_和平手段_马克思恩格斯.md,37.35,马克思恩格斯经典文本与哲学关系
马克思恩格斯 马列著作,1763_马克思恩格斯_马列著作.md,马克思恩格斯 生平 思想 早期介绍,1286_马克思恩格斯_生平_思想_早期介绍.md,37.35,马克思恩格斯经典文本与哲学关系
无产阶级 法国,1764_无产阶级_法国.md,无产阶级 资产阶级,1705_无产阶级_资产阶级.md,30.71,阶级斗争与社会革命理论
无产阶级 法国,1764_无产阶级_法国.md,俄国 无产阶级,1712_俄国_无产阶级.md,30.71,阶级斗争与社会革命理论
无产阶级 法国,1764_无产阶级_法国.md,农民 无产阶级,1807_农民_无产阶级.md,30.71,阶级斗争与社会革命理论
无产阶级 法国,1764_无产阶级_法国.md,无产阶级 列宁,1839_无产阶级_列宁.md,30.71,阶级斗争与社会革命理论
无产阶级 法国,1764_无产阶级_法国.md,无产阶级 马克思,1781_无产阶级_马克思.md,29.38,阶级斗争与社会革命理论
儒学 意识形态,1765_儒学_意识形态.md,意识 意识形态 历史,1089_意识_意识形态_历史.md,29.38,哲学基本范畴与辩证法原理
儒学 意识形态,1765_儒学_意识形态.md,意识形态 马克思,1790_意识形态_马克思.md,29.38,哲学基本范畴与辩证法原理
儒学 意识形态,1765_儒学_意识形态.md,经济基础 上层建筑 意识形态,1681_经济基础_上层建筑_意识形态.md,25.77,哲学基本范畴与辩证法原理
儒学 意识形态,1765_儒学_意识形态.md,中国文化 儒学,1731_中国文化_儒学.md,12.78,哲学基本范畴与辩证法原理
儒学 意识形态,1765_儒学_意识形态.md,儒学 衰落 西学 兴起,0684_儒学_衰落_西学_兴起.md,12.27,哲学基本范畴与辩证法原理
唯心主义 辩证唯物主义,1766_唯心主义_辩证唯物主义.md,历史唯物主义 辩证唯物主义,1707_历史唯物主义_辩证唯物主义.md,45.0,辩证唯物主义体系
唯心主义 辩证唯物主义,1766_唯心主义_辩证唯物主义.md,历史唯物主义 辩证唯物主义 列宁,1800_历史唯物主义_辩证唯物主义_列宁.md,42.5,辩证唯物主义体系
唯心主义 辩证唯物主义,1766_唯心主义_辩证唯物主义.md,辩证唯物主义 研讨 争论,0981_辩证唯物主义_研讨_争论.md,40.42,辩证唯物主义体系
唯心主义 辩证唯物主义,1766_唯心主义_辩证唯物主义.md,毛泽东 共产主义 辩证唯物主义 转变,0577_毛泽东_共产主义_辩证唯物主义_转变.md,40.0,辩证唯物主义体系
唯心主义 辩证唯物主义,1766_唯心主义_辩证唯物主义.md,瞿秋白 辩证唯物主义 传播,0335_瞿秋白_辩证唯物主义_传播.md,39.62,辩证唯物主义体系
劳动 工人阶级,1767_劳动_工人阶级.md,工人阶级 英国,1737_工人阶级_英国.md,30.71,政治经济学与资本主义批判
劳动 工人阶级,1767_劳动_工人阶级.md,工人阶级 斗争,1778_工人阶级_斗争.md,30.71,政治经济学与资本主义批判
劳动 工人阶级,1767_劳动_工人阶级.md,工人阶级 白领工人 蓝领工人,1470_工人阶级_白领工人_蓝领工人.md,27.5,政治经济学与资本主义批判
劳动 工人阶级,1767_劳动_工人阶级.md,民族工业 工人阶级 壮大,1423_民族工业_工人阶级_壮大.md,26.82,政治经济学与资本主义批判
劳动 工人阶级,1767_劳动_工人阶级.md,过渡时期 工人阶级 民族资产阶级 矛盾,0680_过渡时期_工人阶级_民族资产阶级_矛盾.md,24.69,政治经济学与资本主义批判
翻译出版 马列著作,1768_翻译出版_马列著作.md,马列著作 翻译出版 新中国,0637_马列著作_翻译出版_新中国.md,53.64,社会主义建设时期哲学讨论与反思
翻译出版 马列著作,1768_翻译出版_马列著作.md,苏联哲学家 著作 翻译出版,0907_苏联哲学家_著作_翻译出版.md,27.69,社会主义建设时期哲学讨论与反思
翻译出版 马列著作,1768_翻译出版_马列著作.md,马克思主义哲学 经典著作 翻译出版,0104_马克思主义哲学_经典著作_翻译出版.md,25.88,社会主义建设时期哲学讨论与反思
翻译出版 马列著作,1768_翻译出版_马列著作.md,马克思恩格斯 马列著作,1763_马克思恩格斯_马列著作.md,25.77,社会主义建设时期哲学讨论与反思
翻译出版 马列著作,1768_翻译出版_马列著作.md,五四时期 马克思主义著作 翻译 出版,0144_五四时期_马克思主义著作_翻译_出版.md,5.88,社会主义建设时期哲学讨论与反思
大众哲学 艾思奇,1769_大众哲学_艾思奇.md,艾思奇 大众哲学 贡献,0359_艾思奇_大众哲学_贡献.md,48.89,艾思奇与大众哲学
大众哲学 艾思奇,1769_大众哲学_艾思奇.md,艾思奇 大众哲学 中国化,0370_艾思奇_大众哲学_中国化.md,47.5,艾思奇与大众哲学
大众哲学 艾思奇,1769_大众哲学_艾思奇.md,艾思奇 大众哲学 哲学大众化,0371_艾思奇_大众哲学_哲学大众化.md,47.5,艾思奇与大众哲学
大众哲学 艾思奇,1769_大众哲学_艾思奇.md,艾思奇 大众哲学 大众化形态,0357_艾思奇_大众哲学_大众化形态.md,46.36,艾思奇与大众哲学
大众哲学 艾思奇,1769_大众哲学_艾思奇.md,艾思奇 大众哲学 通俗著作,0389_艾思奇_大众哲学_通俗著作.md,46.36,艾思奇与大众哲学
什么是新启蒙运动 张申府,1770_什么是新启蒙运动_张申府.md,什么是新启蒙运动,1869_什么是新启蒙运动.md,57.5,新启蒙运动
什么是新启蒙运动 张申府,1770_什么是新启蒙运动_张申府.md,什么是新启蒙运动 艾思奇,0427_什么是新启蒙运动_艾思奇.md,53.46,新启蒙运动
什么是新启蒙运动 张申府,1770_什么是新启蒙运动_张申府.md,张申府 新启蒙运动,1742_张申府_新启蒙运动.md,28.64,新启蒙运动
什么是新启蒙运动 张申府,1770_什么是新启蒙运动_张申府.md,张申府 新启蒙运动 民主,1614_张申府_新启蒙运动_民主.md,26.54,新启蒙运动
什么是新启蒙运动 张申府,1770_什么是新启蒙运动_张申府.md,张申府 新哲学 思想,0369_张申府_新哲学_思想.md,18.33,新启蒙运动
无产阶级 资本主义,1771_无产阶级_资本主义.md,资产阶级 资本主义,1743_资产阶级_资本主义.md,38.75,政治经济学与资本主义批判
无产阶级 资本主义,1771_无产阶级_资本主义.md,无产阶级 资产阶级,1705_无产阶级_资产阶级.md,32.5,政治经济学与资本主义批判
无产阶级 资本主义,1771_无产阶级_资本主义.md,劳动 资本主义,1710_劳动_资本主义.md,28.33,政治经济学与资本主义批判
无产阶级 资本主义,1771_无产阶级_资本主义.md,俄国 无产阶级,1712_俄国_无产阶级.md,28.33,政治经济学与资本主义批判
无产阶级 资本主义,1771_无产阶级_资本主义.md,俄国 资本主义,1713_俄国_资本主义.md,28.33,政治经济学与资本主义批判
德国 社会主义,1772_德国_社会主义.md,俄国 社会主义,1758_俄国_社会主义.md,36.67,政治经济学与资本主义批判
德国 社会主义,1772_德国_社会主义.md,法国 社会主义,1817_法国_社会主义.md,36.67,政治经济学与资本主义批判
德国 社会主义,1772_德国_社会主义.md,社会主义 列宁,1840_社会主义_列宁.md,30.71,政治经济学与资本主义批判
德国 社会主义,1772_德国_社会主义.md,观察周刊 社会主义,1647_观察周刊_社会主义.md,28.33,政治经济学与资本主义批判
德国 社会主义,1772_德国_社会主义.md,社会主义 资产阶级,1739_社会主义_资产阶级.md,28.33,政治经济学与资本主义批判
大众哲学 新哲学,1773_大众哲学_新哲学.md,大众哲学,1849_大众哲学.md,35.0,艾思奇与大众哲学
大众哲学 新哲学,1773_大众哲学_新哲学.md,大众哲学 艾思奇,1769_大众哲学_艾思奇.md,29.38,艾思奇与大众哲学
大众哲学 新哲学,1773_大众哲学_新哲学.md,现象 本质 大众哲学,0399_现象_本质_大众哲学.md,28.33,艾思奇与大众哲学
大众哲学 新哲学,1773_大众哲学_新哲学.md,形式 内容 大众哲学,0400_形式_内容_大众哲学.md,28.33,艾思奇与大众哲学
大众哲学 新哲学,1773_大众哲学_新哲学.md,大众哲学 日常生活,1632_大众哲学_日常生活.md,28.33,艾思奇与大众哲学
德国 费尔巴哈,1774_德国_费尔巴哈.md,费尔巴哈 唯物主义 基本内核,0024_费尔巴哈_唯物主义_基本内核.md,25.77,马克思恩格斯经典文本与哲学关系
德国 费尔巴哈,1774_德国_费尔巴哈.md,新哲学 诞生 黑格尔 费尔巴哈,0419_新哲学_诞生_黑格尔_费尔巴哈.md,25.77,马克思恩格斯经典文本与哲学关系
德国 费尔巴哈,1774_德国_费尔巴哈.md,德国 资产阶级,1719_德国_资产阶级.md,12.78,马克思恩格斯经典文本与哲学关系
德国 费尔巴哈,1774_德国_费尔巴哈.md,农民战争 德国,1738_农民战争_德国.md,12.78,马克思恩格斯经典文本与哲学关系
德国 费尔巴哈,1774_德国_费尔巴哈.md,帝国主义 德国,1760_帝国主义_德国.md,12.78,马克思恩格斯经典文本与哲学关系
唯物史观 李大钊,1775_唯物史观_李大钊.md,李大钊 唯物史观 研究,0258_李大钊_唯物史观_研究.md,48.89,历史唯物主义体系
唯物史观 李大钊,1775_唯物史观_李大钊.md,李大钊 唯物史观 初步应用,0272_李大钊_唯物史观_初步应用.md,46.36,历史唯物主义体系
唯物史观 李大钊,1775_唯物史观_李大钊.md,李大钊 社会改造 唯物史观,0274_李大钊_社会改造_唯物史观.md,46.36,历史唯物主义体系
唯物史观 李大钊,1775_唯物史观_李大钊.md,李大钊 阶级斗争 唯物史观,0280_李大钊_阶级斗争_唯物史观.md,46.36,历史唯物主义体系
唯物史观 李大钊,1775_唯物史观_李大钊.md,李大钊 唯物史观 史学要论,0302_李大钊_唯物史观_史学要论.md,46.36,历史唯物主义体系
仁学 谭嗣同,1776_仁学_谭嗣同.md,谭嗣同 仁学 个性解放,0163_谭嗣同_仁学_个性解放.md,33.33,中国近代启蒙与民主革命
仁学 谭嗣同,1776_仁学_谭嗣同.md,谭嗣同 仁学 冲决网罗,0175_谭嗣同_仁学_冲决网罗.md,33.33,中国近代启蒙与民主革命
仁学 谭嗣同,1776_仁学_谭嗣同.md,谭嗣同 冲决网罗 仁学,0248_谭嗣同_冲决网罗_仁学.md,33.33,中国近代启蒙与民主革命
仁学 谭嗣同,1776_仁学_谭嗣同.md,康有为 谭嗣同,1727_康有为_谭嗣同.md,22.14,中国近代启蒙与民主革命
仁学 谭嗣同,1776_仁学_谭嗣同.md,谭嗣同 以太说 唯名论,0249_谭嗣同_以太说_唯名论.md,20.0,中国近代启蒙与民主革命
机械论者 辩证法,1777_机械论者_辩证法.md,苏联哲学 机械论者 辩证论者,0830_苏联哲学_机械论者_辩证论者.md,31.36,辩证唯物主义体系
机械论者 辩证法,1777_机械论者_辩证法.md,机械论者 辩证论者 自然科学,1275_机械论者_辩证论者_自然科学.md,31.36,辩证唯物主义体系
机械论者 辩证法,1777_机械论者_辩证法.md,苏联哲学 机械论者 辩证论者 论争,0893_苏联哲学_机械论者_辩证论者_论争.md,29.62,辩证唯物主义体系
机械论者 辩证法,1777_机械论者_辩证法.md,进攻 防御 辩证法,1325_进攻_防御_辩证法.md,20.0,辩证唯物主义体系
机械论者 辩证法,1777_机械论者_辩证法.md,持久 速决 辩证法,1326_持久_速决_辩证法.md,20.0,辩证唯物主义体系
工人阶级 斗争,1778_工人阶级_斗争.md,工人阶级 英国,1737_工人阶级_英国.md,30.71,阶级斗争与社会革命理论
工人阶级 斗争,1778_工人阶级_斗争.md,劳动 工人阶级,1767_劳动_工人阶级.md,30.71,阶级斗争与社会革命理论
工人阶级 斗争,1778_工人阶级_斗争.md,工人阶级 白领工人 蓝领工人,1470_工人阶级_白领工人_蓝领工人.md,27.5,阶级斗争与社会革命理论
工人阶级 斗争,1778_工人阶级_斗争.md,民族工业 工人阶级 壮大,1423_民族工业_工人阶级_壮大.md,26.82,阶级斗争与社会革命理论
工人阶级 斗争,1778_工人阶级_斗争.md,过渡时期 工人阶级 民族资产阶级 矛盾,0680_过渡时期_工人阶级_民族资产阶级_矛盾.md,24.69,阶级斗争与社会革命理论
自然科学 黑格尔,1779_自然科学_黑格尔.md,德国 自然科学,1786_德国_自然科学.md,29.38,自然科学哲学与科学方法
自然科学 黑格尔,1779_自然科学_黑格尔.md,自然辩证法 自然科学,1667_自然辩证法_自然科学.md,27.5,自然科学哲学与科学方法
自然科学 黑格尔,1779_自然科学_黑格尔.md,自然科学 人生观 影响,0210_自然科学_人生观_影响.md,26.82,自然科学哲学与科学方法
自然科学 黑格尔,1779_自然科学_黑格尔.md,自然科学 唯物论 观念论,0415_自然科学_唯物论_观念论.md,26.25,自然科学哲学与科学方法
自然科学 黑格尔,1779_自然科学_黑格尔.md,胡适 理性主义 自然科学,0475_胡适_理性主义_自然科学.md,26.25,自然科学哲学与科学方法
列宁 马克思恩格斯,1780_列宁_马克思恩格斯.md,德国 马克思恩格斯,1715_德国_马克思恩格斯.md,43.89,列宁哲学与社会主义实践
列宁 马克思恩格斯,1780_列宁_马克思恩格斯.md,英国 马克思恩格斯,1735_英国_马克思恩格斯.md,43.89,列宁哲学与社会主义实践
列宁 马克思恩格斯,1780_列宁_马克思恩格斯.md,马克思恩格斯 马列著作,1763_马克思恩格斯_马列著作.md,41.36,列宁哲学与社会主义实践
列宁 马克思恩格斯,1780_列宁_马克思恩格斯.md,暴力革命 和平手段 马克思恩格斯,1187_暴力革命_和平手段_马克思恩格斯.md,38.33,列宁哲学与社会主义实践
列宁 马克思恩格斯,1780_列宁_马克思恩格斯.md,马克思恩格斯 生平 思想 早期介绍,1286_马克思恩格斯_生平_思想_早期介绍.md,38.33,列宁哲学与社会主义实践
无产阶级 马克思,1781_无产阶级_马克思.md,资产阶级 马克思,1757_资产阶级_马克思.md,32.86,马克思恩格斯经典文本与哲学关系
无产阶级 马克思,1781_无产阶级_马克思.md,无产阶级 资产阶级,1705_无产阶级_资产阶级.md,29.38,马克思恩格斯经典文本与哲学关系
无产阶级 马克思,1781_无产阶级_马克思.md,俄国 无产阶级,1712_俄国_无产阶级.md,29.38,马克思恩格斯经典文本与哲学关系
无产阶级 马克思,1781_无产阶级_马克思.md,无产阶级 法国,1764_无产阶级_法国.md,29.38,马克思恩格斯经典文本与哲学关系
无产阶级 马克思,1781_无产阶级_马克思.md,农民 无产阶级,1807_农民_无产阶级.md,29.38,马克思恩格斯经典文本与哲学关系
共产主义 劳动,1782_共产主义_劳动.md,共产主义 翻译,1837_共产主义_翻译.md,30.71,政治经济学与资本主义批判
共产主义 劳动,1782_共产主义_劳动.md,共产主义 社会主义 发展经验,1477_共产主义_社会主义_发展经验.md,26.25,政治经济学与资本主义批判
共产主义 劳动,1782_共产主义_劳动.md,毛泽东 共产主义 辩证唯物主义 转变,0577_毛泽东_共产主义_辩证唯物主义_转变.md,25.0,政治经济学与资本主义批判
共产主义 劳动,1782_共产主义_劳动.md,劳动 资本主义,1710_劳动_资本主义.md,16.25,政治经济学与资本主义批判
共产主义 劳动,1782_共产主义_劳动.md,剩余价值 劳动,1625_剩余价值_劳动.md,12.78,政治经济学与资本主义批判
五四新文化 新文化运动,1783_五四新文化_新文化运动.md,新文化运动 五四运动 学术史,0118_新文化运动_五四运动_学术史.md,35.42,五四新文化与马克思主义早期传播
五四新文化 新文化运动,1783_五四新文化_新文化运动.md,五四新文化 民主 科学,0166_五四新文化_民主_科学.md,34.09,五四新文化与马克思主义早期传播
五四新文化 新文化运动,1783_五四新文化_新文化运动.md,五四新文化 传统 反传统,0182_五四新文化_传统_反传统.md,34.09,五四新文化与马克思主义早期传播
五四新文化 新文化运动,1783_五四新文化_新文化运动.md,五四以前 新文化运动 意义 局限,0127_五四以前_新文化运动_意义_局限.md,33.93,五四新文化与马克思主义早期传播
五四新文化 新文化运动,1783_五四新文化_新文化运动.md,新文化运动 价值观 变革,0133_新文化运动_价值观_变革.md,33.33,五四新文化与马克思主义早期传播
改良派 资产阶级,1784_改良派_资产阶级.md,俄国 资产阶级,1691_俄国_资产阶级.md,29.38,阶级斗争与社会革命理论
改良派 资产阶级,1784_改良派_资产阶级.md,法国 资产阶级,1703_法国_资产阶级.md,29.38,阶级斗争与社会革命理论
改良派 资产阶级,1784_改良派_资产阶级.md,无产阶级 资产阶级,1705_无产阶级_资产阶级.md,29.38,阶级斗争与社会革命理论
改良派 资产阶级,1784_改良派_资产阶级.md,斗争 资产阶级,1717_斗争_资产阶级.md,29.38,阶级斗争与社会革命理论
改良派 资产阶级,1784_改良派_资产阶级.md,英国 资产阶级,1718_英国_资产阶级.md,29.38,阶级斗争与社会革命理论
马克思主义哲学教科书 中国马克思主义哲学 教科书编写,1785_马克思主义哲学教科书_中国马克思主义哲学_教科书编写.md,中国马克思主义哲学 教科书 建构,0931_中国马克思主义哲学_教科书_建构.md,57.19,马克思主义哲学教科书体系
马克思主义哲学教科书 中国马克思主义哲学 教科书编写,1785_马克思主义哲学教科书_中国马克思主义哲学_教科书编写.md,马克思主义哲学教科书 编写 演化,1636_马克思主义哲学教科书_编写_演化.md,57.19,马克思主义哲学教科书体系
马克思主义哲学教科书 中国马克思主义哲学 教科书编写,1785_马克思主义哲学教科书_中国马克思主义哲学_教科书编写.md,全国通用 马克思主义哲学教科书 编写,0932_全国通用_马克思主义哲学教科书_编写.md,55.28,马克思主义哲学教科书体系
马克思主义哲学教科书 中国马克思主义哲学 教科书编写,1785_马克思主义哲学教科书_中国马克思主义哲学_教科书编写.md,中国马克思主义哲学 转换,1819_中国马克思主义哲学_转换.md,52.5,马克思主义哲学教科书体系
马克思主义哲学教科书 中国马克思主义哲学 教科书编写,1785_马克思主义哲学教科书_中国马克思主义哲学_教科书编写.md,中国马克思主义哲学 中国之根 问题,0720_中国马克思主义哲学_中国之根_问题.md,50.53,马克思主义哲学教科书体系
德国 自然科学,1786_德国_自然科学.md,自然科学 黑格尔,1779_自然科学_黑格尔.md,29.38,自然科学哲学与科学方法
德国 自然科学,1786_德国_自然科学.md,自然辩证法 自然科学,1667_自然辩证法_自然科学.md,28.33,自然科学哲学与科学方法
德国 自然科学,1786_德国_自然科学.md,自然科学 人生观 影响,0210_自然科学_人生观_影响.md,27.5,自然科学哲学与科学方法
德国 自然科学,1786_德国_自然科学.md,自然科学 唯物论 观念论,0415_自然科学_唯物论_观念论.md,26.82,自然科学哲学与科学方法
德国 自然科学,1786_德国_自然科学.md,胡适 理性主义 自然科学,0475_胡适_理性主义_自然科学.md,26.82,自然科学哲学与科学方法
中国马克思主义哲学 当代中国马克思主义 哲学大众化,1787_中国马克思主义哲学_当代中国马克思主义_哲学大众化.md,中国马克思主义哲学 转换,1819_中国马克思主义哲学_转换.md,52.5,新哲学大众化运动
中国马克思主义哲学 当代中国马克思主义 哲学大众化,1787_中国马克思主义哲学_当代中国马克思主义_哲学大众化.md,中国马克思主义哲学 中国之根 问题,0720_中国马克思主义哲学_中国之根_问题.md,50.53,新哲学大众化运动
中国马克思主义哲学 当代中国马克思主义 哲学大众化,1787_中国马克思主义哲学_当代中国马克思主义_哲学大众化.md,中国马克思主义哲学 教科书 建构,0931_中国马克思主义哲学_教科书_建构.md,50.53,新哲学大众化运动
中国马克思主义哲学 当代中国马克思主义 哲学大众化,1787_中国马克思主义哲学_当代中国马克思主义_哲学大众化.md,马克思主义在中国 马克思主义中国化 当代中国马克思主义,0965_马克思主义在中国_马克思主义中国化_当代中国马克思主义.md,50.53,新哲学大众化运动
中国马克思主义哲学 当代中国马克思主义 哲学大众化,1787_中国马克思主义哲学_当代中国马克思主义_哲学大众化.md,中国马克思主义哲学 何以是中国的哲学,0724_中国马克思主义哲学_何以是中国的哲学.md,50.0,新哲学大众化运动
中国马克思主义 马克思主义者,1788_中国马克思主义_马克思主义者.md,中国马克思主义 毛泽东,1982_中国马克思主义_毛泽东.md,48.64,马克思恩格斯经典文本与哲学关系
中国马克思主义 马克思主义者,1788_中国马克思主义_马克思主义者.md,中国马克思主义 概念界定,1629_中国马克思主义_概念界定.md,47.5,马克思恩格斯经典文本与哲学关系
中国马克思主义 马克思主义者,1788_中国马克思主义_马克思主义者.md,中国马克思主义 历史使命,1818_中国马克思主义_历史使命.md,47.5,马克思恩格斯经典文本与哲学关系
中国马克思主义 马克思主义者,1788_中国马克思主义_马克思主义者.md,中国马克思主义 学术史 研究,0915_中国马克思主义_学术史_研究.md,46.54,马克思恩格斯经典文本与哲学关系
中国马克思主义 马克思主义者,1788_中国马克思主义_马克思主义者.md,中国马克思主义 学术史 起步,0917_中国马克思主义_学术史_起步.md,46.54,马克思恩格斯经典文本与哲学关系
唯物辩证法论战 马克思主义哲学 哲学大众化,1789_唯物辩证法论战_马克思主义哲学_哲学大众化.md,唯物辩证法论战 马克思主义哲学,1426_唯物辩证法论战_马克思主义哲学.md,89.12,思想论战与文化批判
唯物辩证法论战 马克思主义哲学 哲学大众化,1789_唯物辩证法论战_马克思主义哲学_哲学大众化.md,马克思主义哲学 哲学大众化,1813_马克思主义哲学_哲学大众化.md,74.71,思想论战与文化批判
唯物辩证法论战 马克思主义哲学 哲学大众化,1789_唯物辩证法论战_马克思主义哲学_哲学大众化.md,马克思主义哲学 哲学大众化 大众哲学,1791_马克思主义哲学_哲学大众化_大众哲学.md,73.16,思想论战与文化批判
唯物辩证法论战 马克思主义哲学 哲学大众化,1789_唯物辩证法论战_马克思主义哲学_哲学大众化.md,马克思主义哲学 哲学大众化 艾思奇,1798_马克思主义哲学_哲学大众化_艾思奇.md,72.5,思想论战与文化批判
唯物辩证法论战 马克思主义哲学 哲学大众化,1789_唯物辩证法论战_马克思主义哲学_哲学大众化.md,马克思主义哲学 哲学大众化 延安时期,1792_马克思主义哲学_哲学大众化_延安时期.md,71.9,思想论战与文化批判
意识形态 马克思,1790_意识形态_马克思.md,儒学 意识形态,1765_儒学_意识形态.md,29.38,马克思恩格斯经典文本与哲学关系
意识形态 马克思,1790_意识形态_马克思.md,意识 意识形态 历史,1089_意识_意识形态_历史.md,28.33,马克思恩格斯经典文本与哲学关系
意识形态 马克思,1790_意识形态_马克思.md,经济基础 上层建筑 意识形态,1681_经济基础_上层建筑_意识形态.md,25.36,马克思恩格斯经典文本与哲学关系
意识形态 马克思,1790_意识形态_马克思.md,马克思 列宁,1843_马克思_列宁.md,21.25,马克思恩格斯经典文本与哲学关系
意识形态 马克思,1790_意识形态_马克思.md,中国文化 马克思,1736_中国文化_马克思.md,20.0,马克思恩格斯经典文本与哲学关系
马克思主义哲学 哲学大众化 大众哲学,1791_马克思主义哲学_哲学大众化_大众哲学.md,马克思主义哲学 哲学大众化,1813_马克思主义哲学_哲学大众化.md,80.83,艾思奇与大众哲学
马克思主义哲学 哲学大众化 大众哲学,1791_马克思主义哲学_哲学大众化_大众哲学.md,马克思主义哲学 哲学大众化 艾思奇,1798_马克思主义哲学_哲学大众化_艾思奇.md,76.67,艾思奇与大众哲学
马克思主义哲学 哲学大众化 大众哲学,1791_马克思主义哲学_哲学大众化_大众哲学.md,马克思主义哲学 哲学大众化 延安时期,1792_马克思主义哲学_哲学大众化_延安时期.md,75.62,艾思奇与大众哲学
马克思主义哲学 哲学大众化 大众哲学,1791_马克思主义哲学_哲学大众化_大众哲学.md,大众哲学 马克思主义哲学 大众化,0360_大众哲学_马克思主义哲学_大众化.md,74.23,艾思奇与大众哲学
马克思主义哲学 哲学大众化 大众哲学,1791_马克思主义哲学_哲学大众化_大众哲学.md,唯物辩证法论战 马克思主义哲学 哲学大众化,1789_唯物辩证法论战_马克思主义哲学_哲学大众化.md,73.16,艾思奇与大众哲学
马克思主义哲学 哲学大众化 延安时期,1792_马克思主义哲学_哲学大众化_延安时期.md,马克思主义哲学 哲学大众化,1813_马克思主义哲学_哲学大众化.md,77.86,新哲学大众化运动
马克思主义哲学 哲学大众化 延安时期,1792_马克思主义哲学_哲学大众化_延安时期.md,马克思主义哲学 哲学大众化 大众哲学,1791_马克思主义哲学_哲学大众化_大众哲学.md,75.62,新哲学大众化运动
马克思主义哲学 哲学大众化 延安时期,1792_马克思主义哲学_哲学大众化_延安时期.md,马克思主义哲学 哲学大众化 艾思奇,1798_马克思主义哲学_哲学大众化_艾思奇.md,74.71,新哲学大众化运动
马克思主义哲学 哲学大众化 延安时期,1792_马克思主义哲学_哲学大众化_延安时期.md,唯物辩证法论战 马克思主义哲学 哲学大众化,1789_唯物辩证法论战_马克思主义哲学_哲学大众化.md,71.9,新哲学大众化运动
马克思主义哲学 哲学大众化 延安时期,1792_马克思主义哲学_哲学大众化_延安时期.md,延安时期 马克思主义哲学 创作 宣讲,1206_延安时期_马克思主义哲学_创作_宣讲.md,66.84,新哲学大众化运动
马克思主义哲学中国化 实践论 矛盾论,1793_马克思主义哲学中国化_实践论_矛盾论.md,实践论 矛盾论 马克思主义哲学中国化 启示,0629_实践论_矛盾论_马克思主义哲学中国化_启示.md,89.44,马克思恩格斯经典文本与哲学关系
马克思主义哲学中国化 实践论 矛盾论,1793_马克思主义哲学中国化_实践论_矛盾论.md,马克思主义哲学中国化 不足,1432_马克思主义哲学中国化_不足.md,53.24,马克思恩格斯经典文本与哲学关系
马克思主义哲学中国化 实践论 矛盾论,1793_马克思主义哲学中国化_实践论_矛盾论.md,李达 马克思主义哲学中国化,1751_李达_马克思主义哲学中国化.md,53.24,马克思恩格斯经典文本与哲学关系
马克思主义哲学中国化 实践论 矛盾论,1793_马克思主义哲学中国化_实践论_矛盾论.md,马克思主义哲学中国化 走向,1816_马克思主义哲学中国化_走向.md,53.24,马克思恩格斯经典文本与哲学关系
马克思主义哲学中国化 实践论 矛盾论,1793_马克思主义哲学中国化_实践论_矛盾论.md,毛泽东 马克思主义哲学中国化,1748_毛泽东_马克思主义哲学中国化.md,52.5,马克思恩格斯经典文本与哲学关系
中华优秀传统文化 基本原理 马克思,1794_中华优秀传统文化_基本原理_马克思.md,中华优秀传统文化 创造性转化,0747_中华优秀传统文化_创造性转化.md,49.21,马克思恩格斯经典文本与哲学关系
中华优秀传统文化 基本原理 马克思,1794_中华优秀传统文化_基本原理_马克思.md,中华优秀传统文化 第二个结合,1628_中华优秀传统文化_第二个结合.md,49.21,马克思恩格斯经典文本与哲学关系
中华优秀传统文化 基本原理 马克思,1794_中华优秀传统文化_基本原理_马克思.md,中华优秀传统文化 革命文化 社会主义先进文化,0749_中华优秀传统文化_革命文化_社会主义先进文化.md,47.29,马克思恩格斯经典文本与哲学关系
中华优秀传统文化 基本原理 马克思,1794_中华优秀传统文化_基本原理_马克思.md,马克思主义 基本原理 中国实际 结合,1106_马克思主义_基本原理_中国实际_结合.md,25.43,马克思恩格斯经典文本与哲学关系
中华优秀传统文化 基本原理 马克思,1794_中华优秀传统文化_基本原理_马克思.md,瞿秋白 历史唯物论 基本原理,0313_瞿秋白_历史唯物论_基本原理.md,23.41,马克思恩格斯经典文本与哲学关系
中国传统文化 新启蒙运动 认识深化,1795_中国传统文化_新启蒙运动_认识深化.md,陈独秀 中国传统文化 批判,0761_陈独秀_中国传统文化_批判.md,36.58,新启蒙运动
中国传统文化 新启蒙运动 认识深化,1795_中国传统文化_新启蒙运动_认识深化.md,中国传统文化 决裂论 土壤论,1627_中国传统文化_决裂论_土壤论.md,36.25,新启蒙运动
中国传统文化 新启蒙运动 认识深化,1795_中国传统文化_新启蒙运动_认识深化.md,中国传统文化 马克思主义 结合,0756_中国传统文化_马克思主义_结合.md,35.95,新启蒙运动
中国传统文化 新启蒙运动 认识深化,1795_中国传统文化_新启蒙运动_认识深化.md,马克思主义 中国传统文化 关系,0764_马克思主义_中国传统文化_关系.md,35.95,新启蒙运动
中国传统文化 新启蒙运动 认识深化,1795_中国传统文化_新启蒙运动_认识深化.md,新启蒙运动 现代中国新文化,0381_新启蒙运动_现代中国新文化.md,32.89,新启蒙运动
马克思主义中国化 中国知识界 论争,1796_马克思主义中国化_中国知识界_论争.md,马克思主义中国化 中国现代性,1624_马克思主义中国化_中国现代性.md,52.5,马克思恩格斯经典文本与哲学关系
马克思主义中国化 中国知识界 论争,1796_马克思主义中国化_中国知识界_论争.md,马克思主义中国化 前瞻,1180_马克思主义中国化_前瞻.md,51.67,马克思恩格斯经典文本与哲学关系
马克思主义中国化 中国知识界 论争,1796_马克思主义中国化_中国知识界_论争.md,起源 马克思主义中国化,1761_起源_马克思主义中国化.md,51.67,马克思恩格斯经典文本与哲学关系
马克思主义中国化 中国知识界 论争,1796_马克思主义中国化_中国知识界_论争.md,马克思主义中国化 思潮,1827_马克思主义中国化_思潮.md,51.67,马克思恩格斯经典文本与哲学关系
马克思主义中国化 中国知识界 论争,1796_马克思主义中国化_中国知识界_论争.md,马克思主义中国化 重建,1828_马克思主义中国化_重建.md,51.67,马克思恩格斯经典文本与哲学关系
马克思主义哲学 中国传统哲学 形态,1797_马克思主义哲学_中国传统哲学_形态.md,马克思主义哲学 中国传统哲学 结合,1417_马克思主义哲学_中国传统哲学_结合.md,83.33,马克思恩格斯经典文本与哲学关系
马克思主义哲学 中国传统哲学 形态,1797_马克思主义哲学_中国传统哲学_形态.md,马克思主义哲学 传播 应用 形态 前景,0045_马克思主义哲学_传播_应用_形态_前景.md,53.75,马克思恩格斯经典文本与哲学关系
马克思主义哲学 中国传统哲学 形态,1797_马克思主义哲学_中国传统哲学_形态.md,马克思主义哲学 中国哲学,1823_马克思主义哲学_中国哲学.md,49.29,马克思恩格斯经典文本与哲学关系
马克思主义哲学 中国传统哲学 形态,1797_马克思主义哲学_中国传统哲学_形态.md,马克思主义哲学 中国传播 源头,0047_马克思主义哲学_中国传播_源头.md,49.06,马克思恩格斯经典文本与哲学关系
马克思主义哲学 中国传统哲学 形态,1797_马克思主义哲学_中国传统哲学_形态.md,马克思主义哲学 中国哲学传统 结合,0726_马克思主义哲学_中国哲学传统_结合.md,48.24,马克思恩格斯经典文本与哲学关系
马克思主义哲学 哲学大众化 艾思奇,1798_马克思主义哲学_哲学大众化_艾思奇.md,马克思主义哲学 哲学大众化,1813_马克思主义哲学_哲学大众化.md,79.23,艾思奇与大众哲学
马克思主义哲学 哲学大众化 艾思奇,1798_马克思主义哲学_哲学大众化_艾思奇.md,马克思主义哲学 哲学大众化 大众哲学,1791_马克思主义哲学_哲学大众化_大众哲学.md,76.67,艾思奇与大众哲学
马克思主义哲学 哲学大众化 艾思奇,1798_马克思主义哲学_哲学大众化_艾思奇.md,马克思主义哲学 哲学大众化 延安时期,1792_马克思主义哲学_哲学大众化_延安时期.md,74.71,艾思奇与大众哲学
马克思主义哲学 哲学大众化 艾思奇,1798_马克思主义哲学_哲学大众化_艾思奇.md,唯物辩证法论战 马克思主义哲学 哲学大众化,1789_唯物辩证法论战_马克思主义哲学_哲学大众化.md,72.5,艾思奇与大众哲学
马克思主义哲学 哲学大众化 艾思奇,1798_马克思主义哲学_哲学大众化_艾思奇.md,艾思奇 马克思主义哲学 大众化,0358_艾思奇_马克思主义哲学_大众化.md,69.64,艾思奇与大众哲学
马克思主义哲学中国化 艾思奇 构想,1799_马克思主义哲学中国化_艾思奇_构想.md,马克思主义哲学中国化 不足,1432_马克思主义哲学中国化_不足.md,54.06,艾思奇与大众哲学
马克思主义哲学中国化 艾思奇 构想,1799_马克思主义哲学中国化_艾思奇_构想.md,李达 马克思主义哲学中国化,1751_李达_马克思主义哲学中国化.md,54.06,艾思奇与大众哲学
马克思主义哲学中国化 艾思奇 构想,1799_马克思主义哲学中国化_艾思奇_构想.md,马克思主义哲学中国化 走向,1816_马克思主义哲学中国化_走向.md,54.06,艾思奇与大众哲学
马克思主义哲学中国化 艾思奇 构想,1799_马克思主义哲学中国化_艾思奇_构想.md,毛泽东 马克思主义哲学中国化,1748_毛泽东_马克思主义哲学中国化.md,53.24,艾思奇与大众哲学
马克思主义哲学中国化 艾思奇 构想,1799_马克思主义哲学中国化_艾思奇_构想.md,马克思主义哲学中国化 现实性,1805_马克思主义哲学中国化_现实性.md,53.24,艾思奇与大众哲学
历史唯物主义 辩证唯物主义 列宁,1800_历史唯物主义_辩证唯物主义_列宁.md,历史唯物主义 辩证唯物主义,1707_历史唯物主义_辩证唯物主义.md,80.0,列宁哲学与社会主义实践
历史唯物主义 辩证唯物主义 列宁,1800_历史唯物主义_辩证唯物主义_列宁.md,辩证唯物主义 历史唯物主义 斯大林,0787_辩证唯物主义_历史唯物主义_斯大林.md,72.5,列宁哲学与社会主义实践
历史唯物主义 辩证唯物主义 列宁,1800_历史唯物主义_辩证唯物主义_列宁.md,斯大林 辩证唯物主义 历史唯物主义,0899_斯大林_辩证唯物主义_历史唯物主义.md,72.5,列宁哲学与社会主义实践
历史唯物主义 辩证唯物主义 列宁,1800_历史唯物主义_辩证唯物主义_列宁.md,辩证唯物主义 历史唯物主义 教科书,0933_辩证唯物主义_历史唯物主义_教科书.md,72.5,列宁哲学与社会主义实践
历史唯物主义 辩证唯物主义 列宁,1800_历史唯物主义_辩证唯物主义_列宁.md,辩证唯物主义 历史唯物主义 教科书体系,1637_辩证唯物主义_历史唯物主义_教科书体系.md,70.94,列宁哲学与社会主义实践
新启蒙运动 新民主主义 文化思想,1801_新启蒙运动_新民主主义_文化思想.md,新启蒙运动 爱国主义 文化思想,0378_新启蒙运动_爱国主义_文化思想.md,59.06,新启蒙运动
新启蒙运动 新民主主义 文化思想,1801_新启蒙运动_新民主主义_文化思想.md,新启蒙运动 自由主义 文化思想,0379_新启蒙运动_自由主义_文化思想.md,59.06,新启蒙运动
新启蒙运动 新民主主义 文化思想,1801_新启蒙运动_新民主主义_文化思想.md,文化运动 新启蒙运动,1744_文化运动_新启蒙运动.md,35.71,新启蒙运动
新启蒙运动 新民主主义 文化思想,1801_新启蒙运动_新民主主义_文化思想.md,新启蒙运动 文化抗战,1616_新启蒙运动_文化抗战.md,32.81,新启蒙运动
新启蒙运动 新民主主义 文化思想,1801_新启蒙运动_新民主主义_文化思想.md,张申府 新启蒙运动 民主,1614_张申府_新启蒙运动_民主.md,32.35,新启蒙运动
马克思主义中国化 历史进程 经验,1802_马克思主义中国化_历史进程_经验.md,马克思主义中国化 历史进程 曲折复杂,1151_马克思主义中国化_历史进程_曲折复杂.md,76.18,马克思恩格斯经典文本与哲学关系
马克思主义中国化 历史进程 经验,1802_马克思主义中国化_历史进程_经验.md,马克思主义中国化 历史性飞跃,1179_马克思主义中国化_历史性飞跃.md,54.06,马克思恩格斯经典文本与哲学关系
马克思主义中国化 历史进程 经验,1802_马克思主义中国化_历史进程_经验.md,马克思主义中国化 前瞻,1180_马克思主义中国化_前瞻.md,51.67,马克思恩格斯经典文本与哲学关系
马克思主义中国化 历史进程 经验,1802_马克思主义中国化_历史进程_经验.md,起源 马克思主义中国化,1761_起源_马克思主义中国化.md,51.67,马克思恩格斯经典文本与哲学关系
马克思主义中国化 历史进程 经验,1802_马克思主义中国化_历史进程_经验.md,马克思主义中国化 思潮,1827_马克思主义中国化_思潮.md,51.67,马克思恩格斯经典文本与哲学关系
中国共产党人 新民主主义 确立,1803_中国共产党人_新民主主义_确立.md,中国共产党人 传播马克思主义 活动,0102_中国共产党人_传播马克思主义_活动.md,37.5,新民主主义革命理论与马克思主义中国化
中国共产党人 新民主主义 确立,1803_中国共产党人_新民主主义_确立.md,中国共产党人 马克思主义者 身份 文化问题,1245_中国共产党人_马克思主义者_身份_文化问题.md,36.52,新民主主义革命理论与马克思主义中国化
中国共产党人 新民主主义 确立,1803_中国共产党人_新民主主义_确立.md,新民主主义 话语权,1649_新民主主义_话语权.md,31.67,新民主主义革命理论与马克思主义中国化
中国共产党人 新民主主义 确立,1803_中国共产党人_新民主主义_确立.md,新民主主义 构想 实践,0525_新民主主义_构想_实践.md,31.25,新民主主义革命理论与马克思主义中国化
中国共产党人 新民主主义 确立,1803_中国共产党人_新民主主义_确立.md,新民主主义 社会主义 关系,0527_新民主主义_社会主义_关系.md,30.88,新民主主义革命理论与马克思主义中国化
马克思主义中国化 毛泽东 提法,1804_马克思主义中国化_毛泽东_提法.md,毛泽东 马克思主义中国化 开拓者,0500_毛泽东_马克思主义中国化_开拓者.md,69.06,马克思恩格斯经典文本与哲学关系
马克思主义中国化 毛泽东 提法,1804_马克思主义中国化_毛泽东_提法.md,马克思主义中国化 提法 具体化,1620_马克思主义中国化_提法_具体化.md,62.5,马克思恩格斯经典文本与哲学关系
马克思主义中国化 毛泽东 提法,1804_马克思主义中国化_毛泽东_提法.md,马克思主义中国化 前瞻,1180_马克思主义中国化_前瞻.md,52.5,马克思恩格斯经典文本与哲学关系
马克思主义中国化 毛泽东 提法,1804_马克思主义中国化_毛泽东_提法.md,起源 马克思主义中国化,1761_起源_马克思主义中国化.md,52.5,马克思恩格斯经典文本与哲学关系
马克思主义中国化 毛泽东 提法,1804_马克思主义中国化_毛泽东_提法.md,马克思主义中国化 思潮,1827_马克思主义中国化_思潮.md,52.5,马克思恩格斯经典文本与哲学关系
马克思主义哲学中国化 现实性,1805_马克思主义哲学中国化_现实性.md,马克思主义哲学中国化 不足,1432_马克思主义哲学中国化_不足.md,56.07,马克思恩格斯经典文本与哲学关系
马克思主义哲学中国化 现实性,1805_马克思主义哲学中国化_现实性.md,李达 马克思主义哲学中国化,1751_李达_马克思主义哲学中国化.md,56.07,马克思恩格斯经典文本与哲学关系
马克思主义哲学中国化 现实性,1805_马克思主义哲学中国化_现实性.md,马克思主义哲学中国化 走向,1816_马克思主义哲学中国化_走向.md,56.07,马克思恩格斯经典文本与哲学关系
马克思主义哲学中国化 现实性,1805_马克思主义哲学中国化_现实性.md,毛泽东 马克思主义哲学中国化,1748_毛泽东_马克思主义哲学中国化.md,55.0,马克思恩格斯经典文本与哲学关系
马克思主义哲学中国化 现实性,1805_马克思主义哲学中国化_现实性.md,马克思主义哲学中国化 中国哲学传统,0725_马克思主义哲学中国化_中国哲学传统.md,54.06,马克思恩格斯经典文本与哲学关系
思维方式 毛泽东哲学,1806_思维方式_毛泽东哲学.md,毛泽东哲学 中国现代哲学,0628_毛泽东哲学_中国现代哲学.md,32.69,毛泽东哲学与中国革命经验
思维方式 毛泽东哲学,1806_思维方式_毛泽东哲学.md,实践论 矛盾论 毛泽东哲学,0543_实践论_矛盾论_毛泽东哲学.md,32.14,毛泽东哲学与中国革命经验
思维方式 毛泽东哲学,1806_思维方式_毛泽东哲学.md,辩证法唯物论 毛泽东哲学,1821_辩证法唯物论_毛泽东哲学.md,32.14,毛泽东哲学与中国革命经验
思维方式 毛泽东哲学,1806_思维方式_毛泽东哲学.md,毛泽东哲学 中国哲学现代传统,0572_毛泽东哲学_中国哲学现代传统.md,31.67,毛泽东哲学与中国革命经验
思维方式 毛泽东哲学,1806_思维方式_毛泽东哲学.md,毛泽东哲学 马克思主义哲学中国化,1893_毛泽东哲学_马克思主义哲学中国化.md,30.88,毛泽东哲学与中国革命经验
农民 无产阶级,1807_农民_无产阶级.md,无产阶级 资产阶级,1705_无产阶级_资产阶级.md,30.71,阶级斗争与社会革命理论
农民 无产阶级,1807_农民_无产阶级.md,俄国 无产阶级,1712_俄国_无产阶级.md,30.71,阶级斗争与社会革命理论
农民 无产阶级,1807_农民_无产阶级.md,无产阶级 法国,1764_无产阶级_法国.md,30.71,阶级斗争与社会革命理论
农民 无产阶级,1807_农民_无产阶级.md,无产阶级 列宁,1839_无产阶级_列宁.md,30.71,阶级斗争与社会革命理论
农民 无产阶级,1807_农民_无产阶级.md,无产阶级 马克思,1781_无产阶级_马克思.md,29.38,阶级斗争与社会革命理论
主要矛盾 大众哲学 矛盾理论,1808_主要矛盾_大众哲学_矛盾理论.md,大众哲学 主要矛盾,1633_大众哲学_主要矛盾.md,53.64,艾思奇与大众哲学
主要矛盾 大众哲学 矛盾理论,1808_主要矛盾_大众哲学_矛盾理论.md,大众哲学,1849_大众哲学.md,27.5,艾思奇与大众哲学
主要矛盾 大众哲学 矛盾理论,1808_主要矛盾_大众哲学_矛盾理论.md,大众哲学 新哲学,1773_大众哲学_新哲学.md,26.25,艾思奇与大众哲学
主要矛盾 大众哲学 矛盾理论,1808_主要矛盾_大众哲学_矛盾理论.md,大众哲学 艾思奇,1769_大众哲学_艾思奇.md,25.77,艾思奇与大众哲学
主要矛盾 大众哲学 矛盾理论,1808_主要矛盾_大众哲学_矛盾理论.md,现象 本质 大众哲学,0399_现象_本质_大众哲学.md,25.36,艾思奇与大众哲学
历史唯物论 辩证唯物论 米丁,1809_历史唯物论_辩证唯物论_米丁.md,辩证唯物论 历史唯物论 传播体系,0057_辩证唯物论_历史唯物论_传播体系.md,60.71,苏联哲学对中国马克思主义哲学的影响
历史唯物论 辩证唯物论 米丁,1809_历史唯物论_辩证唯物论_米丁.md,辩证唯物论 分歧 争论,1033_辩证唯物论_分歧_争论.md,32.69,苏联哲学对中国马克思主义哲学的影响
历史唯物论 辩证唯物论 米丁,1809_历史唯物论_辩证唯物论_米丁.md,李达 辩证唯物论 系统传播,0342_李达_辩证唯物论_系统传播.md,31.67,苏联哲学对中国马克思主义哲学的影响
历史唯物论 辩证唯物论 米丁,1809_历史唯物论_辩证唯物论_米丁.md,俄国 辩证唯物论 思想 介绍,0909_俄国_辩证唯物论_思想_介绍.md,31.67,苏联哲学对中国马克思主义哲学的影响
历史唯物论 辩证唯物论 米丁,1809_历史唯物论_辩证唯物论_米丁.md,瞿秋白 历史唯物论 基本原理,0313_瞿秋白_历史唯物论_基本原理.md,31.25,苏联哲学对中国马克思主义哲学的影响
马克思主义中国化 列宁主义,1810_马克思主义中国化_列宁主义.md,马克思主义中国化 前瞻,1180_马克思主义中国化_前瞻.md,54.58,列宁哲学与社会主义实践
马克思主义中国化 列宁主义,1810_马克思主义中国化_列宁主义.md,起源 马克思主义中国化,1761_起源_马克思主义中国化.md,54.58,列宁哲学与社会主义实践
马克思主义中国化 列宁主义,1810_马克思主义中国化_列宁主义.md,马克思主义中国化 思潮,1827_马克思主义中国化_思潮.md,54.58,列宁哲学与社会主义实践
马克思主义中国化 列宁主义,1810_马克思主义中国化_列宁主义.md,马克思主义中国化 重建,1828_马克思主义中国化_重建.md,54.58,列宁哲学与社会主义实践
马克思主义中国化 列宁主义,1810_马克思主义中国化_列宁主义.md,中国化思潮 马克思主义中国化,1618_中国化思潮_马克思主义中国化.md,53.46,列宁哲学与社会主义实践
马克思主义中国化 思潮 抗战,1811_马克思主义中国化_思潮_抗战.md,马克思主义中国化 思潮,1827_马克思主义中国化_思潮.md,70.45,马克思恩格斯经典文本与哲学关系
马克思主义中国化 思潮 抗战,1811_马克思主义中国化_思潮_抗战.md,马克思主义中国化 思潮 起源,1812_马克思主义中国化_思潮_起源.md,67.31,马克思恩格斯经典文本与哲学关系
马克思主义中国化 思潮 抗战,1811_马克思主义中国化_思潮_抗战.md,中国化思潮 马克思主义中国化,1618_中国化思潮_马克思主义中国化.md,58.75,马克思恩格斯经典文本与哲学关系
马克思主义中国化 思潮 抗战,1811_马克思主义中国化_思潮_抗战.md,马克思主义中国化 前瞻,1180_马克思主义中国化_前瞻.md,53.46,马克思恩格斯经典文本与哲学关系
马克思主义中国化 思潮 抗战,1811_马克思主义中国化_思潮_抗战.md,起源 马克思主义中国化,1761_起源_马克思主义中国化.md,53.46,马克思恩格斯经典文本与哲学关系
马克思主义中国化 思潮 起源,1812_马克思主义中国化_思潮_起源.md,马克思主义中国化 思潮,1827_马克思主义中国化_思潮.md,70.45,马克思恩格斯经典文本与哲学关系
马克思主义中国化 思潮 起源,1812_马克思主义中国化_思潮_起源.md,马克思主义中国化 思潮 抗战,1811_马克思主义中国化_思潮_抗战.md,67.31,马克思恩格斯经典文本与哲学关系
马克思主义中国化 思潮 起源,1812_马克思主义中国化_思潮_起源.md,起源 马克思主义中国化,1761_起源_马克思主义中国化.md,66.67,马克思恩格斯经典文本与哲学关系
马克思主义中国化 思潮 起源,1812_马克思主义中国化_思潮_起源.md,中国化思潮 马克思主义中国化,1618_中国化思潮_马克思主义中国化.md,58.75,马克思恩格斯经典文本与哲学关系
马克思主义中国化 思潮 起源,1812_马克思主义中国化_思潮_起源.md,马克思主义中国化 起源语境,1619_马克思主义中国化_起源语境.md,54.29,马克思恩格斯经典文本与哲学关系
马克思主义哲学 哲学大众化,1813_马克思主义哲学_哲学大众化.md,马克思主义哲学 哲学大众化 大众哲学,1791_马克思主义哲学_哲学大众化_大众哲学.md,80.83,新哲学大众化运动
马克思主义哲学 哲学大众化,1813_马克思主义哲学_哲学大众化.md,马克思主义哲学 哲学大众化 艾思奇,1798_马克思主义哲学_哲学大众化_艾思奇.md,79.23,新哲学大众化运动
马克思主义哲学 哲学大众化,1813_马克思主义哲学_哲学大众化.md,马克思主义哲学 哲学大众化 延安时期,1792_马克思主义哲学_哲学大众化_延安时期.md,77.86,新哲学大众化运动
马克思主义哲学 哲学大众化,1813_马克思主义哲学_哲学大众化.md,唯物辩证法论战 马克思主义哲学 哲学大众化,1789_唯物辩证法论战_马克思主义哲学_哲学大众化.md,74.71,新哲学大众化运动
马克思主义哲学 哲学大众化,1813_马克思主义哲学_哲学大众化.md,大众哲学 马克思主义哲学 大众化,0360_大众哲学_马克思主义哲学_大众化.md,53.75,新哲学大众化运动
马克思主义哲学 大众化 胡绳,1814_马克思主义哲学_大众化_胡绳.md,大众哲学 马克思主义哲学 大众化,0360_大众哲学_马克思主义哲学_大众化.md,67.31,胡绳与马克思主义哲学通俗宣传
马克思主义哲学 大众化 胡绳,1814_马克思主义哲学_大众化_胡绳.md,艾思奇 马克思主义哲学 大众化,0358_艾思奇_马克思主义哲学_大众化.md,66.07,胡绳与马克思主义哲学通俗宣传
马克思主义哲学 大众化 胡绳,1814_马克思主义哲学_大众化_胡绳.md,马克思主义哲学 大众化 中国化,1200_马克思主义哲学_大众化_中国化.md,66.07,胡绳与马克思主义哲学通俗宣传
马克思主义哲学 大众化 胡绳,1814_马克思主义哲学_大众化_胡绳.md,艾思奇 马克思主义哲学 大众化 中国化,0395_艾思奇_马克思主义哲学_大众化_中国化.md,63.24,胡绳与马克思主义哲学通俗宣传
马克思主义哲学 大众化 胡绳,1814_马克思主义哲学_大众化_胡绳.md,胡绳 马克思主义哲学 通俗宣传,0456_胡绳_马克思主义哲学_通俗宣传.md,55.94,胡绳与马克思主义哲学通俗宣传
马克思主义哲学 教科书 启示,1815_马克思主义哲学_教科书_启示.md,马克思主义哲学 教科书 中国化,0928_马克思主义哲学_教科书_中国化.md,66.07,马克思恩格斯经典文本与哲学关系
马克思主义哲学 教科书 启示,1815_马克思主义哲学_教科书_启示.md,马克思主义哲学 教科书形式 传播,0096_马克思主义哲学_教科书形式_传播.md,50.0,马克思恩格斯经典文本与哲学关系
马克思主义哲学 教科书 启示,1815_马克思主义哲学_教科书_启示.md,马克思主义哲学 教科书传播 特点,0097_马克思主义哲学_教科书传播_特点.md,50.0,马克思恩格斯经典文本与哲学关系
马克思主义哲学 教科书 启示,1815_马克思主义哲学_教科书_启示.md,教科书形态 马克思主义哲学,0925_教科书形态_马克思主义哲学.md,49.29,马克思恩格斯经典文本与哲学关系
马克思主义哲学 教科书 启示,1815_马克思主义哲学_教科书_启示.md,苏联 教科书形态 马克思主义哲学,0824_苏联_教科书形态_马克思主义哲学.md,47.5,马克思恩格斯经典文本与哲学关系
马克思主义哲学中国化 走向,1816_马克思主义哲学中国化_走向.md,马克思主义哲学中国化 不足,1432_马克思主义哲学中国化_不足.md,57.31,马克思恩格斯经典文本与哲学关系
马克思主义哲学中国化 走向,1816_马克思主义哲学中国化_走向.md,李达 马克思主义哲学中国化,1751_李达_马克思主义哲学中国化.md,57.31,马克思恩格斯经典文本与哲学关系
马克思主义哲学中国化 走向,1816_马克思主义哲学中国化_走向.md,毛泽东 马克思主义哲学中国化,1748_毛泽东_马克思主义哲学中国化.md,56.07,马克思恩格斯经典文本与哲学关系
马克思主义哲学中国化 走向,1816_马克思主义哲学中国化_走向.md,马克思主义哲学中国化 现实性,1805_马克思主义哲学中国化_现实性.md,56.07,马克思恩格斯经典文本与哲学关系
马克思主义哲学中国化 走向,1816_马克思主义哲学中国化_走向.md,马克思主义哲学中国化 中国哲学传统,0725_马克思主义哲学中国化_中国哲学传统.md,55.0,马克思恩格斯经典文本与哲学关系
法国 社会主义,1817_法国_社会主义.md,俄国 社会主义,1758_俄国_社会主义.md,36.67,政治经济学与资本主义批判
法国 社会主义,1817_法国_社会主义.md,德国 社会主义,1772_德国_社会主义.md,36.67,政治经济学与资本主义批判
法国 社会主义,1817_法国_社会主义.md,社会主义 列宁,1840_社会主义_列宁.md,30.71,政治经济学与资本主义批判
法国 社会主义,1817_法国_社会主义.md,观察周刊 社会主义,1647_观察周刊_社会主义.md,28.33,政治经济学与资本主义批判
法国 社会主义,1817_法国_社会主义.md,社会主义 资产阶级,1739_社会主义_资产阶级.md,28.33,政治经济学与资本主义批判
中国马克思主义 历史使命,1818_中国马克思主义_历史使命.md,中国马克思主义 马克思主义者,1788_中国马克思主义_马克思主义者.md,47.5,马克思恩格斯经典文本与哲学关系
中国马克思主义 历史使命,1818_中国马克思主义_历史使命.md,中国马克思主义 毛泽东,1982_中国马克思主义_毛泽东.md,46.54,马克思恩格斯经典文本与哲学关系
中国马克思主义 历史使命,1818_中国马克思主义_历史使命.md,中国马克思主义 概念界定,1629_中国马克思主义_概念界定.md,45.71,马克思恩格斯经典文本与哲学关系
中国马克思主义 历史使命,1818_中国马克思主义_历史使命.md,中国马克思主义 学术史 研究,0915_中国马克思主义_学术史_研究.md,45.0,马克思恩格斯经典文本与哲学关系
中国马克思主义 历史使命,1818_中国马克思主义_历史使命.md,中国马克思主义 学术史 起步,0917_中国马克思主义_学术史_起步.md,45.0,马克思恩格斯经典文本与哲学关系
中国马克思主义哲学 转换,1819_中国马克思主义哲学_转换.md,中国马克思主义哲学 中国之根 问题,0720_中国马克思主义哲学_中国之根_问题.md,53.33,马克思恩格斯经典文本与哲学关系
中国马克思主义哲学 转换,1819_中国马克思主义哲学_转换.md,中国马克思主义哲学 教科书 建构,0931_中国马克思主义哲学_教科书_建构.md,53.33,马克思恩格斯经典文本与哲学关系
中国马克思主义哲学 转换,1819_中国马克思主义哲学_转换.md,中国马克思主义哲学 何以是中国的哲学,0724_中国马克思主义哲学_何以是中国的哲学.md,52.5,马克思恩格斯经典文本与哲学关系
中国马克思主义哲学 转换,1819_中国马克思主义哲学_转换.md,中国马克思主义哲学 文化自信 灵魂,0753_中国马克思主义哲学_文化自信_灵魂.md,52.5,马克思恩格斯经典文本与哲学关系
中国马克思主义哲学 转换,1819_中国马克思主义哲学_转换.md,中国马克思主义哲学 起点 先天不足,1021_中国马克思主义哲学_起点_先天不足.md,52.5,马克思恩格斯经典文本与哲学关系
新启蒙运动 抗日救亡 抗战,1820_新启蒙运动_抗日救亡_抗战.md,新启蒙运动 抗日救亡,0385_新启蒙运动_抗日救亡.md,65.0,新启蒙运动
新启蒙运动 抗日救亡 抗战,1820_新启蒙运动_抗日救亡_抗战.md,抗战 新启蒙运动,1871_抗战_新启蒙运动.md,46.36,新启蒙运动
新启蒙运动 抗日救亡 抗战,1820_新启蒙运动_抗日救亡_抗战.md,新启蒙运动 文化抗战,1616_新启蒙运动_文化抗战.md,34.62,新启蒙运动
新启蒙运动 抗日救亡 抗战,1820_新启蒙运动_抗日救亡_抗战.md,国难 新启蒙运动,0376_国难_新启蒙运动.md,33.33,新启蒙运动
新启蒙运动 抗日救亡 抗战,1820_新启蒙运动_抗日救亡_抗战.md,新启蒙运动 提出,0377_新启蒙运动_提出.md,33.33,新启蒙运动
辩证法唯物论 毛泽东哲学,1821_辩证法唯物论_毛泽东哲学.md,辩证法唯物论 讲授提纲 毛泽东,0537_辩证法唯物论_讲授提纲_毛泽东.md,41.67,辩证唯物主义体系
辩证法唯物论 毛泽东哲学,1821_辩证法唯物论_毛泽东哲学.md,辩证法唯物论 入门 战斗性,1461_辩证法唯物论_入门_战斗性.md,38.33,辩证唯物主义体系
辩证法唯物论 毛泽东哲学,1821_辩证法唯物论_毛泽东哲学.md,社会斗争 武器 辩证法唯物论,1462_社会斗争_武器_辩证法唯物论.md,37.81,辩证唯物主义体系
辩证法唯物论 毛泽东哲学,1821_辩证法唯物论_毛泽东哲学.md,辩证法唯物论 思想 发展情况,1584_辩证法唯物论_思想_发展情况.md,37.81,辩证唯物主义体系
辩证法唯物论 毛泽东哲学,1821_辩证法唯物论_毛泽东哲学.md,辩证法唯物论 社会历史 研究,1596_辩证法唯物论_社会历史_研究.md,37.81,辩证唯物主义体系
马克思主义中国化 方法论,1822_马克思主义中国化_方法论.md,马克思主义中国化 前瞻,1180_马克思主义中国化_前瞻.md,54.58,马克思恩格斯经典文本与哲学关系
马克思主义中国化 方法论,1822_马克思主义中国化_方法论.md,起源 马克思主义中国化,1761_起源_马克思主义中国化.md,54.58,马克思恩格斯经典文本与哲学关系
马克思主义中国化 方法论,1822_马克思主义中国化_方法论.md,马克思主义中国化 思潮,1827_马克思主义中国化_思潮.md,54.58,马克思恩格斯经典文本与哲学关系
马克思主义中国化 方法论,1822_马克思主义中国化_方法论.md,马克思主义中国化 重建,1828_马克思主义中国化_重建.md,54.58,马克思恩格斯经典文本与哲学关系
马克思主义中国化 方法论,1822_马克思主义中国化_方法论.md,中国化思潮 马克思主义中国化,1618_中国化思潮_马克思主义中国化.md,53.46,马克思恩格斯经典文本与哲学关系
马克思主义哲学 中国哲学,1823_马克思主义哲学_中国哲学.md,马克思主义哲学 中国哲学 结合,0765_马克思主义哲学_中国哲学_结合.md,75.45,马克思恩格斯经典文本与哲学关系
马克思主义哲学 中国哲学,1823_马克思主义哲学_中国哲学.md,马克思主义哲学 中国哲学传统 结合,0726_马克思主义哲学_中国哲学传统_结合.md,52.31,马克思恩格斯经典文本与哲学关系
马克思主义哲学 中国哲学,1823_马克思主义哲学_中国哲学.md,李达 马克思主义哲学 中国化,0301_李达_马克思主义哲学_中国化.md,51.67,马克思恩格斯经典文本与哲学关系
马克思主义哲学 中国哲学,1823_马克思主义哲学_中国哲学.md,马克思主义哲学 中国化 历程,1413_马克思主义哲学_中国化_历程.md,51.67,马克思恩格斯经典文本与哲学关系
马克思主义哲学 中国哲学,1823_马克思主义哲学_中国哲学.md,马克思主义哲学 中国化 定义,1414_马克思主义哲学_中国化_定义.md,51.67,马克思恩格斯经典文本与哲学关系
哲学上三次大论战 提法,1824_哲学上三次大论战_提法.md,哲学上三次大论战 提法 批评,1488_哲学上三次大论战_提法_批评.md,70.45,思想论战与文化批判
哲学上三次大论战 提法,1824_哲学上三次大论战_提法.md,马克思主义中国化 提法 具体化,1620_马克思主义中国化_提法_具体化.md,11.25,思想论战与文化批判
哲学上三次大论战 提法,1824_哲学上三次大论战_提法.md,马克思主义中国化 毛泽东 提法,1804_马克思主义中国化_毛泽东_提法.md,11.25,思想论战与文化批判
民主主义 知识分子 思潮,1825_民主主义_知识分子_思潮.md,知识分子 社会主义 观察,1826_知识分子_社会主义_观察.md,27.14,新民主主义革命理论与马克思主义中国化
民主主义 知识分子 思潮,1825_民主主义_知识分子_思潮.md,知识分子 马克思主义大众化,1701_知识分子_马克思主义大众化.md,26.25,新民主主义革命理论与马克思主义中国化
民主主义 知识分子 思潮,1825_民主主义_知识分子_思潮.md,知识分子 思想改造 唯物论批判,1038_知识分子_思想改造_唯物论批判.md,25.88,新民主主义革命理论与马克思主义中国化
民主主义 知识分子 思潮,1825_民主主义_知识分子_思潮.md,延安时期 知识分子,1704_延安时期_知识分子.md,25.77,新民主主义革命理论与马克思主义中国化
民主主义 知识分子 思潮,1825_民主主义_知识分子_思潮.md,民主主义 政治改革 五四,0167_民主主义_政治改革_五四.md,25.0,新民主主义革命理论与马克思主义中国化
知识分子 社会主义 观察,1826_知识分子_社会主义_观察.md,观察周刊 社会主义,1647_观察周刊_社会主义.md,28.33,政治经济学与资本主义批判
知识分子 社会主义 观察,1826_知识分子_社会主义_观察.md,民主主义 知识分子 思潮,1825_民主主义_知识分子_思潮.md,27.14,政治经济学与资本主义批判
知识分子 社会主义 观察,1826_知识分子_社会主义_观察.md,俄国 社会主义,1758_俄国_社会主义.md,26.82,政治经济学与资本主义批判
知识分子 社会主义 观察,1826_知识分子_社会主义_观察.md,德国 社会主义,1772_德国_社会主义.md,26.82,政治经济学与资本主义批判
知识分子 社会主义 观察,1826_知识分子_社会主义_观察.md,法国 社会主义,1817_法国_社会主义.md,26.82,政治经济学与资本主义批判
马克思主义中国化 思潮,1827_马克思主义中国化_思潮.md,马克思主义中国化 思潮 抗战,1811_马克思主义中国化_思潮_抗战.md,70.45,马克思恩格斯经典文本与哲学关系
马克思主义中国化 思潮,1827_马克思主义中国化_思潮.md,马克思主义中国化 思潮 起源,1812_马克思主义中国化_思潮_起源.md,70.45,马克思恩格斯经典文本与哲学关系
马克思主义中国化 思潮,1827_马克思主义中国化_思潮.md,中国化思潮 马克思主义中国化,1618_中国化思潮_马克思主义中国化.md,62.5,马克思恩格斯经典文本与哲学关系
马克思主义中国化 思潮,1827_马克思主义中国化_思潮.md,马克思主义中国化 前瞻,1180_马克思主义中国化_前瞻.md,55.91,马克思恩格斯经典文本与哲学关系
马克思主义中国化 思潮,1827_马克思主义中国化_思潮.md,起源 马克思主义中国化,1761_起源_马克思主义中国化.md,55.91,马克思恩格斯经典文本与哲学关系
马克思主义中国化 重建,1828_马克思主义中国化_重建.md,马克思主义中国化 前瞻,1180_马克思主义中国化_前瞻.md,55.91,马克思恩格斯经典文本与哲学关系
马克思主义中国化 重建,1828_马克思主义中国化_重建.md,起源 马克思主义中国化,1761_起源_马克思主义中国化.md,55.91,马克思恩格斯经典文本与哲学关系
马克思主义中国化 重建,1828_马克思主义中国化_重建.md,马克思主义中国化 思潮,1827_马克思主义中国化_思潮.md,55.91,马克思恩格斯经典文本与哲学关系
马克思主义中国化 重建,1828_马克思主义中国化_重建.md,中国化思潮 马克思主义中国化,1618_中国化思潮_马克思主义中国化.md,54.58,马克思恩格斯经典文本与哲学关系
马克思主义中国化 重建,1828_马克思主义中国化_重建.md,马克思主义中国化 列宁主义,1810_马克思主义中国化_列宁主义.md,54.58,马克思恩格斯经典文本与哲学关系
中国共产党 前进 成立,1829_中国共产党_前进_成立.md,中国共产党 成立 意义,1129_中国共产党_成立_意义.md,46.36,中国革命道路与党的思想建设
中国共产党 前进 成立,1829_中国共产党_前进_成立.md,中国共产党 成立 马克思主义 工人运动,1113_中国共产党_成立_马克思主义_工人运动.md,41.94,中国革命道路与党的思想建设
中国共产党 前进 成立,1829_中国共产党_前进_成立.md,中国共产党 党史 研究,1482_中国共产党_党史_研究.md,33.33,中国革命道路与党的思想建设
中国共产党 前进 成立,1829_中国共产党_前进_成立.md,中国共产党 成立初期 宣传组织工作,1130_中国共产党_成立初期_宣传组织工作.md,32.35,中国革命道路与党的思想建设
中国共产党 前进 成立,1829_中国共产党_前进_成立.md,以俄为师 心理 中国共产党,1156_以俄为师_心理_中国共产党.md,32.14,中国革命道路与党的思想建设
中国现代哲学 张申府,1830_中国现代哲学_张申府.md,毛泽东哲学 中国现代哲学,0628_毛泽东哲学_中国现代哲学.md,40.42,中国哲学现代转型
中国现代哲学 张申府,1830_中国现代哲学_张申府.md,中国现代哲学 思想来源 多元 主流,1493_中国现代哲学_思想来源_多元_主流.md,37.81,中国哲学现代转型
中国现代哲学 张申府,1830_中国现代哲学_张申府.md,张申府 新哲学 思想,0369_张申府_新哲学_思想.md,21.25,中国哲学现代转型
中国现代哲学 张申府,1830_中国现代哲学_张申府.md,张申府 罗素 辩证法,1641_张申府_罗素_辩证法.md,18.85,中国哲学现代转型
中国现代哲学 张申府,1830_中国现代哲学_张申府.md,张申府 新启蒙运动,1742_张申府_新启蒙运动.md,18.85,中国哲学现代转型
中国知识界 苏联 计划,1831_中国知识界_苏联_计划.md,苏联一五计划 中国知识界,1650_苏联一五计划_中国知识界.md,37.5,苏联哲学对中国马克思主义哲学的影响
中国知识界 苏联 计划,1831_中国知识界_苏联_计划.md,俄国革命 中国知识界 马克思主义,0859_俄国革命_中国知识界_马克思主义.md,30.88,苏联哲学对中国马克思主义哲学的影响
中国知识界 苏联 计划,1831_中国知识界_苏联_计划.md,马克思主义中国化 中国知识界 论争,1796_马克思主义中国化_中国知识界_论争.md,30.88,苏联哲学对中国马克思主义哲学的影响
中国知识界 苏联 计划,1831_中国知识界_苏联_计划.md,高度统一 计划经济 苏联,0901_高度统一_计划经济_苏联.md,13.33,苏联哲学对中国马克思主义哲学的影响
中国知识界 苏联 计划,1831_中国知识界_苏联_计划.md,俄国 苏联 马克思主义 传入中国,0854_俄国_苏联_马克思主义_传入中国.md,12.78,苏联哲学对中国马克思主义哲学的影响
资本论,1832_资本论.md,资本论 地租,1675_资本论_地租.md,27.5,政治经济学与资本主义批判
资本论,1832_资本论.md,资本论 劳动日,1672_资本论_劳动日.md,25.0,政治经济学与资本主义批判
资本论,1832_资本论.md,资本论 资本积累,1673_资本论_资本积累.md,25.0,政治经济学与资本主义批判
资本论,1832_资本论.md,资本论 利润率,1674_资本论_利润率.md,25.0,政治经济学与资本主义批判
资本论,1832_资本论.md,资本论 剩余价值,1670_资本论_剩余价值.md,23.33,政治经济学与资本主义批判
20年代 国家主义,1833_20年代_国家主义.md,国家主义 青年,1726_国家主义_青年.md,28.33,思想论战与文化批判
20年代 国家主义,1833_20年代_国家主义.md,国家主义 民族主义,1752_国家主义_民族主义.md,27.5,思想论战与文化批判
20年代 国家主义,1833_20年代_国家主义.md,哲学虚无主义 苏联 20年代,0778_哲学虚无主义_苏联_20年代.md,27.14,思想论战与文化批判
20年代 国家主义,1833_20年代_国家主义.md,苏联哲学 20年代 30年代 论战,0829_苏联哲学_20年代_30年代_论战.md,25.0,思想论战与文化批判
20年代 国家主义,1833_20年代_国家主义.md,国家主义 工商政策 科学教育 网罗,1409_国家主义_工商政策_科学教育_网罗.md,24.41,思想论战与文化批判
中国化 马克思 启示,1834_中国化_马克思_启示.md,中国文化 马克思,1736_中国文化_马克思.md,26.11,马克思恩格斯经典文本与哲学关系
中国化 马克思 启示,1834_中国化_马克思_启示.md,教条化 马克思主义 中国化,1435_教条化_马克思主义_中国化.md,25.42,马克思恩格斯经典文本与哲学关系
中国化 马克思 启示,1834_中国化_马克思_启示.md,马克思主义 学风 中国化,1215_马克思主义_学风_中国化.md,23.33,马克思恩格斯经典文本与哲学关系
中国化 马克思 启示,1834_中国化_马克思_启示.md,马克思主义 中国化 现实化,1335_马克思主义_中国化_现实化.md,22.69,马克思恩格斯经典文本与哲学关系
中国化 马克思 启示,1834_中国化_马克思_启示.md,中国化 马克思主义哲学 认识论 辩证法,1057_中国化_马克思主义哲学_认识论_辩证法.md,22.35,马克思恩格斯经典文本与哲学关系
中国近代哲学 冯契,1835_中国近代哲学_冯契.md,中国近代哲学 古今中西,1695_中国近代哲学_古今中西.md,41.36,中国近代启蒙与民主革命
中国近代哲学 冯契,1835_中国近代哲学_冯契.md,中国近代哲学 社会矛盾 政治思想斗争,1499_中国近代哲学_社会矛盾_政治思想斗争.md,37.35,中国近代启蒙与民主革命
中国近代哲学 冯契,1835_中国近代哲学_冯契.md,冯契 智慧说 中国哲学现代转型,0744_冯契_智慧说_中国哲学现代转型.md,14.69,中国近代启蒙与民主革命
中国近代哲学 冯契,1835_中国近代哲学_冯契.md,冯契 智慧说 马克思主义哲学中国化,1489_冯契_智慧说_马克思主义哲学中国化.md,14.17,中国近代启蒙与民主革命
中国近代哲学 冯契,1835_中国近代哲学_冯契.md,人性问题 冯契 智慧说,1242_人性问题_冯契_智慧说.md,11.79,中国近代启蒙与民主革命
五四 扬弃 继承,1836_五四_扬弃_继承.md,五四创造精神 继承 借鉴,0241_五四创造精神_继承_借鉴.md,14.17,五四新文化与马克思主义早期传播
五四 扬弃 继承,1836_五四_扬弃_继承.md,扬弃 辩证法 疑问,1563_扬弃_辩证法_疑问.md,12.5,五四新文化与马克思主义早期传播
五四 扬弃 继承,1836_五四_扬弃_继承.md,新青年 儒家纲常 扬弃,0741_新青年_儒家纲常_扬弃.md,12.08,五四新文化与马克思主义早期传播
五四 扬弃 继承,1836_五四_扬弃_继承.md,革命问题 哲学思考 五四,0139_革命问题_哲学思考_五四.md,11.92,五四新文化与马克思主义早期传播
五四 扬弃 继承,1836_五四_扬弃_继承.md,阶级问题 哲学思考 五四,0140_阶级问题_哲学思考_五四.md,11.92,五四新文化与马克思主义早期传播
共产主义 翻译,1837_共产主义_翻译.md,共产主义 劳动,1782_共产主义_劳动.md,30.71,哲学基本范畴与辩证法原理
共产主义 翻译,1837_共产主义_翻译.md,共产主义 社会主义 发展经验,1477_共产主义_社会主义_发展经验.md,26.25,哲学基本范畴与辩证法原理
共产主义 翻译,1837_共产主义_翻译.md,毛泽东 共产主义 辩证唯物主义 转变,0577_毛泽东_共产主义_辩证唯物主义_转变.md,25.0,哲学基本范畴与辩证法原理
共产主义 翻译,1837_共产主义_翻译.md,五四时期 马克思主义著作 翻译 出版,0144_五四时期_马克思主义著作_翻译_出版.md,12.94,哲学基本范畴与辩证法原理
共产主义 翻译,1837_共产主义_翻译.md,共产主义宣言,1958_共产主义宣言.md,10.71,哲学基本范畴与辩证法原理
大众化 新哲学,1838_大众化_新哲学.md,哲学大众化 新哲学,1706_哲学大众化_新哲学.md,35.83,新哲学大众化运动
大众化 新哲学,1838_大众化_新哲学.md,大众哲学 新哲学,1773_大众哲学_新哲学.md,25.71,新哲学大众化运动
大众化 新哲学,1838_大众化_新哲学.md,新哲学 大众生活 密切关系,0366_新哲学_大众生活_密切关系.md,21.25,新哲学大众化运动
大众化 新哲学,1838_大众化_新哲学.md,大众哲学 马克思主义哲学 大众化,0360_大众哲学_马克思主义哲学_大众化.md,20.77,新哲学大众化运动
大众化 新哲学,1838_大众化_新哲学.md,马克思主义哲学 大众化 胡绳,1814_马克思主义哲学_大众化_胡绳.md,20.77,新哲学大众化运动
无产阶级 列宁,1839_无产阶级_列宁.md,无产阶级 资产阶级,1705_无产阶级_资产阶级.md,30.71,列宁哲学与社会主义实践
无产阶级 列宁,1839_无产阶级_列宁.md,俄国 无产阶级,1712_俄国_无产阶级.md,30.71,列宁哲学与社会主义实践
无产阶级 列宁,1839_无产阶级_列宁.md,无产阶级 法国,1764_无产阶级_法国.md,30.71,列宁哲学与社会主义实践
无产阶级 列宁,1839_无产阶级_列宁.md,农民 无产阶级,1807_农民_无产阶级.md,30.71,列宁哲学与社会主义实践
无产阶级 列宁,1839_无产阶级_列宁.md,无产阶级 马克思,1781_无产阶级_马克思.md,29.38,列宁哲学与社会主义实践
社会主义 列宁,1840_社会主义_列宁.md,俄国 社会主义,1758_俄国_社会主义.md,30.71,列宁哲学与社会主义实践
社会主义 列宁,1840_社会主义_列宁.md,德国 社会主义,1772_德国_社会主义.md,30.71,列宁哲学与社会主义实践
社会主义 列宁,1840_社会主义_列宁.md,法国 社会主义,1817_法国_社会主义.md,30.71,列宁哲学与社会主义实践
社会主义 列宁,1840_社会主义_列宁.md,观察周刊 社会主义,1647_观察周刊_社会主义.md,28.33,列宁哲学与社会主义实践
社会主义 列宁,1840_社会主义_列宁.md,社会主义 资产阶级,1739_社会主义_资产阶级.md,28.33,列宁哲学与社会主义实践
资本主义 列宁,1841_资本主义_列宁.md,劳动 资本主义,1710_劳动_资本主义.md,30.71,列宁哲学与社会主义实践
资本主义 列宁,1841_资本主义_列宁.md,俄国 资本主义,1713_俄国_资本主义.md,30.71,列宁哲学与社会主义实践
资本主义 列宁,1841_资本主义_列宁.md,宗教 资本主义,1716_宗教_资本主义.md,30.71,列宁哲学与社会主义实践
资本主义 列宁,1841_资本主义_列宁.md,伦理 资本主义,1723_伦理_资本主义.md,30.71,列宁哲学与社会主义实践
资本主义 列宁,1841_资本主义_列宁.md,生产 资本主义,1732_生产_资本主义.md,30.71,列宁哲学与社会主义实践
列宁全集,1842_列宁全集.md,全集,1882_全集.md,8.33,列宁哲学与社会主义实践
列宁全集,1842_列宁全集.md,列宁选集,1877_列宁选集.md,5.0,列宁哲学与社会主义实践
列宁全集,1842_列宁全集.md,列宁文集,1926_列宁文集.md,5.0,列宁哲学与社会主义实践
马克思 列宁,1843_马克思_列宁.md,中国文化 马克思,1736_中国文化_马克思.md,21.25,列宁哲学与社会主义实践
马克思 列宁,1843_马克思_列宁.md,资产阶级 马克思,1757_资产阶级_马克思.md,21.25,列宁哲学与社会主义实践
马克思 列宁,1843_马克思_列宁.md,无产阶级 马克思,1781_无产阶级_马克思.md,21.25,列宁哲学与社会主义实践
马克思 列宁,1843_马克思_列宁.md,意识形态 马克思,1790_意识形态_马克思.md,21.25,列宁哲学与社会主义实践
马克思 列宁,1843_马克思_列宁.md,中国化 马克思 启示,1834_中国化_马克思_启示.md,20.56,列宁哲学与社会主义实践
马克思恩格斯全集,1844_马克思恩格斯全集.md,德国 马克思恩格斯,1715_德国_马克思恩格斯.md,13.89,马克思恩格斯经典文本与哲学关系
马克思恩格斯全集,1844_马克思恩格斯全集.md,英国 马克思恩格斯,1735_英国_马克思恩格斯.md,13.89,马克思恩格斯经典文本与哲学关系
马克思恩格斯全集,1844_马克思恩格斯全集.md,列宁 马克思恩格斯,1780_列宁_马克思恩格斯.md,13.89,马克思恩格斯经典文本与哲学关系
马克思恩格斯全集,1844_马克思恩格斯全集.md,马克思恩格斯文集,1846_马克思恩格斯文集.md,13.89,马克思恩格斯经典文本与哲学关系
马克思恩格斯全集,1844_马克思恩格斯全集.md,马克思恩格斯选集,1852_马克思恩格斯选集.md,13.89,马克思恩格斯经典文本与哲学关系
共产党宣言 马克思,1845_共产党宣言_马克思.md,民报 马克思 共产党宣言,1190_民报_马克思_共产党宣言.md,55.0,马克思恩格斯经典文本与哲学关系
共产党宣言 马克思,1845_共产党宣言_马克思.md,共产党宣言,1848_共产党宣言.md,39.29,马克思恩格斯经典文本与哲学关系
共产党宣言 马克思,1845_共产党宣言_马克思.md,共产党宣言 阶级斗争,1662_共产党宣言_阶级斗争.md,34.09,马克思恩格斯经典文本与哲学关系
共产党宣言 马克思,1845_共产党宣言_马克思.md,共产党宣言 阶级斗争 历史,0029_共产党宣言_阶级斗争_历史.md,32.69,马克思恩格斯经典文本与哲学关系
共产党宣言 马克思,1845_共产党宣言_马克思.md,马克思 列宁,1843_马克思_列宁.md,20.56,马克思恩格斯经典文本与哲学关系
马克思恩格斯文集,1846_马克思恩格斯文集.md,德国 马克思恩格斯,1715_德国_马克思恩格斯.md,13.89,马克思恩格斯经典文本与哲学关系
马克思恩格斯文集,1846_马克思恩格斯文集.md,英国 马克思恩格斯,1735_英国_马克思恩格斯.md,13.89,马克思恩格斯经典文本与哲学关系
马克思恩格斯文集,1846_马克思恩格斯文集.md,列宁 马克思恩格斯,1780_列宁_马克思恩格斯.md,13.89,马克思恩格斯经典文本与哲学关系
马克思恩格斯文集,1846_马克思恩格斯文集.md,马克思恩格斯全集,1844_马克思恩格斯全集.md,13.89,马克思恩格斯经典文本与哲学关系
马克思恩格斯文集,1846_马克思恩格斯文集.md,马克思恩格斯选集,1852_马克思恩格斯选集.md,13.89,马克思恩格斯经典文本与哲学关系
共产党宣言,1848_共产党宣言.md,共产党宣言 马克思,1845_共产党宣言_马克思.md,39.29,马克思恩格斯经典文本与哲学关系
共产党宣言,1848_共产党宣言.md,共产党宣言 阶级斗争,1662_共产党宣言_阶级斗争.md,37.5,马克思恩格斯经典文本与哲学关系
共产党宣言,1848_共产党宣言.md,民报 马克思 共产党宣言,1190_民报_马克思_共产党宣言.md,36.11,马克思恩格斯经典文本与哲学关系
共产党宣言,1848_共产党宣言.md,共产党宣言 阶级斗争 历史,0029_共产党宣言_阶级斗争_历史.md,35.0,马克思恩格斯经典文本与哲学关系
共产党宣言,1848_共产党宣言.md,共产党,2003_共产党.md,12.5,马克思恩格斯经典文本与哲学关系
大众哲学,1849_大众哲学.md,大众哲学 新哲学,1773_大众哲学_新哲学.md,35.0,艾思奇与大众哲学
大众哲学,1849_大众哲学.md,大众哲学 艾思奇,1769_大众哲学_艾思奇.md,32.5,艾思奇与大众哲学
大众哲学,1849_大众哲学.md,现象 本质 大众哲学,0399_现象_本质_大众哲学.md,30.71,艾思奇与大众哲学
大众哲学,1849_大众哲学.md,形式 内容 大众哲学,0400_形式_内容_大众哲学.md,30.71,艾思奇与大众哲学
大众哲学,1849_大众哲学.md,大众哲学 日常生活,1632_大众哲学_日常生活.md,30.71,艾思奇与大众哲学
三松堂全集,1851_三松堂全集.md,全集,1882_全集.md,6.25,现代中国哲学人物与知识论
马克思恩格斯选集,1852_马克思恩格斯选集.md,德国 马克思恩格斯,1715_德国_马克思恩格斯.md,13.89,马克思恩格斯经典文本与哲学关系
马克思恩格斯选集,1852_马克思恩格斯选集.md,英国 马克思恩格斯,1735_英国_马克思恩格斯.md,13.89,马克思恩格斯经典文本与哲学关系
马克思恩格斯选集,1852_马克思恩格斯选集.md,列宁 马克思恩格斯,1780_列宁_马克思恩格斯.md,13.89,马克思恩格斯经典文本与哲学关系
马克思恩格斯选集,1852_马克思恩格斯选集.md,马克思恩格斯全集,1844_马克思恩格斯全集.md,13.89,马克思恩格斯经典文本与哲学关系
马克思恩格斯选集,1852_马克思恩格斯选集.md,马克思恩格斯文集,1846_马克思恩格斯文集.md,13.89,马克思恩格斯经典文本与哲学关系
反杜林论,1853_反杜林论.md,反杜林论 辩证法,1666_反杜林论_辩证法.md,32.5,马克思恩格斯经典文本与哲学关系
真理报,1854_真理报.md,真理的追求,1975_真理的追求.md,5.0,哲学基本范畴与辩证法原理
工人事业,1855_工人事业.md,工人报,1899_工人报.md,6.25,中国近代启蒙与民主革命
国统区 延安,1856_国统区_延安.md,国统区 翻译介绍 马克思主义哲学,0067_国统区_翻译介绍_马克思主义哲学.md,18.33,马克思恩格斯经典文本与哲学关系
国统区 延安,1856_国统区_延安.md,国统区 马克思主义理论 研究宣传,0927_国统区_马克思主义理论_研究宣传.md,18.33,马克思恩格斯经典文本与哲学关系
国统区 延安,1856_国统区_延安.md,国统区 刊物 马克思主义哲学研究,0947_国统区_刊物_马克思主义哲学研究.md,18.33,马克思恩格斯经典文本与哲学关系
国统区 延安,1856_国统区_延安.md,国统区 理论著述 马克思主义哲学,1035_国统区_理论著述_马克思主义哲学.md,18.33,马克思恩格斯经典文本与哲学关系
国统区 延安,1856_国统区_延安.md,实事求是 思想路线 延安,0597_实事求是_思想路线_延安.md,12.08,马克思恩格斯经典文本与哲学关系
新青年,1857_新青年.md,新青年 儒家纲常 扬弃,0741_新青年_儒家纲常_扬弃.md,21.25,青年教育与人生观
新青年,1857_新青年.md,新青年 价值观 古今之变,1233_新青年_价值观_古今之变.md,20.56,青年教育与人生观
新青年,1857_新青年.md,新青年 批判 孔教为国教,1235_新青年_批判_孔教为国教.md,20.56,青年教育与人生观
新青年,1857_新青年.md,列宁主义 新青年 瞿秋白,1652_列宁主义_新青年_瞿秋白.md,20.56,青年教育与人生观
新青年,1857_新青年.md,科学 民主 新价值观 新青年,1234_科学_民主_新价值观_新青年.md,20.0,青年教育与人生观
毛泽东选集,1858_毛泽东选集.md,毛泽东选集 编辑出版 经典形成,0494_毛泽东选集_编辑出版_经典形成.md,33.33,毛泽东哲学与中国革命经验
毛泽东选集,1858_毛泽东选集.md,毛泽东文集,1917_毛泽东文集.md,8.33,毛泽东哲学与中国革命经验
毛泽东选集,1858_毛泽东选集.md,毛泽东早期文稿,1951_毛泽东早期文稿.md,6.25,毛泽东哲学与中国革命经验
毛泽东选集,1858_毛泽东选集.md,毛泽东 世界观 转变,0573_毛泽东_世界观_转变.md,5.56,毛泽东哲学与中国革命经验
毛泽东选集,1858_毛泽东选集.md,矛盾论 辩证 毛泽东,0630_矛盾论_辩证_毛泽东.md,5.56,毛泽东哲学与中国革命经验
唯物主义和经验批判主义,1861_唯物主义和经验批判主义.md,唯物主义和经验批判主义 马赫主义,1653_唯物主义和经验批判主义_马赫主义.md,58.75,辩证唯物主义体系
唯物主义和经验批判主义,1861_唯物主义和经验批判主义.md,列宁 唯物主义 经验批判论,0837_列宁_唯物主义_经验批判论.md,11.54,辩证唯物主义体系
唯物主义和经验批判主义,1861_唯物主义和经验批判主义.md,列宁 唯物主义,1753_列宁_唯物主义.md,6.82,辩证唯物主义体系
唯物主义和经验批判主义,1861_唯物主义和经验批判主义.md,马赫主义 斗争 经验批判论,1590_马赫主义_斗争_经验批判论.md,6.67,辩证唯物主义体系
唯物主义和经验批判主义,1861_唯物主义和经验批判主义.md,唯心主义 唯物主义,1721_唯心主义_唯物主义.md,6.25,辩证唯物主义体系
矛盾论,1862_矛盾论.md,矛盾论 辩证 毛泽东,0630_矛盾论_辩证_毛泽东.md,22.14,矛盾分析法与矛盾特殊性
矛盾论,1862_矛盾论.md,实践论 矛盾论 中国化,0617_实践论_矛盾论_中国化.md,21.25,矛盾分析法与矛盾特殊性
矛盾论,1862_矛盾论.md,毛泽东 矛盾论 主要矛盾,1687_毛泽东_矛盾论_主要矛盾.md,21.25,矛盾分析法与矛盾特殊性
矛盾论,1862_矛盾论.md,实践论 矛盾论 主要内容,0510_实践论_矛盾论_主要内容.md,20.56,矛盾分析法与矛盾特殊性
矛盾论,1862_矛盾论.md,实践论 矛盾论 重大意义,0511_实践论_矛盾论_重大意义.md,20.56,矛盾分析法与矛盾特殊性
新莱茵报,1863_新莱茵报.md,莱茵报,1932_莱茵报.md,16.67,马克思恩格斯经典文本与哲学关系
实践论,1864_实践论.md,实践论 矛盾论 中国化,0617_实践论_矛盾论_中国化.md,21.25,实践观点与认识论
实践论,1864_实践论.md,毛泽东 实践论 认识论,1686_毛泽东_实践论_认识论.md,21.25,实践观点与认识论
实践论,1864_实践论.md,实践论 矛盾论 主要内容,0510_实践论_矛盾论_主要内容.md,20.56,实践观点与认识论
实践论,1864_实践论.md,实践论 矛盾论 重大意义,0511_实践论_矛盾论_重大意义.md,20.56,实践观点与认识论
实践论,1864_实践论.md,学习宣传 实践论 矛盾论,0565_学习宣传_实践论_矛盾论.md,20.56,实践观点与认识论
康有为 梁启超,1865_康有为_梁启超.md,康有为 谭嗣同,1727_康有为_谭嗣同.md,21.25,中国近代启蒙与民主革命
康有为 梁启超,1865_康有为_梁启超.md,康有为 改良派,1749_康有为_改良派.md,21.25,中国近代启蒙与民主革命
康有为 梁启超,1865_康有为_梁启超.md,梁启超 自由 群 进化,0254_梁启超_自由_群_进化.md,20.0,中国近代启蒙与民主革命
康有为 梁启超,1865_康有为_梁启超.md,康有为 托古改制 大同,0172_康有为_托古改制_大同.md,19.55,中国近代启蒙与民主革命
康有为 梁启超,1865_康有为_梁启超.md,康有为 公羊三世 进化,0173_康有为_公羊三世_进化.md,19.55,中国近代启蒙与民主革命
社会民主党人报,1866_社会民主党人报.md,自由知识分子 社会民主主义,1646_自由知识分子_社会民主主义.md,5.36,中国近代启蒙与民主革命
自然辩证法,1867_自然辩证法.md,自然辩证法 自然科学,1667_自然辩证法_自然科学.md,39.29,马克思恩格斯经典文本与哲学关系
自然辩证法,1867_自然辩证法.md,自然辩证法 资本论 辩证法,1587_自然辩证法_资本论_辩证法.md,37.5,马克思恩格斯经典文本与哲学关系
自然辩证法,1867_自然辩证法.md,进攻 防御 辩证法,1325_进攻_防御_辩证法.md,6.25,马克思恩格斯经典文本与哲学关系
自然辩证法,1867_自然辩证法.md,持久 速决 辩证法,1326_持久_速决_辩证法.md,6.25,马克思恩格斯经典文本与哲学关系
自然辩证法,1867_自然辩证法.md,内线 外线 辩证法,1327_内线_外线_辩证法.md,6.25,马克思恩格斯经典文本与哲学关系
社会学大纲,1868_社会学大纲.md,李达 社会学大纲 学术史,0268_李达_社会学大纲_学术史.md,36.11,李达与马克思主义哲学体系化
社会学大纲,1868_社会学大纲.md,李达 现代社会学 社会学大纲,0298_李达_现代社会学_社会学大纲.md,36.11,李达与马克思主义哲学体系化
社会学大纲,1868_社会学大纲.md,社会学大纲 体系 深刻见解,1301_社会学大纲_体系_深刻见解.md,35.0,李达与马克思主义哲学体系化
社会学大纲,1868_社会学大纲.md,李达 社会学大纲 教科书形态,0276_李达_社会学大纲_教科书形态.md,34.09,李达与马克思主义哲学体系化
社会学大纲,1868_社会学大纲.md,李达 社会学大纲 教科书传播,0299_李达_社会学大纲_教科书传播.md,34.09,李达与马克思主义哲学体系化
什么是新启蒙运动,1869_什么是新启蒙运动.md,什么是新启蒙运动 艾思奇,0427_什么是新启蒙运动_艾思奇.md,57.5,新启蒙运动
什么是新启蒙运动,1869_什么是新启蒙运动.md,什么是新启蒙运动 张申府,1770_什么是新启蒙运动_张申府.md,57.5,新启蒙运动
什么是新启蒙运动,1869_什么是新启蒙运动.md,论新启蒙运动,1957_论新启蒙运动.md,12.5,新启蒙运动
什么是新启蒙运动,1869_什么是新启蒙运动.md,国难 新启蒙运动,0376_国难_新启蒙运动.md,11.11,新启蒙运动
什么是新启蒙运动,1869_什么是新启蒙运动.md,新启蒙运动 提出,0377_新启蒙运动_提出.md,11.11,新启蒙运动
新教伦理,1870_新教伦理.md,新教伦理 资本主义精神,1644_新教伦理_资本主义精神.md,28.33,政治经济学与资本主义批判
新教伦理,1870_新教伦理.md,新教伦理与资本主义精神,2014_新教伦理与资本主义精神.md,7.5,政治经济学与资本主义批判
抗战 新启蒙运动,1871_抗战_新启蒙运动.md,新启蒙运动 抗日救亡 抗战,1820_新启蒙运动_抗日救亡_抗战.md,46.36,新启蒙运动
抗战 新启蒙运动,1871_抗战_新启蒙运动.md,新启蒙运动 文化抗战,1616_新启蒙运动_文化抗战.md,38.89,新启蒙运动
抗战 新启蒙运动,1871_抗战_新启蒙运动.md,国难 新启蒙运动,0376_国难_新启蒙运动.md,37.5,新启蒙运动
抗战 新启蒙运动,1871_抗战_新启蒙运动.md,新启蒙运动 提出,0377_新启蒙运动_提出.md,37.5,新启蒙运动
抗战 新启蒙运动,1871_抗战_新启蒙运动.md,新启蒙运动 普及,1874_新启蒙运动_普及.md,37.5,新启蒙运动
大同书,1872_大同书.md,康有为 大同书 空想主义,0161_康有为_大同书_空想主义.md,20.56,中国近代启蒙与民主革命
新启蒙运动 普及,1874_新启蒙运动_普及.md,国难 新启蒙运动,0376_国难_新启蒙运动.md,37.5,新启蒙运动
新启蒙运动 普及,1874_新启蒙运动_普及.md,新启蒙运动 提出,0377_新启蒙运动_提出.md,37.5,新启蒙运动
新启蒙运动 普及,1874_新启蒙运动_普及.md,抗战 新启蒙运动,1871_抗战_新启蒙运动.md,37.5,新启蒙运动
新启蒙运动 普及,1874_新启蒙运动_普及.md,新启蒙运动 理性运动,0380_新启蒙运动_理性运动.md,36.11,新启蒙运动
新启蒙运动 普及,1874_新启蒙运动_普及.md,新启蒙运动 哲学家,0382_新启蒙运动_哲学家.md,36.11,新启蒙运动
哲学的贫困,1875_哲学的贫困.md,新哲学的人生观,2021_新哲学的人生观.md,6.25,苏联哲学与共产国际
哲学的贫困,1875_哲学的贫困.md,哲学史,1906_哲学史.md,5.0,苏联哲学与共产国际
宣言,1876_宣言.md,共产党宣言,1848_共产党宣言.md,6.25,马克思恩格斯经典文本与哲学关系
宣言,1876_宣言.md,共产主义宣言,1958_共产主义宣言.md,5.0,马克思恩格斯经典文本与哲学关系
列宁选集,1877_列宁选集.md,列宁全集,1842_列宁全集.md,5.0,列宁哲学与社会主义实践
列宁选集,1877_列宁选集.md,列宁文集,1926_列宁文集.md,5.0,列宁哲学与社会主义实践
德意志意识形态,1878_德意志意识形态.md,德意志意识形态 唯物史观,1661_德意志意识形态_唯物史观.md,50.0,马克思恩格斯经典文本与哲学关系
德意志意识形态,1878_德意志意识形态.md,儒学 意识形态,1765_儒学_意识形态.md,9.38,马克思恩格斯经典文本与哲学关系
德意志意识形态,1878_德意志意识形态.md,意识 意识形态 历史,1089_意识_意识形态_历史.md,8.33,马克思恩格斯经典文本与哲学关系
德意志意识形态,1878_德意志意识形态.md,意识形态 马克思,1790_意识形态_马克思.md,8.33,马克思恩格斯经典文本与哲学关系
德意志意识形态,1878_德意志意识形态.md,苏联哲学 意识形态功能,0812_苏联哲学_意识形态功能.md,6.25,马克思恩格斯经典文本与哲学关系
理性与自由,1879_理性与自由.md,自由,1981_自由.md,6.25,中国近代启蒙与民主革命
现代社会学,1881_现代社会学.md,李达 现代社会学 社会学大纲,0298_李达_现代社会学_社会学大纲.md,36.11,李达与马克思主义哲学体系化
现代社会学,1881_现代社会学.md,李达 唯物史观 现代社会学,0314_李达_唯物史观_现代社会学.md,35.0,李达与马克思主义哲学体系化
现代社会学,1881_现代社会学.md,瞿秋白 现代社会学 社会科学概论,0297_瞿秋白_现代社会学_社会科学概论.md,33.33,李达与马克思主义哲学体系化
现代社会学,1881_现代社会学.md,社会学大纲,1868_社会学大纲.md,8.33,李达与马克思主义哲学体系化
现代社会学,1881_现代社会学.md,李达 唯物史观 社会学,0284_李达_唯物史观_社会学.md,5.0,李达与马克思主义哲学体系化
全集,1882_全集.md,列宁全集,1842_列宁全集.md,8.33,其他待人工复核
全集,1882_全集.md,三松堂全集,1851_三松堂全集.md,6.25,其他待人工复核
新原道,1883_新原道.md,新原人,2001_新原人.md,8.33,现代中国哲学人物与知识论
哲学笔记,1884_哲学笔记.md,哲学史,1906_哲学史.md,6.25,苏联哲学与共产国际
哲学笔记,1884_哲学笔记.md,大众哲学,1849_大众哲学.md,5.0,苏联哲学与共产国际
哲学笔记,1884_哲学笔记.md,哲学讲话,1931_哲学讲话.md,5.0,苏联哲学与共产国际
哲学笔记,1884_哲学笔记.md,哲学研究,1984_哲学研究.md,5.0,苏联哲学与共产国际
李达文集,1885_李达文集.md,列宁文集,1926_列宁文集.md,5.0,李达与马克思主义哲学体系化
李达文集,1885_李达文集.md,冯契文集,1977_冯契文集.md,5.0,李达与马克思主义哲学体系化
法兰西内战,1887_法兰西内战.md,法兰西内战 巴黎公社,1664_法兰西内战_巴黎公社.md,37.5,马克思恩格斯经典文本与哲学关系
人民国家报,1889_人民国家报.md,新国家,1946_新国家.md,5.0,民族国家与国际关系
人民国家报,1889_人民国家报.md,人民报,1953_人民报.md,5.0,民族国家与国际关系
新生活报,1890_新生活报.md,读书生活,1901_读书生活.md,5.0,大众哲学案例与社会生活
艾思奇文集,1891_艾思奇文集.md,艾思奇全书,1967_艾思奇全书.md,8.33,艾思奇与大众哲学
艾思奇文集,1891_艾思奇文集.md,大众哲学 艾思奇,1769_大众哲学_艾思奇.md,6.25,艾思奇与大众哲学
艾思奇文集,1891_艾思奇文集.md,哲学大众化 艾思奇,1746_哲学大众化_艾思奇.md,5.56,艾思奇与大众哲学
艾思奇文集,1891_艾思奇文集.md,新启蒙运动 艾思奇,1759_新启蒙运动_艾思奇.md,5.56,艾思奇与大众哲学
艾思奇文集,1891_艾思奇文集.md,艾思奇 大众哲学 贡献,0359_艾思奇_大众哲学_贡献.md,5.0,艾思奇与大众哲学
解放,1892_解放.md,解放日报,1993_解放日报.md,8.33,民族国家与国际关系
毛泽东哲学 马克思主义哲学中国化,1893_毛泽东哲学_马克思主义哲学中国化.md,毛泽东 马克思主义哲学中国化,1748_毛泽东_马克思主义哲学中国化.md,59.64,马克思恩格斯经典文本与哲学关系
毛泽东哲学 马克思主义哲学中国化,1893_毛泽东哲学_马克思主义哲学中国化.md,马克思主义哲学中国化 不足,1432_马克思主义哲学中国化_不足.md,55.0,马克思恩格斯经典文本与哲学关系
毛泽东哲学 马克思主义哲学中国化,1893_毛泽东哲学_马克思主义哲学中国化.md,李达 马克思主义哲学中国化,1751_李达_马克思主义哲学中国化.md,55.0,马克思恩格斯经典文本与哲学关系
毛泽东哲学 马克思主义哲学中国化,1893_毛泽东哲学_马克思主义哲学中国化.md,马克思主义哲学中国化 走向,1816_马克思主义哲学中国化_走向.md,55.0,马克思恩格斯经典文本与哲学关系
毛泽东哲学 马克思主义哲学中国化,1893_毛泽东哲学_马克思主义哲学中国化.md,马克思主义哲学中国化 现实性,1805_马克思主义哲学中国化_现实性.md,54.06,马克思恩格斯经典文本与哲学关系
政治经济学批判,1895_政治经济学批判.md,政治经济学批判 方法,1678_政治经济学批判_方法.md,53.75,政治经济学与资本主义批判
政治经济学批判,1895_政治经济学批判.md,劳动 政治经济学,1709_劳动_政治经济学.md,12.5,政治经济学与资本主义批判
政治经济学批判,1895_政治经济学批判.md,政治经济学 生产,1725_政治经济学_生产.md,12.5,政治经济学与资本主义批判
政治经济学批判,1895_政治经济学批判.md,毛泽东 读 政治经济学教科书,0625_毛泽东_读_政治经济学教科书.md,7.69,政治经济学与资本主义批判
政治经济学批判,1895_政治经济学批判.md,哲学 批判 政治 宗教,1087_哲学_批判_政治_宗教.md,7.5,政治经济学与资本主义批判
国家与革命,1896_国家与革命.md,国家与革命 无产阶级专政,1654_国家与革命_无产阶级专政.md,35.0,阶级斗争与社会革命理论
国家与革命,1896_国家与革命.md,新国家,1946_新国家.md,5.0,阶级斗争与社会革命理论
工人思想报,1897_工人思想报.md,工人报,1899_工人报.md,5.0,中国近代启蒙与民主革命
李大钊文集,1898_李大钊文集.md,李大钊 青春哲学,0347_李大钊_青春哲学.md,6.25,李大钊与唯物史观传播
李大钊文集,1898_李大钊文集.md,李大钊 众庶 英雄,0351_李大钊_众庶_英雄.md,6.25,李大钊与唯物史观传播
李大钊文集,1898_李大钊文集.md,唯物史观 李大钊,1775_唯物史观_李大钊.md,6.25,李大钊与唯物史观传播
李大钊文集,1898_李大钊文集.md,李大钊 宇宙 大实在,0348_李大钊_宇宙_大实在.md,5.56,李大钊与唯物史观传播
李大钊文集,1898_李大钊文集.md,李大钊 唯物史观 研究,0258_李大钊_唯物史观_研究.md,5.0,李大钊与唯物史观传播
工人报,1899_工人报.md,工人事业,1855_工人事业.md,6.25,中国近代启蒙与民主革命
工人报,1899_工人报.md,工人思想报,1897_工人思想报.md,5.0,中国近代启蒙与民主革命
读书生活,1901_读书生活.md,青年 读书 精神生活,0943_青年_读书_精神生活.md,6.25,大众哲学案例与社会生活
读书生活,1901_读书生活.md,新生活报,1890_新生活报.md,5.0,大众哲学案例与社会生活
读书生活,1901_读书生活.md,读书月报,1914_读书月报.md,5.0,大众哲学案例与社会生活
社会主义从空想到科学的发展,1904_社会主义从空想到科学的发展.md,社会主义社会 发展动力 讨论,0979_社会主义社会_发展动力_讨论.md,5.56,哲学基本范畴与辩证法原理
社会主义从空想到科学的发展,1904_社会主义从空想到科学的发展.md,共产主义 社会主义 发展经验,1477_共产主义_社会主义_发展经验.md,5.56,哲学基本范畴与辩证法原理
社会主义从空想到科学的发展,1904_社会主义从空想到科学的发展.md,俄国 社会主义,1758_俄国_社会主义.md,5.36,哲学基本范畴与辩证法原理
社会主义从空想到科学的发展,1904_社会主义从空想到科学的发展.md,德国 社会主义,1772_德国_社会主义.md,5.36,哲学基本范畴与辩证法原理
社会主义从空想到科学的发展,1904_社会主义从空想到科学的发展.md,法国 社会主义,1817_法国_社会主义.md,5.36,哲学基本范畴与辩证法原理
哲学史,1906_哲学史.md,哲学史 哲学概论 读法,0942_哲学史_哲学概论_读法.md,22.14,中国哲学传统与现代转型
哲学史,1906_哲学史.md,思维与存在 关系 哲学史,0941_思维与存在_关系_哲学史.md,20.56,中国哲学传统与现代转型
哲学史,1906_哲学史.md,哲学史 社会实践 认识辩证运动,0940_哲学史_社会实践_认识辩证运动.md,19.17,中国哲学传统与现代转型
哲学史,1906_哲学史.md,哲学史讲演录,1990_哲学史讲演录.md,10.0,中国哲学传统与现代转型
哲学史,1906_哲学史.md,大众哲学,1849_大众哲学.md,6.25,中国哲学传统与现代转型
新理学,1908_新理学.md,冯友兰 新理学,1605_冯友兰_新理学.md,25.0,新理学批判
新理学,1908_新理学.md,新理学 批判 胡绳,0477_新理学_批判_胡绳.md,23.33,新理学批判
新理学,1908_新理学.md,冯友兰 新理学 批判,1640_冯友兰_新理学_批判.md,22.14,新理学批判
新理学,1908_新理学.md,新理学 马克思主义者,1708_新理学_马克思主义者.md,21.25,新理学批判
新理学,1908_新理学.md,冯友兰 新理学 马克思主义哲学,0763_冯友兰_新理学_马克思主义哲学.md,19.17,新理学批判
魏源 龚自珍,1909_魏源_龚自珍.md,龚自珍 自我 衰世 批判,1512_龚自珍_自我_衰世_批判.md,20.0,中国近代启蒙与民主革命
魏源 龚自珍,1909_魏源_龚自珍.md,龚自珍 自尊其心 历史变易,1513_龚自珍_自尊其心_历史变易.md,19.17,中国近代启蒙与民主革命
魏源 龚自珍,1909_魏源_龚自珍.md,龚自珍 个性解放 人生理想,1514_龚自珍_个性解放_人生理想.md,19.17,中国近代启蒙与民主革命
魏源 龚自珍,1909_魏源_龚自珍.md,魏源 善言古者 验于今,1515_魏源_善言古者_验于今.md,12.27,中国近代启蒙与民主革命
魏源 龚自珍,1909_魏源_龚自珍.md,魏源 我有乘于物 及之而后知,1516_魏源_我有乘于物_及之而后知.md,11.79,中国近代启蒙与民主革命
剩余价值理论,1910_剩余价值理论.md,剩余价值 劳动,1625_剩余价值_劳动.md,10.71,政治经济学与资本主义批判
剩余价值理论,1910_剩余价值理论.md,剩余价值 生产,1671_剩余价值_生产.md,10.71,政治经济学与资本主义批判
剩余价值理论,1910_剩余价值理论.md,剩余价值 商品,1702_剩余价值_商品.md,10.71,政治经济学与资本主义批判
剩余价值理论,1910_剩余价值理论.md,资本论 剩余价值,1670_资本论_剩余价值.md,9.38,政治经济学与资本主义批判
剩余价值理论,1910_剩余价值理论.md,劳动 剩余价值 生产,0018_劳动_剩余价值_生产.md,8.33,政治经济学与资本主义批判
新世训,1912_新世训.md,冯友兰 新世训 批评,0476_冯友兰_新世训_批评.md,22.14,中国哲学传统与现代转型
读书月报,1914_读书月报.md,读书生活,1901_读书生活.md,5.0,青年教育与人生观
新民主主义论,1916_新民主主义论.md,新民主主义论 再评价,0623_新民主主义论_再评价.md,45.62,新民主主义革命理论与马克思主义中国化
新民主主义论,1916_新民主主义论.md,新民主主义论 哲学思想,0563_新民主主义论_哲学思想.md,43.89,新民主主义革命理论与马克思主义中国化
新民主主义论,1916_新民主主义论.md,毛泽东 新民主主义论 评价,0624_毛泽东_新民主主义论_评价.md,42.5,新民主主义革命理论与马克思主义中国化
新民主主义论,1916_新民主主义论.md,新民主主义 话语权,1649_新民主主义_话语权.md,12.5,新民主主义革命理论与马克思主义中国化
新民主主义论,1916_新民主主义论.md,新民主主义 构想 实践,0525_新民主主义_构想_实践.md,11.11,新民主主义革命理论与马克思主义中国化
毛泽东文集,1917_毛泽东文集.md,毛泽东 文化观 文化建设,0631_毛泽东_文化观_文化建设.md,8.33,毛泽东哲学与中国革命经验
毛泽东文集,1917_毛泽东文集.md,毛泽东选集,1858_毛泽东选集.md,8.33,毛泽东哲学与中国革命经验
毛泽东文集,1917_毛泽东文集.md,毛泽东早期文稿,1951_毛泽东早期文稿.md,6.25,毛泽东哲学与中国革命经验
毛泽东文集,1917_毛泽东文集.md,毛泽东 世界观 转变,0573_毛泽东_世界观_转变.md,5.56,毛泽东哲学与中国革命经验
毛泽东文集,1917_毛泽东文集.md,矛盾论 辩证 毛泽东,0630_矛盾论_辩证_毛泽东.md,5.56,毛泽东哲学与中国革命经验
仁学,1918_仁学.md,仁学 谭嗣同,1776_仁学_谭嗣同.md,16.25,中国近代启蒙与民主革命
仁学,1918_仁学.md,谭嗣同 仁学 个性解放,0163_谭嗣同_仁学_个性解放.md,13.12,中国近代启蒙与民主革命
仁学,1918_仁学.md,谭嗣同 仁学 冲决网罗,0175_谭嗣同_仁学_冲决网罗.md,13.12,中国近代启蒙与民主革命
仁学,1918_仁学.md,谭嗣同 冲决网罗 仁学,0248_谭嗣同_冲决网罗_仁学.md,13.12,中国近代启蒙与民主革命
瞿秋白文集,1919_瞿秋白文集.md,瞿秋白 真理论 反映论,0337_瞿秋白_真理论_反映论.md,5.0,瞿秋白与辩证唯物主义传播
瞿秋白文集,1919_瞿秋白文集.md,瞿秋白 东西文化 特点,0340_瞿秋白_东西文化_特点.md,5.0,瞿秋白与辩证唯物主义传播
国民报,1923_国民报.md,民报,1942_民报.md,12.5,新启蒙运动
国民报,1923_国民报.md,人民报,1953_人民报.md,8.33,新启蒙运动
英国工人阶级状况,1924_英国工人阶级状况.md,工人阶级 英国,1737_工人阶级_英国.md,12.5,马克思恩格斯经典文本与哲学关系
英国工人阶级状况,1924_英国工人阶级状况.md,劳动 工人阶级,1767_劳动_工人阶级.md,8.33,马克思恩格斯经典文本与哲学关系
英国工人阶级状况,1924_英国工人阶级状况.md,工人阶级 斗争,1778_工人阶级_斗争.md,8.33,马克思恩格斯经典文本与哲学关系
英国工人阶级状况,1924_英国工人阶级状况.md,工人阶级 白领工人 蓝领工人,1470_工人阶级_白领工人_蓝领工人.md,6.25,马克思恩格斯经典文本与哲学关系
英国工人阶级状况,1924_英国工人阶级状况.md,民族工业 工人阶级 壮大,1423_民族工业_工人阶级_壮大.md,5.77,马克思恩格斯经典文本与哲学关系
少年中国,1925_少年中国.md,近五十年 中国思想 变动,1385_近五十年_中国思想_变动.md,5.0,中国哲学传统与现代转型
列宁文集,1926_列宁文集.md,列宁专题文集,1930_列宁专题文集.md,8.33,列宁哲学与社会主义实践
列宁文集,1926_列宁文集.md,列宁全集,1842_列宁全集.md,5.0,列宁哲学与社会主义实践
列宁文集,1926_列宁文集.md,列宁选集,1877_列宁选集.md,5.0,列宁哲学与社会主义实践
列宁文集,1926_列宁文集.md,李达文集,1885_李达文集.md,5.0,列宁哲学与社会主义实践
列宁文集,1926_列宁文集.md,冯契文集,1977_冯契文集.md,5.0,列宁哲学与社会主义实践
天演论,1927_天演论.md,严复 天演论 进化论,0179_严复_天演论_进化论.md,22.14,中国近代启蒙与民主革命
列宁专题文集,1930_列宁专题文集.md,列宁文集,1926_列宁文集.md,8.33,列宁哲学与社会主义实践
哲学讲话,1931_哲学讲话.md,大众哲学 哲学讲话 通俗化,0396_大众哲学_哲学讲话_通俗化.md,28.33,新哲学大众化运动
哲学讲话,1931_哲学讲话.md,哲学讲话 日常生活 哲学观点,0397_哲学讲话_日常生活_哲学观点.md,27.5,新哲学大众化运动
哲学讲话,1931_哲学讲话.md,哲学史,1906_哲学史.md,6.25,新哲学大众化运动
哲学讲话,1931_哲学讲话.md,大众哲学,1849_大众哲学.md,5.0,新哲学大众化运动
哲学讲话,1931_哲学讲话.md,哲学笔记,1884_哲学笔记.md,5.0,新哲学大众化运动
莱茵报,1932_莱茵报.md,新莱茵报,1863_新莱茵报.md,16.67,马克思恩格斯经典文本与哲学关系
我的马克思主义观,1933_我的马克思主义观.md,上海 马克思主义者,1740_上海_马克思主义者.md,10.0,马克思恩格斯经典文本与哲学关系
我的马克思主义观,1933_我的马克思主义观.md,新理学 马克思主义者,1708_新理学_马克思主义者.md,9.09,马克思恩格斯经典文本与哲学关系
我的马克思主义观,1933_我的马克思主义观.md,中国马克思主义 马克思主义者,1788_中国马克思主义_马克思主义者.md,9.09,马克思恩格斯经典文本与哲学关系
我的马克思主义观,1933_我的马克思主义观.md,在马克思主义旗帜下,1940_在马克思主义旗帜下.md,9.09,马克思恩格斯经典文本与哲学关系
我的马克思主义观,1933_我的马克思主义观.md,唯物史观派 马克思主义,0041_唯物史观派_马克思主义.md,8.33,马克思恩格斯经典文本与哲学关系
邓小平文选,1934_邓小平文选.md,邓小平 实践观 特色,0657_邓小平_实践观_特色.md,5.56,社会主义建设与改革开放哲学反思
邓小平文选,1934_邓小平文选.md,邓小平 价值观 特色,0658_邓小平_价值观_特色.md,5.56,社会主义建设与改革开放哲学反思
张申府文集,1936_张申府文集.md,张申府 新哲学 思想,0369_张申府_新哲学_思想.md,5.56,新哲学大众化运动
张申府文集,1936_张申府文集.md,张申府 罗素 辩证法,1641_张申府_罗素_辩证法.md,5.56,新哲学大众化运动
张申府文集,1936_张申府文集.md,张申府 新启蒙运动,1742_张申府_新启蒙运动.md,5.56,新哲学大众化运动
张申府文集,1936_张申府文集.md,中国现代哲学 张申府,1830_中国现代哲学_张申府.md,5.0,新哲学大众化运动
战时文化,1937_战时文化.md,文化建设,2020_文化建设.md,5.0,中国哲学传统与现代转型
纽约每日论坛报,1938_纽约每日论坛报.md,论坛报,1985_论坛报.md,8.33,马克思恩格斯经典文本与哲学关系
在马克思主义旗帜下,1940_在马克思主义旗帜下.md,上海 马克思主义者,1740_上海_马克思主义者.md,9.09,马克思恩格斯经典文本与哲学关系
在马克思主义旗帜下,1940_在马克思主义旗帜下.md,我的马克思主义观,1933_我的马克思主义观.md,9.09,马克思恩格斯经典文本与哲学关系
在马克思主义旗帜下,1940_在马克思主义旗帜下.md,新理学 马克思主义者,1708_新理学_马克思主义者.md,8.33,马克思恩格斯经典文本与哲学关系
在马克思主义旗帜下,1940_在马克思主义旗帜下.md,中国马克思主义 马克思主义者,1788_中国马克思主义_马克思主义者.md,8.33,马克思恩格斯经典文本与哲学关系
在马克思主义旗帜下,1940_在马克思主义旗帜下.md,唯物史观派 马克思主义,0041_唯物史观派_马克思主义.md,7.69,马克思恩格斯经典文本与哲学关系
民报,1942_民报.md,民报 马克思 共产党宣言,1190_民报_马克思_共产党宣言.md,12.78,马克思恩格斯经典文本与哲学关系
民报,1942_民报.md,国民报,1923_国民报.md,12.5,马克思恩格斯经典文本与哲学关系
民报,1942_民报.md,人民报,1953_人民报.md,12.5,马克思恩格斯经典文本与哲学关系
共产主义ABC,1944_共产主义ABC.md,共产主义 劳动,1782_共产主义_劳动.md,9.38,民族国家与国际关系
共产主义ABC,1944_共产主义ABC.md,共产主义 翻译,1837_共产主义_翻译.md,9.38,民族国家与国际关系
共产主义ABC,1944_共产主义ABC.md,共产主义宣言,1958_共产主义宣言.md,9.38,民族国家与国际关系
共产主义ABC,1944_共产主义ABC.md,战时共产主义 政策 评价,1254_战时共产主义_政策_评价.md,6.25,民族国家与国际关系
共产主义ABC,1944_共产主义ABC.md,共产主义者 道德 民族道德,1598_共产主义者_道德_民族道德.md,6.25,民族国家与国际关系
新国家,1946_新国家.md,人民国家报,1889_人民国家报.md,5.0,民族国家与国际关系
新国家,1946_新国家.md,国家与革命,1896_国家与革命.md,5.0,民族国家与国际关系
宗教 资产阶级,1948_宗教_资产阶级.md,俄国 资产阶级,1691_俄国_资产阶级.md,30.71,阶级斗争与社会革命理论
宗教 资产阶级,1948_宗教_资产阶级.md,法国 资产阶级,1703_法国_资产阶级.md,30.71,阶级斗争与社会革命理论
宗教 资产阶级,1948_宗教_资产阶级.md,无产阶级 资产阶级,1705_无产阶级_资产阶级.md,30.71,阶级斗争与社会革命理论
宗教 资产阶级,1948_宗教_资产阶级.md,斗争 资产阶级,1717_斗争_资产阶级.md,30.71,阶级斗争与社会革命理论
宗教 资产阶级,1948_宗教_资产阶级.md,英国 资产阶级,1718_英国_资产阶级.md,30.71,阶级斗争与社会革命理论
论持久战,1949_论持久战.md,持久战 主观客观 条件,1219_持久战_主观客观_条件.md,5.56,哲学基本范畴与辩证法原理
之争 古今中西,1950_之争_古今中西.md,古今中西 之争 中国近代哲学革命,0767_古今中西_之争_中国近代哲学革命.md,37.14,中国近代启蒙与民主革命
之争 古今中西,1950_之争_古今中西.md,古今中西 论争 中西体用,0768_古今中西_论争_中西体用.md,27.5,中国近代启蒙与民主革命
之争 古今中西,1950_之争_古今中西.md,中国向何处去 古今中西,1617_中国向何处去_古今中西.md,26.82,中国近代启蒙与民主革命
之争 古今中西,1950_之争_古今中西.md,中国近代哲学 古今中西,1695_中国近代哲学_古今中西.md,26.82,中国近代启蒙与民主革命
之争 古今中西,1950_之争_古今中西.md,古今中西 争论 中国向何处去,0760_古今中西_争论_中国向何处去.md,25.77,中国近代启蒙与民主革命
毛泽东早期文稿,1951_毛泽东早期文稿.md,毛泽东选集,1858_毛泽东选集.md,6.25,毛泽东哲学与中国革命经验
毛泽东早期文稿,1951_毛泽东早期文稿.md,毛泽东文集,1917_毛泽东文集.md,6.25,毛泽东哲学与中国革命经验
1844年经济学哲学手稿,1952_1844年经济学哲学手稿.md,1844年经济学哲学手稿 异化劳动,1660_1844年经济学哲学手稿_异化劳动.md,58.33,苏联哲学与共产国际
人民报,1953_人民报.md,民报,1942_民报.md,12.5,民族国家与国际关系
人民报,1953_人民报.md,国民报,1923_国民报.md,8.33,民族国家与国际关系
人民报,1953_人民报.md,人民国家报,1889_人民国家报.md,5.0,民族国家与国际关系
人民报,1953_人民报.md,人民事业报,2018_人民事业报.md,5.0,民族国家与国际关系
家庭、私有制和国家的起源,1954_家庭、私有制和国家的起源.md,家庭 私有制 国家起源,1096_家庭_私有制_国家起源.md,22.5,政治经济学与资本主义批判
关于费尔巴哈的提纲,1956_关于费尔巴哈的提纲.md,德国 费尔巴哈,1774_德国_费尔巴哈.md,7.5,马克思恩格斯经典文本与哲学关系
关于费尔巴哈的提纲,1956_关于费尔巴哈的提纲.md,路德维希·费尔巴哈,1969_路德维希·费尔巴哈.md,6.25,马克思恩格斯经典文本与哲学关系
论新启蒙运动,1957_论新启蒙运动.md,国难 新启蒙运动,0376_国难_新启蒙运动.md,14.29,新启蒙运动
论新启蒙运动,1957_论新启蒙运动.md,新启蒙运动 提出,0377_新启蒙运动_提出.md,14.29,新启蒙运动
论新启蒙运动,1957_论新启蒙运动.md,抗战 新启蒙运动,1871_抗战_新启蒙运动.md,14.29,新启蒙运动
论新启蒙运动,1957_论新启蒙运动.md,新启蒙运动 普及,1874_新启蒙运动_普及.md,14.29,新启蒙运动
论新启蒙运动,1957_论新启蒙运动.md,新启蒙运动 理性运动,0380_新启蒙运动_理性运动.md,12.5,新启蒙运动
共产主义宣言,1958_共产主义宣言.md,共产主义 劳动,1782_共产主义_劳动.md,10.71,民族国家与国际关系
共产主义宣言,1958_共产主义宣言.md,共产主义 翻译,1837_共产主义_翻译.md,10.71,民族国家与国际关系
共产主义宣言,1958_共产主义宣言.md,共产主义ABC,1944_共产主义ABC.md,9.38,民族国家与国际关系
共产主义宣言,1958_共产主义宣言.md,共产党宣言,1848_共产党宣言.md,7.14,民族国家与国际关系
共产主义宣言,1958_共产主义宣言.md,战时共产主义 政策 评价,1254_战时共产主义_政策_评价.md,6.82,民族国家与国际关系
导言,1960_导言.md,黑格尔法哲学批判 导言,1659_黑格尔法哲学批判_导言.md,12.78,其他待人工复核
抗战与新启蒙运动,1961_抗战与新启蒙运动.md,抗战 新启蒙运动,1871_抗战_新启蒙运动.md,15.62,新启蒙运动
抗战与新启蒙运动,1961_抗战与新启蒙运动.md,新启蒙运动 文化抗战,1616_新启蒙运动_文化抗战.md,12.5,新启蒙运动
抗战与新启蒙运动,1961_抗战与新启蒙运动.md,论新启蒙运动,1957_论新启蒙运动.md,12.5,新启蒙运动
抗战与新启蒙运动,1961_抗战与新启蒙运动.md,国难 新启蒙运动,0376_国难_新启蒙运动.md,11.11,新启蒙运动
抗战与新启蒙运动,1961_抗战与新启蒙运动.md,新启蒙运动 提出,0377_新启蒙运动_提出.md,11.11,新启蒙运动
北平晨报,1963_北平晨报.md,晨报,1998_晨报.md,8.33,早期马克思主义传播主体与传播载体
经济学家,1966_经济学家.md,经济学家 英国,1733_经济学家_英国.md,35.0,新启蒙运动
经济学家,1966_经济学家.md,新启蒙运动 经济学家,0383_新启蒙运动_经济学家.md,29.38,新启蒙运动
经济学家,1966_经济学家.md,劳动 政治经济学,1709_劳动_政治经济学.md,7.14,新启蒙运动
经济学家,1966_经济学家.md,政治经济学 生产,1725_政治经济学_生产.md,7.14,新启蒙运动
经济学家,1966_经济学家.md,政治经济学批判,1895_政治经济学批判.md,7.14,新启蒙运动
艾思奇全书,1967_艾思奇全书.md,艾思奇文集,1891_艾思奇文集.md,8.33,艾思奇与大众哲学
艾思奇全书,1967_艾思奇全书.md,大众哲学 艾思奇,1769_大众哲学_艾思奇.md,6.25,艾思奇与大众哲学
艾思奇全书,1967_艾思奇全书.md,哲学大众化 艾思奇,1746_哲学大众化_艾思奇.md,5.56,艾思奇与大众哲学
艾思奇全书,1967_艾思奇全书.md,新启蒙运动 艾思奇,1759_新启蒙运动_艾思奇.md,5.56,艾思奇与大众哲学
艾思奇全书,1967_艾思奇全书.md,艾思奇 大众哲学 贡献,0359_艾思奇_大众哲学_贡献.md,5.0,艾思奇与大众哲学
论新阶段,1968_论新阶段.md,新哲学 新阶段 任务,0425_新哲学_新阶段_任务.md,6.25,新哲学大众化运动
路德维希·费尔巴哈,1969_路德维希·费尔巴哈.md,德国 费尔巴哈,1774_德国_费尔巴哈.md,8.33,马克思恩格斯经典文本与哲学关系
路德维希·费尔巴哈,1969_路德维希·费尔巴哈.md,关于费尔巴哈的提纲,1956_关于费尔巴哈的提纲.md,6.25,马克思恩格斯经典文本与哲学关系
路德维希·费尔巴哈,1969_路德维希·费尔巴哈.md,费尔巴哈 唯物主义 基本内核,0024_费尔巴哈_唯物主义_基本内核.md,5.0,马克思恩格斯经典文本与哲学关系
路德维希·费尔巴哈,1969_路德维希·费尔巴哈.md,新哲学 诞生 黑格尔 费尔巴哈,0419_新哲学_诞生_黑格尔_费尔巴哈.md,5.0,马克思恩格斯经典文本与哲学关系
近代中国启蒙运动史,1970_近代中国启蒙运动史.md,新启蒙运动 现代中国新文化,0381_新启蒙运动_现代中国新文化.md,8.93,新启蒙运动
近代中国启蒙运动史,1970_近代中国启蒙运动史.md,中国启蒙运动 半殖民地 半封建,0157_中国启蒙运动_半殖民地_半封建.md,8.33,新启蒙运动
近代中国启蒙运动史,1970_近代中国启蒙运动史.md,新启蒙运动 中国 自觉运动,0426_新启蒙运动_中国_自觉运动.md,7.69,新启蒙运动
近代中国启蒙运动史,1970_近代中国启蒙运动史.md,论新启蒙运动,1957_论新启蒙运动.md,7.5,新启蒙运动
近代中国启蒙运动史,1970_近代中国启蒙运动史.md,国难 新启蒙运动,0376_国难_新启蒙运动.md,6.82,新启蒙运动
列宁主义问题,1971_列宁主义问题.md,论列宁主义基础,2017_论列宁主义基础.md,9.38,列宁哲学与社会主义实践
列宁主义问题,1971_列宁主义问题.md,列宁主义 早期传播,1651_列宁主义_早期传播.md,8.33,列宁哲学与社会主义实践
列宁主义问题,1971_列宁主义问题.md,列宁主义 形式 传入中国,0847_列宁主义_形式_传入中国.md,6.82,列宁哲学与社会主义实践
列宁主义问题,1971_列宁主义问题.md,列宁主义 新青年 瞿秋白,1652_列宁主义_新青年_瞿秋白.md,6.82,列宁哲学与社会主义实践
列宁主义问题,1971_列宁主义问题.md,列宁 唯物主义,1753_列宁_唯物主义.md,6.25,列宁哲学与社会主义实践
帝国主义是资本主义的最高阶段,1972_帝国主义是资本主义的最高阶段.md,帝国主义 资本主义最高阶段,1655_帝国主义_资本主义最高阶段.md,14.29,政治经济学与资本主义批判
帝国主义是资本主义的最高阶段,1972_帝国主义是资本主义的最高阶段.md,帝国主义 资本主义,1730_帝国主义_资本主义.md,9.62,政治经济学与资本主义批判
帝国主义是资本主义的最高阶段,1972_帝国主义是资本主义的最高阶段.md,俄国资本主义的发展,2019_俄国资本主义的发展.md,6.25,政治经济学与资本主义批判
帝国主义是资本主义的最高阶段,1972_帝国主义是资本主义的最高阶段.md,帝国主义 资本主义发展不平衡 一国胜利,0870_帝国主义_资本主义发展不平衡_一国胜利.md,5.68,政治经济学与资本主义批判
帝国主义是资本主义的最高阶段,1972_帝国主义是资本主义的最高阶段.md,劳动 资本主义,1710_劳动_资本主义.md,5.36,政治经济学与资本主义批判
陈独秀文章选编,1973_陈独秀文章选编.md,陈独秀著作选,1994_陈独秀著作选.md,5.56,陈独秀与马克思主义传播
启蒙,1974_启蒙.md,中国社会史 论战 启蒙,0171_中国社会史_论战_启蒙.md,13.12,新启蒙运动
启蒙,1974_启蒙.md,启蒙 打破欺蒙 扫除蒙蔽,0153_启蒙_打破欺蒙_扫除蒙蔽.md,12.78,新启蒙运动
启蒙,1974_启蒙.md,中国社会性质 论战 启蒙,0170_中国社会性质_论战_启蒙.md,12.78,新启蒙运动
启蒙,1974_启蒙.md,新文化运动 中国思想界 启蒙,0125_新文化运动_中国思想界_启蒙.md,12.27,新启蒙运动
启蒙,1974_启蒙.md,社会主义新价值观 救亡 启蒙,0135_社会主义新价值观_救亡_启蒙.md,12.27,新启蒙运动
真理的追求,1975_真理的追求.md,真理 追求 哲学,1460_真理_追求_哲学.md,7.14,哲学基本范畴与辩证法原理
真理的追求,1975_真理的追求.md,真理报,1854_真理报.md,5.0,哲学基本范畴与辩证法原理
思维方式 马克思主义哲学中国化,1976_思维方式_马克思主义哲学中国化.md,马克思主义哲学中国化 不足,1432_马克思主义哲学中国化_不足.md,55.0,马克思恩格斯经典文本与哲学关系
思维方式 马克思主义哲学中国化,1976_思维方式_马克思主义哲学中国化.md,李达 马克思主义哲学中国化,1751_李达_马克思主义哲学中国化.md,55.0,马克思恩格斯经典文本与哲学关系
思维方式 马克思主义哲学中国化,1976_思维方式_马克思主义哲学中国化.md,马克思主义哲学中国化 走向,1816_马克思主义哲学中国化_走向.md,55.0,马克思恩格斯经典文本与哲学关系
思维方式 马克思主义哲学中国化,1976_思维方式_马克思主义哲学中国化.md,毛泽东 马克思主义哲学中国化,1748_毛泽东_马克思主义哲学中国化.md,54.06,马克思恩格斯经典文本与哲学关系
思维方式 马克思主义哲学中国化,1976_思维方式_马克思主义哲学中国化.md,马克思主义哲学中国化 现实性,1805_马克思主义哲学中国化_现实性.md,54.06,马克思恩格斯经典文本与哲学关系
冯契文集,1977_冯契文集.md,李达文集,1885_李达文集.md,5.0,现代中国哲学人物与知识论
冯契文集,1977_冯契文集.md,列宁文集,1926_列宁文集.md,5.0,现代中国哲学人物与知识论
法哲学原理,1978_法哲学原理.md,黑格尔法哲学批判,1989_黑格尔法哲学批判.md,5.56,文学艺术与文艺理论
法哲学原理,1978_法哲学原理.md,马克思主义哲学 原理化 教科书化,0929_马克思主义哲学_原理化_教科书化.md,5.36,文学艺术与文艺理论
法哲学原理,1978_法哲学原理.md,思想方法 工作方法 哲学,1213_思想方法_工作方法_哲学.md,5.0,文学艺术与文艺理论
法哲学原理,1978_法哲学原理.md,哲学史,1906_哲学史.md,5.0,文学艺术与文艺理论
社会哲学概论,1979_社会哲学概论.md,瞿秋白 社会哲学概论 讲义,0296_瞿秋白_社会哲学概论_讲义.md,42.5,瞿秋白与辩证唯物主义传播
社会哲学概论,1979_社会哲学概论.md,社会科学概论,2023_社会科学概论.md,10.71,瞿秋白与辩证唯物主义传播
社会哲学概论,1979_社会哲学概论.md,哲学史 哲学概论 读法,0942_哲学史_哲学概论_读法.md,8.33,瞿秋白与辩证唯物主义传播
社会哲学概论,1979_社会哲学概论.md,瞿秋白 现代社会学 社会科学概论,0297_瞿秋白_现代社会学_社会科学概论.md,5.36,瞿秋白与辩证唯物主义传播
自由,1981_自由.md,理性与自由,1879_理性与自由.md,6.25,中国近代启蒙与民主革命
自由,1981_自由.md,自由 平等 抗日,0955_自由_平等_抗日.md,5.0,中国近代启蒙与民主革命
中国马克思主义 毛泽东,1982_中国马克思主义_毛泽东.md,中国马克思主义 马克思主义者,1788_中国马克思主义_马克思主义者.md,48.64,马克思恩格斯经典文本与哲学关系
中国马克思主义 毛泽东,1982_中国马克思主义_毛泽东.md,中国马克思主义 概念界定,1629_中国马克思主义_概念界定.md,46.54,马克思恩格斯经典文本与哲学关系
中国马克思主义 毛泽东,1982_中国马克思主义_毛泽东.md,中国马克思主义 历史使命,1818_中国马克思主义_历史使命.md,46.54,马克思恩格斯经典文本与哲学关系
中国马克思主义 毛泽东,1982_中国马克思主义_毛泽东.md,中国马克思主义 学术史 研究,0915_中国马克思主义_学术史_研究.md,45.71,马克思恩格斯经典文本与哲学关系
中国马克思主义 毛泽东,1982_中国马克思主义_毛泽东.md,中国马克思主义 学术史 起步,0917_中国马克思主义_学术史_起步.md,45.71,马克思恩格斯经典文本与哲学关系
中国之命运,1983_中国之命运.md,中国之命运 唯心论 愚民哲学,1601_中国之命运_唯心论_愚民哲学.md,34.09,新民主主义革命理论与马克思主义中国化
中国之命运,1983_中国之命运.md,三民主义 中国之命运 思想批判,1648_三民主义_中国之命运_思想批判.md,33.33,新民主主义革命理论与马克思主义中国化
哲学研究,1984_哲学研究.md,改革开放 哲学研究 教学 特点,0665_改革开放_哲学研究_教学_特点.md,26.82,真理标准讨论与思想解放
哲学研究,1984_哲学研究.md,哲学 研究事物 一般规律,1566_哲学_研究事物_一般规律.md,8.33,真理标准讨论与思想解放
哲学研究,1984_哲学研究.md,李达 马克思主义哲学 研究,0267_李达_马克思主义哲学_研究.md,7.5,真理标准讨论与思想解放
哲学研究,1984_哲学研究.md,李达 马克思主义哲学研究,1754_李达_马克思主义哲学研究.md,7.5,真理标准讨论与思想解放
哲学研究,1984_哲学研究.md,哲学研究机构 教育体系 建设,0923_哲学研究机构_教育体系_建设.md,6.82,真理标准讨论与思想解放
论坛报,1985_论坛报.md,纽约每日论坛报,1938_纽约每日论坛报.md,8.33,早期马克思主义传播主体与传播载体
德国农民战争,1988_德国农民战争.md,农民战争 德国,1738_农民战争_德国.md,16.67,民族国家与国际关系
德国农民战争,1988_德国农民战争.md,太平天国 农民战争 意义 教训,1123_太平天国_农民战争_意义_教训.md,8.33,民族国家与国际关系
黑格尔法哲学批判,1989_黑格尔法哲学批判.md,黑格尔法哲学批判 导言,1659_黑格尔法哲学批判_导言.md,59.44,马克思恩格斯经典文本与哲学关系
黑格尔法哲学批判,1989_黑格尔法哲学批判.md,哲学 批判 政治 宗教,1087_哲学_批判_政治_宗教.md,6.82,马克思恩格斯经典文本与哲学关系
黑格尔法哲学批判,1989_黑格尔法哲学批判.md,江青 斗斗斗哲学 批判,1374_江青_斗斗斗哲学_批判.md,6.82,马克思恩格斯经典文本与哲学关系
黑格尔法哲学批判,1989_黑格尔法哲学批判.md,列宁 左倾错误 哲学批判,0875_列宁_左倾错误_哲学批判.md,5.77,马克思恩格斯经典文本与哲学关系
黑格尔法哲学批判,1989_黑格尔法哲学批判.md,法哲学原理,1978_法哲学原理.md,5.56,马克思恩格斯经典文本与哲学关系
哲学史讲演录,1990_哲学史讲演录.md,哲学史,1906_哲学史.md,10.0,中国哲学传统与现代转型
哲学史讲演录,1990_哲学史讲演录.md,哲学史 哲学概论 读法,0942_哲学史_哲学概论_读法.md,5.0,中国哲学传统与现代转型
谈谈辩证法问题,1992_谈谈辩证法问题.md,唯物辩证法 问题 论争,1303_唯物辩证法_问题_论争.md,10.0,辩证唯物主义体系
谈谈辩证法问题,1992_谈谈辩证法问题.md,辩证法 合法性 问题,1076_辩证法_合法性_问题.md,7.5,辩证唯物主义体系
谈谈辩证法问题,1992_谈谈辩证法问题.md,自然辩证法,1867_自然辩证法.md,6.25,辩证唯物主义体系
谈谈辩证法问题,1992_谈谈辩证法问题.md,进攻 防御 辩证法,1325_进攻_防御_辩证法.md,5.0,辩证唯物主义体系
谈谈辩证法问题,1992_谈谈辩证法问题.md,持久 速决 辩证法,1326_持久_速决_辩证法.md,5.0,辩证唯物主义体系
解放日报,1993_解放日报.md,解放,1892_解放.md,8.33,民族国家与国际关系
解放日报,1993_解放日报.md,新华日报,2013_新华日报.md,5.0,民族国家与国际关系
陈独秀著作选,1994_陈独秀著作选.md,陈独秀文章选编,1973_陈独秀文章选编.md,5.56,陈独秀与马克思主义传播
卡尔·马克思,1996_卡尔·马克思.md,马克思 列宁,1843_马克思_列宁.md,8.33,马克思恩格斯经典文本与哲学关系
卡尔·马克思,1996_卡尔·马克思.md,中国文化 马克思,1736_中国文化_马克思.md,6.25,马克思恩格斯经典文本与哲学关系
卡尔·马克思,1996_卡尔·马克思.md,资产阶级 马克思,1757_资产阶级_马克思.md,6.25,马克思恩格斯经典文本与哲学关系
卡尔·马克思,1996_卡尔·马克思.md,无产阶级 马克思,1781_无产阶级_马克思.md,6.25,马克思恩格斯经典文本与哲学关系
卡尔·马克思,1996_卡尔·马克思.md,意识形态 马克思,1790_意识形态_马克思.md,6.25,马克思恩格斯经典文本与哲学关系
晨报,1998_晨报.md,北平晨报,1963_北平晨报.md,8.33,早期马克思主义传播主体与传播载体
近代史研究,1999_近代史研究.md,中国近代史 评介 胡绳,0450_中国近代史_评介_胡绳.md,5.0,哲学基本范畴与辩证法原理
近代史研究,1999_近代史研究.md,中国共产党 党史 研究,1482_中国共产党_党史_研究.md,5.0,哲学基本范畴与辩证法原理
新原人,2001_新原人.md,新原道,1883_新原道.md,8.33,现代中国哲学人物与知识论
辩证法唯物论教程,2002_辩证法唯物论教程.md,毛泽东 辩证法唯物论教程 批注,1685_毛泽东_辩证法唯物论教程_批注.md,54.58,辩证唯物主义体系
辩证法唯物论教程,2002_辩证法唯物论教程.md,辩证法唯物论 入门 战斗性,1461_辩证法唯物论_入门_战斗性.md,10.42,辩证唯物主义体系
辩证法唯物论教程,2002_辩证法唯物论教程.md,辩证法唯物论 毛泽东哲学,1821_辩证法唯物论_毛泽东哲学.md,10.42,辩证唯物主义体系
辩证法唯物论教程,2002_辩证法唯物论教程.md,社会斗争 武器 辩证法唯物论,1462_社会斗争_武器_辩证法唯物论.md,9.62,辩证唯物主义体系
辩证法唯物论教程,2002_辩证法唯物论教程.md,辩证法唯物论 思想 发展情况,1584_辩证法唯物论_思想_发展情况.md,9.62,辩证唯物主义体系
共产党,2003_共产党.md,共产党宣言,1848_共产党宣言.md,12.5,中国革命道路与党的思想建设
共产党,2003_共产党.md,共产党宣言 马克思,1845_共产党宣言_马克思.md,7.14,中国革命道路与党的思想建设
共产党,2003_共产党.md,中国共产党 成立 意义,1129_中国共产党_成立_意义.md,6.25,中国革命道路与党的思想建设
共产党,2003_共产党.md,中国共产党 党史 研究,1482_中国共产党_党史_研究.md,6.25,中国革命道路与党的思想建设
共产党,2003_共产党.md,共产党宣言 阶级斗争,1662_共产党宣言_阶级斗争.md,6.25,中国革命道路与党的思想建设
知识论,2007_知识论.md,金岳霖 知识论 论理学,0759_金岳霖_知识论_论理学.md,21.25,现代中国哲学人物与知识论
知识论,2007_知识论.md,中国哲学 人生论 宇宙论 知识论,0695_中国哲学_人生论_宇宙论_知识论.md,19.17,现代中国哲学人物与知识论
知识论,2007_知识论.md,科学知识论 官觉 感触,1408_科学知识论_官觉_感触.md,6.25,现代中国哲学人物与知识论
知识论,2007_知识论.md,复兴 知识,2025_复兴_知识.md,6.25,现代中国哲学人物与知识论
知识论,2007_知识论.md,知识 道德,2027_知识_道德.md,6.25,现代中国哲学人物与知识论
雇佣劳动与资本,2009_雇佣劳动与资本.md,资本论 劳动日,1672_资本论_劳动日.md,5.56,政治经济学与资本主义批判
雇佣劳动与资本,2009_雇佣劳动与资本.md,劳动 资本主义,1710_劳动_资本主义.md,5.56,政治经济学与资本主义批判
交互作用 自然,2010_交互作用_自然.md,生产力 生产关系 交互作用,0044_生产力_生产关系_交互作用.md,26.82,历史唯物主义体系
交互作用 自然,2010_交互作用_自然.md,道家 自然 无为 出世精神,0708_道家_自然_无为_出世精神.md,11.92,历史唯物主义体系
交互作用 自然,2010_交互作用_自然.md,人的自由 自然 意识 物质 矛盾,1078_人的自由_自然_意识_物质_矛盾.md,11.67,历史唯物主义体系
新华日报,2013_新华日报.md,解放日报,1993_解放日报.md,5.0,早期马克思主义传播主体与传播载体
新教伦理与资本主义精神,2014_新教伦理与资本主义精神.md,新教伦理 资本主义精神,1644_新教伦理_资本主义精神.md,18.18,政治经济学与资本主义批判
新教伦理与资本主义精神,2014_新教伦理与资本主义精神.md,伦理 资本主义,1723_伦理_资本主义.md,9.09,政治经济学与资本主义批判
新教伦理与资本主义精神,2014_新教伦理与资本主义精神.md,新教伦理,1870_新教伦理.md,7.5,政治经济学与资本主义批判
新教伦理与资本主义精神,2014_新教伦理与资本主义精神.md,劳动 资本主义,1710_劳动_资本主义.md,6.25,政治经济学与资本主义批判
新教伦理与资本主义精神,2014_新教伦理与资本主义精神.md,俄国 资本主义,1713_俄国_资本主义.md,6.25,政治经济学与资本主义批判
论列宁主义基础,2017_论列宁主义基础.md,列宁主义问题,1971_列宁主义问题.md,9.38,列宁哲学与社会主义实践
论列宁主义基础,2017_论列宁主义基础.md,列宁主义 早期传播,1651_列宁主义_早期传播.md,7.5,列宁哲学与社会主义实践
论列宁主义基础,2017_论列宁主义基础.md,列宁主义 形式 传入中国,0847_列宁主义_形式_传入中国.md,6.25,列宁哲学与社会主义实践
论列宁主义基础,2017_论列宁主义基础.md,列宁主义 新青年 瞿秋白,1652_列宁主义_新青年_瞿秋白.md,6.25,列宁哲学与社会主义实践
论列宁主义基础,2017_论列宁主义基础.md,马克思主义中国化 列宁主义,1810_马克思主义中国化_列宁主义.md,5.77,列宁哲学与社会主义实践
人民事业报,2018_人民事业报.md,人民报,1953_人民报.md,5.0,民族国家与国际关系
俄国资本主义的发展,2019_俄国资本主义的发展.md,俄国 资本主义,1713_俄国_资本主义.md,15.62,政治经济学与资本主义批判
俄国资本主义的发展,2019_俄国资本主义的发展.md,劳动 资本主义,1710_劳动_资本主义.md,7.5,政治经济学与资本主义批判
俄国资本主义的发展,2019_俄国资本主义的发展.md,宗教 资本主义,1716_宗教_资本主义.md,7.5,政治经济学与资本主义批判
俄国资本主义的发展,2019_俄国资本主义的发展.md,伦理 资本主义,1723_伦理_资本主义.md,7.5,政治经济学与资本主义批判
俄国资本主义的发展,2019_俄国资本主义的发展.md,生产 资本主义,1732_生产_资本主义.md,7.5,政治经济学与资本主义批判
文化建设,2020_文化建设.md,毛泽东 文化观 文化建设,0631_毛泽东_文化观_文化建设.md,29.38,毛泽东哲学与中国革命经验
文化建设,2020_文化建设.md,列宁 经济建设 文化建设 政治建设,0892_列宁_经济建设_文化建设_政治建设.md,26.82,毛泽东哲学与中国革命经验
文化建设,2020_文化建设.md,根据地 政权建设 经济建设 文化建设,1205_根据地_政权建设_经济建设_文化建设.md,26.25,毛泽东哲学与中国革命经验
文化建设,2020_文化建设.md,社会主义 工作重心 经济文化建设,1273_社会主义_工作重心_经济文化建设.md,5.77,毛泽东哲学与中国革命经验
文化建设,2020_文化建设.md,战时文化,1937_战时文化.md,5.0,毛泽东哲学与中国革命经验
新哲学的人生观,2021_新哲学的人生观.md,胡绳 新哲学的人生观 青年生活,0364_胡绳_新哲学的人生观_青年生活.md,47.5,新哲学大众化运动
新哲学的人生观,2021_新哲学的人生观.md,新哲学 人生观 问题,0393_新哲学_人生观_问题.md,11.11,新哲学大众化运动
新哲学的人生观,2021_新哲学的人生观.md,人生观 新哲学 科学人生观,0392_人生观_新哲学_科学人生观.md,10.0,新哲学大众化运动
新哲学的人生观,2021_新哲学的人生观.md,新哲学 人生观 生活实践,0391_新哲学_人生观_生活实践.md,9.09,新哲学大众化运动
新哲学的人生观,2021_新哲学的人生观.md,人生观 哲学 生活,0234_人生观_哲学_生活.md,8.33,新哲学大众化运动
社会主义者报,2022_社会主义者报.md,俄国 社会主义,1758_俄国_社会主义.md,10.71,马克思恩格斯经典文本与哲学关系
社会主义者报,2022_社会主义者报.md,德国 社会主义,1772_德国_社会主义.md,10.71,马克思恩格斯经典文本与哲学关系
社会主义者报,2022_社会主义者报.md,法国 社会主义,1817_法国_社会主义.md,10.71,马克思恩格斯经典文本与哲学关系
社会主义者报,2022_社会主义者报.md,社会主义 列宁,1840_社会主义_列宁.md,10.71,马克思恩格斯经典文本与哲学关系
社会主义者报,2022_社会主义者报.md,观察周刊 社会主义,1647_观察周刊_社会主义.md,8.33,马克思恩格斯经典文本与哲学关系
社会科学概论,2023_社会科学概论.md,瞿秋白 现代社会学 社会科学概论,0297_瞿秋白_现代社会学_社会科学概论.md,40.42,瞿秋白与辩证唯物主义传播
社会科学概论,2023_社会科学概论.md,社会哲学概论,1979_社会哲学概论.md,10.71,瞿秋白与辩证唯物主义传播
社会科学概论,2023_社会科学概论.md,瞿秋白 社会哲学概论 讲义,0296_瞿秋白_社会哲学概论_讲义.md,6.25,瞿秋白与辩证唯物主义传播
社会科学概论,2023_社会科学概论.md,社会科学家联盟 纲领 活动 作用,1299_社会科学家联盟_纲领_活动_作用.md,5.36,瞿秋白与辩证唯物主义传播
社会科学概论,2023_社会科学概论.md,个人 社会 科玄论战,0218_个人_社会_科玄论战.md,5.0,瞿秋白与辩证唯物主义传播
复兴 知识,2025_复兴_知识.md,复兴 道德,2026_复兴_道德.md,15.0,哲学基本范畴与辩证法原理
复兴 知识,2025_复兴_知识.md,知识 道德,2027_知识_道德.md,15.0,哲学基本范畴与辩证法原理
复兴 知识,2025_复兴_知识.md,知识 发展 真理,1459_知识_发展_真理.md,13.57,哲学基本范畴与辩证法原理
复兴 知识,2025_复兴_知识.md,贫穷 知识 读书 青年,0945_贫穷_知识_读书_青年.md,12.78,哲学基本范畴与辩证法原理
复兴 知识,2025_复兴_知识.md,诸子思想 复兴 整理,1403_诸子思想_复兴_整理.md,12.78,哲学基本范畴与辩证法原理
复兴 道德,2026_复兴_道德.md,复兴 知识,2025_复兴_知识.md,15.0,哲学基本范畴与辩证法原理
复兴 道德,2026_复兴_道德.md,知识 道德,2027_知识_道德.md,15.0,哲学基本范畴与辩证法原理
复兴 道德,2026_复兴_道德.md,道德 发展 进步,1599_道德_发展_进步.md,13.57,哲学基本范畴与辩证法原理
复兴 道德,2026_复兴_道德.md,道德 阶级性 讨论,1369_道德_阶级性_讨论.md,13.12,哲学基本范畴与辩证法原理
复兴 道德,2026_复兴_道德.md,诸子思想 复兴 整理,1403_诸子思想_复兴_整理.md,12.78,哲学基本范畴与辩证法原理
知识 道德,2027_知识_道德.md,复兴 知识,2025_复兴_知识.md,15.0,哲学基本范畴与辩证法原理
知识 道德,2027_知识_道德.md,复兴 道德,2026_复兴_道德.md,15.0,哲学基本范畴与辩证法原理
知识 道德,2027_知识_道德.md,知识 发展 真理,1459_知识_发展_真理.md,13.57,哲学基本范畴与辩证法原理
知识 道德,2027_知识_道德.md,道德 发展 进步,1599_道德_发展_进步.md,13.57,哲学基本范畴与辩证法原理
知识 道德,2027_知识_道德.md,道德 阶级性 讨论,1369_道德_阶级性_讨论.md,13.12,哲学基本范畴与辩证法原理
改造 责任,2028_改造_责任.md,改造 建设 结合,1350_改造_建设_结合.md,13.57,社会主义建设时期哲学讨论与反思
改造 责任,2028_改造_责任.md,救中国 大众 责任,0958_救中国_大众_责任.md,13.12,社会主义建设时期哲学讨论与反思
改造 责任,2028_改造_责任.md,马克思主义哲学体系 改造 创新,1044_马克思主义哲学体系_改造_创新.md,11.79,社会主义建设时期哲学讨论与反思
改造 责任,2028_改造_责任.md,赎买政策 资本主义工商业 改造,1348_赎买政策_资本主义工商业_改造.md,11.79,社会主义建设时期哲学讨论与反思
