查询序号,主题词,卡片名,命中结果数,最高分,一级主题,对应主题页,主题页路径,置信度,匹配分,匹配依据,相近主题词,相近卡片,备选主题页,命中词,主要书名,页码,是否有结果,处理建议,Claude检索建议,是否新增主题
1,唯物史观 世界观 学习教育,0001_唯物史观_世界观_学习教育.md,3,32.13,新哲学大众化,思想方法与世界观教育,新哲学大众化/思想方法与世界观教育.md,高,112.0,已列入原主题页重点卡片；命中主题种子词：世界观、学习；主题词重合：世界观,李达 唯物史观 学术贡献(26.67)；唯物史观 谈政治(25.77)；唯物史观 李大钊(25.77)；唯物史观 传播热潮(25.36)；李大钊 唯物史观 研究(25.0),0269_李达_唯物史观_学术贡献.md；0032_唯物史观_谈政治.md；1775_唯物史观_李大钊.md；0064_唯物史观_传播热潮.md；0258_李大钊_唯物史观_研究.md,,唯物史观、世界观,马克思主义哲学史教程；中国马克思主义学术史纲；马克思主义哲学史（第六卷,335；142-146；198-199,是,可按主题页优先检索,先查主题页《思想方法与世界观教育》，再在 T3/T10 中检索：唯物史观|世界观|学习教育,否
2,生产力 生产关系 讨论,0002_生产力_生产关系_讨论.md,3,49.8,理论方法,历史唯物主义体系,理论方法/历史唯物主义体系.md,高,121.0,已列入原主题页重点卡片；命中主题种子词：生产力、生产关系；主题词重合：生产力、生产关系,李达 生产力 生产关系(48.89)；生产力 生产关系 斯大林(47.5)；生产力 生产关系 历史规律(46.36)；唯物史观 生产力 生产关系(46.36)；生产力 生产关系 交互作用(46.36),0316_李达_生产力_生产关系.md；0906_生产力_生产关系_斯大林.md；0016_生产力_生产关系_历史规律.md；0026_唯物史观_生产力_生产关系.md；0044_生产力_生产关系_交互作用.md,,生产力、生产关系、讨论,中国马克思主义学术史纲；马克思主义哲学史；中国现代思想史论,102-104；166-169；194,是,可按主题页优先检索,先查主题页《历史唯物主义体系》，再在 T3/T10 中检索：生产力|生产关系|讨论,否
3,语言学问题 经济基础 上层建筑,0003_语言学问题_经济基础_上层建筑.md,3,51.99,理论方法,历史唯物主义体系,理论方法/历史唯物主义体系.md,高,124.0,已列入原主题页重点卡片；命中主题种子词：经济基础、上层建筑；主题词重合：经济基础、上层建筑,斯大林 语言学问题 经济基础 上层建筑(85.0)；李达 经济基础 上层建筑(52.5)；经济基础 上层建筑 相互作用(50.94)；唯物史观 经济基础 上层建筑(50.94)；经济基础 上层建筑 过渡时期(50.94),0904_斯大林_语言学问题_经济基础_上层建筑.md；0315_李达_经济基础_上层建筑.md；0019_经济基础_上层建筑_相互作用.md；0027_唯物史观_经济基础_上层建筑.md；0641_经济基础_上层建筑_过渡时期.md,,语言学问题、经济基础、上层建筑,百年中国哲学革命；马克思主义哲学史(第五卷)；“哲学上三次大论战”提法不宜继续使用,190-192；504-506；2,是,可按主题页优先检索,先查主题页《历史唯物主义体系》，再在 T3/T10 中检索：语言学问题|经济基础|上层建筑,否
4,唯物史观 起点 唯物辩证法 扩展,0004_唯物史观_起点_唯物辩证法_扩展.md,3,43.53,理论方法,辩证唯物主义体系,理论方法/辩证唯物主义体系.md,高,112.0,已列入原主题页重点卡片；命中主题种子词：唯物辩证法；主题词重合：唯物辩证法,唯物辩证法 风靡 起点(43.93)；唯物辩证法 风靡全国(31.67)；唯物辩证法 风靡 前奏(31.67)；唯物辩证法 风靡 原因(31.67)；逐步改造 唯物辩证法(31.67),1027_唯物辩证法_风靡_起点.md；1026_唯物辩证法_风靡全国.md；1028_唯物辩证法_风靡_前奏.md；1030_唯物辩证法_风靡_原因.md；1052_逐步改造_唯物辩证法.md,,唯物史观、起点、唯物辩证法,马克思主义哲学在中国：传播、应用、形态、前景；马克思主义哲学中国化与中国哲学的现代转型；马克思主义哲学中国化理论与历史,85；283-284；263,是,可按主题页优先检索,先查主题页《辩证唯物主义体系》，再在 T3/T10 中检索：唯物史观|起点|唯物辩证法|扩展,否
5,唯物史观 历史学 研究应用,0005_唯物史观_历史学_研究应用.md,3,36.13,理论方法,唯物史观在中国的传播与应用,理论方法/唯物史观在中国的传播与应用.md,高,122.0,已列入原主题页重点卡片；命中主题种子词：唯物史观；主题词重合：唯物史观；主题域增强：唯物史观、史学,唯物史观 中国哲学史 研究应用(49.38)；李大钊 唯物史观 历史研究(30.71)；吴承仕 国学研究 唯物史观(28.33)；李大钊 唯物史观 研究(27.14)；历史哲学教程 唯物史观(26.67),0714_唯物史观_中国哲学史_研究应用.md；0304_李大钊_唯物史观_历史研究.md；0010_吴承仕_国学研究_唯物史观.md；0258_李大钊_唯物史观_研究.md；0031_历史哲学教程_唯物史观.md,,唯物史观、历史学,马克思主义哲学中国化与中国哲学的现代转型；马克思主义哲学在中国：传播、应用、形态、前景；马克思主义哲学史教程,290-291；302；841-843,是,可按主题页优先检索,先查主题页《唯物史观在中国的传播与应用》，再在 T3/T10 中检索：唯物史观|历史学|研究应用,否
6,郭沫若 中国古代社会研究 唯物史观,0006_郭沫若_中国古代社会研究_唯物史观.md,3,55.65,理论方法,唯物史观与中国史学研究,理论方法/唯物史观与中国史学研究.md,中,36.0,自动主题组匹配：郭沫若、中国古代社会研究、古代社会,吕振羽 史前期中国社会研究 唯物史观(29.52)；吴承仕 国学研究 唯物史观(26.58)；李达 唯物史观 现代社会学(26.58)；中国社会史论战 唯物史观(26.58)；唯物史观 研究 中国传统哲学(26.25),0007_吕振羽_史前期中国社会研究_唯物史观.md；0010_吴承仕_国学研究_唯物史观.md；0314_李达_唯物史观_现代社会学.md；1699_中国社会史论战_唯物史观.md；0042_唯物史观_研究_中国传统哲学.md,,郭沫若、中国古代社会研究、唯物史观,继承五四和扬弃五四；马克思主义哲学中国化理论与历史；冯契文集第七卷中国近代哲学的革命进程,81；293；453,是,可按主题页优先检索,先查主题页《唯物史观与中国史学研究》，再在 T3/T10 中检索：郭沫若|中国古代社会研究|唯物史观,否
7,吕振羽 史前期中国社会研究 唯物史观,0007_吕振羽_史前期中国社会研究_唯物史观.md,3,54.6,理论方法,唯物史观与中国史学研究,理论方法/唯物史观与中国史学研究.md,中,20.0,自动主题组匹配：吕振羽、史前期,郭沫若 中国古代社会研究 唯物史观(29.52)；中国社会史论战 唯物史观(27.89)；唯物史观 中国社会改造 方向方法(26.82)；吴承仕 国学研究 唯物史观(26.25)；唯物史观 研究 中国传统哲学(25.95),0006_郭沫若_中国古代社会研究_唯物史观.md；1699_中国社会史论战_唯物史观.md；0011_唯物史观_中国社会改造_方向方法.md；0010_吴承仕_国学研究_唯物史观.md；0042_唯物史观_研究_中国传统哲学.md,,吕振羽、史前期中国社会研究、唯物史观,中国现代思想史论；马克思主义哲学中国化理论与历史；马克思主义哲学在中国：传播、应用、形态、前景,72；202；310-312,是,可按主题页优先检索,先查主题页《唯物史观与中国史学研究》，再在 T3/T10 中检索：吕振羽|史前期中国社会研究|唯物史观,否
8,范文澜 中国通史 唯物史观,0008_范文澜_中国通史_唯物史观.md,3,48.68,理论方法,唯物史观与中国史学研究,理论方法/唯物史观与中国史学研究.md,中,23.0,自动主题组匹配：范文澜、中国通史,侯外庐 中国通史 唯物史观(53.46)；翦伯赞 中国通史 唯物史观(53.46)；中国社会史论战 唯物史观(26.25)；唯物史观 中国革命发展战略(25.88)；唯物史观 研究 中国传统哲学(25.88),0009_侯外庐_中国通史_唯物史观.md；0273_翦伯赞_中国通史_唯物史观.md；1699_中国社会史论战_唯物史观.md；0012_唯物史观_中国革命发展战略.md；0042_唯物史观_研究_中国传统哲学.md,,范文澜、中国通史、唯物史观,延安时期知识分子群体与马克思主义哲学大众化郭 - 2015 -；马克思主义哲学在中国：传播、应用、形态、前景；抗战时期重庆马克思主义知识群体“学术中国化”研究特点与启示_于文善,100；312-315；4,是,可按主题页优先检索,先查主题页《唯物史观与中国史学研究》，再在 T3/T10 中检索：范文澜|中国通史|唯物史观,否
9,侯外庐 中国通史 唯物史观,0009_侯外庐_中国通史_唯物史观.md,3,50.01,理论方法,唯物史观与中国史学研究,理论方法/唯物史观与中国史学研究.md,中,23.0,自动主题组匹配：侯外庐、中国通史,范文澜 中国通史 唯物史观(53.46)；翦伯赞 中国通史 唯物史观(53.46)；中国社会史论战 唯物史观(26.25)；唯物史观 中国革命发展战略(25.88)；唯物史观 研究 中国传统哲学(25.88),0008_范文澜_中国通史_唯物史观.md；0273_翦伯赞_中国通史_唯物史观.md；1699_中国社会史论战_唯物史观.md；0012_唯物史观_中国革命发展战略.md；0042_唯物史观_研究_中国传统哲学.md,,侯外庐、中国通史、唯物史观,延安时期知识分子群体与马克思主义哲学大众化郭 - 2015 -；马克思主义哲学在中国：传播、应用、形态、前景；抗战时期重庆马克思主义知识群体“学术中国化”研究特点与启示_于文善,143；312-315；4,是,可按主题页优先检索,先查主题页《唯物史观与中国史学研究》，再在 T3/T10 中检索：侯外庐|中国通史|唯物史观,否
10,吴承仕 国学研究 唯物史观,0010_吴承仕_国学研究_唯物史观.md,1,42.6,理论方法,唯物史观与中国史学研究,理论方法/唯物史观与中国史学研究.md,中,23.0,自动主题组匹配：吴承仕、国学研究,唯物史观 历史学 研究应用(28.33)；李大钊 唯物史观 研究(27.14)；郭沫若 中国古代社会研究 唯物史观(26.58)；吕振羽 史前期中国社会研究 唯物史观(26.25)；李大钊 唯物史观 历史研究(26.25),0005_唯物史观_历史学_研究应用.md；0258_李大钊_唯物史观_研究.md；0006_郭沫若_中国古代社会研究_唯物史观.md；0007_吕振羽_史前期中国社会研究_唯物史观.md；0304_李大钊_唯物史观_历史研究.md,,吴承仕、国学研究、唯物史观,马克思主义哲学在中国：传播、应用、形态、前景,318-320,是,可按主题页优先检索,先查主题页《唯物史观与中国史学研究》，再在 T3/T10 中检索：吴承仕|国学研究|唯物史观,否
11,唯物史观 中国社会改造 方向方法,0011_唯物史观_中国社会改造_方向方法.md,3,39.71,理论方法,唯物史观与中国史学研究,理论方法/唯物史观与中国史学研究.md,低,24.0,自动主题组匹配：社会改造,李大钊 社会改造 唯物史观(28.82)；中国社会史论战 唯物史观(28.82)；施存统 蔡和森 社会改造 唯物史观(27.5)；吕振羽 史前期中国社会研究 唯物史观(26.82)；唯物史观 中国革命发展战略(26.58),0274_李大钊_社会改造_唯物史观.md；1699_中国社会史论战_唯物史观.md；0275_施存统_蔡和森_社会改造_唯物史观.md；0007_吕振羽_史前期中国社会研究_唯物史观.md；0012_唯物史观_中国革命发展战略.md,,唯物史观、中国社会改造,马克思主义哲学在中国：传播、应用、形态、前景；“新哲学”大众化运动研究；马克思主义哲学中国化理论与历史,362；97；315,是,先核验原卡片再使用,先查主题页《唯物史观与中国史学研究》，再在 T3/T10 中检索：唯物史观|中国社会改造|方向方法,否
12,唯物史观 中国革命发展战略,0012_唯物史观_中国革命发展战略.md,3,34.4,理论方法,唯物史观在中国的传播与应用,理论方法/唯物史观在中国的传播与应用.md,高,124.0,已列入原主题页重点卡片；命中主题种子词：唯物史观、中国革命；主题词重合：唯物史观；主题域增强：唯物史观,李大钊 唯物史观 中国革命 指导(30.94)；日本学者 唯物史观 中国传播(27.35)；唯物史观 中国哲学史 研究应用(26.94)；唯物史观 中国社会改造 方向方法(26.58)；李大钊 唯物史观 中国哲学现代转型(26.25),0303_李大钊_唯物史观_中国革命_指导.md；0049_日本学者_唯物史观_中国传播.md；0714_唯物史观_中国哲学史_研究应用.md；0011_唯物史观_中国社会改造_方向方法.md；0743_李大钊_唯物史观_中国哲学现代转型.md,,唯物史观、中国革命发展战略,马克思主义哲学在中国：传播、应用、形态、前景；马克思主义哲学中国化与中国哲学的现代转型；中国文化与马克思主义,367-368；288-290；20,是,可按主题页优先检索,先查主题页《唯物史观在中国的传播与应用》，再在 T3/T10 中检索：唯物史观|中国革命发展战略,否
13,马克思 恩格斯 哲学关系 争论,0013_马克思_恩格斯_哲学关系_争论.md,3,52.4,理论方法,马克思恩格斯经典文本与哲学关系,理论方法/马克思恩格斯经典文本与哲学关系.md,中,33.0,自动主题组匹配：马克思、恩格斯、哲学关系,马克思 恩格斯 新世界观(38.33)；李提摩太 万国公报 马克思 恩格斯(36.58)；恩格斯 马克思主义哲学 系统阐发(21.58)；马克思 哲学思想 形成发展(19.17)；马克思 列宁(18.85),0025_马克思_恩格斯_新世界观.md；0086_李提摩太_万国公报_马克思_恩格斯.md；1094_恩格斯_马克思主义哲学_系统阐发.md；1085_马克思_哲学思想_形成发展.md；1843_马克思_列宁.md,,马克思、恩格斯、哲学关系、争论,马克思主义哲学史教程；艾思奇全书（第3卷）；马克思主义哲学史,217；578-581；501-503,是,可按主题页优先检索,先查主题页《马克思恩格斯经典文本与哲学关系》，再在 T3/T10 中检索：马克思|恩格斯|哲学关系|争论,否
14,马克思 辩证法 黑格尔 辩证法,0014_马克思_辩证法_黑格尔_辩证法.md,3,56.4,理论方法,马克思恩格斯经典文本与哲学关系,理论方法/马克思恩格斯经典文本与哲学关系.md,中,20.0,自动主题组匹配：马克思、黑格尔,黑格尔 辩证法 合理内核(39.62)；德波林派 黑格尔 辩证法(39.62)；中国化 马克思主义哲学 认识论 辩证法(20.0)；实践 辩证法 马克思主义哲学 内在逻辑(20.0)；马克思 列宁(19.55),0023_黑格尔_辩证法_合理内核.md；0779_德波林派_黑格尔_辩证法.md；1057_中国化_马克思主义哲学_认识论_辩证法.md；1071_实践_辩证法_马克思主义哲学_内在逻辑.md；1843_马克思_列宁.md,,马克思、辩证法、黑格尔,马克思主义哲学史教程；马克思主义哲学在中国：传播、应用、形态、前景；马克思主义哲学的中国化及其历程,788-789；125-128；170-171,是,可按主题页优先检索,先查主题页《马克思恩格斯经典文本与哲学关系》，再在 T3/T10 中检索：马克思|辩证法|黑格尔,否
15,新唯物主义 实践 辩证法,0015_新唯物主义_实践_辩证法.md,3,48.83,理论方法,马克思恩格斯经典文本与哲学关系,理论方法/马克思恩格斯经典文本与哲学关系.md,低,13.0,自动主题组匹配：新唯物主义,唯物主义 辩证法(27.5)；实践 辩证法 马克思主义哲学 内在逻辑(21.58)；鲁迅 辩证法 唯物论 理想主义(21.25)；唯心主义 辩证法(21.25)；列宁 实践 认识 辩证法(20.36),1747_唯物主义_辩证法.md；1071_实践_辩证法_马克思主义哲学_内在逻辑.md；1592_鲁迅_辩证法_唯物论_理想主义.md；1745_唯心主义_辩证法.md；0835_列宁_实践_认识_辩证法.md,,新唯物主义、实践、辩证法,马克思主义哲学中国化与中国哲学的现代转型；马列著作在中国的出版；马克思主义哲学史教程,451；366；625-627,是,先核验原卡片再使用,先查主题页《马克思恩格斯经典文本与哲学关系》，再在 T3/T10 中检索：新唯物主义|实践|辩证法,否
16,生产力 生产关系 历史规律,0016_生产力_生产关系_历史规律.md,3,50.48,理论方法,历史唯物主义体系,理论方法/历史唯物主义体系.md,高,121.0,已列入原主题页重点卡片；命中主题种子词：生产力、生产关系；主题词重合：生产力、生产关系,生产力 生产关系 讨论(46.36)；李达 生产力 生产关系(46.36)；生产力 生产关系 斯大林(45.42)；唯物史观 生产力 生产关系(44.62)；生产力 生产关系 交互作用(44.62),0002_生产力_生产关系_讨论.md；0316_李达_生产力_生产关系.md；0906_生产力_生产关系_斯大林.md；0026_唯物史观_生产力_生产关系.md；0044_生产力_生产关系_交互作用.md,,生产力、生产关系、历史规律,马克思主义哲学史教程；马克思主义哲学中国化理论与历史；当前马克思主义研究中的五个重大问题_杨耕,83-85；175；13,是,可按主题页优先检索,先查主题页《历史唯物主义体系》，再在 T3/T10 中检索：生产力|生产关系|历史规律,否
17,阶级斗争 方法 马克思,0017_阶级斗争_方法_马克思.md,3,50.2,理论方法,阶级斗争与社会革命理论,理论方法/阶级斗争与社会革命理论.md,高,115.0,已列入原主题页重点卡片；命中主题种子词：阶级斗争、阶级；主题词重合：阶级斗争,阶级斗争 国家 阶级属性(25.77)；共产党宣言 阶级斗争(25.77)；阶级斗争 简单化 公式化(25.36)；共产党宣言 阶级斗争 历史(25.0)；唯物史观 阶级 阶级斗争 理论(25.0),0028_阶级斗争_国家_阶级属性.md；1662_共产党宣言_阶级斗争.md；0043_阶级斗争_简单化_公式化.md；0029_共产党宣言_阶级斗争_历史.md；0034_唯物史观_阶级_阶级斗争_理论.md,,阶级斗争、方法、马克思,马克思主义哲学史教程；马克思主义哲学史（第六卷；马克思主义哲学中国化与中国哲学的现代转型,107-108；482-484；404-406,是,可按主题页优先检索,先查主题页《阶级斗争与社会革命理论》，再在 T3/T10 中检索：阶级斗争|方法|马克思,否
18,劳动 剩余价值 生产,0018_劳动_剩余价值_生产.md,3,51.8,理论方法,政治经济学与资本主义批判,理论方法/政治经济学与资本主义批判.md,中,33.0,自动主题组匹配：劳动、剩余价值、生产,剩余价值 生产(47.86)；剩余价值 劳动(42.5)；剩余价值 商品(28.33)；资本论 剩余价值(27.5)；剩余价值 资本主义生产关系 本质(26.25),1671_剩余价值_生产.md；1625_剩余价值_劳动.md；1702_剩余价值_商品.md；1670_资本论_剩余价值.md；0030_剩余价值_资本主义生产关系_本质.md,,劳动、剩余价值、生产,马克思主义哲学史教程；艾思奇全书（第1卷）；胡绳全书（第一卷）,117-119；359-361；190-192,是,可按主题页优先检索,先查主题页《政治经济学与资本主义批判》，再在 T3/T10 中检索：劳动|剩余价值|生产,否
19,经济基础 上层建筑 相互作用,0019_经济基础_上层建筑_相互作用.md,3,51.92,理论方法,历史唯物主义体系,理论方法/历史唯物主义体系.md,高,124.0,已列入原主题页重点卡片；命中主题种子词：经济基础、上层建筑；主题词重合：经济基础、上层建筑,李达 经济基础 上层建筑(53.46)；唯物史观 经济基础 上层建筑(51.67)；经济基础 上层建筑 过渡时期(51.67)；经济基础 上层建筑 意识形态(51.67)；语言学问题 经济基础 上层建筑(50.94),0315_李达_经济基础_上层建筑.md；0027_唯物史观_经济基础_上层建筑.md；0641_经济基础_上层建筑_过渡时期.md；1681_经济基础_上层建筑_意识形态.md；0003_语言学问题_经济基础_上层建筑.md,,经济基础、上层建筑、相互作用,马克思主义哲学史教程；马克思主义哲学史(第五卷)；马克思主义哲学中国化理论与历史,195-196；504-506；178,是,可按主题页优先检索,先查主题页《历史唯物主义体系》，再在 T3/T10 中检索：经济基础|上层建筑|相互作用,否
20,拉布里奥拉 历史主义 唯物史观,0020_拉布里奥拉_历史主义_唯物史观.md,3,42.2,理论方法,唯物史观与中国史学研究,理论方法/唯物史观与中国史学研究.md,中,30.0,二级自动主题组匹配：拉布里奥拉、唯物史观、历史主义,拉布里奥拉 唯物史观 方法(56.67)；拉布里奥拉 历史 民族文化(34.38)；戴季陶主义 唯物史观 批判(27.35)；历史哲学教程 唯物史观(25.88)；唯物史观 历史学 研究应用(25.56),0021_拉布里奥拉_唯物史观_方法.md；1101_拉布里奥拉_历史_民族文化.md；0038_戴季陶主义_唯物史观_批判.md；0031_历史哲学教程_唯物史观.md；0005_唯物史观_历史学_研究应用.md,,拉布里奥拉、历史主义、唯物史观,马克思主义哲学史教程；马克思主义哲学中国化理论与历史；马克思主义中国化探论,295-297；170；62,是,可按主题页优先检索,先查主题页《唯物史观与中国史学研究》，再在 T3/T10 中检索：拉布里奥拉|历史主义|唯物史观,否
21,拉布里奥拉 唯物史观 方法,0021_拉布里奥拉_唯物史观_方法.md,3,49.42,理论方法,唯物史观与中国史学研究,理论方法/唯物史观与中国史学研究.md,中,20.0,二级自动主题组匹配：拉布里奥拉、唯物史观,拉布里奥拉 历史主义 唯物史观(56.67)；拉布里奥拉 历史 民族文化(31.25)；唯物史观 谈政治(25.77)；唯物史观 李大钊(25.77)；唯物史观 传播热潮(25.36),0020_拉布里奥拉_历史主义_唯物史观.md；1101_拉布里奥拉_历史_民族文化.md；0032_唯物史观_谈政治.md；1775_唯物史观_李大钊.md；0064_唯物史观_传播热潮.md,,拉布里奥拉、唯物史观、方法,马克思主义哲学史教程；马克思主义哲学中国化理论与历史；马列著作在中国的出版,317-318；170；91,是,可按主题页优先检索,先查主题页《唯物史观与中国史学研究》，再在 T3/T10 中检索：拉布里奥拉|唯物史观|方法,否
22,马克思主义 诞生 社会历史条件,0022_马克思主义_诞生_社会历史条件.md,3,51.96,理论方法,马克思恩格斯经典文本与哲学关系,理论方法/马克思恩格斯经典文本与哲学关系.md,低,10.0,自动主题组匹配：马克思,实践论 矛盾论 写作 社会历史条件(36.25)；新哲学 诞生 黑格尔 费尔巴哈(11.14)；马克思主义哲学 中国传播 历史条件(9.21)；中国马克思主义 历史使命(7.35)；上海 马克思主义者(6.67),0509_实践论_矛盾论_写作_社会历史条件.md；0419_新哲学_诞生_黑格尔_费尔巴哈.md；0100_马克思主义哲学_中国传播_历史条件.md；1818_中国马克思主义_历史使命.md；1740_上海_马克思主义者.md,,马克思主义、诞生、社会历史条件,马克思主义哲学中国化理论与历史；中国近代思想史论；马克思主义哲学在中国传播与发展的百年历史（上）,553；344；4,是,先核验原卡片再使用,先查主题页《马克思恩格斯经典文本与哲学关系》，再在 T3/T10 中检索：马克思主义|诞生|社会历史条件,否
23,黑格尔 辩证法 合理内核,0023_黑格尔_辩证法_合理内核.md,3,50.21,理论方法,马克思恩格斯经典文本与哲学关系,理论方法/马克思恩格斯经典文本与哲学关系.md,低,10.0,自动主题组匹配：黑格尔,马克思 辩证法 黑格尔 辩证法(39.62)；德波林派 黑格尔 辩证法(39.62)；辩证法 合法性 问题(20.77)；进攻 防御 辩证法(18.85)；持久 速决 辩证法(18.85),0014_马克思_辩证法_黑格尔_辩证法.md；0779_德波林派_黑格尔_辩证法.md；1076_辩证法_合法性_问题.md；1325_进攻_防御_辩证法.md；1326_持久_速决_辩证法.md,,黑格尔、辩证法、合理内核,艾思奇全书（第3卷）；马恩文集第九卷（反杜林论 自然辩证法）；马克思主义哲学的中国化及其历程,693-696；705；170-171,是,先核验原卡片再使用,先查主题页《马克思恩格斯经典文本与哲学关系》，再在 T3/T10 中检索：黑格尔|辩证法|合理内核,否
24,费尔巴哈 唯物主义 基本内核,0024_费尔巴哈_唯物主义_基本内核.md,3,40.7,理论方法,马克思恩格斯经典文本与哲学关系,理论方法/马克思恩格斯经典文本与哲学关系.md,低,13.0,自动主题组匹配：费尔巴哈,列宁 唯物主义(25.77)；德国 费尔巴哈(25.77)；唯心主义 唯物主义(25.36)；唯物主义 辩证法(25.36)；列宁 唯物主义 经验批判论(24.17),1753_列宁_唯物主义.md；1774_德国_费尔巴哈.md；1721_唯心主义_唯物主义.md；1747_唯物主义_辩证法.md；0837_列宁_唯物主义_经验批判论.md,,费尔巴哈、唯物主义,马克思主义哲学史教程；马克思主义哲学史(第五卷)；列宁专题文集·论辩证唯物主义和历史唯物主义,74-75；395-397；36,是,先核验原卡片再使用,先查主题页《马克思恩格斯经典文本与哲学关系》，再在 T3/T10 中检索：费尔巴哈|唯物主义|基本内核,否
25,马克思 恩格斯 新世界观,0025_马克思_恩格斯_新世界观.md,3,46.2,新哲学大众化,思想方法与世界观教育,新哲学大众化/思想方法与世界观教育.md,高,103.0,已列入原主题页重点卡片；命中主题种子词：世界观,马克思 恩格斯 哲学关系 争论(38.33)；李提摩太 万国公报 马克思 恩格斯(37.35)；科学方法 新世界观 五四(25.0)；恩格斯 马克思主义哲学 系统阐发(20.56)；马克思 列宁(19.55),0013_马克思_恩格斯_哲学关系_争论.md；0086_李提摩太_万国公报_马克思_恩格斯.md；0168_科学方法_新世界观_五四.md；1094_恩格斯_马克思主义哲学_系统阐发.md；1843_马克思_列宁.md,,马克思、恩格斯、新世界观,马克思主义哲学在中国传播与发展的百年历史（上）；马克思主义哲学在中国：传播、应用、形态、前景；马克思主义哲学在中国传播与发展的百年历史（下）,10；412-414；684-686,是,可按主题页优先检索,先查主题页《思想方法与世界观教育》，再在 T3/T10 中检索：马克思|恩格斯|新世界观,否
26,唯物史观 生产力 生产关系,0026_唯物史观_生产力_生产关系.md,3,49.0,理论方法,历史唯物主义体系,理论方法/历史唯物主义体系.md,高,135.0,已列入原主题页重点卡片；命中主题种子词：唯物史观、生产力、生产关系；主题词重合：唯物史观、生产力、生产关系,生产力 生产关系 讨论(46.36)；李达 生产力 生产关系(46.36)；生产力 生产关系 斯大林(45.42)；生产力 生产关系 历史规律(44.62)；生产力 生产关系 交互作用(44.62),0002_生产力_生产关系_讨论.md；0316_李达_生产力_生产关系.md；0906_生产力_生产关系_斯大林.md；0016_生产力_生产关系_历史规律.md；0044_生产力_生产关系_交互作用.md,,唯物史观、生产力、生产关系,马克思主义哲学中国化与中国哲学的现代转型；中国马克思主义学术史纲；马克思主义哲学在中国：传播、应用、形态、前景,311-313；142-146；392-393,是,可按主题页优先检索,先查主题页《历史唯物主义体系》，再在 T3/T10 中检索：唯物史观|生产力|生产关系,否
27,唯物史观 经济基础 上层建筑,0027_唯物史观_经济基础_上层建筑.md,3,44.2,理论方法,历史唯物主义体系,理论方法/历史唯物主义体系.md,高,138.0,已列入原主题页重点卡片；命中主题种子词：唯物史观、经济基础、上层建筑；主题词重合：唯物史观、经济基础、上层建筑,李达 经济基础 上层建筑(53.46)；经济基础 上层建筑 相互作用(51.67)；经济基础 上层建筑 过渡时期(51.67)；经济基础 上层建筑 意识形态(51.67)；语言学问题 经济基础 上层建筑(50.94),0315_李达_经济基础_上层建筑.md；0019_经济基础_上层建筑_相互作用.md；0641_经济基础_上层建筑_过渡时期.md；1681_经济基础_上层建筑_意识形态.md；0003_语言学问题_经济基础_上层建筑.md,,唯物史观、经济基础、上层建筑,中国马克思主义学术史纲；马克思主义哲学中国化与中国哲学的现代转型；马克思主义哲学史教程,100-102；311-313；195-196,是,可按主题页优先检索,先查主题页《历史唯物主义体系》，再在 T3/T10 中检索：唯物史观|经济基础|上层建筑,否
28,阶级斗争 国家 阶级属性,0028_阶级斗争_国家_阶级属性.md,3,50.62,理论方法,阶级斗争与社会革命理论,理论方法/阶级斗争与社会革命理论.md,高,124.0,已列入原主题页重点卡片；命中主题种子词：阶级斗争、阶级、国家；主题词重合：阶级斗争、国家,国家主义派 阶级斗争 批判(27.14)；阶级斗争 方法 马克思(25.77)；共产党宣言 阶级斗争(25.77)；阶级斗争 简单化 公式化(25.36)；共产党宣言 阶级斗争 历史(25.0),0037_国家主义派_阶级斗争_批判.md；0017_阶级斗争_方法_马克思.md；1662_共产党宣言_阶级斗争.md；0043_阶级斗争_简单化_公式化.md；0029_共产党宣言_阶级斗争_历史.md,,阶级斗争、国家、阶级属性,国家主义与20世纪20年代的文化、政治；马克思主义哲学史（第六卷；马克思主义哲学在中国传播与发展的百年历史（上）,173；188-190；5-7,是,可按主题页优先检索,先查主题页《阶级斗争与社会革命理论》，再在 T3/T10 中检索：阶级斗争|国家|阶级属性,否
29,共产党宣言 阶级斗争 历史,0029_共产党宣言_阶级斗争_历史.md,3,51.88,理论方法,阶级斗争与社会革命理论,理论方法/阶级斗争与社会革命理论.md,高,115.0,已列入原主题页重点卡片；命中主题种子词：阶级斗争、阶级；主题词重合：阶级斗争,共产党宣言 阶级斗争(65.0)；共产党宣言(35.0)；共产党宣言 马克思(32.69)；民报 马克思 共产党宣言(31.67)；阶级斗争 方法 马克思(25.0),1662_共产党宣言_阶级斗争.md；1848_共产党宣言.md；1845_共产党宣言_马克思.md；1190_民报_马克思_共产党宣言.md；0017_阶级斗争_方法_马克思.md,,共产党宣言、阶级斗争、历史,马克思主义哲学在中国传播与发展的百年历史（上）；米丁-辩证唯物论历史唯物论下-rightToLeft；马克思主义哲学中国化理论与历史,5-7；224；391,是,可按主题页优先检索,先查主题页《阶级斗争与社会革命理论》，再在 T3/T10 中检索：共产党宣言|阶级斗争|历史,否
30,剩余价值 资本主义生产关系 本质,0030_剩余价值_资本主义生产关系_本质.md,3,51.98,理论方法,政治经济学与资本主义批判,理论方法/政治经济学与资本主义批判.md,中,59.0,自动主题组匹配：剩余价值、生产、资本主义、生产关系、资本,剩余价值 生产(27.14)；资本论 剩余价值(26.67)；劳动 剩余价值 生产(26.25)；剩余价值 劳动(25.0)；剩余价值 商品(25.0),1671_剩余价值_生产.md；1670_资本论_剩余价值.md；0018_劳动_剩余价值_生产.md；1625_剩余价值_劳动.md；1702_剩余价值_商品.md,,剩余价值、资本主义生产关系、本质,马恩文集第五卷（资本论1）；马恩文集第一卷（1843-1848）；马恩文集第八卷（《资本论》手稿选编）,7；826；765,是,可按主题页优先检索,先查主题页《政治经济学与资本主义批判》，再在 T3/T10 中检索：剩余价值|资本主义生产关系|本质,否
31,历史哲学教程 唯物史观,0031_历史哲学教程_唯物史观.md,3,49.03,理论方法,唯物史观与中国史学研究,理论方法/唯物史观与中国史学研究.md,中,20.0,二级自动主题组匹配：历史哲学教程、唯物史观,唯物史观 历史学 研究应用(26.67)；李大钊 唯物史观 历史研究(26.67)；唯物史观 谈政治(26.25)；唯物史观 研究 中国传统哲学(26.25)；唯物史观 李大钊(26.25),0005_唯物史观_历史学_研究应用.md；0304_李大钊_唯物史观_历史研究.md；0032_唯物史观_谈政治.md；0042_唯物史观_研究_中国传统哲学.md；1775_唯物史观_李大钊.md,,历史哲学教程、唯物史观,中国马克思主义哲学教科书编写之起步、发展与演化（1922—1949）；马克思主义哲学中国化理论与历史；延安时期知识分子群体与马克思主义哲学大众化郭 - 2015 -,4；293；143,是,可按主题页优先检索,先查主题页《唯物史观与中国史学研究》，再在 T3/T10 中检索：历史哲学教程|唯物史观,否
32,唯物史观 谈政治,0032_唯物史观_谈政治.md,3,44.84,理论方法,唯物史观与中国史学研究,理论方法/唯物史观与中国史学研究.md,低,18.0,二级自动主题组匹配：谈政治、唯物史观,唯物史观 李大钊(28.33)；唯物史观 传播热潮(27.5)；李大钊 唯物史观 研究(26.82)；李达 唯物史观 社会学(26.82)；唯物史观 生产力 生产关系(26.25),1775_唯物史观_李大钊.md；0064_唯物史观_传播热潮.md；0258_李大钊_唯物史观_研究.md；0284_李达_唯物史观_社会学.md；0026_唯物史观_生产力_生产关系.md,,唯物史观、谈政治,马克思主义在中国早期传播若干问题的辨析_田子渝；马列著作在中国的出版；马克思主义哲学中国化与中国哲学的现代转型,10；155；261-263,是,先核验原卡片再使用,先查主题页《唯物史观与中国史学研究》，再在 T3/T10 中检索：唯物史观|谈政治,否
33,唯物史观 基本理论 系统阐述,0033_唯物史观_基本理论_系统阐述.md,3,48.0,理论方法,唯物史观与中国史学研究,理论方法/唯物史观与中国史学研究.md,低,18.0,二级自动主题组匹配：唯物史观,唯物史观 阶级 阶级斗争 理论(25.88)；唯物史观 谈政治(25.36)；唯物史观 李大钊(25.36)；新民主主义理论体系 系统阐述(25.26)；唯物史观 传播热潮(25.0),0034_唯物史观_阶级_阶级斗争_理论.md；0032_唯物史观_谈政治.md；1775_唯物史观_李大钊.md；0514_新民主主义理论体系_系统阐述.md；0064_唯物史观_传播热潮.md,,唯物史观、基本理论、系统阐述,马克思主义哲学史（第六卷；中国马克思主义学术史纲；马克思主义哲学中国化与中国哲学的现代转型,38-41；142-146；403-404,是,先核验原卡片再使用,先查主题页《唯物史观与中国史学研究》，再在 T3/T10 中检索：唯物史观|基本理论|系统阐述,否
34,唯物史观 阶级 阶级斗争 理论,0034_唯物史观_阶级_阶级斗争_理论.md,3,60.0,理论方法,唯物史观在中国的传播与应用,理论方法/唯物史观在中国的传播与应用.md,高,130.0,已列入原主题页重点卡片；命中主题种子词：唯物史观、阶级斗争；主题词重合：唯物史观、阶级斗争；主题域增强：唯物史观,陈独秀 唯物史观 阶级斗争(53.46)；李大钊 唯物史观 阶级斗争(53.46)；李大钊 阶级斗争 唯物史观(50.71)；陈独秀 唯物史观 剩余价值 阶级斗争(48.33)；唯物史观 基本理论 系统阐述(25.88),0282_陈独秀_唯物史观_阶级斗争.md；0326_李大钊_唯物史观_阶级斗争.md；0280_李大钊_阶级斗争_唯物史观.md；0327_陈独秀_唯物史观_剩余价值_阶级斗争.md；0033_唯物史观_基本理论_系统阐述.md,,唯物史观、阶级、阶级斗争、理论,马克思主义哲学史（第六卷；马克思主义哲学中国化与中国哲学的现代转型；马克思主义哲学史教程,44-47；404-406；840-841,是,可按主题页优先检索,先查主题页《唯物史观在中国的传播与应用》，再在 T3/T10 中检索：唯物史观|阶级|阶级斗争|理论,否
35,无政府主义 反对阶级斗争 批判,0035_无政府主义_反对阶级斗争_批判.md,3,39.4,传播史,早期马克思主义传播主体与传播载体,传播史/早期马克思主义传播主体与传播载体.md,低,10.0,二级自动主题组匹配：无政府主义,无政府主义 思潮 批判(33.33)；无政府主义 理论批判 列宁(32.35)；无政府主义 绝对自由 批判(32.35)；无政府主义 论争 哲学意义(30.56)；国家主义派 阶级斗争 批判(9.38),1127_无政府主义_思潮_批判.md；0880_无政府主义_理论批判_列宁.md；1290_无政府主义_绝对自由_批判.md；1289_无政府主义_论争_哲学意义.md；0037_国家主义派_阶级斗争_批判.md,,无政府主义、反对阶级斗争、批判,马克思主义中国化史；马克思主义哲学史(第五卷)；马恩文集第二卷（1848-1859）,未识别；82-84；83,是,先核验原卡片再使用,先查主题页《早期马克思主义传播主体与传播载体》，再在 T3/T10 中检索：无政府主义|反对阶级斗争|批判,否
36,自由意志论 批判 唯物史观,0036_自由意志论_批判_唯物史观.md,3,40.6,论战与思想运动,中国近代启蒙与民主革命,论战与思想运动/中国近代启蒙与民主革命.md,低,18.0,自动主题组匹配：自由,戴季陶主义 唯物史观 批判(26.25)；德意志意识形态 唯物史观(26.25)；唯物史观 谈政治(25.77)；唯物史观 李大钊(25.77)；唯物史观 传播热潮(25.36),0038_戴季陶主义_唯物史观_批判.md；1661_德意志意识形态_唯物史观.md；0032_唯物史观_谈政治.md；1775_唯物史观_李大钊.md；0064_唯物史观_传播热潮.md,,自由意志论、批判、唯物史观,百年中国哲学革命；马克思主义哲学史教程；马克思主义哲学史（第六卷,69-71；305-307；177-178,是,先核验原卡片再使用,先查主题页《中国近代启蒙与民主革命》，再在 T3/T10 中检索：自由意志论|批判|唯物史观,否
37,国家主义派 阶级斗争 批判,0037_国家主义派_阶级斗争_批判.md,3,43.8,理论方法,阶级斗争与社会革命理论,理论方法/阶级斗争与社会革命理论.md,高,118.0,已列入原主题页重点卡片；命中主题种子词：阶级斗争、阶级、国家；主题词重合：阶级斗争,国家主义派 超阶级国家观 批判(35.0)；国家主义派 国际主义 批判(33.93)；国家主义派 中国共产党 批判(32.81)；国家主义派 二元论 唯心论(31.25)；阶级斗争 国家 阶级属性(27.14),1293_国家主义派_超阶级国家观_批判.md；1294_国家主义派_国际主义_批判.md；1138_国家主义派_中国共产党_批判.md；1295_国家主义派_二元论_唯心论.md；0028_阶级斗争_国家_阶级属性.md,,国家主义派、阶级斗争、批判,马克思主义哲学史（第六卷；马克思主义中国化史；马克思主义哲学史(第五卷),188-190；未识别；375-376,是,可按主题页优先检索,先查主题页《阶级斗争与社会革命理论》，再在 T3/T10 中检索：国家主义派|阶级斗争|批判,否
38,戴季陶主义 唯物史观 批判,0038_戴季陶主义_唯物史观_批判.md,3,49.09,理论方法,唯物史观与中国史学研究,理论方法/唯物史观与中国史学研究.md,低,18.0,二级自动主题组匹配：唯物史观,戴季陶主义 中国共产党 批判(32.81)；拉布里奥拉 历史主义 唯物史观(27.35)；自由意志论 批判 唯物史观(26.25)；唯物史观 谈政治(25.77)；唯物史观 李大钊(25.77),1137_戴季陶主义_中国共产党_批判.md；0020_拉布里奥拉_历史主义_唯物史观.md；0036_自由意志论_批判_唯物史观.md；0032_唯物史观_谈政治.md；1775_唯物史观_李大钊.md,,戴季陶主义、唯物史观、批判,中国文化与马克思主义；冯契文集第七卷中国近代哲学的革命进程；马克思主义中国化探论,224；563；184,是,先核验原卡片再使用,先查主题页《唯物史观与中国史学研究》，再在 T3/T10 中检索：戴季陶主义|唯物史观|批判,否
39,戴季陶 阶级斗争 道统说 批判,0039_戴季陶_阶级斗争_道统说_批判.md,3,48.8,理论方法,阶级斗争与社会革命理论,理论方法/阶级斗争与社会革命理论.md,高,115.0,已列入原主题页重点卡片；命中主题种子词：阶级斗争、阶级；主题词重合：阶级斗争,国家主义派 阶级斗争 批判(25.88)；阶级斗争 方法 马克思(24.69)；阶级斗争 国家 阶级属性(24.69)；共产党宣言 阶级斗争(24.69)；阶级斗争 简单化 公式化(24.41),0037_国家主义派_阶级斗争_批判.md；0017_阶级斗争_方法_马克思.md；0028_阶级斗争_国家_阶级属性.md；1662_共产党宣言_阶级斗争.md；0043_阶级斗争_简单化_公式化.md,,戴季陶、阶级斗争、道统说、批判,马克思主义哲学史（第六卷；中国文化与马克思主义；马克思主义中国化史,203-205；311；未识别,是,可按主题页优先检索,先查主题页《阶级斗争与社会革命理论》，再在 T3/T10 中检索：戴季陶|阶级斗争|道统说|批判,否
40,个人崇拜 背离唯物史观,0040_个人崇拜_背离唯物史观.md,3,32.0,理论方法,唯物史观与中国史学研究,理论方法/唯物史观与中国史学研究.md,低,12.0,二级自动主题组匹配：唯物史观,个人智慧 集体智慧 个人崇拜(25.0)；唯物史观 谈政治(6.25)；唯物史观 李大钊(6.25)；唯物史观 传播热潮(5.77)；李大钊 唯物史观 研究(5.36),1359_个人智慧_集体智慧_个人崇拜.md；0032_唯物史观_谈政治.md；1775_唯物史观_李大钊.md；0064_唯物史观_传播热潮.md；0258_李大钊_唯物史观_研究.md,,个人崇拜、背离唯物史观,马克思主义哲学史；马恩文集第十卷（书信选编）；文化契合、文化融合与文化重构——对马克思主义中国化的文化思考_张琳,311-314；1009；2,是,先核验原卡片再使用,先查主题页《唯物史观与中国史学研究》，再在 T3/T10 中检索：个人崇拜|背离唯物史观,否
41,唯物史观派 马克思主义,0041_唯物史观派_马克思主义.md,3,51.39,理论方法,马克思恩格斯经典文本与哲学关系,理论方法/马克思恩格斯经典文本与哲学关系.md,低,12.0,自动主题组匹配：马克思,玄学派 科学派 唯物史观派(32.14)；陈独秀 瞿秋白 唯物史观派(31.67)；李大钊 唯物史观 马克思主义哲学(11.67)；上海 马克思主义者(8.33)；我的马克思主义观(8.33),0191_玄学派_科学派_唯物史观派.md；0329_陈独秀_瞿秋白_唯物史观派.md；0279_李大钊_唯物史观_马克思主义哲学.md；1740_上海_马克思主义者.md；1933_我的马克思主义观.md,,唯物史观派、马克思主义,马克思主义中国化探论；马克思主义哲学中国化理论与历史；马克思主义哲学中国化与中国哲学的现代转型,228；165；283-284,是,先核验原卡片再使用,先查主题页《马克思恩格斯经典文本与哲学关系》，再在 T3/T10 中检索：唯物史观派|马克思主义,否
42,唯物史观 研究 中国传统哲学,0042_唯物史观_研究_中国传统哲学.md,3,62.2,理论方法,历史唯物主义体系,理论方法/历史唯物主义体系.md,高,114.0,已列入原主题页重点卡片；命中主题种子词：唯物史观；主题词重合：唯物史观,中国传统哲学 精华 发掘(38.33)；毛泽东 实践论 中国传统哲学(37.35)；马克思主义哲学 中国传统哲学 结合(36.58)；马克思主义哲学 中国传统哲学 形态(36.58)；中国传统哲学 认识论 知行观 批判总结(35.95),1492_中国传统哲学_精华_发掘.md；0570_毛泽东_实践论_中国传统哲学.md；1417_马克思主义哲学_中国传统哲学_结合.md；1797_马克思主义哲学_中国传统哲学_形态.md；1430_中国传统哲学_认识论_知行观_批判总结.md,,唯物史观、研究、中国传统哲学,马克思主义哲学的中国化及其历程；马克思主义哲学中国化与中国哲学的现代转型；马克思主义哲学中国化理论与历史,228-230；411-413；126,是,可按主题页优先检索,先查主题页《历史唯物主义体系》，再在 T3/T10 中检索：唯物史观|研究|中国传统哲学,否
43,阶级斗争 简单化 公式化,0043_阶级斗争_简单化_公式化.md,3,47.35,理论方法,阶级斗争与社会革命理论,理论方法/阶级斗争与社会革命理论.md,高,115.0,已列入原主题页重点卡片；命中主题种子词：阶级斗争、阶级；主题词重合：阶级斗争,阶级斗争 方法 马克思(25.36)；阶级斗争 国家 阶级属性(25.36)；共产党宣言 阶级斗争(25.36)；共产党宣言 阶级斗争 历史(24.69)；唯物史观 阶级 阶级斗争 理论(24.69),0017_阶级斗争_方法_马克思.md；0028_阶级斗争_国家_阶级属性.md；1662_共产党宣言_阶级斗争.md；0029_共产党宣言_阶级斗争_历史.md；0034_唯物史观_阶级_阶级斗争_理论.md,,阶级斗争、简单化、公式化,中国文化与马克思主义；胡绳全书.第7卷；“新哲学”大众化运动研究,351；7-9；255,是,可按主题页优先检索,先查主题页《阶级斗争与社会革命理论》，再在 T3/T10 中检索：阶级斗争|简单化|公式化,否
44,生产力 生产关系 交互作用,0044_生产力_生产关系_交互作用.md,3,54.0,理论方法,历史唯物主义体系,理论方法/历史唯物主义体系.md,高,121.0,已列入原主题页重点卡片；命中主题种子词：生产力、生产关系；主题词重合：生产力、生产关系,生产力 生产关系 讨论(46.36)；李达 生产力 生产关系(46.36)；生产力 生产关系 斯大林(45.42)；生产力 生产关系 历史规律(44.62)；唯物史观 生产力 生产关系(44.62),0002_生产力_生产关系_讨论.md；0316_李达_生产力_生产关系.md；0906_生产力_生产关系_斯大林.md；0016_生产力_生产关系_历史规律.md；0026_唯物史观_生产力_生产关系.md,,生产力、生产关系、交互作用,艾思奇全书（第1卷）；毛泽东哲学批注集：辩证法唯物论教程批注 (毛泽东)；中国马克思主义学术史纲,321-323；89；102-104,是,可按主题页优先检索,先查主题页《历史唯物主义体系》，再在 T3/T10 中检索：生产力|生产关系|交互作用,否
45,马克思主义哲学 传播 应用 形态 前景,0045_马克思主义哲学_传播_应用_形态_前景.md,3,82.0,传播史,马克思主义哲学在中国的传播路径,传播史/马克思主义哲学在中国的传播路径.md,高,100.0,已列入原主题页重点卡片,马克思主义哲学 前景 展望(55.29)；马克思主义哲学 多领域 应用(54.72)；和平改造 马克思主义哲学 应用(54.21)；马克思主义哲学 中国传统哲学 形态(53.75)；马克思主义哲学 传播 苏联(47.5),1066_马克思主义哲学_前景_展望.md；1019_马克思主义哲学_多领域_应用.md；1051_和平改造_马克思主义哲学_应用.md；1797_马克思主义哲学_中国传统哲学_形态.md；0785_马克思主义哲学_传播_苏联.md,,马克思主义哲学、传播、应用、形态、前景,马克思主义哲学在中国：传播、应用、形态、前景；“新哲学”大众化运动研究；马克思主义中国化研究的历史、现状与方法论_郭建宁,26-28；278；6,是,可按主题页优先检索,先查主题页《马克思主义哲学在中国的传播路径》，再在 T3/T10 中检索：马克思主义哲学|传播|应用|形态|前景,否
46,马克思主义哲学 传播范围 扩大,0046_马克思主义哲学_传播范围_扩大.md,3,53.42,传播史,马克思主义哲学在中国的传播路径,传播史/马克思主义哲学在中国的传播路径.md,高,100.0,已列入原主题页重点卡片,马克思主义哲学 传播 苏联(49.29)；旅欧青年 马克思主义哲学 传播(47.5)；马克思主义哲学 传播形式 转换(47.5)；马克思主义哲学 传播开端 热潮(47.5)；五四时期 马克思主义哲学 传播(47.5),0785_马克思主义哲学_传播_苏联.md；0051_旅欧青年_马克思主义哲学_传播.md；0052_马克思主义哲学_传播形式_转换.md；0063_马克思主义哲学_传播开端_热潮.md；0143_五四时期_马克思主义哲学_传播.md,,马克思主义哲学、传播范围、扩大,“新哲学”大众化运动研究；马克思主义哲学在中国：传播、应用、形态、前景；二十世纪上半叶马克思主义哲学中国化之检视_王玉平,211；3；113,是,可按主题页优先检索,先查主题页《马克思主义哲学在中国的传播路径》，再在 T3/T10 中检索：马克思主义哲学|传播范围|扩大,否
47,马克思主义哲学 中国传播 源头,0047_马克思主义哲学_中国传播_源头.md,3,45.28,传播史,马克思主义哲学在中国的传播路径,传播史/马克思主义哲学在中国的传播路径.md,高,100.0,已列入原主题页重点卡片,马克思主义哲学 中国传播 百年历史(70.62)；马克思主义哲学 中国传播 历史条件(70.62)；教科书体系 马克思主义哲学 中国传播(69.71)；马克思主义哲学 中国哲学(50.38)；马克思主义哲学 中国传统哲学 结合(49.06),0083_马克思主义哲学_中国传播_百年历史.md；0100_马克思主义哲学_中国传播_历史条件.md；0098_教科书体系_马克思主义哲学_中国传播.md；1823_马克思主义哲学_中国哲学.md；1417_马克思主义哲学_中国传统哲学_结合.md,,马克思主义哲学、中国传播、源头,马克思主义哲学在中国：传播、应用、形态、前景；马克思主义哲学中国化与中国哲学的现代转型；马克思主义哲学中国化的历史进程,未识别；323-324；2,是,可按主题页优先检索,先查主题页《马克思主义哲学在中国的传播路径》，再在 T3/T10 中检索：马克思主义哲学|中国传播|源头,否
48,马克思主义哲学 从日本传入 中国,0048_马克思主义哲学_从日本传入_中国.md,3,52.2,传播史,马克思主义哲学在中国的传播路径,传播史/马克思主义哲学在中国的传播路径.md,高,115.0,已列入原主题页重点卡片；命中主题种子词：传入、从日本传入；主题词重合：从日本传入,马克思主义哲学 从欧洲传入 中国(50.62)；马克思主义哲学 从苏联传入 中国(50.62)；马克思主义哲学 传入中国 渠道(49.06)；日本 中转 马克思主义哲学 中国(46.76)；马克思主义哲学 中国哲学(46.67),0050_马克思主义哲学_从欧洲传入_中国.md；0823_马克思主义哲学_从苏联传入_中国.md；0060_马克思主义哲学_传入中国_渠道.md；0078_日本_中转_马克思主义哲学_中国.md；1823_马克思主义哲学_中国哲学.md,,马克思主义哲学、从日本传入、中国,马克思主义哲学在中国：传播、应用、形态、前景；马克思主义哲学中国化与中国哲学的现代转型；马克思主义哲学中国化与中国道路的哲学表达,未识别；3；10,是,可按主题页优先检索,先查主题页《马克思主义哲学在中国的传播路径》，再在 T3/T10 中检索：马克思主义哲学|从日本传入|中国,否
49,日本学者 唯物史观 中国传播,0049_日本学者_唯物史观_中国传播.md,3,50.4,理论方法,唯物史观在中国的传播与应用,理论方法/唯物史观在中国的传播与应用.md,高,118.0,已列入原主题页重点卡片；命中主题种子词：唯物史观；主题词重合：唯物史观；主题域增强：唯物史观,唯物史观 中国革命发展战略(27.35)；唯物史观 研究 中国传统哲学(27.35)；唯物史观 传播热潮(27.14)；李大钊 唯物史观 中国革命 指导(26.94)；唯物史观 中国哲学史 研究应用(26.94),0012_唯物史观_中国革命发展战略.md；0042_唯物史观_研究_中国传统哲学.md；0064_唯物史观_传播热潮.md；0303_李大钊_唯物史观_中国革命_指导.md；0714_唯物史观_中国哲学史_研究应用.md,,日本学者、唯物史观、中国传播,二十世纪上半叶马克思主义哲学中国化之检视_王玉平；马克思主义哲学在中国传播与发展的百年历史（上）；马克思主义哲学在中国：传播、应用、形态、前景,50；214-216；51-53,是,可按主题页优先检索,先查主题页《唯物史观在中国的传播与应用》，再在 T3/T10 中检索：日本学者|唯物史观|中国传播,否
50,马克思主义哲学 从欧洲传入 中国,0050_马克思主义哲学_从欧洲传入_中国.md,3,45.2,传播史,马克思主义哲学在中国的传播路径,传播史/马克思主义哲学在中国的传播路径.md,高,103.0,已列入原主题页重点卡片；命中主题种子词：传入,马克思主义哲学 从日本传入 中国(50.62)；马克思主义哲学 从苏联传入 中国(50.62)；马克思主义哲学 传入中国 渠道(49.06)；马克思主义哲学 中国哲学(46.67)；李达 马克思主义哲学 中国化(45.29),0048_马克思主义哲学_从日本传入_中国.md；0823_马克思主义哲学_从苏联传入_中国.md；0060_马克思主义哲学_传入中国_渠道.md；1823_马克思主义哲学_中国哲学.md；0301_李达_马克思主义哲学_中国化.md,,马克思主义哲学、从欧洲传入、中国,马克思主义哲学在中国：传播、应用、形态、前景；马克思主义哲学中国化与中国哲学的现代转型；马克思主义哲学中国化与中国道路的哲学表达,60；3；10,是,可按主题页优先检索,先查主题页《马克思主义哲学在中国的传播路径》，再在 T3/T10 中检索：马克思主义哲学|从欧洲传入|中国,否
51,旅欧青年 马克思主义哲学 传播,0051_旅欧青年_马克思主义哲学_传播.md,3,46.33,传播史,马克思主义哲学在中国的传播路径,传播史/马克思主义哲学在中国的传播路径.md,高,100.0,已列入原主题页重点卡片,马克思主义哲学 传播 苏联(49.29)；马克思主义哲学 传播范围 扩大(47.5)；马克思主义哲学 传播形式 转换(47.5)；马克思主义哲学 传播开端 热潮(47.5)；五四时期 马克思主义哲学 传播(47.5),0785_马克思主义哲学_传播_苏联.md；0046_马克思主义哲学_传播范围_扩大.md；0052_马克思主义哲学_传播形式_转换.md；0063_马克思主义哲学_传播开端_热潮.md；0143_五四时期_马克思主义哲学_传播.md,,马克思主义哲学、传播,马克思主义哲学在中国：传播、应用、形态、前景；马克思主义哲学在中国的传播与马克思主义哲学中国化；马克思主义哲学中国化的历史进程,26-28；1；2,是,可按主题页优先检索,先查主题页《马克思主义哲学在中国的传播路径》，再在 T3/T10 中检索：旅欧青年|马克思主义哲学|传播,否
52,马克思主义哲学 传播形式 转换,0052_马克思主义哲学_传播形式_转换.md,3,45.07,传播史,马克思主义哲学在中国的传播路径,传播史/马克思主义哲学在中国的传播路径.md,高,100.0,已列入原主题页重点卡片,马克思主义哲学 传播 苏联(49.29)；马克思主义哲学 传播范围 扩大(47.5)；旅欧青年 马克思主义哲学 传播(47.5)；马克思主义哲学 传播开端 热潮(47.5)；五四时期 马克思主义哲学 传播(47.5),0785_马克思主义哲学_传播_苏联.md；0046_马克思主义哲学_传播范围_扩大.md；0051_旅欧青年_马克思主义哲学_传播.md；0063_马克思主义哲学_传播开端_热潮.md；0143_五四时期_马克思主义哲学_传播.md,,马克思主义哲学、传播形式、转换,马克思主义哲学在中国：传播、应用、形态、前景；马克思主义哲学中国化与中国哲学的现代转型；中国马克思主义哲学范式转换研究析论,3；22-23；1,是,可按主题页优先检索,先查主题页《马克思主义哲学在中国的传播路径》，再在 T3/T10 中检索：马克思主义哲学|传播形式|转换,否
53,翻译性介绍 到 转述性介绍,0053_翻译性介绍_到_转述性介绍.md,1,49.45,传播史,早期马克思主义传播主体与传播载体,传播史/早期马克思主义传播主体与传播载体.md,中,20.0,二级自动主题组匹配：翻译性介绍、转述性介绍,转述性介绍 到 大众化介绍(35.42),1022_转述性介绍_到_大众化介绍.md,,翻译性介绍、转述性介绍,"马克思主义哲学在中国：传播 应用 形态 前景 (徐素华著, 徐素华著, 徐素华, 徐素華)",18,是,可按主题页优先检索,先查主题页《早期马克思主义传播主体与传播载体》，再在 T3/T10 中检索：翻译性介绍|转述性介绍,否
54,大众化传播 到 中国化传播,0054_大众化传播_到_中国化传播.md,2,29.29,新哲学大众化,新哲学大众化运动,新哲学大众化/新哲学大众化运动.md,低,10.0,自动主题组匹配：大众化,实践论 矛盾论 中国化传播(32.14)；马克思主义哲学 大众化 中国化(6.25)；马克思主义中国化 大众化 初步推进(5.56)；艾思奇 大众哲学 中国化(5.36)；艾思奇 马克思主义哲学 大众化 中国化(5.26),0495_实践论_矛盾论_中国化传播.md；1200_马克思主义哲学_大众化_中国化.md；1145_马克思主义中国化_大众化_初步推进.md；0370_艾思奇_大众哲学_中国化.md；0395_艾思奇_马克思主义哲学_大众化_中国化.md,,大众化传播,“新哲学”大众化运动研究；延安时期知识分子群体与马克思主义哲学大众化郭 - 2015 -,279；201,是,先核验原卡片再使用,先查主题页《新哲学大众化运动》，再在 T3/T10 中检索：大众化传播|中国化传播,否
55,职业革命家 职业哲学家 传播载体,0055_职业革命家_职业哲学家_传播载体.md,1,32.6,传播史,早期马克思主义传播主体与传播载体,传播史/早期马克思主义传播主体与传播载体.md,中,30.0,二级自动主题组匹配：职业革命家、职业哲学家、传播载体,职业哲学家 理论学术性 理性精神(29.76)；传播载体 杰出个人 作用(24.17),1024_职业哲学家_理论学术性_理性精神.md；0059_传播载体_杰出个人_作用.md,,职业革命家、职业哲学家、传播载体,马克思主义哲学在中国：传播、应用、形态、前景,3,是,可按主题页优先检索,先查主题页《早期马克思主义传播主体与传播载体》，再在 T3/T10 中检索：职业革命家|职业哲学家|传播载体,否
56,马克思主义哲学 传播特点 经验教训,0056_马克思主义哲学_传播特点_经验教训.md,3,44.96,传播史,马克思主义哲学在中国的传播路径,传播史/马克思主义哲学在中国的传播路径.md,高,100.0,已列入原主题页重点卡片,马克思主义哲学 教科书传播 特点(47.5)；马克思主义哲学 传播 苏联(47.5)；马克思主义哲学 传播范围 扩大(46.11)；旅欧青年 马克思主义哲学 传播(46.11)；马克思主义哲学 传播形式 转换(46.11),0097_马克思主义哲学_教科书传播_特点.md；0785_马克思主义哲学_传播_苏联.md；0046_马克思主义哲学_传播范围_扩大.md；0051_旅欧青年_马克思主义哲学_传播.md；0052_马克思主义哲学_传播形式_转换.md,,马克思主义哲学、经验教训,二十世纪上半叶马克思主义哲学中国化之检视_王玉平；马克思主义哲学中国化理论与历史；以新的哲学观重新观照马克思主义哲学中国化的历史,24；485；2,是,可按主题页优先检索,先查主题页《马克思主义哲学在中国的传播路径》，再在 T3/T10 中检索：马克思主义哲学|传播特点|经验教训,否
57,辩证唯物论 历史唯物论 传播体系,0057_辩证唯物论_历史唯物论_传播体系.md,3,41.45,理论方法,哲学基本范畴与辩证法原理,理论方法/哲学基本范畴与辩证法原理.md,低,8.0,二级自动主题组匹配：唯物论,历史唯物论 辩证唯物论 米丁(60.71)；李达 辩证唯物论 系统传播(32.81)；辩证唯物论 分歧 争论(31.67)；俄国 辩证唯物论 思想 介绍(30.88)；瞿秋白 历史唯物论 基本原理(30.56),1809_历史唯物论_辩证唯物论_米丁.md；0342_李达_辩证唯物论_系统传播.md；1033_辩证唯物论_分歧_争论.md；0909_俄国_辩证唯物论_思想_介绍.md；0313_瞿秋白_历史唯物论_基本原理.md,,辩证唯物论、历史唯物论,百年中国哲学革命；二十世纪上半叶马克思主义哲学中国化之检视_王玉平；“新哲学”大众化运动研究,174-175；155；218,是,先核验原卡片再使用,先查主题页《哲学基本范畴与辩证法原理》，再在 T3/T10 中检索：辩证唯物论|历史唯物论|传播体系,否
58,西学东渐 马克思主义哲学传播 环境,0058_西学东渐_马克思主义哲学传播_环境.md,3,34.19,传播史,马克思主义哲学在中国的传播路径,传播史/马克思主义哲学在中国的传播路径.md,高,114.0,已列入原主题页重点卡片；命中主题种子词：马克思主义哲学传播；主题词重合：马克思主义哲学传播,新中国初期 马克思主义哲学传播 新形式(49.09)；中国近现代 社会矛盾 马克思主义哲学传播(48.7)；西学东渐 中体西用(24.17)；马克思主义哲学 传播 苏联(12.5)；马克思主义哲学 传播范围 扩大(11.11),0649_新中国初期_马克思主义哲学传播_新形式.md；0101_中国近现代_社会矛盾_马克思主义哲学传播.md；0687_西学东渐_中体西用.md；0785_马克思主义哲学_传播_苏联.md；0046_马克思主义哲学_传播范围_扩大.md,,西学东渐、环境,马克思主义哲学在中国：传播、应用、形态、前景；马克思主义哲学中国化理论与历史；20世纪上半叶“中国化”思潮与“马克思主义中国化”起源研究述评_赵铁锁,30-32；500；2,是,可按主题页优先检索,先查主题页《马克思主义哲学在中国的传播路径》，再在 T3/T10 中检索：西学东渐|马克思主义哲学传播|环境,否
59,传播载体 杰出个人 作用,0059_传播载体_杰出个人_作用.md,1,41.4,传播史,早期马克思主义传播主体与传播载体,传播史/早期马克思主义传播主体与传播载体.md,中,20.0,二级自动主题组匹配：传播载体、杰出个人,职业革命家 职业哲学家 传播载体(24.17),0055_职业革命家_职业哲学家_传播载体.md,,传播载体、杰出个人、作用,马克思主义哲学在中国：传播、应用、形态、前景,44-46,是,可按主题页优先检索,先查主题页《早期马克思主义传播主体与传播载体》，再在 T3/T10 中检索：传播载体|杰出个人|作用,否
60,马克思主义哲学 传入中国 渠道,0060_马克思主义哲学_传入中国_渠道.md,3,45.28,传播史,马克思主义哲学在中国的传播路径,传播史/马克思主义哲学在中国的传播路径.md,高,103.0,已列入原主题页重点卡片；命中主题种子词：传入,马克思主义哲学 从日本传入 中国(49.06)；马克思主义哲学 从欧洲传入 中国(49.06)；马克思主义哲学 从苏联传入 中国(49.06)；马克思主义哲学 中国哲学(47.5)；马克思主义哲学 中国哲学传统 结合(46.76),0048_马克思主义哲学_从日本传入_中国.md；0050_马克思主义哲学_从欧洲传入_中国.md；0823_马克思主义哲学_从苏联传入_中国.md；1823_马克思主义哲学_中国哲学.md；0726_马克思主义哲学_中国哲学传统_结合.md,,马克思主义哲学、传入中国、渠道,马克思主义哲学在中国：传播、应用、形态、前景；马克思主义哲学中国化与中国哲学的现代转型；二十世纪上半叶马克思主义哲学中国化之检视_王玉平,51-53；130-131；122,是,可按主题页优先检索,先查主题页《马克思主义哲学在中国的传播路径》，再在 T3/T10 中检索：马克思主义哲学|传入中国|渠道,否
61,日本 第一渠道 马克思主义哲学,0061_日本_第一渠道_马克思主义哲学.md,3,47.0,理论方法,马克思恩格斯经典文本与哲学关系,理论方法/马克思恩格斯经典文本与哲学关系.md,低,10.0,自动主题组匹配：马克思,日本 中转 马克思主义哲学 中国(55.29)；日本 马克思主义哲学 启蒙老师(55.29)；马克思主义哲学 日本 欧洲 苏联 三个方向(53.33)；欧洲 第二渠道 马克思主义哲学(47.5)；苏联 第三渠道 马克思主义哲学(47.5),0078_日本_中转_马克思主义哲学_中国.md；0122_日本_马克思主义哲学_启蒙老师.md；0822_马克思主义哲学_日本_欧洲_苏联_三个方向.md；0062_欧洲_第二渠道_马克思主义哲学.md；0826_苏联_第三渠道_马克思主义哲学.md,,日本、第一渠道、马克思主义哲学,马克思主义哲学在中国：传播、应用、形态、前景；马克思主义哲学在中国传播与发展的百年历史（上）；二十世纪上半叶马克思主义哲学中国化之检视_王玉平,51-53；396；150,是,先核验原卡片再使用,先查主题页《马克思恩格斯经典文本与哲学关系》，再在 T3/T10 中检索：日本|第一渠道|马克思主义哲学,否
62,欧洲 第二渠道 马克思主义哲学,0062_欧洲_第二渠道_马克思主义哲学.md,3,44.6,理论方法,马克思恩格斯经典文本与哲学关系,理论方法/马克思恩格斯经典文本与哲学关系.md,低,10.0,自动主题组匹配：马克思,马克思主义哲学 日本 欧洲 苏联 三个方向(53.33)；日本 第一渠道 马克思主义哲学(47.5)；苏联 第三渠道 马克思主义哲学(47.5)；马克思主义哲学 传入中国 渠道(45.29)；马克思主义哲学 中国哲学(45.0),0822_马克思主义哲学_日本_欧洲_苏联_三个方向.md；0061_日本_第一渠道_马克思主义哲学.md；0826_苏联_第三渠道_马克思主义哲学.md；0060_马克思主义哲学_传入中国_渠道.md；1823_马克思主义哲学_中国哲学.md,,欧洲、第二渠道、马克思主义哲学,马克思主义哲学在中国：传播、应用、形态、前景；马克思主义哲学史教程；马克思主义哲学中国化的历史进程,55-57；781-783；2,是,先核验原卡片再使用,先查主题页《马克思恩格斯经典文本与哲学关系》，再在 T3/T10 中检索：欧洲|第二渠道|马克思主义哲学,否
63,马克思主义哲学 传播开端 热潮,0063_马克思主义哲学_传播开端_热潮.md,3,41.9,传播史,马克思主义哲学在中国的传播路径,传播史/马克思主义哲学在中国的传播路径.md,高,100.0,已列入原主题页重点卡片,马克思主义哲学 传播 苏联(49.29)；马克思主义哲学 传播范围 扩大(47.5)；旅欧青年 马克思主义哲学 传播(47.5)；马克思主义哲学 传播形式 转换(47.5)；五四时期 马克思主义哲学 传播(47.5),0785_马克思主义哲学_传播_苏联.md；0046_马克思主义哲学_传播范围_扩大.md；0051_旅欧青年_马克思主义哲学_传播.md；0052_马克思主义哲学_传播形式_转换.md；0143_五四时期_马克思主义哲学_传播.md,,马克思主义哲学、热潮,马克思主义哲学在中国：传播、应用、形态、前景；延安时期知识分子群体与马克思主义哲学大众化郭 - 2015 -；中国马克思主义哲学范式转换研究析论,66-67；86；1,是,可按主题页优先检索,先查主题页《马克思主义哲学在中国的传播路径》，再在 T3/T10 中检索：马克思主义哲学|传播开端|热潮,否
64,唯物史观 传播热潮,0064_唯物史观_传播热潮.md,3,48.6,理论方法,唯物史观在中国的传播与应用,理论方法/唯物史观在中国的传播与应用.md,高,118.0,已列入原主题页重点卡片；命中主题种子词：唯物史观；主题词重合：唯物史观；主题域增强：唯物史观,唯物史观 传播热潮 特点(59.44)；唯物史观 传播 局限 不足(31.36)；鲁迅 唯物史观 传播 运用(31.36)；李达 唯物史观 传播 应用(31.36)；周恩来 唯物史观 传播 应用(30.42),0065_唯物史观_传播热潮_特点.md；0066_唯物史观_传播_局限_不足.md；0116_鲁迅_唯物史观_传播_运用.md；0332_李达_唯物史观_传播_应用.md；0114_周恩来_唯物史观_传播_应用.md,,唯物史观、传播热潮,马克思主义哲学在中国：传播、应用、形态、前景；马克思主义哲学中国化与中国哲学的现代转型；中国文化与马克思主义,76-78；288-290；20,是,可按主题页优先检索,先查主题页《唯物史观在中国的传播与应用》，再在 T3/T10 中检索：唯物史观|传播热潮,否
65,唯物史观 传播热潮 特点,0065_唯物史观_传播热潮_特点.md,3,49.2,理论方法,唯物史观在中国的传播与应用,理论方法/唯物史观在中国的传播与应用.md,高,118.0,已列入原主题页重点卡片；命中主题种子词：唯物史观；主题词重合：唯物史观；主题域增强：唯物史观,唯物史观 传播热潮(59.44)；唯物史观 传播 局限 不足(29.62)；鲁迅 唯物史观 传播 运用(29.62)；李达 唯物史观 传播 应用(29.62)；周恩来 唯物史观 传播 应用(28.93),0064_唯物史观_传播热潮.md；0066_唯物史观_传播_局限_不足.md；0116_鲁迅_唯物史观_传播_运用.md；0332_李达_唯物史观_传播_应用.md；0114_周恩来_唯物史观_传播_应用.md,,唯物史观、传播热潮、特点,马克思主义哲学在中国：传播、应用、形态、前景；马克思主义哲学中国化与中国哲学的现代转型；马克思主义哲学史教程,76-78；288-290；843-845,是,可按主题页优先检索,先查主题页《唯物史观在中国的传播与应用》，再在 T3/T10 中检索：唯物史观|传播热潮|特点,否
66,唯物史观 传播 局限 不足,0066_唯物史观_传播_局限_不足.md,3,56.2,理论方法,唯物史观在中国的传播与应用,理论方法/唯物史观在中国的传播与应用.md,高,118.0,已列入原主题页重点卡片；命中主题种子词：唯物史观；主题词重合：唯物史观；主题域增强：唯物史观,唯物史观 传播热潮(31.36)；唯物史观 传播热潮 特点(29.62)；鲁迅 唯物史观 传播 运用(29.62)；李达 唯物史观 传播 应用(29.62)；周恩来 唯物史观 传播 应用(28.93),0064_唯物史观_传播热潮.md；0065_唯物史观_传播热潮_特点.md；0116_鲁迅_唯物史观_传播_运用.md；0332_李达_唯物史观_传播_应用.md；0114_周恩来_唯物史观_传播_应用.md,,唯物史观、传播、局限、不足,马克思主义哲学在中国：传播、应用、形态、前景；马克思主义哲学的中国化及其历程；马克思主义哲学中国化与中国哲学的现代转型,82-84；91-93；283-284,是,可按主题页优先检索,先查主题页《唯物史观在中国的传播与应用》，再在 T3/T10 中检索：唯物史观|传播|局限|不足,否
67,国统区 翻译介绍 马克思主义哲学,0067_国统区_翻译介绍_马克思主义哲学.md,3,52.3,理论方法,马克思恩格斯经典文本与哲学关系,理论方法/马克思恩格斯经典文本与哲学关系.md,低,10.0,自动主题组匹配：马克思,国统区 理论著述 马克思主义哲学(61.11)；马克思主义哲学 中国哲学(44.38)；李达 马克思主义哲学 研究(43.82)；李达 马克思主义哲学 泰斗(43.82)；马克思主义哲学 传播 苏联(43.82),1035_国统区_理论著述_马克思主义哲学.md；1823_马克思主义哲学_中国哲学.md；0267_李达_马克思主义哲学_研究.md；0355_李达_马克思主义哲学_泰斗.md；0785_马克思主义哲学_传播_苏联.md,,国统区、翻译介绍、马克思主义哲学,马克思主义哲学在中国：传播、应用、形态、前景；“新哲学”大众化运动研究；马克思主义哲学中国化的历史进程,166-167；210；2,是,先核验原卡片再使用,先查主题页《马克思恩格斯经典文本与哲学关系》，再在 T3/T10 中检索：国统区|翻译介绍|马克思主义哲学,否
68,资产阶级民主主义 思想传播 辛亥革命,0068_资产阶级民主主义_思想传播_辛亥革命.md,3,43.18,论战与思想运动,中国近代启蒙与民主革命,论战与思想运动/中国近代启蒙与民主革命.md,中,33.0,自动主题组匹配：辛亥、民主、资产阶级,资产阶级 哲学革命 辛亥革命(27.89)；辛亥革命 思想运动 民众运动(24.76)；辛亥革命 意义 经验教训(23.57)；无产阶级 民主革命 领导权(6.25)；五四运动 社会主义思想 传播(5.95),1485_资产阶级_哲学革命_辛亥革命.md；1382_辛亥革命_思想运动_民众运动.md；1124_辛亥革命_意义_经验教训.md；1297_无产阶级_民主革命_领导权.md；0123_五四运动_社会主义思想_传播.md,,资产阶级民主主义、思想传播、辛亥革命,马克思主义中国化史；马克思主义哲学在中国的传播与马克思主义哲学中国化；冯契文集第七卷中国近代哲学的革命进程,未识别；6；93,是,可按主题页优先检索,先查主题页《中国近代启蒙与民主革命》，再在 T3/T10 中检索：资产阶级民主主义|思想传播|辛亥革命,否
69,共产国际 中国 马克思主义传播 指导,0069_共产国际_中国_马克思主义传播_指导.md,3,62.0,苏联哲学,苏联哲学与共产国际,苏联哲学/苏联哲学与共产国际.md,低,14.0,自动主题组匹配：共产国际,李达 马克思主义传播 活动(43.33)；李大钊 马克思主义传播 活动(42.89)；陈独秀 马克思主义传播 活动(42.89)；李汉俊 马克思主义传播 活动(42.89)；杨匏安 马克思主义传播 活动(42.89),0283_李达_马克思主义传播_活动.md；0278_李大钊_马克思主义传播_活动.md；0281_陈独秀_马克思主义传播_活动.md；0285_李汉俊_马克思主义传播_活动.md；0286_杨匏安_马克思主义传播_活动.md,,共产国际、中国、马克思主义传播、指导,马克思主义中国化史；马克思主义哲学中国化理论与历史；马克思主义哲学中国化的双重逻辑及其意蕴,未识别；208；2,是,先核验原卡片再使用,先查主题页《苏联哲学与共产国际》，再在 T3/T10 中检索：共产国际|中国|马克思主义传播|指导,否
70,马克思主义 欧洲传播 德国,0070_马克思主义_欧洲传播_德国.md,3,41.33,理论方法,马克思恩格斯经典文本与哲学关系,理论方法/马克思恩格斯经典文本与哲学关系.md,低,10.0,自动主题组匹配：马克思,马克思主义 欧洲传播 英国(36.67)；马克思主义 欧洲传播 法国(36.67)；马克思主义 欧洲传播 北欧(36.67)；马克思主义 欧洲传播 东欧(36.67)；马克思主义 欧洲传播 意大利 西班牙(32.5),0071_马克思主义_欧洲传播_英国.md；0072_马克思主义_欧洲传播_法国.md；0074_马克思主义_欧洲传播_北欧.md；0075_马克思主义_欧洲传播_东欧.md；0073_马克思主义_欧洲传播_意大利_西班牙.md,,马克思主义、德国,马克思主义哲学史教程；马克思主义哲学在中国传播与发展的百年历史（上）；列宁专题文集·论马克思主义,210-211；12-14；390,是,先核验原卡片再使用,先查主题页《马克思恩格斯经典文本与哲学关系》，再在 T3/T10 中检索：马克思主义|欧洲传播|德国,否
71,马克思主义 欧洲传播 英国,0071_马克思主义_欧洲传播_英国.md,3,37.33,理论方法,马克思恩格斯经典文本与哲学关系,理论方法/马克思恩格斯经典文本与哲学关系.md,低,10.0,自动主题组匹配：马克思,马克思主义 欧洲传播 德国(36.67)；马克思主义 欧洲传播 法国(36.67)；马克思主义 欧洲传播 北欧(36.67)；马克思主义 欧洲传播 东欧(36.67)；马克思主义 欧洲传播 意大利 西班牙(32.5),0070_马克思主义_欧洲传播_德国.md；0072_马克思主义_欧洲传播_法国.md；0074_马克思主义_欧洲传播_北欧.md；0075_马克思主义_欧洲传播_东欧.md；0073_马克思主义_欧洲传播_意大利_西班牙.md,,马克思主义、英国,马克思主义哲学在中国传播与发展的百年历史（上）；马克思主义哲学史教程；马克思主义哲学史（第六卷,16-20；21-23；25-27,是,先核验原卡片再使用,先查主题页《马克思恩格斯经典文本与哲学关系》，再在 T3/T10 中检索：马克思主义|欧洲传播|英国,否
72,马克思主义 欧洲传播 法国,0072_马克思主义_欧洲传播_法国.md,3,39.61,理论方法,马克思恩格斯经典文本与哲学关系,理论方法/马克思恩格斯经典文本与哲学关系.md,低,10.0,自动主题组匹配：马克思,马克思主义 欧洲传播 德国(36.67)；马克思主义 欧洲传播 英国(36.67)；马克思主义 欧洲传播 北欧(36.67)；马克思主义 欧洲传播 东欧(36.67)；马克思主义 欧洲传播 意大利 西班牙(32.5),0070_马克思主义_欧洲传播_德国.md；0071_马克思主义_欧洲传播_英国.md；0074_马克思主义_欧洲传播_北欧.md；0075_马克思主义_欧洲传播_东欧.md；0073_马克思主义_欧洲传播_意大利_西班牙.md,,马克思主义、法国,马克思主义哲学史教程；马克思主义哲学在中国传播与发展的百年历史（上）；列宁专题文集·论马克思主义,265-267；20-22；100,是,先核验原卡片再使用,先查主题页《马克思恩格斯经典文本与哲学关系》，再在 T3/T10 中检索：马克思主义|欧洲传播|法国,否
73,马克思主义 欧洲传播 意大利 西班牙,0073_马克思主义_欧洲传播_意大利_西班牙.md,3,45.55,理论方法,马克思恩格斯经典文本与哲学关系,理论方法/马克思恩格斯经典文本与哲学关系.md,低,10.0,自动主题组匹配：马克思,马克思主义 欧洲传播 德国(32.5)；马克思主义 欧洲传播 英国(32.5)；马克思主义 欧洲传播 法国(32.5)；马克思主义 欧洲传播 北欧(32.5)；马克思主义 欧洲传播 东欧(32.5),0070_马克思主义_欧洲传播_德国.md；0071_马克思主义_欧洲传播_英国.md；0072_马克思主义_欧洲传播_法国.md；0074_马克思主义_欧洲传播_北欧.md；0075_马克思主义_欧洲传播_东欧.md,,马克思主义、意大利、西班牙,马克思主义哲学在中国传播与发展的百年历史（上）；马克思主义哲学史教程；列宁专题文集·论马克思主义,22-24；201-206；328,是,先核验原卡片再使用,先查主题页《马克思恩格斯经典文本与哲学关系》，再在 T3/T10 中检索：马克思主义|欧洲传播|意大利|西班牙,否
74,马克思主义 欧洲传播 北欧,0074_马克思主义_欧洲传播_北欧.md,1,32.53,理论方法,马克思恩格斯经典文本与哲学关系,理论方法/马克思恩格斯经典文本与哲学关系.md,低,10.0,自动主题组匹配：马克思,马克思主义 欧洲传播 德国(36.67)；马克思主义 欧洲传播 英国(36.67)；马克思主义 欧洲传播 法国(36.67)；马克思主义 欧洲传播 东欧(36.67)；马克思主义 欧洲传播 意大利 西班牙(32.5),0070_马克思主义_欧洲传播_德国.md；0071_马克思主义_欧洲传播_英国.md；0072_马克思主义_欧洲传播_法国.md；0075_马克思主义_欧洲传播_东欧.md；0073_马克思主义_欧洲传播_意大利_西班牙.md,,马克思主义、北欧,马克思主义哲学在中国传播与发展的百年历史（上）,10-12,是,先核验原卡片再使用,先查主题页《马克思恩格斯经典文本与哲学关系》，再在 T3/T10 中检索：马克思主义|欧洲传播|北欧,否
75,马克思主义 欧洲传播 东欧,0075_马克思主义_欧洲传播_东欧.md,3,35.33,理论方法,马克思恩格斯经典文本与哲学关系,理论方法/马克思恩格斯经典文本与哲学关系.md,低,10.0,自动主题组匹配：马克思,马克思主义 欧洲传播 德国(36.67)；马克思主义 欧洲传播 英国(36.67)；马克思主义 欧洲传播 法国(36.67)；马克思主义 欧洲传播 北欧(36.67)；马克思主义 欧洲传播 意大利 西班牙(32.5),0070_马克思主义_欧洲传播_德国.md；0071_马克思主义_欧洲传播_英国.md；0072_马克思主义_欧洲传播_法国.md；0074_马克思主义_欧洲传播_北欧.md；0073_马克思主义_欧洲传播_意大利_西班牙.md,,马克思主义、东欧,马克思主义哲学史教程；中国马克思主义学术史纲；马克思主义哲学在中国传播与发展的百年历史（上）,603-604；280-282；10-12,是,先核验原卡片再使用,先查主题页《马克思恩格斯经典文本与哲学关系》，再在 T3/T10 中检索：马克思主义|欧洲传播|东欧,否
76,马克思主义 世界传播 历史路径,0076_马克思主义_世界传播_历史路径.md,3,41.56,理论方法,马克思恩格斯经典文本与哲学关系,理论方法/马克思恩格斯经典文本与哲学关系.md,低,10.0,自动主题组匹配：马克思,马克思主义哲学 中国传播 历史条件(9.21)；马克思主义哲学 中国传播 百年历史(7.5)；马克思主义 欧洲传播 德国(7.35)；马克思主义 欧洲传播 英国(7.35)；马克思主义 欧洲传播 法国(7.35),0100_马克思主义哲学_中国传播_历史条件.md；0083_马克思主义哲学_中国传播_百年历史.md；0070_马克思主义_欧洲传播_德国.md；0071_马克思主义_欧洲传播_英国.md；0072_马克思主义_欧洲传播_法国.md,,马克思主义、世界传播,马克思主义哲学中国化与中国道路的哲学表达；马克思主义哲学中国化理论与历史；马列著作在中国的出版,9；61；452,是,先核验原卡片再使用,先查主题页《马克思恩格斯经典文本与哲学关系》，再在 T3/T10 中检索：马克思主义|世界传播|历史路径,否
77,日本 马克思主义 传入中国 中转国,0077_日本_马克思主义_传入中国_中转国.md,3,63.8,理论方法,马克思恩格斯经典文本与哲学关系,理论方法/马克思恩格斯经典文本与哲学关系.md,低,10.0,自动主题组匹配：马克思,马克思主义 传入中国 中介路径(34.06)；马克思主义 传入中国 外部条件(31.76)；马克思主义 传入中国 国际条件(31.76)；俄国 苏联 马克思主义 传入中国(31.76)；马克思主义哲学 传入中国 渠道(29.72),0082_马克思主义_传入中国_中介路径.md；0080_马克思主义_传入中国_外部条件.md；0081_马克思主义_传入中国_国际条件.md；0854_俄国_苏联_马克思主义_传入中国.md；0060_马克思主义哲学_传入中国_渠道.md,,日本、马克思主义、传入中国、中转国,马克思主义哲学在中国传播与发展的百年历史（上）；马克思主义哲学中国化理论与历史；二十世纪上半叶马克思主义哲学中国化之检视_王玉平,58-60；257；41,是,先核验原卡片再使用,先查主题页《马克思恩格斯经典文本与哲学关系》，再在 T3/T10 中检索：日本|马克思主义|传入中国|中转国,否
78,日本 中转 马克思主义哲学 中国,0078_日本_中转_马克思主义哲学_中国.md,3,60.4,理论方法,马克思恩格斯经典文本与哲学关系,理论方法/马克思恩格斯经典文本与哲学关系.md,低,10.0,自动主题组匹配：马克思,日本 第一渠道 马克思主义哲学(55.29)；日本 马克思主义哲学 启蒙老师(55.29)；马克思主义哲学 日本 欧洲 苏联 三个方向(53.33)；马克思主义哲学 中国哲学(50.38)；李达 马克思主义哲学 中国化(48.33),0061_日本_第一渠道_马克思主义哲学.md；0122_日本_马克思主义哲学_启蒙老师.md；0822_马克思主义哲学_日本_欧洲_苏联_三个方向.md；1823_马克思主义哲学_中国哲学.md；0301_李达_马克思主义哲学_中国化.md,,日本、中转、马克思主义哲学、中国,马克思主义哲学在中国传播与发展的百年历史（上）；马克思主义哲学中国化的历史进程；马克思主义哲学中国化理论与历史,58-60；2；462,是,先核验原卡片再使用,先查主题页《马克思恩格斯经典文本与哲学关系》，再在 T3/T10 中检索：日本|中转|马克思主义哲学|中国,否
79,日本译著 马克思主义 中国传播,0079_日本译著_马克思主义_中国传播.md,3,38.13,理论方法,马克思恩格斯经典文本与哲学关系,理论方法/马克思恩格斯经典文本与哲学关系.md,低,10.0,自动主题组匹配：马克思,马克思主义 中国传播 前史(34.29)；十月革命 马克思主义 中国传播(32.5)；马克思主义哲学 中国传播 源头(30.29)；马克思主义哲学 中国传播 百年历史(29.21)；马克思主义哲学 中国传播 历史条件(29.21),0084_马克思主义_中国传播_前史.md；0860_十月革命_马克思主义_中国传播.md；0047_马克思主义哲学_中国传播_源头.md；0083_马克思主义哲学_中国传播_百年历史.md；0100_马克思主义哲学_中国传播_历史条件.md,,马克思主义、中国传播,马克思主义哲学在中国：传播、应用、形态、前景；马克思主义哲学在中国传播与发展的百年历史（上）；马克思主义中国化史,29-30；未识别,是,先核验原卡片再使用,先查主题页《马克思恩格斯经典文本与哲学关系》，再在 T3/T10 中检索：日本译著|马克思主义|中国传播,否
80,马克思主义 传入中国 外部条件,0080_马克思主义_传入中国_外部条件.md,3,40.33,理论方法,马克思恩格斯经典文本与哲学关系,理论方法/马克思恩格斯经典文本与哲学关系.md,低,10.0,自动主题组匹配：马克思,马克思主义 传入中国 国际条件(35.0)；马克思主义 传入中国 中介路径(32.5)；俄国 苏联 马克思主义 传入中国(32.5)；日本 马克思主义 传入中国 中转国(31.76)；马克思主义哲学 传入中国 渠道(30.29),0081_马克思主义_传入中国_国际条件.md；0082_马克思主义_传入中国_中介路径.md；0854_俄国_苏联_马克思主义_传入中国.md；0077_日本_马克思主义_传入中国_中转国.md；0060_马克思主义哲学_传入中国_渠道.md,,马克思主义、传入中国,马克思主义哲学的中国化及其历程；马克思主义哲学在中国传播与发展的百年历史（上）；马克思主义中国化史,277-280；58-60；未识别,是,先核验原卡片再使用,先查主题页《马克思恩格斯经典文本与哲学关系》，再在 T3/T10 中检索：马克思主义|传入中国|外部条件,否
81,马克思主义 传入中国 国际条件,0081_马克思主义_传入中国_国际条件.md,3,40.33,理论方法,马克思恩格斯经典文本与哲学关系,理论方法/马克思恩格斯经典文本与哲学关系.md,低,10.0,自动主题组匹配：马克思,马克思主义 传入中国 外部条件(35.0)；马克思主义 传入中国 中介路径(32.5)；俄国 苏联 马克思主义 传入中国(32.5)；日本 马克思主义 传入中国 中转国(31.76)；马克思主义哲学 传入中国 渠道(30.29),0080_马克思主义_传入中国_外部条件.md；0082_马克思主义_传入中国_中介路径.md；0854_俄国_苏联_马克思主义_传入中国.md；0077_日本_马克思主义_传入中国_中转国.md；0060_马克思主义哲学_传入中国_渠道.md,,马克思主义、传入中国,马克思主义哲学的中国化及其历程；马克思主义哲学在中国传播与发展的百年历史（上）；马克思主义中国化史,277-280；58-60；未识别,是,先核验原卡片再使用,先查主题页《马克思恩格斯经典文本与哲学关系》，再在 T3/T10 中检索：马克思主义|传入中国|国际条件,否
82,马克思主义 传入中国 中介路径,0082_马克思主义_传入中国_中介路径.md,3,40.33,理论方法,马克思恩格斯经典文本与哲学关系,理论方法/马克思恩格斯经典文本与哲学关系.md,低,10.0,自动主题组匹配：马克思,日本 马克思主义 传入中国 中转国(34.06)；马克思主义 传入中国 外部条件(32.5)；马克思主义 传入中国 国际条件(32.5)；俄国 苏联 马克思主义 传入中国(32.5)；马克思主义哲学 传入中国 渠道(30.29),0077_日本_马克思主义_传入中国_中转国.md；0080_马克思主义_传入中国_外部条件.md；0081_马克思主义_传入中国_国际条件.md；0854_俄国_苏联_马克思主义_传入中国.md；0060_马克思主义哲学_传入中国_渠道.md,,马克思主义、传入中国,马克思主义哲学的中国化及其历程；马克思主义哲学在中国传播与发展的百年历史（上）；马克思主义中国化史,277-280；58-60；未识别,是,先核验原卡片再使用,先查主题页《马克思恩格斯经典文本与哲学关系》，再在 T3/T10 中检索：马克思主义|传入中国|中介路径,否
83,马克思主义哲学 中国传播 百年历史,0083_马克思主义哲学_中国传播_百年历史.md,3,47.0,传播史,马克思主义哲学在中国的传播路径,传播史/马克思主义哲学在中国的传播路径.md,高,100.0,已列入原主题页重点卡片,马克思主义哲学 中国传播 历史条件(71.18)；马克思主义哲学 中国传播 源头(70.62)；教科书体系 马克思主义哲学 中国传播(68.16)；马克思主义哲学 中国哲学(48.33)；马克思主义哲学 在中国 百年历程(47.5),0100_马克思主义哲学_中国传播_历史条件.md；0047_马克思主义哲学_中国传播_源头.md；0098_教科书体系_马克思主义哲学_中国传播.md；1823_马克思主义哲学_中国哲学.md；1016_马克思主义哲学_在中国_百年历程.md,,马克思主义哲学、中国传播、百年历史,马克思主义哲学在中国传播与发展的百年历史（上）；马克思主义哲学中国化与中国哲学的现代转型；马克思主义哲学中国化的历史进程,234-236；3；2,是,可按主题页优先检索,先查主题页《马克思主义哲学在中国的传播路径》，再在 T3/T10 中检索：马克思主义哲学|中国传播|百年历史,否
84,马克思主义 中国传播 前史,0084_马克思主义_中国传播_前史.md,3,48.2,理论方法,马克思恩格斯经典文本与哲学关系,理论方法/马克思恩格斯经典文本与哲学关系.md,低,10.0,自动主题组匹配：马克思,日本译著 马克思主义 中国传播(34.29)；十月革命 马克思主义 中国传播(34.29)；马克思主义哲学 中国传播 源头(31.67)；马克思主义哲学 中国传播 百年历史(30.29)；马克思主义哲学 中国传播 历史条件(30.29),0079_日本译著_马克思主义_中国传播.md；0860_十月革命_马克思主义_中国传播.md；0047_马克思主义哲学_中国传播_源头.md；0083_马克思主义哲学_中国传播_百年历史.md；0100_马克思主义哲学_中国传播_历史条件.md,,马克思主义、中国传播、前史,马克思主义哲学在中国传播与发展的百年历史（上）；马克思主义哲学中国化与中国哲学的现代转型；百年中国哲学革命,112-114；3；86-88,是,先核验原卡片再使用,先查主题页《马克思恩格斯经典文本与哲学关系》，再在 T3/T10 中检索：马克思主义|中国传播|前史,否
85,马克思 汉语译名 万国公报,0085_马克思_汉语译名_万国公报.md,3,41.4,理论方法,马克思恩格斯经典文本与哲学关系,理论方法/马克思恩格斯经典文本与哲学关系.md,低,10.0,自动主题组匹配：马克思,李提摩太 万国公报 马克思(43.33)；李提摩太 万国公报 马克思 恩格斯(41.94)；马克思 列宁(19.17)；中国文化 马克思(18.57)；资产阶级 马克思(18.57),0109_李提摩太_万国公报_马克思.md；0086_李提摩太_万国公报_马克思_恩格斯.md；1843_马克思_列宁.md；1736_中国文化_马克思.md；1757_资产阶级_马克思.md,,马克思、汉语译名、万国公报,马克思主义哲学中国化与中国哲学的现代转型；马克思主义哲学在中国传播与发展的百年历史（上）；马克思主义哲学史（第六卷,3；118；20-23,是,先核验原卡片再使用,先查主题页《马克思恩格斯经典文本与哲学关系》，再在 T3/T10 中检索：马克思|汉语译名|万国公报,否
86,李提摩太 万国公报 马克思 恩格斯,0086_李提摩太_万国公报_马克思_恩格斯.md,3,56.0,理论方法,马克思恩格斯经典文本与哲学关系,理论方法/马克思恩格斯经典文本与哲学关系.md,中,20.0,自动主题组匹配：马克思、恩格斯,李提摩太 万国公报 马克思(74.23)；马克思 汉语译名 万国公报(41.94)；马克思 恩格斯 新世界观(37.35)；马克思 恩格斯 哲学关系 争论(36.58)；恩格斯 马克思主义哲学 系统阐发(19.55),0109_李提摩太_万国公报_马克思.md；0085_马克思_汉语译名_万国公报.md；0025_马克思_恩格斯_新世界观.md；0013_马克思_恩格斯_哲学关系_争论.md；1094_恩格斯_马克思主义哲学_系统阐发.md,,李提摩太、万国公报、马克思、恩格斯,马克思主义哲学在中国传播与发展的百年历史（上）；马克思主义哲学史（第六卷；马克思主义哲学的中国化及其历程,118；20-23；3-2,是,可按主题页优先检索,先查主题页《马克思恩格斯经典文本与哲学关系》，再在 T3/T10 中检索：李提摩太|万国公报|马克思|恩格斯,否
87,译书汇编 第一国际 马克思,0087_译书汇编_第一国际_马克思.md,3,42.6,理论方法,马克思恩格斯经典文本与哲学关系,理论方法/马克思恩格斯经典文本与哲学关系.md,低,10.0,自动主题组匹配：马克思,马克思 列宁(19.17)；中国文化 马克思(18.57)；资产阶级 马克思(18.57)；无产阶级 马克思(18.57)；意识形态 马克思(18.57),1843_马克思_列宁.md；1736_中国文化_马克思.md；1757_资产阶级_马克思.md；1781_无产阶级_马克思.md；1790_意识形态_马克思.md,,译书汇编、第一国际、马克思,马克思主义哲学的中国化及其历程；马克思主义哲学史（第六卷；马克思主义哲学在中国传播与发展的百年历史（上）,3-2；20-23；36-38,是,先核验原卡片再使用,先查主题页《马克思恩格斯经典文本与哲学关系》，再在 T3/T10 中检索：译书汇编|第一国际|马克思,否
88,社会主义神髓 马克思 中国,0088_社会主义神髓_马克思_中国.md,3,51.0,理论方法,马克思恩格斯经典文本与哲学关系,理论方法/马克思恩格斯经典文本与哲学关系.md,低,10.0,自动主题组匹配：马克思,社会主义 神髓 马克思(35.0)；梁启超 中国之社会主义 马克思(24.38)；梁启超 马克思 社会主义(23.93)；大同学 马克思 社会主义(23.93)；近世社会主义 马克思 学说(23.33),1421_社会主义_神髓_马克思.md；0131_梁启超_中国之社会主义_马克思.md；0223_梁启超_马克思_社会主义.md；1188_大同学_马克思_社会主义.md；1189_近世社会主义_马克思_学说.md,,社会主义神髓、马克思、中国,中国马克思主义学术史纲；马克思主义哲学在中国传播与发展的百年历史（上）；马克思主义哲学的中国化及其历程,56；72-74；3-2,是,先核验原卡片再使用,先查主题页《马克思恩格斯经典文本与哲学关系》，再在 T3/T10 中检索：社会主义神髓|马克思|中国,否
89,马君武 社会主义 进化论 马克思,0089_马君武_社会主义_进化论_马克思.md,3,57.2,理论方法,马克思恩格斯经典文本与哲学关系,理论方法/马克思恩格斯经典文本与哲学关系.md,低,12.0,自动主题组匹配：马克思,马君武 社会主义 进化论(68.75)；社会主义 神髓 马克思(43.33)；梁启超 马克思 社会主义(42.81)；大同学 马克思 社会主义(42.81)；梁启超 马克思 社会主义 介绍(41.94),0110_马君武_社会主义_进化论.md；1421_社会主义_神髓_马克思.md；0223_梁启超_马克思_社会主义.md；1188_大同学_马克思_社会主义.md；0130_梁启超_马克思_社会主义_介绍.md,,马君武、社会主义、进化论、马克思,马克思主义哲学在中国传播与发展的百年历史（上）；马克思主义哲学的中国化及其历程；马克思主义哲学史（第六卷,122；3-5；23-25,是,先核验原卡片再使用,先查主题页《马克思恩格斯经典文本与哲学关系》，再在 T3/T10 中检索：马君武|社会主义|进化论|马克思,否
90,朱执信 德意志社会革命家 马克思,0090_朱执信_德意志社会革命家_马克思.md,3,56.88,理论方法,马克思恩格斯经典文本与哲学关系,理论方法/马克思恩格斯经典文本与哲学关系.md,低,10.0,自动主题组匹配：马克思,社会主义 神髓 马克思(19.17)；梁启超 马克思 社会主义(18.95)；大同学 马克思 社会主义(18.95)；社会主义神髓 马克思 中国(18.75)；近世社会主义 马克思 学说(18.75),1421_社会主义_神髓_马克思.md；0223_梁启超_马克思_社会主义.md；1188_大同学_马克思_社会主义.md；0088_社会主义神髓_马克思_中国.md；1189_近世社会主义_马克思_学说.md,,朱执信、德意志社会革命家、马克思,马克思主义哲学中国化理论与历史；马克思主义在中国早期传播若干问题的辨析_田子渝；马克思主义中国化探论,145；5；168,是,先核验原卡片再使用,先查主题页《马克思恩格斯经典文本与哲学关系》，再在 T3/T10 中检索：朱执信|德意志社会革命家|马克思,否
91,改良派 民主革命派 马克思主义传播,0091_改良派_民主革命派_马克思主义传播.md,3,27.62,传播史,五四新文化与马克思主义早期传播,传播史/五四新文化与马克思主义早期传播.md,低,14.0,自动主题组匹配：马克思主义传播,十月革命 胜利 马克思主义传播(44.21)；李达 马克思主义传播 活动(43.33)；十月革命 五四运动 马克思主义传播(43.33)；辛亥革命后 国民党人 马克思主义传播(42.95)；李大钊 马克思主义传播 活动(42.89),0911_十月革命_胜利_马克思主义传播.md；0283_李达_马克思主义传播_活动.md；0910_十月革命_五四运动_马克思主义传播.md；0092_辛亥革命后_国民党人_马克思主义传播.md；0278_李大钊_马克思主义传播_活动.md,,改良派、民主革命派、马克思主义传播,马克思主义哲学在中国传播与发展的百年历史（上）；马列著作在中国的出版；马克思主义哲学中国化理论与历史,118-120；463；235,是,先核验原卡片再使用,先查主题页《五四新文化与马克思主义早期传播》，再在 T3/T10 中检索：改良派|民主革命派|马克思主义传播,否
92,辛亥革命后 国民党人 马克思主义传播,0092_辛亥革命后_国民党人_马克思主义传播.md,3,42.43,传播史,五四新文化与马克思主义早期传播,传播史/五四新文化与马克思主义早期传播.md,低,14.0,自动主题组匹配：马克思主义传播,十月革命 胜利 马克思主义传播(43.75)；改良派 民主革命派 马克思主义传播(42.95)；十月革命 五四运动 马克思主义传播(42.95)；李达 马克思主义传播 活动(42.89)；李大钊 马克思主义传播 活动(42.5),0911_十月革命_胜利_马克思主义传播.md；0091_改良派_民主革命派_马克思主义传播.md；0910_十月革命_五四运动_马克思主义传播.md；0283_李达_马克思主义传播_活动.md；0278_李大钊_马克思主义传播_活动.md,,辛亥革命后、马克思主义传播、国民党人,马克思主义哲学中国化理论与历史；马列著作在中国的出版；马克思主义哲学在中国传播与发展的百年历史（上）,237；41；126-128,是,先核验原卡片再使用,先查主题页《五四新文化与马克思主义早期传播》，再在 T3/T10 中检索：辛亥革命后|国民党人|马克思主义传播,否
93,马克思主义 初期传播 特点,0093_马克思主义_初期传播_特点.md,3,44.2,理论方法,马克思恩格斯经典文本与哲学关系,理论方法/马克思恩格斯经典文本与哲学关系.md,低,10.0,自动主题组匹配：马克思,马克思主义 学说 初期传播 特点(47.31)；马克思主义哲学 教科书传播 特点(20.94)；五四时期 传播马克思主义哲学 特点(20.29)；早期共产主义者 传播马克思主义 特点(18.33)；新中国成立后 马克思主义哲学发展 特点(15.95),0095_马克思主义_学说_初期传播_特点.md；0097_马克思主义哲学_教科书传播_特点.md；0225_五四时期_传播马克思主义哲学_特点.md；0290_早期共产主义者_传播马克思主义_特点.md；0661_新中国成立后_马克思主义哲学发展_特点.md,,马克思主义、初期传播、特点,马克思主义哲学在中国传播与发展的百年历史（上）；中国马克思主义学术史纲；马克思主义哲学在中国：传播、应用、形态、前景,未识别；49-52；459-461,是,先核验原卡片再使用,先查主题页《马克思恩格斯经典文本与哲学关系》，再在 T3/T10 中检索：马克思主义|初期传播|特点,否
94,马克思主义 前史 非马克思主义者 传播,0094_马克思主义_前史_非马克思主义者_传播.md,3,54.4,理论方法,马克思恩格斯经典文本与哲学关系,理论方法/马克思恩格斯经典文本与哲学关系.md,低,10.0,自动主题组匹配：马克思,马克思主义 中国传播 前史(20.0)；早期共产主义者 传播马克思主义 特点(9.72)；上海 马克思主义者(9.62)；新理学 马克思主义者(8.93)；中国马克思主义 马克思主义者(8.93),0084_马克思主义_中国传播_前史.md；0290_早期共产主义者_传播马克思主义_特点.md；1740_上海_马克思主义者.md；1708_新理学_马克思主义者.md；1788_中国马克思主义_马克思主义者.md,,马克思主义、前史、非马克思主义者、传播,马克思主义哲学中国化与中国哲学的现代转型；马克思主义哲学在中国传播与发展的百年历史（上）；百年中国哲学革命,3；112-114；86-88,是,先核验原卡片再使用,先查主题页《马克思恩格斯经典文本与哲学关系》，再在 T3/T10 中检索：马克思主义|前史|非马克思主义者|传播,否
95,马克思主义 学说 初期传播 特点,0095_马克思主义_学说_初期传播_特点.md,3,57.8,理论方法,马克思恩格斯经典文本与哲学关系,理论方法/马克思恩格斯经典文本与哲学关系.md,低,10.0,自动主题组匹配：马克思,马克思主义 初期传播 特点(47.31)；马克思主义哲学 教科书传播 特点(19.72)；五四时期 传播马克思主义哲学 特点(19.21)；早期共产主义者 传播马克思主义 特点(17.5)；新中国成立后 马克思主义哲学发展 特点(15.43),0093_马克思主义_初期传播_特点.md；0097_马克思主义哲学_教科书传播_特点.md；0225_五四时期_传播马克思主义哲学_特点.md；0290_早期共产主义者_传播马克思主义_特点.md；0661_新中国成立后_马克思主义哲学发展_特点.md,,马克思主义、学说、初期传播、特点,马克思主义哲学在中国传播与发展的百年历史（上）；马克思主义哲学中国化理论与历史；列宁专题文集·论马克思主义,未识别；360；172,是,先核验原卡片再使用,先查主题页《马克思恩格斯经典文本与哲学关系》，再在 T3/T10 中检索：马克思主义|学说|初期传播|特点,否
96,马克思主义哲学 教科书形式 传播,0096_马克思主义哲学_教科书形式_传播.md,3,58.0,苏联哲学,马克思主义哲学教科书体系,苏联哲学/马克思主义哲学教科书体系.md,高,103.0,已列入原主题页重点卡片；命中主题种子词：教科书,马克思主义哲学 教科书传播 特点(50.62)；教科书形态 马克思主义哲学(50.0)；马克思主义哲学 教科书 启示(50.0)；马克思主义哲学 教科书 中国化(49.06)；苏联 教科书形态 马克思主义哲学(48.24),0097_马克思主义哲学_教科书传播_特点.md；0925_教科书形态_马克思主义哲学.md；1815_马克思主义哲学_教科书_启示.md；0928_马克思主义哲学_教科书_中国化.md；0824_苏联_教科书形态_马克思主义哲学.md,,马克思主义哲学、教科书形式、传播,马克思主义哲学在中国传播与发展的百年历史（上）；马克思主义哲学在中国：传播、应用、形态、前景；二十世纪上半叶马克思主义哲学中国化之检视_王玉平,384-386；3；224,是,可按主题页优先检索,先查主题页《马克思主义哲学教科书体系》，再在 T3/T10 中检索：马克思主义哲学|教科书形式|传播,否
97,马克思主义哲学 教科书传播 特点,0097_马克思主义哲学_教科书传播_特点.md,3,36.93,苏联哲学,马克思主义哲学教科书体系,苏联哲学/马克思主义哲学教科书体系.md,高,103.0,已列入原主题页重点卡片；命中主题种子词：教科书,马克思主义哲学 教科书形式 传播(50.62)；马克思主义哲学 教科书 启示(50.0)；马克思主义哲学 教科书 中国化(49.06)；马克思主义哲学 传播特点 经验教训(47.5)；教科书形态 马克思主义哲学(47.5),0096_马克思主义哲学_教科书形式_传播.md；1815_马克思主义哲学_教科书_启示.md；0928_马克思主义哲学_教科书_中国化.md；0056_马克思主义哲学_传播特点_经验教训.md；0925_教科书形态_马克思主义哲学.md,,马克思主义哲学、特点,马克思主义哲学在中国传播与发展的百年历史（上）；马克思主义哲学史教程；马克思主义哲学在中国：传播、应用、形态、前景,384-386；679；14-16,是,可按主题页优先检索,先查主题页《马克思主义哲学教科书体系》，再在 T3/T10 中检索：马克思主义哲学|教科书传播|特点,否
98,教科书体系 马克思主义哲学 中国传播,0098_教科书体系_马克思主义哲学_中国传播.md,3,57.96,苏联哲学,马克思主义哲学教科书体系,苏联哲学/马克思主义哲学教科书体系.md,高,115.0,已列入原主题页重点卡片；命中主题种子词：教科书体系、教科书；主题词重合：教科书体系,马克思主义哲学 中国传播 源头(69.71)；马克思主义哲学 中国传播 百年历史(68.16)；马克思主义哲学 中国传播 历史条件(68.16)；马克思主义哲学 教科书 中国化(47.5)；马克思主义哲学 中国哲学(47.5),0047_马克思主义哲学_中国传播_源头.md；0083_马克思主义哲学_中国传播_百年历史.md；0100_马克思主义哲学_中国传播_历史条件.md；0928_马克思主义哲学_教科书_中国化.md；1823_马克思主义哲学_中国哲学.md,,教科书体系、马克思主义哲学、中国传播,二十世纪上半叶马克思主义哲学中国化之检视_王玉平；马克思主义哲学在中国传播与发展的百年历史（下）；马克思主义哲学中国化的双重逻辑及其意蕴,119；662-664；2,是,可按主题页优先检索,先查主题页《马克思主义哲学教科书体系》，再在 T3/T10 中检索：教科书体系|马克思主义哲学|中国传播,否
99,社会主义社会矛盾 理论 传播,0099_社会主义社会矛盾_理论_传播.md,3,43.2,当代反思,社会主义社会矛盾理论,当代反思/社会主义社会矛盾理论.md,高,123.0,已列入原主题页重点卡片；命中主题种子词：社会主义社会矛盾、矛盾、社会主义；主题词重合：社会主义社会矛盾,社会主义社会 基本矛盾 理论(13.46)；社会主义社会矛盾学说 创立(10.71)；社会主义社会矛盾理论 正确处理人民内部矛盾(10.53)；社会主义社会 两类矛盾 学说(8.33)；社会主义社会 前进动力 矛盾(8.33),1351_社会主义社会_基本矛盾_理论.md；0984_社会主义社会矛盾学说_创立.md；0678_社会主义社会矛盾理论_正确处理人民内部矛盾.md；1353_社会主义社会_两类矛盾_学说.md；1355_社会主义社会_前进动力_矛盾.md,,社会主义社会矛盾、理论、传播,马克思主义哲学史；马克思主义哲学在中国：传播、应用、形态、前景；马克思主义哲学在中国传播与发展的百年历史（上）,104-105；404；118-120,是,可按主题页优先检索,先查主题页《社会主义社会矛盾理论》，再在 T3/T10 中检索：社会主义社会矛盾|理论|传播,否
100,马克思主义哲学 中国传播 历史条件,0100_马克思主义哲学_中国传播_历史条件.md,3,55.57,传播史,马克思主义哲学在中国的传播路径,传播史/马克思主义哲学在中国的传播路径.md,高,112.0,已列入原主题页重点卡片；命中主题种子词：历史条件；主题词重合：历史条件,马克思主义哲学 中国传播 百年历史(71.18)；马克思主义哲学 中国传播 源头(70.62)；教科书体系 马克思主义哲学 中国传播(68.16)；马克思主义哲学 中国哲学(48.33)；马克思主义哲学 中国传统哲学 结合(47.5),0083_马克思主义哲学_中国传播_百年历史.md；0047_马克思主义哲学_中国传播_源头.md；0098_教科书体系_马克思主义哲学_中国传播.md；1823_马克思主义哲学_中国哲学.md；1417_马克思主义哲学_中国传统哲学_结合.md,,马克思主义哲学、中国传播、历史条件,马克思主义哲学中国化理论与历史；冯契文集第七卷中国近代哲学的革命进程；马克思主义哲学史（第六卷,448；284；2,是,可按主题页优先检索,先查主题页《马克思主义哲学在中国的传播路径》，再在 T3/T10 中检索：马克思主义哲学|中国传播|历史条件,否
101,中国近现代 社会矛盾 马克思主义哲学传播,0101_中国近现代_社会矛盾_马克思主义哲学传播.md,3,28.58,传播史,马克思主义哲学在中国的传播路径,传播史/马克思主义哲学在中国的传播路径.md,高,114.0,已列入原主题页重点卡片；命中主题种子词：马克思主义哲学传播；主题词重合：马克思主义哲学传播,新中国初期 马克思主义哲学传播 新形式(49.38)；西学东渐 马克思主义哲学传播 环境(48.7)；中国近代哲学 社会矛盾 政治思想斗争(25.77)；半殖民地半封建 社会矛盾 哲学(24.0)；马克思主义哲学 传播 苏联(10.53),0649_新中国初期_马克思主义哲学传播_新形式.md；0058_西学东渐_马克思主义哲学传播_环境.md；1499_中国近代哲学_社会矛盾_政治思想斗争.md；1500_半殖民地半封建_社会矛盾_哲学.md；0785_马克思主义哲学_传播_苏联.md,,中国近现代、社会矛盾、马克思主义哲学传播,马克思主义哲学史（第六卷；马克思主义中国化研究的历史、现状与方法论_郭建宁；“新哲学”大众化运动研究,2-5；6；210,是,可按主题页优先检索,先查主题页《马克思主义哲学在中国的传播路径》，再在 T3/T10 中检索：中国近现代|社会矛盾|马克思主义哲学传播,否
102,中国共产党人 传播马克思主义 活动,0102_中国共产党人_传播马克思主义_活动.md,3,45.48,理论方法,马克思恩格斯经典文本与哲学关系,理论方法/马克思恩格斯经典文本与哲学关系.md,低,10.0,自动主题组匹配：马克思,传播马克思主义 社团 五四(43.33)；早期共产主义者 传播马克思主义 特点(43.33)；创办学校 传播马克思主义 培养人才(41.82)；中国共产党人 马克思主义者 身份 文化问题(40.23)；中国共产党人 新民主主义 确立(37.5),0145_传播马克思主义_社团_五四.md；0290_早期共产主义者_传播马克思主义_特点.md；0103_创办学校_传播马克思主义_培养人才.md；1245_中国共产党人_马克思主义者_身份_文化问题.md；1803_中国共产党人_新民主主义_确立.md,,中国共产党人、传播马克思主义、活动,马克思主义哲学史（第六卷；马列著作在中国的出版；马克思主义中国化的历史进程和基本经验研究_石仲泉,124；16；4,是,先核验原卡片再使用,先查主题页《马克思恩格斯经典文本与哲学关系》，再在 T3/T10 中检索：中国共产党人|传播马克思主义|活动,否
103,创办学校 传播马克思主义 培养人才,0103_创办学校_传播马克思主义_培养人才.md,3,34.6,理论方法,马克思恩格斯经典文本与哲学关系,理论方法/马克思恩格斯经典文本与哲学关系.md,低,10.0,自动主题组匹配：马克思,传播马克思主义 社团 五四(43.33)；中国共产党人 传播马克思主义 活动(41.82)；早期共产主义者 传播马克思主义 特点(41.82)；传播马克思主义哲学 运动 兴起(7.5)；五四时期 传播马克思主义哲学 特点(6.82),0145_传播马克思主义_社团_五四.md；0102_中国共产党人_传播马克思主义_活动.md；0290_早期共产主义者_传播马克思主义_特点.md；0113_传播马克思主义哲学_运动_兴起.md；0225_五四时期_传播马克思主义哲学_特点.md,,创办学校、传播马克思主义、培养人才,马克思主义哲学史（第六卷；马克思主义哲学中国化理论与历史；马克思主义哲学在中国的传播与马克思主义哲学中国化,129-132；235；5,是,先核验原卡片再使用,先查主题页《马克思恩格斯经典文本与哲学关系》，再在 T3/T10 中检索：创办学校|传播马克思主义|培养人才,否
104,马克思主义哲学 经典著作 翻译出版,0104_马克思主义哲学_经典著作_翻译出版.md,3,55.55,理论方法,马克思恩格斯经典文本与哲学关系,理论方法/马克思恩格斯经典文本与哲学关系.md,低,10.0,自动主题组匹配：马克思,马克思主义哲学 中国哲学(43.82)；国统区 翻译介绍 马克思主义哲学(43.75)；李达 马克思主义哲学 研究(43.33)；李达 马克思主义哲学 泰斗(43.33)；马克思主义哲学 传播 苏联(43.33),1823_马克思主义哲学_中国哲学.md；0067_国统区_翻译介绍_马克思主义哲学.md；0267_李达_马克思主义哲学_研究.md；0355_李达_马克思主义哲学_泰斗.md；0785_马克思主义哲学_传播_苏联.md,,马克思主义哲学、经典著作、翻译出版,马克思主义哲学史（第六卷；延安时期知识分子群体与马克思主义哲学大众化郭 - 2015 -；马克思主义哲学在中国：传播、应用、形态、前景,244-245；90；194,是,先核验原卡片再使用,先查主题页《马克思恩格斯经典文本与哲学关系》，再在 T3/T10 中检索：马克思主义哲学|经典著作|翻译出版,否
105,国外马克思主义哲学 著作 翻译介绍,0105_国外马克思主义哲学_著作_翻译介绍.md,3,40.98,国外马克思主义,西方马克思主义与国外马克思主义哲学,国外马克思主义/西方马克思主义与国外马克思主义哲学.md,低,13.0,自动主题组匹配：国外马克思主义,国统区 翻译介绍 马克思主义哲学(32.5)；马克思主义哲学 经典著作 翻译出版(11.84)；马克思主义哲学 中国哲学(8.82)；五四时期 马克思主义著作 翻译 出版(8.33)；李达 马克思主义哲学 研究(8.33),0067_国统区_翻译介绍_马克思主义哲学.md；0104_马克思主义哲学_经典著作_翻译出版.md；1823_马克思主义哲学_中国哲学.md；0144_五四时期_马克思主义著作_翻译_出版.md；0267_李达_马克思主义哲学_研究.md,,国外马克思主义哲学、著作、翻译介绍,马克思主义哲学在中国：传播、应用、形态、前景；从唯物辩证法论战到马克思主义哲学大众化——对艾思奇《大众哲学》的解读_李维武；马克思主义哲学在中国的传播与马克思主义哲学中国化,177-178；2,是,先核验原卡片再使用,先查主题页《西方马克思主义与国外马克思主义哲学》，再在 T3/T10 中检索：国外马克思主义哲学|著作|翻译介绍,否
106,马克思主义 广泛传播 三十年代,0106_马克思主义_广泛传播_三十年代.md,3,54.19,苏联哲学,30年代苏联哲学批判运动,苏联哲学/30年代苏联哲学批判运动.md,高,100.0,已列入原主题页重点卡片,马克思主义 广泛传播 国际国内条件(31.11)；三十年代 理论战线 三次论战(23.95)；三十年代 上海 左翼文化工作(23.75)；三十年代 哲学思想理论战线 论争(23.41)；马克思主义 欧洲传播 德国(7.35),0111_马克思主义_广泛传播_国际国内条件.md；1425_三十年代_理论战线_三次论战.md；1483_三十年代_上海_左翼文化工作.md；1302_三十年代_哲学思想理论战线_论争.md；0070_马克思主义_欧洲传播_德国.md,,马克思主义、广泛传播、三十年代,马克思主义哲学中国化的历史进程；延安时期知识分子群体与马克思主义哲学大众化郭 - 2015 -；“新哲学”大众化运动研究,5；153；86,是,可按主题页优先检索,先查主题页《30年代苏联哲学批判运动》，再在 T3/T10 中检索：马克思主义|广泛传播|三十年代,否
107,欧洲文化 破产 科学责任,0107_欧洲文化_破产_科学责任.md,1,32.33,理论方法,自然科学哲学与科学方法,理论方法/自然科学哲学与科学方法.md,低,10.0,自动主题组匹配：科学,物质文明 破产 人生观(11.56)；西方资本主义 方案 破产(11.47),0197_物质文明_破产_人生观.md；1111_西方资本主义_方案_破产.md,,欧洲文化、破产,科学与人生观,54-57,是,先核验原卡片再使用,先查主题页《自然科学哲学与科学方法》，再在 T3/T10 中检索：欧洲文化|破产|科学责任,否
108,马克思主义哲学 传播 普及 运用 中国化,0108_马克思主义哲学_传播_普及_运用_中国化.md,3,65.8,传播史,马克思主义哲学在中国的传播路径,传播史/马克思主义哲学在中国的传播路径.md,高,100.0,已列入原主题页重点卡片,李达 马克思主义哲学 中国化(61.11)；马克思主义哲学 中国化 历程(61.11)；马克思主义哲学 中国化 定义(61.11)；毛泽东 马克思主义哲学 中国化(60.53)；马克思主义哲学 教科书 中国化(60.53),0301_李达_马克思主义哲学_中国化.md；1413_马克思主义哲学_中国化_历程.md；1414_马克思主义哲学_中国化_定义.md；0615_毛泽东_马克思主义哲学_中国化.md；0928_马克思主义哲学_教科书_中国化.md,,马克思主义哲学、传播、普及、运用、中国化,马克思主义哲学的中国化及其历程；马克思主义哲学在中国：传播、应用、形态、前景；马克思主义哲学中国化与中国哲学的现代转型,19-21；47；115-117,是,可按主题页优先检索,先查主题页《马克思主义哲学在中国的传播路径》，再在 T3/T10 中检索：马克思主义哲学|传播|普及|运用|中国化,否
109,李提摩太 万国公报 马克思,0109_李提摩太_万国公报_马克思.md,3,52.19,理论方法,马克思恩格斯经典文本与哲学关系,理论方法/马克思恩格斯经典文本与哲学关系.md,低,10.0,自动主题组匹配：马克思,李提摩太 万国公报 马克思 恩格斯(74.23)；马克思 汉语译名 万国公报(43.33)；民报 马克思 共产党宣言(19.69)；马克思 列宁(19.17)；中国文化 马克思(18.57),0086_李提摩太_万国公报_马克思_恩格斯.md；0085_马克思_汉语译名_万国公报.md；1190_民报_马克思_共产党宣言.md；1843_马克思_列宁.md；1736_中国文化_马克思.md,,李提摩太、万国公报、马克思,马克思主义哲学在中国传播与发展的百年历史（上）；马克思主义哲学中国化理论与历史；马克思主义在中国早期传播若干问题的辨析_田子渝,118；152；3,是,先核验原卡片再使用,先查主题页《马克思恩格斯经典文本与哲学关系》，再在 T3/T10 中检索：李提摩太|万国公报|马克思,否
110,马君武 社会主义 进化论,0110_马君武_社会主义_进化论.md,3,47.02,传播史,早期马克思主义传播主体与传播载体,传播史/早期马克思主义传播主体与传播载体.md,低,12.0,二级自动主题组匹配：马君武,马君武 社会主义 进化论 马克思(68.75)；俄国 社会主义(26.82)；德国 社会主义(26.82)；法国 社会主义(26.82)；社会主义 列宁(26.82),0089_马君武_社会主义_进化论_马克思.md；1758_俄国_社会主义.md；1772_德国_社会主义.md；1817_法国_社会主义.md；1840_社会主义_列宁.md,,马君武、社会主义、进化论,二十世纪上半叶马克思主义哲学中国化之检视_王玉平；马克思主义哲学在中国传播与发展的百年历史（上）；马克思主义哲学的中国化及其历程,41；122；3-5,是,先核验原卡片再使用,先查主题页《早期马克思主义传播主体与传播载体》，再在 T3/T10 中检索：马君武|社会主义|进化论,否
111,马克思主义 广泛传播 国际国内条件,0111_马克思主义_广泛传播_国际国内条件.md,3,45.4,理论方法,马克思恩格斯经典文本与哲学关系,理论方法/马克思恩格斯经典文本与哲学关系.md,低,10.0,自动主题组匹配：马克思,马克思主义 广泛传播 三十年代(31.11)；马克思主义 传入中国 国际条件(7.5)；共产国际 中国 马克思主义传播 指导(6.82)；马克思主义哲学 中国传播 历史条件(6.82)；马克思主义 欧洲传播 德国(6.58),0106_马克思主义_广泛传播_三十年代.md；0081_马克思主义_传入中国_国际条件.md；0069_共产国际_中国_马克思主义传播_指导.md；0100_马克思主义哲学_中国传播_历史条件.md；0070_马克思主义_欧洲传播_德国.md,,马克思主义、广泛传播、国际国内条件,马克思主义哲学的中国化及其历程；当代中国马克思主义哲学大众化的基本原则与推进路径_尚庆飞；二十世纪上半叶马克思主义哲学中国化之检视_王玉平,7；2；116,是,先核验原卡片再使用,先查主题页《马克思恩格斯经典文本与哲学关系》，再在 T3/T10 中检索：马克思主义|广泛传播|国际国内条件,否
112,中西文化 汇合 马克思主义传播,0112_中西文化_汇合_马克思主义传播.md,3,41.67,传播史,五四新文化与马克思主义早期传播,传播史/五四新文化与马克思主义早期传播.md,低,14.0,自动主题组匹配：马克思主义传播,李达 马克思主义传播 活动(44.38)；李大钊 马克思主义传播 活动(43.82)；陈独秀 马克思主义传播 活动(43.82)；李汉俊 马克思主义传播 活动(43.82)；杨匏安 马克思主义传播 活动(43.82),0283_李达_马克思主义传播_活动.md；0278_李大钊_马克思主义传播_活动.md；0281_陈独秀_马克思主义传播_活动.md；0285_李汉俊_马克思主义传播_活动.md；0286_杨匏安_马克思主义传播_活动.md,,中西文化、马克思主义传播、汇合,中国文化与马克思主义；马克思主义哲学的中国化及其历程；冯契文集第七卷中国近代哲学的革命进程,25；15-17；620,是,先核验原卡片再使用,先查主题页《五四新文化与马克思主义早期传播》，再在 T3/T10 中检索：中西文化|汇合|马克思主义传播,否
113,传播马克思主义哲学 运动 兴起,0113_传播马克思主义哲学_运动_兴起.md,3,44.4,传播史,马克思主义哲学在中国的传播路径,传播史/马克思主义哲学在中国的传播路径.md,高,100.0,已列入原主题页重点卡片,五四时期 传播马克思主义哲学 特点(51.11)；启蒙运动 资本主义 兴起(14.17)；五四运动 社会主义新价值观 兴起(13.41)；马克思主义哲学 传播 苏联(11.67)；儒学 衰落 西学 兴起(11.39),0225_五四时期_传播马克思主义哲学_特点.md；0154_启蒙运动_资本主义_兴起.md；0134_五四运动_社会主义新价值观_兴起.md；0785_马克思主义哲学_传播_苏联.md；0684_儒学_衰落_西学_兴起.md,,传播马克思主义哲学、运动、兴起,马克思主义哲学的中国化及其历程；“新哲学”大众化运动研究；近代中国启蒙运动史,27-29；210；85-91,是,可按主题页优先检索,先查主题页《马克思主义哲学在中国的传播路径》，再在 T3/T10 中检索：传播马克思主义哲学|运动|兴起,否
114,周恩来 唯物史观 传播 应用,0114_周恩来_唯物史观_传播_应用.md,3,56.6,理论方法,唯物史观在中国的传播与应用,理论方法/唯物史观在中国的传播与应用.md,高,118.0,已列入原主题页重点卡片；命中主题种子词：唯物史观；主题词重合：唯物史观；主题域增强：唯物史观,李达 唯物史观 传播 应用(44.58)；恽代英 唯物史观 传播 应用(43.46)；李大钊 唯物史观 传播 应用(43.46)；陈独秀 唯物史观 传播 应用(43.46)；蔡和森 唯物史观 传播 应用(43.46),0332_李达_唯物史观_传播_应用.md；0115_恽代英_唯物史观_传播_应用.md；0330_李大钊_唯物史观_传播_应用.md；0331_陈独秀_唯物史观_传播_应用.md；0333_蔡和森_唯物史观_传播_应用.md,,周恩来、唯物史观、传播、应用,马克思主义哲学在中国：传播、应用、形态、前景；马克思主义哲学的中国化及其历程；马克思主义哲学在中国的传播与马克思主义哲学中国化,76-78；66-69；7,是,可按主题页优先检索,先查主题页《唯物史观在中国的传播与应用》，再在 T3/T10 中检索：周恩来|唯物史观|传播|应用,否
115,恽代英 唯物史观 传播 应用,0115_恽代英_唯物史观_传播_应用.md,3,52.0,理论方法,唯物史观在中国的传播与应用,理论方法/唯物史观在中国的传播与应用.md,高,118.0,已列入原主题页重点卡片；命中主题种子词：唯物史观；主题词重合：唯物史观；主题域增强：唯物史观,李达 唯物史观 传播 应用(44.58)；周恩来 唯物史观 传播 应用(43.46)；李大钊 唯物史观 传播 应用(43.46)；陈独秀 唯物史观 传播 应用(43.46)；蔡和森 唯物史观 传播 应用(43.46),0332_李达_唯物史观_传播_应用.md；0114_周恩来_唯物史观_传播_应用.md；0330_李大钊_唯物史观_传播_应用.md；0331_陈独秀_唯物史观_传播_应用.md；0333_蔡和森_唯物史观_传播_应用.md,,唯物史观、传播、应用、恽代英,马克思主义哲学在中国：传播、应用、形态、前景；马克思主义哲学的中国化及其历程；“新哲学”大众化运动研究,76-78；83-86；98,是,可按主题页优先检索,先查主题页《唯物史观在中国的传播与应用》，再在 T3/T10 中检索：恽代英|唯物史观|传播|应用,否
116,鲁迅 唯物史观 传播 运用,0116_鲁迅_唯物史观_传播_运用.md,3,53.2,理论方法,唯物史观在中国的传播与应用,理论方法/唯物史观在中国的传播与应用.md,高,118.0,已列入原主题页重点卡片；命中主题种子词：唯物史观；主题词重合：唯物史观；主题域增强：唯物史观,唯物史观 传播热潮(31.36)；唯物史观 传播热潮 特点(29.62)；唯物史观 传播 局限 不足(29.62)；李达 唯物史观 传播 应用(29.62)；周恩来 唯物史观 传播 应用(28.93),0064_唯物史观_传播热潮.md；0065_唯物史观_传播热潮_特点.md；0066_唯物史观_传播_局限_不足.md；0332_李达_唯物史观_传播_应用.md；0114_周恩来_唯物史观_传播_应用.md,,鲁迅、唯物史观、传播、运用,马克思主义哲学的中国化及其历程；马克思主义哲学在中国：传播、应用、形态、前景；百年中国哲学革命,125；74-75；129-130,是,可按主题页优先检索,先查主题页《唯物史观在中国的传播与应用》，再在 T3/T10 中检索：鲁迅|唯物史观|传播|运用,否
117,五四 新思潮 重新评估价值,0117_五四_新思潮_重新评估价值.md,3,36.87,传播史,五四新文化与马克思主义早期传播,传播史/五四新文化与马克思主义早期传播.md,中,20.0,自动主题组匹配：五四、新思潮,五四时期 新思潮 马克思主义传播(18.75)；五四 扬弃 继承(11.79)；革命问题 哲学思考 五四(11.39)；阶级问题 哲学思考 五四(11.39)；国家问题 哲学思考 五四(11.39),0128_五四时期_新思潮_马克思主义传播.md；1836_五四_扬弃_继承.md；0139_革命问题_哲学思考_五四.md；0140_阶级问题_哲学思考_五四.md；0141_国家问题_哲学思考_五四.md,,五四、新思潮,马克思主义中国化史；继承五四和扬弃五四；艾思奇全书（第2卷）,未识别；30；818-820,是,可按主题页优先检索,先查主题页《五四新文化与马克思主义早期传播》，再在 T3/T10 中检索：五四|新思潮|重新评估价值,否
118,新文化运动 五四运动 学术史,0118_新文化运动_五四运动_学术史.md,3,40.1,传播史,五四时期马克思主义传播,传播史/五四时期马克思主义传播.md,高,123.0,已列入原主题页重点卡片；命中主题种子词：五四、新文化运动；主题词重合：新文化运动；主题域增强：五四、新文化,五四新文化 新文化运动(35.42)；五四以前 新文化运动 意义 局限(32.35)；新文化运动 价值观 变革(31.67)；新文化运动 不谈政治 到 谈政治(31.25)；新文化运动 中国思想界 启蒙(30.88),1783_五四新文化_新文化运动.md；0127_五四以前_新文化运动_意义_局限.md；0133_新文化运动_价值观_变革.md；0137_新文化运动_不谈政治_到_谈政治.md；0125_新文化运动_中国思想界_启蒙.md,,新文化运动、五四运动,胡绳全书.第7卷；马克思主义哲学中国化与中国哲学的现代转型；马列著作在中国的出版,56-58；255-257；160,是,可按主题页优先检索,先查主题页《五四时期马克思主义传播》，再在 T3/T10 中检索：新文化运动|五四运动|学术史,否
119,问题与主义 论战 学术史,0119_问题与主义_论战_学术史.md,3,47.6,论战与思想运动,问题与主义之争,论战与思想运动/问题与主义之争.md,高,115.0,已列入原主题页重点卡片；命中主题种子词：问题与主义、主义；主题词重合：问题与主义,问题与主义 马克思主义 论战(46.54)；问题与主义 之争(34.09)；问题与主义 论争 哲学意义(33.93)；问题与主义 关系 论争(32.69)；唯物辩证法论战 学术史(22.14),0120_问题与主义_马克思主义_论战.md；0129_问题与主义_之争.md；0146_问题与主义_论争_哲学意义.md；0147_问题与主义_关系_论争.md；0919_唯物辩证法论战_学术史.md,,问题与主义、论战、学术史,中国马克思主义学术史纲；马克思主义哲学史教程；马克思主义哲学中国化与中国哲学的现代转型,39-42；832；290-291,是,可按主题页优先检索,先查主题页《问题与主义之争》，再在 T3/T10 中检索：问题与主义|论战|学术史,否
120,问题与主义 马克思主义 论战,0120_问题与主义_马克思主义_论战.md,3,54.48,论战与思想运动,问题与主义之争,论战与思想运动/问题与主义之争.md,高,115.0,已列入原主题页重点卡片；命中主题种子词：问题与主义、主义；主题词重合：问题与主义,问题与主义 论战 学术史(46.54)；问题与主义 之争(33.33)；问题与主义 论争 哲学意义(33.33)；问题与主义 关系 论争(32.14)；科学与人生观 论战 马克思主义(17.35),0119_问题与主义_论战_学术史.md；0129_问题与主义_之争.md；0146_问题与主义_论争_哲学意义.md；0147_问题与主义_关系_论争.md；0121_科学与人生观_论战_马克思主义.md,,问题与主义、马克思主义、论战,马克思主义中国化探论；马克思主义哲学中国化理论与历史；中国文化与马克思主义,207；131；319,是,可按主题页优先检索,先查主题页《问题与主义之争》，再在 T3/T10 中检索：问题与主义|马克思主义|论战,否
121,科学与人生观 论战 马克思主义,0121_科学与人生观_论战_马克思主义.md,3,55.3,论战与思想运动,科学与人生观论战,论战与思想运动/科学与人生观论战.md,高,129.0,已列入原主题页重点卡片；命中主题种子词：科学与人生观、人生观、科学、论战；主题词重合：科学与人生观、论战,科学与人生观 论战 马克思主义批判(61.43)；科学与人生观 论战(54.58)；科学与人生观 论战 性质(52.5)；科学与人生观 张君劢 丁文江(36.94)；中国社会史 论战 马克思主义哲学(17.89),0148_科学与人生观_论战_马克思主义批判.md；0185_科学与人生观_论战.md；0242_科学与人生观_论战_性质.md；1696_科学与人生观_张君劢_丁文江.md；0228_中国社会史_论战_马克思主义哲学.md,,科学与人生观、论战、马克思主义,马克思主义哲学的中国化及其历程；马克思主义中国化的起源语境；中国文化与马克思主义,19-21；21；233,是,可按主题页优先检索,先查主题页《科学与人生观论战》，再在 T3/T10 中检索：科学与人生观|论战|马克思主义,否
122,日本 马克思主义哲学 启蒙老师,0122_日本_马克思主义哲学_启蒙老师.md,3,46.2,理论方法,马克思恩格斯经典文本与哲学关系,理论方法/马克思恩格斯经典文本与哲学关系.md,低,10.0,自动主题组匹配：马克思,日本 第一渠道 马克思主义哲学(55.29)；日本 中转 马克思主义哲学 中国(55.29)；马克思主义哲学 日本 欧洲 苏联 三个方向(53.33)；马克思主义哲学 中国哲学(45.0)；马克思主义哲学 从日本传入 中国(44.72),0061_日本_第一渠道_马克思主义哲学.md；0078_日本_中转_马克思主义哲学_中国.md；0822_马克思主义哲学_日本_欧洲_苏联_三个方向.md；1823_马克思主义哲学_中国哲学.md；0048_马克思主义哲学_从日本传入_中国.md,,日本、马克思主义哲学、启蒙老师,马克思主义哲学在中国：传播、应用、形态、前景；马克思主义哲学在中国传播与发展的百年历史（上）；二十世纪上半叶马克思主义哲学中国化之检视_王玉平,未识别；396；150,是,先核验原卡片再使用,先查主题页《马克思恩格斯经典文本与哲学关系》，再在 T3/T10 中检索：日本|马克思主义哲学|启蒙老师,否
123,五四运动 社会主义思想 传播,0123_五四运动_社会主义思想_传播.md,3,51.68,传播史,五四时期马克思主义传播,传播史/五四时期马克思主义传播.md,高,107.0,已列入原主题页重点卡片；命中主题种子词：五四；主题域增强：五四,五四运动 社会主义新价值观 兴起(30.29)；五四运动 新哲学 社会主义新价值观(27.89)；十月革命 五四运动 马克思主义传播(26.25)；五四运动 布尔乔亚 思想代表(25.56)；五四运动 新民主主义革命 开端(25.26),0134_五四运动_社会主义新价值观_兴起.md；0368_五四运动_新哲学_社会主义新价值观.md；0910_十月革命_五四运动_马克思主义传播.md；0229_五四运动_布尔乔亚_思想代表.md；0504_五四运动_新民主主义革命_开端.md,,五四运动、社会主义思想、传播,马列著作在中国的出版；马克思主义哲学史（第六卷；马克思主义哲学在中国传播与发展的百年历史（上）,463；29；140-142,是,可按主题页优先检索,先查主题页《五四时期马克思主义传播》，再在 T3/T10 中检索：五四运动|社会主义思想|传播,否
124,五四前夕 中国思想界 变动,0124_五四前夕_中国思想界_变动.md,3,37.19,传播史,五四新文化与马克思主义早期传播,传播史/五四新文化与马克思主义早期传播.md,低,10.0,自动主题组匹配：五四,新文化运动 中国思想界 启蒙(30.88)；近五十年 中国思想 变动(16.67)；物质 变动 发展(11.79)；现阶段 中国思想 意见(5.0),0125_新文化运动_中国思想界_启蒙.md；1385_近五十年_中国思想_变动.md；1458_物质_变动_发展.md；1443_现阶段_中国思想_意见.md,,中国思想界、变动,张申府与中国现代哲学；中国现代思想史论；马克思主义中国化史,5；62；未识别,是,先核验原卡片再使用,先查主题页《五四新文化与马克思主义早期传播》，再在 T3/T10 中检索：五四前夕|中国思想界|变动,否
125,新文化运动 中国思想界 启蒙,0125_新文化运动_中国思想界_启蒙.md,3,50.6,传播史,五四新文化与马克思主义早期传播,传播史/五四新文化与马克思主义早期传播.md,低,16.0,自动主题组匹配：新文化,五四新文化 新文化运动(32.14)；新文化运动 价值观 变革(31.25)；新文化运动 五四运动 学术史(30.88)；五四前夕 中国思想界 变动(30.88)；新文化运动 不谈政治 到 谈政治(30.88),1783_五四新文化_新文化运动.md；0133_新文化运动_价值观_变革.md；0118_新文化运动_五四运动_学术史.md；0124_五四前夕_中国思想界_变动.md；0137_新文化运动_不谈政治_到_谈政治.md,,新文化运动、中国思想界、启蒙,马克思主义中国化的起源语境；延安时期知识分子群体与马克思主义哲学大众化郭 - 2015 -；近代中国启蒙运动史,143；91；155-160,是,先核验原卡片再使用,先查主题页《五四新文化与马克思主义早期传播》，再在 T3/T10 中检索：新文化运动|中国思想界|启蒙,否
126,新文化运动 基本口号 主要内容,0126_新文化运动_基本口号_主要内容.md,3,41.4,理论方法,哲学基本范畴与辩证法原理,理论方法/哲学基本范畴与辩证法原理.md,低,16.0,自动主题组匹配：内容,五四新文化 新文化运动(31.67)；新文化运动 价值观 变革(30.88)；新文化运动 五四运动 学术史(30.56)；新文化运动 不谈政治 到 谈政治(30.56)；新文化运动 中国思想界 启蒙(30.26),1783_五四新文化_新文化运动.md；0133_新文化运动_价值观_变革.md；0118_新文化运动_五四运动_学术史.md；0137_新文化运动_不谈政治_到_谈政治.md；0125_新文化运动_中国思想界_启蒙.md,,新文化运动、基本口号、主要内容,马克思主义中国化史；马克思主义中国化的起源语境；冯契文集第七卷中国近代哲学的革命进程,未识别；66；636,是,先核验原卡片再使用,先查主题页《哲学基本范畴与辩证法原理》，再在 T3/T10 中检索：新文化运动|基本口号|主要内容,否
127,五四以前 新文化运动 意义 局限,0127_五四以前_新文化运动_意义_局限.md,3,40.99,传播史,五四时期马克思主义传播,传播史/五四时期马克思主义传播.md,高,123.0,已列入原主题页重点卡片；命中主题种子词：五四、新文化运动；主题词重合：新文化运动；主题域增强：五四、新文化,五四新文化 新文化运动(33.93)；新文化运动 五四运动 学术史(32.35)；新文化运动 价值观 变革(30.88)；新文化运动 不谈政治 到 谈政治(30.56)；新文化运动 中国思想界 启蒙(30.26),1783_五四新文化_新文化运动.md；0118_新文化运动_五四运动_学术史.md；0133_新文化运动_价值观_变革.md；0137_新文化运动_不谈政治_到_谈政治.md；0125_新文化运动_中国思想界_启蒙.md,,新文化运动、意义、局限,马克思主义中国化史；继承五四和扬弃五四；冯契文集第七卷中国近代哲学的革命进程,未识别；49；464,是,可按主题页优先检索,先查主题页《五四时期马克思主义传播》，再在 T3/T10 中检索：五四以前|新文化运动|意义|局限,否
128,五四时期 新思潮 马克思主义传播,0128_五四时期_新思潮_马克思主义传播.md,3,41.01,传播史,五四时期马克思主义传播,传播史/五四时期马克思主义传播.md,中,37.0,命中主题种子词：五四、马克思主义传播、五四时期；主题词重合：五四时期、马克思主义传播；主题域增强：五四、新思潮,李达 马克思主义传播 活动(43.82)；十月革命 五四运动 马克思主义传播(43.75)；李大钊 马克思主义传播 活动(43.33)；陈独秀 马克思主义传播 活动(43.33)；李汉俊 马克思主义传播 活动(43.33),0283_李达_马克思主义传播_活动.md；0910_十月革命_五四运动_马克思主义传播.md；0278_李大钊_马克思主义传播_活动.md；0281_陈独秀_马克思主义传播_活动.md；0285_李汉俊_马克思主义传播_活动.md,,五四时期、马克思主义传播、新思潮,马列著作在中国的出版；国家主义与20世纪20年代的文化、政治；冯契文集第七卷中国近代哲学的革命进程,159；141；285,是,可按主题页优先检索,先查主题页《五四时期马克思主义传播》，再在 T3/T10 中检索：五四时期|新思潮|马克思主义传播,否
129,问题与主义 之争,0129_问题与主义_之争.md,3,45.21,论战与思想运动,问题与主义之争,论战与思想运动/问题与主义之争.md,高,115.0,已列入原主题页重点卡片；命中主题种子词：问题与主义、主义；主题词重合：问题与主义,问题与主义 关系 论争(35.0)；问题与主义 论战 学术史(34.09)；问题与主义 马克思主义 论战(33.33)；问题与主义 论争 哲学意义(33.33)；问题与主义之争 谈政治(16.67),0147_问题与主义_关系_论争.md；0119_问题与主义_论战_学术史.md；0120_问题与主义_马克思主义_论战.md；0146_问题与主义_论争_哲学意义.md；0138_问题与主义之争_谈政治.md,,问题与主义、之争,中国马克思主义学术史纲；20世纪40年代自由知识分子对社会主义的解读——以《观察》周刊为中心_郑瑞峰；中国文化与马克思主义,39-42；1；234,是,可按主题页优先检索,先查主题页《问题与主义之争》，再在 T3/T10 中检索：问题与主义|之争,否
130,梁启超 马克思 社会主义 介绍,0130_梁启超_马克思_社会主义_介绍.md,3,61.6,理论方法,马克思恩格斯经典文本与哲学关系,理论方法/马克思恩格斯经典文本与哲学关系.md,低,12.0,自动主题组匹配：马克思,梁启超 马克思 社会主义(70.45)；大同学 马克思 社会主义(45.71)；社会主义 神髓 马克思(43.93)；马君武 社会主义 进化论 马克思(41.94)；梁启超 中国之社会主义 马克思(40.94),0223_梁启超_马克思_社会主义.md；1188_大同学_马克思_社会主义.md；1421_社会主义_神髓_马克思.md；0089_马君武_社会主义_进化论_马克思.md；0131_梁启超_中国之社会主义_马克思.md,,梁启超、马克思、社会主义、介绍,马克思主义哲学史（第六卷；中国马克思主义学术史纲；马克思主义哲学的中国化及其历程,20-23；14-16；3-5,是,先核验原卡片再使用,先查主题页《马克思恩格斯经典文本与哲学关系》，再在 T3/T10 中检索：梁启超|马克思|社会主义|介绍,否
131,梁启超 中国之社会主义 马克思,0131_梁启超_中国之社会主义_马克思.md,3,46.2,理论方法,马克思恩格斯经典文本与哲学关系,理论方法/马克思恩格斯经典文本与哲学关系.md,低,10.0,自动主题组匹配：马克思,梁启超 马克思 社会主义(42.5)；梁启超 马克思 社会主义 介绍(40.94)；社会主义神髓 马克思 中国(24.38)；近世社会主义 马克思 学说(24.38)；社会主义 神髓 马克思(23.33),0223_梁启超_马克思_社会主义.md；0130_梁启超_马克思_社会主义_介绍.md；0088_社会主义神髓_马克思_中国.md；1189_近世社会主义_马克思_学说.md；1421_社会主义_神髓_马克思.md,,梁启超、中国之社会主义、马克思,马克思主义哲学在中国传播与发展的百年历史（上）；中国马克思主义学术史纲；马克思主义哲学史（第六卷,118-120；14-16；20-23,是,先核验原卡片再使用,先查主题页《马克思恩格斯经典文本与哲学关系》，再在 T3/T10 中检索：梁启超|中国之社会主义|马克思,否
132,陈唯实 通俗辩证法讲话 科学人生观,0132_陈唯实_通俗辩证法讲话_科学人生观.md,3,41.48,新哲学大众化,陈唯实与通俗唯物论讲话,新哲学大众化/陈唯实与通俗唯物论讲话.md,高,109.0,已列入原主题页重点卡片；命中主题种子词：陈唯实；主题词重合：陈唯实,科学人生观 玄学人生观 批判(30.56)；人生观 新哲学 科学人生观(30.56)；陈唯实 通俗唯物论讲话 哲学到大众去(20.21)；陈唯实 马克思主义哲学 通俗宣传(18.12)；陈唯实 新哲学体系讲话 大众生活(18.12),0233_科学人生观_玄学人生观_批判.md；0392_人生观_新哲学_科学人生观.md；0295_陈唯实_通俗唯物论讲话_哲学到大众去.md；0294_陈唯实_马克思主义哲学_通俗宣传.md；0365_陈唯实_新哲学体系讲话_大众生活.md,,陈唯实、通俗辩证法讲话,马克思主义哲学中国化的历史进程；中国知识界关于“马克思主义中国化”的论争——以20世纪30-40年代为中心_张安；“新哲学”大众化运动研究,7；11；268,是,可按主题页优先检索,先查主题页《陈唯实与通俗唯物论讲话》，再在 T3/T10 中检索：陈唯实|通俗辩证法讲话|科学人生观,否
133,新文化运动 价值观 变革,0133_新文化运动_价值观_变革.md,3,46.61,传播史,五四新文化与马克思主义早期传播,传播史/五四新文化与马克思主义早期传播.md,低,16.0,自动主题组匹配：新文化,五四新文化 新文化运动(33.33)；新文化运动 五四运动 学术史(31.67)；新文化运动 不谈政治 到 谈政治(31.67)；新文化运动 中国思想界 启蒙(31.25)；新文化运动 基本口号 主要内容(30.88),1783_五四新文化_新文化运动.md；0118_新文化运动_五四运动_学术史.md；0137_新文化运动_不谈政治_到_谈政治.md；0125_新文化运动_中国思想界_启蒙.md；0126_新文化运动_基本口号_主要内容.md,,新文化运动、价值观、变革,马克思主义哲学中国化与中国哲学的现代转型；继承五四和扬弃五四；马克思主义哲学史教程,220-221；49；794-795,是,先核验原卡片再使用,先查主题页《五四新文化与马克思主义早期传播》，再在 T3/T10 中检索：新文化运动|价值观|变革,否
134,五四运动 社会主义新价值观 兴起,0134_五四运动_社会主义新价值观_兴起.md,3,44.2,传播史,五四新文化与马克思主义早期传播,传播史/五四新文化与马克思主义早期传播.md,低,10.0,自动主题组匹配：五四,五四运动 新哲学 社会主义新价值观(74.71)；社会主义新价值观 救亡 启蒙(50.29)；社会主义新价值观 确立 原因(50.29)；五四运动 社会主义思想 传播(30.29)；五四运动 新民主主义革命 开端(24.76),0368_五四运动_新哲学_社会主义新价值观.md；0135_社会主义新价值观_救亡_启蒙.md；1236_社会主义新价值观_确立_原因.md；0123_五四运动_社会主义思想_传播.md；0504_五四运动_新民主主义革命_开端.md,,五四运动、社会主义新价值观、兴起,马克思主义哲学中国化与中国哲学的现代转型；继承五四和扬弃五四；国家主义与20世纪20年代的文化、政治,220-221；107；28,是,先核验原卡片再使用,先查主题页《五四新文化与马克思主义早期传播》，再在 T3/T10 中检索：五四运动|社会主义新价值观|兴起,否
135,社会主义新价值观 救亡 启蒙,0135_社会主义新价值观_救亡_启蒙.md,3,48.6,传播史,早期马克思主义传播主体与传播载体,传播史/早期马克思主义传播主体与传播载体.md,低,10.0,二级自动主题组匹配：社会主义新价值观,社会主义新价值观 确立 原因(51.67)；五四运动 社会主义新价值观 兴起(50.29)；五四运动 新哲学 社会主义新价值观(49.72)；中国社会史 论战 启蒙(12.94)；中国社会性质 论战 启蒙(12.78),1236_社会主义新价值观_确立_原因.md；0134_五四运动_社会主义新价值观_兴起.md；0368_五四运动_新哲学_社会主义新价值观.md；0171_中国社会史_论战_启蒙.md；0170_中国社会性质_论战_启蒙.md,,社会主义新价值观、救亡、启蒙,马克思主义哲学中国化与中国哲学的现代转型；近代中国启蒙运动史；抗日救亡运动中的文化新声——“新启蒙运动”与中国左翼知识界的文化抗战_王锐,251-253；13；15,是,先核验原卡片再使用,先查主题页《早期马克思主义传播主体与传播载体》，再在 T3/T10 中检索：社会主义新价值观|救亡|启蒙,否
136,五四运动 中国马克思主义政治哲学 开启,0136_五四运动_中国马克思主义政治哲学_开启.md,3,52.8,传播史,五四时期马克思主义传播,传播史/五四时期马克思主义传播.md,高,107.0,已列入原主题页重点卡片；命中主题种子词：五四；主题域增强：五四,十月革命 五四运动 马克思主义传播(27.61)；五四运动 新哲学 社会主义新价值观(25.0)；五四运动 社会主义思想 传播(24.35)；五四运动 新民主主义革命 开端(24.17)；五四运动 社会主义新价值观 兴起(24.0),0910_十月革命_五四运动_马克思主义传播.md；0368_五四运动_新哲学_社会主义新价值观.md；0123_五四运动_社会主义思想_传播.md；0504_五四运动_新民主主义革命_开端.md；0134_五四运动_社会主义新价值观_兴起.md,,五四运动、中国马克思主义政治哲学、开启,马克思主义哲学中国化与中国哲学的现代转型；马克思主义哲学中国化理论与历史；延安时期知识分子群体与马克思主义哲学大众化郭 - 2015 -,280-281；306；140,是,可按主题页优先检索,先查主题页《五四时期马克思主义传播》，再在 T3/T10 中检索：五四运动|中国马克思主义政治哲学|开启,否
137,新文化运动 不谈政治 到 谈政治,0137_新文化运动_不谈政治_到_谈政治.md,3,53.0,传播史,五四新文化与马克思主义早期传播,传播史/五四新文化与马克思主义早期传播.md,低,16.0,自动主题组匹配：新文化,五四新文化 新文化运动(32.69)；新文化运动 价值观 变革(31.67)；新文化运动 五四运动 学术史(31.25)；新文化运动 中国思想界 启蒙(30.88)；新文化运动 基本口号 主要内容(30.56),1783_五四新文化_新文化运动.md；0133_新文化运动_价值观_变革.md；0118_新文化运动_五四运动_学术史.md；0125_新文化运动_中国思想界_启蒙.md；0126_新文化运动_基本口号_主要内容.md,,新文化运动、不谈政治、谈政治,马克思主义哲学中国化与中国哲学的现代转型；继承五四和扬弃五四；马克思主义中国化的起源语境,255-257；49；94,是,先核验原卡片再使用,先查主题页《五四新文化与马克思主义早期传播》，再在 T3/T10 中检索：新文化运动|不谈政治|谈政治,否
138,问题与主义之争 谈政治,0138_问题与主义之争_谈政治.md,3,29.63,传播史,五四新文化与马克思主义早期传播,传播史/五四新文化与马克思主义早期传播.md,低,32.0,自动主题组匹配：问题与主义,唯物史观 谈政治(18.85)；新文化运动 不谈政治 到 谈政治(17.94)；问题与主义 之争(16.67)；问题与主义 关系 论争(7.69)；问题与主义 论战 学术史(7.14),0032_唯物史观_谈政治.md；0137_新文化运动_不谈政治_到_谈政治.md；0129_问题与主义_之争.md；0147_问题与主义_关系_论争.md；0119_问题与主义_论战_学术史.md,,问题与主义之争,马列著作在中国的出版；马克思主义中国化的起源语境；20世纪40年代自由知识分子对社会主义的解读——以《观察》周刊为中心_郑瑞峰,151；20；1,是,先核验原卡片再使用,先查主题页《五四新文化与马克思主义早期传播》，再在 T3/T10 中检索：问题与主义之争|谈政治,否
139,革命问题 哲学思考 五四,0139_革命问题_哲学思考_五四.md,3,37.2,传播史,五四新文化与马克思主义早期传播,传播史/五四新文化与马克思主义早期传播.md,低,13.0,自动主题组匹配：五四,阶级问题 哲学思考 五四(45.91)；国家问题 哲学思考 五四(45.91)；政党问题 哲学思考 五四(45.91)；革命问题 和平过渡 武装斗争(24.41)；五四 扬弃 继承(11.92),0140_阶级问题_哲学思考_五四.md；0141_国家问题_哲学思考_五四.md；0142_政党问题_哲学思考_五四.md；1472_革命问题_和平过渡_武装斗争.md；1836_五四_扬弃_继承.md,,革命问题、哲学思考、五四,马克思主义哲学中国化与中国哲学的现代转型；继承五四和扬弃五四；从“决裂论”到“土壤论”——新启蒙运动对马克思主义与中国传统文化关系的认识深化_崔海亮,264-266；100；4,是,先核验原卡片再使用,先查主题页《五四新文化与马克思主义早期传播》，再在 T3/T10 中检索：革命问题|哲学思考|五四,否
140,阶级问题 哲学思考 五四,0140_阶级问题_哲学思考_五四.md,1,37.8,传播史,五四新文化与马克思主义早期传播,传播史/五四新文化与马克思主义早期传播.md,低,13.0,自动主题组匹配：五四,革命问题 哲学思考 五四(45.91)；国家问题 哲学思考 五四(45.91)；政党问题 哲学思考 五四(45.91)；五四 扬弃 继承(11.92)；民主主义 政治改革 五四(11.47),0139_革命问题_哲学思考_五四.md；0141_国家问题_哲学思考_五四.md；0142_政党问题_哲学思考_五四.md；1836_五四_扬弃_继承.md；0167_民主主义_政治改革_五四.md,,阶级问题、哲学思考、五四,马克思主义哲学中国化与中国哲学的现代转型,267-269,是,先核验原卡片再使用,先查主题页《五四新文化与马克思主义早期传播》，再在 T3/T10 中检索：阶级问题|哲学思考|五四,否
141,国家问题 哲学思考 五四,0141_国家问题_哲学思考_五四.md,1,42.6,传播史,五四新文化与马克思主义早期传播,传播史/五四新文化与马克思主义早期传播.md,低,13.0,自动主题组匹配：五四,革命问题 哲学思考 五四(45.91)；阶级问题 哲学思考 五四(45.91)；政党问题 哲学思考 五四(45.91)；上层建筑 国家问题 讨论(25.0)；五四 扬弃 继承(11.92),0139_革命问题_哲学思考_五四.md；0140_阶级问题_哲学思考_五四.md；0142_政党问题_哲学思考_五四.md；0980_上层建筑_国家问题_讨论.md；1836_五四_扬弃_继承.md,,国家问题、哲学思考、五四,马克思主义哲学中国化与中国哲学的现代转型,271-273,是,先核验原卡片再使用,先查主题页《五四新文化与马克思主义早期传播》，再在 T3/T10 中检索：国家问题|哲学思考|五四,否
142,政党问题 哲学思考 五四,0142_政党问题_哲学思考_五四.md,1,40.2,传播史,五四新文化与马克思主义早期传播,传播史/五四新文化与马克思主义早期传播.md,低,13.0,自动主题组匹配：五四,革命问题 哲学思考 五四(45.91)；阶级问题 哲学思考 五四(45.91)；国家问题 哲学思考 五四(45.91)；五四 扬弃 继承(11.92)；民主主义 政治改革 五四(11.47),0139_革命问题_哲学思考_五四.md；0140_阶级问题_哲学思考_五四.md；0141_国家问题_哲学思考_五四.md；1836_五四_扬弃_继承.md；0167_民主主义_政治改革_五四.md,,政党问题、哲学思考、五四,马克思主义哲学中国化与中国哲学的现代转型,276-278,是,先核验原卡片再使用,先查主题页《五四新文化与马克思主义早期传播》，再在 T3/T10 中检索：政党问题|哲学思考|五四,否
143,五四时期 马克思主义哲学 传播,0143_五四时期_马克思主义哲学_传播.md,3,53.2,传播史,五四时期马克思主义传播,传播史/五四时期马克思主义传播.md,高,119.0,已列入原主题页重点卡片；命中主题种子词：五四、五四时期；主题词重合：五四时期；主题域增强：五四,马克思主义哲学 传播 苏联(49.29)；马克思主义哲学 传播范围 扩大(47.5)；旅欧青年 马克思主义哲学 传播(47.5)；马克思主义哲学 传播形式 转换(47.5)；马克思主义哲学 传播开端 热潮(47.5),0785_马克思主义哲学_传播_苏联.md；0046_马克思主义哲学_传播范围_扩大.md；0051_旅欧青年_马克思主义哲学_传播.md；0052_马克思主义哲学_传播形式_转换.md；0063_马克思主义哲学_传播开端_热潮.md,,五四时期、马克思主义哲学、传播,马克思主义哲学在中国：传播、应用、形态、前景；马克思主义哲学的中国化及其历程；马克思主义哲学史（第六卷,3；27；120-122,是,可按主题页优先检索,先查主题页《五四时期马克思主义传播》，再在 T3/T10 中检索：五四时期|马克思主义哲学|传播,否
144,五四时期 马克思主义著作 翻译 出版,0144_五四时期_马克思主义著作_翻译_出版.md,3,58.44,传播史,五四时期马克思主义传播,传播史/五四时期马克思主义传播.md,高,119.0,已列入原主题页重点卡片；命中主题种子词：五四、五四时期；主题词重合：五四时期；主题域增强：五四,马克思主义著作 早期介绍 中国(42.5)；五四时期 马克思主义哲学 传播(31.11)；五四时期 新思潮 马克思主义传播(28.75)；五四时期 传播马克思主义哲学 特点(28.33)；共产主义 翻译(12.94),1287_马克思主义著作_早期介绍_中国.md；0143_五四时期_马克思主义哲学_传播.md；0128_五四时期_新思潮_马克思主义传播.md；0225_五四时期_传播马克思主义哲学_特点.md；1837_共产主义_翻译.md,,五四时期、马克思主义著作、翻译、出版,马列著作在中国的出版；马克思主义哲学史（第六卷；马克思主义哲学在中国传播与发展的百年历史（下）,14；33-34；678-680,是,可按主题页优先检索,先查主题页《五四时期马克思主义传播》，再在 T3/T10 中检索：五四时期|马克思主义著作|翻译|出版,否
145,传播马克思主义 社团 五四,0145_传播马克思主义_社团_五四.md,3,43.4,理论方法,马克思恩格斯经典文本与哲学关系,理论方法/马克思恩格斯经典文本与哲学关系.md,低,13.0,自动主题组匹配：马克思,中国共产党人 传播马克思主义 活动(43.33)；创办学校 传播马克思主义 培养人才(43.33)；早期共产主义者 传播马克思主义 特点(43.33)；民主主义 政治改革 五四(12.94)；个人主义 个性解放 五四(12.94),0102_中国共产党人_传播马克思主义_活动.md；0103_创办学校_传播马克思主义_培养人才.md；0290_早期共产主义者_传播马克思主义_特点.md；0167_民主主义_政治改革_五四.md；0169_个人主义_个性解放_五四.md,,传播马克思主义、社团、五四,马克思主义哲学的中国化及其历程；马克思主义中国化史；马克思主义哲学史（第六卷,27-29；未识别；34-35,是,先核验原卡片再使用,先查主题页《马克思恩格斯经典文本与哲学关系》，再在 T3/T10 中检索：传播马克思主义|社团|五四,否
146,问题与主义 论争 哲学意义,0146_问题与主义_论争_哲学意义.md,3,38.8,论战与思想运动,问题与主义之争,论战与思想运动/问题与主义之争.md,高,115.0,已列入原主题页重点卡片；命中主题种子词：问题与主义、主义；主题词重合：问题与主义,问题与主义 关系 论争(44.62)；无政府主义 论争 哲学意义(43.46)；社会主义问题 论争 哲学意义(42.5)；问题与主义 论战 学术史(33.93)；问题与主义 马克思主义 论战(33.33),0147_问题与主义_关系_论争.md；1289_无政府主义_论争_哲学意义.md；1288_社会主义问题_论争_哲学意义.md；0119_问题与主义_论战_学术史.md；0120_问题与主义_马克思主义_论战.md,,问题与主义、论争、哲学意义,马克思主义哲学史（第六卷；马克思主义中国化史；马克思主义中国化探论,68-70；未识别；207,是,可按主题页优先检索,先查主题页《问题与主义之争》，再在 T3/T10 中检索：问题与主义|论争|哲学意义,否
147,问题与主义 关系 论争,0147_问题与主义_关系_论争.md,3,47.82,论战与思想运动,问题与主义之争,论战与思想运动/问题与主义之争.md,高,115.0,已列入原主题页重点卡片；命中主题种子词：问题与主义、主义；主题词重合：问题与主义,问题与主义 论争 哲学意义(44.62)；问题与主义 之争(35.0)；问题与主义 论战 学术史(32.69)；问题与主义 马克思主义 论战(32.14)；社会主义问题 论争 哲学意义(14.69),0146_问题与主义_论争_哲学意义.md；0129_问题与主义_之争.md；0119_问题与主义_论战_学术史.md；0120_问题与主义_马克思主义_论战.md；1288_社会主义问题_论争_哲学意义.md,,问题与主义、关系、论争,马克思主义中国化史；马克思主义中国化探论；马列著作在中国的出版,未识别；207；153,是,可按主题页优先检索,先查主题页《问题与主义之争》，再在 T3/T10 中检索：问题与主义|关系|论争,否
148,科学与人生观 论战 马克思主义批判,0148_科学与人生观_论战_马克思主义批判.md,3,35.93,论战与思想运动,科学与人生观论战,论战与思想运动/科学与人生观论战.md,高,129.0,已列入原主题页重点卡片；命中主题种子词：科学与人生观、人生观、科学、论战；主题词重合：科学与人生观、论战,科学与人生观 论战 马克思主义(61.43)；科学与人生观 论战(52.5)；科学与人生观 论战 性质(50.94)；科学与人生观 张君劢 丁文江(36.25)；中国社会史 论战 马克思主义哲学(17.14),0121_科学与人生观_论战_马克思主义.md；0185_科学与人生观_论战.md；0242_科学与人生观_论战_性质.md；1696_科学与人生观_张君劢_丁文江.md；0228_中国社会史_论战_马克思主义哲学.md,,科学与人生观、论战,百年中国哲学革命；中国马克思主义学术史纲；马克思主义哲学史（第六卷,63-64；42-45；177-178,是,可按主题页优先检索,先查主题页《科学与人生观论战》，再在 T3/T10 中检索：科学与人生观|论战|马克思主义批判,否
149,中国社会性质 论争,0149_中国社会性质_论争.md,3,46.51,论战与思想运动,中国社会性质论战,论战与思想运动/中国社会性质论战.md,高,114.0,已列入原主题页重点卡片；命中主题种子词：中国社会性质；主题词重合：中国社会性质,中国社会性质 论战(48.75)；中国社会性质 论战 启蒙(45.0)；中国社会性质 论战 马克思主义哲学(40.0)；新生命派 中国社会性质 批判(39.62)；托陈取消派 中国社会性质 批判(38.93),0184_中国社会性质_论战.md；0170_中国社会性质_论战_启蒙.md；0227_中国社会性质_论战_马克思主义哲学.md；0150_新生命派_中国社会性质_批判.md；0151_托陈取消派_中国社会性质_批判.md,,中国社会性质、论争,继承五四和扬弃五四；抗日救亡运动中的文化新声——“新启蒙运动”与中国左翼知识界的文化抗战_王锐；马克思主义哲学在中国的传播与马克思主义哲学中国化,35；3；9,是,可按主题页优先检索,先查主题页《中国社会性质论战》，再在 T3/T10 中检索：中国社会性质|论争,否
150,新生命派 中国社会性质 批判,0150_新生命派_中国社会性质_批判.md,3,40.28,论战与思想运动,中国社会性质论战,论战与思想运动/中国社会性质论战.md,高,114.0,已列入原主题页重点卡片；命中主题种子词：中国社会性质；主题词重合：中国社会性质,托陈取消派 中国社会性质 批判(43.33)；中国社会性质 论争(39.62)；中国社会性质 论战(39.62)；中国社会性质 论战 启蒙(38.33)；中国社会性质 论战 马克思主义哲学(36.25),0151_托陈取消派_中国社会性质_批判.md；0149_中国社会性质_论争.md；0184_中国社会性质_论战.md；0170_中国社会性质_论战_启蒙.md；0227_中国社会性质_论战_马克思主义哲学.md,,新生命派、中国社会性质、批判,马克思主义哲学史（第六卷；冯契文集第七卷中国近代哲学的革命进程；马克思主义哲学在中国的传播与马克思主义哲学中国化,280-282；452；8,是,可按主题页优先检索,先查主题页《中国社会性质论战》，再在 T3/T10 中检索：新生命派|中国社会性质|批判,否
151,托陈取消派 中国社会性质 批判,0151_托陈取消派_中国社会性质_批判.md,3,39.8,论战与思想运动,中国社会性质论战,论战与思想运动/中国社会性质论战.md,高,114.0,已列入原主题页重点卡片；命中主题种子词：中国社会性质；主题词重合：中国社会性质,新生命派 中国社会性质 批判(43.33)；中国社会性质 论争(38.93)；中国社会性质 论战(38.93)；中国社会性质 论战 启蒙(37.81)；中国社会性质 论战 马克思主义哲学(35.95),0150_新生命派_中国社会性质_批判.md；0149_中国社会性质_论争.md；0184_中国社会性质_论战.md；0170_中国社会性质_论战_启蒙.md；0227_中国社会性质_论战_马克思主义哲学.md,,托陈取消派、中国社会性质、批判,马克思主义哲学的中国化及其历程；马克思主义哲学史（第六卷；中国马克思主义哲学教科书编写之起步、发展与演化（1922—1949）,150-152；280-282；4,是,可按主题页优先检索,先查主题页《中国社会性质论战》，再在 T3/T10 中检索：托陈取消派|中国社会性质|批判,否
152,启蒙运动 意义 社会基础,0152_启蒙运动_意义_社会基础.md,3,46.56,论战与思想运动,新启蒙运动,论战与思想运动/新启蒙运动.md,高,112.0,已列入原主题页重点卡片；命中主题种子词：启蒙运动；主题词重合：启蒙运动,戊戌维新 启蒙运动 社会基础(50.71)；市民社会 理性 启蒙运动(27.14)；人生 活动 社会基础(25.77)；反帝 反封建 启蒙运动(25.36)；启蒙运动 资本主义 兴起(25.0),0165_戊戌维新_启蒙运动_社会基础.md；0155_市民社会_理性_启蒙运动.md；1449_人生_活动_社会基础.md；0158_反帝_反封建_启蒙运动.md；0154_启蒙运动_资本主义_兴起.md,,启蒙运动、意义、社会基础,近代中国启蒙运动史；马克思主义中国化的起源语境；新启蒙运动与新民主主义文化思想的形成_卢毅,1-4；49；3,是,可按主题页优先检索,先查主题页《新启蒙运动》，再在 T3/T10 中检索：启蒙运动|意义|社会基础,否
153,启蒙 打破欺蒙 扫除蒙蔽,0153_启蒙_打破欺蒙_扫除蒙蔽.md,3,51.24,其他待人工复核,其他待人工复核,其他待人工复核/其他待人工复核.md,待人工归类,0.0,未命中已有主题页和自动主题组规则，建议人工判断,启蒙(12.78)；中国社会史 论战 启蒙(11.56)；中国社会性质 论战 启蒙(11.47)；新文化运动 中国思想界 启蒙(11.32)；社会主义新价值观 救亡 启蒙(11.32),1974_启蒙.md；0171_中国社会史_论战_启蒙.md；0170_中国社会性质_论战_启蒙.md；0125_新文化运动_中国思想界_启蒙.md；0135_社会主义新价值观_救亡_启蒙.md,,启蒙、打破欺蒙、扫除蒙蔽,什么是新启蒙运动；近代中国启蒙运动史；马克思主义中国化的起源语境,16；1-4；107,是,可按主题页优先检索,先查主题页《其他待人工复核》，再在 T3/T10 中检索：启蒙|打破欺蒙|扫除蒙蔽,否
154,启蒙运动 资本主义 兴起,0154_启蒙运动_资本主义_兴起.md,3,49.22,论战与思想运动,新启蒙运动,论战与思想运动/新启蒙运动.md,高,112.0,已列入原主题页重点卡片；命中主题种子词：启蒙运动；主题词重合：启蒙运动,劳动 资本主义(30.0)；俄国 资本主义(26.82)；宗教 资本主义(26.82)；伦理 资本主义(26.82)；生产 资本主义(26.82),1710_劳动_资本主义.md；1713_俄国_资本主义.md；1716_宗教_资本主义.md；1723_伦理_资本主义.md；1732_生产_资本主义.md,,启蒙运动、资本主义、兴起,近代中国启蒙运动史；继承五四和扬弃五四；马克思主义中国化的起源语境,1-4；97；87,是,可按主题页优先检索,先查主题页《新启蒙运动》，再在 T3/T10 中检索：启蒙运动|资本主义|兴起,否
155,市民社会 理性 启蒙运动,0155_市民社会_理性_启蒙运动.md,3,45.0,论战与思想运动,新启蒙运动,论战与思想运动/新启蒙运动.md,高,112.0,已列入原主题页重点卡片；命中主题种子词：启蒙运动；主题词重合：启蒙运动,启蒙运动 意义 社会基础(27.14)；东方市民 启蒙运动 狭隘性(26.67)；戊戌维新 启蒙运动 社会基础(26.25)；反帝 反封建 启蒙运动(25.36)；启蒙运动 资本主义 兴起(25.0),0152_启蒙运动_意义_社会基础.md；0156_东方市民_启蒙运动_狭隘性.md；0165_戊戌维新_启蒙运动_社会基础.md；0158_反帝_反封建_启蒙运动.md；0154_启蒙运动_资本主义_兴起.md,,市民社会、理性、启蒙运动,近代中国启蒙运动史；童稚集；胡绳全书.第7卷,1-4；194；415-416,是,可按主题页优先检索,先查主题页《新启蒙运动》，再在 T3/T10 中检索：市民社会|理性|启蒙运动,否
156,东方市民 启蒙运动 狭隘性,0156_东方市民_启蒙运动_狭隘性.md,3,41.4,论战与思想运动,新启蒙运动,论战与思想运动/新启蒙运动.md,高,112.0,已列入原主题页重点卡片；命中主题种子词：启蒙运动；主题词重合：启蒙运动,市民社会 理性 启蒙运动(26.67)；反帝 反封建 启蒙运动(25.0)；启蒙运动 意义 社会基础(24.69)；启蒙运动 资本主义 兴起(24.69)；戊戌维新 启蒙运动 社会基础(24.17),0155_市民社会_理性_启蒙运动.md；0158_反帝_反封建_启蒙运动.md；0152_启蒙运动_意义_社会基础.md；0154_启蒙运动_资本主义_兴起.md；0165_戊戌维新_启蒙运动_社会基础.md,,东方市民、启蒙运动、狭隘性,近代中国启蒙运动史；延安时期知识分子群体与马克思主义哲学大众化郭 - 2015 -；从“决裂论”到“土壤论”——新启蒙运动对马克思主义与中国传统文化关系的认识深化_崔海亮,1-4；138；3,是,可按主题页优先检索,先查主题页《新启蒙运动》，再在 T3/T10 中检索：东方市民|启蒙运动|狭隘性,否
157,中国启蒙运动 半殖民地 半封建,0157_中国启蒙运动_半殖民地_半封建.md,3,52.72,论战与思想运动,中国社会性质论战,论战与思想运动/中国社会性质论战.md,高,121.0,已列入原主题页重点卡片；命中主题种子词：半殖民地、半封建；主题词重合：半殖民地、半封建,半殖民地 半封建 新思潮派(44.38)；半殖民地半封建 社会矛盾 哲学(8.33)；近代中国启蒙运动史(8.33)；反帝 反封建 启蒙运动(6.25)；新启蒙运动 反帝反封建(5.88),1397_半殖民地_半封建_新思潮派.md；1500_半殖民地半封建_社会矛盾_哲学.md；1970_近代中国启蒙运动史.md；0158_反帝_反封建_启蒙运动.md；0386_新启蒙运动_反帝反封建.md,,中国启蒙运动、半殖民地、半封建,马克思主义中国化的起源语境；继承五四和扬弃五四；近代中国启蒙运动史,47；125；1-4,是,可按主题页优先检索,先查主题页《中国社会性质论战》，再在 T3/T10 中检索：中国启蒙运动|半殖民地|半封建,否
158,反帝 反封建 启蒙运动,0158_反帝_反封建_启蒙运动.md,3,48.86,论战与思想运动,新启蒙运动,论战与思想运动/新启蒙运动.md,高,112.0,已列入原主题页重点卡片；命中主题种子词：启蒙运动；主题词重合：启蒙运动,启蒙运动 意义 社会基础(25.36)；启蒙运动 资本主义 兴起(25.36)；市民社会 理性 启蒙运动(25.36)；东方市民 启蒙运动 狭隘性(25.0)；戊戌维新 启蒙运动 社会基础(24.69),0152_启蒙运动_意义_社会基础.md；0154_启蒙运动_资本主义_兴起.md；0155_市民社会_理性_启蒙运动.md；0156_东方市民_启蒙运动_狭隘性.md；0165_戊戌维新_启蒙运动_社会基础.md,,反帝、反封建、启蒙运动,什么是新启蒙运动；近代中国启蒙运动史；从“决裂论”到“土壤论”——新启蒙运动对马克思主义与中国传统文化关系的认识深化_崔海亮,87；4-8；2,是,可按主题页优先检索,先查主题页《新启蒙运动》，再在 T3/T10 中检索：反帝|反封建|启蒙运动,否
159,康有为 反古思想 空想主义,0159_康有为_反古思想_空想主义.md,1,41.4,论战与思想运动,中国近代启蒙与民主革命,论战与思想运动/中国近代启蒙与民主革命.md,低,8.0,二级自动主题组匹配：康有为,康有为 大同书 空想主义(43.93)；谭嗣同 冲决罗网 反古思想(24.41)；康有为 大同思想 历史进化(19.41)；中国近代思想 康有为 谭嗣同(19.17)；康有为 谭嗣同(18.85),0161_康有为_大同书_空想主义.md；0162_谭嗣同_冲决罗网_反古思想.md；0246_康有为_大同思想_历史进化.md；1694_中国近代思想_康有为_谭嗣同.md；1727_康有为_谭嗣同.md,,康有为、反古思想、空想主义,近代中国启蒙运动史,53-54,是,先核验原卡片再使用,先查主题页《中国近代启蒙与民主革命》，再在 T3/T10 中检索：康有为|反古思想|空想主义,否
160,康有为 新学伪经考 孔子改制考,0160_康有为_新学伪经考_孔子改制考.md,3,52.94,中国哲学传统,中国哲学传统与现代转型,中国哲学传统/中国哲学传统与现代转型.md,低,10.0,自动主题组匹配：孔子,康有为 孔子改制 经典怀疑(22.35)；康有为 托古改制 大同(19.41)；康有为 谭嗣同(18.33)；康有为 改良派(18.33)；康有为 梁启超(18.33),0174_康有为_孔子改制_经典怀疑.md；0172_康有为_托古改制_大同.md；1727_康有为_谭嗣同.md；1749_康有为_改良派.md；1865_康有为_梁启超.md,,康有为、新学伪经考、孔子改制考,冯契文集第七卷中国近代哲学的革命进程；中国近代思想史论；近代中国启蒙运动史,167；165；53-54,是,先核验原卡片再使用,先查主题页《中国哲学传统与现代转型》，再在 T3/T10 中检索：康有为|新学伪经考|孔子改制考,否
161,康有为 大同书 空想主义,0161_康有为_大同书_空想主义.md,3,38.6,论战与思想运动,中国近代启蒙与民主革命,论战与思想运动/中国近代启蒙与民主革命.md,低,16.0,二级自动主题组匹配：康有为、大同书,康有为 反古思想 空想主义(43.93)；康有为 大同思想 历史进化(21.67)；大同书(20.56)；康有为 托古改制 大同(20.36)；康有为 谭嗣同(19.17),0159_康有为_反古思想_空想主义.md；0246_康有为_大同思想_历史进化.md；1872_大同书.md；0172_康有为_托古改制_大同.md；1727_康有为_谭嗣同.md,,康有为、大同书、空想主义,近代中国启蒙运动史；马列著作在中国的出版；中国近代思想史论,60-64；30；149,是,先核验原卡片再使用,先查主题页《中国近代启蒙与民主革命》，再在 T3/T10 中检索：康有为|大同书|空想主义,否
162,谭嗣同 冲决罗网 反古思想,0162_谭嗣同_冲决罗网_反古思想.md,1,36.83,论战与思想运动,中国近代启蒙与民主革命,论战与思想运动/中国近代启蒙与民主革命.md,低,16.0,二级自动主题组匹配：谭嗣同、冲决,康有为 反古思想 空想主义(24.41)；谭嗣同 冲决网罗 仁学(22.14)；谭嗣同 仁学 冲决网罗(20.0)；谭嗣同 自由思想 资本社会(19.41)；中国近代思想 康有为 谭嗣同(19.17),0159_康有为_反古思想_空想主义.md；0248_谭嗣同_冲决网罗_仁学.md；0175_谭嗣同_仁学_冲决网罗.md；0176_谭嗣同_自由思想_资本社会.md；1694_中国近代思想_康有为_谭嗣同.md,,谭嗣同、冲决罗网,近代中国启蒙运动史,56,是,先核验原卡片再使用,先查主题页《中国近代启蒙与民主革命》，再在 T3/T10 中检索：谭嗣同|冲决罗网|反古思想,否
163,谭嗣同 仁学 个性解放,0163_谭嗣同_仁学_个性解放.md,3,46.87,论战与思想运动,中国近代启蒙与民主革命,论战与思想运动/中国近代启蒙与民主革命.md,低,16.0,二级自动主题组匹配：谭嗣同、仁学,谭嗣同 仁学 冲决网罗(33.33)；仁学 谭嗣同(33.33)；谭嗣同 冲决网罗 仁学(30.77)；个人主义 个性解放 五四(25.36)；龚自珍 个性解放 人生理想(25.0),0175_谭嗣同_仁学_冲决网罗.md；1776_仁学_谭嗣同.md；0248_谭嗣同_冲决网罗_仁学.md；0169_个人主义_个性解放_五四.md；1514_龚自珍_个性解放_人生理想.md,,谭嗣同、仁学、个性解放,中国现代思想史论；中国近代哲学的革命进程；近代中国启蒙运动史,13；119-120；69-74,是,先核验原卡片再使用,先查主题页《中国近代启蒙与民主革命》，再在 T3/T10 中检索：谭嗣同|仁学|个性解放,否
164,梁启超 民权思想 新民说,0164_梁启超_民权思想_新民说.md,3,37.12,论战与思想运动,中国近代启蒙与民主革命,论战与思想运动/中国近代启蒙与民主革命.md,中,24.0,二级自动主题组匹配：梁启超、民权、新民说,梁启超 新民说 民权思想(65.91)；梁启超 新民德 道德革命(20.0)；康有为 梁启超(19.17)；梁启超 自由 群 进化(18.57)；张君劢 梁启超 玄学派(18.33),0177_梁启超_新民说_民权思想.md；0178_梁启超_新民德_道德革命.md；1865_康有为_梁启超.md；0254_梁启超_自由_群_进化.md；0192_张君劢_梁启超_玄学派.md,,梁启超、民权思想、新民说,近代中国启蒙运动史；中国近代思想史论；文化契合、文化融合与文化重构——对马克思主义中国化的文化思考_张琳,77-81；74；3,是,可按主题页优先检索,先查主题页《中国近代启蒙与民主革命》，再在 T3/T10 中检索：梁启超|民权思想|新民说,否
165,戊戌维新 启蒙运动 社会基础,0165_戊戌维新_启蒙运动_社会基础.md,3,49.03,论战与思想运动,新启蒙运动,论战与思想运动/新启蒙运动.md,高,112.0,已列入原主题页重点卡片；命中主题种子词：启蒙运动；主题词重合：启蒙运动,启蒙运动 意义 社会基础(50.71)；人生 活动 社会基础(27.14)；市民社会 理性 启蒙运动(26.25)；反帝 反封建 启蒙运动(24.69)；启蒙运动 资本主义 兴起(24.41),0152_启蒙运动_意义_社会基础.md；1449_人生_活动_社会基础.md；0155_市民社会_理性_启蒙运动.md；0158_反帝_反封建_启蒙运动.md；0154_启蒙运动_资本主义_兴起.md,,戊戌维新、启蒙运动、社会基础,马克思主义中国化的起源语境；近代中国启蒙运动史；新启蒙运动与新民主主义文化思想的形成_卢毅,49；1-4；3,是,可按主题页优先检索,先查主题页《新启蒙运动》，再在 T3/T10 中检索：戊戌维新|启蒙运动|社会基础,否
166,五四新文化 民主 科学,0166_五四新文化_民主_科学.md,3,47.87,论战与思想运动,新启蒙运动,论战与思想运动/新启蒙运动.md,高,121.0,已列入原主题页重点卡片；命中主题种子词：五四、民主、科学；主题词重合：民主、科学,五四新文化 新文化运动(34.09)；五四新文化 传统 反传统(33.33)；五四精神 爱国 民主 科学(7.69)；五四运动 新文化 弱点(5.77)；陈独秀 民主 科学 反孔(5.77),1783_五四新文化_新文化运动.md；0182_五四新文化_传统_反传统.md；0239_五四精神_爱国_民主_科学.md；0230_五四运动_新文化_弱点.md；0324_陈独秀_民主_科学_反孔.md,,五四新文化、民主、科学,继承五四和扬弃五四；中国文化与马克思主义；从“决裂论”到“土壤论”——新启蒙运动对马克思主义与中国传统文化关系的认识深化_崔海亮,30；216；7,是,可按主题页优先检索,先查主题页《新启蒙运动》，再在 T3/T10 中检索：五四新文化|民主|科学,否
167,民主主义 政治改革 五四,0167_民主主义_政治改革_五四.md,3,51.68,传播史,五四时期马克思主义传播,传播史/五四时期马克思主义传播.md,高,113.0,已列入原主题页重点卡片；命中主题种子词：五四；主题词重合：五四；主题域增强：五四,民主主义 知识分子 思潮(25.0)；个人主义 个性解放 五四(13.12)；传播马克思主义 社团 五四(12.94)；五四 扬弃 继承(11.92)；革命问题 哲学思考 五四(11.47),1825_民主主义_知识分子_思潮.md；0169_个人主义_个性解放_五四.md；0145_传播马克思主义_社团_五四.md；1836_五四_扬弃_继承.md；0139_革命问题_哲学思考_五四.md,,民主主义、政治改革、五四,继承五四和扬弃五四；近代中国启蒙运动史；胡绳全书.第7卷,23；99-100；56-58,是,可按主题页优先检索,先查主题页《五四时期马克思主义传播》，再在 T3/T10 中检索：民主主义|政治改革|五四,否
168,科学方法 新世界观 五四,0168_科学方法_新世界观_五四.md,3,49.12,传播史,五四时期马克思主义传播,传播史/五四时期马克思主义传播.md,高,113.0,已列入原主题页重点卡片；命中主题种子词：五四；主题词重合：五四；主题域增强：五四,马克思 恩格斯 新世界观(25.0)；丁文江 科学方法 人生观(25.0)；五四 扬弃 继承(11.92)；革命问题 哲学思考 五四(11.47)；阶级问题 哲学思考 五四(11.47),0025_马克思_恩格斯_新世界观.md；0202_丁文江_科学方法_人生观.md；1836_五四_扬弃_继承.md；0139_革命问题_哲学思考_五四.md；0140_阶级问题_哲学思考_五四.md,,科学方法、新世界观、五四,继承五四和扬弃五四；胡绳全书（第一卷）；中国近代思想史论,26；37-40；285,是,可按主题页优先检索,先查主题页《五四时期马克思主义传播》，再在 T3/T10 中检索：科学方法|新世界观|五四,否
169,个人主义 个性解放 五四,0169_个人主义_个性解放_五四.md,3,51.53,传播史,五四时期马克思主义传播,传播史/五四时期马克思主义传播.md,高,113.0,已列入原主题页重点卡片；命中主题种子词：五四；主题词重合：五四；主题域增强：五四,谭嗣同 仁学 个性解放(25.36)；龚自珍 个性解放 人生理想(24.69)；小所有者 个人主义 象牙之塔(24.41)；民主主义 政治改革 五四(13.12)；传播马克思主义 社团 五四(12.94),0163_谭嗣同_仁学_个性解放.md；1514_龚自珍_个性解放_人生理想.md；1442_小所有者_个人主义_象牙之塔.md；0167_民主主义_政治改革_五四.md；0145_传播马克思主义_社团_五四.md,,个人主义、个性解放、五四,继承五四和扬弃五四；近代中国启蒙运动史；马克思主义哲学史（第六卷,23；138-143；99-101,是,可按主题页优先检索,先查主题页《五四时期马克思主义传播》，再在 T3/T10 中检索：个人主义|个性解放|五四,否
170,中国社会性质 论战 启蒙,0170_中国社会性质_论战_启蒙.md,3,50.09,论战与思想运动,中国社会性质论战,论战与思想运动/中国社会性质论战.md,高,114.0,已列入原主题页重点卡片；命中主题种子词：中国社会性质；主题词重合：中国社会性质,中国社会性质 论战(59.44)；中国社会性质 论战 马克思主义哲学(50.94)；中国社会性质 论争(45.0)；新生命派 中国社会性质 批判(38.33)；托陈取消派 中国社会性质 批判(37.81),0184_中国社会性质_论战.md；0227_中国社会性质_论战_马克思主义哲学.md；0149_中国社会性质_论争.md；0150_新生命派_中国社会性质_批判.md；0151_托陈取消派_中国社会性质_批判.md,,中国社会性质、论战、启蒙,从“决裂论”到“土壤论”——新启蒙运动对马克思主义与中国传统文化关系的认识深化_崔海亮；延安时期知识分子群体与马克思主义哲学大众化郭 - 2015 -；继承五四和扬弃五四,2；153；78,是,可按主题页优先检索,先查主题页《中国社会性质论战》，再在 T3/T10 中检索：中国社会性质|论战|启蒙,否
171,中国社会史 论战 启蒙,0171_中国社会史_论战_启蒙.md,3,49.54,理论方法,唯物史观与中国史学研究,理论方法/唯物史观与中国史学研究.md,低,13.0,自动主题组匹配：中国社会史,中国社会史 论战(53.75)；中国社会史 论战 马克思主义哲学(45.0)；中国社会性质 论战 启蒙(33.64)；中国社会性质 论战(19.09)；中国社会性质 论战 马克思主义哲学(15.56),0186_中国社会史_论战.md；0228_中国社会史_论战_马克思主义哲学.md；0170_中国社会性质_论战_启蒙.md；0184_中国社会性质_论战.md；0227_中国社会性质_论战_马克思主义哲学.md,,中国社会史、论战、启蒙,从“决裂论”到“土壤论”——新启蒙运动对马克思主义与中国传统文化关系的认识深化_崔海亮；中国马克思主义哲学教科书编写之起步、发展与演化（1922—1949）；延安时期知识分子群体与马克思主义哲学大众化郭 - 2015 -,2；5；41,是,先核验原卡片再使用,先查主题页《唯物史观与中国史学研究》，再在 T3/T10 中检索：中国社会史|论战|启蒙,否
172,康有为 托古改制 大同,0172_康有为_托古改制_大同.md,3,47.08,论战与思想运动,中国近代启蒙与民主革命,论战与思想运动/中国近代启蒙与民主革命.md,低,18.0,二级自动主题组匹配：康有为、托古改制,康有为 大同书 空想主义(20.36)；康有为 孔子改制 经典怀疑(20.0)；康有为 大同思想 历史进化(20.0)；康有为 谭嗣同(19.55)；康有为 改良派(19.55),0161_康有为_大同书_空想主义.md；0174_康有为_孔子改制_经典怀疑.md；0246_康有为_大同思想_历史进化.md；1727_康有为_谭嗣同.md；1749_康有为_改良派.md,,康有为、托古改制、大同,中国近代思想史论；中国近代哲学的革命进程；百年中国哲学革命,502；279-280；389-391,是,先核验原卡片再使用,先查主题页《中国近代启蒙与民主革命》，再在 T3/T10 中检索：康有为|托古改制|大同,否
173,康有为 公羊三世 进化,0173_康有为_公羊三世_进化.md,3,48.08,论战与思想运动,中国近代启蒙与民主革命,论战与思想运动/中国近代启蒙与民主革命.md,低,18.0,二级自动主题组匹配：康有为、公羊三世,康有为 三世说 历史进化论(22.14)；康有为 大同思想 历史进化(20.0)；康有为 谭嗣同(19.55)；康有为 改良派(19.55)；康有为 梁启超(19.55),0244_康有为_三世说_历史进化论.md；0246_康有为_大同思想_历史进化.md；1727_康有为_谭嗣同.md；1749_康有为_改良派.md；1865_康有为_梁启超.md,,康有为、公羊三世、进化,冯契文集第七卷中国近代哲学的革命进程；中国文化与马克思主义；马克思主义哲学中国化理论与历史,93；201；110,是,先核验原卡片再使用,先查主题页《中国近代启蒙与民主革命》，再在 T3/T10 中检索：康有为|公羊三世|进化,否
174,康有为 孔子改制 经典怀疑,0174_康有为_孔子改制_经典怀疑.md,3,37.23,中国哲学传统,中国哲学传统与现代转型,中国哲学传统/中国哲学传统与现代转型.md,低,10.0,自动主题组匹配：孔子,康有为 新学伪经考 孔子改制考(22.35)；康有为 托古改制 大同(20.0)；康有为 谭嗣同(18.85)；康有为 改良派(18.85)；康有为 梁启超(18.85),0160_康有为_新学伪经考_孔子改制考.md；0172_康有为_托古改制_大同.md；1727_康有为_谭嗣同.md；1749_康有为_改良派.md；1865_康有为_梁启超.md,,康有为、孔子改制,中国文化与马克思主义；冯契文集第七卷中国近代哲学的革命进程；中国近代思想史论,207；113；175,是,先核验原卡片再使用,先查主题页《中国哲学传统与现代转型》，再在 T3/T10 中检索：康有为|孔子改制|经典怀疑,否
175,谭嗣同 仁学 冲决网罗,0175_谭嗣同_仁学_冲决网罗.md,3,47.6,论战与思想运动,中国近代启蒙与民主革命,论战与思想运动/中国近代启蒙与民主革命.md,中,32.0,二级自动主题组匹配：谭嗣同、仁学、冲决、网罗,谭嗣同 冲决网罗 仁学(60.0)；谭嗣同 仁学 个性解放(33.33)；仁学 谭嗣同(33.33)；谭嗣同 冲决罗网 反古思想(20.0)；康有为 谭嗣同(19.55),0248_谭嗣同_冲决网罗_仁学.md；0163_谭嗣同_仁学_个性解放.md；1776_仁学_谭嗣同.md；0162_谭嗣同_冲决罗网_反古思想.md；1727_康有为_谭嗣同.md,,谭嗣同、仁学、冲决网罗,中国近代哲学的革命进程；冯契文集第七卷中国近代哲学的革命进程；马列著作在中国的出版,119-120；119；26,是,可按主题页优先检索,先查主题页《中国近代启蒙与民主革命》，再在 T3/T10 中检索：谭嗣同|仁学|冲决网罗,否
176,谭嗣同 自由思想 资本社会,0176_谭嗣同_自由思想_资本社会.md,2,35.89,理论方法,政治经济学与资本主义批判,理论方法/政治经济学与资本主义批判.md,低,10.0,自动主题组匹配：资本,谭嗣同 冲决罗网 反古思想(19.41)；中国近代思想 康有为 谭嗣同(19.17)；仁学 谭嗣同(19.17)；康有为 谭嗣同(18.85)；谭嗣同 仁学 个性解放(18.12),0162_谭嗣同_冲决罗网_反古思想.md；1694_中国近代思想_康有为_谭嗣同.md；1776_仁学_谭嗣同.md；1727_康有为_谭嗣同.md；0163_谭嗣同_仁学_个性解放.md,,谭嗣同、自由思想、资本社会,近五十年中国思想史；中国近代思想史论,20-23；194,是,先核验原卡片再使用,先查主题页《政治经济学与资本主义批判》，再在 T3/T10 中检索：谭嗣同|自由思想|资本社会,否
177,梁启超 新民说 民权思想,0177_梁启超_新民说_民权思想.md,3,37.12,论战与思想运动,中国近代启蒙与民主革命,论战与思想运动/中国近代启蒙与民主革命.md,中,24.0,二级自动主题组匹配：梁启超、民权、新民说,梁启超 民权思想 新民说(65.91)；梁启超 新民德 道德革命(22.14)；康有为 梁启超(19.17)；梁启超 自由 群 进化(18.57)；张君劢 梁启超 玄学派(18.33),0164_梁启超_民权思想_新民说.md；0178_梁启超_新民德_道德革命.md；1865_康有为_梁启超.md；0254_梁启超_自由_群_进化.md；0192_张君劢_梁启超_玄学派.md,,梁启超、新民说、民权思想,近代中国启蒙运动史；中国近代思想史论；文化契合、文化融合与文化重构——对马克思主义中国化的文化思考_张琳,77-81；74；3,是,可按主题页优先检索,先查主题页《中国近代启蒙与民主革命》，再在 T3/T10 中检索：梁启超|新民说|民权思想,否
178,梁启超 新民德 道德革命,0178_梁启超_新民德_道德革命.md,3,36.93,论战与思想运动,中国近代启蒙与民主革命,论战与思想运动/中国近代启蒙与民主革命.md,低,16.0,二级自动主题组匹配：梁启超、新民德,梁启超 新民说 民权思想(22.14)；梁启超 民权思想 新民说(20.0)；康有为 梁启超(19.17)；梁启超 自由 群 进化(18.57)；张君劢 梁启超 玄学派(18.33),0177_梁启超_新民说_民权思想.md；0164_梁启超_民权思想_新民说.md；1865_康有为_梁启超.md；0254_梁启超_自由_群_进化.md；0192_张君劢_梁启超_玄学派.md,,梁启超、新民德、道德革命,中国近代哲学的革命进程；近五十年中国思想史；冯契文集第七卷中国近代哲学的革命进程,192-196；2-4；635,是,先核验原卡片再使用,先查主题页《中国近代启蒙与民主革命》，再在 T3/T10 中检索：梁启超|新民德|道德革命,否
179,严复 天演论 进化论,0179_严复_天演论_进化论.md,3,46.29,论战与思想运动,中国近代启蒙与民主革命,论战与思想运动/中国近代启蒙与民主革命.md,中,24.0,二级自动主题组匹配：严复、天演论、进化论,天演论(22.14)；陈独秀 进化论 历史观(18.85)；马君武 社会主义 进化论(18.57)；谭嗣同 进化论 唯意志论(18.57)；马君武 社会主义 进化论 马克思(17.94),1927_天演论.md；0345_陈独秀_进化论_历史观.md；0110_马君武_社会主义_进化论.md；0250_谭嗣同_进化论_唯意志论.md；0089_马君武_社会主义_进化论_马克思.md,,严复、天演论、进化论,中国近代哲学的革命进程；马克思主义中国化研究的历史、现状与方法论_郭建宁；二十世纪上半叶马克思主义哲学中国化之检视_王玉平,11-14；6；57,是,可按主题页优先检索,先查主题页《中国近代启蒙与民主革命》，再在 T3/T10 中检索：严复|天演论|进化论,否
180,严复 自由 经验论,0180_严复_自由_经验论.md,3,44.43,论战与思想运动,中国近代启蒙与民主革命,论战与思想运动/中国近代启蒙与民主革命.md,低,10.0,自动主题组匹配：自由,严复 天演之学 经验论(31.82)；严复 自由 功利主义(17.5)；严复 天演论 进化论(12.08)；严复 中西 事理 古今(12.08)；严复 归纳法 逻辑思想(11.92),0251_严复_天演之学_经验论.md；0253_严复_自由_功利主义.md；0179_严复_天演论_进化论.md；0243_严复_中西_事理_古今.md；0252_严复_归纳法_逻辑思想.md,,严复、自由、经验论,中国现代思想史论；中国近代思想史论；中国近代哲学的革命进程,146；502；167,是,先核验原卡片再使用,先查主题页《中国近代启蒙与民主革命》，再在 T3/T10 中检索：严复|自由|经验论,否
181,自由主义 保守主义 马克思主义 三派,0181_自由主义_保守主义_马克思主义_三派.md,3,57.59,理论方法,马克思恩格斯经典文本与哲学关系,理论方法/马克思恩格斯经典文本与哲学关系.md,低,10.0,自动主题组匹配：马克思,胡适 往西走 自由主义(24.41)；梁漱溟 东方文化 保守主义(23.95)；新启蒙运动 自由主义 文化思想(23.57)；中国马克思主义 马克思主义者(8.33)；问题与主义 马克思主义 论战(7.35),0460_胡适_往西走_自由主义.md；0183_梁漱溟_东方文化_保守主义.md；0379_新启蒙运动_自由主义_文化思想.md；1788_中国马克思主义_马克思主义者.md；0120_问题与主义_马克思主义_论战.md,,自由主义、保守主义、马克思主义、三派,中国文化与马克思主义；近五十年中国思想史；马克思主义哲学中国化与中国哲学的现代转型,362；4-6；100-101,是,先核验原卡片再使用,先查主题页《马克思恩格斯经典文本与哲学关系》，再在 T3/T10 中检索：自由主义|保守主义|马克思主义|三派,否
182,五四新文化 传统 反传统,0182_五四新文化_传统_反传统.md,3,51.55,传播史,五四新文化与马克思主义早期传播,传播史/五四新文化与马克思主义早期传播.md,中,20.0,自动主题组匹配：五四、新文化,五四新文化 新文化运动(34.09)；五四新文化 民主 科学(33.33)；五四运动 新文化 弱点(5.77)；新文化运动 五四运动 学术史(5.0),1783_五四新文化_新文化运动.md；0166_五四新文化_民主_科学.md；0230_五四运动_新文化_弱点.md；0118_新文化运动_五四运动_学术史.md,,五四新文化、传统、反传统,从“决裂论”到“土壤论”——新启蒙运动对马克思主义与中国传统文化关系的认识深化_崔海亮；20世纪上半叶“中国化”思潮与“马克思主义中国化”起源研究述评_赵铁锁；继承五四和扬弃五四,4；2；123,是,可按主题页优先检索,先查主题页《五四新文化与马克思主义早期传播》，再在 T3/T10 中检索：五四新文化|传统|反传统,否
183,梁漱溟 东方文化 保守主义,0183_梁漱溟_东方文化_保守主义.md,3,50.41,论战与思想运动,思想论战与文化批判,论战与思想运动/思想论战与文化批判.md,低,10.0,自动主题组匹配：梁漱溟,自由主义 保守主义 马克思主义 三派(23.95)；胡适 西化 梁漱溟 中体西用(17.78)；梁启超 科学破产 文化保守主义(7.35),0181_自由主义_保守主义_马克思主义_三派.md；0481_胡适_西化_梁漱溟_中体西用.md；0199_梁启超_科学破产_文化保守主义.md,,梁漱溟、东方文化、保守主义,国家主义与20世纪20年代的文化、政治；中国文化与马克思主义；马克思主义中国化的起源语境,140；231；20,是,先核验原卡片再使用,先查主题页《思想论战与文化批判》，再在 T3/T10 中检索：梁漱溟|东方文化|保守主义,否
184,中国社会性质 论战,0184_中国社会性质_论战.md,3,51.0,论战与思想运动,中国社会性质论战,论战与思想运动/中国社会性质论战.md,高,114.0,已列入原主题页重点卡片；命中主题种子词：中国社会性质；主题词重合：中国社会性质,中国社会性质 论战 启蒙(59.44)；中国社会性质 论战 马克思主义哲学(52.5)；中国社会性质 论争(48.75)；新生命派 中国社会性质 批判(39.62)；托陈取消派 中国社会性质 批判(38.93),0170_中国社会性质_论战_启蒙.md；0227_中国社会性质_论战_马克思主义哲学.md；0149_中国社会性质_论争.md；0150_新生命派_中国社会性质_批判.md；0151_托陈取消派_中国社会性质_批判.md,,中国社会性质、论战,马克思主义哲学的中国化及其历程；中国马克思主义学术史纲；中国近代哲学的革命进程,147-149；48-49；451-453,是,可按主题页优先检索,先查主题页《中国社会性质论战》，再在 T3/T10 中检索：中国社会性质|论战,否
185,科学与人生观 论战,0185_科学与人生观_论战.md,3,48.6,论战与思想运动,科学与人生观论战,论战与思想运动/科学与人生观论战.md,高,129.0,已列入原主题页重点卡片；命中主题种子词：科学与人生观、人生观、科学、论战；主题词重合：科学与人生观、论战,科学与人生观 论战 性质(59.44)；科学与人生观 论战 马克思主义(54.58)；科学与人生观 论战 马克思主义批判(52.5)；科学与人生观 张君劢 丁文江(39.62)；人生观 论战 科玄论战(20.0),0242_科学与人生观_论战_性质.md；0121_科学与人生观_论战_马克思主义.md；0148_科学与人生观_论战_马克思主义批判.md；1696_科学与人生观_张君劢_丁文江.md；0187_人生观_论战_科玄论战.md,,科学与人生观、论战,百年中国哲学革命；中国马克思主义学术史纲；马克思主义哲学史（第六卷,63-64；42-45；177-178,是,可按主题页优先检索,先查主题页《科学与人生观论战》，再在 T3/T10 中检索：科学与人生观|论战,否
186,中国社会史 论战,0186_中国社会史_论战.md,3,51.0,理论方法,唯物史观与中国史学研究,理论方法/唯物史观与中国史学研究.md,低,13.0,自动主题组匹配：中国社会史,中国社会史 论战 启蒙(53.75)；中国社会史 论战 马克思主义哲学(46.54)；中国社会性质 论战(21.11)；中国社会性质 论战 启蒙(19.09)；中国社会性质 论战 马克思主义哲学(16.25),0171_中国社会史_论战_启蒙.md；0228_中国社会史_论战_马克思主义哲学.md；0184_中国社会性质_论战.md；0170_中国社会性质_论战_启蒙.md；0227_中国社会性质_论战_马克思主义哲学.md,,中国社会史、论战,近五十年中国思想史；马克思主义哲学的中国化及其历程；张东荪-唯物辩证法论战,247-249；160-162；2,是,先核验原卡片再使用,先查主题页《唯物史观与中国史学研究》，再在 T3/T10 中检索：中国社会史|论战,否
187,人生观 论战 科玄论战,0187_人生观_论战_科玄论战.md,3,47.9,新哲学大众化,新哲学大众化运动,新哲学大众化/新哲学大众化运动.md,低,30.0,自动主题组匹配：人生观,科玄论战 人生观 科学(47.5)；必然 自由 科玄论战(26.82)；个人 社会 科玄论战(26.82)；武断 断章取义 科玄论战(25.77)；精神文明 物质文明 科玄论战(25.36),1697_科玄论战_人生观_科学.md；0217_必然_自由_科玄论战.md；0218_个人_社会_科玄论战.md；0221_武断_断章取义_科玄论战.md；0196_精神文明_物质文明_科玄论战.md,,人生观、论战、科玄论战,中国马克思主义学术史纲；科学与人生观；马克思主义哲学中国化理论与历史,42-45；6-8；182,是,先核验原卡片再使用,先查主题页《新哲学大众化运动》，再在 T3/T10 中检索：人生观|论战|科玄论战,否
188,张君劢 人生观 科学,0188_张君劢_人生观_科学.md,3,54.8,论战与思想运动,科学与人生观论战,论战与思想运动/科学与人生观论战.md,高,127.0,已列入原主题页重点卡片；命中主题种子词：人生观、张君劢、科学；主题词重合：张君劢、人生观、科学,张君劢 孔孟 宋明理学 人生观(37.14)；人生观 科学 分家(26.11)；科学与人生观 张君劢 丁文江(24.62)；人生观 科学 能否解决(24.09)；科玄论战 人生观 科学(24.09),0201_张君劢_孔孟_宋明理学_人生观.md；0189_人生观_科学_分家.md；1696_科学与人生观_张君劢_丁文江.md；0190_人生观_科学_能否解决.md；1697_科玄论战_人生观_科学.md,,张君劢、人生观、科学,科学与人生观；马克思主义哲学中国化理论与历史；冯契文集第七卷中国近代哲学的革命进程,1-3；89；660,是,可按主题页优先检索,先查主题页《科学与人生观论战》，再在 T3/T10 中检索：张君劢|人生观|科学,否
189,人生观 科学 分家,0189_人生观_科学_分家.md,3,55.2,论战与思想运动,科学与人生观论战,论战与思想运动/科学与人生观论战.md,高,118.0,已列入原主题页重点卡片；命中主题种子词：人生观、科学；主题词重合：人生观、科学,张君劢 人生观 科学(26.11)；人生观 科学 能否解决(25.0)；科玄论战 人生观 科学(25.0)；科学 无法解决 人生观(21.82)；自然科学 人生观 影响(21.82),0188_张君劢_人生观_科学.md；0190_人生观_科学_能否解决.md；1697_科玄论战_人生观_科学.md；0195_科学_无法解决_人生观.md；0210_自然科学_人生观_影响.md,,人生观、科学、分家,科学与人生观；马列著作在中国的出版；冯契文集第七卷中国近代哲学的革命进程,42-44；160；339,是,可按主题页优先检索,先查主题页《科学与人生观论战》，再在 T3/T10 中检索：人生观|科学|分家,否
190,人生观 科学 能否解决,0190_人生观_科学_能否解决.md,3,54.2,论战与思想运动,科学与人生观论战,论战与思想运动/科学与人生观论战.md,高,118.0,已列入原主题页重点卡片；命中主题种子词：人生观、科学；主题词重合：人生观、科学,人生观 科学 分家(25.0)；张君劢 人生观 科学(24.09)；科学 无法解决 人生观(23.33)；科玄论战 人生观 科学(23.33)；自然科学 人生观 影响(20.77),0189_人生观_科学_分家.md；0188_张君劢_人生观_科学.md；0195_科学_无法解决_人生观.md；1697_科玄论战_人生观_科学.md；0210_自然科学_人生观_影响.md,,人生观、科学、能否解决,科学与人生观；中国近代哲学的革命进程；冯契文集第七卷中国近代哲学的革命进程,4-6；375-376；388,是,可按主题页优先检索,先查主题页《科学与人生观论战》，再在 T3/T10 中检索：人生观|科学|能否解决,否
191,玄学派 科学派 唯物史观派,0191_玄学派_科学派_唯物史观派.md,3,50.45,论战与思想运动,思想论战与文化批判,论战与思想运动/思想论战与文化批判.md,低,12.0,自动主题组匹配：玄学,唯物史观派 马克思主义(32.14)；陈独秀 瞿秋白 唯物史观派(31.67)；张君劢 梁启超 玄学派(18.33)；丁文江 胡适 吴稚晖 科学派(17.94)；唯物史观 谈政治(6.25),0041_唯物史观派_马克思主义.md；0329_陈独秀_瞿秋白_唯物史观派.md；0192_张君劢_梁启超_玄学派.md；0461_丁文江_胡适_吴稚晖_科学派.md；0032_唯物史观_谈政治.md,,玄学派、科学派、唯物史观派,马克思主义哲学中国化理论与历史；“新哲学”大众化运动研究；中国现代思想史论,165；176；61,是,先核验原卡片再使用,先查主题页《思想论战与文化批判》，再在 T3/T10 中检索：玄学派|科学派|唯物史观派,否
192,张君劢 梁启超 玄学派,0192_张君劢_梁启超_玄学派.md,3,46.6,论战与思想运动,科学与人生观论战,论战与思想运动/科学与人生观论战.md,高,112.0,已列入原主题页重点卡片；命中主题种子词：玄学、张君劢；主题词重合：张君劢,康有为 梁启超(19.55)；张君劢 人生观 科学(18.85)；梁启超 自由 群 进化(18.85)；梁启超 欧游 科学万能(18.57)；张君劢 内心生活 修养(18.57),1865_康有为_梁启超.md；0188_张君劢_人生观_科学.md；0254_梁启超_自由_群_进化.md；0198_梁启超_欧游_科学万能.md；0200_张君劢_内心生活_修养.md,,张君劢、梁启超、玄学派,中国现代思想史论；百年中国哲学革命；中国近代哲学的革命进程,51；69-71；376-380,是,可按主题页优先检索,先查主题页《科学与人生观论战》，再在 T3/T10 中检索：张君劢|梁启超|玄学派,否
193,人生观 主观 直觉 综合,0193_人生观_主观_直觉_综合.md,3,50.0,理论方法,哲学基本范畴与辩证法原理,理论方法/哲学基本范畴与辩证法原理.md,低,10.0,自动主题组匹配：主观,人生观 科学 分家(19.17)；人生观 哲学 生活(19.17)；哲学 生活 人生观(19.17)；悲观 乐观 人生观(19.17)；人生观 论战 科玄论战(18.85),0189_人生观_科学_分家.md；0234_人生观_哲学_生活.md；0235_哲学_生活_人生观.md；0237_悲观_乐观_人生观.md；0187_人生观_论战_科玄论战.md,,人生观、主观、直觉、综合,科学与人生观；近五十年中国思想史；马克思主义哲学的中国化及其历程,126-128；235-238；52-54,是,先核验原卡片再使用,先查主题页《哲学基本范畴与辩证法原理》，再在 T3/T10 中检索：人生观|主观|直觉|综合,否
194,人生观 自由意志 单一性,0194_人生观_自由意志_单一性.md,3,48.4,新哲学大众化,新哲学大众化运动,新哲学大众化/新哲学大众化运动.md,低,10.0,自动主题组匹配：人生观,自由意志 因果律 人生观(44.62)；人生观 科学 分家(18.85)；人生观 哲学 生活(18.85)；哲学 生活 人生观(18.85)；悲观 乐观 人生观(18.85),0211_自由意志_因果律_人生观.md；0189_人生观_科学_分家.md；0234_人生观_哲学_生活.md；0235_哲学_生活_人生观.md；0237_悲观_乐观_人生观.md,,人生观、自由意志、单一性,科学与人生观；冯契文集第七卷中国近代哲学的革命进程；马克思主义中国化的起源语境,126-128；377；21,是,先核验原卡片再使用,先查主题页《新哲学大众化运动》，再在 T3/T10 中检索：人生观|自由意志|单一性,否
195,科学 无法解决 人生观,0195_科学_无法解决_人生观.md,3,45.97,论战与思想运动,科学与人生观论战,论战与思想运动/科学与人生观论战.md,高,118.0,已列入原主题页重点卡片；命中主题种子词：人生观、科学；主题词重合：科学、人生观,人生观 科学 能否解决(23.33)；人生观 科学 分家(21.82)；张君劢 人生观 科学(21.25)；自然科学 人生观 影响(20.77)；科学主义 人生观 局限(20.77),0190_人生观_科学_能否解决.md；0189_人生观_科学_分家.md；0188_张君劢_人生观_科学.md；0210_自然科学_人生观_影响.md；0212_科学主义_人生观_局限.md,,科学、人生观、无法解决,科学与人生观；认识世界和认识自己；“新理学”批判的批判,126-128；9；12,是,可按主题页优先检索,先查主题页《科学与人生观论战》，再在 T3/T10 中检索：科学|无法解决|人生观,否
196,精神文明 物质文明 科玄论战,0196_精神文明_物质文明_科玄论战.md,3,51.01,理论方法,哲学基本范畴与辩证法原理,理论方法/哲学基本范畴与辩证法原理.md,低,15.0,自动主题组匹配：物质,人生观 论战 科玄论战(25.36)；必然 自由 科玄论战(25.36)；个人 社会 科玄论战(25.36)；物质文明 破产 人生观(25.0)；科玄论战 人生观 科学(25.0),0187_人生观_论战_科玄论战.md；0217_必然_自由_科玄论战.md；0218_个人_社会_科玄论战.md；0197_物质文明_破产_人生观.md；1697_科玄论战_人生观_科学.md,,精神文明、物质文明、科玄论战,中国现代思想史论；马克思主义哲学史；马克思主义哲学中国化理论与历史,50；482-485；564,是,先核验原卡片再使用,先查主题页《哲学基本范畴与辩证法原理》，再在 T3/T10 中检索：精神文明|物质文明|科玄论战,否
197,物质文明 破产 人生观,0197_物质文明_破产_人生观.md,3,47.77,理论方法,哲学基本范畴与辩证法原理,理论方法/哲学基本范畴与辩证法原理.md,低,10.0,自动主题组匹配：物质,精神文明 物质文明 科玄论战(25.0)；人生观 科学 分家(19.17)；人生观 哲学 生活(19.17)；哲学 生活 人生观(19.17)；悲观 乐观 人生观(19.17),0196_精神文明_物质文明_科玄论战.md；0189_人生观_科学_分家.md；0234_人生观_哲学_生活.md；0235_哲学_生活_人生观.md；0237_悲观_乐观_人生观.md,,物质文明、破产、人生观,科学与人生观；冯契文集第七卷中国近代哲学的革命进程；中国文化与马克思主义,383-385；376；230,是,先核验原卡片再使用,先查主题页《哲学基本范畴与辩证法原理》，再在 T3/T10 中检索：物质文明|破产|人生观,否
198,梁启超 欧游 科学万能,0198_梁启超_欧游_科学万能.md,3,46.95,理论方法,自然科学哲学与科学方法,理论方法/自然科学哲学与科学方法.md,低,10.0,自动主题组匹配：科学,康有为 梁启超(19.55)；梁启超 科学破产 文化保守主义(19.41)；梁启超 自由 群 进化(18.85)；张君劢 梁启超 玄学派(18.57)；梁启超 除心奴 认识论(18.57),1865_康有为_梁启超.md；0199_梁启超_科学破产_文化保守主义.md；0254_梁启超_自由_群_进化.md；0192_张君劢_梁启超_玄学派.md；0255_梁启超_除心奴_认识论.md,,梁启超、欧游、科学万能,马列著作在中国的出版；近五十年中国思想史；百年中国哲学革命,157；43-46；64-66,是,先核验原卡片再使用,先查主题页《自然科学哲学与科学方法》，再在 T3/T10 中检索：梁启超|欧游|科学万能,否
199,梁启超 科学破产 文化保守主义,0199_梁启超_科学破产_文化保守主义.md,3,52.0,理论方法,自然科学哲学与科学方法,理论方法/自然科学哲学与科学方法.md,低,10.0,自动主题组匹配：科学,梁启超 欧游 科学万能(19.41)；梁启超 马克思 社会主义(19.17)；梁启超 马克思 社会主义 介绍(18.75)；梁启超 中国之社会主义 马克思(18.57)；康有为 梁启超(18.33),0198_梁启超_欧游_科学万能.md；0223_梁启超_马克思_社会主义.md；0130_梁启超_马克思_社会主义_介绍.md；0131_梁启超_中国之社会主义_马克思.md；1865_康有为_梁启超.md,,梁启超、科学破产、文化保守主义,中国文化与马克思主义；国家主义与20世纪20年代的文化、政治；马克思主义中国化时代化的历史逻辑、根本途径和当代课题——访北京大学马克思主义学院郭建宁教授_本刊记者,230；102；2,是,先核验原卡片再使用,先查主题页《自然科学哲学与科学方法》，再在 T3/T10 中检索：梁启超|科学破产|文化保守主义,否
200,张君劢 内心生活 修养,0200_张君劢_内心生活_修养.md,3,36.06,论战与思想运动,科学与人生观论战,论战与思想运动/科学与人生观论战.md,高,109.0,已列入原主题页重点卡片；命中主题种子词：张君劢；主题词重合：张君劢,张君劢 人生观 科学(18.85)；张君劢 梁启超 玄学派(18.57)；张君劢 孔孟 宋明理学 人生观(17.94)；瞿秋白 张君劢 唯意志论 批判(17.94)；科学与人生观 张君劢 丁文江(17.94),0188_张君劢_人生观_科学.md；0192_张君劢_梁启超_玄学派.md；0201_张君劢_孔孟_宋明理学_人生观.md；0226_瞿秋白_张君劢_唯意志论_批判.md；1696_科学与人生观_张君劢_丁文江.md,,张君劢、内心生活、修养,科学与人生观；冯契文集第七卷中国近代哲学的革命进程；中国近代哲学的革命进程,4-6；376；376-380,是,可按主题页优先检索,先查主题页《科学与人生观论战》，再在 T3/T10 中检索：张君劢|内心生活|修养,否
201,张君劢 孔孟 宋明理学 人生观,0201_张君劢_孔孟_宋明理学_人生观.md,3,41.0,论战与思想运动,科学与人生观论战,论战与思想运动/科学与人生观论战.md,高,118.0,已列入原主题页重点卡片；命中主题种子词：人生观、张君劢；主题词重合：张君劢、人生观,张君劢 人生观 科学(37.14)；科学 方法 论理学 人生观(21.25)；科学与人生观 张君劢 丁文江(20.56)；旧哲学 人生观 问题(20.0)；新哲学 人生观 问题(20.0),0188_张君劢_人生观_科学.md；0219_科学_方法_论理学_人生观.md；1696_科学与人生观_张君劢_丁文江.md；0236_旧哲学_人生观_问题.md；0393_新哲学_人生观_问题.md,,张君劢、孔孟、人生观、宋明理学,科学与人生观；近五十年中国思想史；中国现代思想史论,4-6；238-240；305,是,可按主题页优先检索,先查主题页《科学与人生观论战》，再在 T3/T10 中检索：张君劢|孔孟|宋明理学|人生观,否
202,丁文江 科学方法 人生观,0202_丁文江_科学方法_人生观.md,3,48.76,论战与思想运动,科学与人生观论战,论战与思想运动/科学与人生观论战.md,高,121.0,已列入原主题页重点卡片；命中主题种子词：人生观、丁文江、科学；主题词重合：丁文江、人生观,科学方法 新世界观 五四(25.0)；科学 方法 论理学 人生观(24.62)；丁文江 科学 智识论(23.33)；科学与人生观 张君劢 丁文江(23.33)；丁文江 科学精神 处世立身(21.67),0168_科学方法_新世界观_五四.md；0219_科学_方法_论理学_人生观.md；0204_丁文江_科学_智识论.md；1696_科学与人生观_张君劢_丁文江.md；0203_丁文江_科学精神_处世立身.md,,丁文江、科学方法、人生观,科学与人生观；冯契文集第七卷中国近代哲学的革命进程；二十世纪上半叶马克思主义哲学中国化之检视_王玉平,4-6；381；92,是,可按主题页优先检索,先查主题页《科学与人生观论战》，再在 T3/T10 中检索：丁文江|科学方法|人生观,否
203,丁文江 科学精神 处世立身,0203_丁文江_科学精神_处世立身.md,3,34.85,论战与思想运动,科学与人生观论战,论战与思想运动/科学与人生观论战.md,高,112.0,已列入原主题页重点卡片；命中主题种子词：丁文江、科学；主题词重合：丁文江,丁文江 科学 智识论(22.69)；丁文江 科学方法 人生观(21.67)；丁文江 胡适 吴稚晖 科学派(19.41)；科学与人生观 张君劢 丁文江(19.17),0204_丁文江_科学_智识论.md；0202_丁文江_科学方法_人生观.md；0461_丁文江_胡适_吴稚晖_科学派.md；1696_科学与人生观_张君劢_丁文江.md,,丁文江、科学精神、处世立身,中国现代思想史论；科学与人生观；继承五四和扬弃五四,60；4-6；28,是,可按主题页优先检索,先查主题页《科学与人生观论战》，再在 T3/T10 中检索：丁文江|科学精神|处世立身,否
204,丁文江 科学 智识论,0204_丁文江_科学_智识论.md,3,36.93,论战与思想运动,科学与人生观论战,论战与思想运动/科学与人生观论战.md,高,118.0,已列入原主题页重点卡片；命中主题种子词：丁文江、科学；主题词重合：丁文江、科学,丁文江 科学方法 人生观(23.33)；丁文江 科学精神 处世立身(22.69)；丁文江 胡适 吴稚晖 科学派(20.36)；科学与人生观 张君劢 丁文江(20.0),0202_丁文江_科学方法_人生观.md；0203_丁文江_科学精神_处世立身.md；0461_丁文江_胡适_吴稚晖_科学派.md；1696_科学与人生观_张君劢_丁文江.md,,科学、智识论、丁文江,科学与人生观；百年中国哲学革命；中国现代思想史论,44-47；64-66；52,是,可按主题页优先检索,先查主题页《科学与人生观论战》，再在 T3/T10 中检索：丁文江|科学|智识论,否
205,科学 玄学 战争 历史,0205_科学_玄学_战争_历史.md,3,61.0,论战与思想运动,思想论战与文化批判,论战与思想运动/思想论战与文化批判.md,低,18.0,自动主题组匹配：玄学,科学 误解 玄学(15.0)；科学 限界 玄学(15.0)；战争 政治 革命(12.27)；帝国主义 战争(12.27)；中外合璧 玄学 流毒(11.92),0207_科学_误解_玄学.md；0208_科学_限界_玄学.md；1323_战争_政治_革命.md；1720_帝国主义_战争.md；0206_中外合璧_玄学_流毒.md,,科学、玄学、战争、历史,科学与人生观；近五十年中国思想史；马克思主义哲学的中国化及其历程,50-51；235-238；19-21,是,先核验原卡片再使用,先查主题页《思想论战与文化批判》，再在 T3/T10 中检索：科学|玄学|战争|历史,否
206,中外合璧 玄学 流毒,0206_中外合璧_玄学_流毒.md,1,41.0,论战与思想运动,思想论战与文化批判,论战与思想运动/思想论战与文化批判.md,低,10.0,自动主题组匹配：玄学,科学 误解 玄学(12.27)；科学 限界 玄学(12.27)；科学 玄学 战争 历史(11.92)；功利主义 人生观 玄学(11.79),0207_科学_误解_玄学.md；0208_科学_限界_玄学.md；0205_科学_玄学_战争_历史.md；0220_功利主义_人生观_玄学.md,,中外合璧、玄学、流毒,科学与人生观,51-52,是,先核验原卡片再使用,先查主题页《思想论战与文化批判》，再在 T3/T10 中检索：中外合璧|玄学|流毒,否
207,科学 误解 玄学,0207_科学_误解_玄学.md,3,47.8,论战与思想运动,思想论战与文化批判,论战与思想运动/思想论战与文化批判.md,低,18.0,自动主题组匹配：玄学,科学 限界 玄学(16.25)；科学 玄学 战争 历史(15.0)；中外合璧 玄学 流毒(12.27)；功利主义 人生观 玄学(12.08),0208_科学_限界_玄学.md；0205_科学_玄学_战争_历史.md；0206_中外合璧_玄学_流毒.md；0220_功利主义_人生观_玄学.md,,科学、误解、玄学,科学与人生观；冯契文集第七卷中国近代哲学的革命进程；马克思主义哲学在中国的传播与马克思主义哲学中国化,187-190；286；8,是,先核验原卡片再使用,先查主题页《思想论战与文化批判》，再在 T3/T10 中检索：科学|误解|玄学,否
208,科学 限界 玄学,0208_科学_限界_玄学.md,3,45.8,论战与思想运动,思想论战与文化批判,论战与思想运动/思想论战与文化批判.md,低,18.0,自动主题组匹配：玄学,科学 误解 玄学(16.25)；科学 玄学 战争 历史(15.0)；中外合璧 玄学 流毒(12.27)；功利主义 人生观 玄学(12.08),0207_科学_误解_玄学.md；0205_科学_玄学_战争_历史.md；0206_中外合璧_玄学_流毒.md；0220_功利主义_人生观_玄学.md,,科学、限界、玄学,科学与人生观；冯契文集第七卷中国近代哲学的革命进程；马克思主义哲学在中国的传播与马克思主义哲学中国化,94-97；286；8,是,先核验原卡片再使用,先查主题页《思想论战与文化批判》，再在 T3/T10 中检索：科学|限界|玄学,否
209,吴稚晖 宇宙观 人生观,0209_吴稚晖_宇宙观_人生观.md,3,47.62,新哲学大众化,新哲学大众化运动,新哲学大众化/新哲学大众化运动.md,低,10.0,自动主题组匹配：人生观,悲观 乐观 人生观(21.82)；陈独秀 唯物史观 人生观(20.36)；人生观 科学 分家(19.17)；人生观 哲学 生活(19.17)；哲学 生活 人生观(19.17),0237_悲观_乐观_人生观.md；0213_陈独秀_唯物史观_人生观.md；0189_人生观_科学_分家.md；0234_人生观_哲学_生活.md；0235_哲学_生活_人生观.md,,吴稚晖、宇宙观、人生观,科学与人生观；继承五四和扬弃五四；马列著作在中国的出版,383-385；27；157,是,先核验原卡片再使用,先查主题页《新哲学大众化运动》，再在 T3/T10 中检索：吴稚晖|宇宙观|人生观,否
210,自然科学 人生观 影响,0210_自然科学_人生观_影响.md,3,45.05,论战与思想运动,科学与人生观论战,论战与思想运动/科学与人生观论战.md,高,112.0,已列入原主题页重点卡片；命中主题种子词：人生观、科学；主题词重合：人生观,德国 自然科学(27.5)；自然科学 黑格尔(26.82)；自然辩证法 自然科学(26.25)；自然科学 唯物论 观念论(25.36)；胡适 理性主义 自然科学(25.36),1786_德国_自然科学.md；1779_自然科学_黑格尔.md；1667_自然辩证法_自然科学.md；0415_自然科学_唯物论_观念论.md；0475_胡适_理性主义_自然科学.md,,自然科学、人生观、影响,“新哲学”大众化运动研究；科学与人生观；艾思奇全书（第1卷）,156；8-3；225-227,是,可按主题页优先检索,先查主题页《科学与人生观论战》，再在 T3/T10 中检索：自然科学|人生观|影响,否
211,自由意志 因果律 人生观,0211_自由意志_因果律_人生观.md,3,45.4,新哲学大众化,新哲学大众化运动,新哲学大众化/新哲学大众化运动.md,低,10.0,自动主题组匹配：人生观,人生观 自由意志 单一性(44.62)；人生观 科学 分家(18.85)；人生观 哲学 生活(18.85)；哲学 生活 人生观(18.85)；悲观 乐观 人生观(18.85),0194_人生观_自由意志_单一性.md；0189_人生观_科学_分家.md；0234_人生观_哲学_生活.md；0235_哲学_生活_人生观.md；0237_悲观_乐观_人生观.md,,自由意志、因果律、人生观,科学与人生观；艾思奇全书（第1卷）；马克思主义哲学史（第六卷,149-150；225-227；178-180,是,先核验原卡片再使用,先查主题页《新哲学大众化运动》，再在 T3/T10 中检索：自由意志|因果律|人生观,否
212,科学主义 人生观 局限,0212_科学主义_人生观_局限.md,3,47.15,论战与思想运动,科学与人生观论战,论战与思想运动/科学与人生观论战.md,高,112.0,已列入原主题页重点卡片；命中主题种子词：人生观、科学；主题词重合：人生观,功利主义 人生观 玄学(23.33)；胡适 自然主义 人生观(23.33)；人生观 科学 分家(21.82)；张君劢 人生观 科学(21.25)；人生观 科学 能否解决(20.77),0220_功利主义_人生观_玄学.md；0462_胡适_自然主义_人生观.md；0189_人生观_科学_分家.md；0188_张君劢_人生观_科学.md；0190_人生观_科学_能否解决.md,,科学主义、人生观、局限,马克思主义哲学中国化理论与历史；认识世界和认识自己；艾思奇全书（第1卷）,166；9；233-234,是,可按主题页优先检索,先查主题页《科学与人生观论战》，再在 T3/T10 中检索：科学主义|人生观|局限,否
213,陈独秀 唯物史观 人生观,0213_陈独秀_唯物史观_人生观.md,3,45.4,传播史,陈独秀与马克思主义传播,传播史/陈独秀与马克思主义传播.md,高,123.0,已列入原主题页重点卡片；命中主题种子词：陈独秀、唯物史观；主题词重合：陈独秀、唯物史观,陈独秀 唯物史观 阶级斗争(46.54)；陈独秀 唯物史观 两大要旨(46.54)；陈独秀 唯物史观 传播 应用(46.54)；陈独秀 唯物史观 剩余价值 阶级斗争(43.82)；陈独秀 社会环境 人生观(37.14),0282_陈独秀_唯物史观_阶级斗争.md；0308_陈独秀_唯物史观_两大要旨.md；0331_陈独秀_唯物史观_传播_应用.md；0327_陈独秀_唯物史观_剩余价值_阶级斗争.md；0214_陈独秀_社会环境_人生观.md,,陈独秀、唯物史观、人生观,百年中国哲学革命；马克思主义哲学的中国化及其历程；科学与人生观,69-71；55-56；6-8,是,可按主题页优先检索,先查主题页《陈独秀与马克思主义传播》，再在 T3/T10 中检索：陈独秀|唯物史观|人生观,否
214,陈独秀 社会环境 人生观,0214_陈独秀_社会环境_人生观.md,3,41.8,传播史,陈独秀与马克思主义传播,传播史/陈独秀与马克思主义传播.md,高,109.0,已列入原主题页重点卡片；命中主题种子词：陈独秀；主题词重合：陈独秀,陈独秀 唯物史观 人生观(37.14)；陈独秀 经济发展 人生观(37.14)；陈独秀 社会主义 学术思想(21.67)；陈独秀 阶级斗争 社会革命理论(19.17)；人生观 科学 分家(18.85),0213_陈独秀_唯物史观_人生观.md；0215_陈独秀_经济发展_人生观.md；0263_陈独秀_社会主义_学术思想.md；0309_陈独秀_阶级斗争_社会革命理论.md；0189_人生观_科学_分家.md,,陈独秀、社会环境、人生观,科学与人生观；马克思主义哲学的中国化及其历程；二十世纪上半叶马克思主义哲学中国化之检视_王玉平,6-8；52-54；94,是,可按主题页优先检索,先查主题页《陈独秀与马克思主义传播》，再在 T3/T10 中检索：陈独秀|社会环境|人生观,否
215,陈独秀 经济发展 人生观,0215_陈独秀_经济发展_人生观.md,3,46.02,传播史,陈独秀与马克思主义传播,传播史/陈独秀与马克思主义传播.md,高,109.0,已列入原主题页重点卡片；命中主题种子词：陈独秀；主题词重合：陈独秀,陈独秀 唯物史观 人生观(37.14)；陈独秀 社会环境 人生观(37.14)；人生观 科学 分家(18.85)；人生观 哲学 生活(18.85)；哲学 生活 人生观(18.85),0213_陈独秀_唯物史观_人生观.md；0214_陈独秀_社会环境_人生观.md；0189_人生观_科学_分家.md；0234_人生观_哲学_生活.md；0235_哲学_生活_人生观.md,,陈独秀、经济发展、人生观,中国现代思想史论；中国马克思主义学术史纲；科学与人生观,156；28-30；6-8,是,可按主题页优先检索,先查主题页《陈独秀与马克思主义传播》，再在 T3/T10 中检索：陈独秀|经济发展|人生观,否
216,瞿秋白 科玄论战 唯物史观,0216_瞿秋白_科玄论战_唯物史观.md,3,50.23,传播史,瞿秋白与辩证唯物主义传播,传播史/瞿秋白与辩证唯物主义传播.md,高,109.0,已列入原主题页重点卡片；命中主题种子词：瞿秋白；主题词重合：瞿秋白,瞿秋白 唯物史观 进一步传播(42.81)；中国社会史论战 唯物史观(28.33)；唯物史观 谈政治(25.77)；唯物史观 李大钊(25.77)；唯物史观 传播热潮(25.36),0336_瞿秋白_唯物史观_进一步传播.md；1699_中国社会史论战_唯物史观.md；0032_唯物史观_谈政治.md；1775_唯物史观_李大钊.md；0064_唯物史观_传播热潮.md,,瞿秋白、科玄论战、唯物史观,马克思主义哲学中国化理论与历史；“新哲学”大众化运动研究；马克思主义哲学在中国的传播与马克思主义哲学中国化,182；176；8,是,可按主题页优先检索,先查主题页《瞿秋白与辩证唯物主义传播》，再在 T3/T10 中检索：瞿秋白|科玄论战|唯物史观,否
217,必然 自由 科玄论战,0217_必然_自由_科玄论战.md,3,46.02,论战与思想运动,中国近代启蒙与民主革命,论战与思想运动/中国近代启蒙与民主革命.md,低,15.0,自动主题组匹配：自由,人生观 论战 科玄论战(26.82)；个人 社会 科玄论战(26.82)；科玄论战 人生观 科学(26.25)；武断 断章取义 科玄论战(25.77)；精神文明 物质文明 科玄论战(25.36),0187_人生观_论战_科玄论战.md；0218_个人_社会_科玄论战.md；1697_科玄论战_人生观_科学.md；0221_武断_断章取义_科玄论战.md；0196_精神文明_物质文明_科玄论战.md,,必然、自由、科玄论战,马克思主义哲学史；马克思主义哲学中国化理论与历史；中国现代思想史论,222-225；182；169,是,先核验原卡片再使用,先查主题页《中国近代启蒙与民主革命》，再在 T3/T10 中检索：必然|自由|科玄论战,否
218,个人 社会 科玄论战,0218_个人_社会_科玄论战.md,3,44.58,论战与思想运动,思想论战与文化批判,论战与思想运动/思想论战与文化批判.md,低,15.0,自动主题组匹配：论战,人生观 论战 科玄论战(26.82)；必然 自由 科玄论战(26.82)；科玄论战 人生观 科学(26.25)；武断 断章取义 科玄论战(25.77)；精神文明 物质文明 科玄论战(25.36),0187_人生观_论战_科玄论战.md；0217_必然_自由_科玄论战.md；1697_科玄论战_人生观_科学.md；0221_武断_断章取义_科玄论战.md；0196_精神文明_物质文明_科玄论战.md,,个人、社会、科玄论战,中国马克思主义学术史纲；马克思主义哲学史；中国现代思想史论,45-46；156-158；48,是,先核验原卡片再使用,先查主题页《思想论战与文化批判》，再在 T3/T10 中检索：个人|社会|科玄论战,否
219,科学 方法 论理学 人生观,0219_科学_方法_论理学_人生观.md,3,63.8,论战与思想运动,科学与人生观论战,论战与思想运动/科学与人生观论战.md,高,118.0,已列入原主题页重点卡片；命中主题种子词：人生观、科学；主题词重合：科学、人生观,丁文江 科学方法 人生观(24.62)；自然科学 人生观 影响(22.69)；人生观 新哲学 科学人生观(22.69)；科学 人生观 理智化 人化(22.14)；人生观 科学 分家(21.25),0202_丁文江_科学方法_人生观.md；0210_自然科学_人生观_影响.md；0392_人生观_新哲学_科学人生观.md；0222_科学_人生观_理智化_人化.md；0189_人生观_科学_分家.md,,科学、方法、论理学、人生观,科学与人生观；近五十年中国思想史；“新哲学”大众化运动研究,126-128；238-240；157,是,可按主题页优先检索,先查主题页《科学与人生观论战》，再在 T3/T10 中检索：科学|方法|论理学|人生观,否
220,功利主义 人生观 玄学,0220_功利主义_人生观_玄学.md,3,46.61,新哲学大众化,新哲学大众化运动,新哲学大众化/新哲学大众化运动.md,低,18.0,自动主题组匹配：人生观,严复 自由 功利主义(26.25)；科学主义 人生观 局限(23.33)；胡适 自然主义 人生观(23.33)；人生观 科学 分家(19.17)；人生观 哲学 生活(19.17),0253_严复_自由_功利主义.md；0212_科学主义_人生观_局限.md；0462_胡适_自然主义_人生观.md；0189_人生观_科学_分家.md；0234_人生观_哲学_生活.md,,功利主义、人生观、玄学,科学与人生观；冯契文集第七卷中国近代哲学的革命进程；中国近代哲学的革命进程,126-128；380；380-381,是,先核验原卡片再使用,先查主题页《新哲学大众化运动》，再在 T3/T10 中检索：功利主义|人生观|玄学,否
221,武断 断章取义 科玄论战,0221_武断_断章取义_科玄论战.md,1,33.64,论战与思想运动,思想论战与文化批判,论战与思想运动/思想论战与文化批判.md,低,15.0,自动主题组匹配：论战,人生观 论战 科玄论战(25.77)；必然 自由 科玄论战(25.77)；个人 社会 科玄论战(25.77)；科玄论战 人生观 科学(25.36)；精神文明 物质文明 科玄论战(24.69),0187_人生观_论战_科玄论战.md；0217_必然_自由_科玄论战.md；0218_个人_社会_科玄论战.md；1697_科玄论战_人生观_科学.md；0196_精神文明_物质文明_科玄论战.md,,武断、科玄论战,继承五四和扬弃五四,63,是,先核验原卡片再使用,先查主题页《思想论战与文化批判》，再在 T3/T10 中检索：武断|断章取义|科玄论战,否
222,科学 人生观 理智化 人化,0222_科学_人生观_理智化_人化.md,3,54.4,论战与思想运动,科学与人生观论战,论战与思想运动/科学与人生观论战.md,高,118.0,已列入原主题页重点卡片；命中主题种子词：人生观、科学；主题词重合：科学、人生观,自然科学 人生观 影响(22.69)；人生观 新哲学 科学人生观(22.69)；科学 方法 论理学 人生观(22.14)；人生观 科学 分家(21.25)；张君劢 人生观 科学(20.77),0210_自然科学_人生观_影响.md；0392_人生观_新哲学_科学人生观.md；0219_科学_方法_论理学_人生观.md；0189_人生观_科学_分家.md；0188_张君劢_人生观_科学.md,,科学、人生观、理智化、人化,科学与人生观；“新哲学”大众化运动研究；马列著作在中国的出版,6-8；152；160,是,可按主题页优先检索,先查主题页《科学与人生观论战》，再在 T3/T10 中检索：科学|人生观|理智化|人化,否
223,梁启超 马克思 社会主义,0223_梁启超_马克思_社会主义.md,3,51.0,理论方法,马克思恩格斯经典文本与哲学关系,理论方法/马克思恩格斯经典文本与哲学关系.md,低,12.0,自动主题组匹配：马克思,梁启超 马克思 社会主义 介绍(70.45)；大同学 马克思 社会主义(47.5)；社会主义 神髓 马克思(45.42)；马君武 社会主义 进化论 马克思(42.81)；梁启超 中国之社会主义 马克思(42.5),0130_梁启超_马克思_社会主义_介绍.md；1188_大同学_马克思_社会主义.md；1421_社会主义_神髓_马克思.md；0089_马君武_社会主义_进化论_马克思.md；0131_梁启超_中国之社会主义_马克思.md,,梁启超、马克思、社会主义,马克思主义哲学在中国传播与发展的百年历史（上）；中国马克思主义学术史纲；马克思主义哲学中国化与中国哲学的现代转型,118-120；14-16；221-223,是,先核验原卡片再使用,先查主题页《马克思恩格斯经典文本与哲学关系》，再在 T3/T10 中检索：梁启超|马克思|社会主义,否
224,启蒙运动 百家争鸣 马克思主义,0224_启蒙运动_百家争鸣_马克思主义.md,3,44.91,论战与思想运动,中国近代启蒙与民主革命,论战与思想运动/中国近代启蒙与民主革命.md,低,13.0,自动主题组匹配：启蒙运动,启蒙运动 资本主义 兴起(25.88)；反帝 反封建 启蒙运动(24.41)；启蒙运动 意义 社会基础(24.17)；市民社会 理性 启蒙运动(24.17)；东方市民 启蒙运动 狭隘性(23.95),0154_启蒙运动_资本主义_兴起.md；0158_反帝_反封建_启蒙运动.md；0152_启蒙运动_意义_社会基础.md；0155_市民社会_理性_启蒙运动.md；0156_东方市民_启蒙运动_狭隘性.md,,启蒙运动、百家争鸣、马克思主义,马克思主义哲学的中国化及其历程；从“决裂论”到“土壤论”——新启蒙运动对马克思主义与中国传统文化关系的认识深化_崔海亮；抗日救亡运动中的文化新声——“新启蒙运动”与中国左翼知识界的文化抗战_王锐,17-19；1；17,是,先核验原卡片再使用,先查主题页《中国近代启蒙与民主革命》，再在 T3/T10 中检索：启蒙运动|百家争鸣|马克思主义,否
225,五四时期 传播马克思主义哲学 特点,0225_五四时期_传播马克思主义哲学_特点.md,3,42.0,传播史,五四时期马克思主义传播,传播史/五四时期马克思主义传播.md,高,119.0,已列入原主题页重点卡片；命中主题种子词：五四、五四时期；主题词重合：五四时期；主题域增强：五四,传播马克思主义哲学 运动 兴起(51.11)；五四时期 马克思主义哲学 传播(35.62)；五四时期 新思潮 马克思主义传播(30.53)；五四时期 马克思主义著作 翻译 出版(28.33)；马克思主义哲学 教科书传播 特点(20.53),0113_传播马克思主义哲学_运动_兴起.md；0143_五四时期_马克思主义哲学_传播.md；0128_五四时期_新思潮_马克思主义传播.md；0144_五四时期_马克思主义著作_翻译_出版.md；0097_马克思主义哲学_教科书传播_特点.md,,五四时期、传播马克思主义哲学、特点,马克思主义哲学的中国化及其历程；马克思主义哲学中国化理论与历史；中国现代思想史论,91-93；296；250,是,可按主题页优先检索,先查主题页《五四时期马克思主义传播》，再在 T3/T10 中检索：五四时期|传播马克思主义哲学|特点,否
226,瞿秋白 张君劢 唯意志论 批判,0226_瞿秋白_张君劢_唯意志论_批判.md,3,46.4,传播史,瞿秋白与辩证唯物主义传播,传播史/瞿秋白与辩证唯物主义传播.md,高,109.0,已列入原主题页重点卡片；命中主题种子词：瞿秋白；主题词重合：瞿秋白,精神万能 唯意志论 批判(28.33)；谭嗣同 进化论 唯意志论(24.41)；瞿秋白 东方文化派 唯心论 批判(20.26)；瞿秋白 胡适 实用主义 批判(19.17)；张君劢 人生观 科学(18.12),1373_精神万能_唯意志论_批判.md；0250_谭嗣同_进化论_唯意志论.md；0339_瞿秋白_东方文化派_唯心论_批判.md；0465_瞿秋白_胡适_实用主义_批判.md；0188_张君劢_人生观_科学.md,,瞿秋白、张君劢、唯意志论、批判,马克思主义哲学的中国化及其历程；百年中国哲学革命；冯契文集第七卷中国近代哲学的革命进程,108-110；69-71；628,是,可按主题页优先检索,先查主题页《瞿秋白与辩证唯物主义传播》，再在 T3/T10 中检索：瞿秋白|张君劢|唯意志论|批判,否
227,中国社会性质 论战 马克思主义哲学,0227_中国社会性质_论战_马克思主义哲学.md,3,57.2,论战与思想运动,中国社会性质论战,论战与思想运动/中国社会性质论战.md,高,114.0,已列入原主题页重点卡片；命中主题种子词：中国社会性质；主题词重合：中国社会性质,中国社会史 论战 马克思主义哲学(62.19)；中国社会性质 论战(52.5)；中国社会性质 论战 启蒙(50.94)；马克思主义哲学 中国 社会实践(48.24)；马克思主义哲学 中国哲学(45.94),0228_中国社会史_论战_马克思主义哲学.md；0184_中国社会性质_论战.md；0170_中国社会性质_论战_启蒙.md；1017_马克思主义哲学_中国_社会实践.md；1823_马克思主义哲学_中国哲学.md,,中国社会性质、论战、马克思主义哲学,马克思主义哲学的中国化及其历程；马克思主义哲学在中国的传播与马克思主义哲学中国化；中国马克思主义哲学教科书编写之起步、发展与演化（1922—1949）,147-149；8；4,是,可按主题页优先检索,先查主题页《中国社会性质论战》，再在 T3/T10 中检索：中国社会性质|论战|马克思主义哲学,否
228,中国社会史 论战 马克思主义哲学,0228_中国社会史_论战_马克思主义哲学.md,3,55.79,理论方法,唯物史观与中国史学研究,理论方法/唯物史观与中国史学研究.md,低,13.0,自动主题组匹配：中国社会史,中国社会性质 论战 马克思主义哲学(62.19)；马克思主义哲学 中国 社会实践(49.06)；马克思主义哲学 中国哲学(46.67)；中国社会史 论战(46.54)；唯物辩证法论战 马克思主义哲学(46.11),0227_中国社会性质_论战_马克思主义哲学.md；1017_马克思主义哲学_中国_社会实践.md；1823_马克思主义哲学_中国哲学.md；0186_中国社会史_论战.md；1426_唯物辩证法论战_马克思主义哲学.md,,中国社会史、论战、马克思主义哲学,马克思主义哲学的中国化及其历程；马克思主义哲学在中国的传播与马克思主义哲学中国化；中国马克思主义哲学教科书编写之起步、发展与演化（1922—1949）,160-162；8,是,先核验原卡片再使用,先查主题页《唯物史观与中国史学研究》，再在 T3/T10 中检索：中国社会史|论战|马克思主义哲学,否
229,五四运动 布尔乔亚 思想代表,0229_五四运动_布尔乔亚_思想代表.md,1,38.41,传播史,五四新文化与马克思主义早期传播,传播史/五四新文化与马克思主义早期传播.md,低,10.0,自动主题组匹配：五四,五四运动 社会主义思想 传播(25.56)；五四运动 戊戌 传统(25.0)；五四运动 新文化 弱点(24.69)；胡适 实用主义 布尔乔亚(24.41)；胡适 西方文明 布尔乔亚(24.41),0123_五四运动_社会主义思想_传播.md；0231_五四运动_戊戌_传统.md；0230_五四运动_新文化_弱点.md；0469_胡适_实用主义_布尔乔亚.md；0472_胡适_西方文明_布尔乔亚.md,,五四运动、布尔乔亚,马克思主义中国化的起源语境,55,是,先核验原卡片再使用,先查主题页《五四新文化与马克思主义早期传播》，再在 T3/T10 中检索：五四运动|布尔乔亚|思想代表,否
230,五四运动 新文化 弱点,0230_五四运动_新文化_弱点.md,3,45.51,传播史,五四时期马克思主义传播,传播史/五四时期马克思主义传播.md,高,111.0,已列入原主题页重点卡片；命中主题种子词：五四；主题域增强：五四、新文化,新文化运动 五四运动 学术史(29.62)；五四运动 光荣战斗 致命弱点(26.67)；五四运动 戊戌 传统(26.25)；五四运动 新民主主义革命 开端(26.25)；五四运动 新哲学 社会主义新价值观(25.56),0118_新文化运动_五四运动_学术史.md；0232_五四运动_光荣战斗_致命弱点.md；0231_五四运动_戊戌_传统.md；0504_五四运动_新民主主义革命_开端.md；0368_五四运动_新哲学_社会主义新价值观.md,,五四运动、新文化、弱点,马列著作在中国的出版；马克思主义中国化的起源语境；胡绳全书.第7卷,152；92；56-58,是,可按主题页优先检索,先查主题页《五四时期马克思主义传播》，再在 T3/T10 中检索：五四运动|新文化|弱点,否
231,五四运动 戊戌 传统,0231_五四运动_戊戌_传统.md,3,46.18,传播史,五四新文化与马克思主义早期传播,传播史/五四新文化与马克思主义早期传播.md,低,10.0,自动主题组匹配：五四,五四运动 新文化 弱点(26.25)；五四运动 继承五四 扬弃五四(25.77)；新文化运动 五四运动 学术史(25.36)；五四运动 人民共和国 成立(25.36)；五四运动 社会主义思想 传播(25.0),0230_五四运动_新文化_弱点.md；1611_五四运动_继承五四_扬弃五四.md；0118_新文化运动_五四运动_学术史.md；0238_五四运动_人民共和国_成立.md；0123_五四运动_社会主义思想_传播.md,,五四运动、戊戌、传统,继承五四和扬弃五四；中国文化与马克思主义；中国近代思想史论,19；303；300,是,先核验原卡片再使用,先查主题页《五四新文化与马克思主义早期传播》，再在 T3/T10 中检索：五四运动|戊戌|传统,否
232,五四运动 光荣战斗 致命弱点,0232_五四运动_光荣战斗_致命弱点.md,0,0.0,传播史,五四新文化与马克思主义早期传播,传播史/五四新文化与马克思主义早期传播.md,低,10.0,自动主题组匹配：五四,五四运动 新文化 弱点(26.67)；五四运动 戊戌 传统(25.0)；五四运动 继承五四 扬弃五四(24.41)；新文化运动 五四运动 学术史(24.17)；五四运动 人民共和国 成立(24.17),0230_五四运动_新文化_弱点.md；0231_五四运动_戊戌_传统.md；1611_五四运动_继承五四_扬弃五四.md；0118_新文化运动_五四运动_学术史.md；0238_五四运动_人民共和国_成立.md,,,,,否,先核验原卡片再使用,先查主题页《五四新文化与马克思主义早期传播》，再在 T3/T10 中检索：五四运动|光荣战斗|致命弱点,否
233,科学人生观 玄学人生观 批判,0233_科学人生观_玄学人生观_批判.md,2,51.44,新哲学大众化,新哲学大众化运动,新哲学大众化/新哲学大众化运动.md,低,10.0,自动主题组匹配：人生观,人生观 新哲学 科学人生观(33.33)；陈唯实 通俗辩证法讲话 科学人生观(30.56)；自然科学 人生观 影响(8.33)；功利主义 人生观 玄学(8.33)；科学 方法 论理学 人生观(7.69),0392_人生观_新哲学_科学人生观.md；0132_陈唯实_通俗辩证法讲话_科学人生观.md；0210_自然科学_人生观_影响.md；0220_功利主义_人生观_玄学.md；0219_科学_方法_论理学_人生观.md,,科学人生观、玄学人生观、批判,“新哲学”大众化运动研究；继承五四和扬弃五四,177；105,是,先核验原卡片再使用,先查主题页《新哲学大众化运动》，再在 T3/T10 中检索：科学人生观|玄学人生观|批判,否
234,人生观 哲学 生活,0234_人生观_哲学_生活.md,3,53.8,新哲学大众化,新哲学大众化运动,新哲学大众化/新哲学大众化运动.md,低,10.0,自动主题组匹配：人生观,哲学 生活 人生观(32.86)；新哲学 人生观 生活实践(24.09)；旧哲学 人生观 问题(22.5)；新哲学 人生观 问题(22.5)；人生观 新哲学 科学人生观(21.82),0235_哲学_生活_人生观.md；0391_新哲学_人生观_生活实践.md；0236_旧哲学_人生观_问题.md；0393_新哲学_人生观_问题.md；0392_人生观_新哲学_科学人生观.md,,人生观、哲学、生活,马克思主义哲学在中国传播与发展的百年历史（上）；马克思主义哲学在中国：传播、应用、形态、前景；百年中国哲学革命,260-262；323-326；176-177,是,先核验原卡片再使用,先查主题页《新哲学大众化运动》，再在 T3/T10 中检索：人生观|哲学|生活,否
235,哲学 生活 人生观,0235_哲学_生活_人生观.md,3,53.8,新哲学大众化,新哲学大众化运动,新哲学大众化/新哲学大众化运动.md,低,10.0,自动主题组匹配：人生观,人生观 哲学 生活(32.86)；新哲学 人生观 生活实践(24.09)；旧哲学 人生观 问题(22.5)；新哲学 人生观 问题(22.5)；人生观 新哲学 科学人生观(21.82),0234_人生观_哲学_生活.md；0391_新哲学_人生观_生活实践.md；0236_旧哲学_人生观_问题.md；0393_新哲学_人生观_问题.md；0392_人生观_新哲学_科学人生观.md,,哲学、生活、人生观,马克思主义哲学在中国传播与发展的百年历史（上）；马克思主义哲学在中国：传播、应用、形态、前景；百年中国哲学革命,260-262；323-326；176-177,是,先核验原卡片再使用,先查主题页《新哲学大众化运动》，再在 T3/T10 中检索：哲学|生活|人生观,否
236,旧哲学 人生观 问题,0236_旧哲学_人生观_问题.md,3,48.0,新哲学大众化,新哲学大众化运动,新哲学大众化/新哲学大众化运动.md,低,10.0,自动主题组匹配：人生观,新哲学 人生观 问题(33.75)；人生观 新哲学 科学人生观(24.09)；新哲学 人生观 生活实践(23.33)；人生观 哲学 生活(22.5)；哲学 生活 人生观(22.5),0393_新哲学_人生观_问题.md；0392_人生观_新哲学_科学人生观.md；0391_新哲学_人生观_生活实践.md；0234_人生观_哲学_生活.md；0235_哲学_生活_人生观.md,,旧哲学、人生观、问题,胡绳全书（第四卷）；马克思主义哲学在中国传播与发展的百年历史（上）；科学与人生观,28-29；260-262；126-128,是,先核验原卡片再使用,先查主题页《新哲学大众化运动》，再在 T3/T10 中检索：旧哲学|人生观|问题,否
237,悲观 乐观 人生观,0237_悲观_乐观_人生观.md,3,45.4,新哲学大众化,新哲学大众化运动,新哲学大众化/新哲学大众化运动.md,低,10.0,自动主题组匹配：人生观,吴稚晖 宇宙观 人生观(21.82)；陈独秀 唯物史观 人生观(21.25)；人生观 科学 分家(20.0)；人生观 哲学 生活(20.0)；哲学 生活 人生观(20.0),0209_吴稚晖_宇宙观_人生观.md；0213_陈独秀_唯物史观_人生观.md；0189_人生观_科学_分家.md；0234_人生观_哲学_生活.md；0235_哲学_生活_人生观.md,,悲观、乐观、人生观,胡绳全书（第四卷）；科学与人生观；近五十年中国思想史,75-77；126-128；238-240,是,先核验原卡片再使用,先查主题页《新哲学大众化运动》，再在 T3/T10 中检索：悲观|乐观|人生观,否
238,五四运动 人民共和国 成立,0238_五四运动_人民共和国_成立.md,3,50.76,传播史,五四新文化与马克思主义早期传播,传播史/五四新文化与马克思主义早期传播.md,低,10.0,自动主题组匹配：五四,五四运动 戊戌 传统(25.36)；五四运动 新文化 弱点(25.0)；五四运动 继承五四 扬弃五四(24.69)；新文化运动 五四运动 学术史(24.41)；五四运动 社会主义思想 传播(24.17),0231_五四运动_戊戌_传统.md；0230_五四运动_新文化_弱点.md；1611_五四运动_继承五四_扬弃五四.md；0118_新文化运动_五四运动_学术史.md；0123_五四运动_社会主义思想_传播.md,,五四运动、人民共和国、成立,胡绳全书.第7卷；马列著作在中国的出版；马克思主义在中国早期传播若干问题的辨析_田子渝,56-58；463；2,是,先核验原卡片再使用,先查主题页《五四新文化与马克思主义早期传播》，再在 T3/T10 中检索：五四运动|人民共和国|成立,否
239,五四精神 爱国 民主 科学,0239_五四精神_爱国_民主_科学.md,3,49.6,论战与思想运动,新启蒙运动,论战与思想运动/新启蒙运动.md,高,121.0,已列入原主题页重点卡片；命中主题种子词：五四、民主、科学；主题词重合：民主、科学,五四精神 创造 奋斗(25.77)；五四新文化 民主 科学(7.69)；陈独秀 民主 科学 反孔(5.36),0240_五四精神_创造_奋斗.md；0166_五四新文化_民主_科学.md；0324_陈独秀_民主_科学_反孔.md,,五四精神、爱国、民主、科学,百年中国哲学革命；胡绳全书（第一卷）；继承五四和扬弃五四,3-1；668-669；145,是,可按主题页优先检索,先查主题页《新启蒙运动》，再在 T3/T10 中检索：五四精神|爱国|民主|科学,否
240,五四精神 创造 奋斗,0240_五四精神_创造_奋斗.md,3,41.8,传播史,五四新文化与马克思主义早期传播,传播史/五四新文化与马克思主义早期传播.md,低,10.0,自动主题组匹配：五四,五四精神 爱国 民主 科学(25.77)；五四创造精神 继承 借鉴(5.77),0239_五四精神_爱国_民主_科学.md；0241_五四创造精神_继承_借鉴.md,,五四精神、创造、奋斗,百年中国哲学革命；马克思主义哲学史；继承五四和扬弃五四,8-9；393；111,是,先核验原卡片再使用,先查主题页《五四新文化与马克思主义早期传播》，再在 T3/T10 中检索：五四精神|创造|奋斗,否
241,五四创造精神 继承 借鉴,0241_五四创造精神_继承_借鉴.md,3,35.59,传播史,五四新文化与马克思主义早期传播,传播史/五四新文化与马克思主义早期传播.md,低,10.0,自动主题组匹配：五四,五四 扬弃 继承(14.17)；经世致用 实事求是 传统 继承(11.32)；五四精神 创造 奋斗(5.77),1836_五四_扬弃_继承.md；0622_经世致用_实事求是_传统_继承.md；0240_五四精神_创造_奋斗.md,,继承、借鉴,马克思主义哲学史(第五卷)；继承五四和扬弃五四；百年中国哲学革命,486-489；82；15-16,是,先核验原卡片再使用,先查主题页《五四新文化与马克思主义早期传播》，再在 T3/T10 中检索：五四创造精神|继承|借鉴,否
242,科学与人生观 论战 性质,0242_科学与人生观_论战_性质.md,3,61.0,论战与思想运动,科学与人生观论战,论战与思想运动/科学与人生观论战.md,高,129.0,已列入原主题页重点卡片；命中主题种子词：科学与人生观、人生观、科学、论战；主题词重合：科学与人生观、论战,科学与人生观 论战(59.44)；科学与人生观 论战 马克思主义(52.5)；科学与人生观 论战 马克思主义批判(50.94)；科学与人生观 张君劢 丁文江(38.33)；人生观 论战 科玄论战(18.33),0185_科学与人生观_论战.md；0121_科学与人生观_论战_马克思主义.md；0148_科学与人生观_论战_马克思主义批判.md；1696_科学与人生观_张君劢_丁文江.md；0187_人生观_论战_科玄论战.md,,科学与人生观、论战、性质,百年中国哲学革命；马克思主义哲学史（第六卷；中国现代思想史论,63-64；177-178；339,是,可按主题页优先检索,先查主题页《科学与人生观论战》，再在 T3/T10 中检索：科学与人生观|论战|性质,否
243,严复 中西 事理 古今,0243_严复_中西_事理_古今.md,3,51.0,论战与思想运动,中国近代启蒙与民主革命,论战与思想运动/中国近代启蒙与民主革命.md,低,8.0,二级自动主题组匹配：严复,严复 自由 经验论(12.08)；严复 天演论 进化论(11.92)；严复 自由 功利主义(11.92)；严复 天演之学 经验论(11.79)；严复 归纳法 逻辑思想(11.79),0180_严复_自由_经验论.md；0179_严复_天演论_进化论.md；0253_严复_自由_功利主义.md；0251_严复_天演之学_经验论.md；0252_严复_归纳法_逻辑思想.md,,严复、中西、事理、古今,中国近代哲学的革命进程；冯契文集第七卷中国近代哲学的革命进程；马克思主义哲学的中国化及其历程,2-4；4；259-262,是,先核验原卡片再使用,先查主题页《中国近代启蒙与民主革命》，再在 T3/T10 中检索：严复|中西|事理|古今,否
244,康有为 三世说 历史进化论,0244_康有为_三世说_历史进化论.md,3,50.75,论战与思想运动,中国近代启蒙与民主革命,论战与思想运动/中国近代启蒙与民主革命.md,低,16.0,二级自动主题组匹配：康有为、进化论,康有为 大同思想 历史进化(23.33)；康有为 公羊三世 进化(22.14)；康有为 谭嗣同(18.85)；康有为 改良派(18.85)；康有为 梁启超(18.85),0246_康有为_大同思想_历史进化.md；0173_康有为_公羊三世_进化.md；1727_康有为_谭嗣同.md；1749_康有为_改良派.md；1865_康有为_梁启超.md,,康有为、三世说、历史进化论,冯契文集第七卷中国近代哲学的革命进程；中国近代思想史论；马列著作在中国的出版,93；73；25,是,先核验原卡片再使用,先查主题页《中国近代启蒙与民主革命》，再在 T3/T10 中检索：康有为|三世说|历史进化论,否
245,康有为 变法维新 哲学根据,0245_康有为_变法维新_哲学根据.md,3,50.68,论战与思想运动,中国近代启蒙与民主革命,论战与思想运动/中国近代启蒙与民主革命.md,低,10.0,自动主题组匹配：维新,康有为 谭嗣同(18.85)；康有为 改良派(18.85)；康有为 梁启超(18.85)；康有为 托古改制 大同(18.12)；康有为 公羊三世 进化(18.12),1727_康有为_谭嗣同.md；1749_康有为_改良派.md；1865_康有为_梁启超.md；0172_康有为_托古改制_大同.md；0173_康有为_公羊三世_进化.md,,康有为、变法维新、哲学根据,冯契文集第七卷中国近代哲学的革命进程；中国近代哲学的革命进程；中国近代思想史论,95；94-95；206,是,先核验原卡片再使用,先查主题页《中国近代启蒙与民主革命》，再在 T3/T10 中检索：康有为|变法维新|哲学根据,否
246,康有为 大同思想 历史进化,0246_康有为_大同思想_历史进化.md,3,49.6,论战与思想运动,中国近代启蒙与民主革命,论战与思想运动/中国近代启蒙与民主革命.md,低,8.0,二级自动主题组匹配：康有为,康有为 三世说 历史进化论(23.33)；康有为 大同书 空想主义(21.67)；康有为 托古改制 大同(20.0)；康有为 公羊三世 进化(20.0)；康有为 反古思想 空想主义(19.41),0244_康有为_三世说_历史进化论.md；0161_康有为_大同书_空想主义.md；0172_康有为_托古改制_大同.md；0173_康有为_公羊三世_进化.md；0159_康有为_反古思想_空想主义.md,,康有为、大同思想、历史进化,冯契文集第七卷中国近代哲学的革命进程；中国近代哲学的革命进程；中国近代思想史论,99；99-103；243,是,先核验原卡片再使用,先查主题页《中国近代启蒙与民主革命》，再在 T3/T10 中检索：康有为|大同思想|历史进化,否
247,康有为 以智为先 方法论,0247_康有为_以智为先_方法论.md,3,48.27,论战与思想运动,中国近代启蒙与民主革命,论战与思想运动/中国近代启蒙与民主革命.md,低,9.0,二级自动主题组匹配：康有为,康有为 谭嗣同(19.17)；康有为 改良派(19.17)；康有为 梁启超(19.17)；胡适 方法论 评议(18.85)；胡适 方法论 两重性(18.57),1727_康有为_谭嗣同.md；1749_康有为_改良派.md；1865_康有为_梁启超.md；0479_胡适_方法论_评议.md；0480_胡适_方法论_两重性.md,,康有为、以智为先、方法论,冯契文集第七卷中国近代哲学的革命进程；中国近代哲学的革命进程；二十世纪上半叶马克思主义哲学中国化之检视_王玉平,111；111-114；73,是,先核验原卡片再使用,先查主题页《中国近代启蒙与民主革命》，再在 T3/T10 中检索：康有为|以智为先|方法论,否
248,谭嗣同 冲决网罗 仁学,0248_谭嗣同_冲决网罗_仁学.md,3,47.6,论战与思想运动,中国近代启蒙与民主革命,论战与思想运动/中国近代启蒙与民主革命.md,中,32.0,二级自动主题组匹配：谭嗣同、仁学、冲决、网罗,谭嗣同 仁学 冲决网罗(60.0)；仁学 谭嗣同(33.33)；谭嗣同 仁学 个性解放(30.77)；谭嗣同 冲决罗网 反古思想(22.14)；康有为 谭嗣同(19.55),0175_谭嗣同_仁学_冲决网罗.md；1776_仁学_谭嗣同.md；0163_谭嗣同_仁学_个性解放.md；0162_谭嗣同_冲决罗网_反古思想.md；1727_康有为_谭嗣同.md,,谭嗣同、冲决网罗、仁学,中国近代哲学的革命进程；冯契文集第七卷中国近代哲学的革命进程；马列著作在中国的出版,119-120；119；26,是,可按主题页优先检索,先查主题页《中国近代启蒙与民主革命》，再在 T3/T10 中检索：谭嗣同|冲决网罗|仁学,否
249,谭嗣同 以太说 唯名论,0249_谭嗣同_以太说_唯名论.md,3,45.91,论战与思想运动,中国近代启蒙与民主革命,论战与思想运动/中国近代启蒙与民主革命.md,低,8.0,二级自动主题组匹配：谭嗣同,仁学 谭嗣同(20.0)；康有为 谭嗣同(19.55)；谭嗣同 仁学 个性解放(18.57)；谭嗣同 仁学 冲决网罗(18.57)；谭嗣同 冲决网罗 仁学(18.57),1776_仁学_谭嗣同.md；1727_康有为_谭嗣同.md；0163_谭嗣同_仁学_个性解放.md；0175_谭嗣同_仁学_冲决网罗.md；0248_谭嗣同_冲决网罗_仁学.md,,谭嗣同、以太说、唯名论,中国近代哲学的革命进程；冯契文集第七卷中国近代哲学的革命进程；认识世界和认识自己,124-128；124；255,是,先核验原卡片再使用,先查主题页《中国近代启蒙与民主革命》，再在 T3/T10 中检索：谭嗣同|以太说|唯名论,否
250,谭嗣同 进化论 唯意志论,0250_谭嗣同_进化论_唯意志论.md,3,48.72,论战与思想运动,中国近代启蒙与民主革命,论战与思想运动/中国近代启蒙与民主革命.md,低,16.0,二级自动主题组匹配：谭嗣同、进化论,精神万能 唯意志论 批判(25.0)；瞿秋白 张君劢 唯意志论 批判(24.41)；仁学 谭嗣同(19.55)；康有为 谭嗣同(19.17)；严复 天演论 进化论(18.57),1373_精神万能_唯意志论_批判.md；0226_瞿秋白_张君劢_唯意志论_批判.md；1776_仁学_谭嗣同.md；1727_康有为_谭嗣同.md；0179_严复_天演论_进化论.md,,谭嗣同、进化论、唯意志论,冯契文集第七卷中国近代哲学的革命进程；中国近代哲学的革命进程；二十世纪上半叶马克思主义哲学中国化之检视_王玉平,130；133-135；60,是,先核验原卡片再使用,先查主题页《中国近代启蒙与民主革命》，再在 T3/T10 中检索：谭嗣同|进化论|唯意志论,否
251,严复 天演之学 经验论,0251_严复_天演之学_经验论.md,3,47.6,论战与思想运动,中国近代启蒙与民主革命,论战与思想运动/中国近代启蒙与民主革命.md,低,8.0,二级自动主题组匹配：严复,严复 自由 经验论(31.82)；严复 天演论 进化论(16.25)；严复 中西 事理 古今(11.79)；严复 自由 功利主义(11.79)；严复 归纳法 逻辑思想(11.67),0180_严复_自由_经验论.md；0179_严复_天演论_进化论.md；0243_严复_中西_事理_古今.md；0253_严复_自由_功利主义.md；0252_严复_归纳法_逻辑思想.md,,严复、天演之学、经验论,中国近代哲学的革命进程；冯契文集第七卷中国近代哲学的革命进程；认识世界和认识自己,135-136；135；255,是,先核验原卡片再使用,先查主题页《中国近代启蒙与民主革命》，再在 T3/T10 中检索：严复|天演之学|经验论,否
252,严复 归纳法 逻辑思想,0252_严复_归纳法_逻辑思想.md,3,47.2,论战与思想运动,中国近代启蒙与民主革命,论战与思想运动/中国近代启蒙与民主革命.md,低,8.0,二级自动主题组匹配：严复,严复 自由 经验论(11.92)；严复 天演论 进化论(11.79)；严复 中西 事理 古今(11.79)；严复 自由 功利主义(11.79)；严复 天演之学 经验论(11.67),0180_严复_自由_经验论.md；0179_严复_天演论_进化论.md；0243_严复_中西_事理_古今.md；0253_严复_自由_功利主义.md；0251_严复_天演之学_经验论.md,,严复、归纳法、逻辑思想,中国近代哲学的革命进程；冯契文集第七卷中国近代哲学的革命进程；中国文化与马克思主义,156-159；156；210,是,先核验原卡片再使用,先查主题页《中国近代启蒙与民主革命》，再在 T3/T10 中检索：严复|归纳法|逻辑思想,否
253,严复 自由 功利主义,0253_严复_自由_功利主义.md,3,45.94,论战与思想运动,中国近代启蒙与民主革命,论战与思想运动/中国近代启蒙与民主革命.md,低,10.0,自动主题组匹配：自由,功利主义 人生观 玄学(26.25)；严复 自由 经验论(17.5)；严复 天演论 进化论(11.92)；严复 中西 事理 古今(11.92)；严复 天演之学 经验论(11.79),0220_功利主义_人生观_玄学.md；0180_严复_自由_经验论.md；0179_严复_天演论_进化论.md；0243_严复_中西_事理_古今.md；0251_严复_天演之学_经验论.md,,严复、自由、功利主义,中国近代哲学的革命进程；冯契文集第七卷中国近代哲学的革命进程；继承五四和扬弃五四,160-163；233；58,是,先核验原卡片再使用,先查主题页《中国近代启蒙与民主革命》，再在 T3/T10 中检索：严复|自由|功利主义,否
254,梁启超 自由 群 进化,0254_梁启超_自由_群_进化.md,3,45.18,论战与思想运动,中国近代启蒙与民主革命,论战与思想运动/中国近代启蒙与民主革命.md,低,10.0,自动主题组匹配：自由,康有为 梁启超(20.0)；张君劢 梁启超 玄学派(18.85)；梁启超 欧游 科学万能(18.85)；梁启超 除心奴 认识论(18.85)；梁启超 民权思想 新民说(18.57),1865_康有为_梁启超.md；0192_张君劢_梁启超_玄学派.md；0198_梁启超_欧游_科学万能.md；0255_梁启超_除心奴_认识论.md；0164_梁启超_民权思想_新民说.md,,梁启超、自由、进化,中国近代哲学的革命进程；百年中国哲学革命；“新理学”批判的批判,167-168；520-521；231,是,先核验原卡片再使用,先查主题页《中国近代启蒙与民主革命》，再在 T3/T10 中检索：梁启超|自由|进化,否
255,梁启超 除心奴 认识论,0255_梁启超_除心奴_认识论.md,3,46.05,理论方法,哲学基本范畴与辩证法原理,理论方法/哲学基本范畴与辩证法原理.md,中,20.0,自动主题组匹配：认识、认识论,康有为 梁启超(19.55)；群众路线 认识论(19.17)；列宁 感觉 认识论(19.17)；分析 综合 认识论(19.17)；归纳 演绎 认识论(19.17),1865_康有为_梁启超.md；0598_群众路线_认识论.md；0836_列宁_感觉_认识论.md；1548_分析_综合_认识论.md；1549_归纳_演绎_认识论.md,,梁启超、除心奴、认识论,冯契文集第七卷中国近代哲学的革命进程；中国近代哲学的革命进程；马克思主义哲学的中国化及其历程,176；174-178；244-246,是,可按主题页优先检索,先查主题页《哲学基本范畴与辩证法原理》，再在 T3/T10 中检索：梁启超|除心奴|认识论,否
256,鲁迅 方向 中华民族新文化,0256_鲁迅_方向_中华民族新文化.md,3,50.41,传播史,五四新文化与马克思主义早期传播,传播史/五四新文化与马克思主义早期传播.md,低,10.0,自动主题组匹配：新文化,思想斗争 方向 文化(13.33)；鲁迅 哲学思想 转变(11.56)；鲁迅 早期 哲学贡献(11.56)；鲁迅 唯物史观 传播 运用(11.39)；鲁迅 辩证法 唯物论 理想主义(11.25),1445_思想斗争_方向_文化.md；1424_鲁迅_哲学思想_转变.md；1591_鲁迅_早期_哲学贡献.md；0116_鲁迅_唯物史观_传播_运用.md；1592_鲁迅_辩证法_唯物论_理想主义.md,,鲁迅、方向、中华民族新文化,艾思奇全书（第3卷）；冯契文集第七卷中国近代哲学的革命进程；胡绳全书（第一卷）,161-163；418；348-350,是,先核验原卡片再使用,先查主题页《五四新文化与马克思主义早期传播》，再在 T3/T10 中检索：鲁迅|方向|中华民族新文化,否
257,中国马克思主义 学术史 职业学者,0257_中国马克思主义_学术史_职业学者.md,3,55.2,学科史,中国马克思主义哲学史学科建设,学科史/中国马克思主义哲学史学科建设.md,高,109.0,已列入原主题页重点卡片；命中主题种子词：学术史；主题词重合：学术史,中国马克思主义 学术史 研究(65.0)；中国马克思主义 学术史 起步(65.0)；中国马克思主义 学术史 阶段(65.0)；中国马克思主义 学术共同体 形成(46.11)；中国马克思主义 马克思主义者(45.0),0915_中国马克思主义_学术史_研究.md；0917_中国马克思主义_学术史_起步.md；0921_中国马克思主义_学术史_阶段.md；0975_中国马克思主义_学术共同体_形成.md；1788_中国马克思主义_马克思主义者.md,,中国马克思主义、学术史、职业学者,中国马克思主义学术史纲；马克思主义中国化探论；中国文化与马克思主义,未识别；220；406,是,可按主题页优先检索,先查主题页《中国马克思主义哲学史学科建设》，再在 T3/T10 中检索：中国马克思主义|学术史|职业学者,否
258,李大钊 唯物史观 研究,0258_李大钊_唯物史观_研究.md,3,52.8,传播史,李大钊与唯物史观传播,传播史/李大钊与唯物史观传播.md,高,131.0,已列入原主题页重点卡片；命中主题种子词：李大钊、唯物史观；主题词重合：李大钊、唯物史观；主题域增强：唯物史观、李大钊,李大钊 唯物史观 历史研究(50.91)；唯物史观 李大钊(48.89)；李大钊 唯物史观 初步应用(47.5)；李大钊 唯物史观 史学要论(47.5)；李大钊 唯物史观 阶级斗争(47.5),0304_李大钊_唯物史观_历史研究.md；1775_唯物史观_李大钊.md；0272_李大钊_唯物史观_初步应用.md；0302_李大钊_唯物史观_史学要论.md；0326_李大钊_唯物史观_阶级斗争.md,,李大钊、唯物史观、研究,中国马克思主义学术史纲；马克思主义哲学在中国：传播、应用、形态、前景；马克思主义哲学中国化与中国哲学的现代转型,22-24；326-328；290-291,是,可按主题页优先检索,先查主题页《李大钊与唯物史观传播》，再在 T3/T10 中检索：李大钊|唯物史观|研究,否
259,李大钊 历史观 学术思想,0259_李大钊_历史观_学术思想.md,3,38.2,传播史,李大钊与唯物史观传播,传播史/李大钊与唯物史观传播.md,高,117.0,已列入原主题页重点卡片；命中主题种子词：李大钊；主题词重合：李大钊；主题域增强：历史观、李大钊,陈独秀 社会主义 学术思想(24.69)；马克思主义 学术思想 时代背景(24.17)；早期马克思主义 学术思想 开展(24.17)；李大钊 唯物史观 历史研究(21.67)；唯物史观 李大钊(21.25),0263_陈独秀_社会主义_学术思想.md；0968_马克思主义_学术思想_时代背景.md；0969_早期马克思主义_学术思想_开展.md；0304_李大钊_唯物史观_历史研究.md；1775_唯物史观_李大钊.md,,李大钊、历史观、学术思想,中国马克思主义学术史纲；百年中国哲学革命；马克思主义哲学中国化与中国哲学的现代转型,18-20；95-97；290-291,是,可按主题页优先检索,先查主题页《李大钊与唯物史观传播》，再在 T3/T10 中检索：李大钊|历史观|学术思想,否
260,李大钊 马克思主义 学术贡献,0260_李大钊_马克思主义_学术贡献.md,3,40.33,传播史,李大钊与唯物史观传播,传播史/李大钊与唯物史观传播.md,高,113.0,已列入原主题页重点卡片；命中主题种子词：李大钊；主题词重合：李大钊；主题域增强：李大钊,职业学者 马克思主义 学术贡献(33.33)；瞿秋白 马克思主义哲学 学术贡献(30.29)；李大钊 马克思主义传播 活动(26.67)；李大钊 马克思主义 最早传播者(25.94)；李达 唯物史观 学术贡献(24.41),0270_职业学者_马克思主义_学术贡献.md；0265_瞿秋白_马克思主义哲学_学术贡献.md；0278_李大钊_马克思主义传播_活动.md；0353_李大钊_马克思主义_最早传播者.md；0269_李达_唯物史观_学术贡献.md,,李大钊、马克思主义、学术贡献,马克思主义哲学史教程；马克思主义哲学中国化与中国哲学的现代转型；百年中国哲学革命,825-826；288-290；84-86,是,可按主题页优先检索,先查主题页《李大钊与唯物史观传播》，再在 T3/T10 中检索：李大钊|马克思主义|学术贡献,否
261,陈独秀 马克思主义 研究,0261_陈独秀_马克思主义_研究.md,3,58.0,传播史,五四时期马克思主义传播,传播史/五四时期马克思主义传播.md,高,113.0,已列入原主题页重点卡片；命中主题种子词：陈独秀；主题词重合：陈独秀；主题域增强：陈独秀,陈独秀 马克思主义传播 活动(28.46)；陈独秀 马克思主义哲学 宣传(28.46)；陈独秀 马克思主义哲学 宣传 运用(26.67)；陈独秀 科学 民主 马克思主义(25.71)；陈独秀 马克思 两大精神(24.62),0281_陈独秀_马克思主义传播_活动.md；0306_陈独秀_马克思主义哲学_宣传.md；0354_陈独秀_马克思主义哲学_宣传_运用.md；0262_陈独秀_科学_民主_马克思主义.md；0307_陈独秀_马克思_两大精神.md,,陈独秀、马克思主义、研究,中国马克思主义学术史纲；百年中国哲学革命；马克思主义中国化史,26-28；139-141；未识别,是,可按主题页优先检索,先查主题页《五四时期马克思主义传播》，再在 T3/T10 中检索：陈独秀|马克思主义|研究,否
262,陈独秀 科学 民主 马克思主义,0262_陈独秀_科学_民主_马克思主义.md,3,56.8,传播史,五四时期马克思主义传播,传播史/五四时期马克思主义传播.md,高,113.0,已列入原主题页重点卡片；命中主题种子词：陈独秀；主题词重合：陈独秀；主题域增强：陈独秀,陈独秀 马克思主义 研究(25.71)；陈独秀 马克思主义传播 活动(24.38)；陈独秀 马克思主义哲学 宣传(24.38)；陈独秀 马克思主义哲学 宣传 运用(23.33)；马克思主义早期传播 李大钊 陈独秀(22.89),0261_陈独秀_马克思主义_研究.md；0281_陈独秀_马克思主义传播_活动.md；0306_陈独秀_马克思主义哲学_宣传.md；0354_陈独秀_马克思主义哲学_宣传_运用.md；1693_马克思主义早期传播_李大钊_陈独秀.md,,陈独秀、科学、民主、马克思主义,马克思主义哲学史教程；马克思主义哲学中国化与中国哲学的现代转型；马克思主义哲学的中国化及其历程,857-859；185；277-280,是,可按主题页优先检索,先查主题页《五四时期马克思主义传播》，再在 T3/T10 中检索：陈独秀|科学|民主|马克思主义,否
263,陈独秀 社会主义 学术思想,0263_陈独秀_社会主义_学术思想.md,3,48.81,传播史,陈独秀与马克思主义传播,传播史/陈独秀与马克思主义传播.md,高,109.0,已列入原主题页重点卡片；命中主题种子词：陈独秀；主题词重合：陈独秀,马克思主义 学术思想 时代背景(27.35)；早期马克思主义 学术思想 开展(27.35)；俄国 社会主义(26.25)；德国 社会主义(26.25)；法国 社会主义(26.25),0968_马克思主义_学术思想_时代背景.md；0969_早期马克思主义_学术思想_开展.md；1758_俄国_社会主义.md；1772_德国_社会主义.md；1817_法国_社会主义.md,,陈独秀、社会主义、学术思想,马克思主义哲学中国化理论与历史；中国马克思主义学术史纲；马克思主义哲学史教程,163；30；863-865,是,可按主题页优先检索,先查主题页《陈独秀与马克思主义传播》，再在 T3/T10 中检索：陈独秀|社会主义|学术思想,否
264,瞿秋白 互辩律的唯物论,0264_瞿秋白_互辩律的唯物论.md,3,48.91,传播史,瞿秋白与辩证唯物主义传播,传播史/瞿秋白与辩证唯物主义传播.md,高,109.0,已列入原主题页重点卡片；命中主题种子词：瞿秋白；主题词重合：瞿秋白,瞿秋白 历史唯物论 基本原理(21.25)；瞿秋白 唯物论 唯心论 哲学根本问题(20.26)；瞿秋白 唯物辩证法 研究(20.0)；瞿秋白 科玄论战 唯物史观(19.69)；陈独秀 瞿秋白 唯物史观派(19.69),0313_瞿秋白_历史唯物论_基本原理.md；0311_瞿秋白_唯物论_唯心论_哲学根本问题.md；0266_瞿秋白_唯物辩证法_研究.md；0216_瞿秋白_科玄论战_唯物史观.md；0329_陈独秀_瞿秋白_唯物史观派.md,,瞿秋白、互辩律的唯物论,冯契文集第七卷中国近代哲学的革命进程；二十世纪上半叶马克思主义哲学中国化之检视_王玉平；“新哲学”大众化运动研究,397；96；99,是,可按主题页优先检索,先查主题页《瞿秋白与辩证唯物主义传播》，再在 T3/T10 中检索：瞿秋白|互辩律的唯物论,否
265,瞿秋白 马克思主义哲学 学术贡献,0265_瞿秋白_马克思主义哲学_学术贡献.md,3,37.33,传播史,早期共产主义者与马克思主义传播,传播史/早期共产主义者与马克思主义传播.md,高,109.0,已列入原主题页重点卡片；命中主题种子词：瞿秋白；主题词重合：瞿秋白,瞿秋白 马克思主义哲学 宣传(65.0)；马克思主义哲学 学科化 问题(45.29)；马克思主义哲学 学习 新局面(45.29)；马克思主义哲学 中国哲学(44.38)；大众哲学 马克思主义哲学 传播贡献(44.21),0310_瞿秋白_马克思主义哲学_宣传.md；0936_马克思主义哲学_学科化_问题.md；1341_马克思主义哲学_学习_新局面.md；1823_马克思主义哲学_中国哲学.md；0372_大众哲学_马克思主义哲学_传播贡献.md,,瞿秋白、马克思主义哲学,马克思主义哲学中国化与中国哲学的现代转型；马克思主义哲学在中国传播与发展的百年历史（上）；马克思主义哲学史教程,434-436；198-200；897-898,是,可按主题页优先检索,先查主题页《早期共产主义者与马克思主义传播》，再在 T3/T10 中检索：瞿秋白|马克思主义哲学|学术贡献,否
266,瞿秋白 唯物辩证法 研究,0266_瞿秋白_唯物辩证法_研究.md,3,50.25,传播史,瞿秋白与辩证唯物主义传播,传播史/瞿秋白与辩证唯物主义传播.md,高,121.0,已列入原主题页重点卡片；命中主题种子词：瞿秋白、唯物辩证法；主题词重合：瞿秋白、唯物辩证法,现代科学成就 唯物辩证法 研究(35.0)；唯物辩证法 风靡全国(32.69)；唯物辩证法 风靡 起点(32.69)；唯物辩证法 风靡 前奏(32.69)；唯物辩证法 风靡 原因(32.69),1270_现代科学成就_唯物辩证法_研究.md；1026_唯物辩证法_风靡全国.md；1027_唯物辩证法_风靡_起点.md；1028_唯物辩证法_风靡_前奏.md；1030_唯物辩证法_风靡_原因.md,,瞿秋白、唯物辩证法、研究,中国马克思主义学术史纲；“新哲学”大众化运动研究；马克思主义哲学中国化与中国哲学的现代转型,30-32；13；438-439,是,可按主题页优先检索,先查主题页《瞿秋白与辩证唯物主义传播》，再在 T3/T10 中检索：瞿秋白|唯物辩证法|研究,否
267,李达 马克思主义哲学 研究,0267_李达_马克思主义哲学_研究.md,3,51.6,传播史,李达与马克思主义哲学体系化,传播史/李达与马克思主义哲学体系化.md,高,109.0,已列入原主题页重点卡片；命中主题种子词：李达；主题词重合：李达,李达 马克思主义哲学 泰斗(61.67)；李达 马克思主义哲学 中国化(60.38)；李达 社会学大纲 马克思主义哲学(55.94)；马克思主义哲学 教学 研究 宣传(49.29)；马克思主义哲学 中国哲学(46.54),0355_李达_马克思主义哲学_泰斗.md；0301_李达_马克思主义哲学_中国化.md；0323_李达_社会学大纲_马克思主义哲学.md；1224_马克思主义哲学_教学_研究_宣传.md；1823_马克思主义哲学_中国哲学.md,,李达、马克思主义哲学、研究,中国马克思主义学术史纲；百年中国哲学革命；马克思主义哲学中国化与中国哲学的现代转型,36-38；144-145；451,是,可按主题页优先检索,先查主题页《李达与马克思主义哲学体系化》，再在 T3/T10 中检索：李达|马克思主义哲学|研究,否
268,李达 社会学大纲 学术史,0268_李达_社会学大纲_学术史.md,3,39.4,传播史,李达与马克思主义哲学体系化,传播史/李达与马克思主义哲学体系化.md,高,121.0,已列入原主题页重点卡片；命中主题种子词：李达、社会学大纲；主题词重合：李达、社会学大纲,李达 社会学大纲 教科书形态(45.71)；李达 社会学大纲 教科书传播(45.71)；李达 现代社会学 社会学大纲(44.62)；李达 社会学大纲 马克思主义哲学(44.38)；李达 社会学大纲 马克思主义教科书(43.82),0276_李达_社会学大纲_教科书形态.md；0299_李达_社会学大纲_教科书传播.md；0298_李达_现代社会学_社会学大纲.md；0323_李达_社会学大纲_马克思主义哲学.md；0328_李达_社会学大纲_马克思主义教科书.md,,李达、社会学大纲、学术史,中国马克思主义学术史纲；百年中国哲学革命；马克思主义哲学中国化与中国哲学的现代转型,36-38；144-145；443-446,是,可按主题页优先检索,先查主题页《李达与马克思主义哲学体系化》，再在 T3/T10 中检索：李达|社会学大纲|学术史,否
269,李达 唯物史观 学术贡献,0269_李达_唯物史观_学术贡献.md,3,46.3,传播史,李达与马克思主义哲学体系化,传播史/李达与马克思主义哲学体系化.md,高,109.0,已列入原主题页重点卡片；命中主题种子词：李达；主题词重合：李达,李达 唯物史观 社会学(40.42)；李达 唯物史观 传播 应用(39.62)；李达 唯物史观 现代社会学(38.93)；唯物史观 世界观 学习教育(26.67)；唯物史观 谈政治(26.25),0284_李达_唯物史观_社会学.md；0332_李达_唯物史观_传播_应用.md；0314_李达_唯物史观_现代社会学.md；0001_唯物史观_世界观_学习教育.md；0032_唯物史观_谈政治.md,,李达、唯物史观、学术贡献,马克思主义哲学中国化与中国哲学的现代转型；中国马克思主义哲学教科书编写之起步、发展与演化（1922—1949）；马克思主义哲学史教程,288-290；8；883-885,是,可按主题页优先检索,先查主题页《李达与马克思主义哲学体系化》，再在 T3/T10 中检索：李达|唯物史观|学术贡献,否
270,职业学者 马克思主义 学术贡献,0270_职业学者_马克思主义_学术贡献.md,3,38.95,理论方法,马克思恩格斯经典文本与哲学关系,理论方法/马克思恩格斯经典文本与哲学关系.md,低,10.0,自动主题组匹配：马克思,中国马克思主义 学术史 职业学者(34.06)；李大钊 马克思主义 学术贡献(33.33)；瞿秋白 马克思主义哲学 学术贡献(29.72)；李达 唯物史观 学术贡献(24.17)；马克思主义 学术研究 职业化(10.94),0257_中国马克思主义_学术史_职业学者.md；0260_李大钊_马克思主义_学术贡献.md；0265_瞿秋白_马克思主义哲学_学术贡献.md；0269_李达_唯物史观_学术贡献.md；0970_马克思主义_学术研究_职业化.md,,马克思主义、学术贡献、职业学者,马克思主义哲学中国化与中国哲学的现代转型；中国马克思主义学术史纲；中国马克思主义哲学教科书编写之起步、发展与演化（1922—1949）,321；未识别；8,是,先核验原卡片再使用,先查主题页《马克思恩格斯经典文本与哲学关系》，再在 T3/T10 中检索：职业学者|马克思主义|学术贡献,否
271,周恩来 蔡和森 欧洲 马克思主义,0271_周恩来_蔡和森_欧洲_马克思主义.md,3,56.0,理论方法,马克思恩格斯经典文本与哲学关系,理论方法/马克思恩格斯经典文本与哲学关系.md,低,10.0,自动主题组匹配：马克思,蔡和森 马克思主义传播 活动(23.82)；周恩来 唯物史观 传播 应用(17.5)；蔡和森 唯物史观 传播 应用(17.5)；施存统 蔡和森 社会改造 唯物史观(17.17)；欧洲 第二渠道 马克思主义哲学(16.58),0289_蔡和森_马克思主义传播_活动.md；0114_周恩来_唯物史观_传播_应用.md；0333_蔡和森_唯物史观_传播_应用.md；0275_施存统_蔡和森_社会改造_唯物史观.md；0062_欧洲_第二渠道_马克思主义哲学.md,,周恩来、蔡和森、欧洲、马克思主义,马克思主义哲学在中国：传播、应用、形态、前景；百年中国哲学革命；马克思主义哲学中国化的历史进程,58-60；435-437；2,是,先核验原卡片再使用,先查主题页《马克思恩格斯经典文本与哲学关系》，再在 T3/T10 中检索：周恩来|蔡和森|欧洲|马克思主义,否
272,李大钊 唯物史观 初步应用,0272_李大钊_唯物史观_初步应用.md,3,45.0,传播史,李大钊与唯物史观传播,传播史/李大钊与唯物史观传播.md,高,131.0,已列入原主题页重点卡片；命中主题种子词：李大钊、唯物史观；主题词重合：李大钊、唯物史观；主题域增强：唯物史观、李大钊,李大钊 唯物史观 传播 应用(48.46)；李大钊 唯物史观 研究(47.5)；唯物史观 李大钊(46.36)；李大钊 唯物史观 史学要论(45.71)；李大钊 唯物史观 历史研究(45.71),0330_李大钊_唯物史观_传播_应用.md；0258_李大钊_唯物史观_研究.md；1775_唯物史观_李大钊.md；0302_李大钊_唯物史观_史学要论.md；0304_李大钊_唯物史观_历史研究.md,,李大钊、唯物史观、初步应用,马克思主义哲学在中国：传播、应用、形态、前景；马克思主义哲学中国化与中国哲学的现代转型；中国马克思主义学术史纲,303-305；294-295；22-24,是,可按主题页优先检索,先查主题页《李大钊与唯物史观传播》，再在 T3/T10 中检索：李大钊|唯物史观|初步应用,否
273,翦伯赞 中国通史 唯物史观,0273_翦伯赞_中国通史_唯物史观.md,3,50.54,理论方法,唯物史观与中国史学研究,理论方法/唯物史观与中国史学研究.md,低,18.0,自动主题组匹配：中国通史,范文澜 中国通史 唯物史观(53.46)；侯外庐 中国通史 唯物史观(53.46)；中国社会史论战 唯物史观(26.25)；唯物史观 中国革命发展战略(25.88)；唯物史观 研究 中国传统哲学(25.88),0008_范文澜_中国通史_唯物史观.md；0009_侯外庐_中国通史_唯物史观.md；1699_中国社会史论战_唯物史观.md；0012_唯物史观_中国革命发展战略.md；0042_唯物史观_研究_中国传统哲学.md,,翦伯赞、中国通史、唯物史观,抗战时期重庆马克思主义知识群体“学术中国化”研究特点与启示_于文善；延安时期知识分子群体与马克思主义哲学大众化郭 - 2015 -；马克思主义哲学在中国：传播、应用、形态、前景,4；143；312-315,是,先核验原卡片再使用,先查主题页《唯物史观与中国史学研究》，再在 T3/T10 中检索：翦伯赞|中国通史|唯物史观,否
274,李大钊 社会改造 唯物史观,0274_李大钊_社会改造_唯物史观.md,3,50.42,传播史,李大钊与唯物史观传播,传播史/李大钊与唯物史观传播.md,高,143.0,已列入原主题页重点卡片；命中主题种子词：李大钊、唯物史观、社会改造；主题词重合：李大钊、社会改造、唯物史观；主题域增强：唯物史观、李大钊,施存统 蔡和森 社会改造 唯物史观(50.94)；唯物史观 李大钊(46.36)；李大钊 唯物史观 研究(44.62)；李大钊 唯物史观 初步应用(43.33)；李大钊 阶级斗争 唯物史观(43.33),0275_施存统_蔡和森_社会改造_唯物史观.md；1775_唯物史观_李大钊.md；0258_李大钊_唯物史观_研究.md；0272_李大钊_唯物史观_初步应用.md；0280_李大钊_阶级斗争_唯物史观.md,,李大钊、社会改造、唯物史观,二十世纪上半叶马克思主义哲学中国化之检视_王玉平；马列著作在中国的出版；马克思主义哲学史（第六卷,71；162；50-52,是,可按主题页优先检索,先查主题页《李大钊与唯物史观传播》，再在 T3/T10 中检索：李大钊|社会改造|唯物史观,否
275,施存统 蔡和森 社会改造 唯物史观,0275_施存统_蔡和森_社会改造_唯物史观.md,3,48.0,理论方法,唯物史观与中国史学研究,理论方法/唯物史观与中国史学研究.md,低,30.0,自动主题组匹配：社会改造,李大钊 社会改造 唯物史观(50.94)；蔡和森 唯物史观 传播 应用(41.94)；唯物史观 中国社会改造 方向方法(27.5)；李达 唯物史观 社会学(25.88)；李达 唯物史观 现代社会学(25.26),0274_李大钊_社会改造_唯物史观.md；0333_蔡和森_唯物史观_传播_应用.md；0011_唯物史观_中国社会改造_方向方法.md；0284_李达_唯物史观_社会学.md；0314_李达_唯物史观_现代社会学.md,,施存统、蔡和森、社会改造、唯物史观,马克思主义哲学在中国：传播、应用、形态、前景；马克思主义哲学史教程；马克思主义哲学在中国的传播与马克思主义哲学中国化,358-360；934-936；7,是,先核验原卡片再使用,先查主题页《唯物史观与中国史学研究》，再在 T3/T10 中检索：施存统|蔡和森|社会改造|唯物史观,否
276,李达 社会学大纲 教科书形态,0276_李达_社会学大纲_教科书形态.md,3,52.07,苏联哲学,马克思主义哲学教科书体系,苏联哲学/马克思主义哲学教科书体系.md,高,127.0,已列入原主题页重点卡片；命中主题种子词：教科书、教科书形态、社会学大纲；主题词重合：社会学大纲、教科书形态,李达 社会学大纲 教科书传播(52.31)；李达 社会学大纲 马克思主义教科书(46.76)；李达 社会学大纲 学术史(45.71)；李达 现代社会学 社会学大纲(43.33)；李达 社会学大纲 马克思主义哲学(43.33),0299_李达_社会学大纲_教科书传播.md；0328_李达_社会学大纲_马克思主义教科书.md；0268_李达_社会学大纲_学术史.md；0298_李达_现代社会学_社会学大纲.md；0323_李达_社会学大纲_马克思主义哲学.md,,李达、社会学大纲、教科书形态,“新哲学”大众化运动研究；马克思主义哲学在中国：传播、应用、形态、前景；百年中国哲学革命,43；480-482；144-145,是,可按主题页优先检索,先查主题页《马克思主义哲学教科书体系》，再在 T3/T10 中检索：李达|社会学大纲|教科书形态,否
277,早期共产主义者 马克思主义 传播活动,0277_早期共产主义者_马克思主义_传播活动.md,3,46.11,传播史,早期共产主义者与马克思主义传播,传播史/早期共产主义者与马克思主义传播.md,高,126.0,已列入原主题页重点卡片；命中主题种子词：早期共产主义者、传播活动；主题词重合：早期共产主义者、传播活动,早期共产主义者 传播马克思主义 特点(48.89)；早期共产主义者 马克思主义 中国革命(48.89)；早期共产主义者 现实斗争 马克思主义(46.84)；早期共产主义者 理论宣传 实践结合(41.82)；李达 马克思主义传播 活动(12.5),0290_早期共产主义者_传播马克思主义_特点.md；0292_早期共产主义者_马克思主义_中国革命.md；0291_早期共产主义者_现实斗争_马克思主义.md；0293_早期共产主义者_理论宣传_实践结合.md；0283_李达_马克思主义传播_活动.md,,早期共产主义者、马克思主义、传播活动,马克思主义哲学在中国传播与发展的百年历史（上）；马克思主义哲学在中国：传播、应用、形态、前景；马克思主义哲学中国化理论与历史,158；53-55；247,是,可按主题页优先检索,先查主题页《早期共产主义者与马克思主义传播》，再在 T3/T10 中检索：早期共产主义者|马克思主义|传播活动,否
278,李大钊 马克思主义传播 活动,0278_李大钊_马克思主义传播_活动.md,3,40.87,传播史,五四时期马克思主义传播,传播史/五四时期马克思主义传播.md,高,127.0,已列入原主题页重点卡片；命中主题种子词：马克思主义传播、李大钊；主题词重合：李大钊、马克思主义传播；主题域增强：李大钊,李达 马克思主义传播 活动(50.38)；陈独秀 马克思主义传播 活动(49.29)；李汉俊 马克思主义传播 活动(49.29)；杨匏安 马克思主义传播 活动(49.29)；瞿秋白 马克思主义传播 活动(49.29),0283_李达_马克思主义传播_活动.md；0281_陈独秀_马克思主义传播_活动.md；0285_李汉俊_马克思主义传播_活动.md；0286_杨匏安_马克思主义传播_活动.md；0287_瞿秋白_马克思主义传播_活动.md,,李大钊、马克思主义传播、活动,马克思主义哲学在中国传播与发展的百年历史（上）；马列著作在中国的出版；国家主义与20世纪20年代的文化、政治,158；92；154,是,可按主题页优先检索,先查主题页《五四时期马克思主义传播》，再在 T3/T10 中检索：李大钊|马克思主义传播|活动,否
279,李大钊 唯物史观 马克思主义哲学,0279_李大钊_唯物史观_马克思主义哲学.md,3,57.27,传播史,李大钊与唯物史观传播,传播史/李大钊与唯物史观传播.md,高,131.0,已列入原主题页重点卡片；命中主题种子词：李大钊、唯物史观；主题词重合：李大钊、唯物史观；主题域增强：唯物史观、李大钊,李大钊 唯物史观 研究(45.0)；马克思主义哲学 中国哲学(44.38)；唯物辩证法论战 马克思主义哲学(44.21)；唯物史观 李大钊(43.93)；李达 马克思主义哲学 研究(43.82),0258_李大钊_唯物史观_研究.md；1823_马克思主义哲学_中国哲学.md；1426_唯物辩证法论战_马克思主义哲学.md；1775_唯物史观_李大钊.md；0267_李达_马克思主义哲学_研究.md,,李大钊、唯物史观、马克思主义哲学,马克思主义哲学中国化与中国哲学的现代转型；二十世纪上半叶马克思主义哲学中国化之检视_王玉平；马克思主义哲学中国化的双重逻辑及其意蕴,385-386；80；6,是,可按主题页优先检索,先查主题页《李大钊与唯物史观传播》，再在 T3/T10 中检索：李大钊|唯物史观|马克思主义哲学,否
280,李大钊 阶级斗争 唯物史观,0280_李大钊_阶级斗争_唯物史观.md,3,47.0,传播史,李大钊与唯物史观传播,传播史/李大钊与唯物史观传播.md,高,143.0,已列入原主题页重点卡片；命中主题种子词：李大钊、唯物史观、阶级斗争；主题词重合：李大钊、阶级斗争、唯物史观；主题域增强：唯物史观、李大钊,李大钊 唯物史观 阶级斗争(71.67)；唯物史观 阶级 阶级斗争 理论(50.71)；陈独秀 唯物史观 阶级斗争(50.71)；陈独秀 唯物史观 剩余价值 阶级斗争(48.33)；唯物史观 李大钊(46.36),0326_李大钊_唯物史观_阶级斗争.md；0034_唯物史观_阶级_阶级斗争_理论.md；0282_陈独秀_唯物史观_阶级斗争.md；0327_陈独秀_唯物史观_剩余价值_阶级斗争.md；1775_唯物史观_李大钊.md,,李大钊、阶级斗争、唯物史观,马克思主义哲学中国化与中国哲学的现代转型；中国马克思主义学术史纲；马克思主义哲学史（第六卷,404-406；22-24；50-52,是,可按主题页优先检索,先查主题页《李大钊与唯物史观传播》，再在 T3/T10 中检索：李大钊|阶级斗争|唯物史观,否
281,陈独秀 马克思主义传播 活动,0281_陈独秀_马克思主义传播_活动.md,3,40.97,传播史,五四时期马克思主义传播,传播史/五四时期马克思主义传播.md,高,127.0,已列入原主题页重点卡片；命中主题种子词：马克思主义传播、陈独秀；主题词重合：陈独秀、马克思主义传播；主题域增强：陈独秀,李达 马克思主义传播 活动(50.38)；李大钊 马克思主义传播 活动(49.29)；李汉俊 马克思主义传播 活动(49.29)；杨匏安 马克思主义传播 活动(49.29)；瞿秋白 马克思主义传播 活动(49.29),0283_李达_马克思主义传播_活动.md；0278_李大钊_马克思主义传播_活动.md；0285_李汉俊_马克思主义传播_活动.md；0286_杨匏安_马克思主义传播_活动.md；0287_瞿秋白_马克思主义传播_活动.md,,陈独秀、马克思主义传播、活动,马克思主义哲学在中国传播与发展的百年历史（上）；马列著作在中国的出版；马克思主义哲学中国化理论与历史,158；110；235,是,可按主题页优先检索,先查主题页《五四时期马克思主义传播》，再在 T3/T10 中检索：陈独秀|马克思主义传播|活动,否
282,陈独秀 唯物史观 阶级斗争,0282_陈独秀_唯物史观_阶级斗争.md,3,46.6,传播史,陈独秀与马克思主义传播,传播史/陈独秀与马克思主义传播.md,高,135.0,已列入原主题页重点卡片；命中主题种子词：陈独秀、唯物史观、阶级斗争；主题词重合：陈独秀、唯物史观、阶级斗争,陈独秀 唯物史观 剩余价值 阶级斗争(70.0)；唯物史观 阶级 阶级斗争 理论(53.46)；李大钊 唯物史观 阶级斗争(53.46)；李大钊 阶级斗争 唯物史观(50.71)；陈独秀 唯物史观 人生观(46.54),0327_陈独秀_唯物史观_剩余价值_阶级斗争.md；0034_唯物史观_阶级_阶级斗争_理论.md；0326_李大钊_唯物史观_阶级斗争.md；0280_李大钊_阶级斗争_唯物史观.md；0213_陈独秀_唯物史观_人生观.md,,陈独秀、唯物史观、阶级斗争,马克思主义哲学的中国化及其历程；马克思主义哲学中国化与中国哲学的现代转型；中国马克思主义学术史纲,46-47；296-298；28-30,是,可按主题页优先检索,先查主题页《陈独秀与马克思主义传播》，再在 T3/T10 中检索：陈独秀|唯物史观|阶级斗争,否
283,李达 马克思主义传播 活动,0283_李达_马克思主义传播_活动.md,3,40.08,传播史,早期共产主义者与马克思主义传播,传播史/早期共产主义者与马克思主义传播.md,高,123.0,已列入原主题页重点卡片；命中主题种子词：马克思主义传播、李达；主题词重合：李达、马克思主义传播,李大钊 马克思主义传播 活动(50.38)；陈独秀 马克思主义传播 活动(50.38)；李汉俊 马克思主义传播 活动(50.38)；杨匏安 马克思主义传播 活动(50.38)；瞿秋白 马克思主义传播 活动(50.38),0278_李大钊_马克思主义传播_活动.md；0281_陈独秀_马克思主义传播_活动.md；0285_李汉俊_马克思主义传播_活动.md；0286_杨匏安_马克思主义传播_活动.md；0287_瞿秋白_马克思主义传播_活动.md,,李达、马克思主义传播、活动,马克思主义哲学在中国传播与发展的百年历史（上）；马克思主义哲学中国化的双重逻辑及其意蕴；国家主义与20世纪20年代的文化、政治,158；2；3,是,可按主题页优先检索,先查主题页《早期共产主义者与马克思主义传播》，再在 T3/T10 中检索：李达|马克思主义传播|活动,否
284,李达 唯物史观 社会学,0284_李达_唯物史观_社会学.md,3,53.0,传播史,早期共产主义者与马克思主义传播,传播史/早期共产主义者与马克思主义传播.md,高,109.0,已列入原主题页重点卡片；命中主题种子词：李达；主题词重合：李达,李达 唯物史观 现代社会学(45.91)；李达 唯物史观 学术贡献(40.42)；李达 唯物史观 传播 应用(40.42)；李大钊 社会改造 唯物史观(27.14)；中国社会史论战 唯物史观(27.14),0314_李达_唯物史观_现代社会学.md；0269_李达_唯物史观_学术贡献.md；0332_李达_唯物史观_传播_应用.md；0274_李大钊_社会改造_唯物史观.md；1699_中国社会史论战_唯物史观.md,,李达、唯物史观、社会学,马克思主义哲学中国化与中国哲学的现代转型；马克思主义哲学史（第六卷；马克思主义哲学在中国传播与发展的百年历史（上）,310-311；163-184；314,是,可按主题页优先检索,先查主题页《早期共产主义者与马克思主义传播》，再在 T3/T10 中检索：李达|唯物史观|社会学,否
285,李汉俊 马克思主义传播 活动,0285_李汉俊_马克思主义传播_活动.md,3,39.8,传播史,五四新文化与马克思主义早期传播,传播史/五四新文化与马克思主义早期传播.md,低,14.0,自动主题组匹配：马克思主义传播,李达 马克思主义传播 活动(50.38)；李大钊 马克思主义传播 活动(49.29)；陈独秀 马克思主义传播 活动(49.29)；杨匏安 马克思主义传播 活动(49.29)；瞿秋白 马克思主义传播 活动(49.29),0283_李达_马克思主义传播_活动.md；0278_李大钊_马克思主义传播_活动.md；0281_陈独秀_马克思主义传播_活动.md；0286_杨匏安_马克思主义传播_活动.md；0287_瞿秋白_马克思主义传播_活动.md,,李汉俊、马克思主义传播、活动,马克思主义哲学在中国传播与发展的百年历史（上）；马克思主义在中国早期传播若干问题的辨析_田子渝；国家主义与20世纪20年代的文化、政治,158；7；3,是,先核验原卡片再使用,先查主题页《五四新文化与马克思主义早期传播》，再在 T3/T10 中检索：李汉俊|马克思主义传播|活动,否
286,杨匏安 马克思主义传播 活动,0286_杨匏安_马克思主义传播_活动.md,3,39.8,传播史,早期共产主义者与马克思主义传播,传播史/早期共产主义者与马克思主义传播.md,高,114.0,已列入原主题页重点卡片；命中主题种子词：马克思主义传播；主题词重合：马克思主义传播,李达 马克思主义传播 活动(50.38)；李大钊 马克思主义传播 活动(49.29)；陈独秀 马克思主义传播 活动(49.29)；李汉俊 马克思主义传播 活动(49.29)；瞿秋白 马克思主义传播 活动(49.29),0283_李达_马克思主义传播_活动.md；0278_李大钊_马克思主义传播_活动.md；0281_陈独秀_马克思主义传播_活动.md；0285_李汉俊_马克思主义传播_活动.md；0287_瞿秋白_马克思主义传播_活动.md,,杨匏安、马克思主义传播、活动,马克思主义哲学在中国传播与发展的百年历史（上）；国家主义与20世纪20年代的文化、政治；马列著作在中国的出版,158；3,是,可按主题页优先检索,先查主题页《早期共产主义者与马克思主义传播》，再在 T3/T10 中检索：杨匏安|马克思主义传播|活动,否
287,瞿秋白 马克思主义传播 活动,0287_瞿秋白_马克思主义传播_活动.md,3,40.45,传播史,早期共产主义者与马克思主义传播,传播史/早期共产主义者与马克思主义传播.md,高,123.0,已列入原主题页重点卡片；命中主题种子词：马克思主义传播、瞿秋白；主题词重合：瞿秋白、马克思主义传播,李达 马克思主义传播 活动(50.38)；李大钊 马克思主义传播 活动(49.29)；陈独秀 马克思主义传播 活动(49.29)；李汉俊 马克思主义传播 活动(49.29)；杨匏安 马克思主义传播 活动(49.29),0283_李达_马克思主义传播_活动.md；0278_李大钊_马克思主义传播_活动.md；0281_陈独秀_马克思主义传播_活动.md；0285_李汉俊_马克思主义传播_活动.md；0286_杨匏安_马克思主义传播_活动.md,,瞿秋白、马克思主义传播、活动,马克思主义哲学在中国传播与发展的百年历史（上）；马克思主义中国化研究的历史、现状与方法论_郭建宁；马克思主义哲学中国化的双重逻辑及其意蕴,158；6；2,是,可按主题页优先检索,先查主题页《早期共产主义者与马克思主义传播》，再在 T3/T10 中检索：瞿秋白|马克思主义传播|活动,否
288,瞿秋白 辩证唯物主义 中国传播,0288_瞿秋白_辩证唯物主义_中国传播.md,3,53.47,传播史,瞿秋白与辩证唯物主义传播,传播史/瞿秋白与辩证唯物主义传播.md,高,123.0,已列入原主题页重点卡片；命中主题种子词：瞿秋白、辩证唯物主义；主题词重合：瞿秋白、辩证唯物主义,瞿秋白 辩证唯物主义 中国化(64.23)；瞿秋白 辩证唯物主义 传播(62.31)；李约瑟 辩证唯物主义 渊源 中国(38.33)；历史唯物主义 辩证唯物主义(38.33)；唯心主义 辩证唯物主义(38.33),0300_瞿秋白_辩证唯物主义_中国化.md；0335_瞿秋白_辩证唯物主义_传播.md；1495_李约瑟_辩证唯物主义_渊源_中国.md；1707_历史唯物主义_辩证唯物主义.md；1766_唯心主义_辩证唯物主义.md,,瞿秋白、辩证唯物主义、中国传播,马克思主义哲学中国化理论与历史；“新哲学”大众化运动研究；从唯物辩证法论战到马克思主义哲学大众化——对艾思奇《大众哲学》的解读_李维武,257；99；7,是,可按主题页优先检索,先查主题页《瞿秋白与辩证唯物主义传播》，再在 T3/T10 中检索：瞿秋白|辩证唯物主义|中国传播,否
289,蔡和森 马克思主义传播 活动,0289_蔡和森_马克思主义传播_活动.md,3,39.8,传播史,早期共产主义者与马克思主义传播,传播史/早期共产主义者与马克思主义传播.md,高,114.0,已列入原主题页重点卡片；命中主题种子词：马克思主义传播；主题词重合：马克思主义传播,李达 马克思主义传播 活动(50.38)；李大钊 马克思主义传播 活动(49.29)；陈独秀 马克思主义传播 活动(49.29)；李汉俊 马克思主义传播 活动(49.29)；杨匏安 马克思主义传播 活动(49.29),0283_李达_马克思主义传播_活动.md；0278_李大钊_马克思主义传播_活动.md；0281_陈独秀_马克思主义传播_活动.md；0285_李汉俊_马克思主义传播_活动.md；0286_杨匏安_马克思主义传播_活动.md,,蔡和森、马克思主义传播、活动,马克思主义哲学在中国传播与发展的百年历史（上）；国家主义与20世纪20年代的文化、政治；“新哲学”大众化运动研究,158；3；98,是,可按主题页优先检索,先查主题页《早期共产主义者与马克思主义传播》，再在 T3/T10 中检索：蔡和森|马克思主义传播|活动,否
290,早期共产主义者 传播马克思主义 特点,0290_早期共产主义者_传播马克思主义_特点.md,3,53.37,传播史,五四新文化与马克思主义早期传播,传播史/五四新文化与马克思主义早期传播.md,低,14.0,自动主题组匹配：早期共产主义者,早期共产主义者 马克思主义 传播活动(48.89)；早期共产主义者 现实斗争 马克思主义(46.84)；早期共产主义者 马克思主义 中国革命(46.84)；中国共产党人 传播马克思主义 活动(43.33)；传播马克思主义 社团 五四(43.33),0277_早期共产主义者_马克思主义_传播活动.md；0291_早期共产主义者_现实斗争_马克思主义.md；0292_早期共产主义者_马克思主义_中国革命.md；0102_中国共产党人_传播马克思主义_活动.md；0145_传播马克思主义_社团_五四.md,,早期共产主义者、传播马克思主义、特点,马克思主义哲学在中国传播与发展的百年历史（上）；中国马克思主义哲学教科书编写之起步、发展与演化（1922—1949）；马克思主义哲学中国化理论与历史,205-208；7；229,是,先核验原卡片再使用,先查主题页《五四新文化与马克思主义早期传播》，再在 T3/T10 中检索：早期共产主义者|传播马克思主义|特点,否
291,早期共产主义者 现实斗争 马克思主义,0291_早期共产主义者_现实斗争_马克思主义.md,3,46.11,传播史,五四新文化与马克思主义早期传播,传播史/五四新文化与马克思主义早期传播.md,低,14.0,自动主题组匹配：早期共产主义者,早期共产主义者 马克思主义 传播活动(46.84)；早期共产主义者 传播马克思主义 特点(46.84)；早期共产主义者 马克思主义 中国革命(46.84)；早期共产主义者 理论宣传 实践结合(41.82)；中国共产主义者 思想取向 马克思主义(8.33),0277_早期共产主义者_马克思主义_传播活动.md；0290_早期共产主义者_传播马克思主义_特点.md；0292_早期共产主义者_马克思主义_中国革命.md；0293_早期共产主义者_理论宣传_实践结合.md；1193_中国共产主义者_思想取向_马克思主义.md,,早期共产主义者、马克思主义,马克思主义哲学在中国传播与发展的百年历史（上）；马克思主义哲学中国化理论与历史；中国马克思主义哲学教科书编写之起步、发展与演化（1922—1949）,208-210；247；7,是,先核验原卡片再使用,先查主题页《五四新文化与马克思主义早期传播》，再在 T3/T10 中检索：早期共产主义者|现实斗争|马克思主义,否
292,早期共产主义者 马克思主义 中国革命,0292_早期共产主义者_马克思主义_中国革命.md,3,59.14,传播史,五四新文化与马克思主义早期传播,传播史/五四新文化与马克思主义早期传播.md,低,14.0,自动主题组匹配：早期共产主义者,早期共产主义者 马克思主义 传播活动(48.89)；早期共产主义者 传播马克思主义 特点(46.84)；早期共产主义者 现实斗争 马克思主义(46.84)；早期共产主义者 理论宣传 实践结合(41.82)；中国革命 需要 马克思主义(30.29),0277_早期共产主义者_马克思主义_传播活动.md；0290_早期共产主义者_传播马克思主义_特点.md；0291_早期共产主义者_现实斗争_马克思主义.md；0293_早期共产主义者_理论宣传_实践结合.md；1283_中国革命_需要_马克思主义.md,,早期共产主义者、马克思主义、中国革命,马克思主义哲学中国化理论与历史；马克思主义哲学在中国传播与发展的百年历史（上）；马克思主义哲学的中国化及其历程,231；208-210；75,是,先核验原卡片再使用,先查主题页《五四新文化与马克思主义早期传播》，再在 T3/T10 中检索：早期共产主义者|马克思主义|中国革命,否
293,早期共产主义者 理论宣传 实践结合,0293_早期共产主义者_理论宣传_实践结合.md,3,27.37,传播史,五四新文化与马克思主义早期传播,传播史/五四新文化与马克思主义早期传播.md,低,14.0,自动主题组匹配：早期共产主义者,早期共产主义者 马克思主义 传播活动(41.82)；早期共产主义者 传播马克思主义 特点(41.82)；早期共产主义者 现实斗争 马克思主义(41.82)；早期共产主义者 马克思主义 中国革命(41.82)；共产主义者 道德 民族道德(5.26),0277_早期共产主义者_马克思主义_传播活动.md；0290_早期共产主义者_传播马克思主义_特点.md；0291_早期共产主义者_现实斗争_马克思主义.md；0292_早期共产主义者_马克思主义_中国革命.md；1598_共产主义者_道德_民族道德.md,,早期共产主义者、理论宣传,马克思主义哲学在中国传播与发展的百年历史（上）；马克思主义哲学中国化理论与历史；中国马克思主义哲学教科书编写之起步、发展与演化（1922—1949）,205-208；252；7,是,先核验原卡片再使用,先查主题页《五四新文化与马克思主义早期传播》，再在 T3/T10 中检索：早期共产主义者|理论宣传|实践结合,否
294,陈唯实 马克思主义哲学 通俗宣传,0294_陈唯实_马克思主义哲学_通俗宣传.md,3,55.93,新哲学大众化,陈唯实与通俗唯物论讲话,新哲学大众化/陈唯实与通俗唯物论讲话.md,高,121.0,已列入原主题页重点卡片；命中主题种子词：陈唯实、通俗宣传；主题词重合：陈唯实、通俗宣传,胡绳 马克思主义哲学 通俗宣传(71.67)；高语罕 马克思主义哲学 通俗宣传(70.62)；马克思主义哲学 通俗宣传 贡献评价(69.71)；通俗宣传 马克思主义哲学 社会基础(67.5)；陈独秀 马克思主义哲学 宣传(45.29),0456_胡绳_马克思主义哲学_通俗宣传.md；1194_高语罕_马克思主义哲学_通俗宣传.md；1198_马克思主义哲学_通俗宣传_贡献评价.md；1202_通俗宣传_马克思主义哲学_社会基础.md；0306_陈独秀_马克思主义哲学_宣传.md,,陈唯实、马克思主义哲学、通俗宣传,马克思主义哲学在中国传播与发展的百年历史（上）；中国马克思主义哲学教科书编写之起步、发展与演化（1922—1949）；中国文化与马克思主义,270-272；5；258,是,可按主题页优先检索,先查主题页《陈唯实与通俗唯物论讲话》，再在 T3/T10 中检索：陈唯实|马克思主义哲学|通俗宣传,否
295,陈唯实 通俗唯物论讲话 哲学到大众去,0295_陈唯实_通俗唯物论讲话_哲学到大众去.md,3,41.33,新哲学大众化,陈唯实与通俗唯物论讲话,新哲学大众化/陈唯实与通俗唯物论讲话.md,高,143.0,已列入原主题页重点卡片；命中主题种子词：通俗唯物论讲话、哲学到大众去、陈唯实、哲学到大众；主题词重合：陈唯实、通俗唯物论讲话、哲学到大众去,陈唯实 新哲学体系讲话 大众生活(20.43)；陈唯实 通俗辩证法讲话 科学人生观(20.21)；陈唯实 马克思主义哲学 通俗宣传(19.17)；大众哲学 哲学讲话 通俗化(5.0),0365_陈唯实_新哲学体系讲话_大众生活.md；0132_陈唯实_通俗辩证法讲话_科学人生观.md；0294_陈唯实_马克思主义哲学_通俗宣传.md；0396_大众哲学_哲学讲话_通俗化.md,,陈唯实、通俗唯物论讲话、哲学到大众去,马克思主义哲学在中国传播与发展的百年历史（上）；“新哲学”大众化运动研究；延安时期知识分子群体与马克思主义哲学大众化郭 - 2015 -,276-280；156；91,是,可按主题页优先检索,先查主题页《陈唯实与通俗唯物论讲话》，再在 T3/T10 中检索：陈唯实|通俗唯物论讲话|哲学到大众去,否
296,瞿秋白 社会哲学概论 讲义,0296_瞿秋白_社会哲学概论_讲义.md,3,50.43,传播史,瞿秋白与辩证唯物主义传播,传播史/瞿秋白与辩证唯物主义传播.md,高,109.0,已列入原主题页重点卡片；命中主题种子词：瞿秋白；主题词重合：瞿秋白,社会哲学概论(42.5)；瞿秋白 现代社会学 社会科学概论(22.35)；瞿秋白 自由 必然 个人 社会(19.41)；瞿秋白 马克思主义哲学 宣传(19.17)；瞿秋白 马克思主义哲学 学术贡献(18.75),1979_社会哲学概论.md；0297_瞿秋白_现代社会学_社会科学概论.md；0338_瞿秋白_自由_必然_个人_社会.md；0310_瞿秋白_马克思主义哲学_宣传.md；0265_瞿秋白_马克思主义哲学_学术贡献.md,,瞿秋白、社会哲学概论、讲义,马克思主义哲学在中国传播与发展的百年历史（上）；中国马克思主义哲学教科书编写之起步、发展与演化（1922—1949）；马克思主义哲学中国化理论与历史,304；6；173,是,可按主题页优先检索,先查主题页《瞿秋白与辩证唯物主义传播》，再在 T3/T10 中检索：瞿秋白|社会哲学概论|讲义,否
297,瞿秋白 现代社会学 社会科学概论,0297_瞿秋白_现代社会学_社会科学概论.md,3,54.3,传播史,瞿秋白与辩证唯物主义传播,传播史/瞿秋白与辩证唯物主义传播.md,高,109.0,已列入原主题页重点卡片；命中主题种子词：瞿秋白；主题词重合：瞿秋白,社会科学概论(40.42)；现代社会学(33.33)；李达 现代社会学 社会学大纲(32.81)；李达 唯物史观 现代社会学(30.56)；瞿秋白 社会哲学概论 讲义(22.35),2023_社会科学概论.md；1881_现代社会学.md；0298_李达_现代社会学_社会学大纲.md；0314_李达_唯物史观_现代社会学.md；0296_瞿秋白_社会哲学概论_讲义.md,,瞿秋白、现代社会学、社会科学概论,“新哲学”大众化运动研究；马克思主义哲学在中国的传播与马克思主义哲学中国化；马克思主义哲学中国化理论与历史,98；3；173,是,可按主题页优先检索,先查主题页《瞿秋白与辩证唯物主义传播》，再在 T3/T10 中检索：瞿秋白|现代社会学|社会科学概论,否
298,李达 现代社会学 社会学大纲,0298_李达_现代社会学_社会学大纲.md,3,52.08,传播史,李达与马克思主义哲学体系化,传播史/李达与马克思主义哲学体系化.md,高,121.0,已列入原主题页重点卡片；命中主题种子词：李达、社会学大纲；主题词重合：李达、社会学大纲,李达 社会学大纲 学术史(44.62)；李达 唯物史观 现代社会学(43.93)；李达 社会学大纲 教科书形态(43.33)；李达 社会学大纲 教科书传播(43.33)；李达 社会学大纲 马克思主义哲学(42.35),0268_李达_社会学大纲_学术史.md；0314_李达_唯物史观_现代社会学.md；0276_李达_社会学大纲_教科书形态.md；0299_李达_社会学大纲_教科书传播.md；0323_李达_社会学大纲_马克思主义哲学.md,,李达、现代社会学、社会学大纲,马克思主义哲学中国化与中国哲学的现代转型；百年中国哲学革命；马克思主义哲学中国化的双重逻辑及其意蕴,310-311；144-145；2,是,可按主题页优先检索,先查主题页《李达与马克思主义哲学体系化》，再在 T3/T10 中检索：李达|现代社会学|社会学大纲,否
299,李达 社会学大纲 教科书传播,0299_李达_社会学大纲_教科书传播.md,3,35.33,传播史,李达与马克思主义哲学体系化,传播史/李达与马克思主义哲学体系化.md,高,124.0,已列入原主题页重点卡片；命中主题种子词：李达、社会学大纲、教科书；主题词重合：李达、社会学大纲,李达 社会学大纲 教科书形态(52.31)；李达 社会学大纲 马克思主义教科书(46.76)；李达 社会学大纲 学术史(45.71)；李达 现代社会学 社会学大纲(43.33)；李达 社会学大纲 马克思主义哲学(43.33),0276_李达_社会学大纲_教科书形态.md；0328_李达_社会学大纲_马克思主义教科书.md；0268_李达_社会学大纲_学术史.md；0298_李达_现代社会学_社会学大纲.md；0323_李达_社会学大纲_马克思主义哲学.md,,李达、社会学大纲,百年中国哲学革命；马克思主义哲学中国化与中国哲学的现代转型；马克思主义哲学在中国：传播、应用、形态、前景,144-145；443-446；480-482,是,可按主题页优先检索,先查主题页《李达与马克思主义哲学体系化》，再在 T3/T10 中检索：李达|社会学大纲|教科书传播,否
300,瞿秋白 辩证唯物主义 中国化,0300_瞿秋白_辩证唯物主义_中国化.md,3,53.93,传播史,瞿秋白与辩证唯物主义传播,传播史/瞿秋白与辩证唯物主义传播.md,高,123.0,已列入原主题页重点卡片；命中主题种子词：瞿秋白、辩证唯物主义；主题词重合：瞿秋白、辩证唯物主义,瞿秋白 辩证唯物主义 中国传播(64.23)；瞿秋白 辩证唯物主义 传播(60.38)；历史唯物主义 辩证唯物主义(38.93)；唯心主义 辩证唯物主义(38.93)；李约瑟 辩证唯物主义 渊源 中国(38.82),0288_瞿秋白_辩证唯物主义_中国传播.md；0335_瞿秋白_辩证唯物主义_传播.md；1707_历史唯物主义_辩证唯物主义.md；1766_唯心主义_辩证唯物主义.md；1495_李约瑟_辩证唯物主义_渊源_中国.md,,瞿秋白、辩证唯物主义、中国化,马克思主义哲学中国化与中国哲学的现代转型；马克思主义哲学中国化理论与历史；二十世纪上半叶马克思主义哲学中国化之检视_王玉平,443；173；116,是,可按主题页优先检索,先查主题页《瞿秋白与辩证唯物主义传播》，再在 T3/T10 中检索：瞿秋白|辩证唯物主义|中国化,否
301,李达 马克思主义哲学 中国化,0301_李达_马克思主义哲学_中国化.md,3,56.0,传播史,早期共产主义者与马克思主义传播,传播史/早期共产主义者与马克思主义传播.md,高,109.0,已列入原主题页重点卡片；命中主题种子词：李达；主题词重合：李达,马克思主义哲学 中国化 历程(67.31)；马克思主义哲学 中国化 定义(67.31)；毛泽东 马克思主义哲学 中国化(66.07)；抗日战争 马克思主义哲学 中国化(65.0)；马克思主义哲学 中国化 两个方面(65.0),1413_马克思主义哲学_中国化_历程.md；1414_马克思主义哲学_中国化_定义.md；0615_毛泽东_马克思主义哲学_中国化.md；1320_抗日战争_马克思主义哲学_中国化.md；1418_马克思主义哲学_中国化_两个方面.md,,李达、马克思主义哲学、中国化,马克思主义哲学中国化与中国哲学的现代转型；马克思主义哲学的中国化及其历程；百年中国哲学革命,424-425；19-21；202-204,是,可按主题页优先检索,先查主题页《早期共产主义者与马克思主义传播》，再在 T3/T10 中检索：李达|马克思主义哲学|中国化,否
302,李大钊 唯物史观 史学要论,0302_李大钊_唯物史观_史学要论.md,3,45.0,传播史,李大钊与唯物史观传播,传播史/李大钊与唯物史观传播.md,高,147.0,已列入原主题页重点卡片；命中主题种子词：李大钊、唯物史观、史学要论；主题词重合：李大钊、唯物史观、史学要论；主题域增强：唯物史观、史学、李大钊,李大钊 唯物史观 研究(47.5)；唯物史观 李大钊(46.36)；李大钊 唯物史观 初步应用(45.71)；李大钊 唯物史观 历史研究(45.71)；李大钊 唯物史观 阶级斗争(45.71),0258_李大钊_唯物史观_研究.md；1775_唯物史观_李大钊.md；0272_李大钊_唯物史观_初步应用.md；0304_李大钊_唯物史观_历史研究.md；0326_李大钊_唯物史观_阶级斗争.md,,李大钊、唯物史观、史学要论,马克思主义哲学中国化与中国哲学的现代转型；中国马克思主义学术史纲；马克思主义哲学史（第六卷,290-291；22-24；132-133,是,可按主题页优先检索,先查主题页《李大钊与唯物史观传播》，再在 T3/T10 中检索：李大钊|唯物史观|史学要论,否
303,李大钊 唯物史观 中国革命 指导,0303_李大钊_唯物史观_中国革命_指导.md,3,51.2,理论方法,唯物史观在中国的传播与应用,理论方法/唯物史观在中国的传播与应用.md,高,134.0,已列入原主题页重点卡片；命中主题种子词：唯物史观、中国革命；主题词重合：唯物史观、中国革命；主题域增强：唯物史观、李大钊,李大钊 唯物史观 中国哲学现代转型(46.11)；李大钊 唯物史观 研究(45.71)；唯物史观 李大钊(44.62)；李大钊 唯物史观 初步应用(44.38)；李大钊 唯物史观 史学要论(44.38),0743_李大钊_唯物史观_中国哲学现代转型.md；0258_李大钊_唯物史观_研究.md；1775_唯物史观_李大钊.md；0272_李大钊_唯物史观_初步应用.md；0302_李大钊_唯物史观_史学要论.md,,李大钊、唯物史观、中国革命、指导,百年中国哲学革命；马克思主义哲学史（第六卷；马克思主义哲学的中国化及其历程,80-82；133-135；41-43,是,可按主题页优先检索,先查主题页《唯物史观在中国的传播与应用》，再在 T3/T10 中检索：李大钊|唯物史观|中国革命|指导,否
304,李大钊 唯物史观 历史研究,0304_李大钊_唯物史观_历史研究.md,3,45.4,理论方法,唯物史观在中国的传播与应用,理论方法/唯物史观在中国的传播与应用.md,高,134.0,已列入原主题页重点卡片；命中主题种子词：唯物史观、历史研究；主题词重合：唯物史观、历史研究；主题域增强：唯物史观、李大钊,李大钊 唯物史观 研究(50.91)；唯物史观 李大钊(46.36)；李大钊 唯物史观 初步应用(45.71)；李大钊 唯物史观 史学要论(45.71)；李大钊 唯物史观 阶级斗争(45.71),0258_李大钊_唯物史观_研究.md；1775_唯物史观_李大钊.md；0272_李大钊_唯物史观_初步应用.md；0302_李大钊_唯物史观_史学要论.md；0326_李大钊_唯物史观_阶级斗争.md,,李大钊、唯物史观、历史研究,马克思主义哲学史（第六卷；马克思主义哲学中国化与中国哲学的现代转型；马克思主义哲学在中国：传播、应用、形态、前景,135-137；290-291；302,是,可按主题页优先检索,先查主题页《唯物史观在中国的传播与应用》，再在 T3/T10 中检索：李大钊|唯物史观|历史研究,否
305,李大钊 历史发展规律 人民创造历史,0305_李大钊_历史发展规律_人民创造历史.md,3,38.82,传播史,李大钊与唯物史观传播,传播史/李大钊与唯物史观传播.md,高,113.0,已列入原主题页重点卡片；命中主题种子词：李大钊；主题词重合：李大钊；主题域增强：李大钊,李大钊 历史观 学术思想(20.56)；李大钊 唯物史观 历史研究(18.75)；李大钊 青春哲学(17.94)；李大钊 众庶 英雄(17.94)；唯物史观 李大钊(17.94),0259_李大钊_历史观_学术思想.md；0304_李大钊_唯物史观_历史研究.md；0347_李大钊_青春哲学.md；0351_李大钊_众庶_英雄.md；1775_唯物史观_李大钊.md,,李大钊、历史发展规律,二十世纪上半叶马克思主义哲学中国化之检视_王玉平；马克思主义哲学史（第六卷；新教伦理与资本主义精神（当代思想巨匠提序导读、综汇多版精要详注、姊妹篇全面收录、阎克文精修译本。） by 马克斯·韦伯 [马克斯·韦伯] (z-lib.org),140；137-139；149,是,可按主题页优先检索,先查主题页《李大钊与唯物史观传播》，再在 T3/T10 中检索：李大钊|历史发展规律|人民创造历史,否
306,陈独秀 马克思主义哲学 宣传,0306_陈独秀_马克思主义哲学_宣传.md,3,54.18,传播史,陈独秀与马克思主义传播,传播史/陈独秀与马克思主义传播.md,高,109.0,已列入原主题页重点卡片；命中主题种子词：陈独秀；主题词重合：陈独秀,陈独秀 马克思主义哲学 宣传 运用(81.15)；瞿秋白 马克思主义哲学 宣传(59.29)；马克思主义哲学 教学 研究 宣传(55.94)；胡绳 马克思主义哲学 通俗宣传(45.94)；马克思主义哲学 中国哲学(45.71),0354_陈独秀_马克思主义哲学_宣传_运用.md；0310_瞿秋白_马克思主义哲学_宣传.md；1224_马克思主义哲学_教学_研究_宣传.md；0456_胡绳_马克思主义哲学_通俗宣传.md；1823_马克思主义哲学_中国哲学.md,,陈独秀、马克思主义哲学、宣传,马克思主义哲学中国化的历史进程；二十世纪上半叶马克思主义哲学中国化之检视_王玉平；马克思主义哲学在中国的传播与马克思主义哲学中国化,2；99；3,是,可按主题页优先检索,先查主题页《陈独秀与马克思主义传播》，再在 T3/T10 中检索：陈独秀|马克思主义哲学|宣传,否
307,陈独秀 马克思 两大精神,0307_陈独秀_马克思_两大精神.md,3,44.6,传播史,五四时期马克思主义传播,传播史/五四时期马克思主义传播.md,高,113.0,已列入原主题页重点卡片；命中主题种子词：陈独秀；主题词重合：陈独秀；主题域增强：陈独秀,陈独秀 马克思主义 研究(24.62)；陈独秀 马克思主义传播 活动(23.33)；陈独秀 马克思主义哲学 宣传(23.33)；陈独秀 马克思主义哲学 宣传 运用(22.35)；陈独秀 科学 民主 马克思主义(21.25),0261_陈独秀_马克思主义_研究.md；0281_陈独秀_马克思主义传播_活动.md；0306_陈独秀_马克思主义哲学_宣传.md；0354_陈独秀_马克思主义哲学_宣传_运用.md；0262_陈独秀_科学_民主_马克思主义.md,,陈独秀、马克思、两大精神,马克思主义哲学史（第六卷；百年中国哲学革命；马克思主义中国化史,144-146；127-129；未识别,是,可按主题页优先检索,先查主题页《五四时期马克思主义传播》，再在 T3/T10 中检索：陈独秀|马克思|两大精神,否
308,陈独秀 唯物史观 两大要旨,0308_陈独秀_唯物史观_两大要旨.md,3,39.4,传播史,陈独秀与马克思主义传播,传播史/陈独秀与马克思主义传播.md,高,123.0,已列入原主题页重点卡片；命中主题种子词：陈独秀、唯物史观；主题词重合：陈独秀、唯物史观,陈独秀 唯物史观 人生观(46.54)；陈独秀 唯物史观 阶级斗争(45.71)；陈独秀 唯物史观 传播 应用(45.71)；陈独秀 唯物史观 剩余价值 阶级斗争(43.33)；唯物史观 谈政治(25.77),0213_陈独秀_唯物史观_人生观.md；0282_陈独秀_唯物史观_阶级斗争.md；0331_陈独秀_唯物史观_传播_应用.md；0327_陈独秀_唯物史观_剩余价值_阶级斗争.md；0032_唯物史观_谈政治.md,,陈独秀、唯物史观、两大要旨,百年中国哲学革命；马克思主义哲学史（第六卷；马克思主义哲学中国化与中国哲学的现代转型,105-107；146-149；296-298,是,可按主题页优先检索,先查主题页《陈独秀与马克思主义传播》，再在 T3/T10 中检索：陈独秀|唯物史观|两大要旨,否
309,陈独秀 阶级斗争 社会革命理论,0309_陈独秀_阶级斗争_社会革命理论.md,3,41.8,理论方法,阶级斗争与社会革命理论,理论方法/阶级斗争与社会革命理论.md,高,144.0,已列入原主题页重点卡片；命中主题种子词：阶级斗争、社会革命理论、革命理论、社会革命、革命、阶级；主题词重合：阶级斗争、社会革命理论,陈独秀 唯物史观 阶级斗争(42.35)；陈独秀 唯物史观 剩余价值 阶级斗争(40.95)；唯物史观 阶级 阶级斗争 理论(25.56)；阶级斗争 方法 马克思(24.41)；阶级斗争 国家 阶级属性(24.41),0282_陈独秀_唯物史观_阶级斗争.md；0327_陈独秀_唯物史观_剩余价值_阶级斗争.md；0034_唯物史观_阶级_阶级斗争_理论.md；0017_阶级斗争_方法_马克思.md；0028_阶级斗争_国家_阶级属性.md,,陈独秀、阶级斗争、社会革命理论,马克思主义哲学史（第六卷；百年中国哲学革命；冯契文集第七卷中国近代哲学的革命进程,149-151；111；541,是,可按主题页优先检索,先查主题页《阶级斗争与社会革命理论》，再在 T3/T10 中检索：陈独秀|阶级斗争|社会革命理论,否
310,瞿秋白 马克思主义哲学 宣传,0310_瞿秋白_马克思主义哲学_宣传.md,3,54.17,传播史,瞿秋白与辩证唯物主义传播,传播史/瞿秋白与辩证唯物主义传播.md,高,109.0,已列入原主题页重点卡片；命中主题种子词：瞿秋白；主题词重合：瞿秋白,瞿秋白 马克思主义哲学 学术贡献(65.0)；陈独秀 马克思主义哲学 宣传(59.29)；陈独秀 马克思主义哲学 宣传 运用(57.5)；马克思主义哲学 教学 研究 宣传(55.94)；胡绳 马克思主义哲学 通俗宣传(45.94),0265_瞿秋白_马克思主义哲学_学术贡献.md；0306_陈独秀_马克思主义哲学_宣传.md；0354_陈独秀_马克思主义哲学_宣传_运用.md；1224_马克思主义哲学_教学_研究_宣传.md；0456_胡绳_马克思主义哲学_通俗宣传.md,,瞿秋白、马克思主义哲学、宣传,马克思主义哲学在中国传播与发展的百年历史（上）；二十世纪上半叶马克思主义哲学中国化之检视_王玉平；中国马克思主义哲学教科书编写之起步、发展与演化（1922—1949）,198-200；90；2,是,可按主题页优先检索,先查主题页《瞿秋白与辩证唯物主义传播》，再在 T3/T10 中检索：瞿秋白|马克思主义哲学|宣传,否
311,瞿秋白 唯物论 唯心论 哲学根本问题,0311_瞿秋白_唯物论_唯心论_哲学根本问题.md,3,47.6,传播史,早期共产主义者与马克思主义传播,传播史/早期共产主义者与马克思主义传播.md,高,109.0,已列入原主题页重点卡片；命中主题种子词：瞿秋白；主题词重合：瞿秋白,唯物论 唯心论 哲学党性(40.94)；瞿秋白 东方文化派 唯心论 批判(34.55)；瞿秋白 互辩律的唯物论(20.26)；瞿秋白 唯物辩证法 研究(20.26)；陈独秀 瞿秋白 唯物史观派(20.0),1576_唯物论_唯心论_哲学党性.md；0339_瞿秋白_东方文化派_唯心论_批判.md；0264_瞿秋白_互辩律的唯物论.md；0266_瞿秋白_唯物辩证法_研究.md；0329_陈独秀_瞿秋白_唯物史观派.md,,瞿秋白、唯物论、唯心论、哲学根本问题,马克思主义哲学史（第六卷；中国马克思主义学术史纲；马克思主义哲学中国化与中国哲学的现代转型,154-156；32-34；441-443,是,可按主题页优先检索,先查主题页《早期共产主义者与马克思主义传播》，再在 T3/T10 中检索：瞿秋白|唯物论|唯心论|哲学根本问题,否
312,瞿秋白 辩证法 基本规律,0312_瞿秋白_辩证法_基本规律.md,3,49.2,传播史,瞿秋白与辩证唯物主义传播,传播史/瞿秋白与辩证唯物主义传播.md,高,109.0,已列入原主题页重点卡片；命中主题种子词：瞿秋白；主题词重合：瞿秋白,瞿秋白 唯物辩证法 研究(22.14)；瞿秋白 辩证唯物主义 传播(21.67)；瞿秋白 辩证唯物主义 中国化(21.25)；瞿秋白 辩证唯物主义 中国传播(20.88)；辩证法 规律 范畴 恩格斯(20.0),0266_瞿秋白_唯物辩证法_研究.md；0335_瞿秋白_辩证唯物主义_传播.md；0300_瞿秋白_辩证唯物主义_中国化.md；0288_瞿秋白_辩证唯物主义_中国传播.md；1095_辩证法_规律_范畴_恩格斯.md,,瞿秋白、辩证法、基本规律,马克思主义哲学史（第六卷；二十世纪上半叶马克思主义哲学中国化之检视_王玉平；中国马克思主义学术史纲,156-159；98；32-34,是,可按主题页优先检索,先查主题页《瞿秋白与辩证唯物主义传播》，再在 T3/T10 中检索：瞿秋白|辩证法|基本规律,否
313,瞿秋白 历史唯物论 基本原理,0313_瞿秋白_历史唯物论_基本原理.md,3,51.42,传播史,瞿秋白与辩证唯物主义传播,传播史/瞿秋白与辩证唯物主义传播.md,高,109.0,已列入原主题页重点卡片；命中主题种子词：瞿秋白；主题词重合：瞿秋白,历史唯物论 辩证唯物论 米丁(31.25)；辩证唯物论 历史唯物论 传播体系(30.56)；社会发展史 历史唯物论 学习(30.56)；历史唯物论 社会发展史 艾思奇(30.26)；马克思主义 基本原理 中国实际 结合(23.41),1809_历史唯物论_辩证唯物论_米丁.md；0057_辩证唯物论_历史唯物论_传播体系.md；1036_社会发展史_历史唯物论_学习.md；0374_历史唯物论_社会发展史_艾思奇.md；1106_马克思主义_基本原理_中国实际_结合.md,,瞿秋白、历史唯物论、基本原理,中国文化与马克思主义；二十世纪上半叶马克思主义哲学中国化之检视_王玉平；马克思主义哲学史（第六卷,309；90；159-162,是,可按主题页优先检索,先查主题页《瞿秋白与辩证唯物主义传播》，再在 T3/T10 中检索：瞿秋白|历史唯物论|基本原理,否
314,李达 唯物史观 现代社会学,0314_李达_唯物史观_现代社会学.md,3,53.0,传播史,早期共产主义者与马克思主义传播,传播史/早期共产主义者与马克思主义传播.md,高,109.0,已列入原主题页重点卡片；命中主题种子词：李达；主题词重合：李达,李达 唯物史观 社会学(45.91)；李达 现代社会学 社会学大纲(43.93)；李达 唯物史观 学术贡献(38.93)；李达 唯物史观 传播 应用(38.93)；现代社会学(35.0),0284_李达_唯物史观_社会学.md；0298_李达_现代社会学_社会学大纲.md；0269_李达_唯物史观_学术贡献.md；0332_李达_唯物史观_传播_应用.md；1881_现代社会学.md,,李达、唯物史观、现代社会学,马克思主义哲学中国化与中国哲学的现代转型；马克思主义哲学史（第六卷；百年中国哲学革命,310-311；163-184；129-130,是,可按主题页优先检索,先查主题页《早期共产主义者与马克思主义传播》，再在 T3/T10 中检索：李达|唯物史观|现代社会学,否
315,李达 经济基础 上层建筑,0315_李达_经济基础_上层建筑.md,3,48.62,理论方法,历史唯物主义体系,理论方法/历史唯物主义体系.md,高,124.0,已列入原主题页重点卡片；命中主题种子词：经济基础、上层建筑；主题词重合：经济基础、上层建筑,经济基础 上层建筑 相互作用(53.46)；唯物史观 经济基础 上层建筑(53.46)；经济基础 上层建筑 过渡时期(53.46)；经济基础 上层建筑 意识形态(53.46)；语言学问题 经济基础 上层建筑(52.5),0019_经济基础_上层建筑_相互作用.md；0027_唯物史观_经济基础_上层建筑.md；0641_经济基础_上层建筑_过渡时期.md；1681_经济基础_上层建筑_意识形态.md；0003_语言学问题_经济基础_上层建筑.md,,李达、经济基础、上层建筑,马克思主义哲学史（第六卷；马克思主义哲学在中国：传播、应用、形态、前景；马克思主义哲学中国化理论与历史,184-186；488-490；284,是,可按主题页优先检索,先查主题页《历史唯物主义体系》，再在 T3/T10 中检索：李达|经济基础|上层建筑,否
316,李达 生产力 生产关系,0316_李达_生产力_生产关系.md,3,45.4,理论方法,历史唯物主义体系,理论方法/历史唯物主义体系.md,高,121.0,已列入原主题页重点卡片；命中主题种子词：生产力、生产关系；主题词重合：生产力、生产关系,生产力 生产关系 讨论(48.89)；生产力 生产关系 斯大林(47.5)；生产力 生产关系 历史规律(46.36)；唯物史观 生产力 生产关系(46.36)；生产力 生产关系 交互作用(46.36),0002_生产力_生产关系_讨论.md；0906_生产力_生产关系_斯大林.md；0016_生产力_生产关系_历史规律.md；0026_唯物史观_生产力_生产关系.md；0044_生产力_生产关系_交互作用.md,,李达、生产力、生产关系,马克思主义哲学史（第六卷；马克思主义哲学中国化与中国哲学的现代转型；马克思主义哲学在中国传播与发展的百年历史（上）,186-187；311-313；174-176,是,可按主题页优先检索,先查主题页《历史唯物主义体系》，再在 T3/T10 中检索：李达|生产力|生产关系,否
317,李达 社会发展 原动力,0317_李达_社会发展_原动力.md,3,47.33,传播史,李达与马克思主义哲学体系化,传播史/李达与马克思主义哲学体系化.md,高,109.0,已列入原主题页重点卡片；命中主题种子词：李达；主题词重合：李达,社会发展 一般秩序 机械理解(24.69)；李达 社会学大纲 学术史(15.36)；李达 社会学大纲 教科书形态(14.69)；李达 社会学大纲 教科书传播(14.69)；李达 社会学大纲 马克思主义哲学(14.17),1298_社会发展_一般秩序_机械理解.md；0268_李达_社会学大纲_学术史.md；0276_李达_社会学大纲_教科书形态.md；0299_李达_社会学大纲_教科书传播.md；0323_李达_社会学大纲_马克思主义哲学.md,,李达、社会发展、原动力,马克思主义哲学史（第六卷；马克思主义哲学中国化理论与历史；马克思主义哲学中国化与中国哲学的现代转型,187；309；446-448,是,可按主题页优先检索,先查主题页《李达与马克思主义哲学体系化》，再在 T3/T10 中检索：李达|社会发展|原动力,否
318,李达 阶级 国家 社会意识 社会革命,0318_李达_阶级_国家_社会意识_社会革命.md,3,55.8,理论方法,阶级斗争与社会革命理论,理论方法/阶级斗争与社会革命理论.md,高,133.0,已列入原主题页重点卡片；命中主题种子词：社会革命、革命、阶级、国家；主题词重合：阶级、国家、社会革命,俄国 社会革命(25.36)；童稚集 早期胡绳 社会意识(23.95)；罗莎卢森堡 社会革命 合法改良(23.57)；文化改造 社会革命 马克思主义引进(23.26)；李达 唯物史观 社会学(12.78),1722_俄国_社会革命.md；0440_童稚集_早期胡绳_社会意识.md；1099_罗莎卢森堡_社会革命_合法改良.md；0966_文化改造_社会革命_马克思主义引进.md；0284_李达_唯物史观_社会学.md,,李达、阶级、国家、社会意识、社会革命,马克思主义哲学史（第六卷；马克思主义哲学在中国传播与发展的百年历史（上）；马克思主义哲学中国化与中国哲学的现代转型,187-168；174-176；311-313,是,可按主题页优先检索,先查主题页《阶级斗争与社会革命理论》，再在 T3/T10 中检索：李达|阶级|国家|社会意识|社会革命,否
319,李达 世界革命 民族革命,0319_李达_世界革命_民族革命.md,3,48.04,传播史,李达与马克思主义哲学体系化,传播史/李达与马克思主义哲学体系化.md,高,109.0,已列入原主题页重点卡片；命中主题种子词：李达；主题词重合：李达,列宁 世界革命 唯物辩证法(25.0)；李达 阶级 国家 社会意识 社会革命(12.78)；李达 生产力 生产关系(11.79)；李达 唯物史观 社会学(11.67)；李达 社会发展 原动力(11.67),0833_列宁_世界革命_唯物辩证法.md；0318_李达_阶级_国家_社会意识_社会革命.md；0316_李达_生产力_生产关系.md；0284_李达_唯物史观_社会学.md；0317_李达_社会发展_原动力.md,,李达、世界革命、民族革命,马克思主义哲学史（第六卷；马克思主义哲学中国化理论与历史；中国马克思主义哲学教科书编写之起步、发展与演化（1922—1949）,172-174；270；2,是,可按主题页优先检索,先查主题页《李达与马克思主义哲学体系化》，再在 T3/T10 中检索：李达|世界革命|民族革命,否
320,陈独秀 右倾机会主义 哲学根源,0320_陈独秀_右倾机会主义_哲学根源.md,3,44.4,传播史,早期共产主义者与马克思主义传播,传播史/早期共产主义者与马克思主义传播.md,高,109.0,已列入原主题页重点卡片；命中主题种子词：陈独秀；主题词重合：陈独秀,瞿秋白 陈独秀 彭述之 右倾机会主义(54.21)；右倾机会主义 左倾机会主义 哲学总结(40.94)；陈独秀 马克思主义哲学 宣传(21.94)；陈独秀 马克思主义哲学 宣传 运用(21.25)；陈独秀 社会主义 学术思想(20.56),0341_瞿秋白_陈独秀_彭述之_右倾机会主义.md；1436_右倾机会主义_左倾机会主义_哲学总结.md；0306_陈独秀_马克思主义哲学_宣传.md；0354_陈独秀_马克思主义哲学_宣传_运用.md；0263_陈独秀_社会主义_学术思想.md,,陈独秀、右倾机会主义、哲学根源,马克思主义哲学史（第六卷；马克思主义哲学的中国化及其历程；《实践论》和《矛盾论》对马克思主义哲学中国化的启示_许全兴,234；121-123；4,是,可按主题页优先检索,先查主题页《早期共产主义者与马克思主义传播》，再在 T3/T10 中检索：陈独秀|右倾机会主义|哲学根源,否
321,群众观点 错误 陈独秀,0321_群众观点_错误_陈独秀.md,3,32.93,传播史,五四新文化与马克思主义早期传播,传播史/五四新文化与马克思主义早期传播.md,低,13.0,自动主题组匹配：陈独秀,实践观点 群众观点 认识论 群众路线(24.41)；陈独秀 民主 科学 反孔(18.57)；陈独秀 前期哲学思想(18.57)；陈独秀 崇现实 薄虚文(18.57)；陈独秀 进化论 历史观(18.57),0619_实践观点_群众观点_认识论_群众路线.md；0324_陈独秀_民主_科学_反孔.md；0343_陈独秀_前期哲学思想.md；0344_陈独秀_崇现实_薄虚文.md；0345_陈独秀_进化论_历史观.md,,错误、陈独秀,马克思主义中国化史；马克思主义哲学的中国化及其历程；百年中国哲学革命,未识别；121-123；125-126,是,先核验原卡片再使用,先查主题页《五四新文化与马克思主义早期传播》，再在 T3/T10 中检索：群众观点|错误|陈独秀,否
322,公式化 主观主义 陈独秀,0322_公式化_主观主义_陈独秀.md,3,39.4,传播史,陈独秀与马克思主义传播,传播史/陈独秀与马克思主义传播.md,高,109.0,已列入原主题页重点卡片；命中主题种子词：陈独秀；主题词重合：陈独秀,主观主义 教条主义 批判(25.36)；经验主义 主观主义 批判(25.36)；主观主义 经验主义 批判(25.36)；民粹主义 主观主义 批判(25.36)；主观主义 教条主义 经验主义(25.0),1211_主观主义_教条主义_批判.md；1212_经验主义_主观主义_批判.md；1464_主观主义_经验主义_批判.md；1588_民粹主义_主观主义_批判.md；1338_主观主义_教条主义_经验主义.md,,公式化、主观主义、陈独秀,马克思主义哲学史（第六卷；马克思主义哲学中国化与中国道路的哲学表达；冯契文集第七卷中国近代哲学的革命进程,237-239；5；407,是,可按主题页优先检索,先查主题页《陈独秀与马克思主义传播》，再在 T3/T10 中检索：公式化|主观主义|陈独秀,否
323,李达 社会学大纲 马克思主义哲学,0323_李达_社会学大纲_马克思主义哲学.md,3,57.11,传播史,李达与马克思主义哲学体系化,传播史/李达与马克思主义哲学体系化.md,高,121.0,已列入原主题页重点卡片；命中主题种子词：李达、社会学大纲；主题词重合：李达、社会学大纲,李达 马克思主义哲学 研究(55.94)；李达 马克思主义哲学 泰斗(55.94)；李达 马克思主义哲学 中国化(55.29)；李达 社会学大纲 马克思主义教科书(52.19)；马克思主义哲学 哲学大众化(45.94),0267_李达_马克思主义哲学_研究.md；0355_李达_马克思主义哲学_泰斗.md；0301_李达_马克思主义哲学_中国化.md；0328_李达_社会学大纲_马克思主义教科书.md；1813_马克思主义哲学_哲学大众化.md,,李达、社会学大纲、马克思主义哲学,马克思主义哲学中国化与中国哲学的现代转型；二十世纪上半叶马克思主义哲学中国化之检视_王玉平；马克思主义哲学中国化理论与历史,443-446；104；89,是,可按主题页优先检索,先查主题页《李达与马克思主义哲学体系化》，再在 T3/T10 中检索：李达|社会学大纲|马克思主义哲学,否
324,陈独秀 民主 科学 反孔,0324_陈独秀_民主_科学_反孔.md,3,47.0,传播史,五四时期马克思主义传播,传播史/五四时期马克思主义传播.md,高,113.0,已列入原主题页重点卡片；命中主题种子词：陈独秀；主题词重合：陈独秀；主题域增强：陈独秀,陈独秀 科学 民主 马克思主义(21.67)；陈独秀 科学 宗教迷信(20.77)；群众观点 错误 陈独秀(18.57)；陈独秀 前期哲学思想(18.57)；陈独秀 崇现实 薄虚文(18.57),0262_陈独秀_科学_民主_马克思主义.md；0346_陈独秀_科学_宗教迷信.md；0321_群众观点_错误_陈独秀.md；0343_陈独秀_前期哲学思想.md；0344_陈独秀_崇现实_薄虚文.md,,陈独秀、民主、科学,马克思主义哲学中国化与中国哲学的现代转型；马克思主义哲学史教程；马克思主义哲学的中国化及其历程,185；857-859；43-45,是,可按主题页优先检索,先查主题页《五四时期马克思主义传播》，再在 T3/T10 中检索：陈独秀|民主|科学|反孔,否
325,李大钊 东西文明 动静,0325_李大钊_东西文明_动静.md,3,37.17,传播史,李大钊与唯物史观传播,传播史/李大钊与唯物史观传播.md,高,113.0,已列入原主题页重点卡片；命中主题种子词：李大钊；主题词重合：李大钊；主题域增强：李大钊,李大钊 青春哲学(19.17)；李大钊 众庶 英雄(19.17)；唯物史观 李大钊(19.17)；李大钊 宇宙 大实在(18.85)；李大钊 唯物史观 研究(18.57),0347_李大钊_青春哲学.md；0351_李大钊_众庶_英雄.md；1775_唯物史观_李大钊.md；0348_李大钊_宇宙_大实在.md；0258_李大钊_唯物史观_研究.md,,李大钊、东西文明,百年中国哲学革命；中国马克思主义学术史纲；从“决裂论”到“土壤论”——新启蒙运动对马克思主义与中国传统文化关系的认识深化_崔海亮,95-97；18-20；4,是,可按主题页优先检索,先查主题页《李大钊与唯物史观传播》，再在 T3/T10 中检索：李大钊|东西文明|动静,否
326,李大钊 唯物史观 阶级斗争,0326_李大钊_唯物史观_阶级斗争.md,3,47.0,传播史,李大钊与唯物史观传播,传播史/李大钊与唯物史观传播.md,高,143.0,已列入原主题页重点卡片；命中主题种子词：李大钊、唯物史观、阶级斗争；主题词重合：李大钊、唯物史观、阶级斗争；主题域增强：唯物史观、李大钊,李大钊 阶级斗争 唯物史观(71.67)；唯物史观 阶级 阶级斗争 理论(53.46)；陈独秀 唯物史观 阶级斗争(53.46)；陈独秀 唯物史观 剩余价值 阶级斗争(48.33)；李大钊 唯物史观 研究(47.5),0280_李大钊_阶级斗争_唯物史观.md；0034_唯物史观_阶级_阶级斗争_理论.md；0282_陈独秀_唯物史观_阶级斗争.md；0327_陈独秀_唯物史观_剩余价值_阶级斗争.md；0258_李大钊_唯物史观_研究.md,,李大钊、唯物史观、阶级斗争,马克思主义哲学中国化与中国哲学的现代转型；中国马克思主义学术史纲；马克思主义哲学史（第六卷,404-406；22-24；50-52,是,可按主题页优先检索,先查主题页《李大钊与唯物史观传播》，再在 T3/T10 中检索：李大钊|唯物史观|阶级斗争,否
327,陈独秀 唯物史观 剩余价值 阶级斗争,0327_陈独秀_唯物史观_剩余价值_阶级斗争.md,3,55.18,传播史,陈独秀与马克思主义传播,传播史/陈独秀与马克思主义传播.md,高,135.0,已列入原主题页重点卡片；命中主题种子词：陈独秀、唯物史观、阶级斗争；主题词重合：陈独秀、唯物史观、阶级斗争,陈独秀 唯物史观 阶级斗争(70.0)；唯物史观 阶级 阶级斗争 理论(48.33)；李大钊 阶级斗争 唯物史观(48.33)；李大钊 唯物史观 阶级斗争(48.33)；陈独秀 唯物史观 人生观(43.82),0282_陈独秀_唯物史观_阶级斗争.md；0034_唯物史观_阶级_阶级斗争_理论.md；0280_李大钊_阶级斗争_唯物史观.md；0326_李大钊_唯物史观_阶级斗争.md；0213_陈独秀_唯物史观_人生观.md,,陈独秀、唯物史观、剩余价值、阶级斗争,马克思主义哲学中国化与中国哲学的现代转型；中国马克思主义学术史纲；马克思主义哲学中国化理论与历史,296-298；28-30；209,是,可按主题页优先检索,先查主题页《陈独秀与马克思主义传播》，再在 T3/T10 中检索：陈独秀|唯物史观|剩余价值|阶级斗争,否
328,李达 社会学大纲 马克思主义教科书,0328_李达_社会学大纲_马克思主义教科书.md,3,55.7,传播史,李达与马克思主义哲学体系化,传播史/李达与马克思主义哲学体系化.md,高,124.0,已列入原主题页重点卡片；命中主题种子词：李达、社会学大纲、教科书；主题词重合：李达、社会学大纲,李达 社会学大纲 马克思主义哲学(52.19)；李达 社会学大纲 教科书形态(46.76)；李达 社会学大纲 教科书传播(46.76)；李达 社会学大纲 学术史(43.82)；李达 现代社会学 社会学大纲(41.94),0323_李达_社会学大纲_马克思主义哲学.md；0276_李达_社会学大纲_教科书形态.md；0299_李达_社会学大纲_教科书传播.md；0268_李达_社会学大纲_学术史.md；0298_李达_现代社会学_社会学大纲.md,,李达、社会学大纲、马克思主义教科书,中国马克思主义哲学教科书编写之起步、发展与演化（1922—1949）；百年中国哲学革命；马克思主义哲学中国化与中国哲学的现代转型,7；144-145；443-446,是,可按主题页优先检索,先查主题页《李达与马克思主义哲学体系化》，再在 T3/T10 中检索：李达|社会学大纲|马克思主义教科书,否
329,陈独秀 瞿秋白 唯物史观派,0329_陈独秀_瞿秋白_唯物史观派.md,3,50.38,传播史,早期共产主义者与马克思主义传播,传播史/早期共产主义者与马克思主义传播.md,高,118.0,已列入原主题页重点卡片；命中主题种子词：陈独秀、瞿秋白；主题词重合：陈独秀、瞿秋白,瞿秋白 陈独秀 彭述之 右倾机会主义(35.0)；唯物史观派 马克思主义(31.67)；玄学派 科学派 唯物史观派(31.67)；瞿秋白 唯物史观 进一步传播(25.0)；陈独秀 唯物史观 人生观(23.93),0341_瞿秋白_陈独秀_彭述之_右倾机会主义.md；0041_唯物史观派_马克思主义.md；0191_玄学派_科学派_唯物史观派.md；0336_瞿秋白_唯物史观_进一步传播.md；0213_陈独秀_唯物史观_人生观.md,,陈独秀、瞿秋白、唯物史观派,马克思主义哲学中国化理论与历史；“新哲学”大众化运动研究；马克思主义哲学中国化与中国哲学的现代转型,89；176；288-290,是,可按主题页优先检索,先查主题页《早期共产主义者与马克思主义传播》，再在 T3/T10 中检索：陈独秀|瞿秋白|唯物史观派,否
330,李大钊 唯物史观 传播 应用,0330_李大钊_唯物史观_传播_应用.md,3,62.0,传播史,李大钊与唯物史观传播,传播史/李大钊与唯物史观传播.md,高,131.0,已列入原主题页重点卡片；命中主题种子词：李大钊、唯物史观；主题词重合：李大钊、唯物史观；主题域增强：唯物史观、李大钊,李大钊 唯物史观 初步应用(48.46)；李大钊 唯物史观 研究(47.5)；唯物史观 李大钊(46.36)；李大钊 唯物史观 史学要论(45.71)；李大钊 唯物史观 历史研究(45.71),0272_李大钊_唯物史观_初步应用.md；0258_李大钊_唯物史观_研究.md；1775_唯物史观_李大钊.md；0302_李大钊_唯物史观_史学要论.md；0304_李大钊_唯物史观_历史研究.md,,李大钊、唯物史观、传播、应用,马克思主义哲学在中国：传播、应用、形态、前景；二十世纪上半叶马克思主义哲学中国化之检视_王玉平；“新哲学”大众化运动研究,303-305；70；98,是,可按主题页优先检索,先查主题页《李大钊与唯物史观传播》，再在 T3/T10 中检索：李大钊|唯物史观|传播|应用,否
331,陈独秀 唯物史观 传播 应用,0331_陈独秀_唯物史观_传播_应用.md,3,60.2,传播史,陈独秀与马克思主义传播,传播史/陈独秀与马克思主义传播.md,高,123.0,已列入原主题页重点卡片；命中主题种子词：陈独秀、唯物史观；主题词重合：陈独秀、唯物史观,陈独秀 唯物史观 人生观(46.54)；陈独秀 唯物史观 阶级斗争(45.71)；陈独秀 唯物史观 两大要旨(45.71)；李达 唯物史观 传播 应用(44.58)；周恩来 唯物史观 传播 应用(43.46),0213_陈独秀_唯物史观_人生观.md；0282_陈独秀_唯物史观_阶级斗争.md；0308_陈独秀_唯物史观_两大要旨.md；0332_李达_唯物史观_传播_应用.md；0114_周恩来_唯物史观_传播_应用.md,,陈独秀、唯物史观、传播、应用,马克思主义哲学在中国：传播、应用、形态、前景；马克思主义哲学的中国化及其历程；马克思主义哲学中国化与中国道路的哲学表达,76-78；43-45；2,是,可按主题页优先检索,先查主题页《陈独秀与马克思主义传播》，再在 T3/T10 中检索：陈独秀|唯物史观|传播|应用,否
332,李达 唯物史观 传播 应用,0332_李达_唯物史观_传播_应用.md,3,60.2,理论方法,唯物史观在中国的传播与应用,理论方法/唯物史观在中国的传播与应用.md,高,118.0,已列入原主题页重点卡片；命中主题种子词：唯物史观；主题词重合：唯物史观；主题域增强：唯物史观,周恩来 唯物史观 传播 应用(44.58)；恽代英 唯物史观 传播 应用(44.58)；李大钊 唯物史观 传播 应用(44.58)；陈独秀 唯物史观 传播 应用(44.58)；蔡和森 唯物史观 传播 应用(44.58),0114_周恩来_唯物史观_传播_应用.md；0115_恽代英_唯物史观_传播_应用.md；0330_李大钊_唯物史观_传播_应用.md；0331_陈独秀_唯物史观_传播_应用.md；0333_蔡和森_唯物史观_传播_应用.md,,李达、唯物史观、传播、应用,马克思主义哲学在中国：传播、应用、形态、前景；马克思主义哲学的中国化及其历程；马克思主义哲学在中国的传播与马克思主义哲学中国化,76-78；180-182；11,是,可按主题页优先检索,先查主题页《唯物史观在中国的传播与应用》，再在 T3/T10 中检索：李达|唯物史观|传播|应用,否
333,蔡和森 唯物史观 传播 应用,0333_蔡和森_唯物史观_传播_应用.md,3,56.6,理论方法,唯物史观在中国的传播与应用,理论方法/唯物史观在中国的传播与应用.md,高,118.0,已列入原主题页重点卡片；命中主题种子词：唯物史观；主题词重合：唯物史观；主题域增强：唯物史观,李达 唯物史观 传播 应用(44.58)；周恩来 唯物史观 传播 应用(43.46)；恽代英 唯物史观 传播 应用(43.46)；李大钊 唯物史观 传播 应用(43.46)；陈独秀 唯物史观 传播 应用(43.46),0332_李达_唯物史观_传播_应用.md；0114_周恩来_唯物史观_传播_应用.md；0115_恽代英_唯物史观_传播_应用.md；0330_李大钊_唯物史观_传播_应用.md；0331_陈独秀_唯物史观_传播_应用.md,,蔡和森、唯物史观、传播、应用,马克思主义哲学在中国：传播、应用、形态、前景；马克思主义哲学的中国化及其历程；“新哲学”大众化运动研究,76-78；75-77；98,是,可按主题页优先检索,先查主题页《唯物史观在中国的传播与应用》，再在 T3/T10 中检索：蔡和森|唯物史观|传播|应用,否
334,杨匏安 唯物史观 传播 应用,0334_杨匏安_唯物史观_传播_应用.md,3,52.0,理论方法,唯物史观在中国的传播与应用,理论方法/唯物史观在中国的传播与应用.md,高,118.0,已列入原主题页重点卡片；命中主题种子词：唯物史观；主题词重合：唯物史观；主题域增强：唯物史观,李达 唯物史观 传播 应用(44.58)；周恩来 唯物史观 传播 应用(43.46)；恽代英 唯物史观 传播 应用(43.46)；李大钊 唯物史观 传播 应用(43.46)；陈独秀 唯物史观 传播 应用(43.46),0332_李达_唯物史观_传播_应用.md；0114_周恩来_唯物史观_传播_应用.md；0115_恽代英_唯物史观_传播_应用.md；0330_李大钊_唯物史观_传播_应用.md；0331_陈独秀_唯物史观_传播_应用.md,,唯物史观、传播、应用、杨匏安,马克思主义哲学在中国：传播、应用、形态、前景；马克思主义哲学的中国化及其历程；马克思主义哲学在中国的传播与马克思主义哲学中国化,76-78；77-80；2,是,可按主题页优先检索,先查主题页《唯物史观在中国的传播与应用》，再在 T3/T10 中检索：杨匏安|唯物史观|传播|应用,否
335,瞿秋白 辩证唯物主义 传播,0335_瞿秋白_辩证唯物主义_传播.md,3,50.77,传播史,瞿秋白与辩证唯物主义传播,传播史/瞿秋白与辩证唯物主义传播.md,高,123.0,已列入原主题页重点卡片；命中主题种子词：瞿秋白、辩证唯物主义；主题词重合：瞿秋白、辩证唯物主义,瞿秋白 辩证唯物主义 中国传播(62.31)；瞿秋白 辩证唯物主义 中国化(60.38)；历史唯物主义 辩证唯物主义(39.62)；唯心主义 辩证唯物主义(39.62)；辩证唯物主义 研讨 争论(38.93),0288_瞿秋白_辩证唯物主义_中国传播.md；0300_瞿秋白_辩证唯物主义_中国化.md；1707_历史唯物主义_辩证唯物主义.md；1766_唯心主义_辩证唯物主义.md；0981_辩证唯物主义_研讨_争论.md,,瞿秋白、辩证唯物主义、传播,马克思主义哲学的中国化及其历程；马克思主义哲学史教程；马克思主义哲学中国化理论与历史,95-97；895-897；257,是,可按主题页优先检索,先查主题页《瞿秋白与辩证唯物主义传播》，再在 T3/T10 中检索：瞿秋白|辩证唯物主义|传播,否
336,瞿秋白 唯物史观 进一步传播,0336_瞿秋白_唯物史观_进一步传播.md,3,46.6,理论方法,唯物史观在中国的传播与应用,理论方法/唯物史观在中国的传播与应用.md,高,118.0,已列入原主题页重点卡片；命中主题种子词：唯物史观；主题词重合：唯物史观；主题域增强：唯物史观,瞿秋白 科玄论战 唯物史观(42.81)；唯物史观 传播热潮(27.14)；唯物史观 传播热潮 特点(26.25)；唯物史观 传播 局限 不足(26.25)；鲁迅 唯物史观 传播 运用(26.25),0216_瞿秋白_科玄论战_唯物史观.md；0064_唯物史观_传播热潮.md；0065_唯物史观_传播热潮_特点.md；0066_唯物史观_传播_局限_不足.md；0116_鲁迅_唯物史观_传播_运用.md,,瞿秋白、唯物史观、进一步传播,马克思主义哲学的中国化及其历程；百年中国哲学革命；马克思主义哲学中国化与中国哲学的现代转型,102-104；69-71；288-290,是,可按主题页优先检索,先查主题页《唯物史观在中国的传播与应用》，再在 T3/T10 中检索：瞿秋白|唯物史观|进一步传播,否
337,瞿秋白 真理论 反映论,0337_瞿秋白_真理论_反映论.md,3,45.87,传播史,瞿秋白与辩证唯物主义传播,传播史/瞿秋白与辩证唯物主义传播.md,高,109.0,已列入原主题页重点卡片；命中主题种子词：瞿秋白；主题词重合：瞿秋白,反映论 真理论 实践论 毛泽东(36.67)；瞿秋白 东西文化 特点(18.57)；马赫主义 批判 反映论(18.57)；瞿秋白 互辩律的唯物论(18.33)；瞿秋白 唯物辩证法 研究(18.33),0541_反映论_真理论_实践论_毛泽东.md；0340_瞿秋白_东西文化_特点.md；1538_马赫主义_批判_反映论.md；0264_瞿秋白_互辩律的唯物论.md；0266_瞿秋白_唯物辩证法_研究.md,,瞿秋白、真理论、反映论,马克思主义哲学的中国化及其历程；冯契文集第七卷中国近代哲学的革命进程；中国近代哲学的革命进程,105-108；404；402-405,是,可按主题页优先检索,先查主题页《瞿秋白与辩证唯物主义传播》，再在 T3/T10 中检索：瞿秋白|真理论|反映论,否
338,瞿秋白 自由 必然 个人 社会,0338_瞿秋白_自由_必然_个人_社会.md,3,66.6,传播史,瞿秋白与辩证唯物主义传播,传播史/瞿秋白与辩证唯物主义传播.md,高,109.0,已列入原主题页重点卡片；命中主题种子词：瞿秋白；主题词重合：瞿秋白,瞿秋白 社会哲学概论 讲义(19.41)；瞿秋白 现代社会学 社会科学概论(18.95)；瞿秋白 真理论 反映论(18.12)；瞿秋白 东西文化 特点(18.12)；瞿秋白 互辩律的唯物论(17.94),0296_瞿秋白_社会哲学概论_讲义.md；0297_瞿秋白_现代社会学_社会科学概论.md；0337_瞿秋白_真理论_反映论.md；0340_瞿秋白_东西文化_特点.md；0264_瞿秋白_互辩律的唯物论.md,,瞿秋白、自由、必然、个人、社会,马克思主义哲学的中国化及其历程；中国近代哲学的革命进程；马克思主义哲学史（第六卷,110-112；400-402；178-180,是,可按主题页优先检索,先查主题页《瞿秋白与辩证唯物主义传播》，再在 T3/T10 中检索：瞿秋白|自由|必然|个人|社会,否
339,瞿秋白 东方文化派 唯心论 批判,0339_瞿秋白_东方文化派_唯心论_批判.md,3,53.16,传播史,瞿秋白与辩证唯物主义传播,传播史/瞿秋白与辩证唯物主义传播.md,高,109.0,已列入原主题页重点卡片；命中主题种子词：瞿秋白；主题词重合：瞿秋白,瞿秋白 唯物论 唯心论 哲学根本问题(34.55)；瞿秋白 东西文化 特点(21.25)；瞿秋白 张君劢 唯意志论 批判(20.26)；瞿秋白 胡适 实用主义 批判(18.95)；瞿秋白 真理论 反映论(17.78),0311_瞿秋白_唯物论_唯心论_哲学根本问题.md；0340_瞿秋白_东西文化_特点.md；0226_瞿秋白_张君劢_唯意志论_批判.md；0465_瞿秋白_胡适_实用主义_批判.md；0337_瞿秋白_真理论_反映论.md,,瞿秋白、东方文化派、唯心论、批判,马克思主义哲学的中国化及其历程；马克思主义哲学在中国的传播与马克思主义哲学中国化；“新哲学”大众化运动研究,117-119；8；176,是,可按主题页优先检索,先查主题页《瞿秋白与辩证唯物主义传播》，再在 T3/T10 中检索：瞿秋白|东方文化派|唯心论|批判,否
340,瞿秋白 东西文化 特点,0340_瞿秋白_东西文化_特点.md,3,46.97,传播史,瞿秋白与辩证唯物主义传播,传播史/瞿秋白与辩证唯物主义传播.md,高,109.0,已列入原主题页重点卡片；命中主题种子词：瞿秋白；主题词重合：瞿秋白,瞿秋白 东方文化派 唯心论 批判(21.25)；瞿秋白 真理论 反映论(18.57)；瞿秋白 互辩律的唯物论(18.33)；瞿秋白 唯物辩证法 研究(18.33)；瞿秋白 辩证法 基本规律(18.33),0339_瞿秋白_东方文化派_唯心论_批判.md；0337_瞿秋白_真理论_反映论.md；0264_瞿秋白_互辩律的唯物论.md；0266_瞿秋白_唯物辩证法_研究.md；0312_瞿秋白_辩证法_基本规律.md,,瞿秋白、东西文化、特点,马克思主义哲学中国化理论与历史；中国文化与马克思主义；马克思主义哲学的中国化及其历程,176；240；117-119,是,可按主题页优先检索,先查主题页《瞿秋白与辩证唯物主义传播》，再在 T3/T10 中检索：瞿秋白|东西文化|特点,否
341,瞿秋白 陈独秀 彭述之 右倾机会主义,0341_瞿秋白_陈独秀_彭述之_右倾机会主义.md,3,58.4,传播史,陈独秀与马克思主义传播,传播史/陈独秀与马克思主义传播.md,高,109.0,已列入原主题页重点卡片；命中主题种子词：陈独秀；主题词重合：陈独秀,陈独秀 右倾机会主义 哲学根源(54.21)；右倾机会主义 左倾机会主义 哲学总结(36.25)；陈独秀 瞿秋白 唯物史观派(35.0)；陈独秀 社会主义 学术思想(20.0)；陈独秀 马克思主义 研究(18.75),0320_陈独秀_右倾机会主义_哲学根源.md；1436_右倾机会主义_左倾机会主义_哲学总结.md；0329_陈独秀_瞿秋白_唯物史观派.md；0263_陈独秀_社会主义_学术思想.md；0261_陈独秀_马克思主义_研究.md,,瞿秋白、陈独秀、彭述之、右倾机会主义,马克思主义哲学的中国化及其历程；马克思主义哲学史（第六卷；二十世纪上半叶马克思主义哲学中国化之检视_王玉平,121-123；237-239；89,是,可按主题页优先检索,先查主题页《陈独秀与马克思主义传播》，再在 T3/T10 中检索：瞿秋白|陈独秀|彭述之|右倾机会主义,否
342,李达 辩证唯物论 系统传播,0342_李达_辩证唯物论_系统传播.md,3,44.2,传播史,李达与马克思主义哲学体系化,传播史/李达与马克思主义哲学体系化.md,高,109.0,已列入原主题页重点卡片；命中主题种子词：李达；主题词重合：李达,辩证唯物论 历史唯物论 传播体系(32.81)；辩证唯物论 分歧 争论(32.14)；历史唯物论 辩证唯物论 米丁(31.67)；俄国 辩证唯物论 思想 介绍(31.25)；李达 唯物史观 传播 应用(14.69),0057_辩证唯物论_历史唯物论_传播体系.md；1033_辩证唯物论_分歧_争论.md；1809_历史唯物论_辩证唯物论_米丁.md；0909_俄国_辩证唯物论_思想_介绍.md；0332_李达_唯物史观_传播_应用.md,,李达、辩证唯物论、系统传播,马克思主义哲学的中国化及其历程；百年中国哲学革命；二十世纪上半叶马克思主义哲学中国化之检视_王玉平,182-184；139-141；153,是,可按主题页优先检索,先查主题页《李达与马克思主义哲学体系化》，再在 T3/T10 中检索：李达|辩证唯物论|系统传播,否
343,陈独秀 前期哲学思想,0343_陈独秀_前期哲学思想.md,3,33.2,传播史,五四新文化与马克思主义早期传播,传播史/五四新文化与马克思主义早期传播.md,低,13.0,自动主题组匹配：陈独秀,陈独秀 社会主义 学术思想(20.0)；陈独秀 马克思主义哲学 宣传(19.69)；陈独秀 右倾机会主义 哲学根源(19.41)；陈独秀 马克思主义哲学 宣传 运用(19.17)；群众观点 错误 陈独秀(18.57),0263_陈独秀_社会主义_学术思想.md；0306_陈独秀_马克思主义哲学_宣传.md；0320_陈独秀_右倾机会主义_哲学根源.md；0354_陈独秀_马克思主义哲学_宣传_运用.md；0321_群众观点_错误_陈独秀.md,,陈独秀、前期哲学思想,百年中国哲学革命；继承五四和扬弃五四；中国文化与马克思主义,19；24；237,是,先核验原卡片再使用,先查主题页《五四新文化与马克思主义早期传播》，再在 T3/T10 中检索：陈独秀|前期哲学思想,否
344,陈独秀 崇现实 薄虚文,0344_陈独秀_崇现实_薄虚文.md,1,35.8,传播史,陈独秀与马克思主义传播,传播史/陈独秀与马克思主义传播.md,高,109.0,已列入原主题页重点卡片；命中主题种子词：陈独秀；主题词重合：陈独秀,群众观点 错误 陈独秀(18.57)；陈独秀 民主 科学 反孔(18.57)；陈独秀 前期哲学思想(18.57)；陈独秀 进化论 历史观(18.57)；陈独秀 科学 宗教迷信(18.57),0321_群众观点_错误_陈独秀.md；0324_陈独秀_民主_科学_反孔.md；0343_陈独秀_前期哲学思想.md；0345_陈独秀_进化论_历史观.md；0346_陈独秀_科学_宗教迷信.md,,陈独秀、崇现实、薄虚文,百年中国哲学革命,20-22,是,可按主题页优先检索,先查主题页《陈独秀与马克思主义传播》，再在 T3/T10 中检索：陈独秀|崇现实|薄虚文,否
345,陈独秀 进化论 历史观,0345_陈独秀_进化论_历史观.md,3,46.93,传播史,陈独秀与马克思主义传播,传播史/陈独秀与马克思主义传播.md,高,109.0,已列入原主题页重点卡片；命中主题种子词：陈独秀；主题词重合：陈独秀,陈独秀 唯物史观 人生观(20.36)；陈独秀 唯物史观 阶级斗争(20.0)；陈独秀 唯物史观 两大要旨(20.0)；陈独秀 瞿秋白 唯物史观派(20.0)；陈独秀 唯物史观 传播 应用(20.0),0213_陈独秀_唯物史观_人生观.md；0282_陈独秀_唯物史观_阶级斗争.md；0308_陈独秀_唯物史观_两大要旨.md；0329_陈独秀_瞿秋白_唯物史观派.md；0331_陈独秀_唯物史观_传播_应用.md,,陈独秀、进化论、历史观,马克思主义哲学的中国化及其历程；百年中国哲学革命；中国文化与马克思主义,255-258；28-30；203,是,可按主题页优先检索,先查主题页《陈独秀与马克思主义传播》，再在 T3/T10 中检索：陈独秀|进化论|历史观,否
346,陈独秀 科学 宗教迷信,0346_陈独秀_科学_宗教迷信.md,3,45.04,传播史,陈独秀与马克思主义传播,传播史/陈独秀与马克思主义传播.md,高,109.0,已列入原主题页重点卡片；命中主题种子词：陈独秀；主题词重合：陈独秀,陈独秀 科学 民主 马克思主义(21.67)；陈独秀 民主 科学 反孔(20.77)；群众观点 错误 陈独秀(18.57)；陈独秀 前期哲学思想(18.57)；陈独秀 崇现实 薄虚文(18.57),0262_陈独秀_科学_民主_马克思主义.md；0324_陈独秀_民主_科学_反孔.md；0321_群众观点_错误_陈独秀.md；0343_陈独秀_前期哲学思想.md；0344_陈独秀_崇现实_薄虚文.md,,陈独秀、科学、宗教迷信,百年中国哲学革命；冯契文集第七卷中国近代哲学的革命进程；中国近代哲学的革命进程,25-27；387；385-388,是,可按主题页优先检索,先查主题页《陈独秀与马克思主义传播》，再在 T3/T10 中检索：陈独秀|科学|宗教迷信,否
347,李大钊 青春哲学,0347_李大钊_青春哲学.md,3,35.8,传播史,李大钊与唯物史观传播,传播史/李大钊与唯物史观传播.md,高,113.0,已列入原主题页重点卡片；命中主题种子词：李大钊；主题词重合：李大钊；主题域增强：李大钊,李大钊 众庶 英雄(20.0)；唯物史观 李大钊(20.0)；李大钊 唯物史观 马克思主义哲学(19.69)；李大钊 宇宙 大实在(19.55)；李大钊 唯物史观 中国哲学现代转型(19.41),0351_李大钊_众庶_英雄.md；1775_唯物史观_李大钊.md；0279_李大钊_唯物史观_马克思主义哲学.md；0348_李大钊_宇宙_大实在.md；0743_李大钊_唯物史观_中国哲学现代转型.md,,李大钊、青春哲学,百年中国哲学革命；继承五四和扬弃五四；马克思主义哲学中国化理论与历史,48-49；85；125,是,可按主题页优先检索,先查主题页《李大钊与唯物史观传播》，再在 T3/T10 中检索：李大钊|青春哲学,否
348,李大钊 宇宙 大实在,0348_李大钊_宇宙_大实在.md,3,46.06,传播史,李大钊与唯物史观传播,传播史/李大钊与唯物史观传播.md,高,113.0,已列入原主题页重点卡片；命中主题种子词：李大钊；主题词重合：李大钊；主题域增强：李大钊,李大钊 青春哲学(19.55)；李大钊 众庶 英雄(19.55)；唯物史观 李大钊(19.55)；李大钊 唯物史观 研究(18.85)；李大钊 东西文明 动静(18.85),0347_李大钊_青春哲学.md；0351_李大钊_众庶_英雄.md；1775_唯物史观_李大钊.md；0258_李大钊_唯物史观_研究.md；0325_李大钊_东西文明_动静.md,,李大钊、宇宙、大实在,百年中国哲学革命；近五十年中国思想史；冯契文集第七卷中国近代哲学的革命进程,45-46；110-113；294,是,可按主题页优先检索,先查主题页《李大钊与唯物史观传播》，再在 T3/T10 中检索：李大钊|宇宙|大实在,否
349,李大钊 新陈代谢 天演,0349_李大钊_新陈代谢_天演.md,3,47.22,传播史,李大钊与唯物史观传播,传播史/李大钊与唯物史观传播.md,高,113.0,已列入原主题页重点卡片；命中主题种子词：李大钊；主题词重合：李大钊；主题域增强：李大钊,李大钊 青春哲学(19.17)；李大钊 众庶 英雄(19.17)；唯物史观 李大钊(19.17)；李大钊 宇宙 大实在(18.85)；李大钊 唯物史观 研究(18.57),0347_李大钊_青春哲学.md；0351_李大钊_众庶_英雄.md；1775_唯物史观_李大钊.md；0348_李大钊_宇宙_大实在.md；0258_李大钊_唯物史观_研究.md,,李大钊、新陈代谢、天演,二十世纪上半叶马克思主义哲学中国化之检视_王玉平；冯契文集第七卷中国近代哲学的革命进程；百年中国哲学革命,52；292；47-48,是,可按主题页优先检索,先查主题页《李大钊与唯物史观传播》，再在 T3/T10 中检索：李大钊|新陈代谢|天演,否
350,李大钊 矛盾 对抗 调和,0350_李大钊_矛盾_对抗_调和.md,3,58.4,传播史,李大钊与唯物史观传播,传播史/李大钊与唯物史观传播.md,高,113.0,已列入原主题页重点卡片；命中主题种子词：李大钊；主题词重合：李大钊；主题域增强：李大钊,对抗 矛盾 不是一回事(23.57)；李大钊 青春哲学(19.17)；李大钊 众庶 英雄(19.17)；唯物史观 李大钊(19.17)；李大钊 宇宙 大实在(18.85),1249_对抗_矛盾_不是一回事.md；0347_李大钊_青春哲学.md；0351_李大钊_众庶_英雄.md；1775_唯物史观_李大钊.md；0348_李大钊_宇宙_大实在.md,,李大钊、矛盾、对抗、调和,百年中国哲学革命；马克思主义哲学史(第五卷)；马克思主义哲学史,48-49；56-58；163,是,可按主题页优先检索,先查主题页《李大钊与唯物史观传播》，再在 T3/T10 中检索：李大钊|矛盾|对抗|调和,否
351,李大钊 众庶 英雄,0351_李大钊_众庶_英雄.md,3,43.91,传播史,李大钊与唯物史观传播,传播史/李大钊与唯物史观传播.md,高,113.0,已列入原主题页重点卡片；命中主题种子词：李大钊；主题词重合：李大钊；主题域增强：李大钊,李大钊 青春哲学(20.0)；唯物史观 李大钊(20.0)；李大钊 宇宙 大实在(19.55)；李大钊 唯物史观 研究(19.17)；李大钊 东西文明 动静(19.17),0347_李大钊_青春哲学.md；1775_唯物史观_李大钊.md；0348_李大钊_宇宙_大实在.md；0258_李大钊_唯物史观_研究.md；0325_李大钊_东西文明_动静.md,,李大钊、众庶、英雄,百年中国哲学革命；冯契文集第七卷中国近代哲学的革命进程；马克思主义中国化探论,50-51；297；47,是,可按主题页优先检索,先查主题页《李大钊与唯物史观传播》，再在 T3/T10 中检索：李大钊|众庶|英雄,否
352,李大钊 唯物史观 宣传 运用,0352_李大钊_唯物史观_宣传_运用.md,3,58.4,传播史,李大钊与唯物史观传播,传播史/李大钊与唯物史观传播.md,高,131.0,已列入原主题页重点卡片；命中主题种子词：李大钊、唯物史观；主题词重合：李大钊、唯物史观；主题域增强：唯物史观、李大钊,李大钊 唯物史观 研究(47.5)；唯物史观 李大钊(46.36)；李大钊 唯物史观 初步应用(45.71)；李大钊 唯物史观 史学要论(45.71)；李大钊 唯物史观 历史研究(45.71),0258_李大钊_唯物史观_研究.md；1775_唯物史观_李大钊.md；0272_李大钊_唯物史观_初步应用.md；0302_李大钊_唯物史观_史学要论.md；0304_李大钊_唯物史观_历史研究.md,,李大钊、唯物史观、宣传、运用,百年中国哲学革命；马克思主义哲学中国化与中国哲学的现代转型；马克思主义哲学的中国化及其历程,73；290-291；41-43,是,可按主题页优先检索,先查主题页《李大钊与唯物史观传播》，再在 T3/T10 中检索：李大钊|唯物史观|宣传|运用,否
353,李大钊 马克思主义 最早传播者,0353_李大钊_马克思主义_最早传播者.md,3,55.8,传播史,五四时期马克思主义传播,传播史/五四时期马克思主义传播.md,高,113.0,已列入原主题页重点卡片；命中主题种子词：李大钊；主题词重合：李大钊；主题域增强：李大钊,李大钊 马克思主义传播 活动(28.33)；李大钊 马克思主义 学术贡献(25.94)；马克思主义早期传播 李大钊 陈独秀(24.21)；李大钊 唯物史观 马克思主义哲学(22.89)；李大钊 唯物史观 传播 应用(18.95),0278_李大钊_马克思主义传播_活动.md；0260_李大钊_马克思主义_学术贡献.md；1693_马克思主义早期传播_李大钊_陈独秀.md；0279_李大钊_唯物史观_马克思主义哲学.md；0330_李大钊_唯物史观_传播_应用.md,,李大钊、马克思主义、最早传播者,百年中国哲学革命；马列著作在中国的出版；二十世纪上半叶马克思主义哲学中国化之检视_王玉平,95-97；141；216,是,可按主题页优先检索,先查主题页《五四时期马克思主义传播》，再在 T3/T10 中检索：李大钊|马克思主义|最早传播者,否
354,陈独秀 马克思主义哲学 宣传 运用,0354_陈独秀_马克思主义哲学_宣传_运用.md,3,50.4,传播史,五四时期马克思主义传播,传播史/五四时期马克思主义传播.md,高,113.0,已列入原主题页重点卡片；命中主题种子词：陈独秀；主题词重合：陈独秀；主题域增强：陈独秀,陈独秀 马克思主义哲学 宣传(81.15)；瞿秋白 马克思主义哲学 宣传(57.5)；马克思主义哲学 教学 研究 宣传(54.72)；胡绳 马克思主义哲学 通俗宣传(44.72)；马克思主义哲学 中国哲学(44.38),0306_陈独秀_马克思主义哲学_宣传.md；0310_瞿秋白_马克思主义哲学_宣传.md；1224_马克思主义哲学_教学_研究_宣传.md；0456_胡绳_马克思主义哲学_通俗宣传.md；1823_马克思主义哲学_中国哲学.md,,陈独秀、马克思主义哲学、宣传、运用,马克思主义哲学史（第六卷；百年中国哲学革命；马克思主义哲学的中国化及其历程,143-144；98；123-125,是,可按主题页优先检索,先查主题页《五四时期马克思主义传播》，再在 T3/T10 中检索：陈独秀|马克思主义哲学|宣传|运用,否
355,李达 马克思主义哲学 泰斗,0355_李达_马克思主义哲学_泰斗.md,3,42.2,传播史,早期共产主义者与马克思主义传播,传播史/早期共产主义者与马克思主义传播.md,高,109.0,已列入原主题页重点卡片；命中主题种子词：李达；主题词重合：李达,李达 马克思主义哲学 研究(61.67)；李达 马克思主义哲学 中国化(60.38)；李达 社会学大纲 马克思主义哲学(55.94)；马克思主义哲学 中国哲学(46.54)；马克思主义哲学 传播 苏联(45.71),0267_李达_马克思主义哲学_研究.md；0301_李达_马克思主义哲学_中国化.md；0323_李达_社会学大纲_马克思主义哲学.md；1823_马克思主义哲学_中国哲学.md；0785_马克思主义哲学_传播_苏联.md,,李达、马克思主义哲学、泰斗,百年中国哲学革命；马克思主义哲学史；马克思主义哲学中国化与中国哲学的现代转型,127；254-258；424-425,是,可按主题页优先检索,先查主题页《早期共产主义者与马克思主义传播》，再在 T3/T10 中检索：李达|马克思主义哲学|泰斗,否
356,李达 基础理论 研究 启示,0356_李达_基础理论_研究_启示.md,3,62.6,传播史,李达与马克思主义哲学体系化,传播史/李达与马克思主义哲学体系化.md,高,109.0,已列入原主题页重点卡片；命中主题种子词：李达；主题词重合：李达,李达 经济基础 上层建筑(13.12)；李达 马克思主义哲学 研究(12.94)；李达 马克思主义哲学研究(12.94)；李达 生产力 生产关系(11.67)；中国化 马克思 启示(11.67),0315_李达_经济基础_上层建筑.md；0267_李达_马克思主义哲学_研究.md；1754_李达_马克思主义哲学研究.md；0316_李达_生产力_生产关系.md；1834_中国化_马克思_启示.md,,李达、基础理论、研究、启示,百年中国哲学革命；“新哲学”大众化运动研究；马克思主义中国化研究的历史、现状与方法论_郭建宁,147-148；194；7,是,可按主题页优先检索,先查主题页《李达与马克思主义哲学体系化》，再在 T3/T10 中检索：李达|基础理论|研究|启示,否
357,艾思奇 大众哲学 大众化形态,0357_艾思奇_大众哲学_大众化形态.md,3,52.06,新哲学大众化,艾思奇与大众哲学,新哲学大众化/艾思奇与大众哲学.md,高,126.0,已列入原主题页重点卡片；命中主题种子词：大众哲学、艾思奇、大众化；主题词重合：艾思奇、大众哲学,艾思奇 大众哲学 哲学大众化(53.18)；艾思奇 大众哲学 贡献(47.5)；艾思奇 大众哲学 中国化(46.54)；大众哲学 艾思奇(46.36)；艾思奇 大众哲学 通俗著作(45.71),0371_艾思奇_大众哲学_哲学大众化.md；0359_艾思奇_大众哲学_贡献.md；0370_艾思奇_大众哲学_中国化.md；1769_大众哲学_艾思奇.md；0389_艾思奇_大众哲学_通俗著作.md,,艾思奇、大众哲学、大众化形态,马克思主义哲学在中国：传播、应用、形态、前景；“新哲学”大众化运动研究；从唯物辩证法论战到马克思主义哲学大众化——对艾思奇《大众哲学》的解读_李维武,454-457；43；11,是,可按主题页优先检索,先查主题页《艾思奇与大众哲学》，再在 T3/T10 中检索：艾思奇|大众哲学|大众化形态,否
358,艾思奇 马克思主义哲学 大众化,0358_艾思奇_马克思主义哲学_大众化.md,3,60.76,新哲学大众化,艾思奇与大众哲学,新哲学大众化/艾思奇与大众哲学.md,高,118.0,已列入原主题页重点卡片；命中主题种子词：艾思奇、大众化；主题词重合：艾思奇、大众化,艾思奇 马克思主义哲学 大众化 中国化(85.0)；马克思主义哲学 哲学大众化 艾思奇(69.64)；大众哲学 马克思主义哲学 大众化(66.07)；马克思主义哲学 大众化 胡绳(66.07)；马克思主义哲学 大众化 中国化(65.0),0395_艾思奇_马克思主义哲学_大众化_中国化.md；1798_马克思主义哲学_哲学大众化_艾思奇.md；0360_大众哲学_马克思主义哲学_大众化.md；1814_马克思主义哲学_大众化_胡绳.md；1200_马克思主义哲学_大众化_中国化.md,,艾思奇、马克思主义哲学、大众化,马克思主义哲学在中国：传播、应用、形态、前景；马克思主义哲学在中国传播与发展的百年历史（上）；从唯物辩证法论战到马克思主义哲学大众化——对艾思奇《大众哲学》的解读_李维武,454-457；234-236；1,是,可按主题页优先检索,先查主题页《艾思奇与大众哲学》，再在 T3/T10 中检索：艾思奇|马克思主义哲学|大众化,否
359,艾思奇 大众哲学 贡献,0359_艾思奇_大众哲学_贡献.md,3,52.62,新哲学大众化,艾思奇与大众哲学,新哲学大众化/艾思奇与大众哲学.md,高,123.0,已列入原主题页重点卡片；命中主题种子词：大众哲学、艾思奇；主题词重合：艾思奇、大众哲学,大众哲学 艾思奇(48.89)；艾思奇 大众哲学 中国化(48.64)；艾思奇 大众哲学 哲学大众化(48.64)；艾思奇 大众哲学 大众化形态(47.5)；艾思奇 大众哲学 通俗著作(47.5),1769_大众哲学_艾思奇.md；0370_艾思奇_大众哲学_中国化.md；0371_艾思奇_大众哲学_哲学大众化.md；0357_艾思奇_大众哲学_大众化形态.md；0389_艾思奇_大众哲学_通俗著作.md,,艾思奇、大众哲学、贡献,从唯物辩证法论战到马克思主义哲学大众化——对艾思奇《大众哲学》的解读_李维武；马克思主义哲学在中国传播与发展的百年历史（上）；马克思主义哲学在中国：传播、应用、形态、前景,1；234-236；470-472,是,可按主题页优先检索,先查主题页《艾思奇与大众哲学》，再在 T3/T10 中检索：艾思奇|大众哲学|贡献,否
360,大众哲学 马克思主义哲学 大众化,0360_大众哲学_马克思主义哲学_大众化.md,3,62.31,新哲学大众化,艾思奇与大众哲学,新哲学大众化/艾思奇与大众哲学.md,高,123.0,已列入原主题页重点卡片；命中主题种子词：大众哲学、大众化；主题词重合：大众哲学、大众化,马克思主义哲学 哲学大众化 大众哲学(74.23)；大众哲学 马克思主义哲学 传播贡献(70.0)；马克思主义哲学 大众化 胡绳(67.31)；艾思奇 马克思主义哲学 大众化(66.07)；马克思主义哲学 大众化 中国化(66.07),1791_马克思主义哲学_哲学大众化_大众哲学.md；0372_大众哲学_马克思主义哲学_传播贡献.md；1814_马克思主义哲学_大众化_胡绳.md；0358_艾思奇_马克思主义哲学_大众化.md；1200_马克思主义哲学_大众化_中国化.md,,大众哲学、马克思主义哲学、大众化,马克思主义哲学在中国：传播、应用、形态、前景；《大众哲学》_马克思主义哲学大众化的经典范本_张立波；从唯物辩证法论战到马克思主义哲学大众化——对艾思奇《大众哲学》的解读_李维武,454-457；2；1,是,可按主题页优先检索,先查主题页《艾思奇与大众哲学》，再在 T3/T10 中检索：大众哲学|马克思主义哲学|大众化,否
361,大众哲学 通俗化 社会影响,0361_大众哲学_通俗化_社会影响.md,3,50.14,新哲学大众化,艾思奇与大众哲学,新哲学大众化/艾思奇与大众哲学.md,高,123.0,已列入原主题页重点卡片；命中主题种子词：大众哲学、通俗化；主题词重合：大众哲学、通俗化,大众哲学 特点 社会影响(51.54)；大众哲学 哲学讲话 通俗化(43.93)；艾思奇 大众哲学 通俗著作(28.33)；大众哲学(27.5)；大众哲学 新哲学(26.25),0373_大众哲学_特点_社会影响.md；0396_大众哲学_哲学讲话_通俗化.md；0389_艾思奇_大众哲学_通俗著作.md；1849_大众哲学.md；1773_大众哲学_新哲学.md,,大众哲学、通俗化、社会影响,“新哲学”大众化运动研究；马克思主义哲学史（第六卷；百年中国哲学革命,9；265-267；159-161,是,可按主题页优先检索,先查主题页《艾思奇与大众哲学》，再在 T3/T10 中检索：大众哲学|通俗化|社会影响,否
362,艾思奇 思想方法论 世界观 方法论,0362_艾思奇_思想方法论_世界观_方法论.md,3,59.2,新哲学大众化,思想方法与世界观教育,新哲学大众化/思想方法与世界观教育.md,高,136.0,已列入原主题页重点卡片；命中主题种子词：思想方法论、思想方法、世界观、方法论；主题词重合：思想方法论、世界观、方法论,思想方法论 世界观 方法论(73.18)；世界观 方法论 思想方法(44.58)；本体论 思想方法论 根本问题(30.56)；论思想文化问题 艾思奇(19.41)；胡适 方法论 评议(18.33),0416_思想方法论_世界观_方法论.md；1544_世界观_方法论_思想方法.md；0417_本体论_思想方法论_根本问题.md；0432_论思想文化问题_艾思奇.md；0479_胡适_方法论_评议.md,,艾思奇、思想方法论、世界观、方法论,马克思主义哲学在中国传播与发展的百年历史（上）；百年中国哲学革命；艾思奇全书（第2卷）,244-246；248-250；118-120,是,可按主题页优先检索,先查主题页《思想方法与世界观教育》，再在 T3/T10 中检索：艾思奇|思想方法论|世界观|方法论,否
363,艾思奇 哲学与生活 社会生活,0363_艾思奇_哲学与生活_社会生活.md,3,41.8,新哲学大众化,艾思奇与大众哲学,新哲学大众化/艾思奇与大众哲学.md,高,109.0,已列入原主题页重点卡片；命中主题种子词：艾思奇；主题词重合：艾思奇,作家 创作 社会生活(25.36)；大众哲学 艾思奇(20.77)；哲学大众化 艾思奇(20.36)；艾思奇 大众哲学 贡献(20.0)；艾思奇 大众哲学 中国化(19.69),0962_作家_创作_社会生活.md；1769_大众哲学_艾思奇.md；1746_哲学大众化_艾思奇.md；0359_艾思奇_大众哲学_贡献.md；0370_艾思奇_大众哲学_中国化.md,,艾思奇、哲学与生活、社会生活,马克思主义哲学在中国传播与发展的百年历史（上）；马克思主义哲学在中国：传播、应用、形态、前景；“和生活打成一片”——艾思奇是怎样进行马克思主义哲学大众化的_李勰,250-254；457-459；2,是,可按主题页优先检索,先查主题页《艾思奇与大众哲学》，再在 T3/T10 中检索：艾思奇|哲学与生活|社会生活,否
364,胡绳 新哲学的人生观 青年生活,0364_胡绳_新哲学的人生观_青年生活.md,3,50.52,新哲学大众化,胡绳与马克思主义哲学通俗宣传,新哲学大众化/胡绳与马克思主义哲学通俗宣传.md,高,123.0,已列入原主题页重点卡片；命中主题种子词：胡绳、新哲学的人生观；主题词重合：胡绳、新哲学的人生观,新哲学的人生观(47.5)；胡绳 哲学大众化(13.12)；胡绳 哲学漫谈 追求真理(12.63)；马克思主义哲学 大众化 胡绳(12.38)；胡绳 马克思主义哲学 通俗宣传(12.27),2021_新哲学的人生观.md；1634_胡绳_哲学大众化.md；0457_胡绳_哲学漫谈_追求真理.md；1814_马克思主义哲学_大众化_胡绳.md；0456_胡绳_马克思主义哲学_通俗宣传.md,,胡绳、新哲学的人生观、青年生活,“新哲学”大众化运动研究；胡绳对马克思主义哲学“大众化”的贡献；抗战时期重庆马克思主义知识群体“学术中国化”研究特点与启示_于文善,176；2,是,可按主题页优先检索,先查主题页《胡绳与马克思主义哲学通俗宣传》，再在 T3/T10 中检索：胡绳|新哲学的人生观|青年生活,否
365,陈唯实 新哲学体系讲话 大众生活,0365_陈唯实_新哲学体系讲话_大众生活.md,3,41.13,新哲学大众化,新哲学大众化运动,新哲学大众化/新哲学大众化运动.md,高,128.0,已列入原主题页重点卡片；命中主题种子词：新哲学、大众生活；主题词重合：大众生活；主题域增强：新哲学、陈唯实,新哲学 大众生活 密切关系(26.94)；陈唯实 通俗唯物论讲话 哲学到大众去(20.43)；陈唯实 马克思主义哲学 通俗宣传(18.26)；陈唯实 通俗辩证法讲话 科学人生观(18.12)；大众哲学 新哲学(5.0),0366_新哲学_大众生活_密切关系.md；0295_陈唯实_通俗唯物论讲话_哲学到大众去.md；0294_陈唯实_马克思主义哲学_通俗宣传.md；0132_陈唯实_通俗辩证法讲话_科学人生观.md；1773_大众哲学_新哲学.md,,陈唯实、新哲学体系讲话、大众生活,马克思主义哲学在中国传播与发展的百年历史（上）；延安时期知识分子群体与马克思主义哲学大众化郭 - 2015 -；马克思主义哲学中国化理论与历史,282-284；91；5,是,可按主题页优先检索,先查主题页《新哲学大众化运动》，再在 T3/T10 中检索：陈唯实|新哲学体系讲话|大众生活,否
366,新哲学 大众生活 密切关系,0366_新哲学_大众生活_密切关系.md,3,53.1,新哲学大众化,新哲学大众化运动,新哲学大众化/新哲学大众化运动.md,高,130.0,已列入原主题页重点卡片；命中主题种子词：新哲学、大众生活；主题词重合：新哲学、大众生活；主题域增强：新哲学,陈唯实 新哲学体系讲话 大众生活(26.94)；哲学大众化 新哲学(23.33)；大众哲学 新哲学(21.25)；大众化 新哲学(21.25)；新哲学 人生观 生活实践(19.69),0365_陈唯实_新哲学体系讲话_大众生活.md；1706_哲学大众化_新哲学.md；1773_大众哲学_新哲学.md；1838_大众化_新哲学.md；0391_新哲学_人生观_生活实践.md,,新哲学、大众生活、密切关系,马克思主义哲学在中国传播与发展的百年历史（上）；“新哲学”大众化运动研究；马克思主义哲学在中国：传播、应用、形态、前景,282-284；157；462-464,是,可按主题页优先检索,先查主题页《新哲学大众化运动》，再在 T3/T10 中检索：新哲学|大众生活|密切关系,否
367,张岱年 新哲学 中国本来传统,0367_张岱年_新哲学_中国本来传统.md,3,35.82,新哲学大众化,新哲学大众化运动,新哲学大众化/新哲学大众化运动.md,低,18.0,自动主题组匹配：新哲学,大众哲学 新哲学(18.57)；大众化 新哲学(18.57)；哲学大众化 新哲学(18.33)；张申府 新哲学 思想(18.12)；新哲学 人生观 问题(18.12),1773_大众哲学_新哲学.md；1838_大众化_新哲学.md；1706_哲学大众化_新哲学.md；0369_张申府_新哲学_思想.md；0393_新哲学_人生观_问题.md,,张岱年、新哲学,20世纪30年代~40年代马克思主义哲学与中国传统哲学结合的形态_李维武；马克思主义哲学中国化与中国哲学的现代转型；百年中国哲学革命,1；370-371；214-215,是,先核验原卡片再使用,先查主题页《新哲学大众化运动》，再在 T3/T10 中检索：张岱年|新哲学|中国本来传统,否
368,五四运动 新哲学 社会主义新价值观,0368_五四运动_新哲学_社会主义新价值观.md,3,46.2,新哲学大众化,新哲学大众化运动,新哲学大众化/新哲学大众化运动.md,低,18.0,自动主题组匹配：新哲学,五四运动 社会主义新价值观 兴起(74.71)；社会主义新价值观 救亡 启蒙(49.72)；社会主义新价值观 确立 原因(49.72)；五四运动 社会主义思想 传播(27.89)；五四运动 新民主主义革命 开端(25.95),0134_五四运动_社会主义新价值观_兴起.md；0135_社会主义新价值观_救亡_启蒙.md；1236_社会主义新价值观_确立_原因.md；0123_五四运动_社会主义思想_传播.md；0504_五四运动_新民主主义革命_开端.md,,五四运动、新哲学、社会主义新价值观,马克思主义哲学中国化与中国哲学的现代转型；“新哲学”大众化运动研究；继承五四和扬弃五四,220-221；44；113,是,先核验原卡片再使用,先查主题页《新哲学大众化运动》，再在 T3/T10 中检索：五四运动|新哲学|社会主义新价值观,否
369,张申府 新哲学 思想,0369_张申府_新哲学_思想.md,3,47.8,新哲学大众化,新哲学大众化运动,新哲学大众化/新哲学大众化运动.md,高,118.0,已列入原主题页重点卡片；命中主题种子词：新哲学；主题词重合：新哲学；主题域增强：新哲学,张申府 新启蒙运动(21.82)；中国现代哲学 张申府(21.25)；张申府 新启蒙运动 民主(20.77)；大众哲学 新哲学(20.0)；大众化 新哲学(20.0),1742_张申府_新启蒙运动.md；1830_中国现代哲学_张申府.md；1614_张申府_新启蒙运动_民主.md；1773_大众哲学_新哲学.md；1838_大众化_新哲学.md,,张申府、新哲学、思想,“中国化”思潮与马克思主义中国化思想的互动研究——以20世纪20—40年代为考察范围_王朝庆；张申府与中国现代哲学；新启蒙运动与新民主主义文化思想的形成_卢毅,4；2；5,是,可按主题页优先检索,先查主题页《新哲学大众化运动》，再在 T3/T10 中检索：张申府|新哲学|思想,否
370,艾思奇 大众哲学 中国化,0370_艾思奇_大众哲学_中国化.md,3,53.54,新哲学大众化,艾思奇与大众哲学,新哲学大众化/艾思奇与大众哲学.md,高,123.0,已列入原主题页重点卡片；命中主题种子词：大众哲学、艾思奇；主题词重合：艾思奇、大众哲学,艾思奇 大众哲学 贡献(48.64)；艾思奇 大众哲学 哲学大众化(47.5)；大众哲学 艾思奇(47.5)；艾思奇 大众哲学 大众化形态(46.54)；艾思奇 大众哲学 通俗著作(46.54),0359_艾思奇_大众哲学_贡献.md；0371_艾思奇_大众哲学_哲学大众化.md；1769_大众哲学_艾思奇.md；0357_艾思奇_大众哲学_大众化形态.md；0389_艾思奇_大众哲学_通俗著作.md,,艾思奇、大众哲学、中国化,从唯物辩证法论战到马克思主义哲学大众化——对艾思奇《大众哲学》的解读_李维武；马克思主义哲学中国化理论与历史；抗战时期重庆马克思主义知识群体“学术中国化”研究特点与启示_于文善,11；331；2,是,可按主题页优先检索,先查主题页《艾思奇与大众哲学》，再在 T3/T10 中检索：艾思奇|大众哲学|中国化,否
371,艾思奇 大众哲学 哲学大众化,0371_艾思奇_大众哲学_哲学大众化.md,3,59.42,新哲学大众化,新哲学大众化运动,新哲学大众化/新哲学大众化运动.md,高,127.0,已列入原主题页重点卡片；命中主题种子词：大众化、哲学大众化；主题词重合：哲学大众化；主题域增强：大众哲学、大众化、艾思奇,哲学大众化 艾思奇(55.0)；马克思主义哲学 哲学大众化 大众哲学(55.0)；艾思奇 大众哲学 大众化形态(53.18)；马克思主义哲学 哲学大众化 艾思奇(51.67)；艾思奇 大众哲学 贡献(48.64),1746_哲学大众化_艾思奇.md；1791_马克思主义哲学_哲学大众化_大众哲学.md；0357_艾思奇_大众哲学_大众化形态.md；1798_马克思主义哲学_哲学大众化_艾思奇.md；0359_艾思奇_大众哲学_贡献.md,,艾思奇、大众哲学、哲学大众化,从唯物辩证法论战到马克思主义哲学大众化——对艾思奇《大众哲学》的解读_李维武；《大众哲学》_马克思主义哲学大众化的经典范本_张立波；“和生活打成一片”——艾思奇是怎样进行马克思主义哲学大众化的_李勰,1；8,是,可按主题页优先检索,先查主题页《新哲学大众化运动》，再在 T3/T10 中检索：艾思奇|大众哲学|哲学大众化,否
372,大众哲学 马克思主义哲学 传播贡献,0372_大众哲学_马克思主义哲学_传播贡献.md,3,47.82,新哲学大众化,艾思奇与大众哲学,新哲学大众化/艾思奇与大众哲学.md,高,114.0,已列入原主题页重点卡片；命中主题种子词：大众哲学；主题词重合：大众哲学,大众哲学 马克思主义哲学 大众化(70.0)；马克思主义哲学 哲学大众化 大众哲学(66.76)；马克思主义哲学 传播 苏联(48.33)；马克思主义哲学 传播范围 扩大(46.76)；旅欧青年 马克思主义哲学 传播(46.76),0360_大众哲学_马克思主义哲学_大众化.md；1791_马克思主义哲学_哲学大众化_大众哲学.md；0785_马克思主义哲学_传播_苏联.md；0046_马克思主义哲学_传播范围_扩大.md；0051_旅欧青年_马克思主义哲学_传播.md,,大众哲学、马克思主义哲学,《大众哲学》_马克思主义哲学大众化的经典范本_张立波；从唯物辩证法论战到马克思主义哲学大众化——对艾思奇《大众哲学》的解读_李维武；马克思主义哲学在中国：传播、应用、形态、前景,2；11；454-457,是,可按主题页优先检索,先查主题页《艾思奇与大众哲学》，再在 T3/T10 中检索：大众哲学|马克思主义哲学|传播贡献,否
373,大众哲学 特点 社会影响,0373_大众哲学_特点_社会影响.md,3,47.51,新哲学大众化,艾思奇与大众哲学,新哲学大众化/艾思奇与大众哲学.md,高,114.0,已列入原主题页重点卡片；命中主题种子词：大众哲学；主题词重合：大众哲学,大众哲学 通俗化 社会影响(51.54)；大众哲学(28.33)；大众哲学 新哲学(26.82)；大众哲学 艾思奇(26.25)；现象 本质 大众哲学(25.77),0361_大众哲学_通俗化_社会影响.md；1849_大众哲学.md；1773_大众哲学_新哲学.md；1769_大众哲学_艾思奇.md；0399_现象_本质_大众哲学.md,,大众哲学、特点、社会影响,延安时期知识分子群体与马克思主义哲学大众化郭 - 2015 -；“和生活打成一片”——艾思奇是怎样进行马克思主义哲学大众化的_李勰；马克思主义哲学史（第六卷,210；1；265-267,是,可按主题页优先检索,先查主题页《艾思奇与大众哲学》，再在 T3/T10 中检索：大众哲学|特点|社会影响,否
374,历史唯物论 社会发展史 艾思奇,0374_历史唯物论_社会发展史_艾思奇.md,3,53.24,新哲学大众化,艾思奇与大众哲学,新哲学大众化/艾思奇与大众哲学.md,高,109.0,已列入原主题页重点卡片；命中主题种子词：艾思奇；主题词重合：艾思奇,社会发展史 历史唯物论 学习(63.33)；社会发展史 历史唯物主义 宣传(35.29)；社会发展史 历史唯物主义 学习运动(34.21)；历史唯物论 辩证唯物论 米丁(30.88)；辩证唯物论 历史唯物论 传播体系(30.26),1036_社会发展史_历史唯物论_学习.md；1223_社会发展史_历史唯物主义_宣传.md；1342_社会发展史_历史唯物主义_学习运动.md；1809_历史唯物论_辩证唯物论_米丁.md；0057_辩证唯物论_历史唯物论_传播体系.md,,历史唯物论、社会发展史、艾思奇,马克思主义哲学在中国：传播、应用、形态、前景；《大众哲学》_马克思主义哲学大众化的经典范本_张立波；“新哲学”大众化运动研究,183-184；8；242,是,可按主题页优先检索,先查主题页《艾思奇与大众哲学》，再在 T3/T10 中检索：历史唯物论|社会发展史|艾思奇,否
375,艾思奇 辩证唯物主义 讲课提纲,0375_艾思奇_辩证唯物主义_讲课提纲.md,3,52.44,新哲学大众化,艾思奇与大众哲学,新哲学大众化/艾思奇与大众哲学.md,高,109.0,已列入原主题页重点卡片；命中主题种子词：艾思奇；主题词重合：艾思奇,历史唯物主义 辩证唯物主义(38.33)；唯心主义 辩证唯物主义(38.33)；辩证唯物主义 研讨 争论(37.81)；瞿秋白 辩证唯物主义 传播(37.35)；历史唯物主义 辩证唯物主义 列宁(37.35),1707_历史唯物主义_辩证唯物主义.md；1766_唯心主义_辩证唯物主义.md；0981_辩证唯物主义_研讨_争论.md；0335_瞿秋白_辩证唯物主义_传播.md；1800_历史唯物主义_辩证唯物主义_列宁.md,,艾思奇、辩证唯物主义、讲课提纲,马克思主义哲学史；一本教科书、一个时代、一种...学原理教科书的再思考(上)_何萍；马克思主义哲学在中国：传播、应用、形态、前景,28；13；477-478,是,可按主题页优先检索,先查主题页《艾思奇与大众哲学》，再在 T3/T10 中检索：艾思奇|辩证唯物主义|讲课提纲,否
376,国难 新启蒙运动,0376_国难_新启蒙运动.md,3,47.14,论战与思想运动,新启蒙运动,论战与思想运动/新启蒙运动.md,高,121.0,已列入原主题页重点卡片；命中主题种子词：新启蒙运动、新启蒙、启蒙运动；主题词重合：新启蒙运动,新启蒙运动 提出(37.5)；抗战 新启蒙运动(37.5)；新启蒙运动 普及(37.5)；新启蒙运动 理性运动(36.11)；新启蒙运动 哲学家(36.11),0377_新启蒙运动_提出.md；1871_抗战_新启蒙运动.md；1874_新启蒙运动_普及.md；0380_新启蒙运动_理性运动.md；0382_新启蒙运动_哲学家.md,,国难、新启蒙运动,新启蒙运动与新民主主义文化思想的形成_卢毅；从“决裂论”到“土壤论”——新启蒙运动对马克思主义与中国传统文化关系的认识深化_崔海亮；延安时期知识分子群体与马克思主义哲学大众化郭 - 2015 -,3；62,是,可按主题页优先检索,先查主题页《新启蒙运动》，再在 T3/T10 中检索：国难|新启蒙运动,否
377,新启蒙运动 提出,0377_新启蒙运动_提出.md,3,47.63,论战与思想运动,新启蒙运动,论战与思想运动/新启蒙运动.md,高,121.0,已列入原主题页重点卡片；命中主题种子词：新启蒙运动、新启蒙、启蒙运动；主题词重合：新启蒙运动,国难 新启蒙运动(37.5)；抗战 新启蒙运动(37.5)；新启蒙运动 普及(37.5)；新启蒙运动 理性运动(36.11)；新启蒙运动 哲学家(36.11),0376_国难_新启蒙运动.md；1871_抗战_新启蒙运动.md；1874_新启蒙运动_普及.md；0380_新启蒙运动_理性运动.md；0382_新启蒙运动_哲学家.md,,新启蒙运动、提出,新启蒙运动与新民主主义文化思想的形成_卢毅；抗日救亡运动中的文化新声——“新启蒙运动”与中国左翼知识界的文化抗战_王锐；从“决裂论”到“土壤论”——新启蒙运动对马克思主义与中国传统文化关系的认识深化_崔海亮,3；6；5,是,可按主题页优先检索,先查主题页《新启蒙运动》，再在 T3/T10 中检索：新启蒙运动|提出,否
378,新启蒙运动 爱国主义 文化思想,0378_新启蒙运动_爱国主义_文化思想.md,3,53.25,论战与思想运动,新启蒙运动,论战与思想运动/新启蒙运动.md,高,121.0,已列入原主题页重点卡片；命中主题种子词：新启蒙运动、新启蒙、启蒙运动；主题词重合：新启蒙运动,新启蒙运动 自由主义 文化思想(60.0)；新启蒙运动 新民主主义 文化思想(59.06)；文化运动 新启蒙运动(33.93)；新启蒙运动 文化抗战(33.33)；国难 新启蒙运动(32.14),0379_新启蒙运动_自由主义_文化思想.md；1801_新启蒙运动_新民主主义_文化思想.md；1744_文化运动_新启蒙运动.md；1616_新启蒙运动_文化抗战.md；0376_国难_新启蒙运动.md,,新启蒙运动、爱国主义、文化思想,继承五四和扬弃五四；马克思主义中国化的起源语境；近代中国启蒙运动史,92；66；230-234,是,可按主题页优先检索,先查主题页《新启蒙运动》，再在 T3/T10 中检索：新启蒙运动|爱国主义|文化思想,否
379,新启蒙运动 自由主义 文化思想,0379_新启蒙运动_自由主义_文化思想.md,3,53.04,论战与思想运动,新启蒙运动,论战与思想运动/新启蒙运动.md,高,121.0,已列入原主题页重点卡片；命中主题种子词：新启蒙运动、新启蒙、启蒙运动；主题词重合：新启蒙运动,新启蒙运动 爱国主义 文化思想(60.0)；新启蒙运动 新民主主义 文化思想(59.06)；文化运动 新启蒙运动(33.93)；新启蒙运动 思想自由 共同路向(33.33)；新启蒙运动 文化抗战(33.33),0378_新启蒙运动_爱国主义_文化思想.md；1801_新启蒙运动_新民主主义_文化思想.md；1744_文化运动_新启蒙运动.md；0428_新启蒙运动_思想自由_共同路向.md；1616_新启蒙运动_文化抗战.md,,新启蒙运动、自由主义、文化思想,继承五四和扬弃五四；从“决裂论”到“土壤论”——新启蒙运动对马克思主义与中国传统文化关系的认识深化_崔海亮；马克思主义中国化的起源语境,92；2；68,是,可按主题页优先检索,先查主题页《新启蒙运动》，再在 T3/T10 中检索：新启蒙运动|自由主义|文化思想,否
380,新启蒙运动 理性运动,0380_新启蒙运动_理性运动.md,3,50.26,论战与思想运动,新启蒙运动,论战与思想运动/新启蒙运动.md,高,121.0,已列入原主题页重点卡片；命中主题种子词：新启蒙运动、新启蒙、启蒙运动；主题词重合：新启蒙运动,国难 新启蒙运动(36.11)；新启蒙运动 提出(36.11)；抗战 新启蒙运动(36.11)；新启蒙运动 普及(36.11)；新启蒙运动 哲学家(35.0),0376_国难_新启蒙运动.md；0377_新启蒙运动_提出.md；1871_抗战_新启蒙运动.md；1874_新启蒙运动_普及.md；0382_新启蒙运动_哲学家.md,,新启蒙运动、理性运动,什么是新启蒙运动；继承五四和扬弃五四；马克思主义中国化的起源语境,123；29；58,是,可按主题页优先检索,先查主题页《新启蒙运动》，再在 T3/T10 中检索：新启蒙运动|理性运动,否
381,新启蒙运动 现代中国新文化,0381_新启蒙运动_现代中国新文化.md,3,54.37,论战与思想运动,新启蒙运动,论战与思想运动/新启蒙运动.md,高,121.0,已列入原主题页重点卡片；命中主题种子词：新启蒙运动、新启蒙、启蒙运动；主题词重合：新启蒙运动,文化运动 新启蒙运动(34.62)；新启蒙运动 文化抗战(33.93)；新启蒙运动 中国 自觉运动(33.33)；中国传统文化 新启蒙运动 认识深化(32.89)；国难 新启蒙运动(32.69),1744_文化运动_新启蒙运动.md；1616_新启蒙运动_文化抗战.md；0426_新启蒙运动_中国_自觉运动.md；1795_中国传统文化_新启蒙运动_认识深化.md；0376_国难_新启蒙运动.md,,新启蒙运动、现代中国新文化,新启蒙运动与新民主主义文化思想的形成_卢毅；从“决裂论”到“土壤论”——新启蒙运动对马克思主义与中国传统文化关系的认识深化_崔海亮；继承五四和扬弃五四,4；5；81,是,可按主题页优先检索,先查主题页《新启蒙运动》，再在 T3/T10 中检索：新启蒙运动|现代中国新文化,否
382,新启蒙运动 哲学家,0382_新启蒙运动_哲学家.md,3,48.71,论战与思想运动,新启蒙运动,论战与思想运动/新启蒙运动.md,高,121.0,已列入原主题页重点卡片；命中主题种子词：新启蒙运动、新启蒙、启蒙运动；主题词重合：新启蒙运动,新启蒙运动 经济学家(37.5)；国难 新启蒙运动(36.11)；新启蒙运动 提出(36.11)；抗战 新启蒙运动(36.11)；新启蒙运动 普及(36.11),0383_新启蒙运动_经济学家.md；0376_国难_新启蒙运动.md；0377_新启蒙运动_提出.md；1871_抗战_新启蒙运动.md；1874_新启蒙运动_普及.md,,新启蒙运动、哲学家,什么是新启蒙运动；马克思主义中国化的起源语境；延安时期知识分子群体与马克思主义哲学大众化郭 - 2015 -,4；49；138,是,可按主题页优先检索,先查主题页《新启蒙运动》，再在 T3/T10 中检索：新启蒙运动|哲学家,否
383,新启蒙运动 经济学家,0383_新启蒙运动_经济学家.md,3,31.95,论战与思想运动,新启蒙运动,论战与思想运动/新启蒙运动.md,高,121.0,已列入原主题页重点卡片；命中主题种子词：新启蒙运动、新启蒙、启蒙运动；主题词重合：新启蒙运动,新启蒙运动 哲学家(37.5)；国难 新启蒙运动(35.0)；新启蒙运动 提出(35.0)；抗战 新启蒙运动(35.0)；新启蒙运动 普及(35.0),0382_新启蒙运动_哲学家.md；0376_国难_新启蒙运动.md；0377_新启蒙运动_提出.md；1871_抗战_新启蒙运动.md；1874_新启蒙运动_普及.md,,新启蒙运动、经济学家,近代中国启蒙运动史；什么是新启蒙运动；新启蒙运动与新民主主义文化思想的形成_卢毅,259-263；114；3,是,可按主题页优先检索,先查主题页《新启蒙运动》，再在 T3/T10 中检索：新启蒙运动|经济学家,否
384,新启蒙运动 民族解放,0384_新启蒙运动_民族解放.md,3,50.37,论战与思想运动,新启蒙运动,论战与思想运动/新启蒙运动.md,高,121.0,已列入原主题页重点卡片；命中主题种子词：新启蒙运动、新启蒙、启蒙运动；主题词重合：新启蒙运动,新启蒙运动 民族传统(40.0)；张申府 新启蒙运动 民主(35.42)；国难 新启蒙运动(35.0)；新启蒙运动 提出(35.0)；抗战 新启蒙运动(35.0),1615_新启蒙运动_民族传统.md；1614_张申府_新启蒙运动_民主.md；0376_国难_新启蒙运动.md；0377_新启蒙运动_提出.md；1871_抗战_新启蒙运动.md,,新启蒙运动、民族解放,抗日救亡运动中的文化新声——“新启蒙运动”与中国左翼知识界的文化抗战_王锐；什么是新启蒙运动；新启蒙运动与新民主主义文化思想的形成_卢毅,7；114；3,是,可按主题页优先检索,先查主题页《新启蒙运动》，再在 T3/T10 中检索：新启蒙运动|民族解放,否
385,新启蒙运动 抗日救亡,0385_新启蒙运动_抗日救亡.md,3,53.05,论战与思想运动,新启蒙运动,论战与思想运动/新启蒙运动.md,高,121.0,已列入原主题页重点卡片；命中主题种子词：新启蒙运动、新启蒙、启蒙运动；主题词重合：新启蒙运动,新启蒙运动 抗日救亡 抗战(65.0)；国难 新启蒙运动(35.0)；新启蒙运动 提出(35.0)；抗战 新启蒙运动(35.0)；新启蒙运动 普及(35.0),1820_新启蒙运动_抗日救亡_抗战.md；0376_国难_新启蒙运动.md；0377_新启蒙运动_提出.md；1871_抗战_新启蒙运动.md；1874_新启蒙运动_普及.md,,新启蒙运动、抗日救亡,抗日救亡运动中的文化新声——“新启蒙运动”与中国左翼知识界的文化抗战_王锐；新启蒙运动与新民主主义文化思想的形成_卢毅；继承五四和扬弃五四,15；3；112,是,可按主题页优先检索,先查主题页《新启蒙运动》，再在 T3/T10 中检索：新启蒙运动|抗日救亡,否
386,新启蒙运动 反帝反封建,0386_新启蒙运动_反帝反封建.md,3,50.0,论战与思想运动,新启蒙运动,论战与思想运动/新启蒙运动.md,高,121.0,已列入原主题页重点卡片；命中主题种子词：新启蒙运动、新启蒙、启蒙运动；主题词重合：新启蒙运动,国难 新启蒙运动(34.09)；新启蒙运动 提出(34.09)；抗战 新启蒙运动(34.09)；新启蒙运动 普及(34.09)；新启蒙运动 理性运动(33.33),0376_国难_新启蒙运动.md；0377_新启蒙运动_提出.md；1871_抗战_新启蒙运动.md；1874_新启蒙运动_普及.md；0380_新启蒙运动_理性运动.md,,新启蒙运动、反帝反封建,从“决裂论”到“土壤论”——新启蒙运动对马克思主义与中国传统文化关系的认识深化_崔海亮；马克思主义中国化的起源语境；继承五四和扬弃五四,2；56；98,是,可按主题页优先检索,先查主题页《新启蒙运动》，再在 T3/T10 中检索：新启蒙运动|反帝反封建,否
387,形式论理学 中国 进展,0387_形式论理学_中国_进展.md,3,44.6,理论方法,哲学基本范畴与辩证法原理,理论方法/哲学基本范畴与辩证法原理.md,低,10.0,自动主题组匹配：形式,形式论理学 抽象 具体 对立(32.14)；形式逻辑 辩证逻辑 形式论理学(32.14)；形式论理学 同一律 白马非马(31.67)；概念 个物 柏拉图 形式论理学(31.67)；辩证法 形式论理学 对立统一(31.67),0405_形式论理学_抽象_具体_对立.md；0408_形式逻辑_辩证逻辑_形式论理学.md；0404_形式论理学_同一律_白马非马.md；0406_概念_个物_柏拉图_形式论理学.md；0409_辩证法_形式论理学_对立统一.md,,形式论理学、中国、进展,近五十年中国思想史；马克思主义中国化的历史进程；百年中国哲学革命,187-190；5-8；130-131,是,先核验原卡片再使用,先查主题页《哲学基本范畴与辩证法原理》，再在 T3/T10 中检索：形式论理学|中国|进展,否
388,艾思奇 马克思主义哲学 通俗化 中国化,0388_艾思奇_马克思主义哲学_通俗化_中国化.md,3,62.8,新哲学大众化,艾思奇与大众哲学,新哲学大众化/艾思奇与大众哲学.md,高,118.0,已列入原主题页重点卡片；命中主题种子词：艾思奇、通俗化；主题词重合：艾思奇、通俗化,艾思奇 马克思主义哲学 大众化 中国化(81.67)；艾思奇 马克思主义哲学 大众化(62.5)；马克思主义哲学 大众化 中国化(62.5)；李达 马克思主义哲学 中国化(61.11)；马克思主义哲学 中国化 历程(61.11),0395_艾思奇_马克思主义哲学_大众化_中国化.md；0358_艾思奇_马克思主义哲学_大众化.md；1200_马克思主义哲学_大众化_中国化.md；0301_李达_马克思主义哲学_中国化.md；1413_马克思主义哲学_中国化_历程.md,,艾思奇、马克思主义哲学、通俗化、中国化,马克思主义哲学的中国化及其历程；百年中国哲学革命；马克思主义哲学在中国：传播、应用、形态、前景,271；161-163；436-439,是,可按主题页优先检索,先查主题页《艾思奇与大众哲学》，再在 T3/T10 中检索：艾思奇|马克思主义哲学|通俗化|中国化,否
389,艾思奇 大众哲学 通俗著作,0389_艾思奇_大众哲学_通俗著作.md,3,48.42,新哲学大众化,艾思奇与大众哲学,新哲学大众化/艾思奇与大众哲学.md,高,123.0,已列入原主题页重点卡片；命中主题种子词：大众哲学、艾思奇；主题词重合：艾思奇、大众哲学,艾思奇 大众哲学 贡献(47.5)；艾思奇 大众哲学 中国化(46.54)；艾思奇 大众哲学 哲学大众化(46.54)；大众哲学 艾思奇(46.36)；艾思奇 大众哲学 大众化形态(45.71),0359_艾思奇_大众哲学_贡献.md；0370_艾思奇_大众哲学_中国化.md；0371_艾思奇_大众哲学_哲学大众化.md；1769_大众哲学_艾思奇.md；0357_艾思奇_大众哲学_大众化形态.md,,艾思奇、大众哲学、通俗著作,胡绳对马克思主义哲学“大众化”的贡献；“新哲学”大众化运动研究；马克思主义哲学的中国化及其历程,1；96；189-192,是,可按主题页优先检索,先查主题页《艾思奇与大众哲学》，再在 T3/T10 中检索：艾思奇|大众哲学|通俗著作,否
390,艾思奇 唯物辩证法 新见解,0390_艾思奇_唯物辩证法_新见解.md,3,48.75,理论方法,辩证唯物主义体系,理论方法/辩证唯物主义体系.md,高,112.0,已列入原主题页重点卡片；命中主题种子词：唯物辩证法；主题词重合：唯物辩证法,唯物辩证法 风靡全国(32.14)；唯物辩证法 风靡 起点(32.14)；唯物辩证法 风靡 前奏(32.14)；唯物辩证法 风靡 原因(32.14)；逐步改造 唯物辩证法(32.14),1026_唯物辩证法_风靡全国.md；1027_唯物辩证法_风靡_起点.md；1028_唯物辩证法_风靡_前奏.md；1030_唯物辩证法_风靡_原因.md；1052_逐步改造_唯物辩证法.md,,艾思奇、唯物辩证法、新见解,冯契文集第七卷中国近代哲学的革命进程；马克思主义哲学的中国化及其历程；从唯物辩证法论战到马克思主义哲学大众化——对艾思奇《大众哲学》的解读_李维武,470；193-195；11,是,可按主题页优先检索,先查主题页《辩证唯物主义体系》，再在 T3/T10 中检索：艾思奇|唯物辩证法|新见解,否
391,新哲学 人生观 生活实践,0391_新哲学_人生观_生活实践.md,3,51.18,新哲学大众化,新哲学大众化运动,新哲学大众化/新哲学大众化运动.md,高,118.0,已列入原主题页重点卡片；命中主题种子词：新哲学；主题词重合：新哲学；主题域增强：新哲学,新哲学 人生观 问题(41.36)；人生观 新哲学 科学人生观(40.42)；情感 理智 生活实践(25.77)；人生观 哲学 生活(24.09)；哲学 生活 人生观(24.09),0393_新哲学_人生观_问题.md；0392_人生观_新哲学_科学人生观.md；1439_情感_理智_生活实践.md；0234_人生观_哲学_生活.md；0235_哲学_生活_人生观.md,,新哲学、人生观、生活实践,“新哲学”大众化运动研究；马克思主义哲学在中国传播与发展的百年历史（上）；胡绳对马克思主义哲学“大众化”的贡献,177；260-262；6,是,可按主题页优先检索,先查主题页《新哲学大众化运动》，再在 T3/T10 中检索：新哲学|人生观|生活实践,否
392,人生观 新哲学 科学人生观,0392_人生观_新哲学_科学人生观.md,3,52.38,论战与思想运动,科学与人生观论战,论战与思想运动/科学与人生观论战.md,高,112.0,已列入原主题页重点卡片；命中主题种子词：人生观、科学；主题词重合：人生观,新哲学 人生观 问题(42.5)；新哲学 人生观 生活实践(40.42)；科学人生观 玄学人生观 批判(33.33)；陈唯实 通俗辩证法讲话 科学人生观(30.56)；旧哲学 人生观 问题(24.09),0393_新哲学_人生观_问题.md；0391_新哲学_人生观_生活实践.md；0233_科学人生观_玄学人生观_批判.md；0132_陈唯实_通俗辩证法讲话_科学人生观.md；0236_旧哲学_人生观_问题.md,,人生观、新哲学、科学人生观,“新哲学”大众化运动研究；继承五四和扬弃五四；马克思主义哲学在中国传播与发展的百年历史（上）,177；105；260-262,是,可按主题页优先检索,先查主题页《科学与人生观论战》，再在 T3/T10 中检索：人生观|新哲学|科学人生观,否
393,新哲学 人生观 问题,0393_新哲学_人生观_问题.md,3,49.6,新哲学大众化,新哲学大众化运动,新哲学大众化/新哲学大众化运动.md,高,118.0,已列入原主题页重点卡片；命中主题种子词：新哲学；主题词重合：新哲学；主题域增强：新哲学,人生观 新哲学 科学人生观(42.5)；新哲学 人生观 生活实践(41.36)；旧哲学 人生观 问题(33.75)；人生观 哲学 生活(22.5)；哲学 生活 人生观(22.5),0392_人生观_新哲学_科学人生观.md；0391_新哲学_人生观_生活实践.md；0236_旧哲学_人生观_问题.md；0234_人生观_哲学_生活.md；0235_哲学_生活_人生观.md,,新哲学、人生观、问题,马克思主义哲学在中国传播与发展的百年历史（上）；胡绳全书（第四卷）；艾思奇全书（第1卷）,260-262；32-33；225-227,是,可按主题页优先检索,先查主题页《新哲学大众化运动》，再在 T3/T10 中检索：新哲学|人生观|问题,否
394,观念论 人生观 机械论,0394_观念论_人生观_机械论.md,3,45.83,苏联哲学,30年代苏联哲学批判运动,苏联哲学/30年代苏联哲学批判运动.md,高,113.0,已列入原主题页重点卡片；命中主题种子词：机械论；主题词重合：机械论；主题域增强：机械论,人生观 科学 分家(19.17)；人生观 哲学 生活(19.17)；哲学 生活 人生观(19.17)；悲观 乐观 人生观(19.17)；人生观 论战 科玄论战(18.85),0189_人生观_科学_分家.md；0234_人生观_哲学_生活.md；0235_哲学_生活_人生观.md；0237_悲观_乐观_人生观.md；0187_人生观_论战_科玄论战.md,,观念论、人生观、机械论,胡绳全书（第四卷）；胡绳对马克思主义哲学“大众化”的贡献；“新哲学”大众化运动研究,37-38；2；177,是,可按主题页优先检索,先查主题页《30年代苏联哲学批判运动》，再在 T3/T10 中检索：观念论|人生观|机械论,否
395,艾思奇 马克思主义哲学 大众化 中国化,0395_艾思奇_马克思主义哲学_大众化_中国化.md,3,60.2,新哲学大众化,艾思奇与大众哲学,新哲学大众化/艾思奇与大众哲学.md,高,118.0,已列入原主题页重点卡片；命中主题种子词：艾思奇、大众化；主题词重合：艾思奇、大众化,艾思奇 马克思主义哲学 大众化(85.0)；马克思主义哲学 大众化 中国化(85.0)；艾思奇 马克思主义哲学 通俗化 中国化(81.67)；马克思主义哲学 哲学大众化 艾思奇(66.18)；大众哲学 马克思主义哲学 大众化(63.24),0358_艾思奇_马克思主义哲学_大众化.md；1200_马克思主义哲学_大众化_中国化.md；0388_艾思奇_马克思主义哲学_通俗化_中国化.md；1798_马克思主义哲学_哲学大众化_艾思奇.md；0360_大众哲学_马克思主义哲学_大众化.md,,艾思奇、马克思主义哲学、大众化、中国化,马克思主义哲学史教程；马克思主义哲学在中国：传播、应用、形态、前景；百年中国哲学革命,925-926；459-461；157,是,可按主题页优先检索,先查主题页《艾思奇与大众哲学》，再在 T3/T10 中检索：艾思奇|马克思主义哲学|大众化|中国化,否
396,大众哲学 哲学讲话 通俗化,0396_大众哲学_哲学讲话_通俗化.md,3,51.86,新哲学大众化,艾思奇与大众哲学,新哲学大众化/艾思奇与大众哲学.md,高,135.0,已列入原主题页重点卡片；命中主题种子词：大众哲学、哲学讲话、通俗化；主题词重合：大众哲学、哲学讲话、通俗化,大众哲学 通俗化 社会影响(43.93)；大众哲学(28.33)；哲学讲话(28.33)；艾思奇 大众哲学 哲学大众化(27.14)；大众哲学 新哲学(26.82),0361_大众哲学_通俗化_社会影响.md；1849_大众哲学.md；1931_哲学讲话.md；0371_艾思奇_大众哲学_哲学大众化.md；1773_大众哲学_新哲学.md,,大众哲学、哲学讲话、通俗化,《大众哲学》_马克思主义哲学大众化的经典范本_张立波；马克思主义哲学在中国：传播、应用、形态、前景；“新哲学”大众化运动研究,2；454-457；130,是,可按主题页优先检索,先查主题页《艾思奇与大众哲学》，再在 T3/T10 中检索：大众哲学|哲学讲话|通俗化,否
397,哲学讲话 日常生活 哲学观点,0397_哲学讲话_日常生活_哲学观点.md,3,38.1,新哲学大众化,新哲学大众化运动,新哲学大众化/新哲学大众化运动.md,低,13.0,自动主题组匹配：哲学讲话,大众哲学 日常生活(27.69)；哲学讲话(27.5)；大众哲学 哲学讲话 通俗化(24.69)；哲学观点 观察事物 正确眼光(24.17)；庸俗生活 盲目生活 哲学(5.0),1632_大众哲学_日常生活.md；1931_哲学讲话.md；0396_大众哲学_哲学讲话_通俗化.md；1525_哲学观点_观察事物_正确眼光.md；1527_庸俗生活_盲目生活_哲学.md,,哲学讲话、日常生活、哲学观点,艾思奇全书（第2卷）；米丁-辩证唯物论历史唯物论下-rightToLeft；马克思主义哲学大众化的当代思考_郭建宁,3-5；360；1,是,先核验原卡片再使用,先查主题页《新哲学大众化运动》，再在 T3/T10 中检索：哲学讲话|日常生活|哲学观点,否
398,认识和实践 大众哲学,0398_认识和实践_大众哲学.md,3,30.9,新哲学大众化,艾思奇与大众哲学,新哲学大众化/艾思奇与大众哲学.md,高,114.0,已列入原主题页重点卡片；命中主题种子词：大众哲学；主题词重合：大众哲学,大众哲学(29.38)；大众哲学 新哲学(27.5)；大众哲学 艾思奇(26.82)；现象 本质 大众哲学(26.25)；形式 内容 大众哲学(26.25),1849_大众哲学.md；1773_大众哲学_新哲学.md；1769_大众哲学_艾思奇.md；0399_现象_本质_大众哲学.md；0400_形式_内容_大众哲学.md,,认识和实践、大众哲学,百年中国哲学革命；《矛盾论》的主要矛盾理论与《大众哲学》无关及其他；《大众哲学》_马克思主义哲学大众化的经典范本_张立波,159-161；2；6,是,可按主题页优先检索,先查主题页《艾思奇与大众哲学》，再在 T3/T10 中检索：认识和实践|大众哲学,否
399,现象 本质 大众哲学,0399_现象_本质_大众哲学.md,3,42.2,新哲学大众化,艾思奇与大众哲学,新哲学大众化/艾思奇与大众哲学.md,高,114.0,已列入原主题页重点卡片；命中主题种子词：大众哲学；主题词重合：大众哲学,大众哲学(30.71)；大众哲学 新哲学(28.33)；大众哲学 艾思奇(27.5)；形式 内容 大众哲学(26.82)；大众哲学 日常生活(26.82),1849_大众哲学.md；1773_大众哲学_新哲学.md；1769_大众哲学_艾思奇.md；0400_形式_内容_大众哲学.md；1632_大众哲学_日常生活.md,,现象、本质、大众哲学,马克思主义哲学史（第六卷；艾思奇全书（第1卷）；马克思主义哲学在中国传播与发展的百年历史（上）,203-265；552-555；242-244,是,可按主题页优先检索,先查主题页《艾思奇与大众哲学》，再在 T3/T10 中检索：现象|本质|大众哲学,否
400,形式 内容 大众哲学,0400_形式_内容_大众哲学.md,3,41.0,新哲学大众化,艾思奇与大众哲学,新哲学大众化/艾思奇与大众哲学.md,高,114.0,已列入原主题页重点卡片；命中主题种子词：大众哲学；主题词重合：大众哲学,大众哲学(30.71)；大众哲学 新哲学(28.33)；大众哲学 艾思奇(27.5)；现象 本质 大众哲学(26.82)；大众哲学 日常生活(26.82),1849_大众哲学.md；1773_大众哲学_新哲学.md；1769_大众哲学_艾思奇.md；0399_现象_本质_大众哲学.md；1632_大众哲学_日常生活.md,,形式、内容、大众哲学,艾思奇全书（第1卷）；马克思主义哲学在中国传播与发展的百年历史（上）；马克思主义哲学在中国：传播、应用、形态、前景,562-565；242-244；454-457,是,可按主题页优先检索,先查主题页《艾思奇与大众哲学》，再在 T3/T10 中检索：形式|内容|大众哲学,否
401,必然性 偶然性 大众哲学,0401_必然性_偶然性_大众哲学.md,3,47.24,新哲学大众化,艾思奇与大众哲学,新哲学大众化/艾思奇与大众哲学.md,高,114.0,已列入原主题页重点卡片；命中主题种子词：大众哲学；主题词重合：大众哲学,偶然性 必然性 苏联哲学(38.33)；人生意义 价值 偶然性 必然性(35.0)；大众哲学(29.38)；大众哲学 新哲学(27.5)；大众哲学 艾思奇(26.82),0894_偶然性_必然性_苏联哲学.md；1450_人生意义_价值_偶然性_必然性.md；1849_大众哲学.md；1773_大众哲学_新哲学.md；1769_大众哲学_艾思奇.md,,必然性、偶然性、大众哲学,艾思奇全书（第1卷）；马克思主义哲学在中国传播与发展的百年历史（上）；“新哲学”大众化运动研究,579-581；242-244；229,是,可按主题页优先检索,先查主题页《艾思奇与大众哲学》，再在 T3/T10 中检索：必然性|偶然性|大众哲学,否
402,抽象作用 辩证法 白马非马 形式论理学,0402_抽象作用_辩证法_白马非马_形式论理学.md,3,43.2,理论方法,哲学基本范畴与辩证法原理,理论方法/哲学基本范畴与辩证法原理.md,低,10.0,自动主题组匹配：形式,形式论理学 同一律 白马非马(54.21)；辩证法 形式论理学 对立统一(47.5)；形而上学 形式论理学 辩证法(47.5)；形式论理学 辩证法 青年就是青年(47.14)；形式论理学 抽象 具体 对立(31.25),0404_形式论理学_同一律_白马非马.md；0409_辩证法_形式论理学_对立统一.md；0410_形而上学_形式论理学_辩证法.md；0407_形式论理学_辩证法_青年就是青年.md；0405_形式论理学_抽象_具体_对立.md,,抽象作用、辩证法、白马非马、形式论理学,艾思奇全书（第1卷）；艾思奇全书（第2卷）；毛泽东哲学批注集：辩证法唯物论教程批注 (毛泽东),10-12；623-625；136,是,先核验原卡片再使用,先查主题页《哲学基本范畴与辩证法原理》，再在 T3/T10 中检索：抽象作用|辩证法|白马非马|形式论理学,否
403,白马非马 抽象 具体 概念,0403_白马非马_抽象_具体_概念.md,3,49.6,理论方法,哲学基本范畴与辩证法原理,理论方法/哲学基本范畴与辩证法原理.md,中,34.0,二级自动主题组匹配：白马非马、抽象、具体、概念,抽象作用 辩证法 白马非马 形式论理学(25.0)；形式论理学 同一律 白马非马(24.41)；抽象 具体 内包 外延(15.77)；形式论理学 抽象 具体 对立(14.69),0402_抽象作用_辩证法_白马非马_形式论理学.md；0404_形式论理学_同一律_白马非马.md；1532_抽象_具体_内包_外延.md；0405_形式论理学_抽象_具体_对立.md,,白马非马、抽象、具体、概念,艾思奇全书（第1卷）；中国近代哲学的革命进程；马克思主义哲学史教程,10-12；523；621-623,是,可按主题页优先检索,先查主题页《哲学基本范畴与辩证法原理》，再在 T3/T10 中检索：白马非马|抽象|具体|概念,否
404,形式论理学 同一律 白马非马,0404_形式论理学_同一律_白马非马.md,3,38.07,理论方法,哲学基本范畴与辩证法原理,理论方法/哲学基本范畴与辩证法原理.md,低,10.0,自动主题组匹配：形式,抽象作用 辩证法 白马非马 形式论理学(54.21)；形式论理学 中国 进展(31.67)；形式论理学 抽象 具体 对立(30.88)；形式逻辑 辩证逻辑 形式论理学(30.88)；概念 个物 柏拉图 形式论理学(30.56),0402_抽象作用_辩证法_白马非马_形式论理学.md；0387_形式论理学_中国_进展.md；0405_形式论理学_抽象_具体_对立.md；0408_形式逻辑_辩证逻辑_形式论理学.md；0406_概念_个物_柏拉图_形式论理学.md,,形式论理学、同一律,艾思奇全书（第2卷）；艾思奇全书（第1卷）；毛泽东哲学批注集：辩证法唯物论教程批注 (毛泽东),703-705；539；380,是,先核验原卡片再使用,先查主题页《哲学基本范畴与辩证法原理》，再在 T3/T10 中检索：形式论理学|同一律|白马非马,否
405,形式论理学 抽象 具体 对立,0405_形式论理学_抽象_具体_对立.md,3,55.6,理论方法,哲学基本范畴与辩证法原理,理论方法/哲学基本范畴与辩证法原理.md,低,10.0,自动主题组匹配：形式,辩证法 形式论理学 对立统一(32.81)；形式论理学 中国 进展(32.14)；抽象作用 辩证法 白马非马 形式论理学(31.25)；形式逻辑 辩证逻辑 形式论理学(31.25)；形式论理学 同一律 白马非马(30.88),0409_辩证法_形式论理学_对立统一.md；0387_形式论理学_中国_进展.md；0402_抽象作用_辩证法_白马非马_形式论理学.md；0408_形式逻辑_辩证逻辑_形式论理学.md；0404_形式论理学_同一律_白马非马.md,,形式论理学、抽象、具体、对立,艾思奇全书（第1卷）；艾思奇全书（第2卷）；百年中国哲学革命,10-12；717-719；132-134,是,先核验原卡片再使用,先查主题页《哲学基本范畴与辩证法原理》，再在 T3/T10 中检索：形式论理学|抽象|具体|对立,否
406,概念 个物 柏拉图 形式论理学,0406_概念_个物_柏拉图_形式论理学.md,3,47.2,理论方法,哲学基本范畴与辩证法原理,理论方法/哲学基本范畴与辩证法原理.md,低,10.0,自动主题组匹配：形式,形式论理学 中国 进展(31.67)；形式论理学 抽象 具体 对立(30.88)；形式逻辑 辩证逻辑 形式论理学(30.88)；形式论理学 同一律 白马非马(30.56)；辩证法 形式论理学 对立统一(30.56),0387_形式论理学_中国_进展.md；0405_形式论理学_抽象_具体_对立.md；0408_形式逻辑_辩证逻辑_形式论理学.md；0404_形式论理学_同一律_白马非马.md；0409_辩证法_形式论理学_对立统一.md,,概念、个物、柏拉图、形式论理学,艾思奇全书（第1卷）；艾思奇全书（第2卷）；毛泽东哲学批注集：辩证法唯物论教程批注 (毛泽东),13-14；712-714；423,是,先核验原卡片再使用,先查主题页《哲学基本范畴与辩证法原理》，再在 T3/T10 中检索：概念|个物|柏拉图|形式论理学,否
407,形式论理学 辩证法 青年就是青年,0407_形式论理学_辩证法_青年就是青年.md,3,54.72,理论方法,哲学基本范畴与辩证法原理,理论方法/哲学基本范畴与辩证法原理.md,低,10.0,自动主题组匹配：形式,形而上学 形式论理学 辩证法(50.94)；辩证法 形式论理学 对立统一(48.82)；抽象作用 辩证法 白马非马 形式论理学(47.14)；形式逻辑 辩证逻辑 形式论理学(32.35)；形式论理学 中国 进展(31.25),0410_形而上学_形式论理学_辩证法.md；0409_辩证法_形式论理学_对立统一.md；0402_抽象作用_辩证法_白马非马_形式论理学.md；0408_形式逻辑_辩证逻辑_形式论理学.md；0387_形式论理学_中国_进展.md,,形式论理学、辩证法、青年就是青年,《大众哲学》_马克思主义哲学大众化的经典范本_张立波；艾思奇全书（第1卷）；艾思奇全书（第2卷）,9；539；623-625,是,先核验原卡片再使用,先查主题页《哲学基本范畴与辩证法原理》，再在 T3/T10 中检索：形式论理学|辩证法|青年就是青年,否
408,形式逻辑 辩证逻辑 形式论理学,0408_形式逻辑_辩证逻辑_形式论理学.md,3,50.91,理论方法,哲学基本范畴与辩证法原理,理论方法/哲学基本范畴与辩证法原理.md,低,10.0,自动主题组匹配：形式,辩证法 形式论理学 对立统一(32.81)；形而上学 形式论理学 辩证法(32.81)；形式论理学 辩证法 青年就是青年(32.35)；形式论理学 中国 进展(32.14)；抽象作用 辩证法 白马非马 形式论理学(31.25),0409_辩证法_形式论理学_对立统一.md；0410_形而上学_形式论理学_辩证法.md；0407_形式论理学_辩证法_青年就是青年.md；0387_形式论理学_中国_进展.md；0402_抽象作用_辩证法_白马非马_形式论理学.md,,形式逻辑、辩证逻辑、形式论理学,毛泽东哲学批注集：辩证法唯物论教程批注 (毛泽东)；艾思奇全书（第2卷）；马克思主义哲学的中国化及其历程,198；320-321；179-180,是,先核验原卡片再使用,先查主题页《哲学基本范畴与辩证法原理》，再在 T3/T10 中检索：形式逻辑|辩证逻辑|形式论理学,否
409,辩证法 形式论理学 对立统一,0409_辩证法_形式论理学_对立统一.md,3,44.2,理论方法,矛盾分析法与矛盾特殊性,理论方法/矛盾分析法与矛盾特殊性.md,高,112.0,已列入原主题页重点卡片；命中主题种子词：对立统一；主题词重合：对立统一,形而上学 形式论理学 辩证法(49.38)；形式论理学 辩证法 青年就是青年(48.82)；抽象作用 辩证法 白马非马 形式论理学(47.5)；辩证法 对立统一(45.42)；形式论理学 抽象 具体 对立(32.81),0410_形而上学_形式论理学_辩证法.md；0407_形式论理学_辩证法_青年就是青年.md；0402_抽象作用_辩证法_白马非马_形式论理学.md；1682_辩证法_对立统一.md；0405_形式论理学_抽象_具体_对立.md,,辩证法、形式论理学、对立统一,艾思奇全书（第2卷）；马克思主义哲学在中国传播与发展的百年历史（下）；毛泽东哲学批注集：辩证法唯物论教程批注 (毛泽东),710-712；436；136,是,可按主题页优先检索,先查主题页《矛盾分析法与矛盾特殊性》，再在 T3/T10 中检索：辩证法|形式论理学|对立统一,否
410,形而上学 形式论理学 辩证法,0410_形而上学_形式论理学_辩证法.md,3,53.33,理论方法,哲学基本范畴与辩证法原理,理论方法/哲学基本范畴与辩证法原理.md,低,10.0,自动主题组匹配：形式,形式论理学 辩证法 青年就是青年(50.94)；辩证法 形式论理学 对立统一(49.38)；抽象作用 辩证法 白马非马 形式论理学(47.5)；形而上学 辩证法 批判(46.54)；辩证法 形而上学 根本观点(42.81),0407_形式论理学_辩证法_青年就是青年.md；0409_辩证法_形式论理学_对立统一.md；0402_抽象作用_辩证法_白马非马_形式论理学.md；1466_形而上学_辩证法_批判.md；1550_辩证法_形而上学_根本观点.md,,形而上学、形式论理学、辩证法,艾思奇全书（第2卷）；毛泽东哲学批注集：辩证法唯物论教程批注 (毛泽东)；艾思奇全书（第1卷）,626；425；539,是,先核验原卡片再使用,先查主题页《哲学基本范畴与辩证法原理》，再在 T3/T10 中检索：形而上学|形式论理学|辩证法,否
411,唯物论 观念论 两大阵营,0411_唯物论_观念论_两大阵营.md,3,47.44,理论方法,哲学基本范畴与辩证法原理,理论方法/哲学基本范畴与辩证法原理.md,低,16.0,二级自动主题组匹配：观念论、唯物论,自然科学 唯物论 观念论(39.62)；观念论 二元论 思想(18.57)；恩格斯 观念论 斗争(18.57)；机械论 唯物论 批判(18.57)；唯物论 认识论 反映(18.57),0415_自然科学_唯物论_观念论.md；0413_观念论_二元论_思想.md；0424_恩格斯_观念论_斗争.md；1465_机械论_唯物论_批判.md；1537_唯物论_认识论_反映.md,,唯物论、观念论、两大阵营,冯契文集第七卷中国近代哲学的革命进程；胡绳全书（第四卷）；马克思主义哲学的中国化及其历程,468；172-175；173-176,是,先核验原卡片再使用,先查主题页《哲学基本范畴与辩证法原理》，再在 T3/T10 中检索：唯物论|观念论|两大阵营,否
412,观念论 要点 迷信宗教,0412_观念论_要点_迷信宗教.md,3,34.72,论战与思想运动,宗教批判与无神论思想,论战与思想运动/宗教批判与无神论思想.md,中,20.0,自动主题组匹配：宗教、迷信,观念论 二元论 思想(18.85)；恩格斯 观念论 斗争(18.85)；观念论 人生观 机械论(18.57)；唯物论 观念论 两大阵营(18.33)；自然科学 唯物论 观念论(18.33),0413_观念论_二元论_思想.md；0424_恩格斯_观念论_斗争.md；0394_观念论_人生观_机械论.md；0411_唯物论_观念论_两大阵营.md；0415_自然科学_唯物论_观念论.md,,观念论、要点,艾思奇全书（第1卷）；胡绳全书（第四卷）；“新哲学”大众化运动研究,375；172-175；267,是,可按主题页优先检索,先查主题页《宗教批判与无神论思想》，再在 T3/T10 中检索：观念论|要点|迷信宗教,否
413,观念论 二元论 思想,0413_观念论_二元论_思想.md,3,46.73,理论方法,哲学基本范畴与辩证法原理,理论方法/哲学基本范畴与辩证法原理.md,低,16.0,二级自动主题组匹配：观念论、二元论,恩格斯 观念论 斗争(19.17)；观念论 人生观 机械论(18.85)；观念论 要点 迷信宗教(18.85)；唯物论 观念论 两大阵营(18.57)；自然科学 唯物论 观念论(18.57),0424_恩格斯_观念论_斗争.md；0394_观念论_人生观_机械论.md；0412_观念论_要点_迷信宗教.md；0411_唯物论_观念论_两大阵营.md；0415_自然科学_唯物论_观念论.md,,观念论、二元论、思想,艾思奇全书（第1卷）；“新哲学”大众化运动研究；继承五四和扬弃五四,135-138；139；28,是,先核验原卡片再使用,先查主题页《哲学基本范畴与辩证法原理》，再在 T3/T10 中检索：观念论|二元论|思想,否
414,旧唯物论 弱点 新唯物论,0414_旧唯物论_弱点_新唯物论.md,3,38.71,理论方法,哲学基本范畴与辩证法原理,理论方法/哲学基本范畴与辩证法原理.md,低,18.0,二级自动主题组匹配：旧唯物论、唯物论,五四运动 新文化 弱点(11.79),0230_五四运动_新文化_弱点.md,,旧唯物论、新唯物论,马列著作在中国的出版；张东荪-唯物辩证法论战；“新哲学”大众化运动研究,393；240；103,是,先核验原卡片再使用,先查主题页《哲学基本范畴与辩证法原理》，再在 T3/T10 中检索：旧唯物论|弱点|新唯物论,否
415,自然科学 唯物论 观念论,0415_自然科学_唯物论_观念论.md,3,50.8,理论方法,自然科学哲学与科学方法,理论方法/自然科学哲学与科学方法.md,中,23.0,自动主题组匹配：自然科学、科学,唯物论 观念论 两大阵营(39.62)；德国 自然科学(26.82)；战斗唯物主义 自然科学 联盟(26.25)；自然科学 黑格尔(26.25)；自然辩证法 自然科学(25.77),0411_唯物论_观念论_两大阵营.md；1786_德国_自然科学.md；0887_战斗唯物主义_自然科学_联盟.md；1779_自然科学_黑格尔.md；1667_自然辩证法_自然科学.md,,自然科学、唯物论、观念论,艾思奇全书（第2卷）；艾思奇全书（第1卷）；张东荪-唯物辩证法论战,228-230；29-32；294,是,可按主题页优先检索,先查主题页《自然科学哲学与科学方法》，再在 T3/T10 中检索：自然科学|唯物论|观念论,否
416,思想方法论 世界观 方法论,0416_思想方法论_世界观_方法论.md,3,50.77,新哲学大众化,思想方法与世界观教育,新哲学大众化/思想方法与世界观教育.md,高,136.0,已列入原主题页重点卡片；命中主题种子词：思想方法论、思想方法、世界观、方法论；主题词重合：思想方法论、世界观、方法论,艾思奇 思想方法论 世界观 方法论(73.18)；世界观 方法论 思想方法(49.44)；本体论 思想方法论 根本问题(31.67)；胡适 方法论 评议(19.17)；胡适 方法论 两重性(18.85),0362_艾思奇_思想方法论_世界观_方法论.md；1544_世界观_方法论_思想方法.md；0417_本体论_思想方法论_根本问题.md；0479_胡适_方法论_评议.md；0480_胡适_方法论_两重性.md,,思想方法论、世界观、方法论,马克思主义哲学在中国传播与发展的百年历史（上）；“新哲学”大众化运动研究；毛泽东哲学批注集：辩证法唯物论教程批注 (毛泽东),244-246；258；452,是,可按主题页优先检索,先查主题页《思想方法与世界观教育》，再在 T3/T10 中检索：思想方法论|世界观|方法论,否
417,本体论 思想方法论 根本问题,0417_本体论_思想方法论_根本问题.md,3,39.8,新哲学大众化,思想方法与世界观教育,新哲学大众化/思想方法与世界观教育.md,高,121.0,已列入原主题页重点卡片；命中主题种子词：思想方法论、思想方法、方法论；主题词重合：思想方法论,思想方法论 世界观 方法论(31.67)；艾思奇 思想方法论 世界观 方法论(30.56)；实践 认识论 本体论(18.12)；弗兰克 神秘主义 本体论(17.78)；世界观 方法论 思想方法(8.93),0416_思想方法论_世界观_方法论.md；0362_艾思奇_思想方法论_世界观_方法论.md；1074_实践_认识论_本体论.md；1012_弗兰克_神秘主义_本体论.md；1544_世界观_方法论_思想方法.md,,本体论、思想方法论、根本问题,马克思主义哲学在中国传播与发展的百年历史（上）；艾思奇全书（第2卷）；从唯物辩证法论战到马克思主义哲学大众化——对艾思奇《大众哲学》的解读_李维武,244-246；118-120；7,是,可按主题页优先检索,先查主题页《思想方法与世界观教育》，再在 T3/T10 中检索：本体论|思想方法论|根本问题,否
418,新哲学 建立 现代哲学读本,0418_新哲学_建立_现代哲学读本.md,3,50.15,新哲学大众化,新哲学大众化运动,新哲学大众化/新哲学大众化运动.md,低,18.0,自动主题组匹配：新哲学,大众哲学 新哲学(19.17)；大众化 新哲学(19.17)；哲学大众化 新哲学(18.85)；张申府 新哲学 思想(18.57)；新哲学 人生观 问题(18.57),1773_大众哲学_新哲学.md；1838_大众化_新哲学.md；1706_哲学大众化_新哲学.md；0369_张申府_新哲学_思想.md；0393_新哲学_人生观_问题.md,,新哲学、建立、现代哲学读本,艾思奇全书（第2卷）；中国马克思主义哲学教科书编写之起步、发展与演化（1922—1949）；“新哲学”大众化运动研究,288-290；9；146,是,先核验原卡片再使用,先查主题页《新哲学大众化运动》，再在 T3/T10 中检索：新哲学|建立|现代哲学读本,否
419,新哲学 诞生 黑格尔 费尔巴哈,0419_新哲学_诞生_黑格尔_费尔巴哈.md,3,50.4,理论方法,马克思恩格斯经典文本与哲学关系,理论方法/马克思恩格斯经典文本与哲学关系.md,中,23.0,自动主题组匹配：黑格尔、费尔巴哈,德国 费尔巴哈(25.77)；费尔巴哈 唯物主义 基本内核(23.95)；大众哲学 新哲学(18.57)；大众化 新哲学(18.57)；哲学大众化 新哲学(18.33),1774_德国_费尔巴哈.md；0024_费尔巴哈_唯物主义_基本内核.md；1773_大众哲学_新哲学.md；1838_大众化_新哲学.md；1706_哲学大众化_新哲学.md,,新哲学、诞生、黑格尔、费尔巴哈,艾思奇全书（第2卷）；马克思主义哲学在中国传播与发展的百年历史（上）；马克思主义哲学史教程,202-201；4-5；639-641,是,可按主题页优先检索,先查主题页《马克思恩格斯经典文本与哲学关系》，再在 T3/T10 中检索：新哲学|诞生|黑格尔|费尔巴哈,否
420,德国意识形态 新哲学 确立,0420_德国意识形态_新哲学_确立.md,3,43.8,理论方法,哲学基本范畴与辩证法原理,理论方法/哲学基本范畴与辩证法原理.md,低,18.0,自动主题组匹配：意识,大众哲学 新哲学(18.85)；大众化 新哲学(18.85)；哲学大众化 新哲学(18.57)；张申府 新哲学 思想(18.33)；新哲学 人生观 问题(18.33),1773_大众哲学_新哲学.md；1838_大众化_新哲学.md；1706_哲学大众化_新哲学.md；0369_张申府_新哲学_思想.md；0393_新哲学_人生观_问题.md,,德国意识形态、新哲学、确立,艾思奇全书（第2卷）；马克思主义哲学中国化与中国哲学的现代转型；“新哲学”大众化运动研究,215-217；220-221；97,是,先核验原卡片再使用,先查主题页《哲学基本范畴与辩证法原理》，再在 T3/T10 中检索：德国意识形态|新哲学|确立,否
421,新哲学 战斗 观念论辩证法,0421_新哲学_战斗_观念论辩证法.md,3,37.22,新哲学大众化,新哲学大众化运动,新哲学大众化/新哲学大众化运动.md,高,118.0,已列入原主题页重点卡片；命中主题种子词：新哲学；主题词重合：新哲学；主题域增强：新哲学,大众哲学 新哲学(18.85)；大众化 新哲学(18.85)；哲学大众化 新哲学(18.57)；张申府 新哲学 思想(18.33)；新哲学 人生观 问题(18.33),1773_大众哲学_新哲学.md；1838_大众化_新哲学.md；1706_哲学大众化_新哲学.md；0369_张申府_新哲学_思想.md；0393_新哲学_人生观_问题.md,,新哲学、战斗、观念论辩证法,艾思奇全书（第2卷）；马克思主义哲学在中国传播与发展的百年历史（上）；“新哲学”大众化运动研究,215-217；290；149,是,可按主题页优先检索,先查主题页《新哲学大众化运动》，再在 T3/T10 中检索：新哲学|战斗|观念论辩证法,否
422,新哲学 形而上学唯物论 批判,0422_新哲学_形而上学唯物论_批判.md,3,37.07,新哲学大众化,新哲学大众化运动,新哲学大众化/新哲学大众化运动.md,低,18.0,自动主题组匹配：新哲学,大众哲学 新哲学(18.57)；大众化 新哲学(18.57)；哲学大众化 新哲学(18.33)；张申府 新哲学 思想(18.12)；新哲学 人生观 问题(18.12),1773_大众哲学_新哲学.md；1838_大众化_新哲学.md；1706_哲学大众化_新哲学.md；0369_张申府_新哲学_思想.md；0393_新哲学_人生观_问题.md,,新哲学、形而上学唯物论、批判,艾思奇全书（第2卷）；“新哲学”大众化运动研究；马克思主义中国化的起源语境,235-236；23；30,是,先核验原卡片再使用,先查主题页《新哲学大众化运动》，再在 T3/T10 中检索：新哲学|形而上学唯物论|批判,否
423,新哲学 自然科学 经济学 应用,0423_新哲学_自然科学_经济学_应用.md,3,47.2,理论方法,自然科学哲学与科学方法,理论方法/自然科学哲学与科学方法.md,中,23.0,自动主题组匹配：自然科学、科学,哲学 自然科学 科学本身就是哲学(27.35)；自然科学 哲学 机械论派(26.25)；德国 自然科学(25.77)；自然科学 黑格尔(25.36)；自然辩证法 自然科学(25.0),1276_哲学_自然科学_科学本身就是哲学.md；1013_自然科学_哲学_机械论派.md；1786_德国_自然科学.md；1779_自然科学_黑格尔.md；1667_自然辩证法_自然科学.md,,新哲学、自然科学、经济学、应用,艾思奇全书（第2卷）；马克思主义哲学在中国传播与发展的百年历史（上）；艾思奇全书（第1卷）,237-239；282-284；332-334,是,可按主题页优先检索,先查主题页《自然科学哲学与科学方法》，再在 T3/T10 中检索：新哲学|自然科学|经济学|应用,否
424,恩格斯 观念论 斗争,0424_恩格斯_观念论_斗争.md,3,45.4,理论方法,马克思恩格斯经典文本与哲学关系,理论方法/马克思恩格斯经典文本与哲学关系.md,低,10.0,自动主题组匹配：恩格斯,恩格斯 资产阶级(19.55)；观念论 二元论 思想(19.17)；观念论 人生观 机械论(18.85)；观念论 要点 迷信宗教(18.85)；马克思 恩格斯 新世界观(18.57),1729_恩格斯_资产阶级.md；0413_观念论_二元论_思想.md；0394_观念论_人生观_机械论.md；0412_观念论_要点_迷信宗教.md；0025_马克思_恩格斯_新世界观.md,,恩格斯、观念论、斗争,艾思奇全书（第2卷）；《大众哲学》_马克思主义哲学大众化的经典范本_张立波；毛泽东哲学批注集：辩证法唯物论教程批注 (毛泽东),248；5；309,是,先核验原卡片再使用,先查主题页《马克思恩格斯经典文本与哲学关系》，再在 T3/T10 中检索：恩格斯|观念论|斗争,否
425,新哲学 新阶段 任务,0425_新哲学_新阶段_任务.md,3,39.8,新哲学大众化,新哲学大众化运动,新哲学大众化/新哲学大众化运动.md,高,118.0,已列入原主题页重点卡片；命中主题种子词：新哲学；主题词重合：新哲学；主题域增强：新哲学,大众哲学 新哲学(23.33)；大众化 新哲学(20.0)；哲学大众化 新哲学(19.55)；张申府 新哲学 思想(19.17)；新哲学 人生观 问题(19.17),1773_大众哲学_新哲学.md；1838_大众化_新哲学.md；1706_哲学大众化_新哲学.md；0369_张申府_新哲学_思想.md；0393_新哲学_人生观_问题.md,,新哲学、新阶段、任务,马克思主义哲学在中国：传播、应用、形态、前景；马克思主义哲学在中国传播与发展的百年历史（上）；艾思奇全书（第2卷）,161-163；282-284；291-293,是,可按主题页优先检索,先查主题页《新哲学大众化运动》，再在 T3/T10 中检索：新哲学|新阶段|任务,否
426,新启蒙运动 中国 自觉运动,0426_新启蒙运动_中国_自觉运动.md,3,54.05,论战与思想运动,新启蒙运动,论战与思想运动/新启蒙运动.md,高,121.0,已列入原主题页重点卡片；命中主题种子词：新启蒙运动、新启蒙、启蒙运动；主题词重合：新启蒙运动,国难 新启蒙运动(34.09)；新启蒙运动 提出(34.09)；抗战 新启蒙运动(34.09)；新启蒙运动 普及(34.09)；新启蒙运动 理性运动(33.33),0376_国难_新启蒙运动.md；0377_新启蒙运动_提出.md；1871_抗战_新启蒙运动.md；1874_新启蒙运动_普及.md；0380_新启蒙运动_理性运动.md,,新启蒙运动、中国、自觉运动,抗日救亡运动中的文化新声——“新启蒙运动”与中国左翼知识界的文化抗战_王锐；艾思奇全书（第2卷）；新启蒙运动与新民主主义文化思想的形成_卢毅,14；298-300；3,是,可按主题页优先检索,先查主题页《新启蒙运动》，再在 T3/T10 中检索：新启蒙运动|中国|自觉运动,否
427,什么是新启蒙运动 艾思奇,0427_什么是新启蒙运动_艾思奇.md,3,50.62,论战与思想运动,新启蒙运动,论战与思想运动/新启蒙运动.md,高,115.0,已列入原主题页重点卡片；命中主题种子词：新启蒙运动、新启蒙、启蒙运动,什么是新启蒙运动(57.5)；什么是新启蒙运动 张申府(53.46)；新启蒙运动 艾思奇(32.5)；大众哲学 艾思奇(18.57)；哲学大众化 艾思奇(18.33),1869_什么是新启蒙运动.md；1770_什么是新启蒙运动_张申府.md；1759_新启蒙运动_艾思奇.md；1769_大众哲学_艾思奇.md；1746_哲学大众化_艾思奇.md,,什么是新启蒙运动、艾思奇,马克思主义中国化的起源语境；继承五四和扬弃五四；抗日救亡运动中的文化新声——“新启蒙运动”与中国左翼知识界的文化抗战_王锐,104；127；12,是,可按主题页优先检索,先查主题页《新启蒙运动》，再在 T3/T10 中检索：什么是新启蒙运动|艾思奇,否
428,新启蒙运动 思想自由 共同路向,0428_新启蒙运动_思想自由_共同路向.md,3,40.61,论战与思想运动,新启蒙运动,论战与思想运动/新启蒙运动.md,高,121.0,已列入原主题页重点卡片；命中主题种子词：新启蒙运动、新启蒙、启蒙运动；主题词重合：新启蒙运动,新启蒙运动 自由主义 文化思想(33.33)；国难 新启蒙运动(32.14)；新启蒙运动 提出(32.14)；抗战 新启蒙运动(32.14)；新启蒙运动 普及(32.14),0379_新启蒙运动_自由主义_文化思想.md；0376_国难_新启蒙运动.md；0377_新启蒙运动_提出.md；1871_抗战_新启蒙运动.md；1874_新启蒙运动_普及.md,,新启蒙运动、思想自由,什么是新启蒙运动；马克思主义中国化的起源语境；继承五四和扬弃五四,25；105；124,是,可按主题页优先检索,先查主题页《新启蒙运动》，再在 T3/T10 中检索：新启蒙运动|思想自由|共同路向,否
429,文化在抗战中 新启蒙,0429_文化在抗战中_新启蒙.md,3,46.54,论战与思想运动,思想论战与文化批判,论战与思想运动/思想论战与文化批判.md,低,10.0,自动主题组匹配：新启蒙,思想文化问题 新启蒙(20.77)；批判 再论批判 新启蒙(18.85)；新启蒙运动 文化抗战(8.33)；抗战 新启蒙运动(6.82)；文化运动 新启蒙运动(6.25),0430_思想文化问题_新启蒙.md；0431_批判_再论批判_新启蒙.md；1616_新启蒙运动_文化抗战.md；1871_抗战_新启蒙运动.md；1744_文化运动_新启蒙运动.md,,文化在抗战中、新启蒙,继承五四和扬弃五四；新启蒙运动与新民主主义文化思想的形成_卢毅；什么是新启蒙运动,130；3；62,是,先核验原卡片再使用,先查主题页《思想论战与文化批判》，再在 T3/T10 中检索：文化在抗战中|新启蒙,否
430,思想文化问题 新启蒙,0430_思想文化问题_新启蒙.md,3,50.12,论战与思想运动,新启蒙运动,论战与思想运动/新启蒙运动.md,高,109.0,已列入原主题页重点卡片；命中主题种子词：新启蒙；主题词重合：新启蒙,文化在抗战中 新启蒙(20.77)；批判 再论批判 新启蒙(18.85)；论思想文化问题 艾思奇(10.42)；新启蒙运动 爱国主义 文化思想(6.25)；新启蒙运动 自由主义 文化思想(6.25),0429_文化在抗战中_新启蒙.md；0431_批判_再论批判_新启蒙.md；0432_论思想文化问题_艾思奇.md；0378_新启蒙运动_爱国主义_文化思想.md；0379_新启蒙运动_自由主义_文化思想.md,,思想文化问题、新启蒙,新启蒙运动与新民主主义文化思想的形成_卢毅；继承五四和扬弃五四；马克思主义中国化的起源语境,3；8；103,是,可按主题页优先检索,先查主题页《新启蒙运动》，再在 T3/T10 中检索：思想文化问题|新启蒙,否
431,批判 再论批判 新启蒙,0431_批判_再论批判_新启蒙.md,3,46.55,论战与思想运动,新启蒙运动,论战与思想运动/新启蒙运动.md,高,109.0,已列入原主题页重点卡片；命中主题种子词：新启蒙；主题词重合：新启蒙,文化在抗战中 新启蒙(18.85)；思想文化问题 新启蒙(18.85)；论新启蒙运动(5.0),0429_文化在抗战中_新启蒙.md；0430_思想文化问题_新启蒙.md；1957_论新启蒙运动.md,,批判、再论批判、新启蒙,继承五四和扬弃五四；艾思奇全书（第2卷）；近代中国启蒙运动史,129；827-828；209-214,是,可按主题页优先检索,先查主题页《新启蒙运动》，再在 T3/T10 中检索：批判|再论批判|新启蒙,否
432,论思想文化问题 艾思奇,0432_论思想文化问题_艾思奇.md,3,49.27,新哲学大众化,艾思奇与大众哲学,新哲学大众化/艾思奇与大众哲学.md,高,109.0,已列入原主题页重点卡片；命中主题种子词：艾思奇；主题词重合：艾思奇,艾思奇 思想方法论 世界观 方法论(19.41)；大众哲学 艾思奇(18.85)；哲学大众化 艾思奇(18.57)；新启蒙运动 艾思奇(18.57)；艾思奇 大众哲学 贡献(18.33),0362_艾思奇_思想方法论_世界观_方法论.md；1769_大众哲学_艾思奇.md；1746_哲学大众化_艾思奇.md；1759_新启蒙运动_艾思奇.md；0359_艾思奇_大众哲学_贡献.md,,论思想文化问题、艾思奇,马克思主义中国化的起源语境；继承五四和扬弃五四；新启蒙运动与新民主主义文化思想的形成_卢毅,89；23；3,是,可按主题页优先检索,先查主题页《艾思奇与大众哲学》，再在 T3/T10 中检索：论思想文化问题|艾思奇,否
433,通俗文 真义 新哲学,0433_通俗文_真义_新哲学.md,3,47.02,新哲学大众化,新哲学大众化运动,新哲学大众化/新哲学大众化运动.md,中,22.0,自动主题组匹配：通俗、新哲学,大众哲学 新哲学(20.0)；大众化 新哲学(20.0)；哲学大众化 新哲学(19.55)；五四运动 新哲学 社会主义新价值观(19.17)；张申府 新哲学 思想(19.17),1773_大众哲学_新哲学.md；1838_大众化_新哲学.md；1706_哲学大众化_新哲学.md；0368_五四运动_新哲学_社会主义新价值观.md；0369_张申府_新哲学_思想.md,,通俗文、真义、新哲学,“新哲学”大众化运动研究；艾思奇全书（第1卷）；《大众哲学》_马克思主义哲学大众化的经典范本_张立波,133；363-365；2,是,可按主题页优先检索,先查主题页《新哲学大众化运动》，再在 T3/T10 中检索：通俗文|真义|新哲学,否
434,反对主观主义 艾思奇,0434_反对主观主义_艾思奇.md,3,49.2,新哲学大众化,艾思奇与大众哲学,新哲学大众化/艾思奇与大众哲学.md,高,109.0,已列入原主题页重点卡片；命中主题种子词：艾思奇；主题词重合：艾思奇,艾思奇 马克思主义哲学 大众化(19.41)；艾思奇 辩证唯物主义 讲课提纲(19.41)；大众哲学 艾思奇(19.17)；马克思主义哲学 哲学大众化 艾思奇(19.17)；马克思主义哲学中国化 艾思奇 构想(18.95),0358_艾思奇_马克思主义哲学_大众化.md；0375_艾思奇_辩证唯物主义_讲课提纲.md；1769_大众哲学_艾思奇.md；1798_马克思主义哲学_哲学大众化_艾思奇.md；1799_马克思主义哲学中国化_艾思奇_构想.md,,反对主观主义、艾思奇,艾思奇关于马克思主义哲学中国化的“系统构想”_罗永剑；“新哲学”大众化运动研究；延安时期知识分子群体与马克思主义哲学大众化郭 - 2015 -,4；209；176,是,可按主题页优先检索,先查主题页《艾思奇与大众哲学》，再在 T3/T10 中检索：反对主观主义|艾思奇,否
435,黄包车夫 劳动 苦难,0435_黄包车夫_劳动_苦难.md,3,34.55,理论方法,政治经济学与资本主义批判,理论方法/政治经济学与资本主义批判.md,低,10.0,自动主题组匹配：劳动,剩余价值 劳动(12.27)；劳动 资本主义(12.27)；劳动 工人阶级(12.27)；共产主义 劳动(12.27)；劳动 政治经济学(12.08),1625_剩余价值_劳动.md；1710_劳动_资本主义.md；1767_劳动_工人阶级.md；1782_共产主义_劳动.md；1709_劳动_政治经济学.md,,黄包车夫、劳动、苦难,“新哲学”大众化运动研究；马恩文集第三卷（1864-1883）；米丁-辩证唯物论与历史唯物论-上-rightToLeft,196；238；39,是,先核验原卡片再使用,先查主题页《政治经济学与资本主义批判》，再在 T3/T10 中检索：黄包车夫|劳动|苦难,否
436,车夫 车钱 阶级压迫,0436_车夫_车钱_阶级压迫.md,1,32.9,新哲学大众化,大众哲学案例与社会生活,新哲学大众化/大众哲学案例与社会生活.md,低,16.0,二级自动主题组匹配：车夫、车钱,,,,车夫、车钱,“新哲学”大众化运动研究,134,是,先核验原卡片再使用,先查主题页《大众哲学案例与社会生活》，再在 T3/T10 中检索：车夫|车钱|阶级压迫,否
437,劳动者 尊严 胡绳,0437_劳动者_尊严_胡绳.md,1,35.35,理论方法,政治经济学与资本主义批判,理论方法/政治经济学与资本主义批判.md,低,10.0,自动主题组匹配：劳动,民众教育 识字 劳动者(19.17)；文艺与社会 胡绳(12.27)；新理学 批判 胡绳(12.27)；胡绳 哲学大众化(12.27)；胡绳 杂文 文艺批评(12.08),0950_民众教育_识字_劳动者.md；0449_文艺与社会_胡绳.md；0477_新理学_批判_胡绳.md；1634_胡绳_哲学大众化.md；0452_胡绳_杂文_文艺批评.md,,劳动者、胡绳,胡绳对马克思主义哲学“大众化”的贡献,3,是,先核验原卡片再使用,先查主题页《政治经济学与资本主义批判》，再在 T3/T10 中检索：劳动者|尊严|胡绳,否
438,眼镜 观察 社会丑恶,0438_眼镜_观察_社会丑恶.md,3,32.9,新哲学大众化,大众哲学案例与社会生活,新哲学大众化/大众哲学案例与社会生活.md,低,8.0,二级自动主题组匹配：眼镜,知识分子 社会主义 观察(13.57),1826_知识分子_社会主义_观察.md,,眼镜、观察,胡绳全书.第7卷；童稚集；马恩文集第四卷（1884-1895）,237-239；4-6；64,是,先核验原卡片再使用,先查主题页《大众哲学案例与社会生活》，再在 T3/T10 中检索：眼镜|观察|社会丑恶,否
439,种花 革命者 未来,0439_种花_革命者_未来.md,3,42.55,新哲学大众化,大众哲学案例与社会生活,新哲学大众化/大众哲学案例与社会生活.md,低,16.0,二级自动主题组匹配：种花、革命者,革命者 劳苦 幸福(20.0)；革命 英雄 未来 种子(14.55),0953_革命者_劳苦_幸福.md；0954_革命_英雄_未来_种子.md,,种花、革命者、未来,列宁选集第四卷_2012；童稚集；胡绳全书.第7卷,820；7-8；240-241,是,先核验原卡片再使用,先查主题页《大众哲学案例与社会生活》，再在 T3/T10 中检索：种花|革命者|未来,否
440,童稚集 早期胡绳 社会意识,0440_童稚集_早期胡绳_社会意识.md,0,0.0,理论方法,哲学基本范畴与辩证法原理,理论方法/哲学基本范畴与辩证法原理.md,低,12.0,自动主题组匹配：意识,早期胡绳 文艺思想(25.36)；李达 阶级 国家 社会意识 社会革命(23.95),0451_早期胡绳_文艺思想.md；0318_李达_阶级_国家_社会意识_社会革命.md,,,,,否,先核验原卡片再使用,先查主题页《哲学基本范畴与辩证法原理》，再在 T3/T10 中检索：童稚集|早期胡绳|社会意识,否
441,第三种人 文学 立场,0441_第三种人_文学_立场.md,3,41.0,论战与思想运动,文学艺术与文艺理论,论战与思想运动/文学艺术与文艺理论.md,低,10.0,自动主题组匹配：文学,批评家 读者 文学(12.08)；文学 永久性 政治性(11.92)；胡绳 文学 社会批评(11.92)；文艺工作 立场 态度 任务(11.67),0448_批评家_读者_文学.md；0446_文学_永久性_政治性.md；0453_胡绳_文学_社会批评.md；0483_文艺工作_立场_态度_任务.md,,第三种人、文学、立场,艾思奇全书（第1卷）；童稚集；胡绳全书.第7卷,268-270；36-38；267-268,是,先核验原卡片再使用,先查主题页《文学艺术与文艺理论》，再在 T3/T10 中检索：第三种人|文学|立场,否
442,京派 海派 文学批评,0442_京派_海派_文学批评.md,2,35.33,论战与思想运动,文学艺术与文艺理论,论战与思想运动/文学艺术与文艺理论.md,低,10.0,自动主题组匹配：文学,特殊 普遍 文学批评(26.82)；作家论 文学批评 胡绳(26.25)；忌讳学 遮羞术 文学批评(25.77),0447_特殊_普遍_文学批评.md；0444_作家论_文学批评_胡绳.md；0443_忌讳学_遮羞术_文学批评.md,,京派、海派,童稚集；胡绳全书.第7卷,39-41；269-271,是,先核验原卡片再使用,先查主题页《文学艺术与文艺理论》，再在 T3/T10 中检索：京派|海派|文学批评,否
443,忌讳学 遮羞术 文学批评,0443_忌讳学_遮羞术_文学批评.md,2,26.93,论战与思想运动,文学艺术与文艺理论,论战与思想运动/文学艺术与文艺理论.md,低,10.0,自动主题组匹配：文学,京派 海派 文学批评(25.77)；特殊 普遍 文学批评(25.77)；作家论 文学批评 胡绳(25.36),0442_京派_海派_文学批评.md；0447_特殊_普遍_文学批评.md；0444_作家论_文学批评_胡绳.md,,忌讳学、遮羞术,童稚集；胡绳全书.第7卷,42-43；272-273,是,先核验原卡片再使用,先查主题页《文学艺术与文艺理论》，再在 T3/T10 中检索：忌讳学|遮羞术|文学批评,否
444,作家论 文学批评 胡绳,0444_作家论_文学批评_胡绳.md,1,29.33,新哲学大众化,胡绳与马克思主义哲学通俗宣传,新哲学大众化/胡绳与马克思主义哲学通俗宣传.md,高,109.0,已列入原主题页重点卡片；命中主题种子词：胡绳；主题词重合：胡绳,京派 海派 文学批评(26.25)；特殊 普遍 文学批评(26.25)；忌讳学 遮羞术 文学批评(25.36)；胡绳 文学 社会批评(16.25)；新理学 批判 胡绳(14.17),0442_京派_海派_文学批评.md；0447_特殊_普遍_文学批评.md；0443_忌讳学_遮羞术_文学批评.md；0453_胡绳_文学_社会批评.md；0477_新理学_批判_胡绳.md,,作家论、胡绳,胡绳全书.第7卷,274-276,是,可按主题页优先检索,先查主题页《胡绳与马克思主义哲学通俗宣传》，再在 T3/T10 中检索：作家论|文学批评|胡绳,否
445,翻译年 杂志年 文学运动,0445_翻译年_杂志年_文学运动.md,2,32.93,论战与思想运动,文学艺术与文艺理论,论战与思想运动/文学艺术与文艺理论.md,低,10.0,自动主题组匹配：文学,,,,翻译年、杂志年,童稚集；胡绳全书.第7卷,50-53；280-282,是,先核验原卡片再使用,先查主题页《文学艺术与文艺理论》，再在 T3/T10 中检索：翻译年|杂志年|文学运动,否
446,文学 永久性 政治性,0446_文学_永久性_政治性.md,3,44.2,论战与思想运动,文学艺术与文艺理论,论战与思想运动/文学艺术与文艺理论.md,低,10.0,自动主题组匹配：文学,文艺 永久性 政治性(43.89)；哲学 学术性 政治性 张力(20.77)；批评家 读者 文学(12.08)；第三种人 文学 立场(11.92)；胡绳 文学 社会批评(11.92),0487_文艺_永久性_政治性.md；1015_哲学_学术性_政治性_张力.md；0448_批评家_读者_文学.md；0441_第三种人_文学_立场.md；0453_胡绳_文学_社会批评.md,,文学、永久性、政治性,艾思奇全书（第1卷）；童稚集；胡绳全书.第7卷,70-72；103-104；330-332,是,先核验原卡片再使用,先查主题页《文学艺术与文艺理论》，再在 T3/T10 中检索：文学|永久性|政治性,否
447,特殊 普遍 文学批评,0447_特殊_普遍_文学批评.md,3,34.13,论战与思想运动,文学艺术与文艺理论,论战与思想运动/文学艺术与文艺理论.md,低,10.0,自动主题组匹配：文学,京派 海派 文学批评(26.82)；作家论 文学批评 胡绳(26.25)；忌讳学 遮羞术 文学批评(25.77)；社会主义改造 一般 特殊(11.67)；历史发展 一般 特殊 辩证法(11.56),0442_京派_海派_文学批评.md；0444_作家论_文学批评_胡绳.md；0443_忌讳学_遮羞术_文学批评.md；0670_社会主义改造_一般_特殊.md；1247_历史发展_一般_特殊_辩证法.md,,特殊、普遍,马克思主义哲学中国化与中国哲学的现代转型；马克思主义哲学史（第六卷；童稚集,467-469；394-390；112-114,是,先核验原卡片再使用,先查主题页《文学艺术与文艺理论》，再在 T3/T10 中检索：特殊|普遍|文学批评,否
448,批评家 读者 文学,0448_批评家_读者_文学.md,3,44.2,论战与思想运动,文学艺术与文艺理论,论战与思想运动/文学艺术与文艺理论.md,低,10.0,自动主题组匹配：文学,胡绳 文学 社会批评(14.55)；第三种人 文学 立场(12.08)；文学 永久性 政治性(12.08),0453_胡绳_文学_社会批评.md；0441_第三种人_文学_立场.md；0446_文学_永久性_政治性.md,,批评家、读者、文学,童稚集；胡绳全书.第7卷；艾思奇全书（第3卷）,115-117；340-342；158-160,是,先核验原卡片再使用,先查主题页《文学艺术与文艺理论》，再在 T3/T10 中检索：批评家|读者|文学,否
449,文艺与社会 胡绳,0449_文艺与社会_胡绳.md,3,27.11,新哲学大众化,新哲学大众化运动,新哲学大众化/新哲学大众化运动.md,低,10.0,自动主题组匹配：胡绳,胡绳 杂文 文艺批评(14.55)；胡绳 文学 社会批评(14.55)；劳动者 尊严 胡绳(12.27)；新理学 批判 胡绳(12.27)；胡绳 哲学大众化(12.27),0452_胡绳_杂文_文艺批评.md；0453_胡绳_文学_社会批评.md；0437_劳动者_尊严_胡绳.md；0477_新理学_批判_胡绳.md；1634_胡绳_哲学大众化.md,,胡绳,胡绳对马克思主义哲学“大众化”的贡献；继承五四和扬弃五四；马克思主义中国化的起源语境,5；75；92,是,先核验原卡片再使用,先查主题页《新哲学大众化运动》，再在 T3/T10 中检索：文艺与社会|胡绳,否
450,中国近代史 评介 胡绳,0450_中国近代史_评介_胡绳.md,3,37.8,新哲学大众化,胡绳与马克思主义哲学通俗宣传,新哲学大众化/胡绳与马克思主义哲学通俗宣传.md,高,109.0,已列入原主题页重点卡片；命中主题种子词：胡绳；主题词重合：胡绳,胡绳 思想方法 中国问题讲话 实事求是(12.38)；劳动者 尊严 胡绳(11.92)；文艺与社会 胡绳(11.92)；新理学 批判 胡绳(11.92)；胡绳 哲学大众化(11.92),0528_胡绳_思想方法_中国问题讲话_实事求是.md；0437_劳动者_尊严_胡绳.md；0449_文艺与社会_胡绳.md；0477_新理学_批判_胡绳.md；1634_胡绳_哲学大众化.md,,中国近代史、评介、胡绳,胡绳全书.第7卷；抗战时期重庆马克思主义知识群体“学术中国化”研究特点与启示_于文善；童稚集,352-353；5；128-131,是,可按主题页优先检索,先查主题页《胡绳与马克思主义哲学通俗宣传》，再在 T3/T10 中检索：中国近代史|评介|胡绳,否
451,早期胡绳 文艺思想,0451_早期胡绳_文艺思想.md,3,25.57,新哲学大众化,新哲学大众化运动,新哲学大众化/新哲学大众化运动.md,低,10.0,自动主题组匹配：胡绳,胡风 文艺思想 批判(26.82)；童稚集 早期胡绳 社会意识(25.36),0455_胡风_文艺思想_批判.md；0440_童稚集_早期胡绳_社会意识.md,,文艺思想,抗战时期重庆马克思主义知识群体“学术中国化”研究特点与启示_于文善；延安时期知识分子群体与马克思主义哲学大众化郭 - 2015 -；马克思主义中国化的起源语境,5；173；23,是,先核验原卡片再使用,先查主题页《新哲学大众化运动》，再在 T3/T10 中检索：早期胡绳|文艺思想,否
452,胡绳 杂文 文艺批评,0452_胡绳_杂文_文艺批评.md,0,0.0,论战与思想运动,文学艺术与文艺理论,论战与思想运动/文学艺术与文艺理论.md,中,23.0,自动主题组匹配：文艺、文艺批评,文艺与社会 胡绳(14.55)；胡绳 文学 社会批评(14.17)；作家论 文学批评 胡绳(13.85)；劳动者 尊严 胡绳(12.08)；新理学 批判 胡绳(12.08),0449_文艺与社会_胡绳.md；0453_胡绳_文学_社会批评.md；0444_作家论_文学批评_胡绳.md；0437_劳动者_尊严_胡绳.md；0477_新理学_批判_胡绳.md,,,,,否,可按主题页优先检索,先查主题页《文学艺术与文艺理论》，再在 T3/T10 中检索：胡绳|杂文|文艺批评,否
453,胡绳 文学 社会批评,0453_胡绳_文学_社会批评.md,3,33.38,新哲学大众化,胡绳与马克思主义哲学通俗宣传,新哲学大众化/胡绳与马克思主义哲学通俗宣传.md,高,109.0,已列入原主题页重点卡片；命中主题种子词：胡绳；主题词重合：胡绳,作家论 文学批评 胡绳(16.25)；批评家 读者 文学(14.55)；文艺与社会 胡绳(14.55)；胡绳 杂文 文艺批评(14.17)；劳动者 尊严 胡绳(12.08),0444_作家论_文学批评_胡绳.md；0448_批评家_读者_文学.md；0449_文艺与社会_胡绳.md；0452_胡绳_杂文_文艺批评.md；0437_劳动者_尊严_胡绳.md,,胡绳、文学,胡绳全书.第7卷；童稚集；“新哲学”大众化运动研究,267-268；36-38；269,是,可按主题页优先检索,先查主题页《胡绳与马克思主义哲学通俗宣传》，再在 T3/T10 中检索：胡绳|文学|社会批评,否
454,胡适 实用主义 批判,0454_胡适_实用主义_批判.md,3,67.0,论战与思想运动,胡适实验主义与马克思主义批判,论战与思想运动/胡适实验主义与马克思主义批判.md,高,121.0,已列入原主题页重点卡片；命中主题种子词：胡适、实用主义；主题词重合：胡适、实用主义,瞿秋白 胡适 实用主义 批判(47.5)；胡适 实用主义 布尔乔亚(41.36)；胡适 实用主义 思想方法(41.36)；胡适 尊重事实 实用主义(38.33)；马赫主义 实用主义 新实在论 逻辑实证论(23.95),0465_瞿秋白_胡适_实用主义_批判.md；0469_胡适_实用主义_布尔乔亚.md；0471_胡适_实用主义_思想方法.md；0474_胡适_尊重事实_实用主义.md；1510_马赫主义_实用主义_新实在论_逻辑实证论.md,,胡适、实用主义、批判,中国马克思主义学术史纲；马克思主义哲学史；百年中国哲学革命,92；41-42；166,是,可按主题页优先检索,先查主题页《胡适实验主义与马克思主义批判》，再在 T3/T10 中检索：胡适|实用主义|批判,否
455,胡风 文艺思想 批判,0455_胡风_文艺思想_批判.md,3,51.6,论战与思想运动,文学艺术与文艺理论,论战与思想运动/文学艺术与文艺理论.md,低,10.0,自动主题组匹配：文艺,早期胡绳 文艺思想(26.82),0451_早期胡绳_文艺思想.md,,胡风、文艺思想、批判,中国马克思主义学术史纲；马克思主义哲学在中国：传播、应用、形态、前景；胡绳全书.第7卷,94；187-190；34-35,是,先核验原卡片再使用,先查主题页《文学艺术与文艺理论》，再在 T3/T10 中检索：胡风|文艺思想|批判,否
456,胡绳 马克思主义哲学 通俗宣传,0456_胡绳_马克思主义哲学_通俗宣传.md,3,51.33,新哲学大众化,胡绳与马克思主义哲学通俗宣传,新哲学大众化/胡绳与马克思主义哲学通俗宣传.md,高,121.0,已列入原主题页重点卡片；命中主题种子词：胡绳、通俗宣传；主题词重合：胡绳、通俗宣传,陈唯实 马克思主义哲学 通俗宣传(71.67)；高语罕 马克思主义哲学 通俗宣传(71.67)；马克思主义哲学 通俗宣传 贡献评价(70.62)；通俗宣传 马克思主义哲学 社会基础(68.24)；马克思主义哲学 大众化 胡绳(55.94),0294_陈唯实_马克思主义哲学_通俗宣传.md；1194_高语罕_马克思主义哲学_通俗宣传.md；1198_马克思主义哲学_通俗宣传_贡献评价.md；1202_通俗宣传_马克思主义哲学_社会基础.md；1814_马克思主义哲学_大众化_胡绳.md,,胡绳、马克思主义哲学、通俗宣传,马克思主义哲学在中国传播与发展的百年历史（上）；中国文化与马克思主义；胡绳对马克思主义哲学“大众化”的贡献,258-260；258；2,是,可按主题页优先检索,先查主题页《胡绳与马克思主义哲学通俗宣传》，再在 T3/T10 中检索：胡绳|马克思主义哲学|通俗宣传,否
457,胡绳 哲学漫谈 追求真理,0457_胡绳_哲学漫谈_追求真理.md,3,50.77,新哲学大众化,胡绳与马克思主义哲学通俗宣传,新哲学大众化/胡绳与马克思主义哲学通俗宣传.md,高,121.0,已列入原主题页重点卡片；命中主题种子词：胡绳、哲学漫谈；主题词重合：胡绳、哲学漫谈,胡绳 哲学大众化(16.25)；马克思主义哲学 大众化 胡绳(12.78)；胡绳 新哲学的人生观 青年生活(12.63)；胡绳 马克思主义哲学 通俗宣传(12.63)；劳动者 尊严 胡绳(11.79),1634_胡绳_哲学大众化.md；1814_马克思主义哲学_大众化_胡绳.md；0364_胡绳_新哲学的人生观_青年生活.md；0456_胡绳_马克思主义哲学_通俗宣传.md；0437_劳动者_尊严_胡绳.md,,胡绳、哲学漫谈、追求真理,胡绳对马克思主义哲学“大众化”的贡献；马克思主义哲学在中国传播与发展的百年历史（上）；“新哲学”大众化运动研究,3；264-266；181,是,可按主题页优先检索,先查主题页《胡绳与马克思主义哲学通俗宣传》，再在 T3/T10 中检索：胡绳|哲学漫谈|追求真理,否
458,胡绳 辩证法唯物论入门 工人农人,0458_胡绳_辩证法唯物论入门_工人农人.md,3,53.69,新哲学大众化,胡绳与马克思主义哲学通俗宣传,新哲学大众化/胡绳与马克思主义哲学通俗宣传.md,高,123.0,已列入原主题页重点卡片；命中主题种子词：胡绳、辩证法唯物论入门；主题词重合：胡绳、辩证法唯物论入门,劳动者 尊严 胡绳(11.39)；文艺与社会 胡绳(11.39)；新理学 批判 胡绳(11.39)；胡绳 哲学大众化(11.39)；胡绳 杂文 文艺批评(11.32),0437_劳动者_尊严_胡绳.md；0449_文艺与社会_胡绳.md；0477_新理学_批判_胡绳.md；1634_胡绳_哲学大众化.md；0452_胡绳_杂文_文艺批评.md,,胡绳、辩证法唯物论入门、工人农人,胡绳对马克思主义哲学“大众化”的贡献；马克思主义哲学中国化的历史进程；延安时期知识分子群体与马克思主义哲学大众化郭 - 2015 -,4；6；143,是,可按主题页优先检索,先查主题页《胡绳与马克思主义哲学通俗宣传》，再在 T3/T10 中检索：胡绳|辩证法唯物论入门|工人农人,否
459,胡适派 唯心主义 批判,0459_胡适派_唯心主义_批判.md,3,49.2,传播史,五四新文化与马克思主义早期传播,传播史/五四新文化与马克思主义早期传播.md,低,12.0,自动主题组匹配：胡适,天才论 唯心主义 批判(31.36)；唯心主义 唯物主义(26.82)；唯心主义 黑格尔(26.82)；唯心主义 马赫主义(26.82)；唯心主义 辩证法(26.82),1372_天才论_唯心主义_批判.md；1721_唯心主义_唯物主义.md；1724_唯心主义_黑格尔.md；1728_唯心主义_马赫主义.md；1745_唯心主义_辩证法.md,,胡适派、唯心主义、批判,马克思主义哲学史；马克思主义哲学在中国：传播、应用、形态、前景；中国马克思主义学术史纲,41-42；187-190；92,是,先核验原卡片再使用,先查主题页《五四新文化与马克思主义早期传播》，再在 T3/T10 中检索：胡适派|唯心主义|批判,否
460,胡适 往西走 自由主义,0460_胡适_往西走_自由主义.md,3,35.83,传播史,五四新文化与马克思主义早期传播,传播史/五四新文化与马克思主义早期传播.md,低,12.0,自动主题组匹配：胡适,自由主义 保守主义 马克思主义 三派(24.41)；新启蒙运动 自由主义 文化思想(24.41)；胡适 实用主义 批判(13.85)；胡适 自然主义 人生观(13.57)；胡适 实用主义 布尔乔亚(13.33),0181_自由主义_保守主义_马克思主义_三派.md；0379_新启蒙运动_自由主义_文化思想.md；0454_胡适_实用主义_批判.md；0462_胡适_自然主义_人生观.md；0469_胡适_实用主义_布尔乔亚.md,,胡适、往西走、自由主义,近五十年中国思想史；马克思主义哲学史教程；国家主义与20世纪20年代的文化、政治,4-6；832-833；131,是,先核验原卡片再使用,先查主题页《五四新文化与马克思主义早期传播》，再在 T3/T10 中检索：胡适|往西走|自由主义,否
461,丁文江 胡适 吴稚晖 科学派,0461_丁文江_胡适_吴稚晖_科学派.md,3,50.25,论战与思想运动,科学与人生观论战,论战与思想运动/科学与人生观论战.md,高,112.0,已列入原主题页重点卡片；命中主题种子词：丁文江、科学；主题词重合：丁文江,丁文江 科学 智识论(20.36)；丁文江 科学方法 人生观(19.69)；丁文江 科学精神 处世立身(19.41)；科学与人生观 张君劢 丁文江(19.17)；吴稚晖 宇宙观 人生观(18.12),0204_丁文江_科学_智识论.md；0202_丁文江_科学方法_人生观.md；0203_丁文江_科学精神_处世立身.md；1696_科学与人生观_张君劢_丁文江.md；0209_吴稚晖_宇宙观_人生观.md,,丁文江、胡适、吴稚晖、科学派,“新哲学”大众化运动研究；中国文化与马克思主义；马克思主义中国化的起源语境,176；230；21,是,可按主题页优先检索,先查主题页《科学与人生观论战》，再在 T3/T10 中检索：丁文江|胡适|吴稚晖|科学派,否
462,胡适 自然主义 人生观,0462_胡适_自然主义_人生观.md,3,47.54,新哲学大众化,新哲学大众化运动,新哲学大众化/新哲学大众化运动.md,低,12.0,自动主题组匹配：人生观,胡适 人欲横流 人生观(30.77)；科学主义 人生观 局限(23.33)；功利主义 人生观 玄学(23.33)；自然科学 人生观 影响(20.77)；人生观 科学 分家(19.17),0464_胡适_人欲横流_人生观.md；0212_科学主义_人生观_局限.md；0220_功利主义_人生观_玄学.md；0210_自然科学_人生观_影响.md；0189_人生观_科学_分家.md,,胡适、自然主义、人生观,科学与人生观；近五十年中国思想史；中国现代思想史论,6-8；241-243；56,是,先核验原卡片再使用,先查主题页《新哲学大众化运动》，再在 T3/T10 中检索：胡适|自然主义|人生观,否
463,胡适 漆黑一团 宇宙观,0463_胡适_漆黑一团_宇宙观.md,3,33.8,传播史,五四新文化与马克思主义早期传播,传播史/五四新文化与马克思主义早期传播.md,低,10.0,自动主题组匹配：胡适,吴稚晖 宇宙观 人生观(18.57)；胡适 方法论 评议(11.92)；胡适 实用主义 批判(11.79)；胡适 方法论 两重性(11.79)；胡适 往西走 自由主义(11.67),0209_吴稚晖_宇宙观_人生观.md；0479_胡适_方法论_评议.md；0454_胡适_实用主义_批判.md；0480_胡适_方法论_两重性.md；0460_胡适_往西走_自由主义.md,,胡适、漆黑一团、宇宙观,百年中国哲学革命；科学与人生观；马克思主义哲学史（第六卷,67-69；391-393；174-177,是,先核验原卡片再使用,先查主题页《五四新文化与马克思主义早期传播》，再在 T3/T10 中检索：胡适|漆黑一团|宇宙观,否
464,胡适 人欲横流 人生观,0464_胡适_人欲横流_人生观.md,3,47.42,新哲学大众化,新哲学大众化运动,新哲学大众化/新哲学大众化运动.md,低,10.0,自动主题组匹配：人生观,胡适 自然主义 人生观(30.77)；人生观 科学 分家(19.17)；人生观 哲学 生活(19.17)；哲学 生活 人生观(19.17)；悲观 乐观 人生观(19.17),0462_胡适_自然主义_人生观.md；0189_人生观_科学_分家.md；0234_人生观_哲学_生活.md；0235_哲学_生活_人生观.md；0237_悲观_乐观_人生观.md,,胡适、人欲横流、人生观,科学与人生观；冯契文集第七卷中国近代哲学的革命进程；百年中国哲学革命,6-8；384；63-64,是,先核验原卡片再使用,先查主题页《新哲学大众化运动》，再在 T3/T10 中检索：胡适|人欲横流|人生观,否
465,瞿秋白 胡适 实用主义 批判,0465_瞿秋白_胡适_实用主义_批判.md,3,55.0,论战与思想运动,胡适实验主义与马克思主义批判,论战与思想运动/胡适实验主义与马克思主义批判.md,高,121.0,已列入原主题页重点卡片；命中主题种子词：胡适、实用主义；主题词重合：胡适、实用主义,胡适 实用主义 批判(47.5)；胡适 实用主义 布尔乔亚(38.93)；胡适 实用主义 思想方法(38.93)；胡适 尊重事实 实用主义(36.67)；马赫主义 实用主义 新实在论 逻辑实证论(23.41),0454_胡适_实用主义_批判.md；0469_胡适_实用主义_布尔乔亚.md；0471_胡适_实用主义_思想方法.md；0474_胡适_尊重事实_实用主义.md；1510_马赫主义_实用主义_新实在论_逻辑实证论.md,,胡适、实用主义、批判、瞿秋白,中国马克思主义学术史纲；马克思主义哲学的中国化及其历程；马克思主义哲学史,92；105-108；41-42,是,可按主题页优先检索,先查主题页《胡适实验主义与马克思主义批判》，再在 T3/T10 中检索：瞿秋白|胡适|实用主义|批判,否
466,朱光潜 给青年的十二封信 青年烦闷,0466_朱光潜_给青年的十二封信_青年烦闷.md,0,0.0,新哲学大众化,青年教育与人生观,新哲学大众化/青年教育与人生观.md,低,10.0,自动主题组匹配：青年,青年烦闷 社会原因 小所有者(23.57)；朱光潜 温情主义 玩世逃世(17.38),0468_青年烦闷_社会原因_小所有者.md；0467_朱光潜_温情主义_玩世逃世.md,,,,,否,先核验原卡片再使用,先查主题页《青年教育与人生观》，再在 T3/T10 中检索：朱光潜|给青年的十二封信|青年烦闷,否
467,朱光潜 温情主义 玩世逃世,0467_朱光潜_温情主义_玩世逃世.md,0,0.0,新哲学大众化,大众哲学案例与社会生活,新哲学大众化/大众哲学案例与社会生活.md,中,28.0,二级自动主题组匹配：朱光潜、温情主义、玩世逃世,朱光潜 给青年的十二封信 青年烦闷(17.38),0466_朱光潜_给青年的十二封信_青年烦闷.md,,,,,否,可按主题页优先检索,先查主题页《大众哲学案例与社会生活》，再在 T3/T10 中检索：朱光潜|温情主义|玩世逃世,否
468,青年烦闷 社会原因 小所有者,0468_青年烦闷_社会原因_小所有者.md,0,0.0,理论方法,哲学基本范畴与辩证法原理,理论方法/哲学基本范畴与辩证法原理.md,低,10.0,自动主题组匹配：原因,小所有者 个人主义 象牙之塔(23.95)；朱光潜 给青年的十二封信 青年烦闷(23.57),1442_小所有者_个人主义_象牙之塔.md；0466_朱光潜_给青年的十二封信_青年烦闷.md,,,,,否,先核验原卡片再使用,先查主题页《哲学基本范畴与辩证法原理》，再在 T3/T10 中检索：青年烦闷|社会原因|小所有者,否
469,胡适 实用主义 布尔乔亚,0469_胡适_实用主义_布尔乔亚.md,3,39.8,论战与思想运动,胡适实验主义与马克思主义批判,论战与思想运动/胡适实验主义与马克思主义批判.md,高,121.0,已列入原主题页重点卡片；命中主题种子词：胡适、实用主义；主题词重合：胡适、实用主义,胡适 实用主义 批判(41.36)；胡适 实用主义 思想方法(39.62)；瞿秋白 胡适 实用主义 批判(38.93)；胡适 西方文明 布尔乔亚(37.14)；胡适 尊重事实 实用主义(37.14),0454_胡适_实用主义_批判.md；0471_胡适_实用主义_思想方法.md；0465_瞿秋白_胡适_实用主义_批判.md；0472_胡适_西方文明_布尔乔亚.md；0474_胡适_尊重事实_实用主义.md,,胡适、实用主义、布尔乔亚,胡绳全书（第一卷）；中国马克思主义学术史纲；马克思主义哲学史,14-16；92；41-42,是,可按主题页优先检索,先查主题页《胡适实验主义与马克思主义批判》，再在 T3/T10 中检索：胡适|实用主义|布尔乔亚,否
470,胡适 多说问题 少说主义,0470_胡适_多说问题_少说主义.md,1,35.0,论战与思想运动,问题与主义之争,论战与思想运动/问题与主义之争.md,高,112.0,已列入原主题页重点卡片；命中主题种子词：胡适、主义；主题词重合：胡适,胡适 实用主义 批判(13.57)；胡适 往西走 自由主义(13.33)；胡适 自然主义 人生观(13.33)；胡适 实用主义 布尔乔亚(13.12)；胡适 实用主义 思想方法(13.12),0454_胡适_实用主义_批判.md；0460_胡适_往西走_自由主义.md；0462_胡适_自然主义_人生观.md；0469_胡适_实用主义_布尔乔亚.md；0471_胡适_实用主义_思想方法.md,,胡适、多说问题、少说主义,胡绳全书（第一卷）,14-16,是,可按主题页优先检索,先查主题页《问题与主义之争》，再在 T3/T10 中检索：胡适|多说问题|少说主义,否
471,胡适 实用主义 思想方法,0471_胡适_实用主义_思想方法.md,3,47.5,论战与思想运动,胡适实验主义与马克思主义批判,论战与思想运动/胡适实验主义与马克思主义批判.md,高,121.0,已列入原主题页重点卡片；命中主题种子词：胡适、实用主义；主题词重合：胡适、实用主义,胡适 实用主义 批判(41.36)；胡适 实用主义 布尔乔亚(39.62)；瞿秋白 胡适 实用主义 批判(38.93)；胡适 尊重事实 实用主义(37.14)；思想方法 工作方法 哲学(25.36),0454_胡适_实用主义_批判.md；0469_胡适_实用主义_布尔乔亚.md；0465_瞿秋白_胡适_实用主义_批判.md；0474_胡适_尊重事实_实用主义.md；1213_思想方法_工作方法_哲学.md,,胡适、实用主义、思想方法,冯契文集第七卷中国近代哲学的革命进程；胡绳全书（第一卷）；中国近代哲学的革命进程,346；14-16；345-349,是,可按主题页优先检索,先查主题页《胡适实验主义与马克思主义批判》，再在 T3/T10 中检索：胡适|实用主义|思想方法,否
472,胡适 西方文明 布尔乔亚,0472_胡适_西方文明_布尔乔亚.md,3,35.6,传播史,五四新文化与马克思主义早期传播,传播史/五四新文化与马克思主义早期传播.md,低,10.0,自动主题组匹配：胡适,胡适 实用主义 布尔乔亚(37.14)；改良主义 西方文明 挑战(25.0)；五四运动 布尔乔亚 思想代表(24.41)；胡适 西化 梁漱溟 中体西用(12.94)；胡适 方法论 评议(11.79),0469_胡适_实用主义_布尔乔亚.md；1390_改良主义_西方文明_挑战.md；0229_五四运动_布尔乔亚_思想代表.md；0481_胡适_西化_梁漱溟_中体西用.md；0479_胡适_方法论_评议.md,,胡适、布尔乔亚、西方文明,胡绳全书（第一卷）；国家主义与20世纪20年代的文化、政治；继承五四和扬弃五四,14-16；137；30,是,先核验原卡片再使用,先查主题页《五四新文化与马克思主义早期传播》，再在 T3/T10 中检索：胡适|西方文明|布尔乔亚,否
473,胡适 封建主义 抽象名词,0473_胡适_封建主义_抽象名词.md,3,39.8,传播史,五四新文化与马克思主义早期传播,传播史/五四新文化与马克思主义早期传播.md,低,12.0,自动主题组匹配：胡适,封建主义 人民大众 矛盾(25.0)；胡适 实用主义 批判(13.57)；胡适 往西走 自由主义(13.33)；胡适 自然主义 人生观(13.33)；胡适 实用主义 布尔乔亚(13.12),1502_封建主义_人民大众_矛盾.md；0454_胡适_实用主义_批判.md；0460_胡适_往西走_自由主义.md；0462_胡适_自然主义_人生观.md；0469_胡适_实用主义_布尔乔亚.md,,胡适、封建主义、抽象名词,胡绳全书（第一卷）；百年中国哲学革命；艾思奇全书（第1卷）,14-16；60-62；326-327,是,先核验原卡片再使用,先查主题页《五四新文化与马克思主义早期传播》，再在 T3/T10 中检索：胡适|封建主义|抽象名词,否
474,胡适 尊重事实 实用主义,0474_胡适_尊重事实_实用主义.md,3,35.33,论战与思想运动,胡适实验主义与马克思主义批判,论战与思想运动/胡适实验主义与马克思主义批判.md,高,121.0,已列入原主题页重点卡片；命中主题种子词：胡适、实用主义；主题词重合：胡适、实用主义,胡适 实用主义 批判(38.33)；胡适 实用主义 布尔乔亚(37.14)；胡适 实用主义 思想方法(37.14)；瞿秋白 胡适 实用主义 批判(36.67)；马赫主义 实用主义 新实在论 逻辑实证论(23.57),0454_胡适_实用主义_批判.md；0469_胡适_实用主义_布尔乔亚.md；0471_胡适_实用主义_思想方法.md；0465_瞿秋白_胡适_实用主义_批判.md；1510_马赫主义_实用主义_新实在论_逻辑实证论.md,,胡适、实用主义、尊重事实,中国马克思主义学术史纲；胡绳全书（第一卷）；艾思奇全书（第2卷）,92；17-19；330-332,是,可按主题页优先检索,先查主题页《胡适实验主义与马克思主义批判》，再在 T3/T10 中检索：胡适|尊重事实|实用主义,否
475,胡适 理性主义 自然科学,0475_胡适_理性主义_自然科学.md,3,39.8,理论方法,自然科学哲学与科学方法,理论方法/自然科学哲学与科学方法.md,中,23.0,自动主题组匹配：自然科学、科学,战斗唯物主义 自然科学 联盟(28.33)；德国 自然科学(26.82)；自然科学 黑格尔(26.25)；自然辩证法 自然科学(25.77)；自然科学 人生观 影响(25.36),0887_战斗唯物主义_自然科学_联盟.md；1786_德国_自然科学.md；1779_自然科学_黑格尔.md；1667_自然辩证法_自然科学.md；0210_自然科学_人生观_影响.md,,胡适、理性主义、自然科学,胡绳全书（第一卷）；百年中国哲学革命；马克思主义中国化的起源语境,11-13；62；31,是,可按主题页优先检索,先查主题页《自然科学哲学与科学方法》，再在 T3/T10 中检索：胡适|理性主义|自然科学,否
476,冯友兰 新世训 批评,0476_冯友兰_新世训_批评.md,3,46.46,中国哲学传统,中国哲学传统与现代转型,中国哲学传统/中国哲学传统与现代转型.md,低,10.0,自动主题组匹配：冯友兰,冯友兰 新理学(23.33)；新世训(22.14)；冯友兰 新理学 批判(21.82)；事物 冯友兰(20.56)；冯友兰 新理学 马克思主义哲学(19.69),1605_冯友兰_新理学.md；1912_新世训.md；1640_冯友兰_新理学_批判.md；1711_事物_冯友兰.md；0763_冯友兰_新理学_马克思主义哲学.md,,冯友兰、新世训、批评,“新理学”批判的批判；中国近代哲学的革命进程；冯契文集第七卷中国近代哲学的革命进程,6；538,是,先核验原卡片再使用,先查主题页《中国哲学传统与现代转型》，再在 T3/T10 中检索：冯友兰|新世训|批评,否
477,新理学 批判 胡绳,0477_新理学_批判_胡绳.md,3,50.39,论战与思想运动,新理学批判,论战与思想运动/新理学批判.md,高,118.0,已列入原主题页重点卡片；命中主题种子词：新理学、胡绳；主题词重合：新理学、胡绳,冯友兰 新理学 批判(26.11)；新理学(23.33)；冯友兰 新理学(20.56)；新理学 马克思主义者(19.17)；冯友兰 新理学 马克思主义哲学(18.12),1640_冯友兰_新理学_批判.md；1908_新理学.md；1605_冯友兰_新理学.md；1708_新理学_马克思主义者.md；0763_冯友兰_新理学_马克思主义哲学.md,,新理学、批判、胡绳,“新理学”批判的批判；中国文化与马克思主义；马克思主义哲学在中国：传播、应用、形态、前景,9；336；167-170,是,可按主题页优先检索,先查主题页《新理学批判》，再在 T3/T10 中检索：新理学|批判|胡绳,否
478,文化运动 哲学 科学 文艺,0478_文化运动_哲学_科学_文艺.md,3,51.2,理论方法,自然科学哲学与科学方法,理论方法/自然科学哲学与科学方法.md,低,10.0,自动主题组匹配：科学,文化运动 新启蒙运动(25.77)；文化运动 思想界 两年来(25.0)；文艺 抗战 现实 反映(11.67)；群众 精神食粮 文艺(11.67)；文艺 永久性 政治性(11.67),1744_文化运动_新启蒙运动.md；0948_文化运动_思想界_两年来.md；0482_文艺_抗战_现实_反映.md；0485_群众_精神食粮_文艺.md；0487_文艺_永久性_政治性.md,,文化运动、哲学、科学、文艺,马克思主义哲学史（第六卷；艾思奇全书（第1卷）；马克思主义哲学中国化与中国哲学的现代转型,152-154；114-116；283-284,是,先核验原卡片再使用,先查主题页《自然科学哲学与科学方法》，再在 T3/T10 中检索：文化运动|哲学|科学|文艺,否
479,胡适 方法论 评议,0479_胡适_方法论_评议.md,3,62.2,新哲学大众化,思想方法与世界观教育,新哲学大众化/思想方法与世界观教育.md,高,109.0,已列入原主题页重点卡片；命中主题种子词：方法论；主题词重合：方法论,胡适 方法论 两重性(36.11)；思想方法论 世界观 方法论(19.17)；世界观 方法论 思想方法(19.17)；康有为 以智为先 方法论(18.85)；中国哲学史 方法论 讨论(18.85),0480_胡适_方法论_两重性.md；0416_思想方法论_世界观_方法论.md；1544_世界观_方法论_思想方法.md；0247_康有为_以智为先_方法论.md；0757_中国哲学史_方法论_讨论.md,,胡适、方法论、评议,百年中国哲学革命；中国近代哲学的革命进程；中国马克思主义学术史纲,52；350-354；92,是,可按主题页优先检索,先查主题页《思想方法与世界观教育》，再在 T3/T10 中检索：胡适|方法论|评议,否
480,胡适 方法论 两重性,0480_胡适_方法论_两重性.md,3,48.0,新哲学大众化,思想方法与世界观教育,新哲学大众化/思想方法与世界观教育.md,高,109.0,已列入原主题页重点卡片；命中主题种子词：方法论；主题词重合：方法论,胡适 方法论 评议(36.11)；思想方法论 世界观 方法论(18.85)；世界观 方法论 思想方法(18.85)；康有为 以智为先 方法论(18.57)；中国哲学史 方法论 讨论(18.57),0479_胡适_方法论_评议.md；0416_思想方法论_世界观_方法论.md；1544_世界观_方法论_思想方法.md；0247_康有为_以智为先_方法论.md；0757_中国哲学史_方法论_讨论.md,,胡适、方法论、两重性,百年中国哲学革命；中国近代哲学的革命进程；冯契文集第七卷中国近代哲学的革命进程,60-62；355；351,是,可按主题页优先检索,先查主题页《思想方法与世界观教育》，再在 T3/T10 中检索：胡适|方法论|两重性,否
481,胡适 西化 梁漱溟 中体西用,0481_胡适_西化_梁漱溟_中体西用.md,3,50.03,传播史,五四新文化与马克思主义早期传播,传播史/五四新文化与马克思主义早期传播.md,低,10.0,自动主题组匹配：胡适,西学东渐 中体西用(25.36)；中体西用 西学 挑战(25.36)；梁漱溟 东方文化 保守主义(17.78)；胡适 西方文明 布尔乔亚(12.94)；胡适 方法论 评议(11.67),0687_西学东渐_中体西用.md；0688_中体西用_西学_挑战.md；0183_梁漱溟_东方文化_保守主义.md；0472_胡适_西方文明_布尔乔亚.md；0479_胡适_方法论_评议.md,,胡适、西化、梁漱溟、中体西用,冯契文集第七卷中国近代哲学的革命进程；中国近代哲学的革命进程；中国现代思想史论,4；2-4；364,是,先核验原卡片再使用,先查主题页《五四新文化与马克思主义早期传播》，再在 T3/T10 中检索：胡适|西化|梁漱溟|中体西用,否
482,文艺 抗战 现实 反映,0482_文艺_抗战_现实_反映.md,3,56.0,论战与思想运动,文学艺术与文艺理论,论战与思想运动/文学艺术与文艺理论.md,低,10.0,自动主题组匹配：文艺,抗战 哲学 现实 任务(14.17)；抗战 新启蒙运动(12.08)；群众 精神食粮 文艺(11.92)；文艺 永久性 政治性(11.92)；唯物论 认识论 反映(11.92),1582_抗战_哲学_现实_任务.md；1871_抗战_新启蒙运动.md；0485_群众_精神食粮_文艺.md；0487_文艺_永久性_政治性.md；1537_唯物论_认识论_反映.md,,文艺、抗战、现实、反映,艾思奇全书（第2卷）；艾思奇全书（第3卷）；抗战时期的“中国化”思潮与马克思主义中国化_张立慧,180-182；393-395；2,是,先核验原卡片再使用,先查主题页《文学艺术与文艺理论》，再在 T3/T10 中检索：文艺|抗战|现实|反映,否
483,文艺工作 立场 态度 任务,0483_文艺工作_立场_态度_任务.md,3,53.2,论战与思想运动,文学艺术与文艺理论,论战与思想运动/文学艺术与文艺理论.md,低,10.0,自动主题组匹配：文艺,非常时 宗教 态度(11.79)；第三种人 文学 立场(11.67)；存疑学者 态度 科学(11.67)；文艺工作者 前方 群众(5.36),1586_非常时_宗教_态度.md；0441_第三种人_文学_立场.md；1412_存疑学者_态度_科学.md；0484_文艺工作者_前方_群众.md,,文艺工作、立场、态度、任务,艾思奇全书（第3卷）；中国现代思想史论；延安时期知识分子群体与马克思主义哲学大众化郭 - 2015 -,330-332；85；35,是,先核验原卡片再使用,先查主题页《文学艺术与文艺理论》，再在 T3/T10 中检索：文艺工作|立场|态度|任务,否
484,文艺工作者 前方 群众,0484_文艺工作者_前方_群众.md,3,41.8,论战与思想运动,文学艺术与文艺理论,论战与思想运动/文学艺术与文艺理论.md,低,10.0,自动主题组匹配：文艺,文艺工作 立场 态度 任务(5.36),0483_文艺工作_立场_态度_任务.md,,文艺工作者、前方、群众,艾思奇全书（第3卷）；延安时期知识分子群体与马克思主义哲学大众化郭 - 2015 -；马克思主义中国化探论,519-521；109；74,是,先核验原卡片再使用,先查主题页《文学艺术与文艺理论》，再在 T3/T10 中检索：文艺工作者|前方|群众,否
485,群众 精神食粮 文艺,0485_群众_精神食粮_文艺.md,3,44.2,论战与思想运动,文学艺术与文艺理论,论战与思想运动/文学艺术与文艺理论.md,低,10.0,自动主题组匹配：文艺,文艺 抗战 现实 反映(11.92)；文艺 永久性 政治性(11.92)；文艺 新方向 春节宣传(11.79)；文化运动 哲学 科学 文艺(11.67),0482_文艺_抗战_现实_反映.md；0487_文艺_永久性_政治性.md；0486_文艺_新方向_春节宣传.md；0478_文化运动_哲学_科学_文艺.md,,群众、精神食粮、文艺,艾思奇全书（第3卷）；艾思奇全书（第2卷）；中国文化与马克思主义,140-142；165-168；259,是,先核验原卡片再使用,先查主题页《文学艺术与文艺理论》，再在 T3/T10 中检索：群众|精神食粮|文艺,否
486,文艺 新方向 春节宣传,0486_文艺_新方向_春节宣传.md,3,41.4,论战与思想运动,文学艺术与文艺理论,论战与思想运动/文学艺术与文艺理论.md,低,10.0,自动主题组匹配：文艺,文艺 抗战 现实 反映(11.79)；群众 精神食粮 文艺(11.79)；文艺 永久性 政治性(11.79)；文化运动 哲学 科学 文艺(11.56),0482_文艺_抗战_现实_反映.md；0485_群众_精神食粮_文艺.md；0487_文艺_永久性_政治性.md；0478_文化运动_哲学_科学_文艺.md,,文艺、新方向、春节宣传,艾思奇全书（第3卷）；艾思奇全书（第2卷）；延安时期知识分子群体与马克思主义哲学大众化郭 - 2015 -,393-395；168-169；123,是,先核验原卡片再使用,先查主题页《文学艺术与文艺理论》，再在 T3/T10 中检索：文艺|新方向|春节宣传,否
487,文艺 永久性 政治性,0487_文艺_永久性_政治性.md,3,51.0,论战与思想运动,文学艺术与文艺理论,论战与思想运动/文学艺术与文艺理论.md,低,10.0,自动主题组匹配：文艺,文学 永久性 政治性(43.89)；哲学 学术性 政治性 张力(20.77)；文艺 抗战 现实 反映(11.92)；群众 精神食粮 文艺(11.92)；文艺 新方向 春节宣传(11.79),0446_文学_永久性_政治性.md；1015_哲学_学术性_政治性_张力.md；0482_文艺_抗战_现实_反映.md；0485_群众_精神食粮_文艺.md；0486_文艺_新方向_春节宣传.md,,文艺、永久性、政治性,艾思奇全书（第1卷）；童稚集；胡绳全书.第7卷,70-72；103-104；330-332,是,先核验原卡片再使用,先查主题页《文学艺术与文艺理论》，再在 T3/T10 中检索：文艺|永久性|政治性,否
488,论文学 素材 题材 主题,0488_论文学_素材_题材_主题.md,3,55.0,论战与思想运动,文学艺术与文艺理论,论战与思想运动/文学艺术与文艺理论.md,低,10.0,自动主题组匹配：文学,马克思主义中国化 主题 时代任务(11.25)；救亡图存 马克思主义中国化 主题(11.25)；新民主主义革命 马克思主义中国化 主题(11.14)；民主革命时期 马克思主义中国化 主题(11.14),1108_马克思主义中国化_主题_时代任务.md；1109_救亡图存_马克思主义中国化_主题.md；0502_新民主主义革命_马克思主义中国化_主题.md；1105_民主革命时期_马克思主义中国化_主题.md,,论文学、素材、题材、主题,艾思奇全书（第1卷）；抗战时期的“中国化”思潮与马克思主义中国化_张立慧；延安时期知识分子群体与马克思主义哲学大众化郭 - 2015 -,270-273；2；109,是,先核验原卡片再使用,先查主题页《文学艺术与文艺理论》，再在 T3/T10 中检索：论文学|素材|题材|主题,否
489,毛泽东思想 理论成果,0489_毛泽东思想_理论成果.md,3,48.11,中国化,中国化的马克思主义与毛泽东思想,中国化/中国化的马克思主义与毛泽东思想.md,高,115.0,已列入原主题页重点卡片；命中主题种子词：毛泽东思想、毛泽东；主题词重合：毛泽东思想,毛泽东思想 要义 精髓(33.33)；群众路线 毛泽东思想(33.33)；独立自主 毛泽东思想(33.33)；中共七大 毛泽东思想(33.33)；毛泽东思想 活的灵魂(33.33),0490_毛泽东思想_要义_精髓.md；0492_群众路线_毛泽东思想.md；0493_独立自主_毛泽东思想.md；0523_中共七大_毛泽东思想.md；0613_毛泽东思想_活的灵魂.md,,毛泽东思想、理论成果,以新的哲学观重新观照马克思主义哲学中国化的历史；马列著作在中国的出版；抗战时期的“中国化”思潮与马克思主义中国化_张立慧,2；465；1,是,可按主题页优先检索,先查主题页《中国化的马克思主义与毛泽东思想》，再在 T3/T10 中检索：毛泽东思想|理论成果,否
490,毛泽东思想 要义 精髓,0490_毛泽东思想_要义_精髓.md,3,39.0,中国化,中国化的马克思主义与毛泽东思想,中国化/中国化的马克思主义与毛泽东思想.md,高,115.0,已列入原主题页重点卡片；命中主题种子词：毛泽东思想、毛泽东；主题词重合：毛泽东思想,实事求是 毛泽东思想 精髓(44.62)；毛泽东思想 理论成果(33.33)；群众路线 毛泽东思想(33.33)；独立自主 毛泽东思想(33.33)；中共七大 毛泽东思想(33.33),0491_实事求是_毛泽东思想_精髓.md；0489_毛泽东思想_理论成果.md；0492_群众路线_毛泽东思想.md；0493_独立自主_毛泽东思想.md；0523_中共七大_毛泽东思想.md,,毛泽东思想、要义、精髓,中国马克思主义学术史纲；马克思主义哲学史；二十世纪上半叶马克思主义哲学中国化之检视_王玉平,68-60；970-371；126,是,可按主题页优先检索,先查主题页《中国化的马克思主义与毛泽东思想》，再在 T3/T10 中检索：毛泽东思想|要义|精髓,否
491,实事求是 毛泽东思想 精髓,0491_实事求是_毛泽东思想_精髓.md,3,50.46,中国化,中国化的马克思主义与毛泽东思想,中国化/中国化的马克思主义与毛泽东思想.md,高,115.0,已列入原主题页重点卡片；命中主题种子词：毛泽东思想、毛泽东；主题词重合：毛泽东思想,毛泽东思想 要义 精髓(44.62)；毛泽东思想 理论成果(32.14)；群众路线 毛泽东思想(32.14)；独立自主 毛泽东思想(32.14)；中共七大 毛泽东思想(32.14),0490_毛泽东思想_要义_精髓.md；0489_毛泽东思想_理论成果.md；0492_群众路线_毛泽东思想.md；0493_独立自主_毛泽东思想.md；0523_中共七大_毛泽东思想.md,,实事求是、毛泽东思想、精髓,马克思主义哲学史；二十世纪上半叶马克思主义哲学中国化之检视_王玉平；马克思主义哲学中国化理论与历史,970-371；126；503,是,可按主题页优先检索,先查主题页《中国化的马克思主义与毛泽东思想》，再在 T3/T10 中检索：实事求是|毛泽东思想|精髓,否
492,群众路线 毛泽东思想,0492_群众路线_毛泽东思想.md,3,47.69,中国化,中国化的马克思主义与毛泽东思想,中国化/中国化的马克思主义与毛泽东思想.md,高,115.0,已列入原主题页重点卡片；命中主题种子词：毛泽东思想、毛泽东；主题词重合：毛泽东思想,毛泽东思想 理论成果(33.33)；毛泽东思想 要义 精髓(33.33)；独立自主 毛泽东思想(33.33)；中共七大 毛泽东思想(33.33)；毛泽东思想 活的灵魂(33.33),0489_毛泽东思想_理论成果.md；0490_毛泽东思想_要义_精髓.md；0493_独立自主_毛泽东思想.md；0523_中共七大_毛泽东思想.md；0613_毛泽东思想_活的灵魂.md,,群众路线、毛泽东思想,《实践论》和《矛盾论》对马克思主义哲学中国化的启示_许全兴；马克思主义哲学中国化理论与历史；马克思主义哲学史,14；493；377-378,是,可按主题页优先检索,先查主题页《中国化的马克思主义与毛泽东思想》，再在 T3/T10 中检索：群众路线|毛泽东思想,否
493,独立自主 毛泽东思想,0493_独立自主_毛泽东思想.md,3,47.65,中国化,中国化的马克思主义与毛泽东思想,中国化/中国化的马克思主义与毛泽东思想.md,高,115.0,已列入原主题页重点卡片；命中主题种子词：毛泽东思想、毛泽东；主题词重合：毛泽东思想,毛泽东思想 理论成果(33.33)；毛泽东思想 要义 精髓(33.33)；群众路线 毛泽东思想(33.33)；中共七大 毛泽东思想(33.33)；毛泽东思想 活的灵魂(33.33),0489_毛泽东思想_理论成果.md；0490_毛泽东思想_要义_精髓.md；0492_群众路线_毛泽东思想.md；0523_中共七大_毛泽东思想.md；0613_毛泽东思想_活的灵魂.md,,独立自主、毛泽东思想,《实践论》和《矛盾论》对马克思主义哲学中国化的启示_许全兴；中国知识界关于“马克思主义中国化”的论争——以20世纪30-40年代为中心_张安；中国文化与马克思主义,14；10；267,是,可按主题页优先检索,先查主题页《中国化的马克思主义与毛泽东思想》，再在 T3/T10 中检索：独立自主|毛泽东思想,否
494,毛泽东选集 编辑出版 经典形成,0494_毛泽东选集_编辑出版_经典形成.md,1,29.33,中国化,毛泽东哲学与中国革命经验,中国化/毛泽东哲学与中国革命经验.md,低,10.0,自动主题组匹配：毛泽东,毛泽东选集(33.33),1858_毛泽东选集.md,,毛泽东选集、编辑出版,中国马克思主义学术史纲,76-78,是,先核验原卡片再使用,先查主题页《毛泽东哲学与中国革命经验》，再在 T3/T10 中检索：毛泽东选集|编辑出版|经典形成,否
495,实践论 矛盾论 中国化传播,0495_实践论_矛盾论_中国化传播.md,3,37.33,中国化,实践论矛盾论与马克思主义中国化,中国化/实践论矛盾论与马克思主义中国化.md,高,140.0,已列入原主题页重点卡片；命中主题种子词：实践论、矛盾论；主题词重合：实践论、矛盾论；主题域增强：中国化、实践论、矛盾论,实践论 矛盾论 中国化(50.0)；马克思主义哲学中国化 实践论 矛盾论(39.72)；实践论 矛盾论 主要内容(38.93)；实践论 矛盾论 重大意义(38.93)；学习宣传 实践论 矛盾论(38.93),0617_实践论_矛盾论_中国化.md；1793_马克思主义哲学中国化_实践论_矛盾论.md；0510_实践论_矛盾论_主要内容.md；0511_实践论_矛盾论_重大意义.md；0565_学习宣传_实践论_矛盾论.md,,实践论、矛盾论,百年中国哲学革命；马克思主义哲学史；马克思主义哲学在中国：传播、应用、形态、前景,283-285；20-23；185-186,是,可按主题页优先检索,先查主题页《实践论矛盾论与马克思主义中国化》，再在 T3/T10 中检索：实践论|矛盾论|中国化传播,否
496,毛泽东哲学思想 研究 新拓展,0496_毛泽东哲学思想_研究_新拓展.md,3,40.33,中国化,毛泽东哲学与中国革命经验,中国化/毛泽东哲学与中国革命经验.md,低,10.0,自动主题组匹配：毛泽东,毛泽东哲学思想 理论形态(45.0)；毛泽东哲学思想 历史地位(45.0)；毛泽东哲学思想 特点 贡献(45.0)；毛泽东哲学思想 中国化形态(44.38)；毛泽东哲学思想 多方面展开(44.38),0544_毛泽东哲学思想_理论形态.md；0545_毛泽东哲学思想_历史地位.md；0626_毛泽东哲学思想_特点_贡献.md；0497_毛泽东哲学思想_中国化形态.md；0594_毛泽东哲学思想_多方面展开.md,,毛泽东哲学思想、研究,马克思主义哲学史；马克思主义哲学在中国：传播、应用、形态、前景；百年中国哲学革命,501-503；291-293；594-597,是,先核验原卡片再使用,先查主题页《毛泽东哲学与中国革命经验》，再在 T3/T10 中检索：毛泽东哲学思想|研究|新拓展,否
497,毛泽东哲学思想 中国化形态,0497_毛泽东哲学思想_中国化形态.md,3,52.09,中国化,毛泽东哲学与中国革命经验,中国化/毛泽东哲学与中国革命经验.md,低,10.0,自动主题组匹配：毛泽东,毛泽东哲学思想 理论形态(47.5)；毛泽东哲学思想 中国马克思主义哲学 典型形态(46.25)；毛泽东哲学思想 历史地位(45.0)；毛泽东哲学思想 特点 贡献(45.0)；毛泽东哲学思想 研究 新拓展(44.38),0544_毛泽东哲学思想_理论形态.md；0529_毛泽东哲学思想_中国马克思主义哲学_典型形态.md；0545_毛泽东哲学思想_历史地位.md；0626_毛泽东哲学思想_特点_贡献.md；0496_毛泽东哲学思想_研究_新拓展.md,,毛泽东哲学思想、中国化形态,“新哲学”大众化运动研究；马克思主义哲学在中国：传播、应用、形态、前景；《矛盾论》的主要矛盾理论与《大众哲学》无关及其他,43；415；2,是,先核验原卡片再使用,先查主题页《毛泽东哲学与中国革命经验》，再在 T3/T10 中检索：毛泽东哲学思想|中国化形态,否
498,中国化 方法论体系 毛泽东,0498_中国化_方法论体系_毛泽东.md,3,49.03,中国化,毛泽东哲学与中国革命经验,中国化/毛泽东哲学与中国革命经验.md,低,13.0,自动主题组匹配：毛泽东,毛泽东 马克思主义哲学 中国化(35.56)；毛泽东 哲学讲义 中国化语言(20.88)；毛泽东 马克思主义哲学中国化(20.56)；马克思主义中国化 毛泽东 提法(20.56)；毛泽东 马克思主义中国化 开拓者(20.26),0615_毛泽东_马克思主义哲学_中国化.md；0539_毛泽东_哲学讲义_中国化语言.md；1748_毛泽东_马克思主义哲学中国化.md；1804_马克思主义中国化_毛泽东_提法.md；0500_毛泽东_马克思主义中国化_开拓者.md,,中国化、方法论体系、毛泽东,中国文化与马克思主义；马克思主义哲学在中国：传播、应用、形态、前景；百年中国哲学革命,269；426-429；601-602,是,先核验原卡片再使用,先查主题页《毛泽东哲学与中国革命经验》，再在 T3/T10 中检索：中国化|方法论体系|毛泽东,否
499,马克思主义中国化 第一次历史性飞跃,0499_马克思主义中国化_第一次历史性飞跃.md,3,59.82,中国化,中国化的马克思主义与毛泽东思想,中国化/中国化的马克思主义与毛泽东思想.md,高,114.0,已列入原主题页重点卡片；命中主题种子词：马克思主义中国化；主题词重合：马克思主义中国化,马克思主义中国化 历史性飞跃(57.19)；马克思主义中国化 前瞻(50.29)；起源 马克思主义中国化(50.29)；马克思主义中国化 思潮(50.29)；马克思主义中国化 重建(50.29),1179_马克思主义中国化_历史性飞跃.md；1180_马克思主义中国化_前瞻.md；1761_起源_马克思主义中国化.md；1827_马克思主义中国化_思潮.md；1828_马克思主义中国化_重建.md,,马克思主义中国化、第一次历史性飞跃,马克思主义中国化的历史进程和基本经验研究_石仲泉；马克思主义哲学中国化理论与历史；马克思主义中国化史,3；502；未识别,是,可按主题页优先检索,先查主题页《中国化的马克思主义与毛泽东思想》，再在 T3/T10 中检索：马克思主义中国化|第一次历史性飞跃,否
500,毛泽东 马克思主义中国化 开拓者,0500_毛泽东_马克思主义中国化_开拓者.md,3,47.56,理论方法,马克思恩格斯经典文本与哲学关系,理论方法/马克思恩格斯经典文本与哲学关系.md,低,27.0,自动主题组匹配：马克思,马克思主义中国化 毛泽东 提法(69.06)；马克思主义中国化 前瞻(51.67)；起源 马克思主义中国化(51.67)；马克思主义中国化 思潮(51.67)；马克思主义中国化 重建(51.67),1804_马克思主义中国化_毛泽东_提法.md；1180_马克思主义中国化_前瞻.md；1761_起源_马克思主义中国化.md；1827_马克思主义中国化_思潮.md；1828_马克思主义中国化_重建.md,,毛泽东、马克思主义中国化、开拓者,马克思主义中国化史；毛泽东终生都在坚持“马克思主义中国化”提法吗？；马克思主义中国化的历史进程,未识别；1；14-16,是,先核验原卡片再使用,先查主题页《马克思恩格斯经典文本与哲学关系》，再在 T3/T10 中检索：毛泽东|马克思主义中国化|开拓者,否
501,毛泽东思想 第一次历史性飞跃,0501_毛泽东思想_第一次历史性飞跃.md,3,51.35,中国化,中国化的马克思主义与毛泽东思想,中国化/中国化的马克思主义与毛泽东思想.md,高,115.0,已列入原主题页重点卡片；命中主题种子词：毛泽东思想、毛泽东；主题词重合：毛泽东思想,马克思主义中国化 第一次历史性飞跃(48.75)；毛泽东思想 理论成果(31.25)；毛泽东思想 要义 精髓(31.25)；群众路线 毛泽东思想(31.25)；独立自主 毛泽东思想(31.25),0499_马克思主义中国化_第一次历史性飞跃.md；0489_毛泽东思想_理论成果.md；0490_毛泽东思想_要义_精髓.md；0492_群众路线_毛泽东思想.md；0493_独立自主_毛泽东思想.md,,毛泽东思想、第一次历史性飞跃,马克思主义中国化的历史进程和基本经验研究_石仲泉；马克思主义哲学中国化理论与历史；马克思主义中国化史,4；502；未识别,是,可按主题页优先检索,先查主题页《中国化的马克思主义与毛泽东思想》，再在 T3/T10 中检索：毛泽东思想|第一次历史性飞跃,否
502,新民主主义革命 马克思主义中国化 主题,0502_新民主主义革命_马克思主义中国化_主题.md,3,58.44,中国化,新民主主义革命理论与马克思主义中国化,中国化/新民主主义革命理论与马克思主义中国化.md,高,138.0,已列入原主题页重点卡片；命中主题种子词：新民主主义、新民主主义革命、马克思主义中国化；主题词重合：新民主主义革命、马克思主义中国化；主题域增强：中国化,民主革命时期 马克思主义中国化 主题(64.47)；马克思主义中国化 主题 时代任务(61.84)；救亡图存 马克思主义中国化 主题(61.84)；新民主主义革命理论 马克思主义中国化(56.67)；新民主主义理论 马克思主义中国化(53.89),1105_民主革命时期_马克思主义中国化_主题.md；1108_马克思主义中国化_主题_时代任务.md；1109_救亡图存_马克思主义中国化_主题.md；0503_新民主主义革命理论_马克思主义中国化.md；0564_新民主主义理论_马克思主义中国化.md,,新民主主义革命、马克思主义中国化、主题,中国现代性建构：马克思主义中国化研究的重要视角_赵园园；马克思主义中国化的历史进程和基本经验研究_石仲泉；马克思主义中国化史,2；3；未识别,是,可按主题页优先检索,先查主题页《新民主主义革命理论与马克思主义中国化》，再在 T3/T10 中检索：新民主主义革命|马克思主义中国化|主题,否
503,新民主主义革命理论 马克思主义中国化,0503_新民主主义革命理论_马克思主义中国化.md,3,58.18,中国化,新民主主义革命理论与马克思主义中国化,中国化/新民主主义革命理论与马克思主义中国化.md,高,132.0,已列入原主题页重点卡片；命中主题种子词：新民主主义、新民主主义革命、马克思主义中国化；主题词重合：马克思主义中国化；主题域增强：中国化,新民主主义理论 马克思主义中国化(58.75)；新民主主义革命 马克思主义中国化 主题(56.67)；邓小平理论 马克思主义中国化(52.5)；民主革命时期 马克思主义中国化 理论成果(51.36)；马克思主义中国化 理论困境(51.11),0564_新民主主义理论_马克思主义中国化.md；0502_新民主主义革命_马克思主义中国化_主题.md；0646_邓小平理论_马克思主义中国化.md；1118_民主革命时期_马克思主义中国化_理论成果.md；1178_马克思主义中国化_理论困境.md,,新民主主义革命理论、马克思主义中国化,中国现代性建构：马克思主义中国化研究的重要视角_赵园园；抗战时期重庆马克思主义知识群体“学术中国化”研究特点与启示_于文善；马克思主义中国化史,2；7；未识别,是,可按主题页优先检索,先查主题页《新民主主义革命理论与马克思主义中国化》，再在 T3/T10 中检索：新民主主义革命理论|马克思主义中国化,否
504,五四运动 新民主主义革命 开端,0504_五四运动_新民主主义革命_开端.md,3,53.07,中国化,新民主主义革命理论与马克思主义中国化,中国化/新民主主义革命理论与马克思主义中国化.md,高,120.0,已列入原主题页重点卡片；命中主题种子词：新民主主义、新民主主义革命；主题词重合：新民主主义革命,新民主主义革命 总路线(45.0)；新民主主义革命 性质 前途(44.38)；井冈山道路 新民主主义革命(43.82)；新民主主义革命 基本思想 形成(43.33)；马克思主义哲学 新民主主义革命(43.33),0515_新民主主义革命_总路线.md；0516_新民主主义革命_性质_前途.md；0533_井冈山道路_新民主主义革命.md；0505_新民主主义革命_基本思想_形成.md；0634_马克思主义哲学_新民主主义革命.md,,五四运动、新民主主义革命、开端,马克思主义哲学中国化理论与历史；马克思主义在中国早期传播若干问题的辨析_田子渝；中国近代思想史论,246；6；320,是,可按主题页优先检索,先查主题页《新民主主义革命理论与马克思主义中国化》，再在 T3/T10 中检索：五四运动|新民主主义革命|开端,否
505,新民主主义革命 基本思想 形成,0505_新民主主义革命_基本思想_形成.md,3,42.27,中国化,新民主主义革命理论与马克思主义中国化,中国化/新民主主义革命理论与马克思主义中国化.md,高,120.0,已列入原主题页重点卡片；命中主题种子词：新民主主义、新民主主义革命；主题词重合：新民主主义革命,新民主主义革命 总路线(45.0)；新民主主义革命 性质 前途(44.38)；井冈山道路 新民主主义革命(43.82)；五四运动 新民主主义革命 开端(43.33)；马克思主义哲学 新民主主义革命(43.33),0515_新民主主义革命_总路线.md；0516_新民主主义革命_性质_前途.md；0533_井冈山道路_新民主主义革命.md；0504_五四运动_新民主主义革命_开端.md；0634_马克思主义哲学_新民主主义革命.md,,新民主主义革命、基本思想、形成,马克思主义哲学史（第六卷；抗日战争与中国共产党哲学思想的形成和发展_李维武；中国近代思想史论,218-219；13；10,是,可按主题页优先检索,先查主题页《新民主主义革命理论与马克思主义中国化》，再在 T3/T10 中检索：新民主主义革命|基本思想|形成,否
506,毛泽东 建党思想 形成,0506_毛泽东_建党思想_形成.md,3,36.13,中国化,毛泽东哲学与中国革命经验,中国化/毛泽东哲学与中国革命经验.md,低,10.0,自动主题组匹配：毛泽东,人民战争 思想 毛泽东(20.77)；毛泽东 延安时期 哲学思想(20.0)；反对本本主义 毛泽东 哲学思想(19.41)；毛泽东 社会主义道路 哲学思想(19.41)；毛泽东 世界观 转变(18.85),0557_人民战争_思想_毛泽东.md；0536_毛泽东_延安时期_哲学思想.md；0585_反对本本主义_毛泽东_哲学思想.md；0627_毛泽东_社会主义道路_哲学思想.md；0573_毛泽东_世界观_转变.md,,毛泽东、形成,马克思主义中国化史；百年中国哲学革命；马克思主义哲学史教程,未识别；293-294；1037-1039,是,先核验原卡片再使用,先查主题页《毛泽东哲学与中国革命经验》，再在 T3/T10 中检索：毛泽东|建党思想|形成,否
507,农村包围城市 武装夺取政权 道路,0507_农村包围城市_武装夺取政权_道路.md,3,54.59,中国化,中国革命道路与党的思想建设,中国化/中国革命道路与党的思想建设.md,中,20.0,二级自动主题组匹配：农村包围城市、武装夺取政权,农村包围城市 理论 毛泽东(36.94)；农村包围城市 理论 实践依据(36.58),0534_农村包围城市_理论_毛泽东.md；0584_农村包围城市_理论_实践依据.md,,农村包围城市、武装夺取政权、道路,马克思主义中国化史；《实践论》和《矛盾论》对马克思主义哲学中国化的启示_许全兴；二十世纪上半叶马克思主义哲学中国化之检视_王玉平,未识别；2；147,是,可按主题页优先检索,先查主题页《中国革命道路与党的思想建设》，再在 T3/T10 中检索：农村包围城市|武装夺取政权|道路,否
508,实践论 矛盾论 马克思主义中国化 哲学基础,0508_实践论_矛盾论_马克思主义中国化_哲学基础.md,3,61.36,中国化,实践论矛盾论与马克思主义中国化,中国化/实践论矛盾论与马克思主义中国化.md,高,154.0,已列入原主题页重点卡片；命中主题种子词：实践论、矛盾论、马克思主义中国化；主题词重合：实践论、矛盾论、马克思主义中国化；主题域增强：中国化、实践论、矛盾论,马克思主义中国化 进展 矛盾(50.0)；邓小平理论 马克思主义中国化(49.52)；中国哲学 马克思主义中国化 资源(49.52)；马克思主义中国化 前瞻(49.21)；起源 马克思主义中国化(49.21),1163_马克思主义中国化_进展_矛盾.md；0646_邓小平理论_马克思主义中国化.md；0710_中国哲学_马克思主义中国化_资源.md；1180_马克思主义中国化_前瞻.md；1761_起源_马克思主义中国化.md,,实践论、矛盾论、马克思主义中国化、哲学基础,马克思主义中国化时代化的历史逻辑、根本途径和当代课题——访北京大学马克思主义学院郭建宁教授_本刊记者；抗日战争与中国共产党哲学思想的形成和发展_李维武；马克思主义中国化史,4；1；未识别,是,可按主题页优先检索,先查主题页《实践论矛盾论与马克思主义中国化》，再在 T3/T10 中检索：实践论|矛盾论|马克思主义中国化|哲学基础,否
509,实践论 矛盾论 写作 社会历史条件,0509_实践论_矛盾论_写作_社会历史条件.md,3,43.0,中国化,实践论矛盾论与马克思主义中国化,中国化/实践论矛盾论与马克思主义中国化.md,高,136.0,已列入原主题页重点卡片；命中主题种子词：实践论、矛盾论；主题词重合：实践论、矛盾论；主题域增强：实践论、矛盾论,实践论 矛盾论 写作 历史背景(42.5)；实践论 矛盾论 中国化(37.81)；实践论 矛盾论 主要内容(37.35)；实践论 矛盾论 重大意义(37.35)；学习宣传 实践论 矛盾论(37.35),0589_实践论_矛盾论_写作_历史背景.md；0617_实践论_矛盾论_中国化.md；0510_实践论_矛盾论_主要内容.md；0511_实践论_矛盾论_重大意义.md；0565_学习宣传_实践论_矛盾论.md,,实践论、矛盾论、写作、社会历史条件,百年中国哲学革命；马克思主义中国化史；马克思主义哲学在中国：传播、应用、形态、前景,283；未识别；430-433,是,可按主题页优先检索,先查主题页《实践论矛盾论与马克思主义中国化》，再在 T3/T10 中检索：实践论|矛盾论|写作|社会历史条件,否
510,实践论 矛盾论 主要内容,0510_实践论_矛盾论_主要内容.md,3,53.22,中国化,实践论矛盾论与马克思主义中国化,中国化/实践论矛盾论与马克思主义中国化.md,高,136.0,已列入原主题页重点卡片；命中主题种子词：实践论、矛盾论；主题词重合：实践论、矛盾论；主题域增强：实践论、矛盾论,实践论 矛盾论 主要贡献(45.91)；实践论 矛盾论 中国化(40.42)；实践论 矛盾论 重大意义(39.62)；学习宣传 实践论 矛盾论(39.62)；实践论 矛盾论 理论准备(39.62),0588_实践论_矛盾论_主要贡献.md；0617_实践论_矛盾论_中国化.md；0511_实践论_矛盾论_重大意义.md；0565_学习宣传_实践论_矛盾论.md；0590_实践论_矛盾论_理论准备.md,,实践论、矛盾论、主要内容,《实践论》和《矛盾论》对马克思主义哲学中国化的启示_许全兴；“新哲学”大众化运动研究；马克思主义中国化史,12；258；未识别,是,可按主题页优先检索,先查主题页《实践论矛盾论与马克思主义中国化》，再在 T3/T10 中检索：实践论|矛盾论|主要内容,否
511,实践论 矛盾论 重大意义,0511_实践论_矛盾论_重大意义.md,3,41.4,中国化,实践论矛盾论与马克思主义中国化,中国化/实践论矛盾论与马克思主义中国化.md,高,136.0,已列入原主题页重点卡片；命中主题种子词：实践论、矛盾论；主题词重合：实践论、矛盾论；主题域增强：实践论、矛盾论,实践论 矛盾论 重新发表 反响(40.71)；实践论 矛盾论 中国化(40.42)；实践论 矛盾论 主要内容(39.62)；学习宣传 实践论 矛盾论(39.62)；实践论 矛盾论 主要贡献(39.62),0603_实践论_矛盾论_重新发表_反响.md；0617_实践论_矛盾论_中国化.md；0510_实践论_矛盾论_主要内容.md；0565_学习宣传_实践论_矛盾论.md；0588_实践论_矛盾论_主要贡献.md,,实践论、矛盾论、重大意义,马克思主义中国化史；百年中国哲学革命；马克思主义哲学史,未识别；283-285；20-23,是,可按主题页优先检索,先查主题页《实践论矛盾论与马克思主义中国化》，再在 T3/T10 中检索：实践论|矛盾论|重大意义,否
512,马克思主义中国化 命题 酝酿,0512_马克思主义中国化_命题_酝酿.md,3,53.17,中国化,马克思主义中国化命题的提出,中国化/马克思主义中国化命题的提出.md,高,127.0,已列入原主题页重点卡片；命中主题种子词：马克思主义中国化、命题；主题词重合：马克思主义中国化、命题；主题域增强：中国化,马克思主义中国化 命题 意义(67.31)；马克思主义中国化 前瞻(53.46)；起源 马克思主义中国化(53.46)；马克思主义中国化 思潮(53.46)；马克思主义中国化 重建(53.46),0513_马克思主义中国化_命题_意义.md；1180_马克思主义中国化_前瞻.md；1761_起源_马克思主义中国化.md；1827_马克思主义中国化_思潮.md；1828_马克思主义中国化_重建.md,,马克思主义中国化、命题、酝酿,马克思主义中国化史；“中国化”思潮与马克思主义中国化思想的互动研究——以20世纪20—40年代为考察范围_王朝庆；马克思主义中国化研究的历史、现状与方法论_郭建宁,未识别；4；3,是,可按主题页优先检索,先查主题页《马克思主义中国化命题的提出》，再在 T3/T10 中检索：马克思主义中国化|命题|酝酿,否
513,马克思主义中国化 命题 意义,0513_马克思主义中国化_命题_意义.md,3,53.74,中国化,马克思主义中国化命题的提出,中国化/马克思主义中国化命题的提出.md,高,127.0,已列入原主题页重点卡片；命中主题种子词：马克思主义中国化、命题；主题词重合：马克思主义中国化、命题；主题域增强：中国化,马克思主义中国化 命题 酝酿(67.31)；马克思主义中国化 前瞻(53.46)；起源 马克思主义中国化(53.46)；马克思主义中国化 思潮(53.46)；马克思主义中国化 重建(53.46),0512_马克思主义中国化_命题_酝酿.md；1180_马克思主义中国化_前瞻.md；1761_起源_马克思主义中国化.md；1827_马克思主义中国化_思潮.md；1828_马克思主义中国化_重建.md,,马克思主义中国化、命题、意义,马克思主义中国化研究的历史、现状与方法论_郭建宁；马克思主义中国化史；马克思主义中国化时代化的历史逻辑、根本途径和当代课题——访北京大学马克思主义学院郭建宁教授_本刊记者,4；未识别；8,是,可按主题页优先检索,先查主题页《马克思主义中国化命题的提出》，再在 T3/T10 中检索：马克思主义中国化|命题|意义,否
514,新民主主义理论体系 系统阐述,0514_新民主主义理论体系_系统阐述.md,3,29.62,中国化,新民主主义革命理论与马克思主义中国化,中国化/新民主主义革命理论与马克思主义中国化.md,高,114.0,已列入原主题页重点卡片；命中主题种子词：新民主主义理论、新民主主义,唯物史观 基本理论 系统阐述(25.26)；群众路线 思想 系统阐述(24.17)；群众路线 系统阐述 毛泽东(23.95)；新民主主义理论 成熟(10.71)；新民主主义理论 马克思主义中国化(7.89),0033_唯物史观_基本理论_系统阐述.md；0521_群众路线_思想_系统阐述.md；0552_群众路线_系统阐述_毛泽东.md；0558_新民主主义理论_成熟.md；0564_新民主主义理论_马克思主义中国化.md,,新民主主义理论体系、系统阐述,马克思主义中国化史；1940年代中国共产党人的思想批判和新民主主义话语权的确立_陈先初；列宁专题文集·论马克思主义,未识别；12；5,是,可按主题页优先检索,先查主题页《新民主主义革命理论与马克思主义中国化》，再在 T3/T10 中检索：新民主主义理论体系|系统阐述,否
515,新民主主义革命 总路线,0515_新民主主义革命_总路线.md,3,47.47,中国化,新民主主义革命理论与马克思主义中国化,中国化/新民主主义革命理论与马克思主义中国化.md,高,120.0,已列入原主题页重点卡片；命中主题种子词：新民主主义、新民主主义革命；主题词重合：新民主主义革命,新民主主义革命 性质 前途(46.54)；井冈山道路 新民主主义革命(45.71)；五四运动 新民主主义革命 开端(45.0)；新民主主义革命 基本思想 形成(45.0)；马克思主义哲学 新民主主义革命(45.0),0516_新民主主义革命_性质_前途.md；0533_井冈山道路_新民主主义革命.md；0504_五四运动_新民主主义革命_开端.md；0505_新民主主义革命_基本思想_形成.md；0634_马克思主义哲学_新民主主义革命.md,,新民主主义革命、总路线,马克思主义中国化史；马克思主义哲学中国化理论与历史；马克思主义中国化的历史进程和基本经验研究_石仲泉,未识别；497；2,是,可按主题页优先检索,先查主题页《新民主主义革命理论与马克思主义中国化》，再在 T3/T10 中检索：新民主主义革命|总路线,否
516,新民主主义革命 性质 前途,0516_新民主主义革命_性质_前途.md,3,48.71,中国化,新民主主义革命理论与马克思主义中国化,中国化/新民主主义革命理论与马克思主义中国化.md,高,120.0,已列入原主题页重点卡片；命中主题种子词：新民主主义、新民主主义革命；主题词重合：新民主主义革命,新民主主义革命 总路线(46.54)；井冈山道路 新民主主义革命(45.0)；五四运动 新民主主义革命 开端(44.38)；新民主主义革命 基本思想 形成(44.38)；马克思主义哲学 新民主主义革命(44.38),0515_新民主主义革命_总路线.md；0533_井冈山道路_新民主主义革命.md；0504_五四运动_新民主主义革命_开端.md；0505_新民主主义革命_基本思想_形成.md；0634_马克思主义哲学_新民主主义革命.md,,新民主主义革命、性质、前途,马克思主义中国化史；马克思主义哲学中国化理论与历史；马克思主义哲学在中国传播与发展的百年历史（下）,未识别；497；470-472,是,可按主题页优先检索,先查主题页《新民主主义革命理论与马克思主义中国化》，再在 T3/T10 中检索：新民主主义革命|性质|前途,否
517,新民主主义 政治经济文化纲领,0517_新民主主义_政治经济文化纲领.md,3,31.39,论战与思想运动,中国近代启蒙与民主革命,论战与思想运动/中国近代启蒙与民主革命.md,低,12.0,自动主题组匹配：民主,新民主主义 经济 政治 文化(36.67)；新民主主义 基本纲领 最高纲领(31.94)；新民主主义 话语权(31.67)；新民主主义 构想 实践(31.25)；新启蒙运动 新民主主义 文化思想(31.25),0559_新民主主义_经济_政治_文化.md；0560_新民主主义_基本纲领_最高纲领.md；1649_新民主主义_话语权.md；0525_新民主主义_构想_实践.md；1801_新启蒙运动_新民主主义_文化思想.md,,新民主主义,1940年代中国共产党人的思想批判和新民主主义话语权的确立_陈先初；新启蒙运动与新民主主义文化思想的形成_卢毅；马克思主义哲学中国化理论与历史,3；1；466,是,先核验原卡片再使用,先查主题页《中国近代启蒙与民主革命》，再在 T3/T10 中检索：新民主主义|政治经济文化纲领,否
518,实事求是思想路线 确立,0518_实事求是思想路线_确立.md,3,49.28,中国化,实事求是与群众路线,中国化/实事求是与群众路线.md,高,126.0,已列入原主题页重点卡片；命中主题种子词：实事求是思想路线、实事求是、思想路线；主题词重合：实事求是思想路线,实事求是思想路线 重新确立(56.67)；延安整风 实事求是思想路线(53.46)；实事求是 思想路线 延安(15.91)；毛泽东思想 指导地位 确立(12.94)；克服主观主义 实事求是 思想路线(11.67),0610_实事求是思想路线_重新确立.md；0520_延安整风_实事求是思想路线.md；0597_实事求是_思想路线_延安.md；0524_毛泽东思想_指导地位_确立.md；0546_克服主观主义_实事求是_思想路线.md,,实事求是思想路线、确立,马克思主义中国化史；中国马克思主义：概念界定与历史使命_王庆丰；马克思主义中国化研究的历史、现状与方法论_郭建宁,未识别；9；2,是,可按主题页优先检索,先查主题页《实事求是与群众路线》，再在 T3/T10 中检索：实事求是思想路线|确立,否
519,改造我们的学习 实事求是,0519_改造我们的学习_实事求是.md,3,50.56,新哲学大众化,思想方法与世界观教育,新哲学大众化/思想方法与世界观教育.md,高,115.0,已列入原主题页重点卡片；命中主题种子词：实事求是、学习；主题词重合：实事求是,实事求是 解放思想(25.36)；不要误解 实事求是(25.36)；实事求是 民主集中制(25.0)；实事求是 思想路线 延安(24.69)；实事求是 毛泽东思想 精髓(24.41),0611_实事求是_解放思想.md；0635_不要误解_实事求是.md；0612_实事求是_民主集中制.md；0597_实事求是_思想路线_延安.md；0491_实事求是_毛泽东思想_精髓.md,,改造我们的学习、实事求是,马克思主义哲学中国化：从现实性到理想性；马克思主义中国化时代化的历史逻辑、根本途径和当代课题——访北京大学马克思主义学院郭建宁教授_本刊记者；中国文化与马克思主义,4；296,是,可按主题页优先检索,先查主题页《思想方法与世界观教育》，再在 T3/T10 中检索：改造我们的学习|实事求是,否
520,延安整风 实事求是思想路线,0520_延安整风_实事求是思想路线.md,3,31.08,中国化,实事求是与群众路线,中国化/实事求是与群众路线.md,高,126.0,已列入原主题页重点卡片；命中主题种子词：实事求是思想路线、实事求是、思想路线；主题词重合：实事求是思想路线,实事求是思想路线 确立(53.46)；实事求是思想路线 重新确立(51.67)；实事求是 思想路线 延安(16.67)；克服主观主义 实事求是 思想路线(10.29)；实事求是 上升为 党的思想路线(8.82),0518_实事求是思想路线_确立.md；0610_实事求是思想路线_重新确立.md；0597_实事求是_思想路线_延安.md；0546_克服主观主义_实事求是_思想路线.md；0547_实事求是_上升为_党的思想路线.md,,延安整风、实事求是思想路线,马克思主义中国化史；《实践论》和《矛盾论》对马克思主义哲学中国化的启示_许全兴；中国马克思主义：概念界定与历史使命_王庆丰,未识别；14；9,是,可按主题页优先检索,先查主题页《实事求是与群众路线》，再在 T3/T10 中检索：延安整风|实事求是思想路线,否
521,群众路线 思想 系统阐述,0521_群众路线_思想_系统阐述.md,3,47.06,中国化,实事求是与群众路线,中国化/实事求是与群众路线.md,高,112.0,已列入原主题页重点卡片；命中主题种子词：群众路线；主题词重合：群众路线,群众路线 系统阐述 毛泽东(51.54)；群众路线 毛泽东思想(27.69)；群众路线 认识论(26.25)；群众路线 领导方法(25.77)；唯物史观 基本理论 系统阐述(24.41),0552_群众路线_系统阐述_毛泽东.md；0492_群众路线_毛泽东思想.md；0598_群众路线_认识论.md；0553_群众路线_领导方法.md；0033_唯物史观_基本理论_系统阐述.md,,群众路线、思想、系统阐述,马克思主义哲学在中国传播与发展的百年历史（下）；马克思主义中国化史；马克思主义哲学中国化与中国道路的哲学表达,454-456；未识别；6,是,可按主题页优先检索,先查主题页《实事求是与群众路线》，再在 T3/T10 中检索：群众路线|思想|系统阐述,否
522,毛泽东思想 科学概念 形成,0522_毛泽东思想_科学概念_形成.md,3,63.4,中国化,中国化的马克思主义与毛泽东思想,中国化/中国化的马克思主义与毛泽东思想.md,高,115.0,已列入原主题页重点卡片；命中主题种子词：毛泽东思想、毛泽东；主题词重合：毛泽东思想,毛泽东思想 理论成果(32.14)；毛泽东思想 要义 精髓(32.14)；群众路线 毛泽东思想(32.14)；独立自主 毛泽东思想(32.14)；中共七大 毛泽东思想(32.14),0489_毛泽东思想_理论成果.md；0490_毛泽东思想_要义_精髓.md；0492_群众路线_毛泽东思想.md；0493_独立自主_毛泽东思想.md；0523_中共七大_毛泽东思想.md,,毛泽东思想、科学概念、形成,马克思主义中国化史；百年中国哲学革命；中国马克思主义学术史纲,未识别；640-641；68-60,是,可按主题页优先检索,先查主题页《中国化的马克思主义与毛泽东思想》，再在 T3/T10 中检索：毛泽东思想|科学概念|形成,否
523,中共七大 毛泽东思想,0523_中共七大_毛泽东思想.md,3,47.9,中国化,中国化的马克思主义与毛泽东思想,中国化/中国化的马克思主义与毛泽东思想.md,高,115.0,已列入原主题页重点卡片；命中主题种子词：毛泽东思想、毛泽东；主题词重合：毛泽东思想,毛泽东思想 理论成果(33.33)；毛泽东思想 要义 精髓(33.33)；群众路线 毛泽东思想(33.33)；独立自主 毛泽东思想(33.33)；毛泽东思想 活的灵魂(33.33),0489_毛泽东思想_理论成果.md；0490_毛泽东思想_要义_精髓.md；0492_群众路线_毛泽东思想.md；0493_独立自主_毛泽东思想.md；0613_毛泽东思想_活的灵魂.md,,中共七大、毛泽东思想,抗战时期的“中国化”思潮与马克思主义中国化_张立慧；不能将“马克思主义中国化”泛化理解；马克思主义中国化史,5；1；未识别,是,可按主题页优先检索,先查主题页《中国化的马克思主义与毛泽东思想》，再在 T3/T10 中检索：中共七大|毛泽东思想,否
524,毛泽东思想 指导地位 确立,0524_毛泽东思想_指导地位_确立.md,3,49.06,中国化,中国化的马克思主义与毛泽东思想,中国化/中国化的马克思主义与毛泽东思想.md,高,115.0,已列入原主题页重点卡片；命中主题种子词：毛泽东思想、毛泽东；主题词重合：毛泽东思想,毛泽东思想 理论成果(32.14)；毛泽东思想 要义 精髓(32.14)；群众路线 毛泽东思想(32.14)；独立自主 毛泽东思想(32.14)；中共七大 毛泽东思想(32.14),0489_毛泽东思想_理论成果.md；0490_毛泽东思想_要义_精髓.md；0492_群众路线_毛泽东思想.md；0493_独立自主_毛泽东思想.md；0523_中共七大_毛泽东思想.md,,毛泽东思想、指导地位、确立,马克思主义中国化史；“中国化”思潮与马克思主义中国化思想的互动研究——以20世纪20—40年代为考察范围_王朝庆；马列著作在中国的出版,未识别；7；341,是,可按主题页优先检索,先查主题页《中国化的马克思主义与毛泽东思想》，再在 T3/T10 中检索：毛泽东思想|指导地位|确立,否
525,新民主主义 构想 实践,0525_新民主主义_构想_实践.md,3,46.8,中国化,新民主主义革命理论与马克思主义中国化,中国化/新民主主义革命理论与马克思主义中国化.md,高,112.0,已列入原主题页重点卡片；命中主题种子词：新民主主义；主题词重合：新民主主义,新民主主义 话语权(34.09)；新民主主义 社会主义 关系(32.69)；新民主主义 经济 政治 文化(32.14)；新民主主义 革命 理论 哲学(32.14)；新民主主义 基本纲领 最高纲领(31.67),1649_新民主主义_话语权.md；0527_新民主主义_社会主义_关系.md；0559_新民主主义_经济_政治_文化.md；0596_新民主主义_革命_理论_哲学.md；0560_新民主主义_基本纲领_最高纲领.md,,新民主主义、构想、实践,马克思主义中国化的历史进程；抗日战争与中国共产党哲学思想的形成和发展_李维武；马克思主义中国化探论,267；13；127,是,可按主题页优先检索,先查主题页《新民主主义革命理论与马克思主义中国化》，再在 T3/T10 中检索：新民主主义|构想|实践,否
526,三民主义共和国 新民主主义共和国,0526_三民主义共和国_新民主主义共和国.md,3,31.68,中国化,新民主主义革命理论与马克思主义中国化,中国化/新民主主义革命理论与马克思主义中国化.md,高,106.0,已列入原主题页重点卡片；命中主题种子词：新民主主义,新民主主义论(10.0)；新民主主义 话语权(8.33)；新民主主义 构想 实践(7.69)；新民主主义理论 成熟(7.69)；新民主主义论 再评价(7.69),1916_新民主主义论.md；1649_新民主主义_话语权.md；0525_新民主主义_构想_实践.md；0558_新民主主义理论_成熟.md；0623_新民主主义论_再评价.md,,三民主义共和国、新民主主义共和国,马克思主义中国化的历史进程；中国近代思想史论；马克思主义哲学中国化理论与历史,304-306；365；523,是,可按主题页优先检索,先查主题页《新民主主义革命理论与马克思主义中国化》，再在 T3/T10 中检索：三民主义共和国|新民主主义共和国,否
527,新民主主义 社会主义 关系,0527_新民主主义_社会主义_关系.md,3,45.8,中国化,新民主主义革命理论与马克思主义中国化,中国化/新民主主义革命理论与马克思主义中国化.md,高,112.0,已列入原主题页重点卡片；命中主题种子词：新民主主义；主题词重合：新民主主义,新民主主义 发展资本主义 关系(35.71)；资本主义 社会主义 关系(33.64)；新民主主义 话语权(33.33)；新民主主义 构想 实践(32.69)；新民主主义 经济 政治 文化(31.67),0561_新民主主义_发展资本主义_关系.md；1474_资本主义_社会主义_关系.md；1649_新民主主义_话语权.md；0525_新民主主义_构想_实践.md；0559_新民主主义_经济_政治_文化.md,,新民主主义、社会主义、关系,马克思主义哲学史；马克思主义哲学在中国：传播、应用、形态、前景；中国马克思主义学术史纲,54-57；392-393；84-86,是,可按主题页优先检索,先查主题页《新民主主义革命理论与马克思主义中国化》，再在 T3/T10 中检索：新民主主义|社会主义|关系,否
528,胡绳 思想方法 中国问题讲话 实事求是,0528_胡绳_思想方法_中国问题讲话_实事求是.md,3,58.53,新哲学大众化,胡绳与马克思主义哲学通俗宣传,新哲学大众化/胡绳与马克思主义哲学通俗宣传.md,高,135.0,已列入原主题页重点卡片；命中主题种子词：胡绳、思想方法、中国问题讲话；主题词重合：胡绳、思想方法、中国问题讲话,实事求是 解放思想(25.56)；实事求是 思想路线 延安(25.0)；实事求是 毛泽东思想 精髓(24.76)；解放思想 实事求是 哲学发展(24.55)；实事求是 上升为 党的思想路线(24.35),0611_实事求是_解放思想.md；0597_实事求是_思想路线_延安.md；0491_实事求是_毛泽东思想_精髓.md；0568_解放思想_实事求是_哲学发展.md；0547_实事求是_上升为_党的思想路线.md,,胡绳、思想方法、中国问题讲话、实事求是,马克思主义哲学在中国传播与发展的百年历史（上）；胡绳对马克思主义哲学“大众化”的贡献；“新哲学”大众化运动研究,268-270；5；233,是,可按主题页优先检索,先查主题页《胡绳与马克思主义哲学通俗宣传》，再在 T3/T10 中检索：胡绳|思想方法|中国问题讲话|实事求是,否
529,毛泽东哲学思想 中国马克思主义哲学 典型形态,0529_毛泽东哲学思想_中国马克思主义哲学_典型形态.md,3,47.98,理论方法,马克思恩格斯经典文本与哲学关系,理论方法/马克思恩格斯经典文本与哲学关系.md,低,14.0,自动主题组匹配：马克思,中国马克思主义哲学 转换(50.0)；中国马克思主义哲学 中国之根 问题(48.7)；中国马克思主义哲学 教科书 建构(48.7)；中国马克思主义哲学 何以是中国的哲学(48.33)；中国马克思主义哲学 文化自信 灵魂(48.33),1819_中国马克思主义哲学_转换.md；0720_中国马克思主义哲学_中国之根_问题.md；0931_中国马克思主义哲学_教科书_建构.md；0724_中国马克思主义哲学_何以是中国的哲学.md；0753_中国马克思主义哲学_文化自信_灵魂.md,,毛泽东哲学思想、中国马克思主义哲学,一本教科书、一个时代、一种...学原理教科书的再思考(上)_何萍；马克思主义哲学中国化与中国道路的哲学表达；高清海先生对马克思主义哲学...理教科书的解构及其当代启示_何萍,8；4；3,是,先核验原卡片再使用,先查主题页《马克思恩格斯经典文本与哲学关系》，再在 T3/T10 中检索：毛泽东哲学思想|中国马克思主义哲学|典型形态,否
530,毛泽东哲学思想 形成 1930年代,0530_毛泽东哲学思想_形成_1930年代.md,3,40.12,中国化,毛泽东哲学与中国革命经验,中国化/毛泽东哲学与中国革命经验.md,低,10.0,自动主题组匹配：毛泽东,毛泽东哲学思想 理论形态(43.33)；毛泽东哲学思想 历史地位(43.33)；毛泽东哲学思想 特点 贡献(43.33)；毛泽东哲学思想 研究 新拓展(42.89)；毛泽东哲学思想 中国化形态(42.89),0544_毛泽东哲学思想_理论形态.md；0545_毛泽东哲学思想_历史地位.md；0626_毛泽东哲学思想_特点_贡献.md；0496_毛泽东哲学思想_研究_新拓展.md；0497_毛泽东哲学思想_中国化形态.md,,毛泽东哲学思想、形成、1930年代,马克思主义哲学在中国传播与发展的百年历史（下）；马克思主义哲学中国化的历史进程；马克思主义哲学史,404；3；501-503,是,先核验原卡片再使用,先查主题页《毛泽东哲学与中国革命经验》，再在 T3/T10 中检索：毛泽东哲学思想|形成|1930年代,否
531,毛泽东 中国民主革命 性质 对象 动力,0531_毛泽东_中国民主革命_性质_对象_动力.md,3,51.0,论战与思想运动,中国近代启蒙与民主革命,论战与思想运动/中国近代启蒙与民主革命.md,低,10.0,自动主题组匹配：民主,中国革命 对象 动力 领导权 前途(25.95)；农民问题 中国革命 毛泽东(20.0)；中国革命 特殊道路 毛泽东(20.0)；中国革命 道路 特点 毛泽东(20.0)；毛泽东 革命民主主义 近代唯物主义(19.35),1116_中国革命_对象_动力_领导权_前途.md；0582_农民问题_中国革命_毛泽东.md；0583_中国革命_特殊道路_毛泽东.md；0616_中国革命_道路_特点_毛泽东.md；0574_毛泽东_革命民主主义_近代唯物主义.md,,毛泽东、中国民主革命、性质、对象、动力,马克思主义哲学中国化与中国哲学的现代转型；马克思主义中国化史；马克思主义哲学在中国传播与发展的百年历史（下）,507；未识别；484-486,是,先核验原卡片再使用,先查主题页《中国近代启蒙与民主革命》，再在 T3/T10 中检索：毛泽东|中国民主革命|性质|对象|动力,否
532,农民运动 革命贡献 毛泽东,0532_农民运动_革命贡献_毛泽东.md,3,30.93,中国化,毛泽东哲学与中国革命经验,中国化/毛泽东哲学与中国革命经验.md,低,10.0,自动主题组匹配：毛泽东,农民问题 中国革命 毛泽东(21.25)；中国革命 特殊道路 毛泽东(19.41)；中国革命 道路 特点 毛泽东(19.41)；毛泽东 能动的革命的反映论(19.17)；毛泽东 革命民主主义 近代唯物主义(18.75),0582_农民问题_中国革命_毛泽东.md；0583_中国革命_特殊道路_毛泽东.md；0616_中国革命_道路_特点_毛泽东.md；0618_毛泽东_能动的革命的反映论.md；0574_毛泽东_革命民主主义_近代唯物主义.md,,农民运动、毛泽东,马克思主义哲学史（第六卷；马克思主义哲学史教程；马克思主义哲学在中国传播与发展的百年历史（下）,226-229；1048；404,是,先核验原卡片再使用,先查主题页《毛泽东哲学与中国革命经验》，再在 T3/T10 中检索：农民运动|革命贡献|毛泽东,否
533,井冈山道路 新民主主义革命,0533_井冈山道路_新民主主义革命.md,3,32.16,论战与思想运动,中国近代启蒙与民主革命,论战与思想运动/中国近代启蒙与民主革命.md,低,20.0,自动主题组匹配：民主,新民主主义革命 总路线(45.71)；新民主主义革命 性质 前途(45.0)；五四运动 新民主主义革命 开端(43.82)；新民主主义革命 基本思想 形成(43.82)；马克思主义哲学 新民主主义革命(43.82),0515_新民主主义革命_总路线.md；0516_新民主主义革命_性质_前途.md；0504_五四运动_新民主主义革命_开端.md；0505_新民主主义革命_基本思想_形成.md；0634_马克思主义哲学_新民主主义革命.md,,新民主主义革命,马克思主义中国化的历史进程和基本经验研究_石仲泉；马列著作在中国的出版；1940年代中国共产党人的思想批判和新民主主义话语权的确立_陈先初,2；161；10,是,先核验原卡片再使用,先查主题页《中国近代启蒙与民主革命》，再在 T3/T10 中检索：井冈山道路|新民主主义革命,否
534,农村包围城市 理论 毛泽东,0534_农村包围城市_理论_毛泽东.md,3,52.27,中国化,毛泽东哲学与中国革命经验,中国化/毛泽东哲学与中国革命经验.md,低,10.0,自动主题组匹配：毛泽东,农村包围城市 理论 实践依据(42.5)；农村包围城市 武装夺取政权 道路(36.94)；红色政权 理论 毛泽东(22.14)；反映论 真理论 实践论 毛泽东(20.88)；理论联系实际 毛泽东(20.0),0584_农村包围城市_理论_实践依据.md；0507_农村包围城市_武装夺取政权_道路.md；0535_红色政权_理论_毛泽东.md；0541_反映论_真理论_实践论_毛泽东.md；0549_理论联系实际_毛泽东.md,,农村包围城市、理论、毛泽东,马克思主义中国化史；马克思主义哲学中国化理论与历史；马克思主义哲学在中国传播与发展的百年历史（下）,未识别；429；404,是,先核验原卡片再使用,先查主题页《毛泽东哲学与中国革命经验》，再在 T3/T10 中检索：农村包围城市|理论|毛泽东,否
535,红色政权 理论 毛泽东,0535_红色政权_理论_毛泽东.md,3,47.61,中国化,毛泽东哲学与中国革命经验,中国化/毛泽东哲学与中国革命经验.md,低,10.0,自动主题组匹配：毛泽东,红色政权 存在发展 客观依据(24.69)；农村包围城市 理论 毛泽东(22.14)；反映论 真理论 实践论 毛泽东(21.67)；理论联系实际 毛泽东(20.77)；毛泽东 第二次结合 理论问题(19.69),1307_红色政权_存在发展_客观依据.md；0534_农村包围城市_理论_毛泽东.md；0541_反映论_真理论_实践论_毛泽东.md；0549_理论联系实际_毛泽东.md；0632_毛泽东_第二次结合_理论问题.md,,红色政权、理论、毛泽东,马克思主义哲学在中国传播与发展的百年历史（下）；百年中国哲学革命；马克思主义哲学中国化理论与历史,484-486；253-255；429,是,先核验原卡片再使用,先查主题页《毛泽东哲学与中国革命经验》，再在 T3/T10 中检索：红色政权|理论|毛泽东,否
536,毛泽东 延安时期 哲学思想,0536_毛泽东_延安时期_哲学思想.md,3,52.81,中国化,毛泽东哲学与中国革命经验,中国化/毛泽东哲学与中国革命经验.md,中,20.0,自动主题组匹配：毛泽东、延安,反对本本主义 毛泽东 哲学思想(42.35)；毛泽东 社会主义道路 哲学思想(42.35)；鲁迅 哲学思想 转变(25.36)；延安时期 知识分子(25.36)；延安时期 马克思主义哲学 创作 宣讲(25.0),0585_反对本本主义_毛泽东_哲学思想.md；0627_毛泽东_社会主义道路_哲学思想.md；1424_鲁迅_哲学思想_转变.md；1704_延安时期_知识分子.md；1206_延安时期_马克思主义哲学_创作_宣讲.md,,毛泽东、延安时期、哲学思想,马克思主义哲学在中国传播与发展的百年历史（下）；延安时期知识分子群体与马克思主义哲学大众化郭 - 2015 -；马克思主义哲学史教程,484-486；163；1049-1050,是,可按主题页优先检索,先查主题页《毛泽东哲学与中国革命经验》，再在 T3/T10 中检索：毛泽东|延安时期|哲学思想,否
537,辩证法唯物论 讲授提纲 毛泽东,0537_辩证法唯物论_讲授提纲_毛泽东.md,3,49.8,中国化,毛泽东哲学与中国革命经验,中国化/毛泽东哲学与中国革命经验.md,低,10.0,自动主题组匹配：毛泽东,辩证法唯物论 讲授提纲 史实纠谬(64.06)；辩证法唯物论 毛泽东哲学(41.67)；辩证法唯物论 入门 战斗性(37.35)；社会斗争 武器 辩证法唯物论(36.94)；辩证法唯物论 思想 发展情况(36.94),1490_辩证法唯物论_讲授提纲_史实纠谬.md；1821_辩证法唯物论_毛泽东哲学.md；1461_辩证法唯物论_入门_战斗性.md；1462_社会斗争_武器_辩证法唯物论.md；1584_辩证法唯物论_思想_发展情况.md,,辩证法唯物论、讲授提纲、毛泽东,马克思主义哲学在中国传播与发展的百年历史（下）；马克思主义哲学史（第六卷；百年中国哲学革命,406-408；560；278-280,是,先核验原卡片再使用,先查主题页《毛泽东哲学与中国革命经验》，再在 T3/T10 中检索：辩证法唯物论|讲授提纲|毛泽东,否
538,抗日军政大学 哲学讲课 毛泽东,0538_抗日军政大学_哲学讲课_毛泽东.md,3,39.55,中国化,毛泽东哲学与中国革命经验,中国化/毛泽东哲学与中国革命经验.md,低,10.0,自动主题组匹配：毛泽东,毛泽东 哲学讲义 中国化语言(20.26)；调查研究 毛泽东 哲学(19.41)；毛泽东 哲学 民族事业(19.41)；哲学 党性 阶级性 毛泽东(19.17)；毛泽东 延安时期 哲学思想(18.95),0539_毛泽东_哲学讲义_中国化语言.md；0550_调查研究_毛泽东_哲学.md；0633_毛泽东_哲学_民族事业.md；0540_哲学_党性_阶级性_毛泽东.md；0536_毛泽东_延安时期_哲学思想.md,,抗日军政大学、哲学讲课、毛泽东,马克思主义哲学在中国传播与发展的百年历史（下）；马列著作在中国的出版；延安时期知识分子群体与马克思主义哲学大众化郭 - 2015 -,406-408；174；135,是,先核验原卡片再使用,先查主题页《毛泽东哲学与中国革命经验》，再在 T3/T10 中检索：抗日军政大学|哲学讲课|毛泽东,否
539,毛泽东 哲学讲义 中国化语言,0539_毛泽东_哲学讲义_中国化语言.md,3,35.8,中国化,毛泽东哲学与中国革命经验,中国化/毛泽东哲学与中国革命经验.md,低,13.0,自动主题组匹配：毛泽东,毛泽东 马克思主义哲学 中国化(21.94)；毛泽东 马克思主义哲学中国化(21.94)；马克思主义中国化 毛泽东 提法(21.94)；调查研究 毛泽东 哲学(21.67)；毛泽东 哲学 民族事业(21.67),0615_毛泽东_马克思主义哲学_中国化.md；1748_毛泽东_马克思主义哲学中国化.md；1804_马克思主义中国化_毛泽东_提法.md；0550_调查研究_毛泽东_哲学.md；0633_毛泽东_哲学_民族事业.md,,毛泽东、哲学讲义,马克思主义哲学在中国传播与发展的百年历史（下）；二十世纪上半叶马克思主义哲学中国化之检视_王玉平；马克思主义哲学史（第六卷,406-408；224；517-626,是,先核验原卡片再使用,先查主题页《毛泽东哲学与中国革命经验》，再在 T3/T10 中检索：毛泽东|哲学讲义|中国化语言,否
540,哲学 党性 阶级性 毛泽东,0540_哲学_党性_阶级性_毛泽东.md,3,49.2,中国化,毛泽东哲学与中国革命经验,中国化/毛泽东哲学与中国革命经验.md,低,10.0,自动主题组匹配：毛泽东,哲学 阶级性 党性 抗战(32.69)；调查研究 毛泽东 哲学(20.36)；毛泽东 哲学 民族事业(20.36)；抗战胜利 必然性 毛泽东(20.0)；毛泽东 延安时期 哲学思想(19.69),1581_哲学_阶级性_党性_抗战.md；0550_调查研究_毛泽东_哲学.md；0633_毛泽东_哲学_民族事业.md；0595_抗战胜利_必然性_毛泽东.md；0536_毛泽东_延安时期_哲学思想.md,,哲学、党性、阶级性、毛泽东,马克思主义哲学史(第五卷)；马克思主义哲学史；百年中国哲学革命,482-485；176-178；640-641,是,先核验原卡片再使用,先查主题页《毛泽东哲学与中国革命经验》，再在 T3/T10 中检索：哲学|党性|阶级性|毛泽东,否
541,反映论 真理论 实践论 毛泽东,0541_反映论_真理论_实践论_毛泽东.md,3,51.05,中国化,毛泽东哲学思想与中国革命经验,中国化/毛泽东哲学思想与中国革命经验.md,高,123.0,已列入原主题页重点卡片；命中主题种子词：毛泽东、实践论；主题词重合：实践论、毛泽东,瞿秋白 真理论 反映论(36.67)；毛泽东 实践论 认识论(36.67)；毛泽东 实践论 中国传统哲学(35.56)；实践论 矛盾论 毛泽东哲学(22.81)；红色政权 理论 毛泽东(21.67),0337_瞿秋白_真理论_反映论.md；1686_毛泽东_实践论_认识论.md；0570_毛泽东_实践论_中国传统哲学.md；0543_实践论_矛盾论_毛泽东哲学.md；0535_红色政权_理论_毛泽东.md,,反映论、真理论、实践论、毛泽东,马克思主义哲学中国化与中国哲学的现代转型；马克思主义哲学在中国传播与发展的百年历史（下）；马克思主义哲学中国化理论与历史,478-479；406-408；442,是,可按主题页优先检索,先查主题页《毛泽东哲学思想与中国革命经验》，再在 T3/T10 中检索：反映论|真理论|实践论|毛泽东,否
542,唯物辩证法 矛盾统一法则 毛泽东,0542_唯物辩证法_矛盾统一法则_毛泽东.md,3,41.0,理论方法,辩证唯物主义体系,理论方法/辩证唯物主义体系.md,高,112.0,已列入原主题页重点卡片；命中主题种子词：唯物辩证法；主题词重合：唯物辩证法,矛盾统一律 唯物辩证法 法则(37.5)；质量互变律 唯物辩证法 法则(31.58)；否定之否定律 唯物辩证法 法则(31.58)；唯物辩证法 风靡全国(30.88)；唯物辩证法 风靡 起点(30.88),1553_矛盾统一律_唯物辩证法_法则.md；1554_质量互变律_唯物辩证法_法则.md；1555_否定之否定律_唯物辩证法_法则.md；1026_唯物辩证法_风靡全国.md；1027_唯物辩证法_风靡_起点.md,,唯物辩证法、矛盾统一法则、毛泽东,马克思主义哲学中国化与中国哲学的现代转型；马克思主义哲学在中国传播与发展的百年历史（下）；中国马克思主义学术史纲,478-479；436；62-64,是,可按主题页优先检索,先查主题页《辩证唯物主义体系》，再在 T3/T10 中检索：唯物辩证法|矛盾统一法则|毛泽东,否
543,实践论 矛盾论 毛泽东哲学,0543_实践论_矛盾论_毛泽东哲学.md,3,54.65,中国化,实践论矛盾论与马克思主义中国化,中国化/实践论矛盾论与马克思主义中国化.md,高,148.0,已列入原主题页重点卡片；命中主题种子词：实践论、矛盾论、毛泽东哲学；主题词重合：实践论、矛盾论、毛泽东哲学；主题域增强：实践论、矛盾论,实践论 矛盾论 中国化(39.62)；实践论 矛盾论 主要内容(38.93)；实践论 矛盾论 重大意义(38.93)；学习宣传 实践论 矛盾论(38.93)；实践论 矛盾论 主要贡献(38.93),0617_实践论_矛盾论_中国化.md；0510_实践论_矛盾论_主要内容.md；0511_实践论_矛盾论_重大意义.md；0565_学习宣传_实践论_矛盾论.md；0588_实践论_矛盾论_主要贡献.md,,实践论、矛盾论、毛泽东哲学,《实践论》和《矛盾论》对马克思主义哲学中国化的启示_许全兴；百年中国哲学革命；马克思主义哲学史,5；283；26-28,是,可按主题页优先检索,先查主题页《实践论矛盾论与马克思主义中国化》，再在 T3/T10 中检索：实践论|矛盾论|毛泽东哲学,否
544,毛泽东哲学思想 理论形态,0544_毛泽东哲学思想_理论形态.md,3,50.38,中国化,毛泽东哲学与中国革命经验,中国化/毛泽东哲学与中国革命经验.md,低,10.0,自动主题组匹配：毛泽东,毛泽东哲学思想 中国化形态(47.5)；毛泽东哲学思想 历史地位(45.71)；毛泽东哲学思想 特点 贡献(45.71)；毛泽东哲学思想 研究 新拓展(45.0)；毛泽东哲学思想 多方面展开(45.0),0497_毛泽东哲学思想_中国化形态.md；0545_毛泽东哲学思想_历史地位.md；0626_毛泽东哲学思想_特点_贡献.md；0496_毛泽东哲学思想_研究_新拓展.md；0594_毛泽东哲学思想_多方面展开.md,,毛泽东哲学思想、理论形态,马克思主义哲学中国化与中国道路的哲学表达；马克思主义哲学在中国传播与发展的百年历史（下）；《矛盾论》的主要矛盾理论与《大众哲学》无关及其他,4；未识别；2,是,先核验原卡片再使用,先查主题页《毛泽东哲学与中国革命经验》，再在 T3/T10 中检索：毛泽东哲学思想|理论形态,否
545,毛泽东哲学思想 历史地位,0545_毛泽东哲学思想_历史地位.md,3,33.2,中国化,毛泽东哲学与中国革命经验,中国化/毛泽东哲学与中国革命经验.md,低,10.0,自动主题组匹配：毛泽东,毛泽东哲学思想 理论形态(45.71)；毛泽东哲学思想 特点 贡献(45.71)；毛泽东哲学思想 研究 新拓展(45.0)；毛泽东哲学思想 中国化形态(45.0)；毛泽东哲学思想 多方面展开(45.0),0544_毛泽东哲学思想_理论形态.md；0626_毛泽东哲学思想_特点_贡献.md；0496_毛泽东哲学思想_研究_新拓展.md；0497_毛泽东哲学思想_中国化形态.md；0594_毛泽东哲学思想_多方面展开.md,,毛泽东哲学思想、历史地位,马克思主义哲学史；马克思主义哲学在中国传播与发展的百年历史（下）；百年中国哲学革命,501-503；484-486；168-170,是,先核验原卡片再使用,先查主题页《毛泽东哲学与中国革命经验》，再在 T3/T10 中检索：毛泽东哲学思想|历史地位,否
546,克服主观主义 实事求是 思想路线,0546_克服主观主义_实事求是_思想路线.md,3,41.4,中国化,实事求是与群众路线,中国化/实事求是与群众路线.md,高,124.0,已列入原主题页重点卡片；命中主题种子词：实事求是、思想路线；主题词重合：实事求是、思想路线,实事求是 思想路线 延安(51.67)；实事求是 上升为 党的思想路线(27.89)；实事求是 解放思想(26.25)；实事求是 毛泽东思想 精髓(25.26)；解放思想 实事求是 哲学发展(25.0),0597_实事求是_思想路线_延安.md；0547_实事求是_上升为_党的思想路线.md；0611_实事求是_解放思想.md；0491_实事求是_毛泽东思想_精髓.md；0568_解放思想_实事求是_哲学发展.md,,克服主观主义、实事求是、思想路线,马克思主义哲学在中国传播与发展的百年历史（下）；马克思主义哲学史（第六卷；马克思主义哲学史,440-442；466；369-970,是,可按主题页优先检索,先查主题页《实事求是与群众路线》，再在 T3/T10 中检索：克服主观主义|实事求是|思想路线,否
547,实事求是 上升为 党的思想路线,0547_实事求是_上升为_党的思想路线.md,3,56.2,中国化,实事求是与群众路线,中国化/实事求是与群众路线.md,高,118.0,已列入原主题页重点卡片；命中主题种子词：实事求是、思想路线；主题词重合：实事求是,实事求是 思想路线 延安(30.0)；克服主观主义 实事求是 思想路线(27.89)；实事求是 解放思想(26.67)；实事求是 毛泽东思想 精髓(25.56)；解放思想 实事求是 哲学发展(25.26),0597_实事求是_思想路线_延安.md；0546_克服主观主义_实事求是_思想路线.md；0611_实事求是_解放思想.md；0491_实事求是_毛泽东思想_精髓.md；0568_解放思想_实事求是_哲学发展.md,,实事求是、上升为、党的思想路线,马克思主义哲学在中国传播与发展的百年历史（下）；马克思主义哲学史；马克思主义中国化探论,438-440；371-373；134,是,可按主题页优先检索,先查主题页《实事求是与群众路线》，再在 T3/T10 中检索：实事求是|上升为|党的思想路线,否
548,一切从实际出发 毛泽东,0548_一切从实际出发_毛泽东.md,3,49.22,中国化,毛泽东哲学与中国革命经验,中国化/毛泽东哲学与中国革命经验.md,低,10.0,自动主题组匹配：毛泽东,理论联系实际 毛泽东(20.36)；毛泽东 重视实际 唯物论(20.0)；毛泽东 世界观 转变(18.57)；矛盾论 辩证 毛泽东(18.57)；毛泽东 马克思列宁主义 中国革命实际(18.57),0549_理论联系实际_毛泽东.md；0579_毛泽东_重视实际_唯物论.md；0573_毛泽东_世界观_转变.md；0630_矛盾论_辩证_毛泽东.md；0862_毛泽东_马克思列宁主义_中国革命实际.md,,一切从实际出发、毛泽东,中国马克思主义：概念界定与历史使命_王庆丰；马克思主义哲学中国化理论与历史；马克思主义中国化探论,9；572；134,是,先核验原卡片再使用,先查主题页《毛泽东哲学与中国革命经验》，再在 T3/T10 中检索：一切从实际出发|毛泽东,否
549,理论联系实际 毛泽东,0549_理论联系实际_毛泽东.md,3,47.82,理论方法,哲学基本范畴与辩证法原理,理论方法/哲学基本范畴与辩证法原理.md,低,10.0,自动主题组匹配：联系,红色政权 理论 毛泽东(20.77)；一切从实际出发 毛泽东(20.36)；毛泽东 重视实际 唯物论(20.36)；农村包围城市 理论 毛泽东(20.0)；反映论 真理论 实践论 毛泽东(19.69),0535_红色政权_理论_毛泽东.md；0548_一切从实际出发_毛泽东.md；0579_毛泽东_重视实际_唯物论.md；0534_农村包围城市_理论_毛泽东.md；0541_反映论_真理论_实践论_毛泽东.md,,理论联系实际、毛泽东,马克思主义哲学在中国传播与发展的百年历史（下）；马克思主义哲学史（第六卷；马列著作在中国的出版,442-444；478-476；199,是,先核验原卡片再使用,先查主题页《哲学基本范畴与辩证法原理》，再在 T3/T10 中检索：理论联系实际|毛泽东,否
550,调查研究 毛泽东 哲学,0550_调查研究_毛泽东_哲学.md,3,53.2,中国化,实事求是与群众路线,中国化/实事求是与群众路线.md,高,112.0,已列入原主题页重点卡片；命中主题种子词：调查研究；主题词重合：调查研究,毛泽东 调查研究 特点(46.36)；调查研究 实事求是 认识论(25.0)；调查研究 认识中国 改造中国(25.0)；毛泽东 哲学 民族事业(23.33)；毛泽东 哲学讲义 中国化语言(21.67),0586_毛泽东_调查研究_特点.md；0608_调查研究_实事求是_认识论.md；1210_调查研究_认识中国_改造中国.md；0633_毛泽东_哲学_民族事业.md；0539_毛泽东_哲学讲义_中国化语言.md,,调查研究、毛泽东、哲学,马克思主义哲学史；马克思主义哲学史（第六卷；马克思主义哲学在中国传播与发展的百年历史（下）,501-503；479-482；444-446,是,可按主题页优先检索,先查主题页《实事求是与群众路线》，再在 T3/T10 中检索：调查研究|毛泽东|哲学,否
551,反对本本主义 毛泽东,0551_反对本本主义_毛泽东.md,3,47.92,中国化,毛泽东哲学与中国革命经验,中国化/毛泽东哲学与中国革命经验.md,低,10.0,自动主题组匹配：毛泽东,反对本本主义 毛泽东 哲学思想(61.67)；反对本本主义 中国革命战争 战略问题(36.94)；中国马克思主义 毛泽东(22.69)；毛泽东 爱国主义 马克思主义(20.0)；毛泽东 新民主主义论 评价(20.0),0585_反对本本主义_毛泽东_哲学思想.md；1427_反对本本主义_中国革命战争_战略问题.md；1982_中国马克思主义_毛泽东.md；0580_毛泽东_爱国主义_马克思主义.md；0624_毛泽东_新民主主义论_评价.md,,反对本本主义、毛泽东,马克思主义哲学史教程；二十世纪上半叶马克思主义哲学中国化之检视_王玉平；马克思主义中国化探论,991-993；166；73,是,先核验原卡片再使用,先查主题页《毛泽东哲学与中国革命经验》，再在 T3/T10 中检索：反对本本主义|毛泽东,否
552,群众路线 系统阐述 毛泽东,0552_群众路线_系统阐述_毛泽东.md,3,49.35,中国化,毛泽东哲学思想与中国革命经验,中国化/毛泽东哲学思想与中国革命经验.md,高,121.0,已列入原主题页重点卡片；命中主题种子词：毛泽东、群众路线；主题词重合：群众路线、毛泽东,群众路线 思想 系统阐述(51.54)；群众路线 毛泽东思想(29.62)；群众路线 认识论(25.77)；群众路线 领导方法(25.36)；唯物史观 基本理论 系统阐述(24.17),0521_群众路线_思想_系统阐述.md；0492_群众路线_毛泽东思想.md；0598_群众路线_认识论.md；0553_群众路线_领导方法.md；0033_唯物史观_基本理论_系统阐述.md,,群众路线、系统阐述、毛泽东,马克思主义哲学在中国传播与发展的百年历史（下）；马克思主义哲学中国化与中国道路的哲学表达；马克思主义中国化史,454-456；6；未识别,是,可按主题页优先检索,先查主题页《毛泽东哲学思想与中国革命经验》，再在 T3/T10 中检索：群众路线|系统阐述|毛泽东,否
553,群众路线 领导方法,0553_群众路线_领导方法.md,3,46.56,中国化,实事求是与群众路线,中国化/实事求是与群众路线.md,高,112.0,已列入原主题页重点卡片；命中主题种子词：群众路线；主题词重合：群众路线,群众路线 认识论(27.5)；群众路线 毛泽东思想(26.25)；领导方法 工作方法 概括(26.25)；群众路线 思想 系统阐述(25.77)；领导方法 工作方法 毛泽东(25.77),0598_群众路线_认识论.md；0492_群众路线_毛泽东思想.md；1363_领导方法_工作方法_概括.md；0521_群众路线_思想_系统阐述.md；0554_领导方法_工作方法_毛泽东.md,,群众路线、领导方法,二十世纪上半叶马克思主义哲学中国化之检视_王玉平；抗日战争与中国共产党哲学思想的形成和发展_李维武；马克思主义哲学中国化与中国道路的哲学表达,200；10；6,是,可按主题页优先检索,先查主题页《实事求是与群众路线》，再在 T3/T10 中检索：群众路线|领导方法,否
554,领导方法 工作方法 毛泽东,0554_领导方法_工作方法_毛泽东.md,3,51.0,中国化,毛泽东哲学与中国革命经验,中国化/毛泽东哲学与中国革命经验.md,低,10.0,自动主题组匹配：毛泽东,领导方法 工作方法 概括(53.64)；思想方法 工作方法 哲学(27.69)；群众路线 领导方法(25.77)；战略战术 辩证法 毛泽东(20.0)；中国化 方法论体系 毛泽东(19.69),1363_领导方法_工作方法_概括.md；1213_思想方法_工作方法_哲学.md；0553_群众路线_领导方法.md；0587_战略战术_辩证法_毛泽东.md；0498_中国化_方法论体系_毛泽东.md,,领导方法、工作方法、毛泽东,马克思主义哲学在中国传播与发展的百年历史（下）；马克思主义哲学史（第六卷；马克思主义哲学史,456-458；549-650；207-208,是,先核验原卡片再使用,先查主题页《毛泽东哲学与中国革命经验》，再在 T3/T10 中检索：领导方法|工作方法|毛泽东,否
555,历史唯物主义 战争观 毛泽东,0555_历史唯物主义_战争观_毛泽东.md,3,40.74,中国化,毛泽东哲学与中国革命经验,中国化/毛泽东哲学与中国革命经验.md,低,14.0,自动主题组匹配：毛泽东,历史唯物主义 辩证唯物主义(38.93)；历史唯物主义 研讨 争论(38.33)；历史唯物主义 辩证唯物主义 列宁(37.81)；人民民主专政 历史唯物主义(37.35)；辩证唯物主义 历史唯物主义 斯大林(37.35),1707_历史唯物主义_辩证唯物主义.md；0978_历史唯物主义_研讨_争论.md；1800_历史唯物主义_辩证唯物主义_列宁.md；0600_人民民主专政_历史唯物主义.md；0787_辩证唯物主义_历史唯物主义_斯大林.md,,历史唯物主义、战争观、毛泽东,马克思主义哲学在中国传播与发展的百年历史（下）；毛泽东哲学批注集：辩证法唯物论教程批注 (毛泽东)；冯契文集第七卷中国近代哲学的革命进程,462-464；525；621,是,先核验原卡片再使用,先查主题页《毛泽东哲学与中国革命经验》，再在 T3/T10 中检索：历史唯物主义|战争观|毛泽东,否
556,战争根源 战争本质 毛泽东,0556_战争根源_战争本质_毛泽东.md,0,0.0,理论方法,哲学基本范畴与辩证法原理,理论方法/哲学基本范畴与辩证法原理.md,低,10.0,自动主题组匹配：本质,人民战争 思想 毛泽东(20.36)；历史唯物主义 战争观 毛泽东(19.41)；毛泽东 世界观 转变(18.57)；矛盾论 辩证 毛泽东(18.57)；毛泽东 建党思想 形成(18.33),0557_人民战争_思想_毛泽东.md；0555_历史唯物主义_战争观_毛泽东.md；0573_毛泽东_世界观_转变.md；0630_矛盾论_辩证_毛泽东.md；0506_毛泽东_建党思想_形成.md,,,,,否,先核验原卡片再使用,先查主题页《哲学基本范畴与辩证法原理》，再在 T3/T10 中检索：战争根源|战争本质|毛泽东,否
557,人民战争 思想 毛泽东,0557_人民战争_思想_毛泽东.md,3,53.2,中国化,毛泽东哲学与中国革命经验,中国化/毛泽东哲学与中国革命经验.md,低,10.0,自动主题组匹配：毛泽东,人民战争 战略战术 原则(25.36)；人民战争 战略战术 辩证法(25.0)；毛泽东 建党思想 形成(20.77)；战争根源 战争本质 毛泽东(20.36)；毛泽东 延安时期 哲学思想(20.0),1217_人民战争_战略战术_原则.md；1324_人民战争_战略战术_辩证法.md；0506_毛泽东_建党思想_形成.md；0556_战争根源_战争本质_毛泽东.md；0536_毛泽东_延安时期_哲学思想.md,,人民战争、思想、毛泽东,马克思主义哲学在中国传播与发展的百年历史（下）；中国马克思主义学术史纲；马克思主义哲学史（第六卷,468-470；68-60；450-451,是,先核验原卡片再使用,先查主题页《毛泽东哲学与中国革命经验》，再在 T3/T10 中检索：人民战争|思想|毛泽东,否
558,新民主主义理论 成熟,0558_新民主主义理论_成熟.md,3,44.71,中国化,新民主主义革命理论与马克思主义中国化,中国化/新民主主义革命理论与马克思主义中国化.md,高,120.0,已列入原主题页重点卡片；命中主题种子词：新民主主义理论、新民主主义；主题词重合：新民主主义理论,新民主主义理论 马克思主义中国化(45.0)；新民主主义论(11.11)；新民主主义理论体系 系统阐述(10.71)；新民主主义 革命 理论 哲学(9.62)；新民主主义 话语权(9.09),0564_新民主主义理论_马克思主义中国化.md；1916_新民主主义论.md；0514_新民主主义理论体系_系统阐述.md；0596_新民主主义_革命_理论_哲学.md；1649_新民主主义_话语权.md,,新民主主义理论、成熟,延安时期知识分子群体与马克思主义哲学大众化郭 - 2015 -；马克思主义哲学在中国传播与发展的百年历史（下）；1940年代中国共产党人的思想批判和新民主主义话语权的确立_陈先初,149；470；3,是,可按主题页优先检索,先查主题页《新民主主义革命理论与马克思主义中国化》，再在 T3/T10 中检索：新民主主义理论|成熟,否
559,新民主主义 经济 政治 文化,0559_新民主主义_经济_政治_文化.md,3,64.0,中国化,新民主主义革命理论与马克思主义中国化,中国化/新民主主义革命理论与马克思主义中国化.md,高,112.0,已列入原主题页重点卡片；命中主题种子词：新民主主义；主题词重合：新民主主义,新民主主义 政治经济文化纲领(36.67)；新民主主义 话语权(32.69)；新民主主义 构想 实践(32.14)；新启蒙运动 新民主主义 文化思想(31.94)；新民主主义 社会主义 关系(31.67),0517_新民主主义_政治经济文化纲领.md；1649_新民主主义_话语权.md；0525_新民主主义_构想_实践.md；1801_新启蒙运动_新民主主义_文化思想.md；0527_新民主主义_社会主义_关系.md,,新民主主义、经济、政治、文化,马克思主义中国化史；马克思主义哲学在中国传播与发展的百年历史（下）；马克思主义哲学史（第六卷,未识别；472-474；505-507,是,可按主题页优先检索,先查主题页《新民主主义革命理论与马克思主义中国化》，再在 T3/T10 中检索：新民主主义|经济|政治|文化,否
560,新民主主义 基本纲领 最高纲领,0560_新民主主义_基本纲领_最高纲领.md,3,42.6,中国化,新民主主义革命理论与马克思主义中国化,中国化/新民主主义革命理论与马克思主义中国化.md,高,112.0,已列入原主题页重点卡片；命中主题种子词：新民主主义；主题词重合：新民主主义,新民主主义 话语权(32.14)；新民主主义 政治经济文化纲领(31.94)；新民主主义 构想 实践(31.67)；新民主主义 社会主义 关系(31.25)；新民主主义 经济 政治 文化(30.88),1649_新民主主义_话语权.md；0517_新民主主义_政治经济文化纲领.md；0525_新民主主义_构想_实践.md；0527_新民主主义_社会主义_关系.md；0559_新民主主义_经济_政治_文化.md,,新民主主义、基本纲领、最高纲领,马克思主义哲学在中国传播与发展的百年历史（下）；马克思主义哲学史（第六卷；马克思主义哲学中国化理论与历史,476；497-499；503,是,可按主题页优先检索,先查主题页《新民主主义革命理论与马克思主义中国化》，再在 T3/T10 中检索：新民主主义|基本纲领|最高纲领,否
561,新民主主义 发展资本主义 关系,0561_新民主主义_发展资本主义_关系.md,3,40.2,中国化,新民主主义革命理论与马克思主义中国化,中国化/新民主主义革命理论与马克思主义中国化.md,高,112.0,已列入原主题页重点卡片；命中主题种子词：新民主主义；主题词重合：新民主主义,新民主主义 社会主义 关系(35.71)；新民主主义 话语权(32.14)；新民主主义 构想 实践(31.67)；新民主主义 经济 政治 文化(30.88)；新民主主义 革命 理论 哲学(30.88),0527_新民主主义_社会主义_关系.md；1649_新民主主义_话语权.md；0525_新民主主义_构想_实践.md；0559_新民主主义_经济_政治_文化.md；0596_新民主主义_革命_理论_哲学.md,,新民主主义、发展资本主义、关系,马克思主义哲学在中国传播与发展的百年历史（下）；马克思主义哲学史；胡绳全书.第7卷,476；54-57；68-70,是,可按主题页优先检索,先查主题页《新民主主义革命理论与马克思主义中国化》，再在 T3/T10 中检索：新民主主义|发展资本主义|关系,否
562,新民主主义 国家 人民民主专政,0562_新民主主义_国家_人民民主专政.md,3,55.47,中国化,新民主主义革命理论与马克思主义中国化,中国化/新民主主义革命理论与马克思主义中国化.md,高,112.0,已列入原主题页重点卡片；命中主题种子词：新民主主义；主题词重合：新民主主义,人民民主专政 历史唯物主义(39.38)；新民主主义 话语权(32.14)；新民主主义 构想 实践(31.67)；新民主主义 社会主义 关系(31.25)；新民主主义 经济 政治 文化(30.88),0600_人民民主专政_历史唯物主义.md；1649_新民主主义_话语权.md；0525_新民主主义_构想_实践.md；0527_新民主主义_社会主义_关系.md；0559_新民主主义_经济_政治_文化.md,,新民主主义、国家、人民民主专政,马克思主义哲学在中国传播与发展的百年历史（下）；1940年代中国共产党人的思想批判和新民主主义话语权的确立_陈先初；马列著作在中国的出版,476-478；11；231,是,可按主题页优先检索,先查主题页《新民主主义革命理论与马克思主义中国化》，再在 T3/T10 中检索：新民主主义|国家|人民民主专政,否
563,新民主主义论 哲学思想,0563_新民主主义论_哲学思想.md,3,49.18,中国化,新民主主义革命理论与马克思主义中国化,中国化/新民主主义革命理论与马克思主义中国化.md,高,106.0,已列入原主题页重点卡片；命中主题种子词：新民主主义,新民主主义论(43.89)；新民主主义论 再评价(40.42)；毛泽东 新民主主义论 评价(38.93)；布列斯特和约 争论 哲学思想(26.25)；反对本本主义 毛泽东 哲学思想(25.88),1916_新民主主义论.md；0623_新民主主义论_再评价.md；0624_毛泽东_新民主主义论_评价.md；1250_布列斯特和约_争论_哲学思想.md；0585_反对本本主义_毛泽东_哲学思想.md,,新民主主义论、哲学思想,中国知识界关于“马克思主义中国化”的论争——以20世纪30-40年代为中心_张安；艾思奇关于马克思主义哲学中国化的“系统构想”_罗永剑；抗日战争与中国共产党哲学思想的形成和发展_李维武,11；4；12,是,可按主题页优先检索,先查主题页《新民主主义革命理论与马克思主义中国化》，再在 T3/T10 中检索：新民主主义论|哲学思想,否
564,新民主主义理论 马克思主义中国化,0564_新民主主义理论_马克思主义中国化.md,3,57.59,中国化,新民主主义革命理论与马克思主义中国化,中国化/新民主主义革命理论与马克思主义中国化.md,高,138.0,已列入原主题页重点卡片；命中主题种子词：新民主主义理论、新民主主义、马克思主义中国化；主题词重合：新民主主义理论、马克思主义中国化；主题域增强：中国化,新民主主义革命理论 马克思主义中国化(58.75)；邓小平理论 马克思主义中国化(54.06)；新民主主义革命 马克思主义中国化 主题(53.89)；马克思主义中国化 理论困境(52.5)；马克思主义中国化 前瞻(51.67),0503_新民主主义革命理论_马克思主义中国化.md；0646_邓小平理论_马克思主义中国化.md；0502_新民主主义革命_马克思主义中国化_主题.md；1178_马克思主义中国化_理论困境.md；1180_马克思主义中国化_前瞻.md,,新民主主义理论、马克思主义中国化,中国知识界关于“马克思主义中国化”的论争——以20世纪30-40年代为中心_张安；马克思主义中国化的历史进程和基本经验研究_石仲泉；马列著作在中国的出版,8；4；170,是,可按主题页优先检索,先查主题页《新民主主义革命理论与马克思主义中国化》，再在 T3/T10 中检索：新民主主义理论|马克思主义中国化,否
565,学习宣传 实践论 矛盾论,0565_学习宣传_实践论_矛盾论.md,3,37.33,中国化,实践论矛盾论与马克思主义中国化,中国化/实践论矛盾论与马克思主义中国化.md,高,136.0,已列入原主题页重点卡片；命中主题种子词：实践论、矛盾论；主题词重合：实践论、矛盾论；主题域增强：实践论、矛盾论,实践论 学习宣传 新中国(44.62)；矛盾论 学习宣传 新中国(44.62)；实践论 矛盾论 中国化(40.42)；实践论 矛盾论 主要内容(39.62)；实践论 矛盾论 重大意义(39.62),0566_实践论_学习宣传_新中国.md；0567_矛盾论_学习宣传_新中国.md；0617_实践论_矛盾论_中国化.md；0510_实践论_矛盾论_主要内容.md；0511_实践论_矛盾论_重大意义.md,,实践论、矛盾论,百年中国哲学革命；马克思主义哲学史；马克思主义哲学在中国：传播、应用、形态、前景,283-285；20-23；185-186,是,可按主题页优先检索,先查主题页《实践论矛盾论与马克思主义中国化》，再在 T3/T10 中检索：学习宣传|实践论|矛盾论,否
566,实践论 学习宣传 新中国,0566_实践论_学习宣传_新中国.md,3,37.75,中国化,实践论矛盾论与马克思主义中国化,中国化/实践论矛盾论与马克思主义中国化.md,高,118.0,已列入原主题页重点卡片；命中主题种子词：实践论；主题词重合：实践论；主题域增强：实践论,矛盾论 学习宣传 新中国(50.91)；学习宣传 实践论 矛盾论(44.62)；建国初期 马克思主义哲学 学习宣传(23.75)；实践论(20.56)；实践论 矛盾论 中国化(20.36),0567_矛盾论_学习宣传_新中国.md；0565_学习宣传_实践论_矛盾论.md；1340_建国初期_马克思主义哲学_学习宣传.md；1864_实践论.md；0617_实践论_矛盾论_中国化.md,,实践论、新中国,《实践论》和《矛盾论》对马克思主义哲学中国化的启示_许全兴；马克思主义哲学在中国传播与发展的百年历史（下）；百年中国哲学革命,5；508；134-135,是,可按主题页优先检索,先查主题页《实践论矛盾论与马克思主义中国化》，再在 T3/T10 中检索：实践论|学习宣传|新中国,否
567,矛盾论 学习宣传 新中国,0567_矛盾论_学习宣传_新中国.md,3,32.53,中国化,实践论矛盾论与马克思主义中国化,中国化/实践论矛盾论与马克思主义中国化.md,高,118.0,已列入原主题页重点卡片；命中主题种子词：矛盾论；主题词重合：矛盾论；主题域增强：矛盾论,实践论 学习宣传 新中国(50.91)；学习宣传 实践论 矛盾论(44.62)；建国初期 马克思主义哲学 学习宣传(23.75)；矛盾论(20.56)；实践论 矛盾论 中国化(20.36),0566_实践论_学习宣传_新中国.md；0565_学习宣传_实践论_矛盾论.md；1340_建国初期_马克思主义哲学_学习宣传.md；1862_矛盾论.md；0617_实践论_矛盾论_中国化.md,,矛盾论、新中国,百年中国哲学革命；马克思主义哲学在中国传播与发展的百年历史（下）；马克思主义哲学在中国：传播、应用、形态、前景,287-289；516-518；185-186,是,可按主题页优先检索,先查主题页《实践论矛盾论与马克思主义中国化》，再在 T3/T10 中检索：矛盾论|学习宣传|新中国,否
568,解放思想 实事求是 哲学发展,0568_解放思想_实事求是_哲学发展.md,3,38.77,中国化,实事求是与群众路线,中国化/实事求是与群众路线.md,高,112.0,已列入原主题页重点卡片；命中主题种子词：实事求是；主题词重合：实事求是,实事求是 解放思想(52.5)；实事求是 思想路线 延安(26.25)；实事求是 毛泽东思想 精髓(25.88)；实事求是 上升为 党的思想路线(25.26)；克服主观主义 实事求是 思想路线(25.0),0611_实事求是_解放思想.md；0597_实事求是_思想路线_延安.md；0491_实事求是_毛泽东思想_精髓.md；0547_实事求是_上升为_党的思想路线.md；0546_克服主观主义_实事求是_思想路线.md,,解放思想、实事求是,马克思主义哲学史；马克思主义哲学中国化理论与历史；马列著作在中国的出版,362-883；571；492,是,可按主题页优先检索,先查主题页《实事求是与群众路线》，再在 T3/T10 中检索：解放思想|实事求是|哲学发展,否
569,毛泽东 艾奇逊 中国无根 论,0569_毛泽东_艾奇逊_中国无根_论.md,2,35.2,中国化,毛泽东哲学与中国革命经验,中国化/毛泽东哲学与中国革命经验.md,低,10.0,自动主题组匹配：毛泽东,中国马克思主义 毛泽东(19.69)；中国化 方法论体系 毛泽东(19.41)；农民问题 中国革命 毛泽东(19.41)；中国革命 特殊道路 毛泽东(19.41)；中国革命 道路 特点 毛泽东(19.41),1982_中国马克思主义_毛泽东.md；0498_中国化_方法论体系_毛泽东.md；0582_农民问题_中国革命_毛泽东.md；0583_中国革命_特殊道路_毛泽东.md；0616_中国革命_道路_特点_毛泽东.md,,毛泽东、艾奇逊,马克思主义哲学史（第六卷；二十世纪上半叶马克思主义哲学中国化之检视_王玉平,841-644；145,是,先核验原卡片再使用,先查主题页《毛泽东哲学与中国革命经验》，再在 T3/T10 中检索：毛泽东|艾奇逊|中国无根,否
570,毛泽东 实践论 中国传统哲学,0570_毛泽东_实践论_中国传统哲学.md,3,54.08,中国化,毛泽东哲学思想与中国革命经验,中国化/毛泽东哲学思想与中国革命经验.md,高,123.0,已列入原主题页重点卡片；命中主题种子词：毛泽东、实践论；主题词重合：毛泽东、实践论,毛泽东 实践论 认识论(38.93)；中国传统哲学 精华 发掘(38.33)；唯物史观 研究 中国传统哲学(37.35)；马克思主义哲学 中国传统哲学 结合(36.58)；马克思主义哲学 中国传统哲学 形态(36.58),1686_毛泽东_实践论_认识论.md；1492_中国传统哲学_精华_发掘.md；0042_唯物史观_研究_中国传统哲学.md；1417_马克思主义哲学_中国传统哲学_结合.md；1797_马克思主义哲学_中国传统哲学_形态.md,,毛泽东、实践论、中国传统哲学,马克思主义哲学中国化与中国哲学的现代转型；20世纪30年代~40年代马克思主义哲学与中国传统哲学结合的形态_李维武；《实践论》和《矛盾论》对马克思主义哲学中国化的启示_许全兴,335-337；2；1,是,可按主题页优先检索,先查主题页《毛泽东哲学思想与中国革命经验》，再在 T3/T10 中检索：毛泽东|实践论|中国传统哲学,否
571,毛泽东 矛盾论 中国哲学传统,0571_毛泽东_矛盾论_中国哲学传统.md,3,49.52,中国化,实践论矛盾论与马克思主义中国化,中国化/实践论矛盾论与马克思主义中国化.md,高,118.0,已列入原主题页重点卡片；命中主题种子词：矛盾论；主题词重合：矛盾论；主题域增强：矛盾论,毛泽东 矛盾论 主要矛盾(38.93)；矛盾论 辩证 毛泽东(37.14)；马克思主义哲学中国化 中国哲学传统(36.58)；马克思主义哲学 中国哲学传统 结合(36.58)；毛泽东 实践论 中国传统哲学(24.38),1687_毛泽东_矛盾论_主要矛盾.md；0630_矛盾论_辩证_毛泽东.md；0725_马克思主义哲学中国化_中国哲学传统.md；0726_马克思主义哲学_中国哲学传统_结合.md；0570_毛泽东_实践论_中国传统哲学.md,,毛泽东、矛盾论、中国哲学传统,百年中国哲学革命；马克思主义哲学中国化理论与历史；马克思主义中国化探论,290-292；450；67,是,可按主题页优先检索,先查主题页《实践论矛盾论与马克思主义中国化》，再在 T3/T10 中检索：毛泽东|矛盾论|中国哲学传统,否
572,毛泽东哲学 中国哲学现代传统,0572_毛泽东哲学_中国哲学现代传统.md,3,31.75,中国哲学传统,中国哲学传统与现代转型,中国哲学传统/中国哲学传统与现代转型.md,中,23.0,自动主题组匹配：中国哲学、传统,毛泽东哲学 中国现代哲学(38.46)；毛泽东哲学 马克思主义哲学中国化(33.33)；思维方式 毛泽东哲学(31.67)；实践论 矛盾论 毛泽东哲学(30.88)；辩证法唯物论 毛泽东哲学(30.88),0628_毛泽东哲学_中国现代哲学.md；1893_毛泽东哲学_马克思主义哲学中国化.md；1806_思维方式_毛泽东哲学.md；0543_实践论_矛盾论_毛泽东哲学.md；1821_辩证法唯物论_毛泽东哲学.md,,中国哲学现代传统、毛泽东哲学,马克思主义哲学中国化理论与历史；中国文化与马克思主义；《矛盾论》的主要矛盾理论与《大众哲学》无关及其他,87；352；2,是,可按主题页优先检索,先查主题页《中国哲学传统与现代转型》，再在 T3/T10 中检索：毛泽东哲学|中国哲学现代传统,否
573,毛泽东 世界观 转变,0573_毛泽东_世界观_转变.md,3,49.2,新哲学大众化,思想方法与世界观教育,新哲学大众化/思想方法与世界观教育.md,高,109.0,已列入原主题页重点卡片；命中主题种子词：世界观；主题词重合：世界观,毛泽东 共产主义 辩证唯物主义 转变(29.41)；矛盾论 辩证 毛泽东(19.17)；思想方法论 世界观 方法论(18.85)；毛泽东 建党思想 形成(18.85)；红色政权 理论 毛泽东(18.85),0577_毛泽东_共产主义_辩证唯物主义_转变.md；0630_矛盾论_辩证_毛泽东.md；0416_思想方法论_世界观_方法论.md；0506_毛泽东_建党思想_形成.md；0535_红色政权_理论_毛泽东.md,,毛泽东、世界观、转变,马克思主义哲学史（第六卷；百年中国哲学革命；冯契文集第七卷中国近代哲学的革命进程,84-95；248-250；284,是,可按主题页优先检索,先查主题页《思想方法与世界观教育》，再在 T3/T10 中检索：毛泽东|世界观|转变,否
574,毛泽东 革命民主主义 近代唯物主义,0574_毛泽东_革命民主主义_近代唯物主义.md,3,39.72,论战与思想运动,中国近代启蒙与民主革命,论战与思想运动/中国近代启蒙与民主革命.md,低,10.0,自动主题组匹配：民主,毛泽东 唯心主义 近代唯物主义(57.5)；毛泽东 新民主主义论 评价(21.94)；历史唯物主义 战争观 毛泽东(21.58)；毛泽东 激进民主主义 空想社会主义(20.95)；毛泽东 共产主义 辩证唯物主义 转变(20.95),0575_毛泽东_唯心主义_近代唯物主义.md；0624_毛泽东_新民主主义论_评价.md；0555_历史唯物主义_战争观_毛泽东.md；0576_毛泽东_激进民主主义_空想社会主义.md；0577_毛泽东_共产主义_辩证唯物主义_转变.md,,毛泽东、革命民主主义、近代唯物主义,马克思主义哲学史（第六卷；马克思主义中国化探论；一本教科书、一个时代、一种...学原理教科书的再思考(上)_何萍,95；191；14,是,先核验原卡片再使用,先查主题页《中国近代启蒙与民主革命》，再在 T3/T10 中检索：毛泽东|革命民主主义|近代唯物主义,否
575,毛泽东 唯心主义 近代唯物主义,0575_毛泽东_唯心主义_近代唯物主义.md,3,41.18,中国化,毛泽东哲学与中国革命经验,中国化/毛泽东哲学与中国革命经验.md,低,12.0,自动主题组匹配：毛泽东,毛泽东 革命民主主义 近代唯物主义(57.5)；唯心主义 唯物主义(30.42)；唯心主义 辩证唯物主义(28.93)；唯心主义 黑格尔(25.36)；唯心主义 马赫主义(25.36),0574_毛泽东_革命民主主义_近代唯物主义.md；1721_唯心主义_唯物主义.md；1766_唯心主义_辩证唯物主义.md；1724_唯心主义_黑格尔.md；1728_唯心主义_马赫主义.md,,毛泽东、唯心主义、近代唯物主义,马克思主义哲学史（第六卷；当前马克思主义研究中的五个重大问题_杨耕；百年中国哲学革命,95；10；300-302,是,先核验原卡片再使用,先查主题页《毛泽东哲学与中国革命经验》，再在 T3/T10 中检索：毛泽东|唯心主义|近代唯物主义,否
576,毛泽东 激进民主主义 空想社会主义,0576_毛泽东_激进民主主义_空想社会主义.md,3,53.35,论战与思想运动,中国近代启蒙与民主革命,论战与思想运动/中国近代启蒙与民主革命.md,低,15.0,自动主题组匹配：民主,毛泽东 新民主主义论 评价(21.94)；毛泽东 社会主义道路 哲学思想(21.25)；毛泽东 革命民主主义 近代唯物主义(20.95)；大同 理想社会 毛泽东(20.88)；反对本本主义 毛泽东(19.17),0624_毛泽东_新民主主义论_评价.md；0627_毛泽东_社会主义道路_哲学思想.md；0574_毛泽东_革命民主主义_近代唯物主义.md；0621_大同_理想社会_毛泽东.md；0551_反对本本主义_毛泽东.md,,毛泽东、激进民主主义、空想社会主义,马克思主义在中国早期传播若干问题的辨析_田子渝；马克思主义哲学史（第六卷；中国文化与马克思主义,6；102-105；218,是,先核验原卡片再使用,先查主题页《中国近代启蒙与民主革命》，再在 T3/T10 中检索：毛泽东|激进民主主义|空想社会主义,否
577,毛泽东 共产主义 辩证唯物主义 转变,0577_毛泽东_共产主义_辩证唯物主义_转变.md,3,54.8,中国化,毛泽东哲学与中国革命经验,中国化/毛泽东哲学与中国革命经验.md,低,14.0,自动主题组匹配：毛泽东,历史唯物主义 辩证唯物主义(40.0)；唯心主义 辩证唯物主义(40.0)；历史唯物主义 辩证唯物主义 列宁(38.82)；辩证唯物主义 研讨 争论(37.35)；瞿秋白 辩证唯物主义 传播(36.94),1707_历史唯物主义_辩证唯物主义.md；1766_唯心主义_辩证唯物主义.md；1800_历史唯物主义_辩证唯物主义_列宁.md；0981_辩证唯物主义_研讨_争论.md；0335_瞿秋白_辩证唯物主义_传播.md,,毛泽东、共产主义、辩证唯物主义、转变,马克思主义哲学史（第六卷；冯契文集第七卷中国近代哲学的革命进程；中国近代哲学的革命进程,107；608；577-578,是,先核验原卡片再使用,先查主题页《毛泽东哲学与中国革命经验》，再在 T3/T10 中检索：毛泽东|共产主义|辩证唯物主义|转变,否
578,毛泽东 唯物史观 初步确立,0578_毛泽东_唯物史观_初步确立.md,3,33.4,中国化,毛泽东哲学与中国革命经验,中国化/毛泽东哲学与中国革命经验.md,低,18.0,自动主题组匹配：毛泽东,毛泽东 唯物史观 传播 应用(45.71)；李大钊 唯物史观 初步应用(28.33)；唯物史观 谈政治(25.77)；唯物史观 李大钊(25.77)；唯物史观 传播热潮(25.36),0614_毛泽东_唯物史观_传播_应用.md；0272_李大钊_唯物史观_初步应用.md；0032_唯物史观_谈政治.md；1775_唯物史观_李大钊.md；0064_唯物史观_传播热潮.md,,毛泽东、唯物史观、初步确立,马克思主义哲学史（第六卷；马克思主义哲学中国化与中国哲学的现代转型；马克思主义哲学史教程,108-111；500-502；873-874,是,先核验原卡片再使用,先查主题页《毛泽东哲学与中国革命经验》，再在 T3/T10 中检索：毛泽东|唯物史观|初步确立,否
579,毛泽东 重视实际 唯物论,0579_毛泽东_重视实际_唯物论.md,3,35.33,中国化,毛泽东哲学与中国革命经验,中国化/毛泽东哲学与中国革命经验.md,低,10.0,自动主题组匹配：毛泽东,辩证法唯物论 讲授提纲 毛泽东(20.88)；毛泽东 辩证法唯物论教程 批注(20.88)；理论联系实际 毛泽东(20.36)；一切从实际出发 毛泽东(20.0)；毛泽东 唯物史观 初步确立(19.69),0537_辩证法唯物论_讲授提纲_毛泽东.md；1685_毛泽东_辩证法唯物论教程_批注.md；0549_理论联系实际_毛泽东.md；0548_一切从实际出发_毛泽东.md；0578_毛泽东_唯物史观_初步确立.md,,毛泽东、唯物论、重视实际,马克思主义哲学在中国传播与发展的百年历史（下）；马克思主义哲学史（第六卷；百年中国哲学革命,406-408；111-113；293-294,是,先核验原卡片再使用,先查主题页《毛泽东哲学与中国革命经验》，再在 T3/T10 中检索：毛泽东|重视实际|唯物论,否
580,毛泽东 爱国主义 马克思主义,0580_毛泽东_爱国主义_马克思主义.md,3,52.2,理论方法,马克思恩格斯经典文本与哲学关系,理论方法/马克思恩格斯经典文本与哲学关系.md,低,10.0,自动主题组匹配：马克思,中国马克思主义 毛泽东(26.54)；毛泽东 马克思主义哲学研究(25.0)；毛泽东 马克思主义哲学 中国化(24.38)；毛泽东 马克思主义哲学中国化(24.38)；马克思主义中国化 毛泽东 提法(24.38),1982_中国马克思主义_毛泽东.md；1756_毛泽东_马克思主义哲学研究.md；0615_毛泽东_马克思主义哲学_中国化.md；1748_毛泽东_马克思主义哲学中国化.md；1804_马克思主义中国化_毛泽东_提法.md,,毛泽东、爱国主义、马克思主义,马克思主义哲学史（第六卷；二十世纪上半叶马克思主义哲学中国化之检视_王玉平；中国知识界关于“马克思主义中国化”的论争——以20世纪30-40年代为中心_张安,119-120；34；10,是,先核验原卡片再使用,先查主题页《马克思恩格斯经典文本与哲学关系》，再在 T3/T10 中检索：毛泽东|爱国主义|马克思主义,否
581,毛泽东 成长为马克思主义者 道路,0581_毛泽东_成长为马克思主义者_道路.md,3,34.13,理论方法,马克思恩格斯经典文本与哲学关系,理论方法/马克思恩格斯经典文本与哲学关系.md,低,10.0,自动主题组匹配：马克思,中国马克思主义 毛泽东(24.38)；毛泽东 爱国主义 马克思主义(23.82)；毛泽东 马克思主义哲学研究(23.33)；毛泽东 马克思主义哲学 中国化(22.89)；毛泽东 马克思主义哲学中国化(22.89),1982_中国马克思主义_毛泽东.md；0580_毛泽东_爱国主义_马克思主义.md；1756_毛泽东_马克思主义哲学研究.md；0615_毛泽东_马克思主义哲学_中国化.md；1748_毛泽东_马克思主义哲学中国化.md,,毛泽东、道路,马克思主义哲学史；马克思主义中国化史；马克思主义哲学的中国化及其历程,384；未识别；199-200,是,先核验原卡片再使用,先查主题页《马克思恩格斯经典文本与哲学关系》，再在 T3/T10 中检索：毛泽东|成长为马克思主义者|道路,否
582,农民问题 中国革命 毛泽东,0582_农民问题_中国革命_毛泽东.md,3,50.2,中国化,毛泽东哲学与中国革命经验,中国化/毛泽东哲学与中国革命经验.md,中,23.0,自动主题组匹配：毛泽东、中国革命,中国革命 特殊道路 毛泽东(43.33)；中国革命 道路 特点 毛泽东(43.33)；十月革命 中国革命 影响(25.0)；一步走 两步走 中国革命(25.0)；中国革命 胜利 中国情况(25.0),0583_中国革命_特殊道路_毛泽东.md；0616_中国革命_道路_特点_毛泽东.md；0844_十月革命_中国革命_影响.md；1174_一步走_两步走_中国革命.md；1308_中国革命_胜利_中国情况.md,,农民问题、中国革命、毛泽东,中国文化与马克思主义；中国现代思想史论；二十世纪上半叶马克思主义哲学中国化之检视_王玉平,316；31；195,是,可按主题页优先检索,先查主题页《毛泽东哲学与中国革命经验》，再在 T3/T10 中检索：农民问题|中国革命|毛泽东,否
583,中国革命 特殊道路 毛泽东,0583_中国革命_特殊道路_毛泽东.md,3,48.38,中国化,毛泽东哲学思想与中国革命经验,中国化/毛泽东哲学思想与中国革命经验.md,高,121.0,已列入原主题页重点卡片；命中主题种子词：毛泽东、中国革命；主题词重合：中国革命、毛泽东,中国革命 道路 特点 毛泽东(45.71)；农民问题 中国革命 毛泽东(43.33)；十月革命 中国革命 影响(25.0)；一步走 两步走 中国革命(25.0)；中国革命 胜利 中国情况(25.0),0616_中国革命_道路_特点_毛泽东.md；0582_农民问题_中国革命_毛泽东.md；0844_十月革命_中国革命_影响.md；1174_一步走_两步走_中国革命.md；1308_中国革命_胜利_中国情况.md,,中国革命、特殊道路、毛泽东,马克思主义哲学在中国传播与发展的百年历史（下）；马克思主义哲学的中国化及其历程；高清海先生对马克思主义哲学...理教科书的解构及其当代启示_何萍,444-446；199-200；3,是,可按主题页优先检索,先查主题页《毛泽东哲学思想与中国革命经验》，再在 T3/T10 中检索：中国革命|特殊道路|毛泽东,否
584,农村包围城市 理论 实践依据,0584_农村包围城市_理论_实践依据.md,3,40.22,理论方法,哲学基本范畴与辩证法原理,理论方法/哲学基本范畴与辩证法原理.md,低,10.0,自动主题组匹配：实践,农村包围城市 理论 毛泽东(42.5)；农村包围城市 武装夺取政权 道路(36.58),0534_农村包围城市_理论_毛泽东.md；0507_农村包围城市_武装夺取政权_道路.md,,农村包围城市、理论、实践依据,马克思主义哲学史（第六卷；马克思主义中国化史；马克思主义哲学中国化理论与历史,309-310；未识别；429,是,先核验原卡片再使用,先查主题页《哲学基本范畴与辩证法原理》，再在 T3/T10 中检索：农村包围城市|理论|实践依据,否
585,反对本本主义 毛泽东 哲学思想,0585_反对本本主义_毛泽东_哲学思想.md,3,50.48,中国化,毛泽东哲学与中国革命经验,中国化/毛泽东哲学与中国革命经验.md,低,10.0,自动主题组匹配：毛泽东,反对本本主义 毛泽东(61.67)；毛泽东 社会主义道路 哲学思想(43.33)；毛泽东 延安时期 哲学思想(42.35)；反对本本主义 中国革命战争 战略问题(35.68)；新民主主义论 哲学思想(25.88),0551_反对本本主义_毛泽东.md；0627_毛泽东_社会主义道路_哲学思想.md；0536_毛泽东_延安时期_哲学思想.md；1427_反对本本主义_中国革命战争_战略问题.md；0563_新民主主义论_哲学思想.md,,反对本本主义、毛泽东、哲学思想,马克思主义哲学史；《实践论》和《矛盾论》对马克思主义哲学中国化的启示_许全兴；中国现代思想史论,377-378；2；182,是,先核验原卡片再使用,先查主题页《毛泽东哲学与中国革命经验》，再在 T3/T10 中检索：反对本本主义|毛泽东|哲学思想,否
586,毛泽东 调查研究 特点,0586_毛泽东_调查研究_特点.md,3,47.67,中国化,实事求是与群众路线,中国化/实事求是与群众路线.md,高,112.0,已列入原主题页重点卡片；命中主题种子词：调查研究；主题词重合：调查研究,调查研究 毛泽东 哲学(46.36)；中国革命 道路 特点 毛泽东(30.0)；调查研究 实事求是 认识论(25.0)；调查研究 认识中国 改造中国(25.0)；毛泽东 马克思主义哲学研究(19.69),0550_调查研究_毛泽东_哲学.md；0616_中国革命_道路_特点_毛泽东.md；0608_调查研究_实事求是_认识论.md；1210_调查研究_认识中国_改造中国.md；1756_毛泽东_马克思主义哲学研究.md,,毛泽东、调查研究、特点,马克思主义哲学史（第六卷；马克思主义哲学在中国传播与发展的百年历史（下）；一本教科书、一个时代、一种...学原理教科书的再思考(上)_何萍,322-325；444-446；8,是,可按主题页优先检索,先查主题页《实事求是与群众路线》，再在 T3/T10 中检索：毛泽东|调查研究|特点,否
587,战略战术 辩证法 毛泽东,0587_战略战术_辩证法_毛泽东.md,3,48.83,中国化,毛泽东哲学与中国革命经验,中国化/毛泽东哲学与中国革命经验.md,低,10.0,自动主题组匹配：毛泽东,人民战争 战略战术 辩证法(46.54)；人民战争 战略战术 原则(25.0)；红军游击战争 战略战术 哲学(24.41)；辩证法唯物论 讲授提纲 毛泽东(20.88)；毛泽东 辩证法唯物论教程 批注(20.88),1324_人民战争_战略战术_辩证法.md；1217_人民战争_战略战术_原则.md；1204_红军游击战争_战略战术_哲学.md；0537_辩证法唯物论_讲授提纲_毛泽东.md；1685_毛泽东_辩证法唯物论教程_批注.md,,战略战术、辩证法、毛泽东,马克思主义哲学史（第六卷；二十世纪上半叶马克思主义哲学中国化之检视_王玉平；马克思主义哲学在中国传播与发展的百年历史（下）,346-347；163；484-486,是,先核验原卡片再使用,先查主题页《毛泽东哲学与中国革命经验》，再在 T3/T10 中检索：战略战术|辩证法|毛泽东,否
588,实践论 矛盾论 主要贡献,0588_实践论_矛盾论_主要贡献.md,3,46.62,中国化,实践论矛盾论与马克思主义中国化,中国化/实践论矛盾论与马克思主义中国化.md,高,136.0,已列入原主题页重点卡片；命中主题种子词：实践论、矛盾论；主题词重合：实践论、矛盾论；主题域增强：实践论、矛盾论,实践论 矛盾论 主要内容(45.91)；实践论 矛盾论 中国化(40.42)；实践论 矛盾论 重大意义(39.62)；学习宣传 实践论 矛盾论(39.62)；实践论 矛盾论 理论准备(39.62),0510_实践论_矛盾论_主要内容.md；0617_实践论_矛盾论_中国化.md；0511_实践论_矛盾论_重大意义.md；0565_学习宣传_实践论_矛盾论.md；0590_实践论_矛盾论_理论准备.md,,实践论、矛盾论、主要贡献,马克思主义哲学史（第六卷；马克思主义哲学中国化理论与历史；百年中国哲学革命,361；62；283-285,是,可按主题页优先检索,先查主题页《实践论矛盾论与马克思主义中国化》，再在 T3/T10 中检索：实践论|矛盾论|主要贡献,否
589,实践论 矛盾论 写作 历史背景,0589_实践论_矛盾论_写作_历史背景.md,3,43.0,中国化,实践论矛盾论与马克思主义中国化,中国化/实践论矛盾论与马克思主义中国化.md,高,136.0,已列入原主题页重点卡片；命中主题种子词：实践论、矛盾论；主题词重合：实践论、矛盾论；主题域增强：实践论、矛盾论,实践论 矛盾论 写作 社会历史条件(42.5)；实践论 矛盾论 中国化(38.93)；实践论 矛盾论 主要内容(38.33)；实践论 矛盾论 重大意义(38.33)；学习宣传 实践论 矛盾论(38.33),0509_实践论_矛盾论_写作_社会历史条件.md；0617_实践论_矛盾论_中国化.md；0510_实践论_矛盾论_主要内容.md；0511_实践论_矛盾论_重大意义.md；0565_学习宣传_实践论_矛盾论.md,,实践论、矛盾论、写作、历史背景,百年中国哲学革命；马克思主义中国化史；马克思主义哲学史（第六卷,283；未识别；361-363,是,可按主题页优先检索,先查主题页《实践论矛盾论与马克思主义中国化》，再在 T3/T10 中检索：实践论|矛盾论|写作|历史背景,否
590,实践论 矛盾论 理论准备,0590_实践论_矛盾论_理论准备.md,3,47.89,中国化,实践论矛盾论与马克思主义中国化,中国化/实践论矛盾论与马克思主义中国化.md,高,136.0,已列入原主题页重点卡片；命中主题种子词：实践论、矛盾论；主题词重合：实践论、矛盾论；主题域增强：实践论、矛盾论,实践论 矛盾论 中国化(40.42)；实践论 矛盾论 主要内容(39.62)；实践论 矛盾论 重大意义(39.62)；学习宣传 实践论 矛盾论(39.62)；实践论 矛盾论 主要贡献(39.62),0617_实践论_矛盾论_中国化.md；0510_实践论_矛盾论_主要内容.md；0511_实践论_矛盾论_重大意义.md；0565_学习宣传_实践论_矛盾论.md；0588_实践论_矛盾论_主要贡献.md,,实践论、矛盾论、理论准备,马克思主义中国化史；马克思主义哲学中国化的历史进程；百年中国哲学革命,未识别；5；440-442,是,可按主题页优先检索,先查主题页《实践论矛盾论与马克思主义中国化》，再在 T3/T10 中检索：实践论|矛盾论|理论准备,否
591,实践论 马克思主义认识论,0591_实践论_马克思主义认识论.md,3,52.52,中国化,实践论矛盾论与马克思主义中国化,中国化/实践论矛盾论与马克思主义中国化.md,高,118.0,已列入原主题页重点卡片；命中主题种子词：实践论；主题词重合：实践论；主题域增强：实践论,实践论 矛盾论 马克思主义中国化 哲学基础(23.75)；实践论 矛盾论 马克思主义哲学中国化 启示(23.75)；马克思主义哲学中国化 实践论 矛盾论(22.89)；毛泽东 实践论 认识论(22.14)；实践论(20.0),0508_实践论_矛盾论_马克思主义中国化_哲学基础.md；0629_实践论_矛盾论_马克思主义哲学中国化_启示.md；1793_马克思主义哲学中国化_实践论_矛盾论.md；1686_毛泽东_实践论_认识论.md；1864_实践论.md,,实践论、马克思主义认识论,《实践论》和《矛盾论》对马克思主义哲学中国化的启示_许全兴；文化契合、文化融合与文化重构——对马克思主义中国化的文化思考_张琳；从“决裂论”到“土壤论”——新启蒙运动对马克思主义与中国传统文化关系的认识深化_崔海亮,1；3；5,是,可按主题页优先检索,先查主题页《实践论矛盾论与马克思主义中国化》，再在 T3/T10 中检索：实践论|马克思主义认识论,否
592,矛盾论 马克思主义辩证法,0592_矛盾论_马克思主义辩证法.md,3,35.2,中国化,实践论矛盾论与马克思主义中国化,中国化/实践论矛盾论与马克思主义中国化.md,高,118.0,已列入原主题页重点卡片；命中主题种子词：矛盾论；主题词重合：矛盾论；主题域增强：矛盾论,实践论 矛盾论 马克思主义中国化 哲学基础(23.75)；实践论 矛盾论 马克思主义哲学中国化 启示(23.75)；马克思主义哲学中国化 实践论 矛盾论(22.89)；辩证法 实质 核心 矛盾论(21.67)；矛盾论 辩证 毛泽东(20.36),0508_实践论_矛盾论_马克思主义中国化_哲学基础.md；0629_实践论_矛盾论_马克思主义哲学中国化_启示.md；1793_马克思主义哲学中国化_实践论_矛盾论.md；0593_辩证法_实质_核心_矛盾论.md；0630_矛盾论_辩证_毛泽东.md,,矛盾论、马克思主义辩证法,百年中国哲学革命；马克思主义哲学史；马克思主义哲学史（第六卷,280-283；20-23；388,是,可按主题页优先检索,先查主题页《实践论矛盾论与马克思主义中国化》，再在 T3/T10 中检索：矛盾论|马克思主义辩证法,否
593,辩证法 实质 核心 矛盾论,0593_辩证法_实质_核心_矛盾论.md,3,53.6,中国化,实践论矛盾论与马克思主义中国化,中国化/实践论矛盾论与马克思主义中国化.md,高,118.0,已列入原主题页重点卡片；命中主题种子词：矛盾论；主题词重合：矛盾论；主题域增强：矛盾论,辩证法 核心 诸要素(30.77)；矛盾论 马克思主义辩证法(21.67)；矛盾论 辩证 毛泽东(20.77)；矛盾论(20.56)；历史 呈现 辩证法 实践(20.36),1564_辩证法_核心_诸要素.md；0592_矛盾论_马克思主义辩证法.md；0630_矛盾论_辩证_毛泽东.md；1862_矛盾论.md；1079_历史_呈现_辩证法_实践.md,,辩证法、实质、核心、矛盾论,马克思主义哲学史（第六卷；马克思主义中国化史；马克思主义哲学史,388-391；未识别；205-207,是,可按主题页优先检索,先查主题页《实践论矛盾论与马克思主义中国化》，再在 T3/T10 中检索：辩证法|实质|核心|矛盾论,否
594,毛泽东哲学思想 多方面展开,0594_毛泽东哲学思想_多方面展开.md,3,50.75,中国化,毛泽东哲学与中国革命经验,中国化/毛泽东哲学与中国革命经验.md,低,10.0,自动主题组匹配：毛泽东,毛泽东哲学思想 理论形态(45.0)；毛泽东哲学思想 历史地位(45.0)；毛泽东哲学思想 特点 贡献(45.0)；毛泽东哲学思想 研究 新拓展(44.38)；毛泽东哲学思想 中国化形态(44.38),0544_毛泽东哲学思想_理论形态.md；0545_毛泽东哲学思想_历史地位.md；0626_毛泽东哲学思想_特点_贡献.md；0496_毛泽东哲学思想_研究_新拓展.md；0497_毛泽东哲学思想_中国化形态.md,,毛泽东哲学思想、多方面展开,马克思主义哲学中国化的历史进程；百年中国哲学革命；马克思主义哲学史（第六卷,5；442-444；549-650,是,先核验原卡片再使用,先查主题页《毛泽东哲学与中国革命经验》，再在 T3/T10 中检索：毛泽东哲学思想|多方面展开,否
595,抗战胜利 必然性 毛泽东,0595_抗战胜利_必然性_毛泽东.md,3,36.2,理论方法,哲学基本范畴与辩证法原理,理论方法/哲学基本范畴与辩证法原理.md,低,10.0,自动主题组匹配：必然性,哲学 党性 阶级性 毛泽东(20.0)；毛泽东 世界观 转变(18.57)；矛盾论 辩证 毛泽东(18.57)；必然性 偶然性 大众哲学(18.33)；毛泽东 建党思想 形成(18.33),0540_哲学_党性_阶级性_毛泽东.md；0573_毛泽东_世界观_转变.md；0630_矛盾论_辩证_毛泽东.md；0401_必然性_偶然性_大众哲学.md；0506_毛泽东_建党思想_形成.md,,抗战胜利、必然性、毛泽东,马克思主义中国化史；马克思主义哲学史（第六卷；马克思主义哲学史,未识别；586-588；58-60,是,先核验原卡片再使用,先查主题页《哲学基本范畴与辩证法原理》，再在 T3/T10 中检索：抗战胜利|必然性|毛泽东,否
596,新民主主义 革命 理论 哲学,0596_新民主主义_革命_理论_哲学.md,3,66.0,中国化,新民主主义革命理论与马克思主义中国化,中国化/新民主主义革命理论与马克思主义中国化.md,高,112.0,已列入原主题页重点卡片；命中主题种子词：新民主主义；主题词重合：新民主主义,新民主主义 话语权(32.69)；新民主主义 构想 实践(32.14)；新民主主义 社会主义 关系(31.67)；新民主主义 经济 政治 文化(31.25)；新民主主义 基本纲领 最高纲领(30.88),1649_新民主主义_话语权.md；0525_新民主主义_构想_实践.md；0527_新民主主义_社会主义_关系.md；0559_新民主主义_经济_政治_文化.md；0560_新民主主义_基本纲领_最高纲领.md,,新民主主义、革命、理论、哲学,马克思主义哲学在中国传播与发展的百年历史（下）；百年中国哲学革命；马克思主义哲学史教程,470；7-8；1015-1017,是,可按主题页优先检索,先查主题页《新民主主义革命理论与马克思主义中国化》，再在 T3/T10 中检索：新民主主义|革命|理论|哲学,否
597,实事求是 思想路线 延安,0597_实事求是_思想路线_延安.md,3,50.64,中国化,实事求是与群众路线,中国化/实事求是与群众路线.md,高,124.0,已列入原主题页重点卡片；命中主题种子词：实事求是、思想路线；主题词重合：实事求是、思想路线,克服主观主义 实事求是 思想路线(51.67)；实事求是 上升为 党的思想路线(30.0)；实事求是 解放思想(28.33)；实事求是 毛泽东思想 精髓(26.67)；解放思想 实事求是 哲学发展(26.25),0546_克服主观主义_实事求是_思想路线.md；0547_实事求是_上升为_党的思想路线.md；0611_实事求是_解放思想.md；0491_实事求是_毛泽东思想_精髓.md；0568_解放思想_实事求是_哲学发展.md,,实事求是、思想路线、延安,马克思主义哲学史；延安时期知识分子群体与马克思主义哲学大众化郭 - 2015 -；马克思主义哲学史（第六卷,371-373；140；478,是,可按主题页优先检索,先查主题页《实事求是与群众路线》，再在 T3/T10 中检索：实事求是|思想路线|延安,否
598,群众路线 认识论,0598_群众路线_认识论.md,3,45.04,中国化,实事求是与群众路线,中国化/实事求是与群众路线.md,高,112.0,已列入原主题页重点卡片；命中主题种子词：群众路线；主题词重合：群众路线,实践观点 群众观点 认识论 群众路线(44.62)；群众路线 领导方法(27.5)；群众路线 毛泽东思想(26.82)；群众路线 思想 系统阐述(26.25)；群众路线 系统阐述 毛泽东(25.77),0619_实践观点_群众观点_认识论_群众路线.md；0553_群众路线_领导方法.md；0492_群众路线_毛泽东思想.md；0521_群众路线_思想_系统阐述.md；0552_群众路线_系统阐述_毛泽东.md,,群众路线、认识论,一本教科书、一个时代、一种...学原理教科书的再思考(下)_何萍；二十世纪上半叶马克思主义哲学中国化之检视_王玉平；冯契文集第七卷中国近代哲学的革命进程,4；206；592,是,可按主题页优先检索,先查主题页《实事求是与群众路线》，再在 T3/T10 中检索：群众路线|认识论,否
599,解放战争时期 毛泽东哲学思想,0599_解放战争时期_毛泽东哲学思想.md,3,52.48,中国化,毛泽东哲学与中国革命经验,中国化/毛泽东哲学与中国革命经验.md,低,10.0,自动主题组匹配：毛泽东,毛泽东哲学思想 理论形态(44.38)；毛泽东哲学思想 历史地位(44.38)；毛泽东哲学思想 特点 贡献(44.38)；毛泽东哲学思想 研究 新拓展(43.82)；毛泽东哲学思想 中国化形态(43.82),0544_毛泽东哲学思想_理论形态.md；0545_毛泽东哲学思想_历史地位.md；0626_毛泽东哲学思想_特点_贡献.md；0496_毛泽东哲学思想_研究_新拓展.md；0497_毛泽东哲学思想_中国化形态.md,,解放战争时期、毛泽东哲学思想,马克思主义哲学中国化的历史进程；百年中国哲学革命；马克思主义哲学在中国传播与发展的百年历史（下）,6；442-444；468-470,是,先核验原卡片再使用,先查主题页《毛泽东哲学与中国革命经验》，再在 T3/T10 中检索：解放战争时期|毛泽东哲学思想,否
600,人民民主专政 历史唯物主义,0600_人民民主专政_历史唯物主义.md,3,49.16,论战与思想运动,中国近代启蒙与民主革命,论战与思想运动/中国近代启蒙与民主革命.md,低,14.0,自动主题组匹配：民主,新民主主义 国家 人民民主专政(39.38)；历史唯物主义 辩证唯物主义(38.93)；历史唯物主义 研讨 争论(38.33)；历史唯物主义 辩证唯物主义 列宁(37.81)；历史唯物主义 战争观 毛泽东(37.35),0562_新民主主义_国家_人民民主专政.md；1707_历史唯物主义_辩证唯物主义.md；0978_历史唯物主义_研讨_争论.md；1800_历史唯物主义_辩证唯物主义_列宁.md；0555_历史唯物主义_战争观_毛泽东.md,,人民民主专政、历史唯物主义,马列著作在中国的出版；列宁专题文集·论辩证唯物主义和历史唯物主义；米丁-辩证唯物论与历史唯物论-上-rightToLeft,231；10；269,是,先核验原卡片再使用,先查主题页《中国近代启蒙与民主革命》，再在 T3/T10 中检索：人民民主专政|历史唯物主义,否
601,新民主主义向社会主义 转变 哲学,0601_新民主主义向社会主义_转变_哲学.md,3,53.8,中国化,新民主主义革命理论与马克思主义中国化,中国化/新民主主义革命理论与马克思主义中国化.md,高,106.0,已列入原主题页重点卡片；命中主题种子词：新民主主义,新民主主义向社会主义 转变 马克思主义哲学(66.18)；乌托邦社会主义 科学社会主义 转变(16.94)；毛泽东 共产主义 辩证唯物主义 转变(13.41)；鲁迅 哲学思想 转变(12.94)；毛泽东 世界观 转变(11.39),0602_新民主主义向社会主义_转变_马克思主义哲学.md；1184_乌托邦社会主义_科学社会主义_转变.md；0577_毛泽东_共产主义_辩证唯物主义_转变.md；1424_鲁迅_哲学思想_转变.md；0573_毛泽东_世界观_转变.md,,新民主主义向社会主义、转变、哲学,马克思主义哲学史；马克思主义哲学中国化理论与历史；马克思主义中国化探论,183-184；550；127,是,可按主题页优先检索,先查主题页《新民主主义革命理论与马克思主义中国化》，再在 T3/T10 中检索：新民主主义向社会主义|转变|哲学,否
602,新民主主义向社会主义 转变 马克思主义哲学,0602_新民主主义向社会主义_转变_马克思主义哲学.md,3,60.51,中国化,新民主主义革命理论与马克思主义中国化,中国化/新民主主义革命理论与马克思主义中国化.md,高,106.0,已列入原主题页重点卡片；命中主题种子词：新民主主义,新民主主义向社会主义 转变 哲学(66.18)；马克思主义哲学 新民主主义革命(46.84)；马克思主义哲学 中国 社会实践(43.33)；中国社会史 论战 马克思主义哲学(42.95)；李达 社会学大纲 马克思主义哲学(42.95),0601_新民主主义向社会主义_转变_哲学.md；0634_马克思主义哲学_新民主主义革命.md；1017_马克思主义哲学_中国_社会实践.md；0228_中国社会史_论战_马克思主义哲学.md；0323_李达_社会学大纲_马克思主义哲学.md,,新民主主义向社会主义、转变、马克思主义哲学,马克思主义哲学中国化理论与历史；马克思主义哲学史；马克思主义哲学中国化与中国道路的哲学表达,550；未识别；2,是,可按主题页优先检索,先查主题页《新民主主义革命理论与马克思主义中国化》，再在 T3/T10 中检索：新民主主义向社会主义|转变|马克思主义哲学,否
603,实践论 矛盾论 重新发表 反响,0603_实践论_矛盾论_重新发表_反响.md,3,56.8,中国化,实践论矛盾论与马克思主义中国化,中国化/实践论矛盾论与马克思主义中国化.md,高,136.0,已列入原主题页重点卡片；命中主题种子词：实践论、矛盾论；主题词重合：实践论、矛盾论；主题域增强：实践论、矛盾论,实践论 矛盾论 重大意义(40.71)；实践论 矛盾论 中国化(38.93)；实践论 矛盾论 主要内容(38.33)；学习宣传 实践论 矛盾论(38.33)；实践论 矛盾论 主要贡献(38.33),0511_实践论_矛盾论_重大意义.md；0617_实践论_矛盾论_中国化.md；0510_实践论_矛盾论_主要内容.md；0565_学习宣传_实践论_矛盾论.md；0588_实践论_矛盾论_主要贡献.md,,实践论、矛盾论、重新发表、反响,马克思主义哲学史；中国马克思主义学术史纲；马克思主义哲学中国化与中国哲学的现代转型,20-23；76-78；474-476,是,可按主题页优先检索,先查主题页《实践论矛盾论与马克思主义中国化》，再在 T3/T10 中检索：实践论|矛盾论|重新发表|反响,否
604,实践论 矛盾论 修改 新思想,0604_实践论_矛盾论_修改_新思想.md,3,44.2,中国化,实践论矛盾论与马克思主义中国化,中国化/实践论矛盾论与马克思主义中国化.md,高,136.0,已列入原主题页重点卡片；命中主题种子词：实践论、矛盾论；主题词重合：实践论、矛盾论；主题域增强：实践论、矛盾论,实践论 矛盾论 中国化(39.62)；实践论 矛盾论 主要内容(38.93)；实践论 矛盾论 重大意义(38.93)；学习宣传 实践论 矛盾论(38.93)；实践论 矛盾论 主要贡献(38.93),0617_实践论_矛盾论_中国化.md；0510_实践论_矛盾论_主要内容.md；0511_实践论_矛盾论_重大意义.md；0565_学习宣传_实践论_矛盾论.md；0588_实践论_矛盾论_主要贡献.md,,实践论、矛盾论、新思想、修改,百年中国哲学革命；马克思主义哲学在中国传播与发展的百年历史（下）；马克思主义哲学史,283-285；508；16-18,是,可按主题页优先检索,先查主题页《实践论矛盾论与马克思主义中国化》，再在 T3/T10 中检索：实践论|矛盾论|修改|新思想,否
605,李达 实践论解说 矛盾论解说,0605_李达_实践论解说_矛盾论解说.md,3,51.85,理论方法,哲学基本范畴与辩证法原理,理论方法/哲学基本范畴与辩证法原理.md,中,24.0,自动主题组匹配：矛盾、实践,李达 生产力 生产关系(11.67)；李达 唯物史观 社会学(11.56)；李达 社会发展 原动力(11.56)；李达 世界革命 民族革命(11.56)；李达 社会学大纲 学术史(11.47),0316_李达_生产力_生产关系.md；0284_李达_唯物史观_社会学.md；0317_李达_社会发展_原动力.md；0319_李达_世界革命_民族革命.md；0268_李达_社会学大纲_学术史.md,,李达、实践论解说、矛盾论解说,马克思主义哲学中国化理论与历史；毛泽东哲学批注集：辩证法唯物论教程批注 (毛泽东)；“新哲学”大众化运动研究,450；510；209,是,可按主题页优先检索,先查主题页《哲学基本范畴与辩证法原理》，再在 T3/T10 中检索：李达|实践论解说|矛盾论解说,否
606,新民主主义社会 社会主义社会 过渡,0606_新民主主义社会_社会主义社会_过渡.md,3,55.82,中国化,新民主主义革命理论与马克思主义中国化,中国化/新民主主义革命理论与马克思主义中国化.md,高,106.0,已列入原主题页重点卡片；命中主题种子词：新民主主义,社会主义社会 发展动力 讨论(36.25)；社会主义社会 基本矛盾 理论(36.25)；社会主义社会 两类矛盾 学说(36.25)；社会主义社会 前进动力 矛盾(36.25)；新民主主义 社会主义 关系(14.58),0979_社会主义社会_发展动力_讨论.md；1351_社会主义社会_基本矛盾_理论.md；1353_社会主义社会_两类矛盾_学说.md；1355_社会主义社会_前进动力_矛盾.md；0527_新民主主义_社会主义_关系.md,,新民主主义社会、社会主义社会、过渡,马克思主义哲学中国化理论与历史；中国马克思主义学术史纲；马克思主义哲学史,500；84-86；54-57,是,可按主题页优先检索,先查主题页《新民主主义革命理论与马克思主义中国化》，再在 T3/T10 中检索：新民主主义社会|社会主义社会|过渡,否
607,对立统一规律 无矛盾论 批判,0607_对立统一规律_无矛盾论_批判.md,3,38.25,理论方法,矛盾分析法与矛盾特殊性,理论方法/矛盾分析法与矛盾特殊性.md,高,117.0,已列入原主题页重点卡片；命中主题种子词：矛盾论、矛盾、对立统一,辩证法 对立统一(5.36),1682_辩证法_对立统一.md,,对立统一规律、批判,米丁-辩证唯物论与历史唯物论-上-rightToLeft；米丁-辩证唯物论历史唯物论下-rightToLeft；“哲学上三次大论战”提法不宜继续使用,339；275；4,是,可按主题页优先检索,先查主题页《矛盾分析法与矛盾特殊性》，再在 T3/T10 中检索：对立统一规律|无矛盾论|批判,否
608,调查研究 实事求是 认识论,0608_调查研究_实事求是_认识论.md,3,49.0,中国化,实事求是与群众路线,中国化/实事求是与群众路线.md,高,124.0,已列入原主题页重点卡片；命中主题种子词：实事求是、调查研究；主题词重合：调查研究、实事求是,调查研究 认识中国 改造中国(26.25)；实事求是 解放思想(25.36)；不要误解 实事求是(25.36)；调查研究 毛泽东 哲学(25.0)；毛泽东 调查研究 特点(25.0),1210_调查研究_认识中国_改造中国.md；0611_实事求是_解放思想.md；0635_不要误解_实事求是.md；0550_调查研究_毛泽东_哲学.md；0586_毛泽东_调查研究_特点.md,,调查研究、实事求是、认识论,百年中国哲学革命；二十世纪上半叶马克思主义哲学中国化之检视_王玉平；中国现代思想史论,240-242；127；183,是,可按主题页优先检索,先查主题页《实事求是与群众路线》，再在 T3/T10 中检索：调查研究|实事求是|认识论,否
609,文化大革命 毛泽东晚年 主观主义失误,0609_文化大革命_毛泽东晚年_主观主义失误.md,3,40.94,理论方法,哲学基本范畴与辩证法原理,理论方法/哲学基本范畴与辩证法原理.md,低,10.0,自动主题组匹配：主观,文化大革命 马克思主义哲学应用 失误(31.25)；文化大革命 马克思主义学术 挫折(30.43)；文化大革命 马克思主义哲学 歪曲(30.43)；阶级形势 唯心估量 文化大革命(29.35),0655_文化大革命_马克思主义哲学应用_失误.md；0644_文化大革命_马克思主义学术_挫折.md；0650_文化大革命_马克思主义哲学_歪曲.md；0683_阶级形势_唯心估量_文化大革命.md,,文化大革命、毛泽东晚年、主观主义失误,马克思主义哲学史；《实践论》和《矛盾论》对马克思主义哲学中国化的启示_许全兴；中国现代思想史论,311-314；14；150,是,先核验原卡片再使用,先查主题页《哲学基本范畴与辩证法原理》，再在 T3/T10 中检索：文化大革命|毛泽东晚年|主观主义失误,否
610,实事求是思想路线 重新确立,0610_实事求是思想路线_重新确立.md,3,32.0,中国化,实事求是与群众路线,中国化/实事求是与群众路线.md,高,126.0,已列入原主题页重点卡片；命中主题种子词：实事求是思想路线、实事求是、思想路线；主题词重合：实事求是思想路线,实事求是思想路线 确立(56.67)；延安整风 实事求是思想路线(51.67)；实事求是 思想路线 延安(13.46)；克服主观主义 实事求是 思想路线(10.29)；实事求是 上升为 党的思想路线(8.82),0518_实事求是思想路线_确立.md；0520_延安整风_实事求是思想路线.md；0597_实事求是_思想路线_延安.md；0546_克服主观主义_实事求是_思想路线.md；0547_实事求是_上升为_党的思想路线.md,,实事求是思想路线、重新确立,马克思主义哲学史；《实践论》和《矛盾论》对马克思主义哲学中国化的启示_许全兴；中国马克思主义：概念界定与历史使命_王庆丰,357-958；14；9,是,可按主题页优先检索,先查主题页《实事求是与群众路线》，再在 T3/T10 中检索：实事求是思想路线|重新确立,否
611,实事求是 解放思想,0611_实事求是_解放思想.md,3,46.77,新哲学大众化,思想方法与世界观教育,新哲学大众化/思想方法与世界观教育.md,高,112.0,已列入原主题页重点卡片；命中主题种子词：实事求是；主题词重合：实事求是,解放思想 实事求是 哲学发展(52.5)；实事求是 思想路线 延安(28.33)；实事求是 毛泽东思想 精髓(27.69)；不要误解 实事求是(26.82)；实事求是 上升为 党的思想路线(26.67),0568_解放思想_实事求是_哲学发展.md；0597_实事求是_思想路线_延安.md；0491_实事求是_毛泽东思想_精髓.md；0635_不要误解_实事求是.md；0547_实事求是_上升为_党的思想路线.md,,实事求是、解放思想,马克思主义哲学中国化理论与历史；马列著作在中国的出版；以新的哲学观重新观照马克思主义哲学中国化的历史,571；492；1,是,可按主题页优先检索,先查主题页《思想方法与世界观教育》，再在 T3/T10 中检索：实事求是|解放思想,否
612,实事求是 民主集中制,0612_实事求是_民主集中制.md,3,32.0,中国化,实事求是与群众路线,中国化/实事求是与群众路线.md,高,112.0,已列入原主题页重点卡片；命中主题种子词：实事求是；主题词重合：实事求是,实事求是 解放思想(26.25)；不要误解 实事求是(26.25)；实事求是 思想路线 延安(25.36)；实事求是 毛泽东思想 精髓(25.0)；改造我们的学习 实事求是(25.0),0611_实事求是_解放思想.md；0635_不要误解_实事求是.md；0597_实事求是_思想路线_延安.md；0491_实事求是_毛泽东思想_精髓.md；0519_改造我们的学习_实事求是.md,,实事求是、民主集中制,马克思主义哲学史；马克思主义哲学在中国传播与发展的百年历史（下）；列宁选集第四卷_2012,366-368；554-558；1061,是,可按主题页优先检索,先查主题页《实事求是与群众路线》，再在 T3/T10 中检索：实事求是|民主集中制,否
613,毛泽东思想 活的灵魂,0613_毛泽东思想_活的灵魂.md,3,49.8,中国化,中国化的马克思主义与毛泽东思想,中国化/中国化的马克思主义与毛泽东思想.md,高,115.0,已列入原主题页重点卡片；命中主题种子词：毛泽东思想、毛泽东；主题词重合：毛泽东思想,毛泽东思想 理论成果(33.33)；毛泽东思想 要义 精髓(33.33)；群众路线 毛泽东思想(33.33)；独立自主 毛泽东思想(33.33)；中共七大 毛泽东思想(33.33),0489_毛泽东思想_理论成果.md；0490_毛泽东思想_要义_精髓.md；0492_群众路线_毛泽东思想.md；0493_独立自主_毛泽东思想.md；0523_中共七大_毛泽东思想.md,,毛泽东思想、活的灵魂,马克思主义哲学史；《实践论》和《矛盾论》对马克思主义哲学中国化的启示_许全兴；中国文化与马克思主义,377-378；14；274,是,可按主题页优先检索,先查主题页《中国化的马克思主义与毛泽东思想》，再在 T3/T10 中检索：毛泽东思想|活的灵魂,否
614,毛泽东 唯物史观 传播 应用,0614_毛泽东_唯物史观_传播_应用.md,3,57.6,理论方法,唯物史观在中国的传播与应用,理论方法/唯物史观在中国的传播与应用.md,高,118.0,已列入原主题页重点卡片；命中主题种子词：唯物史观；主题词重合：唯物史观；主题域增强：唯物史观,毛泽东 唯物史观 初步确立(45.71)；李达 唯物史观 传播 应用(44.58)；周恩来 唯物史观 传播 应用(43.46)；恽代英 唯物史观 传播 应用(43.46)；李大钊 唯物史观 传播 应用(43.46),0578_毛泽东_唯物史观_初步确立.md；0332_李达_唯物史观_传播_应用.md；0114_周恩来_唯物史观_传播_应用.md；0115_恽代英_唯物史观_传播_应用.md；0330_李大钊_唯物史观_传播_应用.md,,毛泽东、唯物史观、传播、应用,马克思主义哲学在中国：传播、应用、形态、前景；马克思主义哲学的中国化及其历程；“新哲学”大众化运动研究,367-368；59-62；98,是,可按主题页优先检索,先查主题页《唯物史观在中国的传播与应用》，再在 T3/T10 中检索：毛泽东|唯物史观|传播|应用,否
615,毛泽东 马克思主义哲学 中国化,0615_毛泽东_马克思主义哲学_中国化.md,3,56.0,理论方法,马克思恩格斯经典文本与哲学关系,理论方法/马克思恩格斯经典文本与哲学关系.md,低,13.0,自动主题组匹配：马克思,李达 马克思主义哲学 中国化(66.07)；马克思主义哲学 中国化 历程(66.07)；马克思主义哲学 中国化 定义(66.07)；抗日战争 马克思主义哲学 中国化(64.06)；马克思主义哲学 中国化 两个方面(64.06),0301_李达_马克思主义哲学_中国化.md；1413_马克思主义哲学_中国化_历程.md；1414_马克思主义哲学_中国化_定义.md；1320_抗日战争_马克思主义哲学_中国化.md；1418_马克思主义哲学_中国化_两个方面.md,,毛泽东、马克思主义哲学、中国化,百年中国哲学革命；马克思主义哲学中国化与中国哲学的现代转型；马克思主义哲学的中国化及其历程,202-204；131；22-24,是,先核验原卡片再使用,先查主题页《马克思恩格斯经典文本与哲学关系》，再在 T3/T10 中检索：毛泽东|马克思主义哲学|中国化,否
616,中国革命 道路 特点 毛泽东,0616_中国革命_道路_特点_毛泽东.md,3,56.0,中国化,毛泽东哲学思想与中国革命经验,中国化/毛泽东哲学思想与中国革命经验.md,高,121.0,已列入原主题页重点卡片；命中主题种子词：毛泽东、中国革命；主题词重合：中国革命、毛泽东,中国革命 特殊道路 毛泽东(45.71)；农民问题 中国革命 毛泽东(43.33)；中国革命 根源 任务 性质 特点(35.88)；毛泽东 调查研究 特点(30.0)；一切均借俄助 中国革命 初期特点(25.26),0583_中国革命_特殊道路_毛泽东.md；0582_农民问题_中国革命_毛泽东.md；1115_中国革命_根源_任务_性质_特点.md；0586_毛泽东_调查研究_特点.md；1155_一切均借俄助_中国革命_初期特点.md,,中国革命、道路、特点、毛泽东,马克思主义哲学的中国化及其历程；马克思主义中国化史；百年中国哲学革命,199-200；未识别；440-442,是,可按主题页优先检索,先查主题页《毛泽东哲学思想与中国革命经验》，再在 T3/T10 中检索：中国革命|道路|特点|毛泽东,否
617,实践论 矛盾论 中国化,0617_实践论_矛盾论_中国化.md,3,55.32,中国化,实践论矛盾论与马克思主义中国化,中国化/实践论矛盾论与马克思主义中国化.md,高,140.0,已列入原主题页重点卡片；命中主题种子词：实践论、矛盾论；主题词重合：实践论、矛盾论；主题域增强：中国化、实践论、矛盾论,实践论 矛盾论 中国化传播(50.0)；马克思主义哲学中国化 实践论 矛盾论(40.94)；实践论 矛盾论 主要内容(40.42)；实践论 矛盾论 重大意义(40.42)；学习宣传 实践论 矛盾论(40.42),0495_实践论_矛盾论_中国化传播.md；1793_马克思主义哲学中国化_实践论_矛盾论.md；0510_实践论_矛盾论_主要内容.md；0511_实践论_矛盾论_重大意义.md；0565_学习宣传_实践论_矛盾论.md,,实践论、矛盾论、中国化,《实践论》和《矛盾论》对马克思主义哲学中国化的启示_许全兴；马克思主义哲学在中国：传播、应用、形态、前景；马克思主义中国化史,1；185-186；未识别,是,可按主题页优先检索,先查主题页《实践论矛盾论与马克思主义中国化》，再在 T3/T10 中检索：实践论|矛盾论|中国化,否
618,毛泽东 能动的革命的反映论,0618_毛泽东_能动的革命的反映论.md,3,50.37,理论方法,哲学基本范畴与辩证法原理,理论方法/哲学基本范畴与辩证法原理.md,低,10.0,自动主题组匹配：反映论,反映论 真理论 实践论 毛泽东(20.56)；农民运动 革命贡献 毛泽东(19.17)；农民问题 中国革命 毛泽东(19.17)；中国革命 特殊道路 毛泽东(19.17)；中国革命 道路 特点 毛泽东(19.17),0541_反映论_真理论_实践论_毛泽东.md；0532_农民运动_革命贡献_毛泽东.md；0582_农民问题_中国革命_毛泽东.md；0583_中国革命_特殊道路_毛泽东.md；0616_中国革命_道路_特点_毛泽东.md,,毛泽东、能动的革命的反映论,马克思主义哲学中国化理论与历史；冯契文集第七卷中国近代哲学的革命进程；认识世界和认识自己,357；577；55,是,先核验原卡片再使用,先查主题页《哲学基本范畴与辩证法原理》，再在 T3/T10 中检索：毛泽东|能动的革命的反映论,否
619,实践观点 群众观点 认识论 群众路线,0619_实践观点_群众观点_认识论_群众路线.md,3,54.93,中国化,实事求是与群众路线,中国化/实事求是与群众路线.md,高,112.0,已列入原主题页重点卡片；命中主题种子词：群众路线；主题词重合：群众路线,群众路线 认识论(44.62)；群众路线 领导方法(24.69)；群众观点 错误 陈独秀(24.41)；群众路线 毛泽东思想(24.41)；群众路线 思想 系统阐述(24.17),0598_群众路线_认识论.md；0553_群众路线_领导方法.md；0321_群众观点_错误_陈独秀.md；0492_群众路线_毛泽东思想.md；0521_群众路线_思想_系统阐述.md,,实践观点、群众观点、认识论、群众路线,马克思主义哲学的中国化及其历程；冯契文集第七卷中国近代哲学的革命进程；百年中国哲学革命,234-285；592；229-230,是,可按主题页优先检索,先查主题页《实事求是与群众路线》，再在 T3/T10 中检索：实践观点|群众观点|认识论|群众路线,否
620,功利 价值 个性发展 毛泽东,0620_功利_价值_个性发展_毛泽东.md,3,48.8,理论方法,哲学基本范畴与辩证法原理,理论方法/哲学基本范畴与辩证法原理.md,低,10.0,自动主题组匹配：发展,毛泽东 世界观 转变(18.33)；矛盾论 辩证 毛泽东(18.33)；毛泽东 建党思想 形成(18.12)；红色政权 理论 毛泽东(18.12)；理论联系实际 毛泽东(18.12),0573_毛泽东_世界观_转变.md；0630_矛盾论_辩证_毛泽东.md；0506_毛泽东_建党思想_形成.md；0535_红色政权_理论_毛泽东.md；0549_理论联系实际_毛泽东.md,,功利、价值、个性发展、毛泽东,马克思主义哲学的中国化及其历程；中国近代哲学的革命进程；百年中国哲学革命,285-237；606-609；532-534,是,先核验原卡片再使用,先查主题页《哲学基本范畴与辩证法原理》，再在 T3/T10 中检索：功利|价值|个性发展|毛泽东,否
621,大同 理想社会 毛泽东,0621_大同_理想社会_毛泽东.md,3,47.2,中国化,毛泽东哲学与中国革命经验,中国化/毛泽东哲学与中国革命经验.md,低,10.0,自动主题组匹配：毛泽东,毛泽东 激进民主主义 空想社会主义(20.88)；毛泽东 社会主义道路 哲学思想(19.41)；毛泽东 世界观 转变(18.85)；矛盾论 辩证 毛泽东(18.85)；毛泽东 建党思想 形成(18.57),0576_毛泽东_激进民主主义_空想社会主义.md；0627_毛泽东_社会主义道路_哲学思想.md；0573_毛泽东_世界观_转变.md；0630_矛盾论_辩证_毛泽东.md；0506_毛泽东_建党思想_形成.md,,大同、理想社会、毛泽东,马克思主义哲学的中国化及其历程；百年中国哲学革命；马克思主义哲学中国化理论与历史,238-239；389-391；581,是,先核验原卡片再使用,先查主题页《毛泽东哲学与中国革命经验》，再在 T3/T10 中检索：大同|理想社会|毛泽东,否
622,经世致用 实事求是 传统 继承,0622_经世致用_实事求是_传统_继承.md,3,50.9,新哲学大众化,思想方法与世界观教育,新哲学大众化/思想方法与世界观教育.md,高,112.0,已列入原主题页重点卡片；命中主题种子词：实事求是；主题词重合：实事求是,实事求是 解放思想(25.0)；不要误解 实事求是(25.0)；经世致用 思潮 影响(25.0)；实事求是 民主集中制(24.69)；实事求是 思想路线 延安(24.41),0611_实事求是_解放思想.md；0635_不要误解_实事求是.md；1122_经世致用_思潮_影响.md；0612_实事求是_民主集中制.md；0597_实事求是_思想路线_延安.md,,经世致用、实事求是、传统、继承,马克思主义哲学的中国化及其历程；百年中国哲学革命；中国文化与马克思主义,493-243；未识别；307,是,可按主题页优先检索,先查主题页《思想方法与世界观教育》，再在 T3/T10 中检索：经世致用|实事求是|传统|继承,否
623,新民主主义论 再评价,0623_新民主主义论_再评价.md,3,47.4,中国化,新民主主义革命理论与马克思主义中国化,中国化/新民主主义革命理论与马克思主义中国化.md,高,106.0,已列入原主题页重点卡片；命中主题种子词：新民主主义,新民主主义论(45.62)；毛泽东 新民主主义论 评价(42.5)；新民主主义论 哲学思想(40.42)；新民主主义 话语权(9.09)；新民主主义 构想 实践(8.33),1916_新民主主义论.md；0624_毛泽东_新民主主义论_评价.md；0563_新民主主义论_哲学思想.md；1649_新民主主义_话语权.md；0525_新民主主义_构想_实践.md,,新民主主义论、再评价,胡绳全书.第7卷；马克思主义哲学中国化理论与历史；马列著作在中国的出版,94-96；466；161,是,可按主题页优先检索,先查主题页《新民主主义革命理论与马克思主义中国化》，再在 T3/T10 中检索：新民主主义论|再评价,否
624,毛泽东 新民主主义论 评价,0624_毛泽东_新民主主义论_评价.md,3,50.4,中国化,新民主主义革命理论与马克思主义中国化,中国化/新民主主义革命理论与马克思主义中国化.md,高,115.0,已列入原主题页重点卡片；命中主题种子词：新民主主义、毛泽东；主题词重合：毛泽东,新民主主义论 再评价(42.5)；新民主主义论(42.5)；新民主主义论 哲学思想(38.93)；毛泽东 革命民主主义 近代唯物主义(21.94)；毛泽东 激进民主主义 空想社会主义(21.94),0623_新民主主义论_再评价.md；1916_新民主主义论.md；0563_新民主主义论_哲学思想.md；0574_毛泽东_革命民主主义_近代唯物主义.md；0576_毛泽东_激进民主主义_空想社会主义.md,,毛泽东、新民主主义论、评价,胡绳全书.第7卷；马克思主义中国化的起源语境；继承五四和扬弃五四,94-96；105；10,是,可按主题页优先检索,先查主题页《新民主主义革命理论与马克思主义中国化》，再在 T3/T10 中检索：毛泽东|新民主主义论|评价,否
625,毛泽东 读 政治经济学教科书,0625_毛泽东_读_政治经济学教科书.md,3,50.6,苏联哲学,马克思主义哲学教科书体系,苏联哲学/马克思主义哲学教科书体系.md,高,103.0,已列入原主题页重点卡片；命中主题种子词：教科书,苏联 政治经济学教科书 毛泽东(71.07)；毛泽东 读哲学 苏联教科书(22.81)；毛泽东 世界观 转变(18.12)；矛盾论 辩证 毛泽东(18.12)；毛泽东 建党思想 形成(17.94),0913_苏联_政治经济学教科书_毛泽东.md；0863_毛泽东_读哲学_苏联教科书.md；0573_毛泽东_世界观_转变.md；0630_矛盾论_辩证_毛泽东.md；0506_毛泽东_建党思想_形成.md,,毛泽东、政治经济学教科书,马克思主义哲学中国化理论与历史；胡绳全书.第7卷；百年中国哲学革命,323；123-126；244-245,是,可按主题页优先检索,先查主题页《马克思主义哲学教科书体系》，再在 T3/T10 中检索：毛泽东|政治经济学教科书,否
626,毛泽东哲学思想 特点 贡献,0626_毛泽东哲学思想_特点_贡献.md,3,50.17,中国化,毛泽东哲学与中国革命经验,中国化/毛泽东哲学与中国革命经验.md,低,10.0,自动主题组匹配：毛泽东,毛泽东哲学思想 理论形态(45.71)；毛泽东哲学思想 历史地位(45.71)；毛泽东哲学思想 研究 新拓展(45.0)；毛泽东哲学思想 中国化形态(45.0)；毛泽东哲学思想 多方面展开(45.0),0544_毛泽东哲学思想_理论形态.md；0545_毛泽东哲学思想_历史地位.md；0496_毛泽东哲学思想_研究_新拓展.md；0497_毛泽东哲学思想_中国化形态.md；0594_毛泽东哲学思想_多方面展开.md,,毛泽东哲学思想、特点、贡献,百年中国哲学革命；马克思主义哲学大众化的当代思考_郭建宁；马克思主义哲学中国化的若干新思考,227；2；1,是,先核验原卡片再使用,先查主题页《毛泽东哲学与中国革命经验》，再在 T3/T10 中检索：毛泽东哲学思想|特点|贡献,否
627,毛泽东 社会主义道路 哲学思想,0627_毛泽东_社会主义道路_哲学思想.md,3,52.52,中国化,毛泽东哲学与中国革命经验,中国化/毛泽东哲学与中国革命经验.md,低,15.0,自动主题组匹配：毛泽东,反对本本主义 毛泽东 哲学思想(43.33)；毛泽东 延安时期 哲学思想(42.35)；新民主主义论 哲学思想(25.88)；鲁迅 哲学思想 转变(24.69)；抗战以来 哲学思想 评述(24.17),0585_反对本本主义_毛泽东_哲学思想.md；0536_毛泽东_延安时期_哲学思想.md；0563_新民主主义论_哲学思想.md；1424_鲁迅_哲学思想_转变.md；1583_抗战以来_哲学思想_评述.md,,毛泽东、社会主义道路、哲学思想,百年中国哲学革命；马克思主义哲学中国化与中国道路的哲学表达；马克思主义哲学史,232；7；384,是,先核验原卡片再使用,先查主题页《毛泽东哲学与中国革命经验》，再在 T3/T10 中检索：毛泽东|社会主义道路|哲学思想,否
628,毛泽东哲学 中国现代哲学,0628_毛泽东哲学_中国现代哲学.md,3,33.6,中国哲学传统,中国哲学现代转型,中国哲学传统/中国哲学现代转型.md,高,114.0,已列入原主题页重点卡片；命中主题种子词：中国现代哲学；主题词重合：中国现代哲学,中国现代哲学 张申府(40.42)；毛泽东哲学 中国哲学现代传统(38.46)；中国现代哲学 思想来源 多元 主流(37.35)；毛泽东哲学 马克思主义哲学中国化(34.38)；思维方式 毛泽东哲学(32.69),1830_中国现代哲学_张申府.md；0572_毛泽东哲学_中国哲学现代传统.md；1493_中国现代哲学_思想来源_多元_主流.md；1893_毛泽东哲学_马克思主义哲学中国化.md；1806_思维方式_毛泽东哲学.md,,毛泽东哲学、中国现代哲学,百年中国哲学革命；张申府与中国现代哲学；延安时期知识分子群体与马克思主义哲学大众化郭 - 2015 -,608-609；1；142,是,可按主题页优先检索,先查主题页《中国哲学现代转型》，再在 T3/T10 中检索：毛泽东哲学|中国现代哲学,否
629,实践论 矛盾论 马克思主义哲学中国化 启示,0629_实践论_矛盾论_马克思主义哲学中国化_启示.md,3,67.24,中国化,实践论矛盾论与马克思主义中国化,中国化/实践论矛盾论与马克思主义中国化.md,高,140.0,已列入原主题页重点卡片；命中主题种子词：实践论、矛盾论；主题词重合：实践论、矛盾论；主题域增强：中国化、实践论、矛盾论,马克思主义哲学中国化 实践论 矛盾论(89.44)；马克思主义哲学中国化 不足(51.84)；李达 马克思主义哲学中国化(51.84)；马克思主义哲学中国化 走向(51.84)；毛泽东 马克思主义哲学中国化(51.25),1793_马克思主义哲学中国化_实践论_矛盾论.md；1432_马克思主义哲学中国化_不足.md；1751_李达_马克思主义哲学中国化.md；1816_马克思主义哲学中国化_走向.md；1748_毛泽东_马克思主义哲学中国化.md,,实践论、矛盾论、马克思主义哲学中国化、启示,《实践论》和《矛盾论》对马克思主义哲学中国化的启示_许全兴；百年中国哲学革命；马克思主义哲学在中国的传播与马克思主义哲学中国化,1；253；5,是,可按主题页优先检索,先查主题页《实践论矛盾论与马克思主义中国化》，再在 T3/T10 中检索：实践论|矛盾论|马克思主义哲学中国化|启示,否
630,矛盾论 辩证 毛泽东,0630_矛盾论_辩证_毛泽东.md,3,54.6,中国化,毛泽东哲学思想与中国革命经验,中国化/毛泽东哲学思想与中国革命经验.md,高,123.0,已列入原主题页重点卡片；命中主题种子词：毛泽东、矛盾论；主题词重合：矛盾论、毛泽东,毛泽东 矛盾论 主要矛盾(39.09)；毛泽东 矛盾论 中国哲学传统(37.14)；实践论 矛盾论 毛泽东哲学(22.69)；矛盾论(22.14)；唯物辩证法 矛盾统一法则 毛泽东(21.25),1687_毛泽东_矛盾论_主要矛盾.md；0571_毛泽东_矛盾论_中国哲学传统.md；0543_实践论_矛盾论_毛泽东哲学.md；1862_矛盾论.md；0542_唯物辩证法_矛盾统一法则_毛泽东.md,,矛盾论、辩证、毛泽东,百年中国哲学革命；马克思主义哲学史教程；《矛盾论》的主要矛盾理论与《大众哲学》无关及其他,280-283；1077-1078；3,是,可按主题页优先检索,先查主题页《毛泽东哲学思想与中国革命经验》，再在 T3/T10 中检索：矛盾论|辩证|毛泽东,否
631,毛泽东 文化观 文化建设,0631_毛泽东_文化观_文化建设.md,3,52.6,中国化,毛泽东哲学与中国革命经验,中国化/毛泽东哲学与中国革命经验.md,低,10.0,自动主题组匹配：毛泽东,文化建设(29.38)；列宁 经济建设 文化建设 政治建设(24.69)；根据地 政权建设 经济建设 文化建设(24.41)；毛泽东 世界观 转变(18.85)；矛盾论 辩证 毛泽东(18.85),2020_文化建设.md；0892_列宁_经济建设_文化建设_政治建设.md；1205_根据地_政权建设_经济建设_文化建设.md；0573_毛泽东_世界观_转变.md；0630_矛盾论_辩证_毛泽东.md,,毛泽东、文化观、文化建设,百年中国哲学革命；马克思主义哲学中国化与中国哲学的现代转型；马克思主义中国化的起源语境,297；508-510；79,是,先核验原卡片再使用,先查主题页《毛泽东哲学与中国革命经验》，再在 T3/T10 中检索：毛泽东|文化观|文化建设,否
632,毛泽东 第二次结合 理论问题,0632_毛泽东_第二次结合_理论问题.md,3,44.6,中国化,毛泽东哲学与中国革命经验,中国化/毛泽东哲学与中国革命经验.md,低,10.0,自动主题组匹配：毛泽东,红色政权 理论 毛泽东(19.69)；理论联系实际 毛泽东(19.69)；农村包围城市 理论 毛泽东(19.17)；农民问题 中国革命 毛泽东(19.17)；反映论 真理论 实践论 毛泽东(18.95),0535_红色政权_理论_毛泽东.md；0549_理论联系实际_毛泽东.md；0534_农村包围城市_理论_毛泽东.md；0582_农民问题_中国革命_毛泽东.md；0541_反映论_真理论_实践论_毛泽东.md,,毛泽东、第二次结合、理论问题,百年中国哲学革命；马克思主义中国化时代化的历史逻辑、根本途径和当代课题——访北京大学马克思主义学院郭建宁教授_本刊记者；一本教科书、一个时代、一种...学原理教科书的再思考(上)_何萍,313；7；2,是,先核验原卡片再使用,先查主题页《毛泽东哲学与中国革命经验》，再在 T3/T10 中检索：毛泽东|第二次结合|理论问题,否
633,毛泽东 哲学 民族事业,0633_毛泽东_哲学_民族事业.md,3,44.33,中国化,毛泽东哲学与中国革命经验,中国化/毛泽东哲学与中国革命经验.md,低,10.0,自动主题组匹配：毛泽东,调查研究 毛泽东 哲学(23.33)；毛泽东 哲学讲义 中国化语言(21.67)；反对本本主义 毛泽东 哲学思想(21.25)；哲学 党性 阶级性 毛泽东(20.36)；毛泽东 延安时期 哲学思想(20.0),0550_调查研究_毛泽东_哲学.md；0539_毛泽东_哲学讲义_中国化语言.md；0585_反对本本主义_毛泽东_哲学思想.md；0540_哲学_党性_阶级性_毛泽东.md；0536_毛泽东_延安时期_哲学思想.md,,毛泽东、哲学,百年中国哲学革命；马克思主义哲学史；马克思主义哲学史（第六卷,246-248；30-31；560-562,是,先核验原卡片再使用,先查主题页《毛泽东哲学与中国革命经验》，再在 T3/T10 中检索：毛泽东|哲学|民族事业,否
634,马克思主义哲学 新民主主义革命,0634_马克思主义哲学_新民主主义革命.md,3,57.02,中国化,新民主主义革命理论与马克思主义中国化,中国化/新民主主义革命理论与马克思主义中国化.md,高,120.0,已列入原主题页重点卡片；命中主题种子词：新民主主义、新民主主义革命；主题词重合：新民主主义革命,新民主主义革命 马克思主义中国化 主题(47.5)；新民主主义向社会主义 转变 马克思主义哲学(46.84)；新民主主义革命 总路线(45.0)；马克思主义哲学 中国哲学(45.0)；文化大革命 马克思主义哲学 歪曲(44.72),0502_新民主主义革命_马克思主义中国化_主题.md；0602_新民主主义向社会主义_转变_马克思主义哲学.md；0515_新民主主义革命_总路线.md；1823_马克思主义哲学_中国哲学.md；0650_文化大革命_马克思主义哲学_歪曲.md,,马克思主义哲学、新民主主义革命,马克思主义哲学中国化理论与历史；二十世纪上半叶马克思主义哲学中国化之检视_王玉平；延安时期知识分子群体与马克思主义哲学大众化郭 - 2015 -,496；147；25,是,可按主题页优先检索,先查主题页《新民主主义革命理论与马克思主义中国化》，再在 T3/T10 中检索：马克思主义哲学|新民主主义革命,否
635,不要误解 实事求是,0635_不要误解_实事求是.md,3,46.57,中国化,毛泽东哲学与中国革命经验,中国化/毛泽东哲学与中国革命经验.md,低,13.0,自动主题组匹配：实事求是,实事求是 解放思想(26.82)；实事求是 民主集中制(26.25)；实事求是 思想路线 延安(25.77)；实事求是 毛泽东思想 精髓(25.36)；改造我们的学习 实事求是(25.36),0611_实事求是_解放思想.md；0612_实事求是_民主集中制.md；0597_实事求是_思想路线_延安.md；0491_实事求是_毛泽东思想_精髓.md；0519_改造我们的学习_实事求是.md,,不要误解、实事求是,艾思奇关于马克思主义哲学中国化的“系统构想”_罗永剑；“和生活打成一片”——艾思奇是怎样进行马克思主义哲学大众化的_李勰；马克思主义哲学史（第六卷,5；3；470-478,是,先核验原卡片再使用,先查主题页《毛泽东哲学与中国革命经验》，再在 T3/T10 中检索：不要误解|实事求是,否
636,新中国 马克思主义基本观点 普及,0636_新中国_马克思主义基本观点_普及.md,3,45.0,理论方法,马克思恩格斯经典文本与哲学关系,理论方法/马克思恩格斯经典文本与哲学关系.md,低,10.0,自动主题组匹配：马克思,马克思主义哲学 大众学习 新中国(22.5)；真理问题 讨论 新中国(17.63)；实践论 学习宣传 新中国(17.5)；矛盾论 学习宣传 新中国(17.5)；干部群众 学哲学 新中国(17.5),0662_马克思主义哲学_大众学习_新中国.md；0642_真理问题_讨论_新中国.md；0566_实践论_学习宣传_新中国.md；0567_矛盾论_学习宣传_新中国.md；0663_干部群众_学哲学_新中国.md,,新中国、马克思主义基本观点、普及,中国马克思主义学术史纲；马克思主义哲学在中国：传播、应用、形态、前景；一本教科书、一个时代、一种...学原理教科书的再思考(上)_何萍,76；183；7,是,先核验原卡片再使用,先查主题页《马克思恩格斯经典文本与哲学关系》，再在 T3/T10 中检索：新中国|马克思主义基本观点|普及,否
637,马列著作 翻译出版 新中国,0637_马列著作_翻译出版_新中国.md,3,53.15,当代反思,社会主义建设时期哲学讨论与反思,当代反思/社会主义建设时期哲学讨论与反思.md,低,8.0,二级自动主题组匹配：新中国,翻译出版 马列著作(53.64)；苏联哲学家 著作 翻译出版(28.33)；马克思主义哲学 经典著作 翻译出版(26.58)；马克思恩格斯 马列著作(24.69)；真理问题 讨论 新中国(18.12),1768_翻译出版_马列著作.md；0907_苏联哲学家_著作_翻译出版.md；0104_马克思主义哲学_经典著作_翻译出版.md；1763_马克思恩格斯_马列著作.md；0642_真理问题_讨论_新中国.md,,马列著作、翻译出版、新中国,马列著作在中国的出版；中国马克思主义学术史纲；马克思主义哲学在中国传播与发展的百年历史（上）,235；76-78；102-104,是,先核验原卡片再使用,先查主题页《社会主义建设时期哲学讨论与反思》，再在 T3/T10 中检索：马列著作|翻译出版|新中国,否
638,过渡时期 社会性质 马克思主义判断,0638_过渡时期_社会性质_马克思主义判断.md,1,43.2,理论方法,马克思恩格斯经典文本与哲学关系,理论方法/马克思恩格斯经典文本与哲学关系.md,低,10.0,自动主题组匹配：马克思,社会主义过渡时期 社会性质 讨论(31.11)；苏联哲学 过渡时期 成就(23.75)；列宁 过渡时期 基本矛盾(23.75)；列宁 过渡时期 阶级关系(23.75)；过渡时期 总路线 理论贡献(23.57),0640_社会主义过渡时期_社会性质_讨论.md；0783_苏联哲学_过渡时期_成就.md；0872_列宁_过渡时期_基本矛盾.md；0873_列宁_过渡时期_阶级关系.md；0639_过渡时期_总路线_理论贡献.md,,过渡时期、社会性质、马克思主义判断,中国马克思主义学术史纲,80-82,是,先核验原卡片再使用,先查主题页《马克思恩格斯经典文本与哲学关系》，再在 T3/T10 中检索：过渡时期|社会性质|马克思主义判断,否
639,过渡时期 总路线 理论贡献,0639_过渡时期_总路线_理论贡献.md,3,38.33,当代反思,社会主义建设时期哲学讨论与反思,当代反思/社会主义建设时期哲学讨论与反思.md,低,18.0,二级自动主题组匹配：过渡时期、总路线,过渡时期 总路线 历史必然性(45.0)；苏联哲学 过渡时期 成就(24.69)；列宁 过渡时期 基本矛盾(24.69)；列宁 过渡时期 阶级关系(24.69)；苏联哲学 过渡时期 哲学斗争(24.41),0669_过渡时期_总路线_历史必然性.md；0783_苏联哲学_过渡时期_成就.md；0872_列宁_过渡时期_基本矛盾.md；0873_列宁_过渡时期_阶级关系.md；0769_苏联哲学_过渡时期_哲学斗争.md,,过渡时期、总路线,中国马克思主义学术史纲；马克思主义哲学史；百年中国哲学革命,84-86；58-60；220-222,是,先核验原卡片再使用,先查主题页《社会主义建设时期哲学讨论与反思》，再在 T3/T10 中检索：过渡时期|总路线|理论贡献,否
640,社会主义过渡时期 社会性质 讨论,0640_社会主义过渡时期_社会性质_讨论.md,3,45.6,当代反思,社会主义建设时期哲学讨论与反思,当代反思/社会主义建设时期哲学讨论与反思.md,中,20.0,二级自动主题组匹配：过渡时期、社会主义过渡时期,过渡时期 社会性质 马克思主义判断(31.11)；近代中国 社会性质 主要矛盾 历史任务(23.12)；国家资本主义 过渡社会主义 列宁(6.58)；新民主主义社会 社会主义社会 过渡(5.56)；社会主义社会 发展动力 讨论(5.56),0638_过渡时期_社会性质_马克思主义判断.md；1121_近代中国_社会性质_主要矛盾_历史任务.md；0877_国家资本主义_过渡社会主义_列宁.md；0606_新民主主义社会_社会主义社会_过渡.md；0979_社会主义社会_发展动力_讨论.md,,社会主义过渡时期、社会性质、讨论,中国马克思主义学术史纲；中国文化与马克思主义；继承五四和扬弃五四,98；244；76,是,可按主题页优先检索,先查主题页《社会主义建设时期哲学讨论与反思》，再在 T3/T10 中检索：社会主义过渡时期|社会性质|讨论,否
641,经济基础 上层建筑 过渡时期,0641_经济基础_上层建筑_过渡时期.md,3,53.0,理论方法,历史唯物主义体系,理论方法/历史唯物主义体系.md,高,124.0,已列入原主题页重点卡片；命中主题种子词：经济基础、上层建筑；主题词重合：经济基础、上层建筑,李达 经济基础 上层建筑(53.46)；经济基础 上层建筑 相互作用(51.67)；唯物史观 经济基础 上层建筑(51.67)；经济基础 上层建筑 意识形态(51.67)；语言学问题 经济基础 上层建筑(50.94),0315_李达_经济基础_上层建筑.md；0019_经济基础_上层建筑_相互作用.md；0027_唯物史观_经济基础_上层建筑.md；1681_经济基础_上层建筑_意识形态.md；0003_语言学问题_经济基础_上层建筑.md,,经济基础、上层建筑、过渡时期,中国马克思主义学术史纲；马克思主义哲学史；百年中国哲学革命,100-102；169-171；190-192,是,可按主题页优先检索,先查主题页《历史唯物主义体系》，再在 T3/T10 中检索：经济基础|上层建筑|过渡时期,否
642,真理问题 讨论 新中国,0642_真理问题_讨论_新中国.md,3,39.0,理论方法,哲学基本范畴与辩证法原理,理论方法/哲学基本范畴与辩证法原理.md,低,10.0,自动主题组匹配：真理,实践论 学习宣传 新中国(18.33)；矛盾论 学习宣传 新中国(18.33)；干部群众 学哲学 新中国(18.33)；马列著作 翻译出版 新中国(18.12)；中国哲学史研究 新中国 新变化(17.94),0566_实践论_学习宣传_新中国.md；0567_矛盾论_学习宣传_新中国.md；0663_干部群众_学哲学_新中国.md；0637_马列著作_翻译出版_新中国.md；0718_中国哲学史研究_新中国_新变化.md,,真理问题、讨论、新中国,中国马克思主义学术史纲；马克思主义中国化史；马克思主义哲学史,108-112；未识别；172-173,是,先核验原卡片再使用,先查主题页《哲学基本范畴与辩证法原理》，再在 T3/T10 中检索：真理问题|讨论|新中国,否
643,大跃进 人民公社 理论反思,0643_大跃进_人民公社_理论反思.md,3,37.39,当代反思,社会主义建设时期哲学讨论与反思,当代反思/社会主义建设时期哲学讨论与反思.md,低,18.0,二级自动主题组匹配：大跃进、人民公社,大跃进 马克思主义哲学应用 失误(17.38),0654_大跃进_马克思主义哲学应用_失误.md,,大跃进、人民公社,“新理学”批判的批判；马克思主义中国化探论；马克思主义中国化研究的历史、现状与方法论_郭建宁,236；158；3,是,先核验原卡片再使用,先查主题页《社会主义建设时期哲学讨论与反思》，再在 T3/T10 中检索：大跃进|人民公社|理论反思,否
644,文化大革命 马克思主义学术 挫折,0644_文化大革命_马克思主义学术_挫折.md,3,40.2,理论方法,马克思恩格斯经典文本与哲学关系,理论方法/马克思恩格斯经典文本与哲学关系.md,低,10.0,自动主题组匹配：马克思,文化大革命 马克思主义哲学 歪曲(38.24)；文化大革命 马克思主义哲学应用 失误(36.84)；文化大革命 毛泽东晚年 主观主义失误(30.43)；阶级形势 唯心估量 文化大革命(29.76)；文化改造 社会革命 马克思主义引进(8.75),0650_文化大革命_马克思主义哲学_歪曲.md；0655_文化大革命_马克思主义哲学应用_失误.md；0609_文化大革命_毛泽东晚年_主观主义失误.md；0683_阶级形势_唯心估量_文化大革命.md；0966_文化改造_社会革命_马克思主义引进.md,,文化大革命、马克思主义学术、挫折,中国马克思主义学术史纲；马克思主义中国化的历史进程和基本经验研究_石仲泉；马列著作在中国的出版,154；5；277,是,先核验原卡片再使用,先查主题页《马克思恩格斯经典文本与哲学关系》，再在 T3/T10 中检索：文化大革命|马克思主义学术|挫折,否
645,真理标准讨论 学术史,0645_真理标准讨论_学术史.md,3,30.62,当代反思,真理标准讨论与思想解放,当代反思/真理标准讨论与思想解放.md,高,114.0,已列入原主题页重点卡片；命中主题种子词：真理标准讨论；主题词重合：真理标准讨论,真理标准讨论 拨乱反正(40.42)；问题与主义 论战 学术史(18.33)；李达 社会学大纲 学术史(18.33)；唯物辩证法论战 学术史(18.33)；新文化运动 五四运动 学术史(18.12),0651_真理标准讨论_拨乱反正.md；0119_问题与主义_论战_学术史.md；0268_李达_社会学大纲_学术史.md；0919_唯物辩证法论战_学术史.md；0118_新文化运动_五四运动_学术史.md,,学术史、真理标准讨论,中国马克思主义学术史纲；马克思主义哲学中国化与中国道路的哲学表达；马克思主义哲学中国化理论与历史,未识别；11；32,是,可按主题页优先检索,先查主题页《真理标准讨论与思想解放》，再在 T3/T10 中检索：真理标准讨论|学术史,否
646,邓小平理论 马克思主义中国化,0646_邓小平理论_马克思主义中国化.md,3,55.54,理论方法,马克思恩格斯经典文本与哲学关系,理论方法/马克思恩格斯经典文本与哲学关系.md,低,18.0,自动主题组匹配：马克思,新民主主义理论 马克思主义中国化(54.06)；马克思主义中国化 理论困境(53.33)；新民主主义革命理论 马克思主义中国化(52.5)；马克思主义中国化 前瞻(52.5)；起源 马克思主义中国化(52.5),0564_新民主主义理论_马克思主义中国化.md；1178_马克思主义中国化_理论困境.md；0503_新民主主义革命理论_马克思主义中国化.md；1180_马克思主义中国化_前瞻.md；1761_起源_马克思主义中国化.md,,邓小平理论、马克思主义中国化,马克思主义中国化研究的历史、现状与方法论_郭建宁；马克思主义中国化的历史进程和基本经验研究_石仲泉；20世纪上半叶“中国化”思潮与“马克思主义中国化”起源研究述评_赵铁锁,6；5,是,先核验原卡片再使用,先查主题页《马克思恩格斯经典文本与哲学关系》，再在 T3/T10 中检索：邓小平理论|马克思主义中国化,否
647,三个代表 重要思想 学术史,0647_三个代表_重要思想_学术史.md,3,38.77,学科史,中国马克思主义哲学史学科建设,学科史/中国马克思主义哲学史学科建设.md,高,109.0,已列入原主题页重点卡片；命中主题种子词：学术史；主题词重合：学术史,三个代表 马克思主义哲学 理论创新(23.57)；真理标准讨论 学术史(18.12)；问题与主义 论战 学术史(17.94)；李达 社会学大纲 学术史(17.94)；唯物辩证法论战 学术史(17.94),0659_三个代表_马克思主义哲学_理论创新.md；0645_真理标准讨论_学术史.md；0119_问题与主义_论战_学术史.md；0268_李达_社会学大纲_学术史.md；0919_唯物辩证法论战_学术史.md,,三个代表、重要思想,马克思主义哲学在中国：传播、应用、形态、前景；马克思主义哲学中国化理论与历史；马列著作在中国的出版,510-512；33；518,是,可按主题页优先检索,先查主题页《中国马克思主义哲学史学科建设》，再在 T3/T10 中检索：三个代表|重要思想|学术史,否
648,科学发展观 马克思主义中国化,0648_科学发展观_马克思主义中国化.md,3,55.55,理论方法,马克思恩格斯经典文本与哲学关系,理论方法/马克思恩格斯经典文本与哲学关系.md,低,18.0,自动主题组匹配：马克思,马克思主义中国化 科学内涵(53.33)；马克思主义中国化 前瞻(52.5)；起源 马克思主义中国化(52.5)；马克思主义中国化 思潮(52.5)；马克思主义中国化 重建(52.5),1147_马克思主义中国化_科学内涵.md；1180_马克思主义中国化_前瞻.md；1761_起源_马克思主义中国化.md；1827_马克思主义中国化_思潮.md；1828_马克思主义中国化_重建.md,,科学发展观、马克思主义中国化,马克思主义中国化的历史进程和基本经验研究_石仲泉；中国现代性建构：马克思主义中国化研究的重要视角_赵园园；马克思主义中国化研究的历史、现状与方法论_郭建宁,3；5；4,是,先核验原卡片再使用,先查主题页《马克思恩格斯经典文本与哲学关系》，再在 T3/T10 中检索：科学发展观|马克思主义中国化,否
649,新中国初期 马克思主义哲学传播 新形式,0649_新中国初期_马克思主义哲学传播_新形式.md,3,28.58,理论方法,马克思恩格斯经典文本与哲学关系,理论方法/马克思恩格斯经典文本与哲学关系.md,低,14.0,自动主题组匹配：马克思,中国近现代 社会矛盾 马克思主义哲学传播(49.38)；西学东渐 马克思主义哲学传播 环境(49.09)；新中国成立后 马克思主义哲学 传播(12.5)；马克思主义哲学 传播形式 转换(11.84)；五四时期 马克思主义哲学 传播(11.84),0101_中国近现代_社会矛盾_马克思主义哲学传播.md；0058_西学东渐_马克思主义哲学传播_环境.md；0660_新中国成立后_马克思主义哲学_传播.md；0052_马克思主义哲学_传播形式_转换.md；0143_五四时期_马克思主义哲学_传播.md,,马克思主义哲学传播,马克思主义中国化研究的历史、现状与方法论_郭建宁；“新哲学”大众化运动研究；二十世纪上半叶马克思主义哲学中国化之检视_王玉平,6；210；108,是,先核验原卡片再使用,先查主题页《马克思恩格斯经典文本与哲学关系》，再在 T3/T10 中检索：新中国初期|马克思主义哲学传播|新形式,否
650,文化大革命 马克思主义哲学 歪曲,0650_文化大革命_马克思主义哲学_歪曲.md,3,55.97,理论方法,马克思恩格斯经典文本与哲学关系,理论方法/马克思恩格斯经典文本与哲学关系.md,低,10.0,自动主题组匹配：马克思,林彪 马克思主义哲学 歪曲(58.33)；马克思主义哲学 新民主主义革命(44.72)；马克思主义哲学 中国文化身份(44.72)；马克思主义哲学 哲学大众化 大众哲学(44.72)；马克思主义哲学 中国哲学(44.38),1371_林彪_马克思主义哲学_歪曲.md；0634_马克思主义哲学_新民主主义革命.md；0723_马克思主义哲学_中国文化身份.md；1791_马克思主义哲学_哲学大众化_大众哲学.md；1823_马克思主义哲学_中国哲学.md,,文化大革命、马克思主义哲学、歪曲,马克思主义哲学中国化理论与历史；马克思主义哲学在中国：传播、应用、形态、前景；马克思主义哲学史,6；222-224；353-355,是,先核验原卡片再使用,先查主题页《马克思恩格斯经典文本与哲学关系》，再在 T3/T10 中检索：文化大革命|马克思主义哲学|歪曲,否
651,真理标准讨论 拨乱反正,0651_真理标准讨论_拨乱反正.md,3,47.77,当代反思,真理标准讨论与思想解放,当代反思/真理标准讨论与思想解放.md,高,126.0,已列入原主题页重点卡片；命中主题种子词：真理标准讨论、拨乱反正；主题词重合：真理标准讨论、拨乱反正,真理标准讨论 学术史(40.42)；拨乱反正 苏联哲学(25.77)；划分阶级 标准 讨论(5.77),0645_真理标准讨论_学术史.md；0795_拨乱反正_苏联哲学.md；1367_划分阶级_标准_讨论.md,,真理标准讨论、拨乱反正,马克思主义哲学中国化理论与历史；马克思主义哲学在中国：传播、应用、形态、前景；马克思主义哲学中国化与中国道路的哲学表达,32；238；11,是,可按主题页优先检索,先查主题页《真理标准讨论与思想解放》，再在 T3/T10 中检索：真理标准讨论|拨乱反正,否
652,生产力 生产关系 社会主义改造,0652_生产力_生产关系_社会主义改造.md,3,53.06,理论方法,历史唯物主义体系,理论方法/历史唯物主义体系.md,高,121.0,已列入原主题页重点卡片；命中主题种子词：生产力、生产关系；主题词重合：生产力、生产关系,生产力 生产关系 社会形态(48.46)；生产力 生产关系 讨论(44.62)；李达 生产力 生产关系(44.62)；生产力 生产关系 斯大林(43.93)；生产力 生产关系 历史规律(43.33),1680_生产力_生产关系_社会形态.md；0002_生产力_生产关系_讨论.md；0316_李达_生产力_生产关系.md；0906_生产力_生产关系_斯大林.md；0016_生产力_生产关系_历史规律.md,,生产力、生产关系、社会主义改造,马克思主义哲学在中国：传播、应用、形态、前景；中国马克思主义学术史纲；马克思主义哲学中国化理论与历史,392-393；84-86；545,是,可按主题页优先检索,先查主题页《历史唯物主义体系》，再在 T3/T10 中检索：生产力|生产关系|社会主义改造,否
653,正确处理人民内部矛盾 矛盾理论 应用,0653_正确处理人民内部矛盾_矛盾理论_应用.md,3,47.8,当代反思,社会主义社会矛盾理论,当代反思/社会主义社会矛盾理论.md,高,125.0,已列入原主题页重点卡片；命中主题种子词：正确处理人民内部矛盾、人民内部矛盾、矛盾；主题词重合：正确处理人民内部矛盾,社会主义社会矛盾理论 正确处理人民内部矛盾(53.75)；主要矛盾 大众哲学 矛盾理论(23.57)；论十大关系 矛盾学说 应用(12.27)；唯物辩证法 应用 要点(11.19)；李达 唯物史观 传播 应用(11.14),0678_社会主义社会矛盾理论_正确处理人民内部矛盾.md；1808_主要矛盾_大众哲学_矛盾理论.md；1054_论十大关系_矛盾学说_应用.md；1556_唯物辩证法_应用_要点.md；0332_李达_唯物史观_传播_应用.md,,正确处理人民内部矛盾、矛盾理论、应用,马克思主义哲学在中国：传播、应用、形态、前景；中国现代思想史论；百年中国哲学革命,401-403；200；239-240,是,可按主题页优先检索,先查主题页《社会主义社会矛盾理论》，再在 T3/T10 中检索：正确处理人民内部矛盾|矛盾理论|应用,否
654,大跃进 马克思主义哲学应用 失误,0654_大跃进_马克思主义哲学应用_失误.md,3,41.4,理论方法,马克思恩格斯经典文本与哲学关系,理论方法/马克思恩格斯经典文本与哲学关系.md,低,10.0,自动主题组匹配：马克思,文化大革命 马克思主义哲学应用 失误(63.89)；大跃进 人民公社 理论反思(17.38)；和平改造 马克思主义哲学 应用(11.76)；马克思主义哲学 多领域 应用(10.29)；马克思主义哲学 中国哲学(9.38),0655_文化大革命_马克思主义哲学应用_失误.md；0643_大跃进_人民公社_理论反思.md；1051_和平改造_马克思主义哲学_应用.md；1019_马克思主义哲学_多领域_应用.md；1823_马克思主义哲学_中国哲学.md,,大跃进、马克思主义哲学应用、失误,马克思主义哲学在中国：传播、应用、形态、前景；马克思主义中国化的历史进程和基本经验研究_石仲泉；马克思主义中国化探论,405-407；5；158,是,先核验原卡片再使用,先查主题页《马克思恩格斯经典文本与哲学关系》，再在 T3/T10 中检索：大跃进|马克思主义哲学应用|失误,否
655,文化大革命 马克思主义哲学应用 失误,0655_文化大革命_马克思主义哲学应用_失误.md,3,42.6,理论方法,马克思恩格斯经典文本与哲学关系,理论方法/马克思恩格斯经典文本与哲学关系.md,低,10.0,自动主题组匹配：马克思,大跃进 马克思主义哲学应用 失误(63.89)；文化大革命 马克思主义哲学 歪曲(41.18)；文化大革命 马克思主义学术 挫折(36.84)；文化大革命 毛泽东晚年 主观主义失误(31.25)；阶级形势 唯心估量 文化大革命(29.35),0654_大跃进_马克思主义哲学应用_失误.md；0650_文化大革命_马克思主义哲学_歪曲.md；0644_文化大革命_马克思主义学术_挫折.md；0609_文化大革命_毛泽东晚年_主观主义失误.md；0683_阶级形势_唯心估量_文化大革命.md,,文化大革命、马克思主义哲学应用、失误,马克思主义哲学在中国：传播、应用、形态、前景；马克思主义哲学史；马克思主义哲学中国化理论与历史,407-410；302；591,是,先核验原卡片再使用,先查主题页《马克思恩格斯经典文本与哲学关系》，再在 T3/T10 中检索：文化大革命|马克思主义哲学应用|失误,否
656,邓小平 哲学理论 当代形态,0656_邓小平_哲学理论_当代形态.md,3,57.4,当代反思,社会主义建设与改革开放哲学反思,当代反思/社会主义建设与改革开放哲学反思.md,低,10.0,自动主题组匹配：邓小平,哲学理论 发展 人文化倾向(24.41)；哲学理论 政治实践 密切联系(24.17)；邓小平 实践观 特色(18.33)；邓小平 价值观 特色(18.33),1014_哲学理论_发展_人文化倾向.md；1207_哲学理论_政治实践_密切联系.md；0657_邓小平_实践观_特色.md；0658_邓小平_价值观_特色.md,,邓小平、哲学理论、当代形态,马克思主义哲学在中国：传播、应用、形态、前景；“新哲学”大众化运动研究；马克思主义哲学中国化理论与历史,493-494；43；496,是,先核验原卡片再使用,先查主题页《社会主义建设与改革开放哲学反思》，再在 T3/T10 中检索：邓小平|哲学理论|当代形态,否
657,邓小平 实践观 特色,0657_邓小平_实践观_特色.md,3,47.6,理论方法,哲学基本范畴与辩证法原理,理论方法/哲学基本范畴与辩证法原理.md,低,10.0,自动主题组匹配：实践,邓小平 价值观 特色(25.0)；邓小平 哲学理论 当代形态(18.33)；邓小平文选(5.56),0658_邓小平_价值观_特色.md；0656_邓小平_哲学理论_当代形态.md；1934_邓小平文选.md,,邓小平、实践观、特色,马克思主义哲学在中国：传播、应用、形态、前景；马克思主义哲学史教程；以新的哲学观重新观照马克思主义哲学中国化的历史,499-500；未识别；2,是,先核验原卡片再使用,先查主题页《哲学基本范畴与辩证法原理》，再在 T3/T10 中检索：邓小平|实践观|特色,否
658,邓小平 价值观 特色,0658_邓小平_价值观_特色.md,3,50.4,当代反思,社会主义建设与改革开放哲学反思,当代反思/社会主义建设与改革开放哲学反思.md,低,10.0,自动主题组匹配：邓小平,邓小平 实践观 特色(25.0)；新文化运动 价值观 变革(18.57)；新青年 价值观 古今之变(18.57)；邓小平 哲学理论 当代形态(18.33)；价值观 价值哲学 马克思主义哲学(18.12),0657_邓小平_实践观_特色.md；0133_新文化运动_价值观_变革.md；1233_新青年_价值观_古今之变.md；0656_邓小平_哲学理论_当代形态.md；1045_价值观_价值哲学_马克思主义哲学.md,,邓小平、价值观、特色,马克思主义哲学在中国：传播、应用、形态、前景；中国现代性建构：马克思主义中国化研究的重要视角_赵园园；《实践论》和《矛盾论》对马克思主义哲学中国化的启示_许全兴,501-503；7；14,是,先核验原卡片再使用,先查主题页《社会主义建设与改革开放哲学反思》，再在 T3/T10 中检索：邓小平|价值观|特色,否
659,三个代表 马克思主义哲学 理论创新,0659_三个代表_马克思主义哲学_理论创新.md,3,57.3,理论方法,马克思恩格斯经典文本与哲学关系,理论方法/马克思恩格斯经典文本与哲学关系.md,低,10.0,自动主题组匹配：马克思,马克思主义哲学 中国哲学(43.82)；教科书编写 创新 马克思主义哲学(43.75)；马克思主义哲学 新理论形态 形成(43.75)；国统区 理论著述 马克思主义哲学(43.75)；马克思主义哲学 理解 表述 多样化(43.75),1823_马克思主义哲学_中国哲学.md；0935_教科书编写_创新_马克思主义哲学.md；1020_马克思主义哲学_新理论形态_形成.md；1035_国统区_理论著述_马克思主义哲学.md；1064_马克思主义哲学_理解_表述_多样化.md,,三个代表、马克思主义哲学、理论创新,马克思主义哲学中国化理论与历史；当代中国马克思主义哲学大众化的基本原则与推进路径_尚庆飞；马克思主义哲学在中国：传播、应用、形态、前景,493；2；507,是,先核验原卡片再使用,先查主题页《马克思恩格斯经典文本与哲学关系》，再在 T3/T10 中检索：三个代表|马克思主义哲学|理论创新,否
660,新中国成立后 马克思主义哲学 传播,0660_新中国成立后_马克思主义哲学_传播.md,3,58.68,传播史,马克思主义哲学在中国的传播路径,传播史/马克思主义哲学在中国的传播路径.md,高,100.0,已列入原主题页重点卡片,马克思主义哲学 传播 苏联(47.5)；新中国成立后 马克思主义哲学发展 特点(46.67)；马克思主义哲学 传播 普及 运用 中国化(46.25)；马克思主义哲学 传播范围 扩大(46.11)；马克思主义哲学 中国传播 源头(46.11),0785_马克思主义哲学_传播_苏联.md；0661_新中国成立后_马克思主义哲学发展_特点.md；0108_马克思主义哲学_传播_普及_运用_中国化.md；0046_马克思主义哲学_传播范围_扩大.md；0047_马克思主义哲学_中国传播_源头.md,,新中国成立后、马克思主义哲学、传播,马克思主义哲学在中国的传播与马克思主义哲学中国化；马克思主义哲学在中国：传播、应用、形态、前景；马克思主义哲学在中国传播与发展的百年历史（下）,13；26-28；544-546,是,可按主题页优先检索,先查主题页《马克思主义哲学在中国的传播路径》，再在 T3/T10 中检索：新中国成立后|马克思主义哲学|传播,否
661,新中国成立后 马克思主义哲学发展 特点,0661_新中国成立后_马克思主义哲学发展_特点.md,3,41.19,理论方法,马克思恩格斯经典文本与哲学关系,理论方法/马克思恩格斯经典文本与哲学关系.md,低,10.0,自动主题组匹配：马克思,新中国成立后 马克思主义哲学 传播(46.67)；马克思主义哲学 教科书传播 特点(17.95)；五四时期 传播马克思主义哲学 特点(17.61)；马克思主义 初期传播 特点(15.95)；马克思主义 学说 初期传播 特点(15.43),0660_新中国成立后_马克思主义哲学_传播.md；0097_马克思主义哲学_教科书传播_特点.md；0225_五四时期_传播马克思主义哲学_特点.md；0093_马克思主义_初期传播_特点.md；0095_马克思主义_学说_初期传播_特点.md,,新中国成立后、马克思主义哲学发展、特点,马克思主义哲学在中国传播与发展的百年历史（下）；马克思主义哲学大众化的当代思考_郭建宁；马克思主义哲学中国化研究的问题与视野_何萍,544-546；1；5,是,先核验原卡片再使用,先查主题页《马克思恩格斯经典文本与哲学关系》，再在 T3/T10 中检索：新中国成立后|马克思主义哲学发展|特点,否
662,马克思主义哲学 大众学习 新中国,0662_马克思主义哲学_大众学习_新中国.md,3,43.47,理论方法,马克思恩格斯经典文本与哲学关系,理论方法/马克思恩格斯经典文本与哲学关系.md,低,10.0,自动主题组匹配：马克思,马克思主义哲学 大众化 中国化(49.06)；马克思主义哲学 哲学大众化(48.33)；大众哲学 马克思主义哲学 大众化(47.5)；马克思主义哲学 学习 新局面(47.5)；马克思主义哲学 大众化 胡绳(47.5),1200_马克思主义哲学_大众化_中国化.md；1813_马克思主义哲学_哲学大众化.md；0360_大众哲学_马克思主义哲学_大众化.md；1341_马克思主义哲学_学习_新局面.md；1814_马克思主义哲学_大众化_胡绳.md,,马克思主义哲学、新中国,马克思主义哲学在中国：传播、应用、形态、前景；马克思主义哲学中国化理论与历史；《大众哲学》_马克思主义哲学大众化的经典范本_张立波,182；361；8,是,先核验原卡片再使用,先查主题页《马克思恩格斯经典文本与哲学关系》，再在 T3/T10 中检索：马克思主义哲学|大众学习|新中国,否
663,干部群众 学哲学 新中国,0663_干部群众_学哲学_新中国.md,3,37.19,当代反思,社会主义建设时期哲学讨论与反思,当代反思/社会主义建设时期哲学讨论与反思.md,中,26.0,二级自动主题组匹配：新中国、干部群众、学哲学,马克思主义哲学 大众学习 新中国(20.56)；中国哲学史研究 新中国 新变化(19.41)；工农兵 学哲学 用哲学(18.57)；真理问题 讨论 新中国(18.33)；哲学解放 工农兵 学哲学(18.33),0662_马克思主义哲学_大众学习_新中国.md；0718_中国哲学史研究_新中国_新变化.md；1040_工农兵_学哲学_用哲学.md；0642_真理问题_讨论_新中国.md；1039_哲学解放_工农兵_学哲学.md,,干部群众、学哲学、新中国,“新哲学”大众化运动研究；马列著作在中国的出版；马克思主义哲学在中国：传播、应用、形态、前景,247；448；47,是,可按主题页优先检索,先查主题页《社会主义建设时期哲学讨论与反思》，再在 T3/T10 中检索：干部群众|学哲学|新中国,否
664,改革开放时期 马克思主义哲学 新发展,0664_改革开放时期_马克思主义哲学_新发展.md,3,49.2,当代反思,真理标准讨论与思想解放,当代反思/真理标准讨论与思想解放.md,高,106.0,已列入原主题页重点卡片；命中主题种子词：改革开放,五四时期 马克思主义哲学 传播(45.53)；延安时期 马克思主义哲学 创作 宣讲(44.52)；马克思主义哲学 新民主主义革命(43.75)；马克思主义哲学 新理论形态 形成(43.33)；马克思主义哲学 中国哲学(43.33),0143_五四时期_马克思主义哲学_传播.md；1206_延安时期_马克思主义哲学_创作_宣讲.md；0634_马克思主义哲学_新民主主义革命.md；1020_马克思主义哲学_新理论形态_形成.md；1823_马克思主义哲学_中国哲学.md,,改革开放时期、马克思主义哲学、新发展,马克思主义哲学在中国传播与发展的百年历史（下）；马克思主义哲学中国化与中国道路的哲学表达；二十世纪上半叶马克思主义哲学中国化之检视_王玉平,668-670；7；223,是,可按主题页优先检索,先查主题页《真理标准讨论与思想解放》，再在 T3/T10 中检索：改革开放时期|马克思主义哲学|新发展,否
665,改革开放 哲学研究 教学 特点,0665_改革开放_哲学研究_教学_特点.md,3,48.0,当代反思,真理标准讨论与思想解放,当代反思/真理标准讨论与思想解放.md,高,112.0,已列入原主题页重点卡片；命中主题种子词：改革开放；主题词重合：改革开放,改革开放 中国哲学史研究 繁荣(26.94)；哲学研究(26.82)；马克思主义哲学 教学 研究 宣传(15.26)；大众哲学 特点 社会影响(14.41)；五四时期 传播马克思主义哲学 特点(13.41),0719_改革开放_中国哲学史研究_繁荣.md；1984_哲学研究.md；1224_马克思主义哲学_教学_研究_宣传.md；0373_大众哲学_特点_社会影响.md；0225_五四时期_传播马克思主义哲学_特点.md,,改革开放、哲学研究、教学、特点,马克思主义哲学在中国传播与发展的百年历史（下）；马克思主义哲学在中国：传播、应用、形态、前景；马克思主义哲学中国化理论与历史,668-670；349-351；360,是,可按主题页优先检索,先查主题页《真理标准讨论与思想解放》，再在 T3/T10 中检索：改革开放|哲学研究|教学|特点,否
666,落后国家 社会主义建设 现代化,0666_落后国家_社会主义建设_现代化.md,3,41.09,当代反思,社会主义建设与改革开放哲学反思,当代反思/社会主义建设与改革开放哲学反思.md,低,13.0,自动主题组匹配：社会主义建设,社会主义建设 重点 非重点(37.81)；社会主义建设 平衡 不平衡(37.81)；自由 必然 社会主义建设(37.81)；列宁 社会主义建设 构想(37.81)；社会主义建设 辩证法 探索(37.35),0674_社会主义建设_重点_非重点.md；0675_社会主义建设_平衡_不平衡.md；0682_自由_必然_社会主义建设.md；0891_列宁_社会主义建设_构想.md；0672_社会主义建设_辩证法_探索.md,,社会主义建设、现代化、落后国家,马克思主义哲学史；马克思主义哲学中国化理论与历史；列宁选集第四卷_2012,242-245；555；966,是,先核验原卡片再使用,先查主题页《社会主义建设与改革开放哲学反思》，再在 T3/T10 中检索：落后国家|社会主义建设|现代化,否
667,社会主义建设 道路探索 辩证法,0667_社会主义建设_道路探索_辩证法.md,3,42.1,当代反思,社会主义建设与改革开放哲学反思,当代反思/社会主义建设与改革开放哲学反思.md,低,13.0,自动主题组匹配：社会主义建设,社会主义建设 辩证法 探索(59.29)；社会主义建设 重点 非重点(37.81)；社会主义建设 平衡 不平衡(37.81)；自由 必然 社会主义建设(37.81)；列宁 社会主义建设 构想(37.81),0672_社会主义建设_辩证法_探索.md；0674_社会主义建设_重点_非重点.md；0675_社会主义建设_平衡_不平衡.md；0682_自由_必然_社会主义建设.md；0891_列宁_社会主义建设_构想.md,,社会主义建设、辩证法,毛泽东哲学批注集：辩证法唯物论教程批注 (毛泽东)；一本教科书、一个时代、一种...学原理教科书的再思考(上)_何萍；米丁-辩证唯物论与历史唯物论-上-rightToLeft,438；8；293,是,先核验原卡片再使用,先查主题页《社会主义建设与改革开放哲学反思》，再在 T3/T10 中检索：社会主义建设|道路探索|辩证法,否
668,内部矛盾 外部矛盾 社会主义建设,0668_内部矛盾_外部矛盾_社会主义建设.md,3,40.52,当代反思,社会主义建设与改革开放哲学反思,当代反思/社会主义建设与改革开放哲学反思.md,低,13.0,自动主题组匹配：社会主义建设,社会主义建设 重点 非重点(38.33)；社会主义建设 平衡 不平衡(38.33)；自由 必然 社会主义建设(38.33)；列宁 社会主义建设 构想(38.33)；社会主义建设 辩证法 探索(37.81),0674_社会主义建设_重点_非重点.md；0675_社会主义建设_平衡_不平衡.md；0682_自由_必然_社会主义建设.md；0891_列宁_社会主义建设_构想.md；0672_社会主义建设_辩证法_探索.md,,内部矛盾、外部矛盾、社会主义建设,马克思主义哲学史(第五卷)；高清海先生对马克思主义哲学...理教科书的解构及其当代启示_何萍；马克思主义哲学中国化理论与历史,124-425；3；485,是,先核验原卡片再使用,先查主题页《社会主义建设与改革开放哲学反思》，再在 T3/T10 中检索：内部矛盾|外部矛盾|社会主义建设,否
669,过渡时期 总路线 历史必然性,0669_过渡时期_总路线_历史必然性.md,3,51.71,理论方法,哲学基本范畴与辩证法原理,理论方法/哲学基本范畴与辩证法原理.md,低,10.0,自动主题组匹配：必然性,过渡时期 总路线 理论贡献(45.0)；苏联哲学 过渡时期 成就(24.41)；列宁 过渡时期 基本矛盾(24.41)；列宁 过渡时期 阶级关系(24.41)；苏联哲学 过渡时期 哲学斗争(24.17),0639_过渡时期_总路线_理论贡献.md；0783_苏联哲学_过渡时期_成就.md；0872_列宁_过渡时期_基本矛盾.md；0873_列宁_过渡时期_阶级关系.md；0769_苏联哲学_过渡时期_哲学斗争.md,,过渡时期、总路线、历史必然性,马克思主义哲学史；马克思主义哲学中国化理论与历史；中国马克思主义学术史纲,58-60；545；84-86,是,先核验原卡片再使用,先查主题页《哲学基本范畴与辩证法原理》，再在 T3/T10 中检索：过渡时期|总路线|历史必然性,否
670,社会主义改造 一般 特殊,0670_社会主义改造_一般_特殊.md,3,47.52,当代反思,社会主义建设时期哲学讨论与反思,当代反思/社会主义建设时期哲学讨论与反思.md,低,10.0,二级自动主题组匹配：社会主义改造,生产力 生产关系 社会主义改造(38.33)；历史发展 一般 特殊 辩证法(14.69)；特殊 普遍 文学批评(11.67)；中国式社会主义改造 唯物辩证法(7.35)；俄国 社会主义(6.82),0652_生产力_生产关系_社会主义改造.md；1247_历史发展_一般_特殊_辩证法.md；0447_特殊_普遍_文学批评.md；0671_中国式社会主义改造_唯物辩证法.md；1758_俄国_社会主义.md,,社会主义改造、一般、特殊,马克思主义哲学史；马克思主义哲学中国化理论与历史；马克思主义哲学史(第五卷),63；541；514-516,是,先核验原卡片再使用,先查主题页《社会主义建设时期哲学讨论与反思》，再在 T3/T10 中检索：社会主义改造|一般|特殊,否
671,中国式社会主义改造 唯物辩证法,0671_中国式社会主义改造_唯物辩证法.md,3,31.46,理论方法,哲学基本范畴与辩证法原理,理论方法/哲学基本范畴与辩证法原理.md,低,18.0,二级自动主题组匹配：辩证法、唯物辩证法,逐步改造 唯物辩证法(35.0)；综合改造 唯物辩证法(35.0)；唯物辩证法 风靡全国(30.88)；唯物辩证法 风靡 起点(30.88)；唯物辩证法 风靡 前奏(30.88),1052_逐步改造_唯物辩证法.md；1053_综合改造_唯物辩证法.md；1026_唯物辩证法_风靡全国.md；1027_唯物辩证法_风靡_起点.md；1028_唯物辩证法_风靡_前奏.md,,中国式社会主义改造、唯物辩证法,马克思主义哲学史；从唯物辩证法论战到马克思主义哲学大众化——对艾思奇《大众哲学》的解读_李维武；张东荪-唯物辩证法论战,62-63；1；147,是,先核验原卡片再使用,先查主题页《哲学基本范畴与辩证法原理》，再在 T3/T10 中检索：中国式社会主义改造|唯物辩证法,否
672,社会主义建设 辩证法 探索,0672_社会主义建设_辩证法_探索.md,3,48.38,当代反思,社会主义建设与改革开放哲学反思,当代反思/社会主义建设与改革开放哲学反思.md,低,13.0,自动主题组匹配：社会主义建设,社会主义建设 道路探索 辩证法(59.29)；社会主义建设 重点 非重点(38.93)；社会主义建设 平衡 不平衡(38.93)；自由 必然 社会主义建设(38.93)；列宁 社会主义建设 构想(38.93),0667_社会主义建设_道路探索_辩证法.md；0674_社会主义建设_重点_非重点.md；0675_社会主义建设_平衡_不平衡.md；0682_自由_必然_社会主义建设.md；0891_列宁_社会主义建设_构想.md,,社会主义建设、辩证法、探索,马克思主义哲学史；中国马克思主义学术史纲；米丁-辩证唯物论与历史唯物论-上-rightToLeft,87；122；296,是,先核验原卡片再使用,先查主题页《社会主义建设与改革开放哲学反思》，再在 T3/T10 中检索：社会主义建设|辩证法|探索,否
673,社会主义建设 积极因素 消极因素,0673_社会主义建设_积极因素_消极因素.md,3,47.4,当代反思,社会主义建设与改革开放哲学反思,当代反思/社会主义建设与改革开放哲学反思.md,低,13.0,自动主题组匹配：社会主义建设,社会主义建设 重点 非重点(38.33)；社会主义建设 平衡 不平衡(38.33)；自由 必然 社会主义建设(38.33)；列宁 社会主义建设 构想(38.33)；社会主义建设 辩证法 探索(37.81),0674_社会主义建设_重点_非重点.md；0675_社会主义建设_平衡_不平衡.md；0682_自由_必然_社会主义建设.md；0891_列宁_社会主义建设_构想.md；0672_社会主义建设_辩证法_探索.md,,社会主义建设、积极因素、消极因素,马克思主义哲学史；米丁-辩证唯物论与历史唯物论-上-rightToLeft；文化契合、文化融合与文化重构——对马克思主义中国化的文化思考_张琳,未识别；165；2,是,先核验原卡片再使用,先查主题页《社会主义建设与改革开放哲学反思》，再在 T3/T10 中检索：社会主义建设|积极因素|消极因素,否
674,社会主义建设 重点 非重点,0674_社会主义建设_重点_非重点.md,3,44.6,当代反思,社会主义建设与改革开放哲学反思,当代反思/社会主义建设与改革开放哲学反思.md,低,13.0,自动主题组匹配：社会主义建设,社会主义建设 平衡 不平衡(39.62)；自由 必然 社会主义建设(39.62)；列宁 社会主义建设 构想(39.62)；社会主义建设 辩证法 探索(38.93)；内部矛盾 外部矛盾 社会主义建设(38.33),0675_社会主义建设_平衡_不平衡.md；0682_自由_必然_社会主义建设.md；0891_列宁_社会主义建设_构想.md；0672_社会主义建设_辩证法_探索.md；0668_内部矛盾_外部矛盾_社会主义建设.md,,社会主义建设、重点、非重点,马克思主义哲学史；马列著作在中国的出版；列宁专题文集·论社会主义,95-97；239；4,是,先核验原卡片再使用,先查主题页《社会主义建设与改革开放哲学反思》，再在 T3/T10 中检索：社会主义建设|重点|非重点,否
675,社会主义建设 平衡 不平衡,0675_社会主义建设_平衡_不平衡.md,3,51.8,当代反思,社会主义建设与改革开放哲学反思,当代反思/社会主义建设与改革开放哲学反思.md,低,13.0,自动主题组匹配：社会主义建设,社会主义建设 重点 非重点(39.62)；自由 必然 社会主义建设(39.62)；列宁 社会主义建设 构想(39.62)；社会主义建设 辩证法 探索(38.93)；内部矛盾 外部矛盾 社会主义建设(38.33),0674_社会主义建设_重点_非重点.md；0682_自由_必然_社会主义建设.md；0891_列宁_社会主义建设_构想.md；0672_社会主义建设_辩证法_探索.md；0668_内部矛盾_外部矛盾_社会主义建设.md,,社会主义建设、平衡、不平衡,马克思主义哲学史；米丁-辩证唯物论历史唯物论下-rightToLeft；马克思主义哲学中国化理论与历史,97-99；400；554,是,先核验原卡片再使用,先查主题页《社会主义建设与改革开放哲学反思》，再在 T3/T10 中检索：社会主义建设|平衡|不平衡,否
676,社会主义建设 统一性 独立性,0676_社会主义建设_统一性_独立性.md,3,42.6,当代反思,社会主义建设与改革开放哲学反思,当代反思/社会主义建设与改革开放哲学反思.md,低,13.0,自动主题组匹配：社会主义建设,社会主义建设 重点 非重点(38.33)；社会主义建设 平衡 不平衡(38.33)；独立自主 学习外国 社会主义建设(38.33)；自由 必然 社会主义建设(38.33)；列宁 社会主义建设 构想(38.33),0674_社会主义建设_重点_非重点.md；0675_社会主义建设_平衡_不平衡.md；0677_独立自主_学习外国_社会主义建设.md；0682_自由_必然_社会主义建设.md；0891_列宁_社会主义建设_构想.md,,社会主义建设、统一性、独立性,马克思主义哲学史；马克思主义哲学史（第六卷；列宁选集第四卷_2012,99-101；455-457；1106,是,先核验原卡片再使用,先查主题页《社会主义建设与改革开放哲学反思》，再在 T3/T10 中检索：社会主义建设|统一性|独立性,否
677,独立自主 学习外国 社会主义建设,0677_独立自主_学习外国_社会主义建设.md,3,42.6,当代反思,社会主义建设与改革开放哲学反思,当代反思/社会主义建设与改革开放哲学反思.md,低,13.0,自动主题组匹配：社会主义建设,社会主义建设 统一性 独立性(38.33)；社会主义建设 重点 非重点(37.35)；社会主义建设 平衡 不平衡(37.35)；自由 必然 社会主义建设(37.35)；列宁 社会主义建设 构想(37.35),0676_社会主义建设_统一性_独立性.md；0674_社会主义建设_重点_非重点.md；0675_社会主义建设_平衡_不平衡.md；0682_自由_必然_社会主义建设.md；0891_列宁_社会主义建设_构想.md,,独立自主、学习外国、社会主义建设,马克思主义哲学史；马克思主义哲学中国化理论与历史；列宁选集第四卷_2012,101-104；30；1106,是,先核验原卡片再使用,先查主题页《社会主义建设与改革开放哲学反思》，再在 T3/T10 中检索：独立自主|学习外国|社会主义建设,否
678,社会主义社会矛盾理论 正确处理人民内部矛盾,0678_社会主义社会矛盾理论_正确处理人民内部矛盾.md,3,32.24,当代反思,社会主义社会矛盾理论,当代反思/社会主义社会矛盾理论.md,高,153.0,已列入原主题页重点卡片；命中主题种子词：社会主义社会矛盾理论、正确处理人民内部矛盾、社会主义社会矛盾、人民内部矛盾、矛盾、社会主义；主题词重合：社会主义社会矛盾理论、正确处理人民内部矛盾,正确处理人民内部矛盾 矛盾理论 应用(53.75)；社会主义社会矛盾 理论 传播(10.53)；社会主义社会 基本矛盾 理论(8.75)；社会主义社会矛盾学说 创立(7.14)；内部矛盾 外部矛盾 社会主义建设(6.82),0653_正确处理人民内部矛盾_矛盾理论_应用.md；0099_社会主义社会矛盾_理论_传播.md；1351_社会主义社会_基本矛盾_理论.md；0984_社会主义社会矛盾学说_创立.md；0668_内部矛盾_外部矛盾_社会主义建设.md,,社会主义社会矛盾理论、正确处理人民内部矛盾,马克思主义哲学史；“新哲学”大众化运动研究；冯契文集第七卷中国近代哲学的革命进程,104-105；246；604,是,可按主题页优先检索,先查主题页《社会主义社会矛盾理论》，再在 T3/T10 中检索：社会主义社会矛盾理论|正确处理人民内部矛盾,否
679,人民内部矛盾 敌我矛盾 方法,0679_人民内部矛盾_敌我矛盾_方法.md,3,50.68,当代反思,社会主义社会矛盾理论,当代反思/社会主义社会矛盾理论.md,高,117.0,已列入原主题页重点卡片；命中主题种子词：人民内部矛盾、矛盾；主题词重合：人民内部矛盾,正确处理人民内部矛盾 矛盾理论 应用(6.58)；社会主义社会矛盾理论 正确处理人民内部矛盾(5.68),0653_正确处理人民内部矛盾_矛盾理论_应用.md；0678_社会主义社会矛盾理论_正确处理人民内部矛盾.md,,人民内部矛盾、敌我矛盾、方法,马克思主义哲学在中国：传播、应用、形态、前景；马克思主义哲学史；马克思主义哲学中国化与中国道路的哲学表达,401-403；473-475；6,是,可按主题页优先检索,先查主题页《社会主义社会矛盾理论》，再在 T3/T10 中检索：人民内部矛盾|敌我矛盾|方法,否
680,过渡时期 工人阶级 民族资产阶级 矛盾,0680_过渡时期_工人阶级_民族资产阶级_矛盾.md,3,59.8,论战与思想运动,中国近代启蒙与民主革命,论战与思想运动/中国近代启蒙与民主革命.md,低,13.0,自动主题组匹配：资产阶级,民族资产阶级 矛盾 性质(50.94)；列宁 过渡时期 基本矛盾(25.26)；列宁 过渡时期 阶级关系(25.26)；民族工业 工人阶级 壮大(25.26)；工人阶级 英国(24.69),1360_民族资产阶级_矛盾_性质.md；0872_列宁_过渡时期_基本矛盾.md；0873_列宁_过渡时期_阶级关系.md；1423_民族工业_工人阶级_壮大.md；1737_工人阶级_英国.md,,过渡时期、工人阶级、民族资产阶级、矛盾,马克思主义哲学史；中国马克思主义学术史纲；马克思主义中国化的历史进程,161-163；98-100；315-317,是,先核验原卡片再使用,先查主题页《中国近代启蒙与民主革命》，再在 T3/T10 中检索：过渡时期|工人阶级|民族资产阶级|矛盾,否
681,社会主义建设 对立面结合 思想,0681_社会主义建设_对立面结合_思想.md,3,46.6,当代反思,社会主义建设与改革开放哲学反思,当代反思/社会主义建设与改革开放哲学反思.md,低,13.0,自动主题组匹配：社会主义建设,社会主义建设 重点 非重点(37.81)；社会主义建设 平衡 不平衡(37.81)；自由 必然 社会主义建设(37.81)；列宁 社会主义建设 构想(37.81)；社会主义建设 辩证法 探索(37.35),0674_社会主义建设_重点_非重点.md；0675_社会主义建设_平衡_不平衡.md；0682_自由_必然_社会主义建设.md；0891_列宁_社会主义建设_构想.md；0672_社会主义建设_辩证法_探索.md,,社会主义建设、对立面结合、思想,马克思主义哲学史；中国马克思主义学术史纲；米丁-辩证唯物论历史唯物论下-rightToLeft,190-191；128；412,是,先核验原卡片再使用,先查主题页《社会主义建设与改革开放哲学反思》，再在 T3/T10 中检索：社会主义建设|对立面结合|思想,否
682,自由 必然 社会主义建设,0682_自由_必然_社会主义建设.md,3,49.8,当代反思,社会主义建设与改革开放哲学反思,当代反思/社会主义建设与改革开放哲学反思.md,低,13.0,自动主题组匹配：社会主义建设,社会主义建设 重点 非重点(39.62)；社会主义建设 平衡 不平衡(39.62)；列宁 社会主义建设 构想(39.62)；社会主义建设 辩证法 探索(38.93)；内部矛盾 外部矛盾 社会主义建设(38.33),0674_社会主义建设_重点_非重点.md；0675_社会主义建设_平衡_不平衡.md；0891_列宁_社会主义建设_构想.md；0672_社会主义建设_辩证法_探索.md；0668_内部矛盾_外部矛盾_社会主义建设.md,,自由、必然、社会主义建设,马克思主义哲学史；马克思主义哲学中国化理论与历史；艾思奇全书（第2卷）,411-414；554；617-618,是,先核验原卡片再使用,先查主题页《社会主义建设与改革开放哲学反思》，再在 T3/T10 中检索：自由|必然|社会主义建设,否
683,阶级形势 唯心估量 文化大革命,0683_阶级形势_唯心估量_文化大革命.md,1,39.0,理论方法,阶级斗争与社会革命理论,理论方法/阶级斗争与社会革命理论.md,高,106.0,已列入原主题页重点卡片；命中主题种子词：革命、阶级,文化大革命 马克思主义学术 挫折(29.76)；文化大革命 马克思主义哲学 歪曲(29.76)；文化大革命 毛泽东晚年 主观主义失误(29.35)；文化大革命 马克思主义哲学应用 失误(29.35),0644_文化大革命_马克思主义学术_挫折.md；0650_文化大革命_马克思主义哲学_歪曲.md；0609_文化大革命_毛泽东晚年_主观主义失误.md；0655_文化大革命_马克思主义哲学应用_失误.md,,阶级形势、唯心估量、文化大革命,马克思主义哲学史,307-308,是,可按主题页优先检索,先查主题页《阶级斗争与社会革命理论》，再在 T3/T10 中检索：阶级形势|唯心估量|文化大革命,否
684,儒学 衰落 西学 兴起,0684_儒学_衰落_西学_兴起.md,3,54.4,中国哲学传统,中国古代哲学概念与思想传统,中国哲学传统/中国古代哲学概念与思想传统.md,低,8.0,二级自动主题组匹配：儒学,儒学 西学 马克思主义 三重关系(22.94)；西学 现代新儒学 中国马克思主义(12.78)；中国文化 儒学(12.27)；儒学 意识形态(12.27)；儒学 困境 近代中国(11.92),0690_儒学_西学_马克思主义_三重关系.md；0686_西学_现代新儒学_中国马克思主义.md；1731_中国文化_儒学.md；1765_儒学_意识形态.md；0685_儒学_困境_近代中国.md,,儒学、衰落、西学、兴起,中国马克思主义学术史纲；中国文化与马克思主义；百年中国哲学革命,6；209；417-418,是,先核验原卡片再使用,先查主题页《中国古代哲学概念与思想传统》，再在 T3/T10 中检索：儒学|衰落|西学|兴起,否
685,儒学 困境 近代中国,0685_儒学_困境_近代中国.md,3,35.81,中国哲学传统,中国古代哲学概念与思想传统,中国哲学传统/中国古代哲学概念与思想传统.md,低,8.0,二级自动主题组匹配：儒学,近代中国 严重危机 走向(25.77)；近代中国 社会性质 主要矛盾 历史任务(23.95)；中国文化 儒学(15.0)；儒学 意识形态(12.27)；儒学 衰落 西学 兴起(11.92),1119_近代中国_严重危机_走向.md；1121_近代中国_社会性质_主要矛盾_历史任务.md；1731_中国文化_儒学.md；1765_儒学_意识形态.md；0684_儒学_衰落_西学_兴起.md,,儒学、困境、近代中国,中国马克思主义学术史纲；百年中国哲学革命；马克思主义哲学中国化理论与历史,未识别；416；328,是,先核验原卡片再使用,先查主题页《中国古代哲学概念与思想传统》，再在 T3/T10 中检索：儒学|困境|近代中国,否
686,西学 现代新儒学 中国马克思主义,0686_西学_现代新儒学_中国马克思主义.md,3,53.19,理论方法,马克思恩格斯经典文本与哲学关系,理论方法/马克思恩格斯经典文本与哲学关系.md,低,10.0,自动主题组匹配：马克思,中国马克思主义 马克思主义者(45.0)；中国马克思主义 毛泽东(44.38)；中国马克思主义 概念界定(43.82)；中国马克思主义 历史使命(43.82)；中国马克思主义 学术史 研究(43.33),1788_中国马克思主义_马克思主义者.md；1982_中国马克思主义_毛泽东.md；1629_中国马克思主义_概念界定.md；1818_中国马克思主义_历史使命.md；0915_中国马克思主义_学术史_研究.md,,西学、现代新儒学、中国马克思主义,中国文化与马克思主义；中国马克思主义学术史纲；“新理学”批判的批判,334；6；9,是,先核验原卡片再使用,先查主题页《马克思恩格斯经典文本与哲学关系》，再在 T3/T10 中检索：西学|现代新儒学|中国马克思主义,否
687,西学东渐 中体西用,0687_西学东渐_中体西用.md,3,45.86,论战与思想运动,中国近代启蒙与民主革命,论战与思想运动/中国近代启蒙与民主革命.md,低,10.0,二级自动主题组匹配：西学东渐,中体西用 西学 挑战(30.0)；胡适 西化 梁漱溟 中体西用(25.36)；西学东渐 马克思主义哲学传播 环境(24.17),0688_中体西用_西学_挑战.md；0481_胡适_西化_梁漱溟_中体西用.md；0058_西学东渐_马克思主义哲学传播_环境.md,,西学东渐、中体西用,中国现代思想史论；二十世纪上半叶马克思主义哲学中国化之检视_王玉平；中国文化与马克思主义,334；53；19,是,先核验原卡片再使用,先查主题页《中国近代启蒙与民主革命》，再在 T3/T10 中检索：西学东渐|中体西用,否
688,中体西用 西学 挑战,0688_中体西用_西学_挑战.md,3,44.97,其他待人工复核,其他待人工复核,其他待人工复核/其他待人工复核.md,待人工归类,0.0,未命中已有主题页和自动主题组规则，建议人工判断,西学东渐 中体西用(30.0)；胡适 西化 梁漱溟 中体西用(25.36)；儒学 衰落 西学 兴起(11.92)；改良主义 西方文明 挑战(11.67)；儒学 西学 马克思主义 三重关系(11.39),0687_西学东渐_中体西用.md；0481_胡适_西化_梁漱溟_中体西用.md；0684_儒学_衰落_西学_兴起.md；1390_改良主义_西方文明_挑战.md；0690_儒学_西学_马克思主义_三重关系.md,,中体西用、西学、挑战,中国马克思主义学术史纲；抗战时期的“中国化”思潮与马克思主义中国化_张立慧；中国近代哲学的革命进程,8-10；1；136-139,是,可按主题页优先检索,先查主题页《其他待人工复核》，再在 T3/T10 中检索：中体西用|西学|挑战,否
689,西化思潮 现代新儒家 马克思主义中国化,0689_西化思潮_现代新儒家_马克思主义中国化.md,3,46.26,理论方法,马克思恩格斯经典文本与哲学关系,理论方法/马克思恩格斯经典文本与哲学关系.md,低,18.0,自动主题组匹配：马克思,马克思主义中国化 思潮(54.06)；中国化思潮 马克思主义中国化(53.24)；马克思主义中国化 思潮 抗战(52.5)；马克思主义中国化 思潮 起源(52.5)；马克思主义中国化 中国现代性(50.53),1827_马克思主义中国化_思潮.md；1618_中国化思潮_马克思主义中国化.md；1811_马克思主义中国化_思潮_抗战.md；1812_马克思主义中国化_思潮_起源.md；1624_马克思主义中国化_中国现代性.md,,现代新儒家、马克思主义中国化,马克思主义中国化探论；马克思主义中国化的起源语境；“新理学”批判的批判,60；139；242,是,先核验原卡片再使用,先查主题页《马克思恩格斯经典文本与哲学关系》，再在 T3/T10 中检索：西化思潮|现代新儒家|马克思主义中国化,否
690,儒学 西学 马克思主义 三重关系,0690_儒学_西学_马克思主义_三重关系.md,3,41.8,理论方法,马克思恩格斯经典文本与哲学关系,理论方法/马克思恩格斯经典文本与哲学关系.md,低,10.0,自动主题组匹配：马克思,儒学 衰落 西学 兴起(22.94)；西学 现代新儒学 中国马克思主义(17.89)；中国文化 儒学(11.56)；儒学 意识形态(11.56)；儒学 困境 近代中国(11.39),0684_儒学_衰落_西学_兴起.md；0686_西学_现代新儒学_中国马克思主义.md；1731_中国文化_儒学.md；1765_儒学_意识形态.md；0685_儒学_困境_近代中国.md,,儒学、西学、马克思主义,中国马克思主义学术史纲；马克思主义哲学中国化与中国哲学的现代转型；马克思主义哲学在中国：传播、应用、形态、前景,6；26-28；446-448,是,先核验原卡片再使用,先查主题页《马克思恩格斯经典文本与哲学关系》，再在 T3/T10 中检索：儒学|西学|马克思主义|三重关系,否
691,中国哲学 问题 精神,0691_中国哲学_问题_精神.md,3,52.2,中国哲学传统,中国哲学传统与现代转型,中国哲学传统/中国哲学传统与现代转型.md,低,13.0,自动主题组匹配：中国哲学,内圣 外王 中国哲学(26.82)；中国哲学 传统 功用(26.82)；中国哲学 暗示性 语言(26.25)；中国哲学 知命 能动性(26.25)；中国哲学 入世 出世 统一(25.77),0693_内圣_外王_中国哲学.md；0696_中国哲学_传统_功用.md；0694_中国哲学_暗示性_语言.md；0706_中国哲学_知命_能动性.md；0692_中国哲学_入世_出世_统一.md,,中国哲学、问题、精神,中国哲学简史；马克思主义哲学中国化与中国哲学的现代转型；百年中国哲学革命,8-10；91-92；377,是,先核验原卡片再使用,先查主题页《中国哲学传统与现代转型》，再在 T3/T10 中检索：中国哲学|问题|精神,否
692,中国哲学 入世 出世 统一,0692_中国哲学_入世_出世_统一.md,3,52.4,中国哲学传统,中国哲学传统与现代转型,中国哲学传统/中国哲学传统与现代转型.md,中,33.0,自动主题组匹配：中国哲学、入世、出世,中国哲学 问题 精神(25.77)；内圣 外王 中国哲学(25.77)；中国哲学 传统 功用(25.77)；中国哲学 暗示性 语言(25.36)；中国哲学 知命 能动性(25.36),0691_中国哲学_问题_精神.md；0693_内圣_外王_中国哲学.md；0696_中国哲学_传统_功用.md；0694_中国哲学_暗示性_语言.md；0706_中国哲学_知命_能动性.md,,中国哲学、入世、出世、统一,中国哲学简史；胡绳全书（第一卷）；百年中国哲学革命,11-12；884-885；611-612,是,可按主题页优先检索,先查主题页《中国哲学传统与现代转型》，再在 T3/T10 中检索：中国哲学|入世|出世|统一,否
693,内圣 外王 中国哲学,0693_内圣_外王_中国哲学.md,3,52.8,中国哲学传统,中国哲学传统与现代转型,中国哲学传统/中国哲学传统与现代转型.md,低,13.0,自动主题组匹配：中国哲学,中国哲学 内圣外王 传统资源(32.5)；中国哲学 问题 精神(26.82)；中国哲学 传统 功用(26.82)；中国哲学 暗示性 语言(26.25)；中国哲学 知命 能动性(26.25),0704_中国哲学_内圣外王_传统资源.md；0691_中国哲学_问题_精神.md；0696_中国哲学_传统_功用.md；0694_中国哲学_暗示性_语言.md；0706_中国哲学_知命_能动性.md,,内圣、外王、中国哲学,中国哲学简史；“新理学”批判的批判；冯契文集第七卷中国近代哲学的革命进程,11-12；3；570,是,先核验原卡片再使用,先查主题页《中国哲学传统与现代转型》，再在 T3/T10 中检索：内圣|外王|中国哲学,否
694,中国哲学 暗示性 语言,0694_中国哲学_暗示性_语言.md,3,33.33,中国哲学传统,中国哲学传统与现代转型,中国哲学传统/中国哲学传统与现代转型.md,低,13.0,自动主题组匹配：中国哲学,中国哲学 问题 精神(26.25)；内圣 外王 中国哲学(26.25)；中国哲学 传统 功用(26.25)；中国哲学 知命 能动性(25.77)；中国哲学 入世 出世 统一(25.36),0691_中国哲学_问题_精神.md；0693_内圣_外王_中国哲学.md；0696_中国哲学_传统_功用.md；0706_中国哲学_知命_能动性.md；0692_中国哲学_入世_出世_统一.md,,中国哲学、语言,中国哲学简史；马克思主义哲学中国化与中国哲学的现代转型；马克思主义哲学史教程,18-19；533-535；1032-1034,是,先核验原卡片再使用,先查主题页《中国哲学传统与现代转型》，再在 T3/T10 中检索：中国哲学|暗示性|语言,否
695,中国哲学 人生论 宇宙论 知识论,0695_中国哲学_人生论_宇宙论_知识论.md,3,52.97,中国哲学传统,中国哲学传统与现代转型,中国哲学传统/中国哲学传统与现代转型.md,低,13.0,自动主题组匹配：中国哲学,中国哲学 问题 精神(24.69)；内圣 外王 中国哲学(24.69)；中国哲学 传统 功用(24.69)；中国哲学 暗示性 语言(24.41)；中国哲学 知命 能动性(24.41),0691_中国哲学_问题_精神.md；0693_内圣_外王_中国哲学.md；0696_中国哲学_传统_功用.md；0694_中国哲学_暗示性_语言.md；0706_中国哲学_知命_能动性.md,,中国哲学、人生论、宇宙论、知识论,中国哲学简史；“新理学”批判的批判；马克思主义哲学中国化与中国哲学的现代转型,3-6；1；329-330,是,先核验原卡片再使用,先查主题页《中国哲学传统与现代转型》，再在 T3/T10 中检索：中国哲学|人生论|宇宙论|知识论,否
696,中国哲学 传统 功用,0696_中国哲学_传统_功用.md,3,46.33,中国哲学传统,中国哲学传统与现代转型,中国哲学传统/中国哲学传统与现代转型.md,中,23.0,自动主题组匹配：中国哲学、传统,中国哲学 内圣外王 传统资源(27.14)；中国哲学 现代转化 传统资源(27.14)；中国哲学 现代转型 传统基础(27.14)；中国哲学 问题 精神(26.82)；内圣 外王 中国哲学(26.82),0704_中国哲学_内圣外王_传统资源.md；0709_中国哲学_现代转化_传统资源.md；0712_中国哲学_现代转型_传统基础.md；0691_中国哲学_问题_精神.md；0693_内圣_外王_中国哲学.md,,中国哲学、传统、功用,中国哲学简史；马克思主义哲学中国化与中国哲学的现代转型；二十世纪上半叶马克思主义哲学中国化之检视_王玉平,7-8；130-131；200,是,可按主题页优先检索,先查主题页《中国哲学传统与现代转型》，再在 T3/T10 中检索：中国哲学|传统|功用,否
697,人世 出世 中国哲学背景,0697_人世_出世_中国哲学背景.md,3,30.15,中国哲学传统,中国哲学传统与现代转型,中国哲学传统/中国哲学传统与现代转型.md,中,23.0,自动主题组匹配：中国哲学、出世,中国哲学 入世 出世 统一(19.62)；中国哲学 问题 精神(5.77)；内圣 外王 中国哲学(5.77)；中国哲学 传统 功用(5.77)；中国哲学 暗示性 语言(5.36),0692_中国哲学_入世_出世_统一.md；0691_中国哲学_问题_精神.md；0693_内圣_外王_中国哲学.md；0696_中国哲学_传统_功用.md；0694_中国哲学_暗示性_语言.md,,人世、出世,胡绳全书（第一卷）；中国哲学简史；认识世界和认识自己,884-885；27-28；281,是,可按主题页优先检索,先查主题页《中国哲学传统与现代转型》，再在 T3/T10 中检索：人世|出世|中国哲学背景,否
698,中国哲学 不变 可变 成分,0698_中国哲学_不变_可变_成分.md,3,51.2,中国哲学传统,中国哲学传统与现代转型,中国哲学传统/中国哲学传统与现代转型.md,低,13.0,自动主题组匹配：中国哲学,中国哲学 问题 精神(25.77)；内圣 外王 中国哲学(25.77)；中国哲学 传统 功用(25.77)；中国哲学 暗示性 语言(25.36)；中国哲学 知命 能动性(25.36),0691_中国哲学_问题_精神.md；0693_内圣_外王_中国哲学.md；0696_中国哲学_传统_功用.md；0694_中国哲学_暗示性_语言.md；0706_中国哲学_知命_能动性.md,,中国哲学、不变、可变、成分,中国哲学简史；百年中国哲学革命；马克思主义哲学与中国哲学相结合的思考,34-37；495-496；5,是,先核验原卡片再使用,先查主题页《中国哲学传统与现代转型》，再在 T3/T10 中检索：中国哲学|不变|可变|成分,否
699,儒家 起源 士,0699_儒家_起源_士.md,3,40.84,中国哲学传统,中国哲学传统与现代转型,中国哲学传统/中国哲学传统与现代转型.md,低,10.0,自动主题组匹配：儒家,道家 起源 隐者(17.14)；墨家 起源 武士(17.14)；名家 起源 辩者(17.14)；阴阳家 起源 方士(16.25)；法家 起源 法术之士(15.56),0700_道家_起源_隐者.md；0996_墨家_起源_武士.md；0997_名家_起源_辩者.md；0998_阴阳家_起源_方士.md；0999_法家_起源_法术之士.md,,儒家、起源,中国文化与马克思主义；“新哲学”大众化运动研究；认识世界和认识自己,313；12；321,是,先核验原卡片再使用,先查主题页《中国哲学传统与现代转型》，再在 T3/T10 中检索：儒家|起源,否
700,道家 起源 隐者,0700_道家_起源_隐者.md,1,33.73,中国哲学传统,中国哲学传统与现代转型,中国哲学传统/中国哲学传统与现代转型.md,低,10.0,自动主题组匹配：道家,儒家 起源 士(17.14)；墨家 起源 武士(16.25)；名家 起源 辩者(16.25)；阴阳家 起源 方士(15.56)；法家 起源 法术之士(15.0),0699_儒家_起源_士.md；0996_墨家_起源_武士.md；0997_名家_起源_辩者.md；0998_阴阳家_起源_方士.md；0999_法家_起源_法术之士.md,,道家、隐者,中国哲学简史,73-74,是,先核验原卡片再使用,先查主题页《中国哲学传统与现代转型》，再在 T3/T10 中检索：道家|起源|隐者,否
701,道家 杨朱 为我,0701_道家_杨朱_为我.md,3,44.6,中国哲学传统,中国哲学传统与现代转型,中国哲学传统/中国哲学传统与现代转型.md,低,10.0,自动主题组匹配：道家,道家 起源 隐者(12.78)；道家 老子 道 德(12.78)；道家 自然 无为 出世精神(11.92)；儒家 道家 法家 中国哲学资源(11.67),0700_道家_起源_隐者.md；0702_道家_老子_道_德.md；0708_道家_自然_无为_出世精神.md；0703_儒家_道家_法家_中国哲学资源.md,,道家、杨朱、为我,中国哲学简史；近五十年中国思想史；认识世界和认识自己,74-75；222-224；188,是,先核验原卡片再使用,先查主题页《中国哲学传统与现代转型》，再在 T3/T10 中检索：道家|杨朱|为我,否
702,道家 老子 道 德,0702_道家_老子_道_德.md,3,41.38,中国哲学传统,中国哲学传统与现代转型,中国哲学传统/中国哲学传统与现代转型.md,低,10.0,自动主题组匹配：道家,道家 起源 隐者(12.78)；道家 杨朱 为我(12.78)；道家 自然 无为 出世精神(11.92)；老子 孔子 王船山 哲学讨论(11.79)；儒家 道家 法家 中国哲学资源(11.67),0700_道家_起源_隐者.md；0701_道家_杨朱_为我.md；0708_道家_自然_无为_出世精神.md；1368_老子_孔子_王船山_哲学讨论.md；0703_儒家_道家_法家_中国哲学资源.md,,道家、老子,中国哲学简史；“新理学”批判的批判；认识世界和认识自己,112-116；174；19,是,先核验原卡片再使用,先查主题页《中国哲学传统与现代转型》，再在 T3/T10 中检索：道家|老子,否
703,儒家 道家 法家 中国哲学资源,0703_儒家_道家_法家_中国哲学资源.md,3,45.8,中国哲学传统,中国哲学传统与现代转型,中国哲学传统/中国哲学传统与现代转型.md,中,33.0,自动主题组匹配：儒家、道家、中国哲学,儒家 起源 士(11.79)；道家 起源 隐者(11.67)；道家 杨朱 为我(11.67)；道家 老子 道 德(11.67)；法家 起源 法术之士(11.47),0699_儒家_起源_士.md；0700_道家_起源_隐者.md；0701_道家_杨朱_为我.md；0702_道家_老子_道_德.md；0999_法家_起源_法术之士.md,,儒家、道家、法家,中国哲学简史；坚持马克思主义基本原理同中华优秀传统文化相结合须廓清的几种错误倾向_冯冉；国家主义与20世纪20年代的文化、政治,246-250；6；77,是,可按主题页优先检索,先查主题页《中国哲学传统与现代转型》，再在 T3/T10 中检索：儒家|道家|法家|中国哲学资源,否
704,中国哲学 内圣外王 传统资源,0704_中国哲学_内圣外王_传统资源.md,3,38.27,中国哲学传统,中国哲学传统与现代转型,中国哲学传统/中国哲学传统与现代转型.md,中,23.0,自动主题组匹配：中国哲学、传统,中国哲学 现代转化 传统资源(49.38)；内圣 外王 中国哲学(32.5)；中国哲学 传统 功用(27.14)；中国哲学 民族形式 思想资源(25.56)；中国哲学 现代转型 传统基础(25.56),0709_中国哲学_现代转化_传统资源.md；0693_内圣_外王_中国哲学.md；0696_中国哲学_传统_功用.md；0711_中国哲学_民族形式_思想资源.md；0712_中国哲学_现代转型_传统基础.md,,中国哲学、内圣外王,中国哲学简史；中国现代思想史论；“新理学”批判的批判,11-12；285；3,是,可按主题页优先检索,先查主题页《中国哲学传统与现代转型》，再在 T3/T10 中检索：中国哲学|内圣外王|传统资源,否
705,中国哲学 实践 理想人格,0705_中国哲学_实践_理想人格.md,3,47.18,中国哲学传统,中国哲学传统与现代转型,中国哲学传统/中国哲学传统与现代转型.md,低,13.0,自动主题组匹配：中国哲学,中国哲学 问题 精神(25.77)；内圣 外王 中国哲学(25.77)；中国哲学 传统 功用(25.77)；中国哲学 暗示性 语言(25.36)；中国哲学 知命 能动性(25.36),0691_中国哲学_问题_精神.md；0693_内圣_外王_中国哲学.md；0696_中国哲学_传统_功用.md；0694_中国哲学_暗示性_语言.md；0706_中国哲学_知命_能动性.md,,中国哲学、实践、理想人格,马克思主义哲学中国化与中国哲学的现代转型；认识世界和认识自己；马克思主义哲学中国化理论与历史,533-535；235；364,是,先核验原卡片再使用,先查主题页《中国哲学传统与现代转型》，再在 T3/T10 中检索：中国哲学|实践|理想人格,否
706,中国哲学 知命 能动性,0706_中国哲学_知命_能动性.md,3,32.53,中国哲学传统,中国哲学传统与现代转型,中国哲学传统/中国哲学传统与现代转型.md,低,13.0,自动主题组匹配：中国哲学,中国哲学 问题 精神(26.25)；内圣 外王 中国哲学(26.25)；中国哲学 传统 功用(26.25)；中国哲学 暗示性 语言(25.77)；中国哲学 入世 出世 统一(25.36),0691_中国哲学_问题_精神.md；0693_内圣_外王_中国哲学.md；0696_中国哲学_传统_功用.md；0694_中国哲学_暗示性_语言.md；0692_中国哲学_入世_出世_统一.md,,中国哲学、能动性、知命,马克思主义哲学中国化与中国哲学的现代转型；百年中国哲学革命；中国哲学简史,533-535；560-561；54-56,是,先核验原卡片再使用,先查主题页《中国哲学传统与现代转型》，再在 T3/T10 中检索：中国哲学|知命|能动性,否
707,儒家 人伦日用 入世精神,0707_儒家_人伦日用_入世精神.md,3,35.41,中国哲学传统,中国哲学传统与现代转型,中国哲学传统/中国哲学传统与现代转型.md,中,20.0,自动主题组匹配：儒家、入世,儒家 起源 士(12.08)；儒家 道家 法家 中国哲学资源(11.32),0699_儒家_起源_士.md；0703_儒家_道家_法家_中国哲学资源.md,,儒家、人伦日用,冯契文集第七卷中国近代哲学的革命进程；二十世纪上半叶马克思主义哲学中国化之检视_王玉平；“新理学”批判的批判,567；18；159,是,可按主题页优先检索,先查主题页《中国哲学传统与现代转型》，再在 T3/T10 中检索：儒家|人伦日用|入世精神,否
708,道家 自然 无为 出世精神,0708_道家_自然_无为_出世精神.md,3,42.6,中国哲学传统,中国哲学传统与现代转型,中国哲学传统/中国哲学传统与现代转型.md,中,20.0,自动主题组匹配：道家、出世,道家 起源 隐者(11.92)；道家 杨朱 为我(11.92)；道家 老子 道 德(11.92)；交互作用 自然(11.92)；儒家 道家 法家 中国哲学资源(11.32),0700_道家_起源_隐者.md；0701_道家_杨朱_为我.md；0702_道家_老子_道_德.md；2010_交互作用_自然.md；0703_儒家_道家_法家_中国哲学资源.md,,道家、自然、无为,胡绳全书（第一卷）；中国哲学简史；认识世界和认识自己,132-134；260-261；291,是,可按主题页优先检索,先查主题页《中国哲学传统与现代转型》，再在 T3/T10 中检索：道家|自然|无为|出世精神,否
709,中国哲学 现代转化 传统资源,0709_中国哲学_现代转化_传统资源.md,2,37.1,中国哲学传统,中国哲学传统与现代转型,中国哲学传统/中国哲学传统与现代转型.md,中,23.0,自动主题组匹配：中国哲学、传统,中国哲学 内圣外王 传统资源(49.38)；中国哲学 现代转型 传统基础(31.67)；中国哲学 传统 功用(27.14)；中国哲学 民族形式 思想资源(25.56)；中国哲学 马克思主义中国化 资源(25.26),0704_中国哲学_内圣外王_传统资源.md；0712_中国哲学_现代转型_传统基础.md；0696_中国哲学_传统_功用.md；0711_中国哲学_民族形式_思想资源.md；0710_中国哲学_马克思主义中国化_资源.md,,中国哲学、传统资源、现代转化,继承五四和扬弃五四；百年中国哲学革命,81；7-8,是,可按主题页优先检索,先查主题页《中国哲学传统与现代转型》，再在 T3/T10 中检索：中国哲学|现代转化|传统资源,否
710,中国哲学 马克思主义中国化 资源,0710_中国哲学_马克思主义中国化_资源.md,3,55.18,中国哲学传统,中国哲学传统与现代转型,中国哲学传统/中国哲学传统与现代转型.md,低,18.0,自动主题组匹配：中国哲学,马克思主义中国化 前瞻(52.5)；起源 马克思主义中国化(52.5)；马克思主义中国化 思潮(52.5)；马克思主义中国化 重建(52.5)；中国化思潮 马克思主义中国化(51.67),1180_马克思主义中国化_前瞻.md；1761_起源_马克思主义中国化.md；1827_马克思主义中国化_思潮.md；1828_马克思主义中国化_重建.md；1618_中国化思潮_马克思主义中国化.md,,中国哲学、马克思主义中国化、资源,马克思主义中国化的深度思考（四篇）——文化契合、文化融合与文化重建——马克思主义中国化的文化意蕴；20世纪30年代~40年代马克思主义哲学与中国传统哲学结合的形态_李维武；百年中国哲学革命,3；2；491-493,是,先核验原卡片再使用,先查主题页《中国哲学传统与现代转型》，再在 T3/T10 中检索：中国哲学|马克思主义中国化|资源,否
711,中国哲学 民族形式 思想资源,0711_中国哲学_民族形式_思想资源.md,3,40.08,中国哲学传统,中国作风中国气派与马克思主义哲学,中国哲学传统/中国作风中国气派与马克思主义哲学.md,高,112.0,已列入原主题页重点卡片；命中主题种子词：民族形式；主题词重合：民族形式,马克思主义哲学 民族形式 民族风格(26.58)；中国化 民族形式 马克思主义哲学(26.58)；民族形式 马克思主义哲学(25.88)；中国哲学 内圣外王 传统资源(25.56)；中国哲学 现代转化 传统资源(25.56),1023_马克思主义哲学_民族形式_民族风格.md；1336_中国化_民族形式_马克思主义哲学.md；1438_民族形式_马克思主义哲学.md；0704_中国哲学_内圣外王_传统资源.md；0709_中国哲学_现代转化_传统资源.md,,中国哲学、思想资源,马克思主义哲学中国化与中国哲学的现代转型；马克思主义哲学与中国哲学相结合的思考；百年中国哲学革命,131；3；400-402,是,可按主题页优先检索,先查主题页《中国作风中国气派与马克思主义哲学》，再在 T3/T10 中检索：中国哲学|民族形式|思想资源,否
712,中国哲学 现代转型 传统基础,0712_中国哲学_现代转型_传统基础.md,3,44.33,中国哲学传统,中国哲学现代转型,中国哲学传统/中国哲学现代转型.md,高,127.0,已列入原主题页重点卡片；命中主题种子词：中国哲学、现代转型、转型；主题词重合：中国哲学、现代转型,中国哲学 现代转化 传统资源(31.67)；马克思主义哲学中国化 传统 现代转型(27.5)；中国哲学 传统 功用(27.14)；中国哲学 内圣外王 传统资源(25.56)；中国哲学 问题 精神(25.0),0709_中国哲学_现代转化_传统资源.md；0745_马克思主义哲学中国化_传统_现代转型.md；0696_中国哲学_传统_功用.md；0704_中国哲学_内圣外王_传统资源.md；0691_中国哲学_问题_精神.md,,中国哲学、现代转型,马克思主义哲学中国化与中国哲学的现代转型；马克思主义哲学中国化理论与历史；中国文化与马克思主义,130-131；86；24,是,可按主题页优先检索,先查主题页《中国哲学现代转型》，再在 T3/T10 中检索：中国哲学|现代转型|传统基础,否
713,教科书形态 正统地位 中国哲学界,0713_教科书形态_正统地位_中国哲学界.md,1,51.89,中国哲学传统,中国哲学传统与现代转型,中国哲学传统/中国哲学传统与现代转型.md,低,15.0,自动主题组匹配：中国哲学,教科书形态 马克思主义哲学(31.58)；苏联 教科书形态 马克思主义哲学(30.95)；李达 社会学大纲 教科书形态(30.0)；中国哲学现代转型 现代形态(5.26)；苏联哲学 对中国哲学界影响(5.26),0925_教科书形态_马克思主义哲学.md；0824_苏联_教科书形态_马克思主义哲学.md；0276_李达_社会学大纲_教科书形态.md；0737_中国哲学现代转型_现代形态.md；0816_苏联哲学_对中国哲学界影响.md,,教科书形态、正统地位、中国哲学界,"马克思主义哲学在中国：传播 应用 形态 前景 (徐素华著, 徐素华著, 徐素华, 徐素華)",17,是,先核验原卡片再使用,先查主题页《中国哲学传统与现代转型》，再在 T3/T10 中检索：教科书形态|正统地位|中国哲学界,否
714,唯物史观 中国哲学史 研究应用,0714_唯物史观_中国哲学史_研究应用.md,3,39.82,理论方法,唯物史观在中国的传播与应用,理论方法/唯物史观在中国的传播与应用.md,高,118.0,已列入原主题页重点卡片；命中主题种子词：唯物史观；主题词重合：唯物史观；主题域增强：唯物史观,唯物史观 历史学 研究应用(49.38)；嵇文甫 中国哲学史 研究(35.0)；中国哲学史 方法论 讨论(30.88)；评法批儒 中国哲学史 篡改(30.56)；胡汉民 中国哲学史 伦理思想史(30.0),0005_唯物史观_历史学_研究应用.md；0716_嵇文甫_中国哲学史_研究.md；0757_中国哲学史_方法论_讨论.md；0758_评法批儒_中国哲学史_篡改.md；0715_胡汉民_中国哲学史_伦理思想史.md,,唯物史观、中国哲学史,马克思主义哲学在中国：传播、应用、形态、前景；“新理学”批判的批判；马克思主义哲学中国化理论与历史,323-326；7；145,是,可按主题页优先检索,先查主题页《唯物史观在中国的传播与应用》，再在 T3/T10 中检索：唯物史观|中国哲学史|研究应用,否
715,胡汉民 中国哲学史 伦理思想史,0715_胡汉民_中国哲学史_伦理思想史.md,3,48.84,中国哲学传统,中国哲学传统与现代转型,中国哲学传统/中国哲学传统与现代转型.md,低,13.0,自动主题组匹配：中国哲学,嵇文甫 中国哲学史 研究(30.88)；中国哲学史 方法论 讨论(30.88)；评法批儒 中国哲学史 篡改(30.56)；唯物史观 中国哲学史 研究应用(30.0)；中国哲学 民族形式 思想资源(5.26),0716_嵇文甫_中国哲学史_研究.md；0757_中国哲学史_方法论_讨论.md；0758_评法批儒_中国哲学史_篡改.md；0714_唯物史观_中国哲学史_研究应用.md；0711_中国哲学_民族形式_思想资源.md,,胡汉民、中国哲学史、伦理思想史,马克思主义哲学在中国：传播、应用、形态、前景；马列著作在中国的出版；马克思主义中国化探论,323-326；47；172,是,先核验原卡片再使用,先查主题页《中国哲学传统与现代转型》，再在 T3/T10 中检索：胡汉民|中国哲学史|伦理思想史,否
716,嵇文甫 中国哲学史 研究,0716_嵇文甫_中国哲学史_研究.md,3,51.6,中国哲学传统,中国哲学传统与现代转型,中国哲学传统/中国哲学传统与现代转型.md,低,13.0,自动主题组匹配：中国哲学,唯物史观 中国哲学史 研究应用(35.0)；中国哲学史 方法论 讨论(32.14)；评法批儒 中国哲学史 篡改(31.67)；胡汉民 中国哲学史 伦理思想史(30.88)；中国哲学史研究 新中国 新变化(10.71),0714_唯物史观_中国哲学史_研究应用.md；0757_中国哲学史_方法论_讨论.md；0758_评法批儒_中国哲学史_篡改.md；0715_胡汉民_中国哲学史_伦理思想史.md；0718_中国哲学史研究_新中国_新变化.md,,嵇文甫、中国哲学史、研究,马克思主义哲学在中国：传播、应用、形态、前景；马克思主义哲学中国化与中国哲学的现代转型；马克思主义哲学中国化研究的问题与视野_何萍,331-333；48-49；4,是,先核验原卡片再使用,先查主题页《中国哲学传统与现代转型》，再在 T3/T10 中检索：嵇文甫|中国哲学史|研究,否
717,马克思主义哲学 指导 中国哲学史研究,0717_马克思主义哲学_指导_中国哲学史研究.md,3,58.0,中国哲学传统,中国哲学传统与现代转型,中国哲学传统/中国哲学传统与现代转型.md,低,13.0,自动主题组匹配：中国哲学,马克思主义哲学 中国哲学(48.33)；马克思主义哲学 中国哲学 结合(46.76)；马克思主义哲学 中国哲学传统 结合(45.53)；李达 马克思主义哲学 研究(45.29)；李达 马克思主义哲学 中国化(44.72),1823_马克思主义哲学_中国哲学.md；0765_马克思主义哲学_中国哲学_结合.md；0726_马克思主义哲学_中国哲学传统_结合.md；0267_李达_马克思主义哲学_研究.md；0301_李达_马克思主义哲学_中国化.md,,马克思主义哲学、指导、中国哲学史研究,马克思主义哲学在中国：传播、应用、形态、前景；马克思主义哲学中国化的历史进程；百年中国哲学革命,339；7；444-445,是,先核验原卡片再使用,先查主题页《中国哲学传统与现代转型》，再在 T3/T10 中检索：马克思主义哲学|指导|中国哲学史研究,否
718,中国哲学史研究 新中国 新变化,0718_中国哲学史研究_新中国_新变化.md,3,43.0,中国哲学传统,中国哲学传统与现代转型,中国哲学传统/中国哲学传统与现代转型.md,低,13.0,自动主题组匹配：中国哲学,改革开放 中国哲学史研究 繁荣(43.82)；马克思主义哲学 指导 中国哲学史研究(42.89)；干部群众 学哲学 新中国(19.41)；马克思主义哲学 大众学习 新中国(18.57)；真理问题 讨论 新中国(17.94),0719_改革开放_中国哲学史研究_繁荣.md；0717_马克思主义哲学_指导_中国哲学史研究.md；0663_干部群众_学哲学_新中国.md；0662_马克思主义哲学_大众学习_新中国.md；0642_真理问题_讨论_新中国.md,,中国哲学史研究、新中国、新变化,马克思主义哲学在中国：传播、应用、形态、前景；中国文化与马克思主义；“新理学”批判的批判,340-342；165；169,是,先核验原卡片再使用,先查主题页《中国哲学传统与现代转型》，再在 T3/T10 中检索：中国哲学史研究|新中国|新变化,否
719,改革开放 中国哲学史研究 繁荣,0719_改革开放_中国哲学史研究_繁荣.md,3,43.0,当代反思,真理标准讨论与思想解放,当代反思/真理标准讨论与思想解放.md,高,112.0,已列入原主题页重点卡片；命中主题种子词：改革开放；主题词重合：改革开放,中国哲学史研究 新中国 新变化(43.82)；马克思主义哲学 指导 中国哲学史研究(42.5)；改革开放 哲学研究 教学 特点(26.94)；嵇文甫 中国哲学史 研究(10.0)；唯物史观 中国哲学史 研究应用(8.33),0718_中国哲学史研究_新中国_新变化.md；0717_马克思主义哲学_指导_中国哲学史研究.md；0665_改革开放_哲学研究_教学_特点.md；0716_嵇文甫_中国哲学史_研究.md；0714_唯物史观_中国哲学史_研究应用.md,,改革开放、中国哲学史研究、繁荣,马克思主义哲学在中国：传播、应用、形态、前景；中国文化与马克思主义；马克思主义基本原理同中华优秀传统文化相结合学理探析_田鹏颖,346-349；361；6,是,可按主题页优先检索,先查主题页《真理标准讨论与思想解放》，再在 T3/T10 中检索：改革开放|中国哲学史研究|繁荣,否
720,中国马克思主义哲学 中国之根 问题,0720_中国马克思主义哲学_中国之根_问题.md,3,43.67,中国哲学传统,中国马克思主义哲学的中国之根问题,中国哲学传统/中国马克思主义哲学的中国之根问题.md,高,126.0,已列入原主题页重点卡片；命中主题种子词：中国之根、中国马克思主义哲学；主题词重合：中国马克思主义哲学、中国之根,中国马克思主义哲学 转换(53.33)；中国马克思主义哲学 教科书 建构(51.11)；中国马克思主义哲学 何以是中国的哲学(50.53)；中国马克思主义哲学 文化自信 灵魂(50.53)；中国马克思主义哲学 起点 先天不足(50.53),1819_中国马克思主义哲学_转换.md；0931_中国马克思主义哲学_教科书_建构.md；0724_中国马克思主义哲学_何以是中国的哲学.md；0753_中国马克思主义哲学_文化自信_灵魂.md；1021_中国马克思主义哲学_起点_先天不足.md,,中国马克思主义哲学、问题,马克思主义哲学中国化研究的问题与视野_何萍；中国马克思主义哲学范式转换研究析论；马克思主义哲学中国化与中国哲学的现代转型,5；4；3,是,可按主题页优先检索,先查主题页《中国马克思主义哲学的中国之根问题》，再在 T3/T10 中检索：中国马克思主义哲学|中国之根|问题,否
721,中国马克思主义哲学 民族文化身份认同,0721_中国马克思主义哲学_民族文化身份认同.md,3,57.32,中国哲学传统,中国马克思主义哲学的中国之根问题,中国哲学传统/中国马克思主义哲学的中国之根问题.md,高,114.0,已列入原主题页重点卡片；命中主题种子词：中国马克思主义哲学；主题词重合：中国马克思主义哲学,中国马克思主义哲学 转换(51.11)；中国马克思主义哲学 文化自信 灵魂(50.71)；中国马克思主义哲学 中国之根 问题(49.52)；中国马克思主义哲学 教科书 建构(49.52)；中国马克思主义哲学 何以是中国的哲学(49.09),1819_中国马克思主义哲学_转换.md；0753_中国马克思主义哲学_文化自信_灵魂.md；0720_中国马克思主义哲学_中国之根_问题.md；0931_中国马克思主义哲学_教科书_建构.md；0724_中国马克思主义哲学_何以是中国的哲学.md,,中国马克思主义哲学、民族文化身份认同,马克思主义哲学中国化理论与历史；马克思主义哲学中国化与中国哲学的现代转型；中国马克思主义哲学范式转换研究析论,82；110-111；1,是,可按主题页优先检索,先查主题页《中国马克思主义哲学的中国之根问题》，再在 T3/T10 中检索：中国马克思主义哲学|民族文化身份认同,否
722,在中国的哲学 中国的哲学,0722_在中国的哲学_中国的哲学.md,3,50.64,中国哲学传统,中国马克思主义哲学的中国之根问题,中国哲学传统/中国马克思主义哲学的中国之根问题.md,高,126.0,已列入原主题页重点卡片；命中主题种子词：在中国的哲学、中国的哲学；主题词重合：在中国的哲学、中国的哲学,金岳霖 在中国的哲学 中国哲学(45.0)；中国马克思主义哲学 由在中国到中国的哲学(7.81)；艾思奇 大众哲学 中国化(6.25)；毛泽东哲学 中国现代哲学(6.25)；中国马克思主义哲学 何以是中国的哲学(6.25),0732_金岳霖_在中国的哲学_中国哲学.md；0729_中国马克思主义哲学_由在中国到中国的哲学.md；0370_艾思奇_大众哲学_中国化.md；0628_毛泽东哲学_中国现代哲学.md；0724_中国马克思主义哲学_何以是中国的哲学.md,,在中国的哲学、中国的哲学,马克思主义哲学中国化理论与历史；马克思主义哲学中国化与中国哲学的现代转型；中国近代思想史论,80；110-111；100,是,可按主题页优先检索,先查主题页《中国马克思主义哲学的中国之根问题》，再在 T3/T10 中检索：在中国的哲学|中国的哲学,否
723,马克思主义哲学 中国文化身份,0723_马克思主义哲学_中国文化身份.md,3,35.23,中国哲学传统,中国哲学传统与现代转型,中国哲学传统/中国哲学传统与现代转型.md,低,13.0,自动主题组匹配：中国文化,马克思主义哲学中国化 中国文化身份(51.43)；马克思主义哲学 中国文化传统 结合(50.62)；马克思主义哲学 中国哲学(50.38)；李达 马克思主义哲学 中国化(48.33)；马克思主义哲学 中国哲学 结合(48.33),0755_马克思主义哲学中国化_中国文化身份.md；1228_马克思主义哲学_中国文化传统_结合.md；1823_马克思主义哲学_中国哲学.md；0301_李达_马克思主义哲学_中国化.md；0765_马克思主义哲学_中国哲学_结合.md,,马克思主义哲学、中国文化身份,马克思主义哲学中国化与中国哲学的现代转型；二十世纪上半叶马克思主义哲学中国化之检视_王玉平；马克思主义哲学中国化理论与历史,3；4；99,是,先核验原卡片再使用,先查主题页《中国哲学传统与现代转型》，再在 T3/T10 中检索：马克思主义哲学|中国文化身份,否
724,中国马克思主义哲学 何以是中国的哲学,0724_中国马克思主义哲学_何以是中国的哲学.md,3,33.47,理论方法,马克思恩格斯经典文本与哲学关系,理论方法/马克思恩格斯经典文本与哲学关系.md,低,20.0,自动主题组匹配：马克思,中国马克思主义哲学 由在中国到中国的哲学(53.16)；中国马克思主义哲学 转换(52.5)；中国马克思主义哲学 中国之根 问题(50.53)；中国马克思主义哲学 教科书 建构(50.53)；中国马克思主义哲学 文化自信 灵魂(50.0),0729_中国马克思主义哲学_由在中国到中国的哲学.md；1819_中国马克思主义哲学_转换.md；0720_中国马克思主义哲学_中国之根_问题.md；0931_中国马克思主义哲学_教科书_建构.md；0753_中国马克思主义哲学_文化自信_灵魂.md,,中国马克思主义哲学,中国马克思主义哲学范式转换研究析论；马克思主义哲学中国化理论与历史；“新哲学”大众化运动研究,1；99；279,是,先核验原卡片再使用,先查主题页《马克思恩格斯经典文本与哲学关系》，再在 T3/T10 中检索：中国马克思主义哲学|何以是中国的哲学,否
725,马克思主义哲学中国化 中国哲学传统,0725_马克思主义哲学中国化_中国哲学传统.md,3,57.28,中国哲学传统,马克思主义哲学与中国文化传统结合,中国哲学传统/马克思主义哲学与中国文化传统结合.md,高,128.0,已列入原主题页重点卡片；命中主题种子词：中国哲学传统、马克思主义哲学中国化；主题词重合：马克思主义哲学中国化、中国哲学传统,马克思主义哲学中国化 不足(55.0)；李达 马克思主义哲学中国化(55.0)；马克思主义哲学中国化 走向(55.0)；马克思主义哲学中国化 中国文化身份(54.71)；毛泽东 马克思主义哲学中国化(54.06),1432_马克思主义哲学中国化_不足.md；1751_李达_马克思主义哲学中国化.md；1816_马克思主义哲学中国化_走向.md；0755_马克思主义哲学中国化_中国文化身份.md；1748_毛泽东_马克思主义哲学中国化.md,,马克思主义哲学中国化、中国哲学传统,马克思主义哲学中国化_问题与进路_孙伟平；马克思主义哲学中国化理论与历史；马克思主义哲学中国化与中国哲学的现代转型,4；87；25-26,是,可按主题页优先检索,先查主题页《马克思主义哲学与中国文化传统结合》，再在 T3/T10 中检索：马克思主义哲学中国化|中国哲学传统,否
726,马克思主义哲学 中国哲学传统 结合,0726_马克思主义哲学_中国哲学传统_结合.md,3,57.64,中国哲学传统,马克思主义哲学与中国文化传统结合,中国哲学传统/马克思主义哲学与中国文化传统结合.md,高,123.0,已列入原主题页重点卡片；命中主题种子词：中国哲学传统、结合；主题词重合：中国哲学传统、结合,马克思主义哲学 中国哲学 结合(52.86)；马克思主义哲学 中国哲学(52.31)；马克思主义哲学 中国文化传统 结合(52.19)；马克思主义哲学 中国优秀传统 结合(52.19)；马克思主义哲学 中国传统哲学 结合(50.62),0765_马克思主义哲学_中国哲学_结合.md；1823_马克思主义哲学_中国哲学.md；1228_马克思主义哲学_中国文化传统_结合.md；1416_马克思主义哲学_中国优秀传统_结合.md；1417_马克思主义哲学_中国传统哲学_结合.md,,马克思主义哲学、中国哲学传统、结合,马克思主义哲学中国化与中国哲学的现代转型；马克思主义哲学中国化_问题与进路_孙伟平；马克思主义哲学中国化理论与历史,25-26；3；450,是,可按主题页优先检索,先查主题页《马克思主义哲学与中国文化传统结合》，再在 T3/T10 中检索：马克思主义哲学|中国哲学传统|结合,否
727,马克思主义哲学 20世纪中国哲学 联系,0727_马克思主义哲学_20世纪中国哲学_联系.md,3,61.02,中国哲学传统,中国哲学传统与现代转型,中国哲学传统/中国哲学传统与现代转型.md,低,20.0,自动主题组匹配：中国哲学,马克思主义哲学 与社会生活 联系(53.33)；马克思主义哲学 中国哲学(47.5)；马克思主义哲学 中国哲学 结合(46.11)；马克思主义哲学 中国哲学传统 结合(45.0)；马克思主义哲学 指导 中国哲学史研究(44.52),1201_马克思主义哲学_与社会生活_联系.md；1823_马克思主义哲学_中国哲学.md；0765_马克思主义哲学_中国哲学_结合.md；0726_马克思主义哲学_中国哲学传统_结合.md；0717_马克思主义哲学_指导_中国哲学史研究.md,,马克思主义哲学、20世纪中国哲学、联系,马克思主义哲学中国化理论与历史；从唯物辩证法论战到马克思主义哲学大众化——对艾思奇《大众哲学》的解读_李维武；马克思主义中国化探论,91；1；224,是,先核验原卡片再使用,先查主题页《中国哲学传统与现代转型》，再在 T3/T10 中检索：马克思主义哲学|20世纪中国哲学|联系,否
728,中国哲学现代转型 马克思主义哲学中国化,0728_中国哲学现代转型_马克思主义哲学中国化.md,3,36.58,中国哲学传统,中国哲学现代转型,中国哲学传统/中国哲学现代转型.md,高,129.0,已列入原主题页重点卡片；命中主题种子词：中国哲学现代转型、中国哲学、现代转型、转型；主题词重合：中国哲学现代转型,马克思主义哲学中国化 传统 现代转型(56.67)；马克思主义哲学中国化 中国哲学传统(53.89)；马克思主义哲学中国化 不足(53.24)；李达 马克思主义哲学中国化(53.24)；马克思主义哲学中国化 走向(53.24),0745_马克思主义哲学中国化_传统_现代转型.md；0725_马克思主义哲学中国化_中国哲学传统.md；1432_马克思主义哲学中国化_不足.md；1751_李达_马克思主义哲学中国化.md；1816_马克思主义哲学中国化_走向.md,,中国哲学现代转型、马克思主义哲学中国化,马克思主义哲学中国化与中国哲学的现代转型；二十世纪上半叶马克思主义哲学中国化之检视_王玉平；马克思主义哲学中国化的路径选择——从“结合论”走向“创建论”_孙伟平,39-40；4；6,是,可按主题页优先检索,先查主题页《中国哲学现代转型》，再在 T3/T10 中检索：中国哲学现代转型|马克思主义哲学中国化,否
729,中国马克思主义哲学 由在中国到中国的哲学,0729_中国马克思主义哲学_由在中国到中国的哲学.md,3,33.88,理论方法,马克思恩格斯经典文本与哲学关系,理论方法/马克思恩格斯经典文本与哲学关系.md,低,20.0,自动主题组匹配：马克思,中国马克思主义哲学 何以是中国的哲学(53.16)；中国马克思主义哲学 转换(51.76)；中国马克思主义哲学 中国之根 问题(50.0)；中国马克思主义哲学 教科书 建构(50.0)；中国马克思主义哲学 文化自信 灵魂(49.52),0724_中国马克思主义哲学_何以是中国的哲学.md；1819_中国马克思主义哲学_转换.md；0720_中国马克思主义哲学_中国之根_问题.md；0931_中国马克思主义哲学_教科书_建构.md；0753_中国马克思主义哲学_文化自信_灵魂.md,,中国马克思主义哲学,马克思主义哲学中国化理论与历史；中国马克思主义哲学范式转换研究析论；“新哲学”大众化运动研究,517；1；279,是,先核验原卡片再使用,先查主题页《马克思恩格斯经典文本与哲学关系》，再在 T3/T10 中检索：中国马克思主义哲学|由在中国到中国的哲学,否
730,民族文化身份 马克思主义哲学中国化,0730_民族文化身份_马克思主义哲学中国化.md,3,56.87,中国哲学传统,中国马克思主义哲学的中国之根问题,中国哲学传统/中国马克思主义哲学的中国之根问题.md,高,100.0,已列入原主题页重点卡片,马克思主义哲学中国化 中国文化身份(57.65)；文化自信 马克思主义哲学中国化(53.89)；马克思主义哲学中国化 不足(53.24)；李达 马克思主义哲学中国化(53.24)；马克思主义哲学中国化 走向(53.24),0755_马克思主义哲学中国化_中国文化身份.md；0751_文化自信_马克思主义哲学中国化.md；1432_马克思主义哲学中国化_不足.md；1751_李达_马克思主义哲学中国化.md；1816_马克思主义哲学中国化_走向.md,,民族文化身份、马克思主义哲学中国化,马克思主义哲学中国化理论与历史；马克思主义哲学中国化与中国哲学的现代转型；二十世纪上半叶马克思主义哲学中国化之检视_王玉平,82；28-30；4,是,可按主题页优先检索,先查主题页《中国马克思主义哲学的中国之根问题》，再在 T3/T10 中检索：民族文化身份|马克思主义哲学中国化,否
731,唯心历史观的破产 中国之根,0731_唯心历史观的破产_中国之根.md,1,29.67,中国哲学传统,中国哲学传统与现代转型,中国哲学传统/中国哲学传统与现代转型.md,低,13.0,自动主题组匹配：中国之根,中国马克思主义哲学 中国之根 问题(23.57),0720_中国马克思主义哲学_中国之根_问题.md,,唯心历史观的破产,马列著作在中国的出版,231,是,先核验原卡片再使用,先查主题页《中国哲学传统与现代转型》，再在 T3/T10 中检索：唯心历史观的破产|中国之根,否
732,金岳霖 在中国的哲学 中国哲学,0732_金岳霖_在中国的哲学_中国哲学.md,3,52.12,中国哲学传统,中国马克思主义哲学的中国之根问题,中国哲学传统/中国马克思主义哲学的中国之根问题.md,高,120.0,已列入原主题页重点卡片；命中主题种子词：在中国的哲学、中国的哲学；主题词重合：在中国的哲学,在中国的哲学 中国的哲学(45.0)；马克思主义哲学 中国哲学(26.67)；马克思主义哲学 中国哲学 结合(25.88)；中国哲学 问题 精神(25.36)；内圣 外王 中国哲学(25.36),0722_在中国的哲学_中国的哲学.md；1823_马克思主义哲学_中国哲学.md；0765_马克思主义哲学_中国哲学_结合.md；0691_中国哲学_问题_精神.md；0693_内圣_外王_中国哲学.md,,金岳霖、在中国的哲学、中国哲学,马克思主义哲学中国化理论与历史；马克思主义哲学中国化与中国哲学的现代转型；百年中国哲学革命,80；4-5；497-498,是,可按主题页优先检索,先查主题页《中国马克思主义哲学的中国之根问题》，再在 T3/T10 中检索：金岳霖|在中国的哲学|中国哲学,否
733,中国哲学现代转型 研究框架,0733_中国哲学现代转型_研究框架.md,2,33.6,中国哲学传统,中国哲学现代转型,中国哲学传统/中国哲学现代转型.md,高,129.0,已列入原主题页重点卡片；命中主题种子词：中国哲学现代转型、中国哲学、现代转型、转型；主题词重合：中国哲学现代转型,中国哲学现代转型 新视域(52.5)；中国哲学现代转型 现代形态(52.5)；中国哲学现代转型 近代形态(51.67)；中国哲学现代转型 历史走向(51.67)；中国哲学现代转型 内在结构(51.67),0734_中国哲学现代转型_新视域.md；0737_中国哲学现代转型_现代形态.md；0736_中国哲学现代转型_近代形态.md；0739_中国哲学现代转型_历史走向.md；0740_中国哲学现代转型_内在结构.md,,中国哲学现代转型、研究框架,马克思主义哲学中国化与中国哲学的现代转型；马克思主义哲学中国化理论与历史,39-40；85,是,可按主题页优先检索,先查主题页《中国哲学现代转型》，再在 T3/T10 中检索：中国哲学现代转型|研究框架,否
734,中国哲学现代转型 新视域,0734_中国哲学现代转型_新视域.md,2,31.09,中国哲学传统,中国哲学现代转型,中国哲学传统/中国哲学现代转型.md,高,129.0,已列入原主题页重点卡片；命中主题种子词：中国哲学现代转型、中国哲学、现代转型、转型；主题词重合：中国哲学现代转型,中国哲学现代转型 现代形态(53.46)；中国哲学现代转型 研究框架(52.5)；中国哲学现代转型 近代形态(52.5)；中国哲学现代转型 历史走向(52.5)；中国哲学现代转型 内在结构(52.5),0737_中国哲学现代转型_现代形态.md；0733_中国哲学现代转型_研究框架.md；0736_中国哲学现代转型_近代形态.md；0739_中国哲学现代转型_历史走向.md；0740_中国哲学现代转型_内在结构.md,,中国哲学现代转型、新视域,马克思主义哲学中国化与中国哲学的现代转型；马克思主义哲学中国化理论与历史,9-10；85,是,可按主题页优先检索,先查主题页《中国哲学现代转型》，再在 T3/T10 中检索：中国哲学现代转型|新视域,否
735,19世纪 20世纪 中国哲学史观,0735_19世纪_20世纪_中国哲学史观.md,3,41.24,中国哲学传统,中国哲学传统与现代转型,中国哲学传统/中国哲学传统与现代转型.md,低,13.0,自动主题组匹配：中国哲学,马克思主义哲学 20世纪中国哲学 联系(8.75)；唯物史观 中国哲学史 研究应用(6.58)；嵇文甫 中国哲学史 研究(5.88)；中国哲学史 方法论 讨论(5.88)；评法批儒 中国哲学史 篡改(5.56),0727_马克思主义哲学_20世纪中国哲学_联系.md；0714_唯物史观_中国哲学史_研究应用.md；0716_嵇文甫_中国哲学史_研究.md；0757_中国哲学史_方法论_讨论.md；0758_评法批儒_中国哲学史_篡改.md,,19世纪、20世纪、中国哲学史观,马克思主义哲学中国化与中国哲学的现代转型；“新理学”批判的批判；马克思主义在中国早期传播若干问题的辨析_田子渝,61-62；156；5,是,先核验原卡片再使用,先查主题页《中国哲学传统与现代转型》，再在 T3/T10 中检索：19世纪|20世纪|中国哲学史观,否
736,中国哲学现代转型 近代形态,0736_中国哲学现代转型_近代形态.md,3,38.0,中国哲学传统,中国哲学现代转型,中国哲学传统/中国哲学现代转型.md,高,129.0,已列入原主题页重点卡片；命中主题种子词：中国哲学现代转型、中国哲学、现代转型、转型；主题词重合：中国哲学现代转型,中国哲学现代转型 现代形态(58.75)；中国哲学现代转型 新视域(52.5)；中国哲学现代转型 研究框架(51.67)；中国哲学现代转型 历史走向(51.67)；中国哲学现代转型 内在结构(51.67),0737_中国哲学现代转型_现代形态.md；0734_中国哲学现代转型_新视域.md；0733_中国哲学现代转型_研究框架.md；0739_中国哲学现代转型_历史走向.md；0740_中国哲学现代转型_内在结构.md,,中国哲学现代转型、近代形态,马克思主义哲学中国化与中国哲学的现代转型；马克思主义哲学中国化理论与历史；马克思主义中国化探论,71-73；85；40,是,可按主题页优先检索,先查主题页《中国哲学现代转型》，再在 T3/T10 中检索：中国哲学现代转型|近代形态,否
737,中国哲学现代转型 现代形态,0737_中国哲学现代转型_现代形态.md,3,51.09,中国哲学传统,中国哲学现代转型,中国哲学传统/中国哲学现代转型.md,高,129.0,已列入原主题页重点卡片；命中主题种子词：中国哲学现代转型、中国哲学、现代转型、转型；主题词重合：中国哲学现代转型,中国哲学现代转型 近代形态(58.75)；中国哲学现代转型 新视域(53.46)；中国哲学现代转型 研究框架(52.5)；中国哲学现代转型 历史走向(52.5)；中国哲学现代转型 内在结构(52.5),0736_中国哲学现代转型_近代形态.md；0734_中国哲学现代转型_新视域.md；0733_中国哲学现代转型_研究框架.md；0739_中国哲学现代转型_历史走向.md；0740_中国哲学现代转型_内在结构.md,,中国哲学现代转型、现代形态,马克思主义哲学中国化理论与历史；马克思主义哲学中国化与中国哲学的现代转型；马克思主义中国化探论,85；71-73；40,是,可按主题页优先检索,先查主题页《中国哲学现代转型》，再在 T3/T10 中检索：中国哲学现代转型|现代形态,否
738,古今中西之争 中国哲学现代转型,0738_古今中西之争_中国哲学现代转型.md,3,31.09,中国哲学传统,中国哲学传统与现代转型,中国哲学传统/中国哲学传统与现代转型.md,中,29.0,自动主题组匹配：中国哲学、现代转型,中国哲学现代转型 新视域(50.94)；中国哲学现代转型 现代形态(50.94)；中国哲学现代转型 研究框架(50.29)；中国哲学现代转型 近代形态(50.29)；中国哲学现代转型 历史走向(50.29),0734_中国哲学现代转型_新视域.md；0737_中国哲学现代转型_现代形态.md；0733_中国哲学现代转型_研究框架.md；0736_中国哲学现代转型_近代形态.md；0739_中国哲学现代转型_历史走向.md,,中国哲学现代转型、古今中西之争,马克思主义哲学中国化理论与历史；冯契文集第七卷中国近代哲学的革命进程；抗战时期的“中国化”思潮与马克思主义中国化_张立慧,85；92；2,是,可按主题页优先检索,先查主题页《中国哲学传统与现代转型》，再在 T3/T10 中检索：古今中西之争|中国哲学现代转型,否
739,中国哲学现代转型 历史走向,0739_中国哲学现代转型_历史走向.md,3,31.2,中国哲学传统,中国哲学现代转型,中国哲学传统/中国哲学现代转型.md,高,129.0,已列入原主题页重点卡片；命中主题种子词：中国哲学现代转型、中国哲学、现代转型、转型；主题词重合：中国哲学现代转型,中国哲学现代转型 新视域(52.5)；中国哲学现代转型 现代形态(52.5)；中国哲学现代转型 研究框架(51.67)；中国哲学现代转型 近代形态(51.67)；中国哲学现代转型 内在结构(51.67),0734_中国哲学现代转型_新视域.md；0737_中国哲学现代转型_现代形态.md；0733_中国哲学现代转型_研究框架.md；0736_中国哲学现代转型_近代形态.md；0740_中国哲学现代转型_内在结构.md,,中国哲学现代转型、历史走向,马克思主义哲学中国化与中国哲学的现代转型；马克思主义哲学中国化理论与历史；中国现代思想史论,71-73；85；227,是,可按主题页优先检索,先查主题页《中国哲学现代转型》，再在 T3/T10 中检索：中国哲学现代转型|历史走向,否
740,中国哲学现代转型 内在结构,0740_中国哲学现代转型_内在结构.md,3,31.09,中国哲学传统,中国哲学现代转型,中国哲学传统/中国哲学现代转型.md,高,129.0,已列入原主题页重点卡片；命中主题种子词：中国哲学现代转型、中国哲学、现代转型、转型；主题词重合：中国哲学现代转型,中国哲学现代转型 新视域(52.5)；中国哲学现代转型 现代形态(52.5)；中国哲学现代转型 研究框架(51.67)；中国哲学现代转型 近代形态(51.67)；中国哲学现代转型 历史走向(51.67),0734_中国哲学现代转型_新视域.md；0737_中国哲学现代转型_现代形态.md；0733_中国哲学现代转型_研究框架.md；0736_中国哲学现代转型_近代形态.md；0739_中国哲学现代转型_历史走向.md,,中国哲学现代转型、内在结构,马克思主义哲学中国化与中国哲学的现代转型；马克思主义哲学中国化理论与历史；中国文化与马克思主义,未识别；85；185,是,可按主题页优先检索,先查主题页《中国哲学现代转型》，再在 T3/T10 中检索：中国哲学现代转型|内在结构,否
741,新青年 儒家纲常 扬弃,0741_新青年_儒家纲常_扬弃.md,1,41.4,中国哲学传统,中国哲学传统与现代转型,中国哲学传统/中国哲学传统与现代转型.md,低,10.0,自动主题组匹配：儒家,新青年(21.25)；新青年 唯物史观 评判儒家价值观(19.17)；新青年 价值观 古今之变(18.33)；新青年 批判 孔教为国教(18.33)；列宁主义 新青年 瞿秋白(18.33),1857_新青年.md；0742_新青年_唯物史观_评判儒家价值观.md；1233_新青年_价值观_古今之变.md；1235_新青年_批判_孔教为国教.md；1652_列宁主义_新青年_瞿秋白.md,,新青年、儒家纲常、扬弃,马克思主义哲学中国化与中国哲学的现代转型,197-199,是,先核验原卡片再使用,先查主题页《中国哲学传统与现代转型》，再在 T3/T10 中检索：新青年|儒家纲常|扬弃,否
742,新青年 唯物史观 评判儒家价值观,0742_新青年_唯物史观_评判儒家价值观.md,3,34.13,中国哲学传统,中国哲学传统与现代转型,中国哲学传统/中国哲学传统与现代转型.md,低,23.0,自动主题组匹配：儒家,唯物史观 谈政治(24.69)；唯物史观 李大钊(24.69)；唯物史观 传播热潮(24.41)；陈独秀 唯物史观 剩余价值 阶级斗争(24.35)；李大钊 唯物史观 研究(24.17),0032_唯物史观_谈政治.md；1775_唯物史观_李大钊.md；0064_唯物史观_传播热潮.md；0327_陈独秀_唯物史观_剩余价值_阶级斗争.md；0258_李大钊_唯物史观_研究.md,,新青年、唯物史观,马克思主义哲学中国化与中国哲学的现代转型；百年中国哲学革命；马克思主义哲学史（第六卷,208；69-71；38-41,是,先核验原卡片再使用,先查主题页《中国哲学传统与现代转型》，再在 T3/T10 中检索：新青年|唯物史观|评判儒家价值观,否
743,李大钊 唯物史观 中国哲学现代转型,0743_李大钊_唯物史观_中国哲学现代转型.md,3,38.6,传播史,李大钊与唯物史观传播,传播史/李大钊与唯物史观传播.md,高,131.0,已列入原主题页重点卡片；命中主题种子词：李大钊、唯物史观；主题词重合：李大钊、唯物史观；主题域增强：唯物史观、李大钊,中国哲学现代转型 新视域(50.29)；中国哲学现代转型 现代形态(50.29)；中国哲学现代转型 研究框架(49.72)；中国哲学现代转型 近代形态(49.72)；中国哲学现代转型 历史走向(49.72),0734_中国哲学现代转型_新视域.md；0737_中国哲学现代转型_现代形态.md；0733_中国哲学现代转型_研究框架.md；0736_中国哲学现代转型_近代形态.md；0739_中国哲学现代转型_历史走向.md,,李大钊、唯物史观、中国哲学现代转型,马克思主义哲学中国化与中国哲学的现代转型；中国马克思主义学术史纲；马克思主义哲学史教程,115-117；22-24；843-845,是,可按主题页优先检索,先查主题页《李大钊与唯物史观传播》，再在 T3/T10 中检索：李大钊|唯物史观|中国哲学现代转型,否
744,冯契 智慧说 中国哲学现代转型,0744_冯契_智慧说_中国哲学现代转型.md,3,40.6,中国哲学传统,中国哲学现代转型,中国哲学传统/中国哲学现代转型.md,高,129.0,已列入原主题页重点卡片；命中主题种子词：中国哲学现代转型、中国哲学、现代转型、转型；主题词重合：中国哲学现代转型,中国哲学现代转型 新视域(51.67)；中国哲学现代转型 现代形态(51.67)；中国哲学现代转型 研究框架(50.94)；中国哲学现代转型 近代形态(50.94)；中国哲学现代转型 历史走向(50.94),0734_中国哲学现代转型_新视域.md；0737_中国哲学现代转型_现代形态.md；0733_中国哲学现代转型_研究框架.md；0736_中国哲学现代转型_近代形态.md；0739_中国哲学现代转型_历史走向.md,,冯契、智慧说、中国哲学现代转型,马克思主义哲学中国化与中国哲学的现代转型；百年中国哲学革命；中国马克思主义学术史纲,548-549；197-199；214-216,是,可按主题页优先检索,先查主题页《中国哲学现代转型》，再在 T3/T10 中检索：冯契|智慧说|中国哲学现代转型,否
745,马克思主义哲学中国化 传统 现代转型,0745_马克思主义哲学中国化_传统_现代转型.md,3,55.49,中国哲学传统,中国哲学现代转型,中国哲学传统/中国哲学现代转型.md,高,115.0,已列入原主题页重点卡片；命中主题种子词：现代转型、转型；主题词重合：现代转型,中国哲学现代转型 马克思主义哲学中国化(56.67)；马克思主义哲学中国化 传统 形成发展(54.47)；马克思主义哲学中国化 中国哲学传统(53.89)；马克思主义哲学中国化 不足(53.24)；李达 马克思主义哲学中国化(53.24),0728_中国哲学现代转型_马克思主义哲学中国化.md；1237_马克思主义哲学中国化_传统_形成发展.md；0725_马克思主义哲学中国化_中国哲学传统.md；1432_马克思主义哲学中国化_不足.md；1751_李达_马克思主义哲学中国化.md,,马克思主义哲学中国化、传统、现代转型,马克思主义哲学中国化与中国哲学的现代转型；马克思主义哲学中国化理论与历史；马克思主义哲学中国化_问题与进路_孙伟平,135-137；105；4,是,可按主题页优先检索,先查主题页《中国哲学现代转型》，再在 T3/T10 中检索：马克思主义哲学中国化|传统|现代转型,否
746,传统文化 创造性转化 创新性发展,0746_传统文化_创造性转化_创新性发展.md,3,57.11,理论方法,哲学基本范畴与辩证法原理,理论方法/哲学基本范畴与辩证法原理.md,低,10.0,自动主题组匹配：发展,传统文化 创新性发展 指导思想(57.5)；中华优秀传统文化 创造性转化(37.5)；陈独秀 传统文化 继承关系(23.95),0748_传统文化_创新性发展_指导思想.md；0747_中华优秀传统文化_创造性转化.md；0762_陈独秀_传统文化_继承关系.md,,传统文化、创造性转化、创新性发展,马克思主义哲学中国化与中国哲学的现代转型；马克思主义基本原理同中华优秀传统文化相结合学理探析_田鹏颖；坚持马克思主义基本原理同中华优秀传统文化相结合须廓清的几种错误倾向_冯冉,594-596；2,是,先核验原卡片再使用,先查主题页《哲学基本范畴与辩证法原理》，再在 T3/T10 中检索：传统文化|创造性转化|创新性发展,否
747,中华优秀传统文化 创造性转化,0747_中华优秀传统文化_创造性转化.md,3,55.77,中国哲学传统,中国哲学传统与现代转型,中国哲学传统/中国哲学传统与现代转型.md,低,10.0,自动主题组匹配：传统,中华优秀传统文化 第二个结合(50.29)；中华优秀传统文化 基本原理 马克思(49.21)；中华优秀传统文化 革命文化 社会主义先进文化(47.95)；传统文化 创造性转化 创新性发展(37.5)；陈独秀 传统文化 继承关系(5.56),1628_中华优秀传统文化_第二个结合.md；1794_中华优秀传统文化_基本原理_马克思.md；0749_中华优秀传统文化_革命文化_社会主义先进文化.md；0746_传统文化_创造性转化_创新性发展.md；0762_陈独秀_传统文化_继承关系.md,,中华优秀传统文化、创造性转化,马克思主义基本原理同中华优秀传统文化相结合学理探析_田鹏颖；坚持马克思主义基本原理同中华优秀传统文化相结合须廓清的几种错误倾向_冯冉；马克思主义中国化时代化的历史逻辑、根本途径和当代课题——访北京大学马克思主义学院郭建宁教授_本刊记者,2；9,是,先核验原卡片再使用,先查主题页《中国哲学传统与现代转型》，再在 T3/T10 中检索：中华优秀传统文化|创造性转化,否
748,传统文化 创新性发展 指导思想,0748_传统文化_创新性发展_指导思想.md,3,53.48,理论方法,哲学基本范畴与辩证法原理,理论方法/哲学基本范畴与辩证法原理.md,低,10.0,自动主题组匹配：发展,传统文化 创造性转化 创新性发展(57.5)；陈独秀 传统文化 继承关系(23.95)；马克思主义 指导思想 中国革命(23.57)；中华优秀传统文化 创造性转化(5.0),0746_传统文化_创造性转化_创新性发展.md；0762_陈独秀_传统文化_继承关系.md；1112_马克思主义_指导思想_中国革命.md；0747_中华优秀传统文化_创造性转化.md,,传统文化、创新性发展、指导思想,马克思主义哲学中国化与中国哲学的现代转型；坚持马克思主义基本原理同中华优秀传统文化相结合须廓清的几种错误倾向_冯冉；马克思主义基本原理同中华优秀传统文化相结合学理探析_田鹏颖,603-605；4；2,是,先核验原卡片再使用,先查主题页《哲学基本范畴与辩证法原理》，再在 T3/T10 中检索：传统文化|创新性发展|指导思想,否
749,中华优秀传统文化 革命文化 社会主义先进文化,0749_中华优秀传统文化_革命文化_社会主义先进文化.md,3,60.87,中国哲学传统,中国哲学传统与现代转型,中国哲学传统/中国哲学传统与现代转型.md,低,10.0,自动主题组匹配：传统,中华优秀传统文化 创造性转化(47.95)；中华优秀传统文化 第二个结合(47.95)；中华优秀传统文化 基本原理 马克思(47.29),0747_中华优秀传统文化_创造性转化.md；1628_中华优秀传统文化_第二个结合.md；1794_中华优秀传统文化_基本原理_马克思.md,,中华优秀传统文化、革命文化、社会主义先进文化,马克思主义基本原理同中华优秀传统文化相结合学理探析_田鹏颖；马克思主义哲学中国化与中国哲学的现代转型；坚持马克思主义基本原理同中华优秀传统文化相结合须廓清的几种错误倾向_冯冉,6；611-613；3,是,先核验原卡片再使用,先查主题页《中国哲学传统与现代转型》，再在 T3/T10 中检索：中华优秀传统文化|革命文化|社会主义先进文化,否
750,古代传统 现代传统 中国文化,0750_古代传统_现代传统_中国文化.md,3,51.88,中国哲学传统,中国哲学传统与现代转型,中国哲学传统/中国哲学传统与现代转型.md,中,23.0,自动主题组匹配：传统、中国文化,中国文化 儒学(26.82)；中国文化 马克思(26.25)；哲学 宗教 中国文化(25.77)；中国文化 古与今 联系(25.36)；中国文化 精神基础 伦理(25.0),1731_中国文化_儒学.md；1736_中国文化_马克思.md；0986_哲学_宗教_中国文化.md；1246_中国文化_古与今_联系.md；0988_中国文化_精神基础_伦理.md,,古代传统、现代传统、中国文化,马克思主义哲学中国化与中国哲学的现代转型；马克思主义哲学中国化理论与历史；马克思主义哲学史教程,106-107；105；1039-1041,是,可按主题页优先检索,先查主题页《中国哲学传统与现代转型》，再在 T3/T10 中检索：古代传统|现代传统|中国文化,否
751,文化自信 马克思主义哲学中国化,0751_文化自信_马克思主义哲学中国化.md,3,36.58,理论方法,马克思恩格斯经典文本与哲学关系,理论方法/马克思恩格斯经典文本与哲学关系.md,低,14.0,自动主题组匹配：马克思,马克思主义哲学中国化 不足(55.0)；李达 马克思主义哲学中国化(55.0)；马克思主义哲学中国化 走向(55.0)；马克思主义哲学中国化 中国文化身份(54.71)；毛泽东 马克思主义哲学中国化(54.06),1432_马克思主义哲学中国化_不足.md；1751_李达_马克思主义哲学中国化.md；1816_马克思主义哲学中国化_走向.md；0755_马克思主义哲学中国化_中国文化身份.md；1748_毛泽东_马克思主义哲学中国化.md,,文化自信、马克思主义哲学中国化,马克思主义哲学中国化与中国哲学的现代转型；二十世纪上半叶马克思主义哲学中国化之检视_王玉平；马克思主义哲学中国化的路径选择——从“结合论”走向“创建论”_孙伟平,634；4；6,是,先核验原卡片再使用,先查主题页《马克思恩格斯经典文本与哲学关系》，再在 T3/T10 中检索：文化自信|马克思主义哲学中国化,否
752,鸦片战争后 文化自信 失落 重建,0752_鸦片战争后_文化自信_失落_重建.md,3,60.4,论战与思想运动,中国近代启蒙与民主革命,论战与思想运动/中国近代启蒙与民主革命.md,低,13.0,自动主题组匹配：鸦片战争,文化自信 马克思主义哲学中国化(23.41)；中国马克思主义哲学 文化自信 灵魂(23.26)；文化自信 主流思潮 马克思主义哲学(23.26)；马克思主义中国化 重建(11.25)；马克思主义哲学 大众基础 重建(11.09),0751_文化自信_马克思主义哲学中国化.md；0753_中国马克思主义哲学_文化自信_灵魂.md；0754_文化自信_主流思潮_马克思主义哲学.md；1828_马克思主义中国化_重建.md；1068_马克思主义哲学_大众基础_重建.md,,鸦片战争后、文化自信、失落、重建,马克思主义哲学中国化与中国哲学的现代转型；马克思主义中国化的起源语境；马克思主义哲学中国化理论与历史,643-646；121；361,是,先核验原卡片再使用,先查主题页《中国近代启蒙与民主革命》，再在 T3/T10 中检索：鸦片战争后|文化自信|失落|重建,否
753,中国马克思主义哲学 文化自信 灵魂,0753_中国马克思主义哲学_文化自信_灵魂.md,3,52.8,理论方法,马克思恩格斯经典文本与哲学关系,理论方法/马克思恩格斯经典文本与哲学关系.md,低,14.0,自动主题组匹配：马克思,中国马克思主义哲学 转换(52.5)；中国马克思主义哲学 民族文化身份认同(50.71)；中国马克思主义哲学 中国之根 问题(50.53)；中国马克思主义哲学 教科书 建构(50.53)；中国马克思主义哲学 何以是中国的哲学(50.0),1819_中国马克思主义哲学_转换.md；0721_中国马克思主义哲学_民族文化身份认同.md；0720_中国马克思主义哲学_中国之根_问题.md；0931_中国马克思主义哲学_教科书_建构.md；0724_中国马克思主义哲学_何以是中国的哲学.md,,中国马克思主义哲学、文化自信、灵魂,马克思主义哲学中国化与中国哲学的现代转型；《实践论》和《矛盾论》对马克思主义哲学中国化的启示_许全兴；“新哲学”大众化运动研究,646-648；10；4,是,先核验原卡片再使用,先查主题页《马克思恩格斯经典文本与哲学关系》，再在 T3/T10 中检索：中国马克思主义哲学|文化自信|灵魂,否
754,文化自信 主流思潮 马克思主义哲学,0754_文化自信_主流思潮_马克思主义哲学.md,3,41.4,理论方法,马克思恩格斯经典文本与哲学关系,理论方法/马克思恩格斯经典文本与哲学关系.md,低,10.0,自动主题组匹配：马克思,马克思主义哲学 中国文化身份(44.21)；马克思主义哲学 中国哲学(43.82)；文化大革命 马克思主义哲学 歪曲(43.75)；李达 马克思主义哲学 研究(43.33)；李达 马克思主义哲学 泰斗(43.33),0723_马克思主义哲学_中国文化身份.md；1823_马克思主义哲学_中国哲学.md；0650_文化大革命_马克思主义哲学_歪曲.md；0267_李达_马克思主义哲学_研究.md；0355_李达_马克思主义哲学_泰斗.md,,文化自信、主流思潮、马克思主义哲学,马克思主义哲学中国化与中国哲学的现代转型；二十世纪上半叶马克思主义哲学中国化之检视_王玉平；马克思主义哲学中国化理论与历史,646-648；4；99,是,先核验原卡片再使用,先查主题页《马克思恩格斯经典文本与哲学关系》，再在 T3/T10 中检索：文化自信|主流思潮|马克思主义哲学,否
755,马克思主义哲学中国化 中国文化身份,0755_马克思主义哲学中国化_中国文化身份.md,3,36.58,学科史,马克思主义哲学中国化研究范式,学科史/马克思主义哲学中国化研究范式.md,高,114.0,已列入原主题页重点卡片；命中主题种子词：马克思主义哲学中国化；主题词重合：马克思主义哲学中国化,民族文化身份 马克思主义哲学中国化(57.65)；马克思主义哲学中国化 中国哲学传统(54.71)；文化自信 马克思主义哲学中国化(54.71)；马克思主义哲学中国化 不足(54.06)；李达 马克思主义哲学中国化(54.06),0730_民族文化身份_马克思主义哲学中国化.md；0725_马克思主义哲学中国化_中国哲学传统.md；0751_文化自信_马克思主义哲学中国化.md；1432_马克思主义哲学中国化_不足.md；1751_李达_马克思主义哲学中国化.md,,马克思主义哲学中国化、中国文化身份,马克思主义哲学中国化与中国哲学的现代转型；二十世纪上半叶马克思主义哲学中国化之检视_王玉平；马克思主义哲学中国化的路径选择——从“结合论”走向“创建论”_孙伟平,26-28；4；6,是,可按主题页优先检索,先查主题页《马克思主义哲学中国化研究范式》，再在 T3/T10 中检索：马克思主义哲学中国化|中国文化身份,否
756,中国传统文化 马克思主义 结合,0756_中国传统文化_马克思主义_结合.md,3,57.93,理论方法,马克思恩格斯经典文本与哲学关系,理论方法/马克思恩格斯经典文本与哲学关系.md,低,10.0,自动主题组匹配：马克思,马克思主义 中国传统文化 关系(45.0)；陈独秀 中国传统文化 批判(37.35)；中国传统文化 决裂论 土壤论(36.94)；中国传统文化 新启蒙运动 认识深化(35.95)；马克思主义哲学 中国传统哲学 结合(11.76),0764_马克思主义_中国传统文化_关系.md；0761_陈独秀_中国传统文化_批判.md；1627_中国传统文化_决裂论_土壤论.md；1795_中国传统文化_新启蒙运动_认识深化.md；1417_马克思主义哲学_中国传统哲学_结合.md,,中国传统文化、马克思主义、结合,从“决裂论”到“土壤论”——新启蒙运动对马克思主义与中国传统文化关系的认识深化_崔海亮；坚持马克思主义基本原理同中华优秀传统文化相结合须廓清的几种错误倾向_冯冉；马克思主义哲学中国化的路径选择——从“结合论”走向“创建论”_孙伟平,5；1,是,先核验原卡片再使用,先查主题页《马克思恩格斯经典文本与哲学关系》，再在 T3/T10 中检索：中国传统文化|马克思主义|结合,否
757,中国哲学史 方法论 讨论,0757_中国哲学史_方法论_讨论.md,3,47.24,中国哲学传统,中国哲学传统与现代转型,中国哲学传统/中国哲学传统与现代转型.md,低,13.0,自动主题组匹配：中国哲学,嵇文甫 中国哲学史 研究(32.14)；评法批儒 中国哲学史 篡改(31.67)；唯物史观 中国哲学史 研究应用(30.88)；胡汉民 中国哲学史 伦理思想史(30.88)；马克思主义中国化 方法论(19.69),0716_嵇文甫_中国哲学史_研究.md；0758_评法批儒_中国哲学史_篡改.md；0714_唯物史观_中国哲学史_研究应用.md；0715_胡汉民_中国哲学史_伦理思想史.md；1822_马克思主义中国化_方法论.md,,中国哲学史、方法论、讨论,马克思主义哲学中国化与中国哲学的现代转型；马克思主义哲学史；中国文化与马克思主义,533-535；282；346,是,先核验原卡片再使用,先查主题页《中国哲学传统与现代转型》，再在 T3/T10 中检索：中国哲学史|方法论|讨论,否
758,评法批儒 中国哲学史 篡改,0758_评法批儒_中国哲学史_篡改.md,2,39.16,中国哲学传统,中国哲学传统与现代转型,中国哲学传统/中国哲学传统与现代转型.md,低,13.0,自动主题组匹配：中国哲学,嵇文甫 中国哲学史 研究(31.67)；中国哲学史 方法论 讨论(31.67)；唯物史观 中国哲学史 研究应用(30.56)；胡汉民 中国哲学史 伦理思想史(30.56)；中国哲学史研究 新中国 新变化(5.88),0716_嵇文甫_中国哲学史_研究.md；0757_中国哲学史_方法论_讨论.md；0714_唯物史观_中国哲学史_研究应用.md；0715_胡汉民_中国哲学史_伦理思想史.md；0718_中国哲学史研究_新中国_新变化.md,,评法批儒、中国哲学史、篡改,马克思主义哲学史；中国文化与马克思主义,340-342；343,是,先核验原卡片再使用,先查主题页《中国哲学传统与现代转型》，再在 T3/T10 中检索：评法批儒|中国哲学史|篡改,否
759,金岳霖 知识论 论理学,0759_金岳霖_知识论_论理学.md,3,36.04,中国哲学传统,现代中国哲学人物与知识论,中国哲学传统/现代中国哲学人物与知识论.md,中,24.0,二级自动主题组匹配：金岳霖、知识论、论理学,认识论 论理学 辩证法 一致性(21.67)；知识论(21.25)；辩证法 论理学 认识论 一致性(19.69)；科学 方法 论理学 人生观(18.33)；金岳霖 在中国的哲学 中国哲学(18.12),1534_认识论_论理学_辩证法_一致性.md；2007_知识论.md；1565_辩证法_论理学_认识论_一致性.md；0219_科学_方法_论理学_人生观.md；0732_金岳霖_在中国的哲学_中国哲学.md,,金岳霖、知识论、论理学,近五十年中国思想史；马克思主义哲学中国化与中国哲学的现代转型；冯契文集第七卷中国近代哲学的革命进程,201-202；528-529；518,是,可按主题页优先检索,先查主题页《现代中国哲学人物与知识论》，再在 T3/T10 中检索：金岳霖|知识论|论理学,否
760,古今中西 争论 中国向何处去,0760_古今中西_争论_中国向何处去.md,3,51.22,论战与思想运动,中国近代启蒙与民主革命,论战与思想运动/中国近代启蒙与民主革命.md,低,10.0,二级自动主题组匹配：古今中西,中国向何处去 古今中西(66.67)；中国近代哲学 古今中西(26.25)；之争 古今中西(25.77)；古今中西 之争 中国近代哲学革命(25.0)；古今中西 论争 中西体用(24.69),1617_中国向何处去_古今中西.md；1695_中国近代哲学_古今中西.md；1950_之争_古今中西.md；0767_古今中西_之争_中国近代哲学革命.md；0768_古今中西_论争_中西体用.md,,古今中西、争论、中国向何处去,冯契文集第七卷中国近代哲学的革命进程；认识世界和认识自己；20世纪上半叶“中国化”思潮与“马克思主义中国化”起源研究述评_赵铁锁,29；12；1,是,先核验原卡片再使用,先查主题页《中国近代启蒙与民主革命》，再在 T3/T10 中检索：古今中西|争论|中国向何处去,否
761,陈独秀 中国传统文化 批判,0761_陈独秀_中国传统文化_批判.md,3,52.98,传播史,陈独秀与马克思主义传播,传播史/陈独秀与马克思主义传播.md,高,109.0,已列入原主题页重点卡片；命中主题种子词：陈独秀；主题词重合：陈独秀,中国传统文化 决裂论 土壤论(37.81)；中国传统文化 马克思主义 结合(37.35)；马克思主义 中国传统文化 关系(37.35)；中国传统文化 新启蒙运动 认识深化(36.58)；陈独秀 传统文化 继承关系(23.33),1627_中国传统文化_决裂论_土壤论.md；0756_中国传统文化_马克思主义_结合.md；0764_马克思主义_中国传统文化_关系.md；1795_中国传统文化_新启蒙运动_认识深化.md；0762_陈独秀_传统文化_继承关系.md,,陈独秀、中国传统文化、批判,从“决裂论”到“土壤论”——新启蒙运动对马克思主义与中国传统文化关系的认识深化_崔海亮；百年中国哲学革命；继承五四和扬弃五四,7；41；29,是,可按主题页优先检索,先查主题页《陈独秀与马克思主义传播》，再在 T3/T10 中检索：陈独秀|中国传统文化|批判,否
762,陈独秀 传统文化 继承关系,0762_陈独秀_传统文化_继承关系.md,3,39.7,传播史,陈独秀与马克思主义传播,传播史/陈独秀与马克思主义传播.md,高,109.0,已列入原主题页重点卡片；命中主题种子词：陈独秀；主题词重合：陈独秀,传统文化 创造性转化 创新性发展(23.95)；传统文化 创新性发展 指导思想(23.95)；陈独秀 中国传统文化 批判(23.33)；群众观点 错误 陈独秀(18.12)；陈独秀 民主 科学 反孔(18.12),0746_传统文化_创造性转化_创新性发展.md；0748_传统文化_创新性发展_指导思想.md；0761_陈独秀_中国传统文化_批判.md；0321_群众观点_错误_陈独秀.md；0324_陈独秀_民主_科学_反孔.md,,陈独秀、传统文化、继承关系,百年中国哲学革命；从“决裂论”到“土壤论”——新启蒙运动对马克思主义与中国传统文化关系的认识深化_崔海亮；二十世纪上半叶马克思主义哲学中国化之检视_王玉平,41-42；7；55,是,可按主题页优先检索,先查主题页《陈独秀与马克思主义传播》，再在 T3/T10 中检索：陈独秀|传统文化|继承关系,否
763,冯友兰 新理学 马克思主义哲学,0763_冯友兰_新理学_马克思主义哲学.md,3,55.82,论战与思想运动,新理学批判,论战与思想运动/新理学批判.md,高,118.0,已列入原主题页重点卡片；命中主题种子词：新理学、冯友兰；主题词重合：冯友兰、新理学,大众哲学 马克思主义哲学 大众化(45.94)；价值观 价值哲学 马克思主义哲学(45.94)；马克思哲学 马克思主义哲学 关系论争(45.29)；马克思主义哲学 中国哲学(45.0)；大众哲学 马克思主义哲学 传播贡献(44.72),0360_大众哲学_马克思主义哲学_大众化.md；1045_价值观_价值哲学_马克思主义哲学.md；1069_马克思哲学_马克思主义哲学_关系论争.md；1823_马克思主义哲学_中国哲学.md；0372_大众哲学_马克思主义哲学_传播贡献.md,,冯友兰、新理学、马克思主义哲学,百年中国哲学革命；“新理学”批判的批判；张申府与中国现代哲学,363-365；88；5,是,可按主题页优先检索,先查主题页《新理学批判》，再在 T3/T10 中检索：冯友兰|新理学|马克思主义哲学,否
764,马克思主义 中国传统文化 关系,0764_马克思主义_中国传统文化_关系.md,3,60.75,理论方法,马克思恩格斯经典文本与哲学关系,理论方法/马克思恩格斯经典文本与哲学关系.md,低,10.0,自动主题组匹配：马克思,中国传统文化 马克思主义 结合(45.0)；陈独秀 中国传统文化 批判(37.35)；中国传统文化 决裂论 土壤论(36.94)；中国传统文化 新启蒙运动 认识深化(35.95)；马克思主义 中国传播 前史(11.67),0756_中国传统文化_马克思主义_结合.md；0761_陈独秀_中国传统文化_批判.md；1627_中国传统文化_决裂论_土壤论.md；1795_中国传统文化_新启蒙运动_认识深化.md；0084_马克思主义_中国传播_前史.md,,马克思主义、中国传统文化、关系,百年中国哲学革命；从“决裂论”到“土壤论”——新启蒙运动对马克思主义与中国传统文化关系的认识深化_崔海亮；马克思主义中国化探论,446；1；33,是,先核验原卡片再使用,先查主题页《马克思恩格斯经典文本与哲学关系》，再在 T3/T10 中检索：马克思主义|中国传统文化|关系,否
765,马克思主义哲学 中国哲学 结合,0765_马克思主义哲学_中国哲学_结合.md,3,60.74,中国哲学传统,马克思主义哲学与中国文化传统结合,中国哲学传统/马克思主义哲学与中国文化传统结合.md,高,109.0,已列入原主题页重点卡片；命中主题种子词：结合；主题词重合：结合,马克思主义哲学 中国哲学(75.45)；马克思主义哲学 中国哲学传统 结合(52.86)；马克思主义哲学 中国传统哲学 结合(52.86)；李达 马克思主义哲学 中国化(49.29)；马克思主义哲学 中国化 历程(49.29),1823_马克思主义哲学_中国哲学.md；0726_马克思主义哲学_中国哲学传统_结合.md；1417_马克思主义哲学_中国传统哲学_结合.md；0301_李达_马克思主义哲学_中国化.md；1413_马克思主义哲学_中国化_历程.md,,马克思主义哲学、中国哲学、结合,马克思主义哲学中国化与中国哲学的现代转型；百年中国哲学革命；马克思主义哲学与中国哲学相结合的思考,330-331；488；4,是,可按主题页优先检索,先查主题页《马克思主义哲学与中国文化传统结合》，再在 T3/T10 中检索：马克思主义哲学|中国哲学|结合,否
766,中国哲学 认识主体 修养论,0766_中国哲学_认识主体_修养论.md,3,66.6,中国哲学传统,中国哲学传统与现代转型,中国哲学传统/中国哲学传统与现代转型.md,低,13.0,自动主题组匹配：中国哲学,中国哲学 问题 精神(25.36)；内圣 外王 中国哲学(25.36)；中国哲学 传统 功用(25.36)；中国哲学 暗示性 语言(25.0)；中国哲学 知命 能动性(25.0),0691_中国哲学_问题_精神.md；0693_内圣_外王_中国哲学.md；0696_中国哲学_传统_功用.md；0694_中国哲学_暗示性_语言.md；0706_中国哲学_知命_能动性.md,,中国哲学、认识主体、修养论,百年中国哲学革命；《实践论》和《矛盾论》对马克思主义哲学中国化的启示_许全兴；认识世界和认识自己,557；10；190,是,先核验原卡片再使用,先查主题页《中国哲学传统与现代转型》，再在 T3/T10 中检索：中国哲学|认识主体|修养论,否
767,古今中西 之争 中国近代哲学革命,0767_古今中西_之争_中国近代哲学革命.md,3,54.84,论战与思想运动,中国近代启蒙与民主革命,论战与思想运动/中国近代启蒙与民主革命.md,低,10.0,二级自动主题组匹配：古今中西,之争 古今中西(37.14)；中国近代哲学 古今中西(34.29)；古今中西 论争 中西体用(25.88)；中国向何处去 古今中西(25.56)；古今中西 争论 中国向何处去(25.0),1950_之争_古今中西.md；1695_中国近代哲学_古今中西.md；0768_古今中西_论争_中西体用.md；1617_中国向何处去_古今中西.md；0760_古今中西_争论_中国向何处去.md,,古今中西、之争、中国近代哲学革命,马克思主义哲学在中国的传播与马克思主义哲学中国化；冯契文集第七卷中国近代哲学的革命进程；中国近代哲学的革命进程,10；1；4,是,先核验原卡片再使用,先查主题页《中国近代启蒙与民主革命》，再在 T3/T10 中检索：古今中西|之争|中国近代哲学革命,否
768,古今中西 论争 中西体用,0768_古今中西_论争_中西体用.md,3,48.23,论战与思想运动,中国近代启蒙与民主革命,论战与思想运动/中国近代启蒙与民主革命.md,中,20.0,二级自动主题组匹配：古今中西、中西体用,之争 古今中西(27.5)；古今中西 之争 中国近代哲学革命(25.88)；中国向何处去 古今中西(25.36)；中国近代哲学 古今中西(25.36)；古今中西 争论 中国向何处去(24.69),1950_之争_古今中西.md；0767_古今中西_之争_中国近代哲学革命.md；1617_中国向何处去_古今中西.md；1695_中国近代哲学_古今中西.md；0760_古今中西_争论_中国向何处去.md,,古今中西、论争、中西体用,中国文化与马克思主义；中国近代哲学的革命进程；冯契文集第七卷中国近代哲学的革命进程,369；4；581,是,可按主题页优先检索,先查主题页《中国近代启蒙与民主革命》，再在 T3/T10 中检索：古今中西|论争|中西体用,否
769,苏联哲学 过渡时期 哲学斗争,0769_苏联哲学_过渡时期_哲学斗争.md,3,38.78,苏联哲学,苏联哲学与共产国际,苏联哲学/苏联哲学与共产国际.md,低,21.0,自动主题组匹配：苏联,苏联哲学 过渡时期 成就(54.58)；资产阶级哲学 苏联 哲学斗争(28.33)；后斯大林时期 苏联哲学(26.67)；苏联哲学 改革时期 反思(26.67)；拨乱反正 苏联哲学(25.36),0783_苏联哲学_过渡时期_成就.md；0771_资产阶级哲学_苏联_哲学斗争.md；0794_后斯大林时期_苏联哲学.md；0815_苏联哲学_改革时期_反思.md；0795_拨乱反正_苏联哲学.md,,苏联哲学、过渡时期、哲学斗争,苏联哲学70年；米丁-辩证唯物论历史唯物论下-rightToLeft；“新哲学”大众化运动研究,未识别；342；86,是,先核验原卡片再使用,先查主题页《苏联哲学与共产国际》，再在 T3/T10 中检索：苏联哲学|过渡时期|哲学斗争,否
770,哲学领域 无产阶级专政 苏联,0770_哲学领域_无产阶级专政_苏联.md,3,41.15,理论方法,阶级斗争与社会革命理论,理论方法/阶级斗争与社会革命理论.md,高,112.0,已列入原主题页重点卡片；命中主题种子词：无产阶级、阶级、专政,国家 革命 无产阶级专政(38.33)；国家与革命 无产阶级专政(37.81)；列宁 国家 革命 无产阶级专政(37.35)；列宁 无产阶级专政 学说 发展(37.35)；无产阶级专政 历史经验 认识(37.35),1090_国家_革命_无产阶级专政.md；1654_国家与革命_无产阶级专政.md；0839_列宁_国家_革命_无产阶级专政.md；0871_列宁_无产阶级专政_学说_发展.md；0985_无产阶级专政_历史经验_认识.md,,哲学领域、无产阶级专政、苏联,苏联哲学70年；米丁-辩证唯物论与历史唯物论-上-rightToLeft；马克思主义哲学史(第五卷),未识别；247；375-376,是,可按主题页优先检索,先查主题页《阶级斗争与社会革命理论》，再在 T3/T10 中检索：哲学领域|无产阶级专政|苏联,否
771,资产阶级哲学 苏联 哲学斗争,0771_资产阶级哲学_苏联_哲学斗争.md,3,39.4,论战与思想运动,中国近代启蒙与民主革命,论战与思想运动/中国近代启蒙与民主革命.md,低,13.0,自动主题组匹配：资产阶级,苏联哲学 反击 资产阶级哲学(43.46)；苏联哲学 过渡时期 哲学斗争(28.33)；公开资产阶级哲学 批判 苏联(20.0)；哲学领域 无产阶级专政 苏联(15.88)；苏联 哲学讨论会 哲学史对象(14.41),0774_苏联哲学_反击_资产阶级哲学.md；0769_苏联哲学_过渡时期_哲学斗争.md；0772_公开资产阶级哲学_批判_苏联.md；0770_哲学领域_无产阶级专政_苏联.md；0903_苏联_哲学讨论会_哲学史对象.md,,资产阶级哲学、苏联、哲学斗争,苏联哲学70年；马克思主义哲学史(第五卷)；冯契文集第七卷中国近代哲学的革命进程,50-54；489-491；286,是,先核验原卡片再使用,先查主题页《中国近代启蒙与民主革命》，再在 T3/T10 中检索：资产阶级哲学|苏联|哲学斗争,否
772,公开资产阶级哲学 批判 苏联,0772_公开资产阶级哲学_批判_苏联.md,3,36.33,论战与思想运动,中国近代启蒙与民主革命,论战与思想运动/中国近代启蒙与民主革命.md,低,13.0,自动主题组匹配：资产阶级,资产阶级哲学 苏联 哲学斗争(20.0)；哲学领域 无产阶级专政 苏联(15.56)；哲学 党性 苏联(13.57)；马克思主义哲学 传播 苏联(12.63)；苏联 哲学讨论会 哲学史对象(12.63),0771_资产阶级哲学_苏联_哲学斗争.md；0770_哲学领域_无产阶级专政_苏联.md；0782_哲学_党性_苏联.md；0785_马克思主义哲学_传播_苏联.md；0903_苏联_哲学讨论会_哲学史对象.md,,批判、苏联,马克思主义哲学史教程；苏联哲学70年；马克思主义哲学史(第五卷),392-394；101-105；378-379,是,先核验原卡片再使用,先查主题页《中国近代启蒙与民主革命》，再在 T3/T10 中检索：公开资产阶级哲学|批判|苏联,否
773,直觉主义 新康德主义 存在主义 苏联,0773_直觉主义_新康德主义_存在主义_苏联.md,3,40.8,国外马克思主义,西方马克思主义与国外马克思主义哲学,国外马克思主义/西方马克思主义与国外马克思主义哲学.md,低,13.0,自动主题组匹配：存在主义,新康德主义 客观主义 批判(30.88)；洛斯基 直觉主义 唯心主义(24.17)；存在主义 马克思主义 哲学传统(23.75)；哲学虚无主义 苏联 20年代(13.75)；马克思主义哲学 传播 苏联(12.5),1589_新康德主义_客观主义_批判.md；1011_洛斯基_直觉主义_唯心主义.md；1103_存在主义_马克思主义_哲学传统.md；0778_哲学虚无主义_苏联_20年代.md；0785_马克思主义哲学_传播_苏联.md,,直觉主义、新康德主义、存在主义、苏联,苏联哲学70年；马克思主义哲学史教程；米丁-辩证唯物论历史唯物论下-rightToLeft,1-4；604-606；363,是,先核验原卡片再使用,先查主题页《西方马克思主义与国外马克思主义哲学》，再在 T3/T10 中检索：直觉主义|新康德主义|存在主义|苏联,否
774,苏联哲学 反击 资产阶级哲学,0774_苏联哲学_反击_资产阶级哲学.md,3,34.2,论战与思想运动,中国近代启蒙与民主革命,论战与思想运动/中国近代启蒙与民主革命.md,低,21.0,自动主题组匹配：资产阶级,资产阶级哲学 苏联 哲学斗争(43.46)；拨乱反正 苏联哲学(25.36)；新的困境 苏联哲学(25.36)；苏联哲学 改革浪潮(25.36)；苏联哲学 历史反思(25.36),0771_资产阶级哲学_苏联_哲学斗争.md；0795_拨乱反正_苏联哲学.md；0796_新的困境_苏联哲学.md；0800_苏联哲学_改革浪潮.md；0801_苏联哲学_历史反思.md,,苏联哲学、反击、资产阶级哲学,苏联哲学70年；米丁-辩证唯物论历史唯物论下-rightToLeft；列宁选集第二卷_2012,5-7；242；187,是,先核验原卡片再使用,先查主题页《中国近代启蒙与民主革命》，再在 T3/T10 中检索：苏联哲学|反击|资产阶级哲学,否
775,列宁 思想上的反抗,0775_列宁_思想上的反抗.md,3,29.8,苏联哲学,苏联哲学与共产国际,苏联哲学/苏联哲学与共产国际.md,低,10.0,自动主题组匹配：列宁,马克思 列宁(12.5)；列宁 唯物主义(12.27)；无产阶级 列宁(12.27)；社会主义 列宁(12.27)；资本主义 列宁(12.27),1843_马克思_列宁.md；1753_列宁_唯物主义.md；1839_无产阶级_列宁.md；1840_社会主义_列宁.md；1841_资本主义_列宁.md,,列宁、思想上的反抗,马克思主义哲学史(第五卷)；苏联哲学70年；列宁专题文集·论社会主义,228；7-11；196,是,先核验原卡片再使用,先查主题页《苏联哲学与共产国际》，再在 T3/T10 中检索：列宁|思想上的反抗,否
776,德波林派 机械论派 论战,0776_德波林派_机械论派_论战.md,3,41.4,苏联哲学,德波林派与机械论派论争,苏联哲学/德波林派与机械论派论争.md,高,136.0,已列入原主题页重点卡片；命中主题种子词：德波林派、德波林、机械论派、论战；主题词重合：德波林派、机械论派、论战,德波林派 批判 教训(25.77)；德波林派 黑格尔 辩证法(25.0)；自然科学 哲学 机械论派(25.0)；德波林派 批判 对中国影响(24.69)；机械论派 辩证论者 苏联哲学(24.41),0780_德波林派_批判_教训.md；0779_德波林派_黑格尔_辩证法.md；1013_自然科学_哲学_机械论派.md；0818_德波林派_批判_对中国影响.md；0777_机械论派_辩证论者_苏联哲学.md,,德波林派、机械论派、论战,苏联哲学70年；马克思主义哲学史教程；一本教科书、一个时代、一种...学原理教科书的再思考(下)_何萍,18；378-379；7,是,可按主题页优先检索,先查主题页《德波林派与机械论派论争》，再在 T3/T10 中检索：德波林派|机械论派|论战,否
777,机械论派 辩证论者 苏联哲学,0777_机械论派_辩证论者_苏联哲学.md,3,38.56,苏联哲学,德波林派与机械论派论争,苏联哲学/德波林派与机械论派论争.md,高,138.0,已列入原主题页重点卡片；命中主题种子词：苏联哲学、机械论派、辩证论者；主题词重合：机械论派、辩证论者、苏联哲学,苏联哲学 机械论者 辩证论者(55.38)；苏联哲学 机械论者 辩证论者 论争(53.33)；苏联哲学 机械论 辩证论 论争 启示(30.29)；机械论者 辩证论者 自然科学(27.81)；自然科学 哲学 机械论派(26.25),0830_苏联哲学_机械论者_辩证论者.md；0893_苏联哲学_机械论者_辩证论者_论争.md；0817_苏联哲学_机械论_辩证论_论争_启示.md；1275_机械论者_辩证论者_自然科学.md；1013_自然科学_哲学_机械论派.md,,辩证论者、苏联哲学、机械论派,马克思主义哲学在中国的传播与马克思主义哲学中国化；苏联哲学70年；一本教科书、一个时代、一种...学原理教科书的再思考(下)_何萍,4；270-274；7,是,可按主题页优先检索,先查主题页《德波林派与机械论派论争》，再在 T3/T10 中检索：机械论派|辩证论者|苏联哲学,否
778,哲学虚无主义 苏联 20年代,0778_哲学虚无主义_苏联_20年代.md,3,38.6,苏联哲学,苏联哲学与共产国际,苏联哲学/苏联哲学与共产国际.md,低,13.0,自动主题组匹配：苏联,苏联哲学 20年代 30年代 论战(27.35)；20年代 国家主义(27.14)；马克思主义哲学 传播 苏联(14.17)；直觉主义 新康德主义 存在主义 苏联(13.75)；苏联 第三渠道 马克思主义哲学(13.75),0829_苏联哲学_20年代_30年代_论战.md；1833_20年代_国家主义.md；0785_马克思主义哲学_传播_苏联.md；0773_直觉主义_新康德主义_存在主义_苏联.md；0826_苏联_第三渠道_马克思主义哲学.md,,哲学虚无主义、苏联、20年代,苏联哲学70年；马克思主义哲学在中国传播与发展的百年历史（上）；马克思主义哲学史(第五卷),未识别；104-106；287-289,是,先核验原卡片再使用,先查主题页《苏联哲学与共产国际》，再在 T3/T10 中检索：哲学虚无主义|苏联|20年代,否
779,德波林派 黑格尔 辩证法,0779_德波林派_黑格尔_辩证法.md,3,49.22,苏联哲学,德波林派与机械论派论争,苏联哲学/德波林派与机械论派论争.md,高,124.0,已列入原主题页重点卡片；命中主题种子词：德波林派、德波林、黑格尔；主题词重合：德波林派、黑格尔,马克思 辩证法 黑格尔 辩证法(39.62)；黑格尔 辩证法 合理内核(39.62)；德波林派 批判 教训(25.77)；德波林派 机械论派 论战(25.0)；德波林派 批判 对中国影响(24.69),0014_马克思_辩证法_黑格尔_辩证法.md；0023_黑格尔_辩证法_合理内核.md；0780_德波林派_批判_教训.md；0776_德波林派_机械论派_论战.md；0818_德波林派_批判_对中国影响.md,,德波林派、黑格尔、辩证法,米丁-辩证唯物论历史唯物论下-rightToLeft；毛泽东哲学批注集：辩证法唯物论教程批注 (毛泽东)；艾思奇全书（第1卷）,88；432；101-105,是,可按主题页优先检索,先查主题页《德波林派与机械论派论争》，再在 T3/T10 中检索：德波林派|黑格尔|辩证法,否
780,德波林派 批判 教训,0780_德波林派_批判_教训.md,3,37.4,苏联哲学,德波林派与机械论派论争,苏联哲学/德波林派与机械论派论争.md,高,115.0,已列入原主题页重点卡片；命中主题种子词：德波林派、德波林；主题词重合：德波林派,德波林派 批判 对中国影响(30.42)；德波林派 机械论派 论战(25.77)；德波林派 黑格尔 辩证法(25.77)；太平天国 农民战争 意义 教训(11.47)；批判德波林 苏联哲学(6.25),0818_德波林派_批判_对中国影响.md；0776_德波林派_机械论派_论战.md；0779_德波林派_黑格尔_辩证法.md；1123_太平天国_农民战争_意义_教训.md；0781_批判德波林_苏联哲学.md,,德波林派、批判、教训,苏联哲学70年；百年中国哲学革命；中国马克思主义学术史纲,49-50；168-170；98,是,可按主题页优先检索,先查主题页《德波林派与机械论派论争》，再在 T3/T10 中检索：德波林派|批判|教训,否
781,批判德波林 苏联哲学,0781_批判德波林_苏联哲学.md,3,33.2,苏联哲学,30年代苏联哲学批判运动,苏联哲学/30年代苏联哲学批判运动.md,高,125.0,已列入原主题页重点卡片；命中主题种子词：苏联哲学、德波林；主题词重合：苏联哲学；主题域增强：苏联、德波林,拨乱反正 苏联哲学(26.25)；新的困境 苏联哲学(26.25)；苏联哲学 改革浪潮(26.25)；苏联哲学 历史反思(26.25)；苏联哲学 存在问题(26.25),0795_拨乱反正_苏联哲学.md；0796_新的困境_苏联哲学.md；0800_苏联哲学_改革浪潮.md；0801_苏联哲学_历史反思.md；0802_苏联哲学_存在问题.md,,批判德波林、苏联哲学,苏联哲学70年；马克思主义哲学史(第五卷)；米丁-辩证唯物论历史唯物论下-rightToLeft,270-274；381-384；342,是,可按主题页优先检索,先查主题页《30年代苏联哲学批判运动》，再在 T3/T10 中检索：批判德波林|苏联哲学,否
782,哲学 党性 苏联,0782_哲学_党性_苏联.md,3,52.0,苏联哲学,苏联哲学与共产国际,苏联哲学/苏联哲学与共产国际.md,低,13.0,自动主题组匹配：苏联,哲学 党性 科学(20.71)；哲学 党性 阶级性 毛泽东(16.82)；哲学 阶级性 党性 抗战(14.55)；资产阶级哲学 苏联 哲学斗争(13.85)；马克思主义哲学 传播 苏联(13.85),1574_哲学_党性_科学.md；0540_哲学_党性_阶级性_毛泽东.md；1581_哲学_阶级性_党性_抗战.md；0771_资产阶级哲学_苏联_哲学斗争.md；0785_马克思主义哲学_传播_苏联.md,,哲学、党性、苏联,马克思主义哲学史(第五卷)；马克思主义哲学史教程；苏联哲学70年,482-485；381-383；101-105,是,先核验原卡片再使用,先查主题页《苏联哲学与共产国际》，再在 T3/T10 中检索：哲学|党性|苏联,否
783,苏联哲学 过渡时期 成就,0783_苏联哲学_过渡时期_成就.md,3,39.8,苏联哲学,苏联哲学与共产国际,苏联哲学/苏联哲学与共产国际.md,低,21.0,自动主题组匹配：苏联,苏联哲学 过渡时期 哲学斗争(54.58)；后斯大林时期 苏联哲学(27.14)；苏联哲学 改革时期 反思(27.14)；拨乱反正 苏联哲学(25.77)；新的困境 苏联哲学(25.77),0769_苏联哲学_过渡时期_哲学斗争.md；0794_后斯大林时期_苏联哲学.md；0815_苏联哲学_改革时期_反思.md；0795_拨乱反正_苏联哲学.md；0796_新的困境_苏联哲学.md,,苏联哲学、过渡时期、成就,苏联哲学70年；“新哲学”大众化运动研究；毛泽东哲学批注集：辩证法唯物论教程批注 (毛泽东),56；86；515,是,先核验原卡片再使用,先查主题页《苏联哲学与共产国际》，再在 T3/T10 中检索：苏联哲学|过渡时期|成就,否
784,十月革命后 列宁 哲学贡献,0784_十月革命后_列宁_哲学贡献.md,3,44.4,苏联哲学,苏联哲学与共产国际,苏联哲学/苏联哲学与共产国际.md,中,23.0,自动主题组匹配：十月革命、列宁,鲁迅 早期 哲学贡献(25.36)；列宁 新经济政策 哲学(13.12)；革命道路 曲折性 列宁(13.12)；列宁 左倾错误 哲学批判(12.94)；列宁 晚期著作 哲学遗嘱(12.94),1591_鲁迅_早期_哲学贡献.md；0841_列宁_新经济政策_哲学.md；0879_革命道路_曲折性_列宁.md；0875_列宁_左倾错误_哲学批判.md；0890_列宁_晚期著作_哲学遗嘱.md,,十月革命后、列宁、哲学贡献,苏联哲学70年；列宁专题文集·论无产阶级政党；列宁专题文集·论马克思主义,57-60；480；396,是,可按主题页优先检索,先查主题页《苏联哲学与共产国际》，再在 T3/T10 中检索：十月革命后|列宁|哲学贡献,否
785,马克思主义哲学 传播 苏联,0785_马克思主义哲学_传播_苏联.md,3,55.2,传播史,马克思主义哲学在中国的传播路径,传播史/马克思主义哲学在中国的传播路径.md,高,100.0,已列入原主题页重点卡片,苏联 第三渠道 马克思主义哲学(56.67)；苏联 教科书形态 马克思主义哲学(55.94)；马克思主义哲学 日本 欧洲 苏联 三个方向(54.21)；马克思主义哲学 传播范围 扩大(49.29)；旅欧青年 马克思主义哲学 传播(49.29),0826_苏联_第三渠道_马克思主义哲学.md；0824_苏联_教科书形态_马克思主义哲学.md；0822_马克思主义哲学_日本_欧洲_苏联_三个方向.md；0046_马克思主义哲学_传播范围_扩大.md；0051_旅欧青年_马克思主义哲学_传播.md,,马克思主义哲学、传播、苏联,马克思主义哲学在中国：传播、应用、形态、前景；马克思主义哲学在中国传播与发展的百年历史（上）；马克思主义哲学在中国的传播与马克思主义哲学中国化,26-28；384-386；4,是,可按主题页优先检索,先查主题页《马克思主义哲学在中国的传播路径》，再在 T3/T10 中检索：马克思主义哲学|传播|苏联,否
786,斯大林时代 苏联哲学,0786_斯大林时代_苏联哲学.md,3,49.0,苏联哲学,苏联哲学教条化与斯大林,苏联哲学/苏联哲学教条化与斯大林.md,高,125.0,已列入原主题页重点卡片；命中主题种子词：苏联哲学、斯大林；主题词重合：苏联哲学；主题域增强：苏联、斯大林,后斯大林时期 苏联哲学(33.64)；苏联哲学 教条化 斯大林(30.42)；拨乱反正 苏联哲学(26.25)；新的困境 苏联哲学(26.25)；苏联哲学 改革浪潮(26.25),0794_后斯大林时期_苏联哲学.md；0790_苏联哲学_教条化_斯大林.md；0795_拨乱反正_苏联哲学.md；0796_新的困境_苏联哲学.md；0800_苏联哲学_改革浪潮.md,,斯大林时代、苏联哲学,苏联哲学70年；米丁-辩证唯物论历史唯物论下-rightToLeft；“新哲学”大众化运动研究,74-75；342；160,是,可按主题页优先检索,先查主题页《苏联哲学教条化与斯大林》，再在 T3/T10 中检索：斯大林时代|苏联哲学,否
787,辩证唯物主义 历史唯物主义 斯大林,0787_辩证唯物主义_历史唯物主义_斯大林.md,3,59.77,苏联哲学,苏联哲学教条化与斯大林,苏联哲学/苏联哲学教条化与斯大林.md,高,113.0,已列入原主题页重点卡片；命中主题种子词：斯大林；主题词重合：斯大林；主题域增强：斯大林,斯大林 辩证唯物主义 历史唯物主义(95.83)；历史唯物主义 辩证唯物主义(74.58)；辩证唯物主义 历史唯物主义 教科书(74.29)；辩证唯物主义 历史唯物主义 教科书体系(72.5)；历史唯物主义 辩证唯物主义 列宁(72.5),0899_斯大林_辩证唯物主义_历史唯物主义.md；1707_历史唯物主义_辩证唯物主义.md；0933_辩证唯物主义_历史唯物主义_教科书.md；1637_辩证唯物主义_历史唯物主义_教科书体系.md；1800_历史唯物主义_辩证唯物主义_列宁.md,,辩证唯物主义、历史唯物主义、斯大林,列宁专题文集·论辩证唯物主义和历史唯物主义；马克思主义哲学史(第五卷)；马克思主义哲学中国化理论与历史,365；395-397；264,是,可按主题页优先检索,先查主题页《苏联哲学教条化与斯大林》，再在 T3/T10 中检索：辩证唯物主义|历史唯物主义|斯大林,否
788,斯大林 哲学著作 贡献 不足,0788_斯大林_哲学著作_贡献_不足.md,3,45.6,苏联哲学,苏联哲学教条化与斯大林,苏联哲学/苏联哲学教条化与斯大林.md,高,113.0,已列入原主题页重点卡片；命中主题种子词：斯大林；主题词重合：斯大林；主题域增强：斯大林,斯大林 哲学 火药味(22.69)；苏联哲学 教条化 斯大林(19.69)；生产力 生产关系 斯大林(18.12)；辩证唯物主义 历史唯物主义 斯大林(17.63)；斯大林 辩证唯物主义 历史唯物主义(17.63),0789_斯大林_哲学_火药味.md；0790_苏联哲学_教条化_斯大林.md；0906_生产力_生产关系_斯大林.md；0787_辩证唯物主义_历史唯物主义_斯大林.md；0899_斯大林_辩证唯物主义_历史唯物主义.md,,斯大林、哲学著作、贡献、不足,苏联哲学70年；马克思主义哲学的中国化及其历程；“新哲学”大众化运动研究,80-84；268-270；222,是,可按主题页优先检索,先查主题页《苏联哲学教条化与斯大林》，再在 T3/T10 中检索：斯大林|哲学著作|贡献|不足,否
789,斯大林 哲学 火药味,0789_斯大林_哲学_火药味.md,3,51.6,苏联哲学,苏联哲学教条化与斯大林,苏联哲学/苏联哲学教条化与斯大林.md,高,113.0,已列入原主题页重点卡片；命中主题种子词：斯大林；主题词重合：斯大林；主题域增强：斯大林,斯大林 哲学著作 贡献 不足(22.69)；苏联哲学 教条化 斯大林(20.77)；生产力 生产关系 斯大林(18.85)；辩证唯物主义 历史唯物主义 斯大林(18.12)；斯大林 辩证唯物主义 历史唯物主义(18.12),0788_斯大林_哲学著作_贡献_不足.md；0790_苏联哲学_教条化_斯大林.md；0906_生产力_生产关系_斯大林.md；0787_辩证唯物主义_历史唯物主义_斯大林.md；0899_斯大林_辩证唯物主义_历史唯物主义.md,,斯大林、哲学、火药味,苏联哲学70年；马克思主义哲学史(第五卷)；二十世纪上半叶马克思主义哲学中国化之检视_王玉平,87-81；24-26；154,是,可按主题页优先检索,先查主题页《苏联哲学教条化与斯大林》，再在 T3/T10 中检索：斯大林|哲学|火药味,否
790,苏联哲学 教条化 斯大林,0790_苏联哲学_教条化_斯大林.md,3,38.2,苏联哲学,苏联哲学教条化与斯大林,苏联哲学/苏联哲学教条化与斯大林.md,高,144.0,已列入原主题页重点卡片；命中主题种子词：苏联哲学、斯大林、教条化；主题词重合：苏联哲学、教条化、斯大林；主题域增强：苏联、斯大林、教条化,斯大林时代 苏联哲学(30.42)；后斯大林时期 苏联哲学(29.62)；苏联哲学 教条主义 经验教训(28.33)；苏联哲学 教科书模式 影响中国(25.88)；拨乱反正 苏联哲学(25.77),0786_斯大林时代_苏联哲学.md；0794_后斯大林时期_苏联哲学.md；0807_苏联哲学_教条主义_经验教训.md；0811_苏联哲学_教科书模式_影响中国.md；0795_拨乱反正_苏联哲学.md,,苏联哲学、教条化、斯大林,苏联哲学70年；马克思主义哲学史(第五卷)；“新哲学”大众化运动研究,80-84；472-473；94,是,可按主题页优先检索,先查主题页《苏联哲学教条化与斯大林》，再在 T3/T10 中检索：苏联哲学|教条化|斯大林,否
791,1947年 哲学讨论会 苏联,0791_1947年_哲学讨论会_苏联.md,3,44.8,苏联哲学,苏联哲学与共产国际,苏联哲学/苏联哲学与共产国际.md,低,13.0,自动主题组匹配：苏联,苏联 哲学讨论会 哲学史对象(42.81)；哲学 党性 苏联(13.57)；资产阶级哲学 苏联 哲学斗争(12.63)；马克思主义哲学 传播 苏联(12.63)；哲学领域 无产阶级专政 苏联(12.5),0903_苏联_哲学讨论会_哲学史对象.md；0782_哲学_党性_苏联.md；0771_资产阶级哲学_苏联_哲学斗争.md；0785_马克思主义哲学_传播_苏联.md；0770_哲学领域_无产阶级专政_苏联.md,,1947年、哲学讨论会、苏联,苏联哲学70年；马克思主义哲学史(第五卷)；中国马克思主义哲学教科书编写之起步、发展与演化（1922—1949）,105-109；472-473；9,是,先核验原卡片再使用,先查主题页《苏联哲学与共产国际》，再在 T3/T10 中检索：1947年|哲学讨论会|苏联,否
792,马克思主义和语言学问题 斯大林,0792_马克思主义和语言学问题_斯大林.md,3,50.62,苏联哲学,苏联哲学教条化与斯大林,苏联哲学/苏联哲学教条化与斯大林.md,高,113.0,已列入原主题页重点卡片；命中主题种子词：斯大林；主题词重合：斯大林；主题域增强：斯大林,斯大林 语言学问题 经济基础 上层建筑(21.82)；苏联社会主义经济问题 斯大林(21.25)；辩证唯物主义 历史唯物主义 斯大林(18.57)；斯大林 辩证唯物主义 历史唯物主义(18.57)；斯大林 哲学 火药味(17.78),0904_斯大林_语言学问题_经济基础_上层建筑.md；0793_苏联社会主义经济问题_斯大林.md；0787_辩证唯物主义_历史唯物主义_斯大林.md；0899_斯大林_辩证唯物主义_历史唯物主义.md；0789_斯大林_哲学_火药味.md,,马克思主义和语言学问题、斯大林,中国文化与马克思主义；苏联哲学70年；马克思主义哲学史教程,124；117；494-495,是,可按主题页优先检索,先查主题页《苏联哲学教条化与斯大林》，再在 T3/T10 中检索：马克思主义和语言学问题|斯大林,否
793,苏联社会主义经济问题 斯大林,0793_苏联社会主义经济问题_斯大林.md,3,49.92,苏联哲学,苏联哲学教条化与斯大林,苏联哲学/苏联哲学教条化与斯大林.md,高,117.0,已列入原主题页重点卡片；命中主题种子词：斯大林；主题词重合：斯大林；主题域增强：苏联、斯大林,马克思主义和语言学问题 斯大林(21.25)；斯大林 语言学问题 经济基础 上层建筑(19.35)；苏联哲学 教条化 斯大林(19.17)；辩证唯物主义 历史唯物主义 斯大林(18.75)；斯大林 辩证唯物主义 历史唯物主义(18.75),0792_马克思主义和语言学问题_斯大林.md；0904_斯大林_语言学问题_经济基础_上层建筑.md；0790_苏联哲学_教条化_斯大林.md；0787_辩证唯物主义_历史唯物主义_斯大林.md；0899_斯大林_辩证唯物主义_历史唯物主义.md,,苏联社会主义经济问题、斯大林,马列著作在中国的出版；苏联哲学70年；马克思主义哲学史教程,267；117-121；494-495,是,可按主题页优先检索,先查主题页《苏联哲学教条化与斯大林》，再在 T3/T10 中检索：苏联社会主义经济问题|斯大林,否
794,后斯大林时期 苏联哲学,0794_后斯大林时期_苏联哲学.md,3,37.2,苏联哲学,后斯大林时期苏联哲学反思,苏联哲学/后斯大林时期苏联哲学反思.md,高,128.0,已列入原主题页重点卡片；命中主题种子词：苏联哲学、后斯大林；主题词重合：苏联哲学；主题域增强：苏联、斯大林,斯大林时代 苏联哲学(33.64)；苏联哲学 教条化 斯大林(29.62)；苏联哲学 过渡时期 成就(27.14)；苏联哲学 改革时期 反思(27.14)；苏联哲学 过渡时期 哲学斗争(26.67),0786_斯大林时代_苏联哲学.md；0790_苏联哲学_教条化_斯大林.md；0783_苏联哲学_过渡时期_成就.md；0815_苏联哲学_改革时期_反思.md；0769_苏联哲学_过渡时期_哲学斗争.md,,后斯大林时期、苏联哲学,苏联哲学70年；米丁-辩证唯物论历史唯物论下-rightToLeft；“新哲学”大众化运动研究,132；342；160,是,可按主题页优先检索,先查主题页《后斯大林时期苏联哲学反思》，再在 T3/T10 中检索：后斯大林时期|苏联哲学,否
795,拨乱反正 苏联哲学,0795_拨乱反正_苏联哲学.md,3,36.4,苏联哲学,后斯大林时期苏联哲学反思,苏联哲学/后斯大林时期苏联哲学反思.md,高,130.0,已列入原主题页重点卡片；命中主题种子词：苏联哲学、拨乱反正；主题词重合：拨乱反正、苏联哲学；主题域增强：苏联,新的困境 苏联哲学(26.82)；苏联哲学 改革浪潮(26.82)；苏联哲学 历史反思(26.82)；苏联哲学 存在问题(26.82)；苏联哲学 问题根源(26.82),0796_新的困境_苏联哲学.md；0800_苏联哲学_改革浪潮.md；0801_苏联哲学_历史反思.md；0802_苏联哲学_存在问题.md；0803_苏联哲学_问题根源.md,,拨乱反正、苏联哲学,苏联哲学70年；米丁-辩证唯物论历史唯物论下-rightToLeft；中国文化与马克思主义,136-139；342；5,是,可按主题页优先检索,先查主题页《后斯大林时期苏联哲学反思》，再在 T3/T10 中检索：拨乱反正|苏联哲学,否
796,新的困境 苏联哲学,0796_新的困境_苏联哲学.md,3,31.6,苏联哲学,苏联哲学与共产国际,苏联哲学/苏联哲学与共产国际.md,低,21.0,自动主题组匹配：苏联,拨乱反正 苏联哲学(26.82)；苏联哲学 改革浪潮(26.82)；苏联哲学 历史反思(26.82)；苏联哲学 存在问题(26.82)；苏联哲学 问题根源(26.82),0795_拨乱反正_苏联哲学.md；0800_苏联哲学_改革浪潮.md；0801_苏联哲学_历史反思.md；0802_苏联哲学_存在问题.md；0803_苏联哲学_问题根源.md,,新的困境、苏联哲学,苏联哲学70年；米丁-辩证唯物论历史唯物论下-rightToLeft；“新哲学”大众化运动研究,132；342；160,是,先核验原卡片再使用,先查主题页《苏联哲学与共产国际》，再在 T3/T10 中检索：新的困境|苏联哲学,否
797,苏联哲学 分歧 实质 讨论,0797_苏联哲学_分歧_实质_讨论.md,3,42.0,苏联哲学,苏联哲学与共产国际,苏联哲学/苏联哲学与共产国际.md,低,21.0,自动主题组匹配：苏联,拨乱反正 苏联哲学(25.77)；新的困境 苏联哲学(25.77)；苏联哲学 改革浪潮(25.77)；苏联哲学 历史反思(25.77)；苏联哲学 存在问题(25.77),0795_拨乱反正_苏联哲学.md；0796_新的困境_苏联哲学.md；0800_苏联哲学_改革浪潮.md；0801_苏联哲学_历史反思.md；0802_苏联哲学_存在问题.md,,苏联哲学、分歧、实质、讨论,苏联哲学70年；马克思主义哲学史(第五卷)；列宁选集第一卷_2012,68-71；447-448；509,是,先核验原卡片再使用,先查主题页《苏联哲学与共产国际》，再在 T3/T10 中检索：苏联哲学|分歧|实质|讨论,否
798,苏联哲学 人文化倾向,0798_苏联哲学_人文化倾向.md,3,38.4,苏联哲学,后斯大林时期苏联哲学反思,苏联哲学/后斯大林时期苏联哲学反思.md,高,130.0,已列入原主题页重点卡片；命中主题种子词：苏联哲学、人文化倾向；主题词重合：苏联哲学、人文化倾向；主题域增强：苏联,苏联哲学 人文化倾向 中国参考(61.67)；哲学理论 发展 人文化倾向(34.62)；苏联哲学 人的问题 崛起(27.69)；拨乱反正 苏联哲学(26.25)；新的困境 苏联哲学(26.25),0820_苏联哲学_人文化倾向_中国参考.md；1014_哲学理论_发展_人文化倾向.md；0814_苏联哲学_人的问题_崛起.md；0795_拨乱反正_苏联哲学.md；0796_新的困境_苏联哲学.md,,苏联哲学、人文化倾向,苏联哲学70年；米丁-辩证唯物论历史唯物论下-rightToLeft；“新哲学”大众化运动研究,203-204；342；160,是,可按主题页优先检索,先查主题页《后斯大林时期苏联哲学反思》，再在 T3/T10 中检索：苏联哲学|人文化倾向,否
799,人的问题 苏联哲学 崛起,0799_人的问题_苏联哲学_崛起.md,3,53.0,苏联哲学,后斯大林时期苏联哲学反思,苏联哲学/后斯大林时期苏联哲学反思.md,高,130.0,已列入原主题页重点卡片；命中主题种子词：苏联哲学、人的问题；主题词重合：人的问题、苏联哲学；主题域增强：苏联,苏联哲学 人的问题 崛起(65.91)；苏联哲学 存在问题(28.33)；苏联哲学 问题根源(28.33)；苏联哲学 学术自主性 问题(26.67)；拨乱反正 苏联哲学(25.77),0814_苏联哲学_人的问题_崛起.md；0802_苏联哲学_存在问题.md；0803_苏联哲学_问题根源.md；0813_苏联哲学_学术自主性_问题.md；0795_拨乱反正_苏联哲学.md,,人的问题、苏联哲学、崛起,苏联哲学70年；马克思主义哲学在中国：传播、应用、形态、前景；马克思主义哲学史(第五卷),217-221；262-264；472-473,是,可按主题页优先检索,先查主题页《后斯大林时期苏联哲学反思》，再在 T3/T10 中检索：人的问题|苏联哲学|崛起,否
800,苏联哲学 改革浪潮,0800_苏联哲学_改革浪潮.md,3,29.6,苏联哲学,后斯大林时期苏联哲学反思,苏联哲学/后斯大林时期苏联哲学反思.md,高,121.0,已列入原主题页重点卡片；命中主题种子词：苏联哲学、改革；主题词重合：苏联哲学；主题域增强：苏联,苏联哲学 改革时期 反思(31.36)；苏联哲学 50年代 60年代 改革(27.14)；拨乱反正 苏联哲学(26.82)；新的困境 苏联哲学(26.82)；苏联哲学 历史反思(26.82),0815_苏联哲学_改革时期_反思.md；0831_苏联哲学_50年代_60年代_改革.md；0795_拨乱反正_苏联哲学.md；0796_新的困境_苏联哲学.md；0801_苏联哲学_历史反思.md,,苏联哲学、改革浪潮,苏联哲学70年；米丁-辩证唯物论历史唯物论下-rightToLeft；“新哲学”大众化运动研究,228；342；160,是,可按主题页优先检索,先查主题页《后斯大林时期苏联哲学反思》，再在 T3/T10 中检索：苏联哲学|改革浪潮,否
801,苏联哲学 历史反思,0801_苏联哲学_历史反思.md,3,33.2,苏联哲学,后斯大林时期苏联哲学反思,苏联哲学/后斯大林时期苏联哲学反思.md,高,130.0,已列入原主题页重点卡片；命中主题种子词：苏联哲学、历史反思；主题词重合：苏联哲学、历史反思；主题域增强：苏联,苏联哲学 改革时期 反思(28.33)；拨乱反正 苏联哲学(26.82)；新的困境 苏联哲学(26.82)；苏联哲学 改革浪潮(26.82)；苏联哲学 存在问题(26.82),0815_苏联哲学_改革时期_反思.md；0795_拨乱反正_苏联哲学.md；0796_新的困境_苏联哲学.md；0800_苏联哲学_改革浪潮.md；0802_苏联哲学_存在问题.md,,苏联哲学、历史反思,苏联哲学70年；米丁-辩证唯物论历史唯物论下-rightToLeft；“新哲学”大众化运动研究,247-248；342；160,是,可按主题页优先检索,先查主题页《后斯大林时期苏联哲学反思》，再在 T3/T10 中检索：苏联哲学|历史反思,否
802,苏联哲学 存在问题,0802_苏联哲学_存在问题.md,3,32.0,苏联哲学,苏联哲学与共产国际,苏联哲学/苏联哲学与共产国际.md,低,21.0,自动主题组匹配：苏联,苏联哲学 问题根源(30.0)；人的问题 苏联哲学 崛起(28.33)；苏联哲学 人的问题 崛起(28.33)；苏联哲学 学术自主性 问题(27.69)；拨乱反正 苏联哲学(26.82),0803_苏联哲学_问题根源.md；0799_人的问题_苏联哲学_崛起.md；0814_苏联哲学_人的问题_崛起.md；0813_苏联哲学_学术自主性_问题.md；0795_拨乱反正_苏联哲学.md,,苏联哲学、存在问题,苏联哲学70年；马克思主义哲学史教程；米丁-辩证唯物论历史唯物论下-rightToLeft,154-156；399-401；342,是,先核验原卡片再使用,先查主题页《苏联哲学与共产国际》，再在 T3/T10 中检索：苏联哲学|存在问题,否
803,苏联哲学 问题根源,0803_苏联哲学_问题根源.md,3,27.16,苏联哲学,苏联哲学与共产国际,苏联哲学/苏联哲学与共产国际.md,低,21.0,自动主题组匹配：苏联,苏联哲学 存在问题(30.0)；人的问题 苏联哲学 崛起(28.33)；苏联哲学 人的问题 崛起(28.33)；苏联哲学 学术自主性 问题(27.69)；拨乱反正 苏联哲学(26.82),0802_苏联哲学_存在问题.md；0799_人的问题_苏联哲学_崛起.md；0814_苏联哲学_人的问题_崛起.md；0813_苏联哲学_学术自主性_问题.md；0795_拨乱反正_苏联哲学.md,,苏联哲学,米丁-辩证唯物论历史唯物论下-rightToLeft；“新哲学”大众化运动研究；继承五四和扬弃五四,342；160；68,是,先核验原卡片再使用,先查主题页《苏联哲学与共产国际》，再在 T3/T10 中检索：苏联哲学|问题根源,否
804,苏联哲学 振兴途径,0804_苏联哲学_振兴途径.md,3,27.16,苏联哲学,苏联哲学与共产国际,苏联哲学/苏联哲学与共产国际.md,低,21.0,自动主题组匹配：苏联,拨乱反正 苏联哲学(26.82)；新的困境 苏联哲学(26.82)；苏联哲学 改革浪潮(26.82)；苏联哲学 历史反思(26.82)；苏联哲学 存在问题(26.82),0795_拨乱反正_苏联哲学.md；0796_新的困境_苏联哲学.md；0800_苏联哲学_改革浪潮.md；0801_苏联哲学_历史反思.md；0802_苏联哲学_存在问题.md,,苏联哲学,米丁-辩证唯物论历史唯物论下-rightToLeft；“新哲学”大众化运动研究；继承五四和扬弃五四,342；160；68,是,先核验原卡片再使用,先查主题页《苏联哲学与共产国际》，再在 T3/T10 中检索：苏联哲学|振兴途径,否
805,哲学与政治 苏联哲学,0805_哲学与政治_苏联哲学.md,3,46.74,苏联哲学,苏联哲学与共产国际,苏联哲学/苏联哲学与共产国际.md,低,21.0,自动主题组匹配：苏联,苏联哲学 哲学与政治 关系(60.0)；苏联哲学 政治化 经验教训(27.69)；拨乱反正 苏联哲学(26.82)；新的困境 苏联哲学(26.82)；苏联哲学 改革浪潮(26.82),0810_苏联哲学_哲学与政治_关系.md；0808_苏联哲学_政治化_经验教训.md；0795_拨乱反正_苏联哲学.md；0796_新的困境_苏联哲学.md；0800_苏联哲学_改革浪潮.md,,哲学与政治、苏联哲学,“新哲学”大众化运动研究；《实践论》和《矛盾论》对马克思主义哲学中国化的启示_许全兴；苏联哲学70年,90；4；270-274,是,先核验原卡片再使用,先查主题页《苏联哲学与共产国际》，再在 T3/T10 中检索：哲学与政治|苏联哲学,否
806,苏联哲学 70年 经验教训,0806_苏联哲学_70年_经验教训.md,3,45.6,苏联哲学,苏联哲学与共产国际,苏联哲学/苏联哲学与共产国际.md,低,21.0,自动主题组匹配：苏联,苏联哲学 政治化 经验教训(50.71)；苏联哲学 教条主义 经验教训(50.0)；苏联哲学 70年代 80年代 新思维(29.38)；苏联哲学 20年代 30年代 论战(25.88)；苏联哲学 50年代 60年代 改革(25.88),0808_苏联哲学_政治化_经验教训.md；0807_苏联哲学_教条主义_经验教训.md；0832_苏联哲学_70年代_80年代_新思维.md；0829_苏联哲学_20年代_30年代_论战.md；0831_苏联哲学_50年代_60年代_改革.md,,苏联哲学、70年、经验教训,苏联哲学70年；二十世纪上半叶马克思主义哲学中国化之检视_王玉平；《实践论》和《矛盾论》对马克思主义哲学中国化的启示_许全兴,270-274；154；4,是,先核验原卡片再使用,先查主题页《苏联哲学与共产国际》，再在 T3/T10 中检索：苏联哲学|70年|经验教训,否
807,苏联哲学 教条主义 经验教训,0807_苏联哲学_教条主义_经验教训.md,3,39.4,苏联哲学,苏联哲学教条化与斯大林,苏联哲学/苏联哲学教条化与斯大林.md,高,130.0,已列入原主题页重点卡片；命中主题种子词：苏联哲学、教条主义；主题词重合：苏联哲学、教条主义；主题域增强：苏联,苏联哲学 70年 经验教训(50.0)；苏联哲学 政治化 经验教训(50.0)；苏联哲学 教条化 斯大林(28.33)；主观主义 教条主义 经验主义(28.33)；马克思主义哲学 传播特点 经验教训(26.25),0806_苏联哲学_70年_经验教训.md；0808_苏联哲学_政治化_经验教训.md；0790_苏联哲学_教条化_斯大林.md；1338_主观主义_教条主义_经验主义.md；0056_马克思主义哲学_传播特点_经验教训.md,,苏联哲学、教条主义、经验教训,苏联哲学70年；马克思主义哲学史(第五卷)；马克思主义哲学在中国：传播、应用、形态、前景,270-274；468；259-262,是,可按主题页优先检索,先查主题页《苏联哲学教条化与斯大林》，再在 T3/T10 中检索：苏联哲学|教条主义|经验教训,否
808,苏联哲学 政治化 经验教训,0808_苏联哲学_政治化_经验教训.md,3,38.36,苏联哲学,苏联哲学与共产国际,苏联哲学/苏联哲学与共产国际.md,低,21.0,自动主题组匹配：苏联,苏联哲学 70年 经验教训(50.71)；苏联哲学 教条主义 经验教训(50.0)；哲学与政治 苏联哲学(27.69)；苏联哲学 哲学与政治 关系(26.67)；苏联经济建设 经验教训 认识(25.88),0806_苏联哲学_70年_经验教训.md；0807_苏联哲学_教条主义_经验教训.md；0805_哲学与政治_苏联哲学.md；0810_苏联哲学_哲学与政治_关系.md；0908_苏联经济建设_经验教训_认识.md,,苏联哲学、经验教训,苏联哲学70年；二十世纪上半叶马克思主义哲学中国化之检视_王玉平；《实践论》和《矛盾论》对马克思主义哲学中国化的启示_许全兴,140-143；154；4,是,先核验原卡片再使用,先查主题页《苏联哲学与共产国际》，再在 T3/T10 中检索：苏联哲学|政治化|经验教训,否
809,苏联哲学 党性原则 学术研究,0809_苏联哲学_党性原则_学术研究.md,3,37.3,苏联哲学,苏联哲学与共产国际,苏联哲学/苏联哲学与共产国际.md,低,21.0,自动主题组匹配：苏联,哲学 党性原则 批判继承(28.33)；苏联哲学 学术自主性 问题(25.88)；拨乱反正 苏联哲学(25.0)；新的困境 苏联哲学(25.0)；苏联哲学 改革浪潮(25.0),1280_哲学_党性原则_批判继承.md；0813_苏联哲学_学术自主性_问题.md；0795_拨乱反正_苏联哲学.md；0796_新的困境_苏联哲学.md；0800_苏联哲学_改革浪潮.md,,苏联哲学、党性原则、学术研究,马克思主义哲学史(第五卷)；苏联哲学70年；《实践论》和《矛盾论》对马克思主义哲学中国化的启示_许全兴,389；101-105；4,是,先核验原卡片再使用,先查主题页《苏联哲学与共产国际》，再在 T3/T10 中检索：苏联哲学|党性原则|学术研究,否
810,苏联哲学 哲学与政治 关系,0810_苏联哲学_哲学与政治_关系.md,3,49.15,苏联哲学,苏联哲学与共产国际,苏联哲学/苏联哲学与共产国际.md,低,21.0,自动主题组匹配：苏联,哲学与政治 苏联哲学(60.0)；苏联哲学 政治化 经验教训(26.67)；拨乱反正 苏联哲学(25.77)；新的困境 苏联哲学(25.77)；苏联哲学 改革浪潮(25.77),0805_哲学与政治_苏联哲学.md；0808_苏联哲学_政治化_经验教训.md；0795_拨乱反正_苏联哲学.md；0796_新的困境_苏联哲学.md；0800_苏联哲学_改革浪潮.md,,苏联哲学、哲学与政治、关系,苏联哲学70年；“新哲学”大众化运动研究；《实践论》和《矛盾论》对马克思主义哲学中国化的启示_许全兴,270-274；90；4,是,先核验原卡片再使用,先查主题页《苏联哲学与共产国际》，再在 T3/T10 中检索：苏联哲学|哲学与政治|关系,否
811,苏联哲学 教科书模式 影响中国,0811_苏联哲学_教科书模式_影响中国.md,3,52.87,苏联哲学,苏联哲学与共产国际,苏联哲学/苏联哲学与共产国际.md,低,24.0,自动主题组匹配：苏联,苏联哲学 对中国哲学界影响(27.35)；苏联哲学 教条化 斯大林(25.88)；苏联哲学 教条主义 经验教训(25.26)；苏联哲学 人文化倾向 中国参考(25.0)；拨乱反正 苏联哲学(24.69),0816_苏联哲学_对中国哲学界影响.md；0790_苏联哲学_教条化_斯大林.md；0807_苏联哲学_教条主义_经验教训.md；0820_苏联哲学_人文化倾向_中国参考.md；0795_拨乱反正_苏联哲学.md,,苏联哲学、教科书模式、影响中国,马克思主义中国化研究的历史、现状与方法论_郭建宁；《大众哲学》_马克思主义哲学大众化的经典范本_张立波；马克思主义哲学在中国的传播与马克思主义哲学中国化,7；6；4,是,先核验原卡片再使用,先查主题页《苏联哲学与共产国际》，再在 T3/T10 中检索：苏联哲学|教科书模式|影响中国,否
812,苏联哲学 意识形态功能,0812_苏联哲学_意识形态功能.md,3,28.76,理论方法,哲学基本范畴与辩证法原理,理论方法/哲学基本范畴与辩证法原理.md,低,21.0,自动主题组匹配：意识,拨乱反正 苏联哲学(25.77)；新的困境 苏联哲学(25.77)；苏联哲学 改革浪潮(25.77)；苏联哲学 历史反思(25.77)；苏联哲学 存在问题(25.77),0795_拨乱反正_苏联哲学.md；0796_新的困境_苏联哲学.md；0800_苏联哲学_改革浪潮.md；0801_苏联哲学_历史反思.md；0802_苏联哲学_存在问题.md,,意识形态功能、苏联哲学,中国文化与马克思主义；马克思主义哲学中国化理论与历史；米丁-辩证唯物论历史唯物论下-rightToLeft,26；361；342,是,先核验原卡片再使用,先查主题页《哲学基本范畴与辩证法原理》，再在 T3/T10 中检索：苏联哲学|意识形态功能,否
813,苏联哲学 学术自主性 问题,0813_苏联哲学_学术自主性_问题.md,3,37.33,苏联哲学,苏联哲学与共产国际,苏联哲学/苏联哲学与共产国际.md,低,21.0,自动主题组匹配：苏联,苏联哲学 存在问题(27.69)；苏联哲学 问题根源(27.69)；人的问题 苏联哲学 崛起(26.67)；苏联哲学 人的问题 崛起(26.67)；苏联哲学 党性原则 学术研究(25.88),0802_苏联哲学_存在问题.md；0803_苏联哲学_问题根源.md；0799_人的问题_苏联哲学_崛起.md；0814_苏联哲学_人的问题_崛起.md；0809_苏联哲学_党性原则_学术研究.md,,苏联哲学、问题,苏联哲学70年；马克思主义哲学史教程；米丁-辩证唯物论历史唯物论下-rightToLeft,217-221；399；342,是,先核验原卡片再使用,先查主题页《苏联哲学与共产国际》，再在 T3/T10 中检索：苏联哲学|学术自主性|问题,否
814,苏联哲学 人的问题 崛起,0814_苏联哲学_人的问题_崛起.md,3,53.0,苏联哲学,后斯大林时期苏联哲学反思,苏联哲学/后斯大林时期苏联哲学反思.md,高,130.0,已列入原主题页重点卡片；命中主题种子词：苏联哲学、人的问题；主题词重合：苏联哲学、人的问题；主题域增强：苏联,人的问题 苏联哲学 崛起(65.91)；苏联哲学 存在问题(28.33)；苏联哲学 问题根源(28.33)；苏联哲学 人文化倾向(27.69)；苏联哲学 学术自主性 问题(26.67),0799_人的问题_苏联哲学_崛起.md；0802_苏联哲学_存在问题.md；0803_苏联哲学_问题根源.md；0798_苏联哲学_人文化倾向.md；0813_苏联哲学_学术自主性_问题.md,,苏联哲学、人的问题、崛起,苏联哲学70年；马克思主义哲学在中国：传播、应用、形态、前景；马克思主义哲学史(第五卷),217-221；262-264；472-473,是,可按主题页优先检索,先查主题页《后斯大林时期苏联哲学反思》，再在 T3/T10 中检索：苏联哲学|人的问题|崛起,否
815,苏联哲学 改革时期 反思,0815_苏联哲学_改革时期_反思.md,2,35.33,苏联哲学,后斯大林时期苏联哲学反思,苏联哲学/后斯大林时期苏联哲学反思.md,高,121.0,已列入原主题页重点卡片；命中主题种子词：苏联哲学、改革；主题词重合：苏联哲学；主题域增强：苏联,苏联哲学 改革浪潮(31.36)；苏联哲学 历史反思(28.33)；苏联哲学 过渡时期 成就(27.14)；后斯大林时期 苏联哲学(27.14)；苏联哲学 过渡时期 哲学斗争(26.67),0800_苏联哲学_改革浪潮.md；0801_苏联哲学_历史反思.md；0783_苏联哲学_过渡时期_成就.md；0794_后斯大林时期_苏联哲学.md；0769_苏联哲学_过渡时期_哲学斗争.md,,苏联哲学、反思,苏联哲学70年；马克思主义哲学中国化的若干新思考,270-274；1,是,可按主题页优先检索,先查主题页《后斯大林时期苏联哲学反思》，再在 T3/T10 中检索：苏联哲学|改革时期|反思,否
816,苏联哲学 对中国哲学界影响,0816_苏联哲学_对中国哲学界影响.md,3,29.99,中国哲学传统,中国哲学传统与现代转型,中国哲学传统/中国哲学传统与现代转型.md,低,21.0,自动主题组匹配：中国哲学,苏联哲学 教科书模式 影响中国(27.35)；苏联哲学 人文化倾向 中国参考(25.56)；拨乱反正 苏联哲学(25.36)；新的困境 苏联哲学(25.36)；苏联哲学 改革浪潮(25.36),0811_苏联哲学_教科书模式_影响中国.md；0820_苏联哲学_人文化倾向_中国参考.md；0795_拨乱反正_苏联哲学.md；0796_新的困境_苏联哲学.md；0800_苏联哲学_改革浪潮.md,,对中国哲学界影响、苏联哲学,中国马克思主义哲学教科书编写之起步、发展与演化（1922—1949）；米丁-辩证唯物论历史唯物论下-rightToLeft；“新哲学”大众化运动研究,8；342；160,是,先核验原卡片再使用,先查主题页《中国哲学传统与现代转型》，再在 T3/T10 中检索：苏联哲学|对中国哲学界影响,否
817,苏联哲学 机械论 辩证论 论争 启示,0817_苏联哲学_机械论_辩证论_论争_启示.md,3,40.8,苏联哲学,30年代苏联哲学批判运动,苏联哲学/30年代苏联哲学批判运动.md,高,140.0,已列入原主题页重点卡片；命中主题种子词：苏联哲学、机械论、论争；主题词重合：苏联哲学、机械论、论争；主题域增强：苏联、机械论,苏联哲学 机械论者 辩证论者 论争(44.06)；苏联哲学 机械论者 辩证论者(33.33)；机械论派 辩证论者 苏联哲学(30.29)；拨乱反正 苏联哲学(24.41)；新的困境 苏联哲学(24.41),0893_苏联哲学_机械论者_辩证论者_论争.md；0830_苏联哲学_机械论者_辩证论者.md；0777_机械论派_辩证论者_苏联哲学.md；0795_拨乱反正_苏联哲学.md；0796_新的困境_苏联哲学.md,,苏联哲学、机械论、辩证论、论争,马克思主义哲学史(第五卷)；马克思主义哲学史教程；马克思主义哲学史（第六卷,378-379；302-303,是,可按主题页优先检索,先查主题页《30年代苏联哲学批判运动》，再在 T3/T10 中检索：苏联哲学|机械论|辩证论|论争|启示,否
818,德波林派 批判 对中国影响,0818_德波林派_批判_对中国影响.md,3,36.06,苏联哲学,德波林派与机械论派论争,苏联哲学/德波林派与机械论派论争.md,高,115.0,已列入原主题页重点卡片；命中主题种子词：德波林派、德波林；主题词重合：德波林派,德波林派 批判 教训(30.42)；德波林派 机械论派 论战(24.69)；德波林派 黑格尔 辩证法(24.69)；批判德波林 苏联哲学(5.0)；德波林学派 批判 积极意义 消极后果(5.0),0780_德波林派_批判_教训.md；0776_德波林派_机械论派_论战.md；0779_德波林派_黑格尔_辩证法.md；0781_批判德波林_苏联哲学.md；0896_德波林学派_批判_积极意义_消极后果.md,,德波林派、批判,“新哲学”大众化运动研究；米丁-辩证唯物论与历史唯物论-上-rightToLeft；米丁-辩证唯物论历史唯物论下-rightToLeft,86；246；88,是,可按主题页优先检索,先查主题页《德波林派与机械论派论争》，再在 T3/T10 中检索：德波林派|批判|对中国影响,否
819,斯大林哲学体系 中国影响,0819_斯大林哲学体系_中国影响.md,2,24.98,苏联哲学,苏联哲学与共产国际,苏联哲学/苏联哲学与共产国际.md,低,10.0,自动主题组匹配：斯大林,苏联哲学教科书 中国影响(26.25)；实证论 非理性主义 中国影响(24.17)；列宁 东方民族革命理论 中国影响(23.75)；斯大林 哲学 火药味(7.69)；斯大林 哲学著作 贡献 不足(6.25),0861_苏联哲学教科书_中国影响.md；1509_实证论_非理性主义_中国影响.md；0846_列宁_东方民族革命理论_中国影响.md；0789_斯大林_哲学_火药味.md；0788_斯大林_哲学著作_贡献_不足.md,,中国影响,“新理学”批判的批判；马列著作在中国的出版,4；472,是,先核验原卡片再使用,先查主题页《苏联哲学与共产国际》，再在 T3/T10 中检索：斯大林哲学体系|中国影响,否
820,苏联哲学 人文化倾向 中国参考,0820_苏联哲学_人文化倾向_中国参考.md,1,35.73,苏联哲学,后斯大林时期苏联哲学反思,苏联哲学/后斯大林时期苏联哲学反思.md,高,130.0,已列入原主题页重点卡片；命中主题种子词：苏联哲学、人文化倾向；主题词重合：苏联哲学、人文化倾向；主题域增强：苏联,苏联哲学 人文化倾向(61.67)；哲学理论 发展 人文化倾向(32.35)；苏联哲学 人的问题 崛起(25.88)；苏联哲学 对中国哲学界影响(25.56)；苏联哲学 教科书模式 影响中国(25.0),0798_苏联哲学_人文化倾向.md；1014_哲学理论_发展_人文化倾向.md；0814_苏联哲学_人的问题_崛起.md；0816_苏联哲学_对中国哲学界影响.md；0811_苏联哲学_教科书模式_影响中国.md,,苏联哲学、人文化倾向,苏联哲学70年,203-204,是,可按主题页优先检索,先查主题页《后斯大林时期苏联哲学反思》，再在 T3/T10 中检索：苏联哲学|人文化倾向|中国参考,否
821,马克思主义哲学 历史使命 苏联经验,0821_马克思主义哲学_历史使命_苏联经验.md,3,44.97,理论方法,马克思恩格斯经典文本与哲学关系,理论方法/马克思恩格斯经典文本与哲学关系.md,低,10.0,自动主题组匹配：马克思,马克思主义哲学 传播 苏联(45.29)；苏联 第三渠道 马克思主义哲学(44.21)；马克思主义哲学 中国哲学(43.82)；马克思主义哲学 从苏联传入 中国(43.75)；苏联 教科书形态 马克思主义哲学(43.75),0785_马克思主义哲学_传播_苏联.md；0826_苏联_第三渠道_马克思主义哲学.md；1823_马克思主义哲学_中国哲学.md；0823_马克思主义哲学_从苏联传入_中国.md；0824_苏联_教科书形态_马克思主义哲学.md,,马克思主义哲学、历史使命,苏联哲学70年；马克思主义哲学中国化理论与历史；二十世纪上半叶马克思主义哲学中国化之检视_王玉平,296-298；472；49,是,先核验原卡片再使用,先查主题页《马克思恩格斯经典文本与哲学关系》，再在 T3/T10 中检索：马克思主义哲学|历史使命|苏联经验,否
822,马克思主义哲学 日本 欧洲 苏联 三个方向,0822_马克思主义哲学_日本_欧洲_苏联_三个方向.md,3,52.0,理论方法,马克思恩格斯经典文本与哲学关系,理论方法/马克思恩格斯经典文本与哲学关系.md,低,13.0,自动主题组匹配：马克思,马克思主义哲学 传播 苏联(54.21)；日本 第一渠道 马克思主义哲学(53.33)；欧洲 第二渠道 马克思主义哲学(53.33)；日本 中转 马克思主义哲学 中国(53.33)；日本 马克思主义哲学 启蒙老师(53.33),0785_马克思主义哲学_传播_苏联.md；0061_日本_第一渠道_马克思主义哲学.md；0062_欧洲_第二渠道_马克思主义哲学.md；0078_日本_中转_马克思主义哲学_中国.md；0122_日本_马克思主义哲学_启蒙老师.md,,马克思主义哲学、日本、欧洲、苏联,马克思主义哲学在中国：传播、应用、形态、前景；马克思主义哲学在中国传播与发展的百年历史（上）；马克思主义哲学中国化的历史进程,未识别；58-60；2,是,先核验原卡片再使用,先查主题页《马克思恩格斯经典文本与哲学关系》，再在 T3/T10 中检索：马克思主义哲学|日本|欧洲|苏联|三个方向,否
823,马克思主义哲学 从苏联传入 中国,0823_马克思主义哲学_从苏联传入_中国.md,3,59.08,苏联哲学,苏联哲学对中国马克思主义哲学的影响,苏联哲学/苏联哲学对中国马克思主义哲学的影响.md,高,110.0,已列入原主题页重点卡片；命中主题种子词：苏联、传入；主题域增强：苏联,马克思主义哲学 从日本传入 中国(50.62)；马克思主义哲学 从欧洲传入 中国(50.62)；马克思主义哲学 传入中国 渠道(49.06)；马克思主义哲学 中国哲学(46.67)；苏联哲学模式 中国 马克思主义哲学(46.11),0048_马克思主义哲学_从日本传入_中国.md；0050_马克思主义哲学_从欧洲传入_中国.md；0060_马克思主义哲学_传入中国_渠道.md；1823_马克思主义哲学_中国哲学.md；0825_苏联哲学模式_中国_马克思主义哲学.md,,马克思主义哲学、从苏联传入、中国,马克思主义哲学在中国：传播、应用、形态、前景；以新的哲学观重新观照马克思主义哲学中国化的历史；百年中国哲学革命,未识别；2；8-10,是,可按主题页优先检索,先查主题页《苏联哲学对中国马克思主义哲学的影响》，再在 T3/T10 中检索：马克思主义哲学|从苏联传入|中国,否
824,苏联 教科书形态 马克思主义哲学,0824_苏联_教科书形态_马克思主义哲学.md,3,47.4,苏联哲学,苏联哲学对中国马克思主义哲学的影响,苏联哲学/苏联哲学对中国马克思主义哲学的影响.md,高,116.0,已列入原主题页重点卡片；命中主题种子词：教科书、苏联；主题词重合：苏联；主题域增强：苏联,教科书形态 马克思主义哲学(81.15)；马克思主义哲学 传播 苏联(55.94)；苏联 第三渠道 马克思主义哲学(54.72)；马克思主义哲学 日本 欧洲 苏联 三个方向(52.95)；马克思主义哲学 教科书形式 传播(48.24),0925_教科书形态_马克思主义哲学.md；0785_马克思主义哲学_传播_苏联.md；0826_苏联_第三渠道_马克思主义哲学.md；0822_马克思主义哲学_日本_欧洲_苏联_三个方向.md；0096_马克思主义哲学_教科书形式_传播.md,,苏联、教科书形态、马克思主义哲学,马克思主义哲学在中国：传播、应用、形态、前景；马克思主义哲学史教程；“新哲学”大众化运动研究,未识别；365-370；43,是,可按主题页优先检索,先查主题页《苏联哲学对中国马克思主义哲学的影响》，再在 T3/T10 中检索：苏联|教科书形态|马克思主义哲学,否
825,苏联哲学模式 中国 马克思主义哲学,0825_苏联哲学模式_中国_马克思主义哲学.md,3,59.95,苏联哲学,苏联哲学对中国马克思主义哲学的影响,苏联哲学/苏联哲学对中国马克思主义哲学的影响.md,高,115.0,已列入原主题页重点卡片；命中主题种子词：苏联哲学、苏联；主题域增强：苏联,马克思主义哲学 中国哲学(46.67)；马克思主义哲学 从苏联传入 中国(46.11)；马克思主义哲学 传播 苏联(45.94)；李达 马克思主义哲学 中国化(45.29)；马克思主义哲学 中国哲学 结合(45.29),1823_马克思主义哲学_中国哲学.md；0823_马克思主义哲学_从苏联传入_中国.md；0785_马克思主义哲学_传播_苏联.md；0301_李达_马克思主义哲学_中国化.md；0765_马克思主义哲学_中国哲学_结合.md,,苏联哲学模式、中国、马克思主义哲学,马克思主义哲学在中国：传播、应用、形态、前景；马克思主义哲学中国化理论与历史；马克思主义哲学中国化与中国哲学的现代转型,258-259；355；3,是,可按主题页优先检索,先查主题页《苏联哲学对中国马克思主义哲学的影响》，再在 T3/T10 中检索：苏联哲学模式|中国|马克思主义哲学,否
826,苏联 第三渠道 马克思主义哲学,0826_苏联_第三渠道_马克思主义哲学.md,3,47.0,理论方法,马克思恩格斯经典文本与哲学关系,理论方法/马克思恩格斯经典文本与哲学关系.md,低,13.0,自动主题组匹配：马克思,马克思主义哲学 传播 苏联(56.67)；苏联 教科书形态 马克思主义哲学(54.72)；马克思主义哲学 日本 欧洲 苏联 三个方向(53.33)；日本 第一渠道 马克思主义哲学(47.5)；欧洲 第二渠道 马克思主义哲学(47.5),0785_马克思主义哲学_传播_苏联.md；0824_苏联_教科书形态_马克思主义哲学.md；0822_马克思主义哲学_日本_欧洲_苏联_三个方向.md；0061_日本_第一渠道_马克思主义哲学.md；0062_欧洲_第二渠道_马克思主义哲学.md,,苏联、第三渠道、马克思主义哲学,马克思主义哲学在中国：传播、应用、形态、前景；马克思主义哲学史教程；高清海先生对马克思主义哲学...理教科书的解构及其当代启示_何萍,60-63；365-370；11,是,先核验原卡片再使用,先查主题页《马克思恩格斯经典文本与哲学关系》，再在 T3/T10 中检索：苏联|第三渠道|马克思主义哲学,否
827,普列汉诺夫 辩证唯物主义 世界观,0827_普列汉诺夫_辩证唯物主义_世界观.md,3,54.28,新哲学大众化,思想方法与世界观教育,新哲学大众化/思想方法与世界观教育.md,高,109.0,已列入原主题页重点卡片；命中主题种子词：世界观；主题词重合：世界观,历史唯物主义 辩证唯物主义(37.81)；唯心主义 辩证唯物主义(37.81)；辩证唯物主义 研讨 争论(37.35)；瞿秋白 辩证唯物主义 传播(36.94)；历史唯物主义 辩证唯物主义 列宁(36.94),1707_历史唯物主义_辩证唯物主义.md；1766_唯心主义_辩证唯物主义.md；0981_辩证唯物主义_研讨_争论.md；0335_瞿秋白_辩证唯物主义_传播.md；1800_历史唯物主义_辩证唯物主义_列宁.md,,普列汉诺夫、辩证唯物主义、世界观,米丁-辩证唯物论历史唯物论下-rightToLeft；当前马克思主义研究中的五个重大问题_杨耕；米丁-辩证唯物论与历史唯物论-上-rightToLeft,241；9；99,是,可按主题页优先检索,先查主题页《思想方法与世界观教育》，再在 T3/T10 中检索：普列汉诺夫|辩证唯物主义|世界观,否
828,普列汉诺夫 唯物史观 一元论,0828_普列汉诺夫_唯物史观_一元论.md,3,50.88,苏联哲学,苏联哲学与共产国际,苏联哲学/苏联哲学与共产国际.md,低,18.0,自动主题组匹配：普列汉诺夫,普列汉诺夫 辩证唯物主义 世界观(31.58)；唯物史观 谈政治(25.36)；唯物史观 李大钊(25.36)；唯物史观 传播热潮(25.0)；李大钊 唯物史观 研究(24.69),0827_普列汉诺夫_辩证唯物主义_世界观.md；0032_唯物史观_谈政治.md；1775_唯物史观_李大钊.md；0064_唯物史观_传播热潮.md；0258_李大钊_唯物史观_研究.md,,普列汉诺夫、唯物史观、一元论,马克思主义哲学史教程；二十世纪上半叶马克思主义哲学中国化之检视_王玉平；马克思主义哲学中国化的历史进程,343；83；2,是,先核验原卡片再使用,先查主题页《苏联哲学与共产国际》，再在 T3/T10 中检索：普列汉诺夫|唯物史观|一元论,否
829,苏联哲学 20年代 30年代 论战,0829_苏联哲学_20年代_30年代_论战.md,3,44.8,苏联哲学,苏联哲学与共产国际,苏联哲学/苏联哲学与共产国际.md,低,23.0,自动主题组匹配：苏联,哲学虚无主义 苏联 20年代(27.35)；苏联哲学 50年代 60年代 改革(27.35)；苏联哲学 70年代 80年代 新思维(26.94)；苏联哲学 70年 经验教训(25.88)；拨乱反正 苏联哲学(25.0),0778_哲学虚无主义_苏联_20年代.md；0831_苏联哲学_50年代_60年代_改革.md；0832_苏联哲学_70年代_80年代_新思维.md；0806_苏联哲学_70年_经验教训.md；0795_拨乱反正_苏联哲学.md,,苏联哲学、20年代、30年代、论战,马克思主义哲学史(第五卷)；马克思主义哲学史教程；苏联哲学70年,378-379；375；72-73,是,先核验原卡片再使用,先查主题页《苏联哲学与共产国际》，再在 T3/T10 中检索：苏联哲学|20年代|30年代|论战,否
830,苏联哲学 机械论者 辩证论者,0830_苏联哲学_机械论者_辩证论者.md,3,51.92,苏联哲学,德波林派与机械论派论争,苏联哲学/德波林派与机械论派论争.md,高,138.0,已列入原主题页重点卡片；命中主题种子词：苏联哲学、机械论者、辩证论者；主题词重合：苏联哲学、机械论者、辩证论者,苏联哲学 机械论者 辩证论者 论争(80.83)；机械论派 辩证论者 苏联哲学(55.38)；机械论者 辩证论者 自然科学(50.71)；苏联哲学 机械论 辩证论 论争 启示(33.33)；机械论者 辩证法(31.36),0893_苏联哲学_机械论者_辩证论者_论争.md；0777_机械论派_辩证论者_苏联哲学.md；1275_机械论者_辩证论者_自然科学.md；0817_苏联哲学_机械论_辩证论_论争_启示.md；1777_机械论者_辩证法.md,,苏联哲学、机械论者、辩证论者,马克思主义哲学在中国的传播与马克思主义哲学中国化；“新哲学”大众化运动研究；米丁-辩证唯物论历史唯物论下-rightToLeft,4；86；83,是,可按主题页优先检索,先查主题页《德波林派与机械论派论争》，再在 T3/T10 中检索：苏联哲学|机械论者|辩证论者,否
831,苏联哲学 50年代 60年代 改革,0831_苏联哲学_50年代_60年代_改革.md,3,43.6,苏联哲学,后斯大林时期苏联哲学反思,苏联哲学/后斯大林时期苏联哲学反思.md,高,127.0,已列入原主题页重点卡片；命中主题种子词：苏联哲学、改革；主题词重合：苏联哲学、改革；主题域增强：苏联,苏联哲学 20年代 30年代 论战(27.35)；苏联哲学 改革浪潮(27.14)；苏联哲学 70年代 80年代 新思维(26.94)；苏联哲学 改革时期 反思(26.25)；苏联哲学 70年 经验教训(25.88),0829_苏联哲学_20年代_30年代_论战.md；0800_苏联哲学_改革浪潮.md；0832_苏联哲学_70年代_80年代_新思维.md；0815_苏联哲学_改革时期_反思.md；0806_苏联哲学_70年_经验教训.md,,苏联哲学、50年代、60年代、改革,马克思主义哲学史教程；苏联哲学70年；马恩文集第五卷（资本论1）,390-391；217-221；975,是,可按主题页优先检索,先查主题页《后斯大林时期苏联哲学反思》，再在 T3/T10 中检索：苏联哲学|50年代|60年代|改革,否
832,苏联哲学 70年代 80年代 新思维,0832_苏联哲学_70年代_80年代_新思维.md,3,54.0,苏联哲学,苏联哲学与共产国际,苏联哲学/苏联哲学与共产国际.md,低,21.0,自动主题组匹配：苏联,苏联哲学 70年 经验教训(29.38)；苏联哲学 20年代 30年代 论战(26.94)；苏联哲学 50年代 60年代 改革(26.94)；拨乱反正 苏联哲学(24.69)；新的困境 苏联哲学(24.69),0806_苏联哲学_70年_经验教训.md；0829_苏联哲学_20年代_30年代_论战.md；0831_苏联哲学_50年代_60年代_改革.md；0795_拨乱反正_苏联哲学.md；0796_新的困境_苏联哲学.md,,苏联哲学、70年代、80年代、新思维,马克思主义哲学史教程；苏联哲学70年；一本教科书、一个时代、一种...学原理教科书的再思考(下)_何萍,390-391；181-183；9,是,先核验原卡片再使用,先查主题页《苏联哲学与共产国际》，再在 T3/T10 中检索：苏联哲学|70年代|80年代|新思维,否
833,列宁 世界革命 唯物辩证法,0833_列宁_世界革命_唯物辩证法.md,3,49.45,理论方法,辩证唯物主义体系,理论方法/辩证唯物主义体系.md,高,112.0,已列入原主题页重点卡片；命中主题种子词：唯物辩证法；主题词重合：唯物辩证法,唯物辩证法 风靡全国(32.14)；唯物辩证法 风靡 起点(32.14)；唯物辩证法 风靡 前奏(32.14)；唯物辩证法 风靡 原因(32.14)；逐步改造 唯物辩证法(32.14),1026_唯物辩证法_风靡全国.md；1027_唯物辩证法_风靡_起点.md；1028_唯物辩证法_风靡_前奏.md；1030_唯物辩证法_风靡_原因.md；1052_逐步改造_唯物辩证法.md,,列宁、世界革命、唯物辩证法,马克思主义哲学史教程；米丁-辩证唯物论与历史唯物论-上-rightToLeft；艾思奇全书（第3卷）,403；278；169-693,是,可按主题页优先检索,先查主题页《辩证唯物主义体系》，再在 T3/T10 中检索：列宁|世界革命|唯物辩证法,否
834,列宁 辩证法 十六要素,0834_列宁_辩证法_十六要素.md,3,45.6,苏联哲学,苏联哲学与共产国际,苏联哲学/苏联哲学与共产国际.md,低,10.0,自动主题组匹配：列宁,列宁 实践 认识 辩证法(30.77)；辩证法 核心 诸要素(21.25)；进攻 防御 辩证法(19.17)；持久 速决 辩证法(19.17)；内线 外线 辩证法(19.17),0835_列宁_实践_认识_辩证法.md；1564_辩证法_核心_诸要素.md；1325_进攻_防御_辩证法.md；1326_持久_速决_辩证法.md；1327_内线_外线_辩证法.md,,列宁、辩证法、十六要素,马克思主义哲学史教程；马克思主义哲学在中国传播与发展的百年历史（下）；马克思主义哲学在中国：传播、应用、形态、前景,420-421；572-574；98-100,是,先核验原卡片再使用,先查主题页《苏联哲学与共产国际》，再在 T3/T10 中检索：列宁|辩证法|十六要素,否
835,列宁 实践 认识 辩证法,0835_列宁_实践_认识_辩证法.md,3,62.0,理论方法,实践观点与认识论,理论方法/实践观点与认识论.md,高,100.0,已列入原主题页重点卡片,列宁 辩证法 十六要素(30.77)；历史 呈现 辩证法 实践(20.77)；新唯物主义 实践 辩证法(20.36)；认识论 论理学 辩证法 一致性(19.69)；辩证法 论理学 认识论 一致性(19.69),0834_列宁_辩证法_十六要素.md；1079_历史_呈现_辩证法_实践.md；0015_新唯物主义_实践_辩证法.md；1534_认识论_论理学_辩证法_一致性.md；1565_辩证法_论理学_认识论_一致性.md,,列宁、实践、认识、辩证法,马克思主义哲学史教程；马克思主义哲学在中国传播与发展的百年历史（上）；艾思奇全书（第3卷）,421-422；276；207-210,是,可按主题页优先检索,先查主题页《实践观点与认识论》，再在 T3/T10 中检索：列宁|实践|认识|辩证法,否
836,列宁 感觉 认识论,0836_列宁_感觉_认识论.md,3,47.8,理论方法,实践观点与认识论,理论方法/实践观点与认识论.md,高,109.0,已列入原主题页重点卡片；命中主题种子词：认识论；主题词重合：认识论,群众路线 认识论(20.0)；分析 综合 认识论(20.0)；归纳 演绎 认识论(20.0)；实践 认识论 本体论(19.55)；唯物论 认识论 反映(19.55),0598_群众路线_认识论.md；1548_分析_综合_认识论.md；1549_归纳_演绎_认识论.md；1074_实践_认识论_本体论.md；1537_唯物论_认识论_反映.md,,列宁、感觉、认识论,马克思主义哲学史教程；列宁专题文集·论辩证唯物主义和历史唯物主义；米丁-辩证唯物论与历史唯物论-上-rightToLeft,424-425；361；118,是,可按主题页优先检索,先查主题页《实践观点与认识论》，再在 T3/T10 中检索：列宁|感觉|认识论,否
837,列宁 唯物主义 经验批判论,0837_列宁_唯物主义_经验批判论.md,3,48.43,苏联哲学,苏联哲学与共产国际,苏联哲学/苏联哲学与共产国际.md,低,10.0,自动主题组匹配：列宁,列宁 唯物主义(42.5)；马赫主义 斗争 经验批判论(33.33)；唯心主义 唯物主义(25.77)；唯物主义 辩证法(25.77)；费尔巴哈 唯物主义 基本内核(24.17),1753_列宁_唯物主义.md；1590_马赫主义_斗争_经验批判论.md；1721_唯心主义_唯物主义.md；1747_唯物主义_辩证法.md；0024_费尔巴哈_唯物主义_基本内核.md,,列宁、唯物主义、经验批判论,马克思主义哲学史(第五卷)；高清海先生对马克思主义哲学...理教科书的解构及其当代启示_何萍；列宁专题文集·论辩证唯物主义和历史唯物主义,393-395；3；367,是,先核验原卡片再使用,先查主题页《苏联哲学与共产国际》，再在 T3/T10 中检索：列宁|唯物主义|经验批判论,否
838,列宁 帝国主义 世界历史,0838_列宁_帝国主义_世界历史.md,3,50.34,传播史,民族国家与国际关系,传播史/民族国家与国际关系.md,中,23.0,自动主题组匹配：帝国主义、世界,帝国主义 战争(26.82)；帝国主义 德国(26.82)；帝国主义 资本主义(26.25)；帝国主义 中华民族 矛盾(25.0)；帝国主义 资本主义最高阶段(24.69),1720_帝国主义_战争.md；1760_帝国主义_德国.md；1730_帝国主义_资本主义.md；1501_帝国主义_中华民族_矛盾.md；1655_帝国主义_资本主义最高阶段.md,,列宁、帝国主义、世界历史,马克思主义哲学史教程；列宁选集第二卷_2012；马克思主义哲学史(第五卷),495-497；329；112-113,是,可按主题页优先检索,先查主题页《民族国家与国际关系》，再在 T3/T10 中检索：列宁|帝国主义|世界历史,否
839,列宁 国家 革命 无产阶级专政,0839_列宁_国家_革命_无产阶级专政.md,3,58.0,理论方法,阶级斗争与社会革命理论,理论方法/阶级斗争与社会革命理论.md,高,130.0,已列入原主题页重点卡片；命中主题种子词：革命、无产阶级、阶级、国家、专政；主题词重合：国家、革命,国家 革命 无产阶级专政(50.45)；列宁 无产阶级专政 学说 发展(49.38)；列宁 批判考茨基 无产阶级专政(48.82)；国家与革命 无产阶级专政(45.38)；哲学领域 无产阶级专政 苏联(37.35),1090_国家_革命_无产阶级专政.md；0871_列宁_无产阶级专政_学说_发展.md；0874_列宁_批判考茨基_无产阶级专政.md；1654_国家与革命_无产阶级专政.md；0770_哲学领域_无产阶级专政_苏联.md,,列宁、国家、革命、无产阶级专政,马克思主义哲学史(第五卷)；马克思主义哲学史；马克思主义哲学史教程,12-11；305-307；497-499,是,可按主题页优先检索,先查主题页《阶级斗争与社会革命理论》，再在 T3/T10 中检索：列宁|国家|革命|无产阶级专政,否
840,列宁 民族殖民地 理论,0840_列宁_民族殖民地_理论.md,3,46.9,传播史,民族国家与国际关系,传播史/民族国家与国际关系.md,中,20.0,自动主题组匹配：民族、殖民,列宁 民族殖民地问题(25.0)；列宁 东方民族革命理论 中国影响(14.17)；民族自决权 民族政策 列宁(13.33)；理论 实践 赋予活力 列宁(13.33)；无政府主义 理论批判 列宁(13.12),1658_列宁_民族殖民地问题.md；0846_列宁_东方民族革命理论_中国影响.md；0881_民族自决权_民族政策_列宁.md；0885_理论_实践_赋予活力_列宁.md；0880_无政府主义_理论批判_列宁.md,,列宁、民族殖民地、理论,马克思主义哲学史(第五卷)；马克思主义中国化史；米丁-辩证唯物论与历史唯物论-上-rightToLeft,108；未识别；34,是,可按主题页优先检索,先查主题页《民族国家与国际关系》，再在 T3/T10 中检索：列宁|民族殖民地|理论,否
841,列宁 新经济政策 哲学,0841_列宁_新经济政策_哲学.md,3,53.8,苏联哲学,苏联哲学与共产国际,苏联哲学/苏联哲学与共产国际.md,低,10.0,自动主题组匹配：列宁,列宁 新经济政策(53.75)；新经济政策 生产力 生产关系(32.14)；新经济政策 商品经济 社会主义(31.67)；新经济政策 两种制度 对立斗争(31.25)；列宁 左倾错误 哲学批判(13.33),1656_列宁_新经济政策.md；0882_新经济政策_生产力_生产关系.md；0883_新经济政策_商品经济_社会主义.md；0884_新经济政策_两种制度_对立斗争.md；0875_列宁_左倾错误_哲学批判.md,,列宁、新经济政策、哲学,马克思主义哲学史(第五卷)；马克思主义哲学史教程；马克思主义哲学中国化理论与历史,228-230；455-456；69,是,先核验原卡片再使用,先查主题页《苏联哲学与共产国际》，再在 T3/T10 中检索：列宁|新经济政策|哲学,否
842,卢卡奇 物化 阶级意识,0842_卢卡奇_物化_阶级意识.md,3,46.6,理论方法,哲学基本范畴与辩证法原理,理论方法/哲学基本范畴与辩证法原理.md,低,10.0,自动主题组匹配：意识,,,,卢卡奇、物化、阶级意识,马克思主义哲学史教程；中国文化与马克思主义；中国马克思主义：概念界定与历史使命_王庆丰,575；44；11,是,先核验原卡片再使用,先查主题页《哲学基本范畴与辩证法原理》，再在 T3/T10 中检索：卢卡奇|物化|阶级意识,否
843,阿尔都塞 结构主义 马克思主义,0843_阿尔都塞_结构主义_马克思主义.md,3,52.0,国外马克思主义,西方马克思主义与国外马克思主义哲学,国外马克思主义/西方马克思主义与国外马克思主义哲学.md,中,26.0,自动主题组匹配：阿尔都塞、结构主义,中国马克思主义 马克思主义者(8.93)；问题与主义 马克思主义 论战(7.81)；毛泽东 爱国主义 马克思主义(7.81)；存在主义 马克思主义 哲学传统(7.35)；上海 马克思主义者(7.14),1788_中国马克思主义_马克思主义者.md；0120_问题与主义_马克思主义_论战.md；0580_毛泽东_爱国主义_马克思主义.md；1103_存在主义_马克思主义_哲学传统.md；1740_上海_马克思主义者.md,,阿尔都塞、结构主义、马克思主义,马克思主义哲学史教程；中国马克思主义学术史纲；当前马克思主义研究中的五个重大问题_杨耕,679-681；272-275；10,是,可按主题页优先检索,先查主题页《西方马克思主义与国外马克思主义哲学》，再在 T3/T10 中检索：阿尔都塞|结构主义|马克思主义,否
844,十月革命 中国革命 影响,0844_十月革命_中国革命_影响.md,3,49.14,苏联哲学,苏联哲学与共产国际,苏联哲学/苏联哲学与共产国际.md,低,13.0,自动主题组匹配：十月革命,十月革命 马克思主义 中国传播(26.25)；一步走 两步走 中国革命(25.77)；中国革命 胜利 中国情况(25.77)；俄国革命经验 中国革命 套用(25.36)；十月革命 历史道路 永存(25.36),0860_十月革命_马克思主义_中国传播.md；1174_一步走_两步走_中国革命.md；1308_中国革命_胜利_中国情况.md；0850_俄国革命经验_中国革命_套用.md；0868_十月革命_历史道路_永存.md,,十月革命、中国革命、影响,马克思主义中国化史；马克思主义哲学的中国化及其历程；“中国化”思潮与马克思主义中国化思想的互动研究——以20世纪20—40年代为考察范围_王朝庆,未识别；8-10；6,是,先核验原卡片再使用,先查主题页《苏联哲学与共产国际》，再在 T3/T10 中检索：十月革命|中国革命|影响,否
845,俄国十月革命 中国 影响,0845_俄国十月革命_中国_影响.md,3,49.4,苏联哲学,苏联哲学对中国马克思主义哲学的影响,苏联哲学/苏联哲学对中国马克思主义哲学的影响.md,高,100.0,已列入原主题页重点卡片,十月革命 中国革命 影响(13.64)；十月革命 马克思主义 中国传播(5.88)；列宁 东方民族革命理论 中国影响(5.56)；俄国革命 中国知识界 马克思主义(5.56)；俄国革命经验 中国革命 套用(5.0),0844_十月革命_中国革命_影响.md；0860_十月革命_马克思主义_中国传播.md；0846_列宁_东方民族革命理论_中国影响.md；0859_俄国革命_中国知识界_马克思主义.md；0850_俄国革命经验_中国革命_套用.md,,俄国十月革命、中国、影响,马克思主义中国化史；百年中国哲学革命；马克思主义哲学在中国传播与发展的百年历史（上）,未识别；86-88；84-86,是,可按主题页优先检索,先查主题页《苏联哲学对中国马克思主义哲学的影响》，再在 T3/T10 中检索：俄国十月革命|中国|影响,否
846,列宁 东方民族革命理论 中国影响,0846_列宁_东方民族革命理论_中国影响.md,1,38.33,苏联哲学,苏联哲学与共产国际,苏联哲学/苏联哲学与共产国际.md,低,10.0,自动主题组匹配：列宁,斯大林哲学体系 中国影响(23.75)；苏联哲学教科书 中国影响(23.75)；实证论 非理性主义 中国影响(23.57)；列宁 民族殖民地 理论(14.17)；一国胜利理论 列宁 社会主义革命(13.26),0819_斯大林哲学体系_中国影响.md；0861_苏联哲学教科书_中国影响.md；1509_实证论_非理性主义_中国影响.md；0840_列宁_民族殖民地_理论.md；0869_一国胜利理论_列宁_社会主义革命.md,,列宁、东方民族革命理论,马克思主义中国化史,未识别,是,先核验原卡片再使用,先查主题页《苏联哲学与共产国际》，再在 T3/T10 中检索：列宁|东方民族革命理论|中国影响,否
847,列宁主义 形式 传入中国,0847_列宁主义_形式_传入中国.md,3,38.38,理论方法,哲学基本范畴与辩证法原理,理论方法/哲学基本范畴与辩证法原理.md,低,10.0,自动主题组匹配：形式,苏联大学 马克思列宁主义 传入中国(28.82)；马克思主义中国化 列宁主义(26.67)；马克思主义哲学 传入中国 渠道(25.88)；马克思主义 传入中国 外部条件(25.88)；马克思主义 传入中国 国际条件(25.88),0856_苏联大学_马克思列宁主义_传入中国.md；1810_马克思主义中国化_列宁主义.md；0060_马克思主义哲学_传入中国_渠道.md；0080_马克思主义_传入中国_外部条件.md；0081_马克思主义_传入中国_国际条件.md,,列宁主义、形式、传入中国,马克思主义哲学在中国传播与发展的百年历史（上）；中国马克思主义：概念界定与历史使命_王庆丰；马列著作在中国的出版,84；7；13,是,先核验原卡片再使用,先查主题页《哲学基本范畴与辩证法原理》，再在 T3/T10 中检索：列宁主义|形式|传入中国,否
848,中国共产党 俄国模式 共产国际,0848_中国共产党_俄国模式_共产国际.md,3,42.02,苏联哲学,苏联哲学对中国马克思主义哲学的影响,苏联哲学/苏联哲学对中国马克思主义哲学的影响.md,高,100.0,已列入原主题页重点卡片,共产国际 下级支部 中国共产党(54.38)；国际主义 民族主义 中国共产党(32.35)；中国共产党 成立 意义(31.67)；中国共产党 党史 研究(31.67)；中国共产党 前进 成立(31.67),1154_共产国际_下级支部_中国共产党.md；1176_国际主义_民族主义_中国共产党.md；1129_中国共产党_成立_意义.md；1482_中国共产党_党史_研究.md；1829_中国共产党_前进_成立.md,,中国共产党、共产国际,马克思主义中国化史；1940年代中国共产党人的思想批判和新民主主义话语权的确立_陈先初；从“决裂论”到“土壤论”——新启蒙运动对马克思主义与中国传统文化关系的认识深化_崔海亮,未识别；8；6,是,可按主题页优先检索,先查主题页《苏联哲学对中国马克思主义哲学的影响》，再在 T3/T10 中检索：中国共产党|俄国模式|共产国际,否
849,俄国味道 马克思主义 中国共产党,0849_俄国味道_马克思主义_中国共产党.md,3,39.33,苏联哲学,苏联哲学对中国马克思主义哲学的影响,苏联哲学/苏联哲学对中国马克思主义哲学的影响.md,高,100.0,已列入原主题页重点卡片,中国共产党 马克思主义中国化 起点(38.24)；中国共产党 成立 马克思主义 工人运动(35.0)；戴季陶主义 中国共产党 批判(33.33)；国际主义 民族主义 中国共产党(33.33)；中国共产党 俄国模式 共产国际(31.58),1114_中国共产党_马克思主义中国化_起点.md；1113_中国共产党_成立_马克思主义_工人运动.md；1137_戴季陶主义_中国共产党_批判.md；1176_国际主义_民族主义_中国共产党.md；0848_中国共产党_俄国模式_共产国际.md,,马克思主义、中国共产党,马克思主义中国化史；马克思主义哲学史（第六卷；马克思主义中国化的历史进程,未识别；124；3-4,是,可按主题页优先检索,先查主题页《苏联哲学对中国马克思主义哲学的影响》，再在 T3/T10 中检索：俄国味道|马克思主义|中国共产党,否
850,俄国革命经验 中国革命 套用,0850_俄国革命经验_中国革命_套用.md,3,35.67,中国化,毛泽东哲学与中国革命经验,中国化/毛泽东哲学与中国革命经验.md,低,15.0,自动主题组匹配：中国革命,中国革命 经验教训 哲学总结(28.33)；马克思主义 俄国化 中国革命(26.25)；十月革命 中国革命 影响(25.36)；一步走 两步走 中国革命(25.36)；中国革命 胜利 中国情况(25.36),1437_中国革命_经验教训_哲学总结.md；0852_马克思主义_俄国化_中国革命.md；0844_十月革命_中国革命_影响.md；1174_一步走_两步走_中国革命.md；1308_中国革命_胜利_中国情况.md,,中国革命、套用,1940年代中国共产党人的思想批判和新民主主义话语权的确立_陈先初；二十世纪上半叶马克思主义哲学中国化之检视_王玉平；中国现代思想史论,8；172；177,是,先核验原卡片再使用,先查主题页《毛泽东哲学与中国革命经验》，再在 T3/T10 中检索：俄国革命经验|中国革命|套用,否
851,斯大林 武装的革命 反对武装的反革命,0851_斯大林_武装的革命_反对武装的反革命.md,3,34.4,苏联哲学,苏联哲学教条化与斯大林,苏联哲学/苏联哲学教条化与斯大林.md,高,113.0,已列入原主题页重点卡片；命中主题种子词：斯大林；主题词重合：斯大林；主题域增强：斯大林,斯大林 哲学 火药味(17.94)；生产力 生产关系 斯大林(17.78)；苏联哲学 教条化 斯大林(17.63)；斯大林 哲学著作 贡献 不足(17.5)；辩证唯物主义 历史唯物主义 斯大林(17.38),0789_斯大林_哲学_火药味.md；0906_生产力_生产关系_斯大林.md；0790_苏联哲学_教条化_斯大林.md；0788_斯大林_哲学著作_贡献_不足.md；0787_辩证唯物主义_历史唯物主义_斯大林.md,,斯大林、武装的革命、反对武装的反革命,马克思主义中国化的历史进程；马克思主义哲学史（第六卷；马克思主义中国化史,216-218；310-312；未识别,是,可按主题页优先检索,先查主题页《苏联哲学教条化与斯大林》，再在 T3/T10 中检索：斯大林|武装的革命|反对武装的反革命,否
852,马克思主义 俄国化 中国革命,0852_马克思主义_俄国化_中国革命.md,3,46.8,苏联哲学,苏联哲学对中国马克思主义哲学的影响,苏联哲学/苏联哲学对中国马克思主义哲学的影响.md,高,100.0,已列入原主题页重点卡片,中国革命 需要 马克思主义(32.5)；马克思主义 指导思想 中国革命(30.94)；早期共产主义者 马克思主义 中国革命(29.72)；俄国革命经验 中国革命 套用(26.25)；十月革命 中国革命 影响(24.69),1283_中国革命_需要_马克思主义.md；1112_马克思主义_指导思想_中国革命.md；0292_早期共产主义者_马克思主义_中国革命.md；0850_俄国革命经验_中国革命_套用.md；0844_十月革命_中国革命_影响.md,,马克思主义、俄国化、中国革命,马克思主义中国化的历史进程；百年中国哲学革命；马克思主义中国化史,5-8；442-444；未识别,是,可按主题页优先检索,先查主题页《苏联哲学对中国马克思主义哲学的影响》，再在 T3/T10 中检索：马克思主义|俄国化|中国革命,否
853,马克思主义 俄国传播 列宁主义,0853_马克思主义_俄国传播_列宁主义.md,3,42.2,苏联哲学,苏联哲学与共产国际,苏联哲学/苏联哲学与共产国际.md,中,20.0,自动主题组匹配：俄国、列宁,马克思主义中国化 列宁主义(30.0)；列宁主义 早期传播(27.14)；列宁主义 形式 传入中国(24.41)；列宁主义 新青年 瞿秋白(24.41)；列宁主义 一国胜利理论 争论(23.95),1810_马克思主义中国化_列宁主义.md；1651_列宁主义_早期传播.md；0847_列宁主义_形式_传入中国.md；1652_列宁主义_新青年_瞿秋白.md；0898_列宁主义_一国胜利理论_争论.md,,马克思主义、俄国传播、列宁主义,马克思主义哲学在中国传播与发展的百年历史（上）；马克思主义哲学史（第六卷；马克思主义哲学在中国传播与发展的百年历史（下）,108；29-80；674,是,可按主题页优先检索,先查主题页《苏联哲学与共产国际》，再在 T3/T10 中检索：马克思主义|俄国传播|列宁主义,否
854,俄国 苏联 马克思主义 传入中国,0854_俄国_苏联_马克思主义_传入中国.md,3,60.6,苏联哲学,苏联哲学对中国马克思主义哲学的影响,苏联哲学/苏联哲学对中国马克思主义哲学的影响.md,高,116.0,已列入原主题页重点卡片；命中主题种子词：苏联、传入；主题词重合：苏联；主题域增强：苏联,马克思主义 传入中国 外部条件(32.5)；马克思主义 传入中国 国际条件(32.5)；马克思主义 传入中国 中介路径(32.5)；日本 马克思主义 传入中国 中转国(31.76)；苏联大学 马克思列宁主义 传入中国(31.11),0080_马克思主义_传入中国_外部条件.md；0081_马克思主义_传入中国_国际条件.md；0082_马克思主义_传入中国_中介路径.md；0077_日本_马克思主义_传入中国_中转国.md；0856_苏联大学_马克思列宁主义_传入中国.md,,俄国、苏联、马克思主义、传入中国,马克思主义哲学在中国传播与发展的百年历史（上）；马克思主义哲学史教程；中国马克思主义：概念界定与历史使命_王庆丰,108；365-370；7,是,可按主题页优先检索,先查主题页《苏联哲学对中国马克思主义哲学的影响》，再在 T3/T10 中检索：俄国|苏联|马克思主义|传入中国,否
855,俄国 马克思主义论著 直接传入中国,0855_俄国_马克思主义论著_直接传入中国.md,3,46.8,苏联哲学,苏联哲学对中国马克思主义哲学的影响,苏联哲学/苏联哲学对中国马克思主义哲学的影响.md,高,103.0,已列入原主题页重点卡片；命中主题种子词：传入,俄国 苏联 马克思主义 传入中国(21.11)；俄国 资本主义(12.94)；俄国 社会主义(12.94)；俄国 资产阶级(11.39)；俄国 无产阶级(11.39),0854_俄国_苏联_马克思主义_传入中国.md；1713_俄国_资本主义.md；1758_俄国_社会主义.md；1691_俄国_资产阶级.md；1712_俄国_无产阶级.md,,俄国、马克思主义论著、直接传入中国,马克思主义哲学在中国传播与发展的百年历史（上）；马列著作在中国的出版；马克思主义哲学中国化理论与历史,86-88；69；33,是,可按主题页优先检索,先查主题页《苏联哲学对中国马克思主义哲学的影响》，再在 T3/T10 中检索：俄国|马克思主义论著|直接传入中国,否
856,苏联大学 马克思列宁主义 传入中国,0856_苏联大学_马克思列宁主义_传入中国.md,3,42.46,苏联哲学,苏联哲学对中国马克思主义哲学的影响,苏联哲学/苏联哲学对中国马克思主义哲学的影响.md,高,110.0,已列入原主题页重点卡片；命中主题种子词：苏联、传入；主题域增强：苏联,毛泽东 马克思列宁主义 中国革命实际(42.95)；俄国 苏联 马克思主义 传入中国(31.11)；马克思主义 传入中国 外部条件(29.21)；马克思主义 传入中国 国际条件(29.21)；马克思主义 传入中国 中介路径(29.21),0862_毛泽东_马克思列宁主义_中国革命实际.md；0854_俄国_苏联_马克思主义_传入中国.md；0080_马克思主义_传入中国_外部条件.md；0081_马克思主义_传入中国_国际条件.md；0082_马克思主义_传入中国_中介路径.md,,马克思列宁主义、传入中国,中国马克思主义：概念界定与历史使命_王庆丰；马列著作在中国的出版；中国文化与马克思主义,7；13；382,是,可按主题页优先检索,先查主题页《苏联哲学对中国马克思主义哲学的影响》，再在 T3/T10 中检索：苏联大学|马克思列宁主义|传入中国,否
857,列宁学院 红色教授学院 伏龙芝军事学院,0857_列宁学院_红色教授学院_伏龙芝军事学院.md,3,41.4,苏联哲学,苏联哲学与共产国际,苏联哲学/苏联哲学与共产国际.md,低,10.0,自动主题组匹配：列宁,,,,列宁学院、红色教授学院、伏龙芝军事学院,马克思主义哲学在中国传播与发展的百年历史（上）；米丁-辩证唯物论历史唯物论下-rightToLeft；“新哲学”大众化运动研究,94-96；25；88,是,先核验原卡片再使用,先查主题页《苏联哲学与共产国际》，再在 T3/T10 中检索：列宁学院|红色教授学院|伏龙芝军事学院,否
858,苏联哲学论著 传入中国,0858_苏联哲学论著_传入中国.md,3,27.22,苏联哲学,苏联哲学与共产国际,苏联哲学/苏联哲学与共产国际.md,低,18.0,自动主题组匹配：苏联,马克思主义哲学 传入中国 渠道(25.88)；俄国 苏联 马克思主义 传入中国(25.88)；苏联大学 马克思列宁主义 传入中国(25.26)；列宁主义 形式 传入中国(25.0)；马克思主义 传入中国 外部条件(24.17),0060_马克思主义哲学_传入中国_渠道.md；0854_俄国_苏联_马克思主义_传入中国.md；0856_苏联大学_马克思列宁主义_传入中国.md；0847_列宁主义_形式_传入中国.md；0080_马克思主义_传入中国_外部条件.md,,传入中国,马克思主义哲学中国化的历史进程；马克思主义在中国早期传播若干问题的辨析_田子渝；二十世纪上半叶马克思主义哲学中国化之检视_王玉平,1；5；108,是,先核验原卡片再使用,先查主题页《苏联哲学与共产国际》，再在 T3/T10 中检索：苏联哲学论著|传入中国,否
859,俄国革命 中国知识界 马克思主义,0859_俄国革命_中国知识界_马克思主义.md,3,46.07,苏联哲学,苏联哲学对中国马克思主义哲学的影响,苏联哲学/苏联哲学对中国马克思主义哲学的影响.md,高,100.0,已列入原主题页重点卡片,马克思主义中国化 中国知识界 论争(36.11)；中国知识界 苏联 计划(30.88)；苏联一五计划 中国知识界(30.26)；马克思主义 俄国化 中国革命(12.5)；中国革命 需要 马克思主义(10.94),1796_马克思主义中国化_中国知识界_论争.md；1831_中国知识界_苏联_计划.md；1650_苏联一五计划_中国知识界.md；0852_马克思主义_俄国化_中国革命.md；1283_中国革命_需要_马克思主义.md,,俄国革命、中国知识界、马克思主义,马克思主义哲学在中国传播与发展的百年历史（上）；中国知识界关于“马克思主义中国化”的论争——以20世纪30-40年代为中心_张安；中国文化与马克思主义,210-212；2；74,是,可按主题页优先检索,先查主题页《苏联哲学对中国马克思主义哲学的影响》，再在 T3/T10 中检索：俄国革命|中国知识界|马克思主义,否
860,十月革命 马克思主义 中国传播,0860_十月革命_马克思主义_中国传播.md,3,55.43,苏联哲学,苏联哲学与共产国际,苏联哲学/苏联哲学与共产国际.md,低,13.0,自动主题组匹配：十月革命,马克思主义 中国传播 前史(34.29)；日本译著 马克思主义 中国传播(32.5)；十月革命 胜利 马克思主义传播(32.5)；十月革命 五四运动 马克思主义传播(31.11)；马克思主义哲学 中国传播 源头(30.29),0084_马克思主义_中国传播_前史.md；0079_日本译著_马克思主义_中国传播.md；0911_十月革命_胜利_马克思主义传播.md；0910_十月革命_五四运动_马克思主义传播.md；0047_马克思主义哲学_中国传播_源头.md,,十月革命、马克思主义、中国传播,马克思主义哲学在中国传播与发展的百年历史（上）；马克思主义哲学的中国化及其历程；马克思主义在中国早期传播若干问题的辨析_田子渝,84-86；10；1,是,先核验原卡片再使用,先查主题页《苏联哲学与共产国际》，再在 T3/T10 中检索：十月革命|马克思主义|中国传播,否
861,苏联哲学教科书 中国影响,0861_苏联哲学教科书_中国影响.md,3,30.94,苏联哲学,苏联哲学与共产国际,苏联哲学/苏联哲学与共产国际.md,低,18.0,自动主题组匹配：苏联,斯大林哲学体系 中国影响(26.25)；实证论 非理性主义 中国影响(24.17)；列宁 东方民族革命理论 中国影响(23.75)；苏联哲学 教科书模式 影响中国(14.29)；马克思主义哲学 教科书 中国化(9.38),0819_斯大林哲学体系_中国影响.md；1509_实证论_非理性主义_中国影响.md；0846_列宁_东方民族革命理论_中国影响.md；0811_苏联哲学_教科书模式_影响中国.md；0928_马克思主义哲学_教科书_中国化.md,,苏联哲学教科书,马克思主义哲学中国化理论与历史；二十世纪上半叶马克思主义哲学中国化之检视_王玉平；“新哲学”大众化运动研究,441；119；90,是,先核验原卡片再使用,先查主题页《苏联哲学与共产国际》，再在 T3/T10 中检索：苏联哲学教科书|中国影响,否
862,毛泽东 马克思列宁主义 中国革命实际,0862_毛泽东_马克思列宁主义_中国革命实际.md,3,58.47,中国化,毛泽东哲学思想与中国革命经验,中国化/毛泽东哲学思想与中国革命经验.md,高,115.0,已列入原主题页重点卡片；命中主题种子词：毛泽东、中国革命；主题词重合：毛泽东,苏联大学 马克思列宁主义 传入中国(42.95)；马克思主义 中国革命实际 最初结合(41.25)；马克思主义哲学 中国革命实际 结合(39.52)；哲学教科书 中国革命实际 结合(35.68)；毛泽东 马克思主义中国化 开拓者(25.0),0856_苏联大学_马克思列宁主义_传入中国.md；1131_马克思主义_中国革命实际_最初结合.md；1415_马克思主义哲学_中国革命实际_结合.md；0930_哲学教科书_中国革命实际_结合.md；0500_毛泽东_马克思主义中国化_开拓者.md,,毛泽东、马克思列宁主义、中国革命实际,毛泽东终生都在坚持“马克思主义中国化”提法吗？；延安时期知识分子群体与马克思主义哲学大众化郭 - 2015 -；不能将“马克思主义中国化”泛化理解,2；150；3,是,可按主题页优先检索,先查主题页《毛泽东哲学思想与中国革命经验》，再在 T3/T10 中检索：毛泽东|马克思列宁主义|中国革命实际,否
863,毛泽东 读哲学 苏联教科书,0863_毛泽东_读哲学_苏联教科书.md,3,38.56,苏联哲学,苏联哲学对中国马克思主义哲学的影响,苏联哲学/苏联哲学对中国马克思主义哲学的影响.md,高,110.0,已列入原主题页重点卡片；命中主题种子词：教科书、苏联；主题域增强：苏联,毛泽东 读 政治经济学教科书(22.81)；苏联 政治经济学教科书 毛泽东(22.35)；调查研究 毛泽东 哲学(20.0)；毛泽东 哲学 民族事业(20.0)；哲学 党性 阶级性 毛泽东(19.69),0625_毛泽东_读_政治经济学教科书.md；0913_苏联_政治经济学教科书_毛泽东.md；0550_调查研究_毛泽东_哲学.md；0633_毛泽东_哲学_民族事业.md；0540_哲学_党性_阶级性_毛泽东.md,,毛泽东、读哲学、苏联教科书,百年中国哲学革命；《实践论》和《矛盾论》对马克思主义哲学中国化的启示_许全兴；马克思主义哲学在中国传播与发展的百年历史（下）,290-292；10；480-482,是,可按主题页优先检索,先查主题页《苏联哲学对中国马克思主义哲学的影响》，再在 T3/T10 中检索：毛泽东|读哲学|苏联教科书,否
864,十月革命 人类历史 新纪元,0864_十月革命_人类历史_新纪元.md,3,38.6,苏联哲学,苏联哲学与共产国际,苏联哲学/苏联哲学与共产国际.md,低,13.0,自动主题组匹配：十月革命,十月革命 历史道路 永存(26.67)；十月革命 中国革命 影响(25.0)；十月革命 历史辩证法 帝国主义时代(25.0)；十月革命 马克思主义 中国传播(23.95)；十月革命 落后国家 现代化道路(23.95),0868_十月革命_历史道路_永存.md；0844_十月革命_中国革命_影响.md；0866_十月革命_历史辩证法_帝国主义时代.md；0860_十月革命_马克思主义_中国传播.md；0865_十月革命_落后国家_现代化道路.md,,十月革命、人类历史、新纪元,马克思主义哲学史(第五卷)；马克思主义哲学的中国化及其历程；马克思主义中国化史,33；8-10；未识别,是,先核验原卡片再使用,先查主题页《苏联哲学与共产国际》，再在 T3/T10 中检索：十月革命|人类历史|新纪元,否
865,十月革命 落后国家 现代化道路,0865_十月革命_落后国家_现代化道路.md,3,37.59,苏联哲学,苏联哲学与共产国际,苏联哲学/苏联哲学与共产国际.md,低,13.0,自动主题组匹配：十月革命,十月革命 社会主义现代化 道路(30.29)；落后国家 社会主义建设 现代化(26.58)；十月革命 历史道路 永存(25.88)；十月革命 中国革命 影响(24.41)；十月革命 人类历史 新纪元(23.95),0867_十月革命_社会主义现代化_道路.md；0666_落后国家_社会主义建设_现代化.md；0868_十月革命_历史道路_永存.md；0844_十月革命_中国革命_影响.md；0864_十月革命_人类历史_新纪元.md,,十月革命、落后国家,马克思主义哲学史(第五卷)；列宁选集第四卷_2012；二十世纪上半叶马克思主义哲学中国化之检视_王玉平,8-10；597；117,是,先核验原卡片再使用,先查主题页《苏联哲学与共产国际》，再在 T3/T10 中检索：十月革命|落后国家|现代化道路,否
866,十月革命 历史辩证法 帝国主义时代,0866_十月革命_历史辩证法_帝国主义时代.md,3,42.2,苏联哲学,苏联哲学与共产国际,苏联哲学/苏联哲学与共产国际.md,低,13.0,自动主题组匹配：十月革命,罗莎卢森堡 历史辩证法 总体性(29.55)；十月革命 历史道路 永存(26.94)；十月革命 人类历史 新纪元(25.0)；十月革命 马克思主义 中国传播(24.55)；十月革命 社会主义现代化 道路(24.55),1097_罗莎卢森堡_历史辩证法_总体性.md；0868_十月革命_历史道路_永存.md；0864_十月革命_人类历史_新纪元.md；0860_十月革命_马克思主义_中国传播.md；0867_十月革命_社会主义现代化_道路.md,,十月革命、历史辩证法、帝国主义时代,马克思主义哲学史(第五卷)；马克思主义哲学中国化理论与历史；马列著作在中国的出版,7-8；74；446,是,先核验原卡片再使用,先查主题页《苏联哲学与共产国际》，再在 T3/T10 中检索：十月革命|历史辩证法|帝国主义时代,否
867,十月革命 社会主义现代化 道路,0867_十月革命_社会主义现代化_道路.md,3,42.13,苏联哲学,苏联哲学与共产国际,苏联哲学/苏联哲学与共产国际.md,低,13.0,自动主题组匹配：十月革命,十月革命 落后国家 现代化道路(30.29)；十月革命 历史道路 永存(25.88)；十月革命 马克思主义 中国传播(25.0)；十月革命 胜利 马克思主义传播(25.0)；十月革命 历史辩证法 帝国主义时代(24.55),0865_十月革命_落后国家_现代化道路.md；0868_十月革命_历史道路_永存.md；0860_十月革命_马克思主义_中国传播.md；0911_十月革命_胜利_马克思主义传播.md；0866_十月革命_历史辩证法_帝国主义时代.md,,十月革命、社会主义现代化、道路,马克思主义哲学史(第五卷)；马克思主义哲学中国化与中国道路的哲学表达；马克思主义在中国早期传播若干问题的辨析_田子渝,2-4；8；1,是,先核验原卡片再使用,先查主题页《苏联哲学与共产国际》，再在 T3/T10 中检索：十月革命|社会主义现代化|道路,否
868,十月革命 历史道路 永存,0868_十月革命_历史道路_永存.md,2,43.4,苏联哲学,苏联哲学与共产国际,苏联哲学/苏联哲学与共产国际.md,低,13.0,自动主题组匹配：十月革命,十月革命 历史辩证法 帝国主义时代(26.94)；十月革命 人类历史 新纪元(26.67)；十月革命 落后国家 现代化道路(25.88)；十月革命 社会主义现代化 道路(25.88)；十月革命 中国革命 影响(25.36),0866_十月革命_历史辩证法_帝国主义时代.md；0864_十月革命_人类历史_新纪元.md；0865_十月革命_落后国家_现代化道路.md；0867_十月革命_社会主义现代化_道路.md；0844_十月革命_中国革命_影响.md,,十月革命、历史道路、永存,马克思主义哲学史(第五卷)；马克思主义中国化探论,8-10；148,是,先核验原卡片再使用,先查主题页《苏联哲学与共产国际》，再在 T3/T10 中检索：十月革命|历史道路|永存,否
869,一国胜利理论 列宁 社会主义革命,0869_一国胜利理论_列宁_社会主义革命.md,3,41.13,苏联哲学,苏联哲学与共产国际,苏联哲学/苏联哲学与共产国际.md,低,10.0,自动主题组匹配：列宁,列宁主义 一国胜利理论 争论(40.29)；社会主义革命 形式 多样(37.35)；社会主义革命 建设 辩证法(36.94)；社会主义革命 建设 主观主义(36.94)；民主主义革命 社会主义革命 辩证统一(36.25),0898_列宁主义_一国胜利理论_争论.md；1473_社会主义革命_形式_多样.md；0983_社会主义革命_建设_辩证法.md；1357_社会主义革命_建设_主观主义.md；1049_民主主义革命_社会主义革命_辩证统一.md,,一国胜利理论、列宁、社会主义革命,马克思主义哲学史(第五卷)；列宁专题文集·论社会主义；列宁选集第二卷_2012,307-308；64；15,是,先核验原卡片再使用,先查主题页《苏联哲学与共产国际》，再在 T3/T10 中检索：一国胜利理论|列宁|社会主义革命,否
870,帝国主义 资本主义发展不平衡 一国胜利,0870_帝国主义_资本主义发展不平衡_一国胜利.md,3,43.87,理论方法,政治经济学与资本主义批判,理论方法/政治经济学与资本主义批判.md,中,23.0,自动主题组匹配：资本主义、资本,帝国主义 资本主义(30.0)；帝国主义 资本主义最高阶段(27.89)；帝国主义 战争(24.41)；帝国主义 德国(24.41)；罗莎卢森堡 资本积累 帝国主义(24.35),1730_帝国主义_资本主义.md；1655_帝国主义_资本主义最高阶段.md；1720_帝国主义_战争.md；1760_帝国主义_德国.md；1098_罗莎卢森堡_资本积累_帝国主义.md,,帝国主义、资本主义发展不平衡、一国胜利,马克思主义哲学史(第五卷)；米丁-辩证唯物论与历史唯物论-上-rightToLeft；列宁选集第二卷_2012,312-313；31；17,是,可按主题页优先检索,先查主题页《政治经济学与资本主义批判》，再在 T3/T10 中检索：帝国主义|资本主义发展不平衡|一国胜利,否
871,列宁 无产阶级专政 学说 发展,0871_列宁_无产阶级专政_学说_发展.md,3,63.8,理论方法,阶级斗争与社会革命理论,理论方法/阶级斗争与社会革命理论.md,高,112.0,已列入原主题页重点卡片；命中主题种子词：无产阶级、阶级、专政,列宁 国家 革命 无产阶级专政(49.38)；列宁 批判考茨基 无产阶级专政(48.82)；国家 革命 无产阶级专政(38.33)；国家与革命 无产阶级专政(37.81)；哲学领域 无产阶级专政 苏联(37.35),0839_列宁_国家_革命_无产阶级专政.md；0874_列宁_批判考茨基_无产阶级专政.md；1090_国家_革命_无产阶级专政.md；1654_国家与革命_无产阶级专政.md；0770_哲学领域_无产阶级专政_苏联.md,,列宁、无产阶级专政、学说、发展,马克思主义哲学史(第五卷)；马克思主义中国化史；列宁专题文集·论社会主义,46-49；未识别；6,是,可按主题页优先检索,先查主题页《阶级斗争与社会革命理论》，再在 T3/T10 中检索：列宁|无产阶级专政|学说|发展,否
872,列宁 过渡时期 基本矛盾,0872_列宁_过渡时期_基本矛盾.md,3,46.2,理论方法,哲学基本范畴与辩证法原理,理论方法/哲学基本范畴与辩证法原理.md,低,15.0,自动主题组匹配：矛盾,列宁 过渡时期 阶级关系(39.62)；过渡时期 工人阶级 民族资产阶级 矛盾(25.26)；苏联哲学 过渡时期 成就(25.0)；过渡时期 总路线 理论贡献(24.69)；苏联哲学 过渡时期 哲学斗争(24.69),0873_列宁_过渡时期_阶级关系.md；0680_过渡时期_工人阶级_民族资产阶级_矛盾.md；0783_苏联哲学_过渡时期_成就.md；0639_过渡时期_总路线_理论贡献.md；0769_苏联哲学_过渡时期_哲学斗争.md,,列宁、过渡时期、基本矛盾,马克思主义哲学史(第五卷)；中国马克思主义学术史纲；马克思主义哲学史,39-40；80-82；108-111,是,先核验原卡片再使用,先查主题页《哲学基本范畴与辩证法原理》，再在 T3/T10 中检索：列宁|过渡时期|基本矛盾,否
873,列宁 过渡时期 阶级关系,0873_列宁_过渡时期_阶级关系.md,3,47.92,苏联哲学,苏联哲学与共产国际,苏联哲学/苏联哲学与共产国际.md,低,10.0,自动主题组匹配：列宁,列宁 过渡时期 基本矛盾(39.62)；过渡时期 工人阶级 民族资产阶级 矛盾(25.26)；苏联哲学 过渡时期 成就(25.0)；过渡时期 总路线 理论贡献(24.69)；苏联哲学 过渡时期 哲学斗争(24.69),0872_列宁_过渡时期_基本矛盾.md；0680_过渡时期_工人阶级_民族资产阶级_矛盾.md；0783_苏联哲学_过渡时期_成就.md；0639_过渡时期_总路线_理论贡献.md；0769_苏联哲学_过渡时期_哲学斗争.md,,列宁、过渡时期、阶级关系,马克思主义哲学史(第五卷)；米丁-辩证唯物论历史唯物论下-rightToLeft；马列著作在中国的出版,44-46；21；250,是,先核验原卡片再使用,先查主题页《苏联哲学与共产国际》，再在 T3/T10 中检索：列宁|过渡时期|阶级关系,否
874,列宁 批判考茨基 无产阶级专政,0874_列宁_批判考茨基_无产阶级专政.md,3,46.2,理论方法,阶级斗争与社会革命理论,理论方法/阶级斗争与社会革命理论.md,高,112.0,已列入原主题页重点卡片；命中主题种子词：无产阶级、阶级、专政,列宁 国家 革命 无产阶级专政(48.82)；列宁 无产阶级专政 学说 发展(48.82)；国家 革命 无产阶级专政(37.81)；国家与革命 无产阶级专政(37.35)；哲学领域 无产阶级专政 苏联(36.94),0839_列宁_国家_革命_无产阶级专政.md；0871_列宁_无产阶级专政_学说_发展.md；1090_国家_革命_无产阶级专政.md；1654_国家与革命_无产阶级专政.md；0770_哲学领域_无产阶级专政_苏联.md,,列宁、批判考茨基、无产阶级专政,马克思主义哲学史(第五卷)；艾思奇全书（第3卷）；马克思主义哲学史教程,46-49；571-574；497-499,是,可按主题页优先检索,先查主题页《阶级斗争与社会革命理论》，再在 T3/T10 中检索：列宁|批判考茨基|无产阶级专政,否
875,列宁 左倾错误 哲学批判,0875_列宁_左倾错误_哲学批判.md,3,37.26,苏联哲学,苏联哲学与共产国际,苏联哲学/苏联哲学与共产国际.md,低,10.0,自动主题组匹配：列宁,列宁 新经济政策 哲学(13.33)；列宁 晚期著作 哲学遗嘱(13.12)；十月革命后 列宁 哲学贡献(12.94)；列宁 唯物主义 经验批判论(12.94)；无政府主义 理论批判 列宁(12.94),0841_列宁_新经济政策_哲学.md；0890_列宁_晚期著作_哲学遗嘱.md；0784_十月革命后_列宁_哲学贡献.md；0837_列宁_唯物主义_经验批判论.md；0880_无政府主义_理论批判_列宁.md,,列宁、哲学批判、左倾错误,马克思主义哲学史(第五卷)；列宁选集第四卷_2012；列宁专题文集·论马克思主义,98；17；371,是,先核验原卡片再使用,先查主题页《苏联哲学与共产国际》，再在 T3/T10 中检索：列宁|左倾错误|哲学批判,否
876,工作重心 经济建设 管理俄国,0876_工作重心_经济建设_管理俄国.md,3,38.75,苏联哲学,苏联哲学与共产国际,苏联哲学/苏联哲学与共产国际.md,低,10.0,自动主题组匹配：俄国,社会主义 工作重心 经济文化建设(28.33)；列宁 经济建设 文化建设 政治建设(23.95)；根据地 政权建设 经济建设 文化建设(23.75),1273_社会主义_工作重心_经济文化建设.md；0892_列宁_经济建设_文化建设_政治建设.md；1205_根据地_政权建设_经济建设_文化建设.md,,工作重心、经济建设,马列著作在中国的出版；马克思主义哲学中国化理论与历史；列宁选集第三卷_2012,299；478；20,是,先核验原卡片再使用,先查主题页《苏联哲学与共产国际》，再在 T3/T10 中检索：工作重心|经济建设|管理俄国,否
877,国家资本主义 过渡社会主义 列宁,0877_国家资本主义_过渡社会主义_列宁.md,3,41.07,理论方法,政治经济学与资本主义批判,理论方法/政治经济学与资本主义批判.md,中,23.0,自动主题组匹配：资本主义、资本,社会主义 列宁(20.42)；资本主义 列宁(20.42)；列宁 社会主义建设 构想(15.88)；一国胜利理论 列宁 社会主义革命(14.76)；战斗唯物主义 意义 列宁(14.17),1840_社会主义_列宁.md；1841_资本主义_列宁.md；0891_列宁_社会主义建设_构想.md；0869_一国胜利理论_列宁_社会主义革命.md；0886_战斗唯物主义_意义_列宁.md,,国家资本主义、列宁,马克思主义哲学史(第五卷)；马克思主义哲学史教程；列宁专题文集·论社会主义,69-71；456-458；482,是,可按主题页优先检索,先查主题页《政治经济学与资本主义批判》，再在 T3/T10 中检索：国家资本主义|过渡社会主义|列宁,否
878,两种制度 和平相处 列宁,0878_两种制度_和平相处_列宁.md,3,44.4,苏联哲学,苏联哲学与共产国际,苏联哲学/苏联哲学与共产国际.md,低,10.0,自动主题组匹配：列宁,新经济政策 两种制度 对立斗争(24.17)；马克思 列宁(12.08)；列宁 唯物主义(11.92)；无产阶级 列宁(11.92)；社会主义 列宁(11.92),0884_新经济政策_两种制度_对立斗争.md；1843_马克思_列宁.md；1753_列宁_唯物主义.md；1839_无产阶级_列宁.md；1840_社会主义_列宁.md,,两种制度、和平相处、列宁,马克思主义哲学史(第五卷)；马克思主义哲学中国化理论与历史；列宁专题文集·论社会主义,72-74；533；184,是,先核验原卡片再使用,先查主题页《苏联哲学与共产国际》，再在 T3/T10 中检索：两种制度|和平相处|列宁,否
879,革命道路 曲折性 列宁,0879_革命道路_曲折性_列宁.md,3,43.2,苏联哲学,苏联哲学与共产国际,苏联哲学/苏联哲学与共产国际.md,低,10.0,自动主题组匹配：列宁,十月革命后 列宁 哲学贡献(13.12)；列宁 世界革命 唯物辩证法(13.12)；列宁 国家 革命 无产阶级专政(12.94)；列宁 东方民族革命理论 中国影响(12.63)；一国胜利理论 列宁 社会主义革命(12.63),0784_十月革命后_列宁_哲学贡献.md；0833_列宁_世界革命_唯物辩证法.md；0839_列宁_国家_革命_无产阶级专政.md；0846_列宁_东方民族革命理论_中国影响.md；0869_一国胜利理论_列宁_社会主义革命.md,,革命道路、曲折性、列宁,马克思主义哲学史(第五卷)；列宁选集第一卷_2012；列宁选集第二卷_2012,80-82；773；877,是,先核验原卡片再使用,先查主题页《苏联哲学与共产国际》，再在 T3/T10 中检索：革命道路|曲折性|列宁,否
880,无政府主义 理论批判 列宁,0880_无政府主义_理论批判_列宁.md,3,42.6,苏联哲学,苏联哲学与共产国际,苏联哲学/苏联哲学与共产国际.md,低,10.0,自动主题组匹配：列宁,无政府主义 思潮 批判(34.62)；无政府主义 绝对自由 批判(33.33)；无政府主义 反对阶级斗争 批判(32.35)；无政府主义 论争 哲学意义(31.25)；列宁 唯物主义 经验批判论(14.41),1127_无政府主义_思潮_批判.md；1290_无政府主义_绝对自由_批判.md；0035_无政府主义_反对阶级斗争_批判.md；1289_无政府主义_论争_哲学意义.md；0837_列宁_唯物主义_经验批判论.md,,无政府主义、理论批判、列宁,马克思主义哲学史(第五卷)；列宁选集第四卷_2012；列宁选集第一卷_2012,82-84；879；537,是,先核验原卡片再使用,先查主题页《苏联哲学与共产国际》，再在 T3/T10 中检索：无政府主义|理论批判|列宁,否
881,民族自决权 民族政策 列宁,0881_民族自决权_民族政策_列宁.md,3,52.09,苏联哲学,苏联哲学与共产国际,苏联哲学/苏联哲学与共产国际.md,低,10.0,自动主题组匹配：列宁,列宁 新经济政策(13.85)；列宁 民族殖民地 理论(13.33)；列宁 新经济政策 哲学(13.33)；列宁 民族殖民地问题(13.33)；列宁 东方民族革命理论 中国影响(12.5),1656_列宁_新经济政策.md；0840_列宁_民族殖民地_理论.md；0841_列宁_新经济政策_哲学.md；1658_列宁_民族殖民地问题.md；0846_列宁_东方民族革命理论_中国影响.md,,民族自决权、民族政策、列宁,列宁选集第二卷_2012；马克思主义哲学史(第五卷)；马克思主义中国化史,14；118-120；未识别,是,先核验原卡片再使用,先查主题页《苏联哲学与共产国际》，再在 T3/T10 中检索：民族自决权|民族政策|列宁,否
882,新经济政策 生产力 生产关系,0882_新经济政策_生产力_生产关系.md,3,48.59,理论方法,历史唯物主义体系,理论方法/历史唯物主义体系.md,高,121.0,已列入原主题页重点卡片；命中主题种子词：生产力、生产关系；主题词重合：生产力、生产关系,生产力 生产关系 讨论(45.42)；李达 生产力 生产关系(45.42)；生产力 生产关系 斯大林(44.62)；生产力 生产关系 历史规律(43.93)；唯物史观 生产力 生产关系(43.93),0002_生产力_生产关系_讨论.md；0316_李达_生产力_生产关系.md；0906_生产力_生产关系_斯大林.md；0016_生产力_生产关系_历史规律.md；0026_唯物史观_生产力_生产关系.md,,新经济政策、生产力、生产关系,毛泽东哲学批注集：辩证法唯物论教程批注 (毛泽东)；马克思主义哲学史(第五卷)；中国马克思主义学术史纲,78；173；102-104,是,可按主题页优先检索,先查主题页《历史唯物主义体系》，再在 T3/T10 中检索：新经济政策|生产力|生产关系,否
883,新经济政策 商品经济 社会主义,0883_新经济政策_商品经济_社会主义.md,3,52.74,理论方法,政治经济学与资本主义批判,理论方法/政治经济学与资本主义批判.md,低,12.0,自动主题组匹配：商品,社会主义 商品经济 客观依据(49.38)；列宁 新经济政策(32.69)；列宁 新经济政策 哲学(31.67)；新经济政策 生产力 生产关系(30.88)；新经济政策 两种制度 对立斗争(30.26),1261_社会主义_商品经济_客观依据.md；1656_列宁_新经济政策.md；0841_列宁_新经济政策_哲学.md；0882_新经济政策_生产力_生产关系.md；0884_新经济政策_两种制度_对立斗争.md,,新经济政策、商品经济、社会主义,马列著作在中国的出版；列宁选集第四卷_2012；马克思主义哲学史(第五卷),298；11；190-192,是,先核验原卡片再使用,先查主题页《政治经济学与资本主义批判》，再在 T3/T10 中检索：新经济政策|商品经济|社会主义,否
884,新经济政策 两种制度 对立斗争,0884_新经济政策_两种制度_对立斗争.md,0,0.0,苏联哲学,列宁哲学与社会主义实践,苏联哲学/列宁哲学与社会主义实践.md,低,10.0,二级自动主题组匹配：新经济政策,列宁 新经济政策(32.14)；列宁 新经济政策 哲学(31.25)；新经济政策 生产力 生产关系(30.56)；新经济政策 商品经济 社会主义(30.26)；两种制度 和平相处 列宁(24.17),1656_列宁_新经济政策.md；0841_列宁_新经济政策_哲学.md；0882_新经济政策_生产力_生产关系.md；0883_新经济政策_商品经济_社会主义.md；0878_两种制度_和平相处_列宁.md,,,,,否,先核验原卡片再使用,先查主题页《列宁哲学与社会主义实践》，再在 T3/T10 中检索：新经济政策|两种制度|对立斗争,否
885,理论 实践 赋予活力 列宁,0885_理论_实践_赋予活力_列宁.md,3,61.0,理论方法,哲学基本范畴与辩证法原理,理论方法/哲学基本范畴与辩证法原理.md,低,10.0,自动主题组匹配：实践,列宁 实践 认识 辩证法(13.33)；列宁 民族殖民地 理论(13.33)；无政府主义 理论批判 列宁(12.94)；列宁 东方民族革命理论 中国影响(12.5)；一国胜利理论 列宁 社会主义革命(12.5),0835_列宁_实践_认识_辩证法.md；0840_列宁_民族殖民地_理论.md；0880_无政府主义_理论批判_列宁.md；0846_列宁_东方民族革命理论_中国影响.md；0869_一国胜利理论_列宁_社会主义革命.md,,理论、实践、赋予活力、列宁,马克思主义哲学史(第五卷)；艾思奇全书（第3卷）；苏联哲学70年,211-214；597-599；57-60,是,先核验原卡片再使用,先查主题页《哲学基本范畴与辩证法原理》，再在 T3/T10 中检索：理论|实践|赋予活力|列宁,否
886,战斗唯物主义 意义 列宁,0886_战斗唯物主义_意义_列宁.md,3,51.37,苏联哲学,苏联哲学与共产国际,苏联哲学/苏联哲学与共产国际.md,低,10.0,自动主题组匹配：列宁,战斗唯物主义 无神论 宣传(38.93)；战斗唯物主义 自然科学 联盟(38.33)；列宁 唯物主义(20.0)；历史唯物主义 辩证唯物主义 列宁(18.93)；社会主义 列宁(16.82),0888_战斗唯物主义_无神论_宣传.md；0887_战斗唯物主义_自然科学_联盟.md；1753_列宁_唯物主义.md；1800_历史唯物主义_辩证唯物主义_列宁.md；1840_社会主义_列宁.md,,战斗唯物主义、意义、列宁,马克思主义哲学史(第五卷)；列宁选集第四卷_2012；列宁专题文集·论辩证唯物主义和历史唯物主义,228-230；684；9,是,先核验原卡片再使用,先查主题页《苏联哲学与共产国际》，再在 T3/T10 中检索：战斗唯物主义|意义|列宁,否
887,战斗唯物主义 自然科学 联盟,0887_战斗唯物主义_自然科学_联盟.md,3,51.26,理论方法,自然科学哲学与科学方法,理论方法/自然科学哲学与科学方法.md,中,23.0,自动主题组匹配：自然科学、科学,战斗唯物主义 意义 列宁(38.33)；战斗唯物主义 无神论 宣传(37.81)；胡适 理性主义 自然科学(28.33)；自然科学 唯物论 观念论(26.25)；德国 自然科学(25.77),0886_战斗唯物主义_意义_列宁.md；0888_战斗唯物主义_无神论_宣传.md；0475_胡适_理性主义_自然科学.md；0415_自然科学_唯物论_观念论.md；1786_德国_自然科学.md,,战斗唯物主义、自然科学、联盟,马克思主义哲学史(第五卷)；马克思主义中国化探论；列宁选集第四卷_2012,237-239；244；680,是,可按主题页优先检索,先查主题页《自然科学哲学与科学方法》，再在 T3/T10 中检索：战斗唯物主义|自然科学|联盟,否
888,战斗唯物主义 无神论 宣传,0888_战斗唯物主义_无神论_宣传.md,3,50.45,论战与思想运动,宗教批判与无神论思想,论战与思想运动/宗教批判与无神论思想.md,低,10.0,自动主题组匹配：无神论,战斗唯物主义 意义 列宁(38.93)；战斗唯物主义 自然科学 联盟(37.81)；社会发展史 历史唯物主义 宣传(15.56)；革命刊物 马克思主义理论 宣传(13.95)；左翼文化运动 马克思主义理论 宣传(13.57),0886_战斗唯物主义_意义_列宁.md；0887_战斗唯物主义_自然科学_联盟.md；1223_社会发展史_历史唯物主义_宣传.md；0939_革命刊物_马克思主义理论_宣传.md；0926_左翼文化运动_马克思主义理论_宣传.md,,战斗唯物主义、无神论、宣传,马克思主义哲学史(第五卷)；列宁选集第四卷_2012；列宁专题文集·论辩证唯物主义和历史唯物主义,240-242；679；405,是,先核验原卡片再使用,先查主题页《宗教批判与无神论思想》，再在 T3/T10 中检索：战斗唯物主义|无神论|宣传,否
889,新道德 培养新人 列宁,0889_新道德_培养新人_列宁.md,2,31.2,苏联哲学,苏联哲学与共产国际,苏联哲学/苏联哲学与共产国际.md,低,10.0,自动主题组匹配：列宁,马克思 列宁(12.27)；列宁 唯物主义(12.08)；无产阶级 列宁(12.08)；社会主义 列宁(12.08)；资本主义 列宁(12.08),1843_马克思_列宁.md；1753_列宁_唯物主义.md；1839_无产阶级_列宁.md；1840_社会主义_列宁.md；1841_资本主义_列宁.md,,新道德、列宁,马克思主义哲学史(第五卷)；马克思主义哲学中国化理论与历史,251-253；289,是,先核验原卡片再使用,先查主题页《苏联哲学与共产国际》，再在 T3/T10 中检索：新道德|培养新人|列宁,否
890,列宁 晚期著作 哲学遗嘱,0890_列宁_晚期著作_哲学遗嘱.md,1,46.4,苏联哲学,苏联哲学与共产国际,苏联哲学/苏联哲学与共产国际.md,低,10.0,自动主题组匹配：列宁,列宁 新经济政策 哲学(13.33)；列宁 左倾错误 哲学批判(13.12)；十月革命后 列宁 哲学贡献(12.94)；马克思 列宁(12.08)；列宁 唯物主义(11.92),0841_列宁_新经济政策_哲学.md；0875_列宁_左倾错误_哲学批判.md；0784_十月革命后_列宁_哲学贡献.md；1843_马克思_列宁.md；1753_列宁_唯物主义.md,,列宁、晚期著作、哲学遗嘱,马克思主义哲学史(第五卷),228-230,是,先核验原卡片再使用,先查主题页《苏联哲学与共产国际》，再在 T3/T10 中检索：列宁|晚期著作|哲学遗嘱,否
891,列宁 社会主义建设 构想,0891_列宁_社会主义建设_构想.md,3,51.2,当代反思,社会主义建设与改革开放哲学反思,当代反思/社会主义建设与改革开放哲学反思.md,低,13.0,自动主题组匹配：社会主义建设,社会主义建设 重点 非重点(39.62)；社会主义建设 平衡 不平衡(39.62)；自由 必然 社会主义建设(39.62)；社会主义建设 辩证法 探索(38.93)；内部矛盾 外部矛盾 社会主义建设(38.33),0674_社会主义建设_重点_非重点.md；0675_社会主义建设_平衡_不平衡.md；0682_自由_必然_社会主义建设.md；0672_社会主义建设_辩证法_探索.md；0668_内部矛盾_外部矛盾_社会主义建设.md,,列宁、社会主义建设、构想,马克思主义哲学史(第五卷)；马列著作在中国的出版；列宁专题文集·论社会主义,266-268；327；314,是,先核验原卡片再使用,先查主题页《社会主义建设与改革开放哲学反思》，再在 T3/T10 中检索：列宁|社会主义建设|构想,否
892,列宁 经济建设 文化建设 政治建设,0892_列宁_经济建设_文化建设_政治建设.md,3,48.0,苏联哲学,苏联哲学与共产国际,苏联哲学/苏联哲学与共产国际.md,低,10.0,自动主题组匹配：列宁,根据地 政权建设 经济建设 文化建设(48.82)；文化建设(26.82)；毛泽东 文化观 文化建设(24.69)；工作重心 经济建设 管理俄国(23.95)；列宁 新经济政策(13.33),1205_根据地_政权建设_经济建设_文化建设.md；2020_文化建设.md；0631_毛泽东_文化观_文化建设.md；0876_工作重心_经济建设_管理俄国.md；1656_列宁_新经济政策.md,,列宁、经济建设、文化建设、政治建设,马克思主义哲学史(第五卷)；马克思主义哲学中国化理论与历史；马克思主义哲学中国化与中国哲学的现代转型,276-278；565；643-646,是,先核验原卡片再使用,先查主题页《苏联哲学与共产国际》，再在 T3/T10 中检索：列宁|经济建设|文化建设|政治建设,否
893,苏联哲学 机械论者 辩证论者 论争,0893_苏联哲学_机械论者_辩证论者_论争.md,3,45.92,苏联哲学,德波林派与机械论派论争,苏联哲学/德波林派与机械论派论争.md,高,147.0,已列入原主题页重点卡片；命中主题种子词：苏联哲学、机械论者、辩证论者、论争；主题词重合：苏联哲学、机械论者、辩证论者、论争,苏联哲学 机械论者 辩证论者(80.83)；机械论派 辩证论者 苏联哲学(53.33)；机械论者 辩证论者 自然科学(49.38)；苏联哲学 机械论 辩证论 论争 启示(44.06)；机械论者 辩证法(29.62),0830_苏联哲学_机械论者_辩证论者.md；0777_机械论派_辩证论者_苏联哲学.md；1275_机械论者_辩证论者_自然科学.md；0817_苏联哲学_机械论_辩证论_论争_启示.md；1777_机械论者_辩证法.md,,苏联哲学、机械论者、辩证论者、论争,马克思主义哲学史(第五卷)；马克思主义哲学在中国的传播与马克思主义哲学中国化；“新哲学”大众化运动研究,378-379；4；86,是,可按主题页优先检索,先查主题页《德波林派与机械论派论争》，再在 T3/T10 中检索：苏联哲学|机械论者|辩证论者|论争,否
894,偶然性 必然性 苏联哲学,0894_偶然性_必然性_苏联哲学.md,3,47.18,理论方法,哲学基本范畴与辩证法原理,理论方法/哲学基本范畴与辩证法原理.md,中,21.0,自动主题组匹配：偶然性、必然性,必然性 偶然性 大众哲学(38.33)；人生意义 价值 偶然性 必然性(37.14)；拨乱反正 苏联哲学(26.25)；新的困境 苏联哲学(26.25)；苏联哲学 改革浪潮(26.25),0401_必然性_偶然性_大众哲学.md；1450_人生意义_价值_偶然性_必然性.md；0795_拨乱反正_苏联哲学.md；0796_新的困境_苏联哲学.md；0800_苏联哲学_改革浪潮.md,,偶然性、必然性、苏联哲学,中国马克思主义哲学教科书编写之起步、发展与演化（1922—1949）；胡绳全书（第四卷）；艾思奇全书（第2卷）,7；53-55；614-617,是,可按主题页优先检索,先查主题页《哲学基本范畴与辩证法原理》，再在 T3/T10 中检索：偶然性|必然性|苏联哲学,否
895,德波林学派 米丁 尤金 论争,0895_德波林学派_米丁_尤金_论争.md,3,50.4,苏联哲学,30年代苏联哲学批判运动,苏联哲学/30年代苏联哲学批判运动.md,高,142.0,已列入原主题页重点卡片；命中主题种子词：德波林、米丁、尤金、论争；主题词重合：米丁、尤金、论争；主题域增强：德波林、米丁、尤金,德波林学派 批判 积极意义 消极后果(30.0)；中国社会性质 论争(11.56)；问题与主义 关系 论争(11.47)；古今中西 论争 中西体用(11.47)；唯物辩证法 问题 论争(11.47),0896_德波林学派_批判_积极意义_消极后果.md；0149_中国社会性质_论争.md；0147_问题与主义_关系_论争.md；0768_古今中西_论争_中西体用.md；1303_唯物辩证法_问题_论争.md,,德波林学派、米丁、尤金、论争,马克思主义哲学史(第五卷)；“新哲学”大众化运动研究；马克思主义哲学史教程,354-355；88；379-381,是,可按主题页优先检索,先查主题页《30年代苏联哲学批判运动》，再在 T3/T10 中检索：德波林学派|米丁|尤金|论争,否
896,德波林学派 批判 积极意义 消极后果,0896_德波林学派_批判_积极意义_消极后果.md,3,52.0,苏联哲学,30年代苏联哲学批判运动,苏联哲学/30年代苏联哲学批判运动.md,高,107.0,已列入原主题页重点卡片；命中主题种子词：德波林；主题域增强：德波林,德波林学派 米丁 尤金 论争(30.0)；德波林派 批判 教训(5.88)；德波林派 批判 对中国影响(5.0),0895_德波林学派_米丁_尤金_论争.md；0780_德波林派_批判_教训.md；0818_德波林派_批判_对中国影响.md,,德波林学派、批判、积极意义、消极后果,马克思主义哲学史(第五卷)；“新哲学”大众化运动研究；马克思主义哲学史教程,372-374；88；138,是,可按主题页优先检索,先查主题页《30年代苏联哲学批判运动》，再在 T3/T10 中检索：德波林学派|批判|积极意义|消极后果,否
897,列宁主义 定义 思想来源 基本原则 争论,0897_列宁主义_定义_思想来源_基本原则_争论.md,3,36.2,苏联哲学,苏联哲学与共产国际,苏联哲学/苏联哲学与共产国际.md,低,10.0,自动主题组匹配：列宁,列宁主义 一国胜利理论 争论(34.55)；列宁主义 早期传播(23.95)；列宁主义 形式 传入中国(23.57)；列宁主义 新青年 瞿秋白(23.57)；马克思主义中国化 列宁主义(23.41),0898_列宁主义_一国胜利理论_争论.md；1651_列宁主义_早期传播.md；0847_列宁主义_形式_传入中国.md；1652_列宁主义_新青年_瞿秋白.md；1810_马克思主义中国化_列宁主义.md,,列宁主义、定义、争论,马克思主义哲学史教程；马克思主义哲学史(第五卷)；马克思主义哲学在中国：传播、应用、形态、前景,未识别；302-303；143-145,是,先核验原卡片再使用,先查主题页《苏联哲学与共产国际》，再在 T3/T10 中检索：列宁主义|定义|思想来源|基本原则|争论,否
898,列宁主义 一国胜利理论 争论,0898_列宁主义_一国胜利理论_争论.md,3,39.4,苏联哲学,苏联哲学与共产国际,苏联哲学/苏联哲学与共产国际.md,低,10.0,自动主题组匹配：列宁,一国胜利理论 列宁 社会主义革命(40.29)；列宁主义 定义 思想来源 基本原则 争论(34.55)；列宁主义 早期传播(25.0)；列宁主义 形式 传入中国(24.41)；列宁主义 新青年 瞿秋白(24.41),0869_一国胜利理论_列宁_社会主义革命.md；0897_列宁主义_定义_思想来源_基本原则_争论.md；1651_列宁主义_早期传播.md；0847_列宁主义_形式_传入中国.md；1652_列宁主义_新青年_瞿秋白.md,,列宁主义、一国胜利理论、争论,马克思主义哲学史(第五卷)；马克思主义哲学中国化理论与历史；马列著作在中国的出版,302；136；213,是,先核验原卡片再使用,先查主题页《苏联哲学与共产国际》，再在 T3/T10 中检索：列宁主义|一国胜利理论|争论,否
899,斯大林 辩证唯物主义 历史唯物主义,0899_斯大林_辩证唯物主义_历史唯物主义.md,3,59.77,苏联哲学,苏联哲学教条化与斯大林,苏联哲学/苏联哲学教条化与斯大林.md,高,113.0,已列入原主题页重点卡片；命中主题种子词：斯大林；主题词重合：斯大林；主题域增强：斯大林,辩证唯物主义 历史唯物主义 斯大林(95.83)；历史唯物主义 辩证唯物主义(74.58)；辩证唯物主义 历史唯物主义 教科书(74.29)；辩证唯物主义 历史唯物主义 教科书体系(72.5)；历史唯物主义 辩证唯物主义 列宁(72.5),0787_辩证唯物主义_历史唯物主义_斯大林.md；1707_历史唯物主义_辩证唯物主义.md；0933_辩证唯物主义_历史唯物主义_教科书.md；1637_辩证唯物主义_历史唯物主义_教科书体系.md；1800_历史唯物主义_辩证唯物主义_列宁.md,,斯大林、辩证唯物主义、历史唯物主义,列宁专题文集·论辩证唯物主义和历史唯物主义；马克思主义哲学史(第五卷)；马克思主义哲学中国化理论与历史,365；395-397；264,是,可按主题页优先检索,先查主题页《苏联哲学教条化与斯大林》，再在 T3/T10 中检索：斯大林|辩证唯物主义|历史唯物主义,否
900,苏联哲学 联共中央 干预,0900_苏联哲学_联共中央_干预.md,3,38.28,苏联哲学,30年代苏联哲学批判运动,苏联哲学/30年代苏联哲学批判运动.md,高,134.0,已列入原主题页重点卡片；命中主题种子词：苏联哲学、联共中央；主题词重合：苏联哲学、联共中央；主题域增强：苏联、联共中央,拨乱反正 苏联哲学(25.77)；新的困境 苏联哲学(25.77)；苏联哲学 改革浪潮(25.77)；苏联哲学 历史反思(25.77)；苏联哲学 存在问题(25.77),0795_拨乱反正_苏联哲学.md；0796_新的困境_苏联哲学.md；0800_苏联哲学_改革浪潮.md；0801_苏联哲学_历史反思.md；0802_苏联哲学_存在问题.md,,苏联哲学、干预、联共中央,苏联哲学70年；“新哲学”大众化运动研究；马克思主义哲学史(第五卷),270-274；94；381,是,可按主题页优先检索,先查主题页《30年代苏联哲学批判运动》，再在 T3/T10 中检索：苏联哲学|联共中央|干预,否
901,高度统一 计划经济 苏联,0901_高度统一_计划经济_苏联.md,3,40.2,苏联哲学,苏联哲学与共产国际,苏联哲学/苏联哲学与共产国际.md,低,13.0,自动主题组匹配：苏联,中国知识界 苏联 计划(13.33)；高度集权 行政管理 苏联(13.12)；苏联 政治经济学教科书 毛泽东(12.63)；哲学 党性 苏联(11.92)；资产阶级哲学 苏联 哲学斗争(11.39),1831_中国知识界_苏联_计划.md；0902_高度集权_行政管理_苏联.md；0913_苏联_政治经济学教科书_毛泽东.md；0782_哲学_党性_苏联.md；0771_资产阶级哲学_苏联_哲学斗争.md,,高度统一、计划经济、苏联,马克思主义哲学史(第五卷)；论苏联“一五计划”对20世纪30年代初中国知识界的影响_郑大华；马克思主义哲学在中国：传播、应用、形态、前景,449-451；3；259-262,是,先核验原卡片再使用,先查主题页《苏联哲学与共产国际》，再在 T3/T10 中检索：高度统一|计划经济|苏联,否
902,高度集权 行政管理 苏联,0902_高度集权_行政管理_苏联.md,3,39.0,苏联哲学,苏联哲学与共产国际,苏联哲学/苏联哲学与共产国际.md,低,13.0,自动主题组匹配：苏联,高度统一 计划经济 苏联(13.12)；哲学 党性 苏联(11.92)；中国知识界 苏联 计划(11.56)；资产阶级哲学 苏联 哲学斗争(11.39)；马克思主义哲学 传播 苏联(11.39),0901_高度统一_计划经济_苏联.md；0782_哲学_党性_苏联.md；1831_中国知识界_苏联_计划.md；0771_资产阶级哲学_苏联_哲学斗争.md；0785_马克思主义哲学_传播_苏联.md,,高度集权、行政管理、苏联,马克思主义哲学史(第五卷)；苏联哲学70年；中国现代思想史论,456-458；147-150；219,是,先核验原卡片再使用,先查主题页《苏联哲学与共产国际》，再在 T3/T10 中检索：高度集权|行政管理|苏联,否
903,苏联 哲学讨论会 哲学史对象,0903_苏联_哲学讨论会_哲学史对象.md,2,34.33,苏联哲学,苏联哲学与共产国际,苏联哲学/苏联哲学与共产国际.md,低,13.0,自动主题组匹配：苏联,1947年 哲学讨论会 苏联(42.81)；资产阶级哲学 苏联 哲学斗争(14.41)；哲学 党性 苏联(13.85)；马克思主义哲学 传播 苏联(12.78)；哲学领域 无产阶级专政 苏联(12.63),0791_1947年_哲学讨论会_苏联.md；0771_资产阶级哲学_苏联_哲学斗争.md；0782_哲学_党性_苏联.md；0785_马克思主义哲学_传播_苏联.md；0770_哲学领域_无产阶级专政_苏联.md,,苏联、哲学讨论会,马克思主义哲学史(第五卷)；苏联哲学70年,473；101-105,是,先核验原卡片再使用,先查主题页《苏联哲学与共产国际》，再在 T3/T10 中检索：苏联|哲学讨论会|哲学史对象,否
904,斯大林 语言学问题 经济基础 上层建筑,0904_斯大林_语言学问题_经济基础_上层建筑.md,3,51.6,理论方法,历史唯物主义体系,理论方法/历史唯物主义体系.md,高,124.0,已列入原主题页重点卡片；命中主题种子词：经济基础、上层建筑；主题词重合：经济基础、上层建筑,语言学问题 经济基础 上层建筑(85.0)；李达 经济基础 上层建筑(50.29)；经济基础 上层建筑 相互作用(49.21)；唯物史观 经济基础 上层建筑(49.21)；经济基础 上层建筑 过渡时期(49.21),0003_语言学问题_经济基础_上层建筑.md；0315_李达_经济基础_上层建筑.md；0019_经济基础_上层建筑_相互作用.md；0027_唯物史观_经济基础_上层建筑.md；0641_经济基础_上层建筑_过渡时期.md,,斯大林、语言学问题、经济基础、上层建筑,马克思主义哲学史(第五卷)；百年中国哲学革命；苏联哲学70年,504-506；190-192；112-116,是,可按主题页优先检索,先查主题页《历史唯物主义体系》，再在 T3/T10 中检索：斯大林|语言学问题|经济基础|上层建筑,否
905,斯大林 社会基本矛盾 质变形式,0905_斯大林_社会基本矛盾_质变形式.md,3,27.33,苏联哲学,苏联哲学教条化与斯大林,苏联哲学/苏联哲学教条化与斯大林.md,高,113.0,已列入原主题页重点卡片；命中主题种子词：斯大林；主题词重合：斯大林；主题域增强：斯大林,苏联社会主义经济问题 斯大林(18.57)；斯大林 哲学 火药味(17.94)；生产力 生产关系 斯大林(17.78)；苏联哲学 教条化 斯大林(17.63)；斯大林 哲学著作 贡献 不足(17.5),0793_苏联社会主义经济问题_斯大林.md；0789_斯大林_哲学_火药味.md；0906_生产力_生产关系_斯大林.md；0790_苏联哲学_教条化_斯大林.md；0788_斯大林_哲学著作_贡献_不足.md,,斯大林、社会基本矛盾,马克思主义哲学史(第五卷)；二十世纪上半叶马克思主义哲学中国化之检视_王玉平；“新理学”批判的批判,506-508；186；198,是,可按主题页优先检索,先查主题页《苏联哲学教条化与斯大林》，再在 T3/T10 中检索：斯大林|社会基本矛盾|质变形式,否
906,生产力 生产关系 斯大林,0906_生产力_生产关系_斯大林.md,3,47.8,理论方法,历史唯物主义体系,理论方法/历史唯物主义体系.md,高,121.0,已列入原主题页重点卡片；命中主题种子词：生产力、生产关系；主题词重合：生产力、生产关系,生产力 生产关系 讨论(47.5)；李达 生产力 生产关系(47.5)；生产力 生产关系 历史规律(45.42)；唯物史观 生产力 生产关系(45.42)；生产力 生产关系 交互作用(45.42),0002_生产力_生产关系_讨论.md；0316_李达_生产力_生产关系.md；0016_生产力_生产关系_历史规律.md；0026_唯物史观_生产力_生产关系.md；0044_生产力_生产关系_交互作用.md,,生产力、生产关系、斯大林,马克思主义哲学史(第五卷)；马克思主义哲学史教程；艾思奇全书（第3卷）,528-530；750-751；732-735,是,可按主题页优先检索,先查主题页《历史唯物主义体系》，再在 T3/T10 中检索：生产力|生产关系|斯大林,否
907,苏联哲学家 著作 翻译出版,0907_苏联哲学家_著作_翻译出版.md,3,40.6,苏联哲学,苏联哲学与共产国际,苏联哲学/苏联哲学与共产国际.md,低,15.0,自动主题组匹配：苏联,马克思主义哲学 经典著作 翻译出版(28.33)；马列著作 翻译出版 新中国(28.33)；翻译出版 马列著作(27.69)；五四时期 马克思主义著作 翻译 出版(6.58)；拨乱反正 苏联哲学(5.36),0104_马克思主义哲学_经典著作_翻译出版.md；0637_马列著作_翻译出版_新中国.md；1768_翻译出版_马列著作.md；0144_五四时期_马克思主义著作_翻译_出版.md；0795_拨乱反正_苏联哲学.md,,苏联哲学家、著作、翻译出版,马克思主义哲学史（第六卷；马克思主义哲学在中国：传播、应用、形态、前景；马克思主义哲学史教程,247-280；103-105；381-383,是,先核验原卡片再使用,先查主题页《苏联哲学与共产国际》，再在 T3/T10 中检索：苏联哲学家|著作|翻译出版,否
908,苏联经济建设 经验教训 认识,0908_苏联经济建设_经验教训_认识.md,3,40.8,理论方法,哲学基本范畴与辩证法原理,理论方法/哲学基本范畴与辩证法原理.md,低,10.0,自动主题组匹配：认识,苏联哲学 70年 经验教训(25.88)；苏联哲学 政治化 经验教训(25.88)；苏联哲学 教条主义 经验教训(25.56)；辛亥革命 意义 经验教训(24.41)；大革命失败 原因 经验教训(24.17),0806_苏联哲学_70年_经验教训.md；0808_苏联哲学_政治化_经验教训.md；0807_苏联哲学_教条主义_经验教训.md；1124_辛亥革命_意义_经验教训.md；1142_大革命失败_原因_经验教训.md,,苏联经济建设、经验教训、认识,马克思主义哲学史；马克思主义哲学在中国：传播、应用、形态、前景；百年中国哲学革命,89-91；421-423；240-242,是,先核验原卡片再使用,先查主题页《哲学基本范畴与辩证法原理》，再在 T3/T10 中检索：苏联经济建设|经验教训|认识,否
909,俄国 辩证唯物论 思想 介绍,0909_俄国_辩证唯物论_思想_介绍.md,3,62.0,苏联哲学,苏联哲学与共产国际,苏联哲学/苏联哲学与共产国际.md,低,10.0,自动主题组匹配：俄国,辩证唯物论 分歧 争论(32.14)；历史唯物论 辩证唯物论 米丁(31.67)；李达 辩证唯物论 系统传播(31.25)；辩证唯物论 历史唯物论 传播体系(30.88)；杜威 思想 介绍(16.25),1033_辩证唯物论_分歧_争论.md；1809_历史唯物论_辩证唯物论_米丁.md；0342_李达_辩证唯物论_系统传播.md；0057_辩证唯物论_历史唯物论_传播体系.md；1404_杜威_思想_介绍.md,,俄国、辩证唯物论、思想、介绍,近五十年中国思想史；马克思主义哲学在中国传播与发展的百年历史（上）；马克思主义哲学在中国的传播与马克思主义哲学中国化,281-282；266-268；4,是,先核验原卡片再使用,先查主题页《苏联哲学与共产国际》，再在 T3/T10 中检索：俄国|辩证唯物论|思想|介绍,否
910,十月革命 五四运动 马克思主义传播,0910_十月革命_五四运动_马克思主义传播.md,3,54.75,传播史,五四时期马克思主义传播,传播史/五四时期马克思主义传播.md,高,121.0,已列入原主题页重点卡片；命中主题种子词：五四、马克思主义传播；主题词重合：马克思主义传播；主题域增强：五四,十月革命 胜利 马克思主义传播(68.24)；五四时期 新思潮 马克思主义传播(43.75)；改良派 民主革命派 马克思主义传播(43.33)；李达 马克思主义传播 活动(43.33)；辛亥革命后 国民党人 马克思主义传播(42.95),0911_十月革命_胜利_马克思主义传播.md；0128_五四时期_新思潮_马克思主义传播.md；0091_改良派_民主革命派_马克思主义传播.md；0283_李达_马克思主义传播_活动.md；0092_辛亥革命后_国民党人_马克思主义传播.md,,十月革命、五四运动、马克思主义传播,马克思主义在中国早期传播若干问题的辨析_田子渝；马克思主义哲学中国化理论与历史；马克思主义中国化史,8；237；未识别,是,可按主题页优先检索,先查主题页《五四时期马克思主义传播》，再在 T3/T10 中检索：十月革命|五四运动|马克思主义传播,否
911,十月革命 胜利 马克思主义传播,0911_十月革命_胜利_马克思主义传播.md,3,42.8,苏联哲学,苏联哲学与共产国际,苏联哲学/苏联哲学与共产国际.md,低,14.0,自动主题组匹配：十月革命,十月革命 五四运动 马克思主义传播(68.24)；李达 马克思主义传播 活动(44.38)；改良派 民主革命派 马克思主义传播(44.21)；李大钊 马克思主义传播 活动(43.82)；陈独秀 马克思主义传播 活动(43.82),0910_十月革命_五四运动_马克思主义传播.md；0283_李达_马克思主义传播_活动.md；0091_改良派_民主革命派_马克思主义传播.md；0278_李大钊_马克思主义传播_活动.md；0281_陈独秀_马克思主义传播_活动.md,,十月革命、胜利、马克思主义传播,马克思主义哲学在中国传播与发展的百年历史（上）；马克思主义哲学的中国化及其历程；马克思主义哲学中国化与中国哲学的现代转型,84-86；8-10；395-397,是,先核验原卡片再使用,先查主题页《苏联哲学与共产国际》，再在 T3/T10 中检索：十月革命|胜利|马克思主义传播,否
912,苏联经验 神圣化 批判,0912_苏联经验_神圣化_批判.md,3,47.73,苏联哲学,苏联哲学与共产国际,苏联哲学/苏联哲学与共产国际.md,低,10.0,自动主题组匹配：苏联,马克思主义哲学 历史使命 苏联经验(23.95),0821_马克思主义哲学_历史使命_苏联经验.md,,苏联经验、神圣化、批判,二十世纪上半叶马克思主义哲学中国化之检视_王玉平；冯契文集第七卷中国近代哲学的革命进程；马克思主义哲学在中国：传播、应用、形态、前景,225；579；121-123,是,先核验原卡片再使用,先查主题页《苏联哲学与共产国际》，再在 T3/T10 中检索：苏联经验|神圣化|批判,否
913,苏联 政治经济学教科书 毛泽东,0913_苏联_政治经济学教科书_毛泽东.md,3,53.3,苏联哲学,苏联哲学对中国马克思主义哲学的影响,苏联哲学/苏联哲学对中国马克思主义哲学的影响.md,高,116.0,已列入原主题页重点卡片；命中主题种子词：教科书、苏联；主题词重合：苏联；主题域增强：苏联,毛泽东 读 政治经济学教科书(71.07)；毛泽东 读哲学 苏联教科书(22.35)；毛泽东 世界观 转变(17.94)；矛盾论 辩证 毛泽东(17.94)；毛泽东 建党思想 形成(17.78),0625_毛泽东_读_政治经济学教科书.md；0863_毛泽东_读哲学_苏联教科书.md；0573_毛泽东_世界观_转变.md；0630_矛盾论_辩证_毛泽东.md；0506_毛泽东_建党思想_形成.md,,苏联、政治经济学教科书、毛泽东,胡绳全书.第7卷；马克思主义哲学中国化理论与历史；百年中国哲学革命,123-126；323；244-245,是,可按主题页优先检索,先查主题页《苏联哲学对中国马克思主义哲学的影响》，再在 T3/T10 中检索：苏联|政治经济学教科书|毛泽东,否
914,俄国 新哲学 发展中心,0914_俄国_新哲学_发展中心.md,3,36.61,理论方法,哲学基本范畴与辩证法原理,理论方法/哲学基本范畴与辩证法原理.md,低,18.0,自动主题组匹配：发展,大众哲学 新哲学(19.55)；大众化 新哲学(19.55)；哲学大众化 新哲学(19.17)；张申府 新哲学 思想(18.85)；新哲学 人生观 问题(18.85),1773_大众哲学_新哲学.md；1838_大众化_新哲学.md；1706_哲学大众化_新哲学.md；0369_张申府_新哲学_思想.md；0393_新哲学_人生观_问题.md,,俄国、新哲学,“新哲学”大众化运动研究；艾思奇全书（第2卷）；马克思主义哲学中国化与中国哲学的现代转型,86；250-252；264-266,是,先核验原卡片再使用,先查主题页《哲学基本范畴与辩证法原理》，再在 T3/T10 中检索：俄国|新哲学|发展中心,否
915,中国马克思主义 学术史 研究,0915_中国马克思主义_学术史_研究.md,3,73.0,学科史,中国马克思主义哲学史学科建设,学科史/中国马克思主义哲学史学科建设.md,高,109.0,已列入原主题页重点卡片；命中主题种子词：学术史；主题词重合：学术史,中国马克思主义 学术史 起步(67.31)；中国马克思主义 学术史 阶段(67.31)；中国马克思主义 学术史 职业学者(65.0)；中国马克思主义 学术共同体 形成(47.5)；中国马克思主义 马克思主义者(46.54),0917_中国马克思主义_学术史_起步.md；0921_中国马克思主义_学术史_阶段.md；0257_中国马克思主义_学术史_职业学者.md；0975_中国马克思主义_学术共同体_形成.md；1788_中国马克思主义_马克思主义者.md,,中国马克思主义、学术史、研究,中国马克思主义学术史纲；中国马克思主义哲学范式转换研究析论；“新哲学”大众化运动研究,未识别；1；280,是,可按主题页优先检索,先查主题页《中国马克思主义哲学史学科建设》，再在 T3/T10 中检索：中国马克思主义|学术史|研究,否
916,马克思主义 领袖人物 学术史,0916_马克思主义_领袖人物_学术史.md,3,52.2,学科史,中国马克思主义哲学史学科建设,学科史/中国马克思主义哲学史学科建设.md,高,109.0,已列入原主题页重点卡片；命中主题种子词：学术史；主题词重合：学术史,中国马克思主义 学术史 研究(24.38)；中国马克思主义 学术史 起步(24.38)；中国马克思主义 学术史 阶段(24.38)；马克思主义中国化 提出 学术史(23.82)；中国马克思主义 学术史 职业学者(23.33),0915_中国马克思主义_学术史_研究.md；0917_中国马克思主义_学术史_起步.md；0921_中国马克思主义_学术史_阶段.md；0920_马克思主义中国化_提出_学术史.md；0257_中国马克思主义_学术史_职业学者.md,,马克思主义、领袖人物、学术史,中国马克思主义学术史纲；马克思主义哲学中国化与中国哲学的现代转型；列宁专题文集·论马克思主义,未识别；321；369,是,可按主题页优先检索,先查主题页《中国马克思主义哲学史学科建设》，再在 T3/T10 中检索：马克思主义|领袖人物|学术史,否
917,中国马克思主义 学术史 起步,0917_中国马克思主义_学术史_起步.md,3,55.2,学科史,中国马克思主义哲学史学科建设,学科史/中国马克思主义哲学史学科建设.md,高,109.0,已列入原主题页重点卡片；命中主题种子词：学术史；主题词重合：学术史,中国马克思主义 学术史 研究(67.31)；中国马克思主义 学术史 阶段(67.31)；中国马克思主义 学术史 职业学者(65.0)；中国马克思主义 学术共同体 形成(47.5)；中国马克思主义 马克思主义者(46.54),0915_中国马克思主义_学术史_研究.md；0921_中国马克思主义_学术史_阶段.md；0257_中国马克思主义_学术史_职业学者.md；0975_中国马克思主义_学术共同体_形成.md；1788_中国马克思主义_马克思主义者.md,,中国马克思主义、学术史、起步,中国马克思主义学术史纲；中国马克思主义哲学教科书编写之起步、发展与演化（1922—1949）；马克思主义中国化探论,未识别；3；220,是,可按主题页优先检索,先查主题页《中国马克思主义哲学史学科建设》，再在 T3/T10 中检索：中国马克思主义|学术史|起步,否
918,马克思主义 哲学 社会科学 学科化,0918_马克思主义_哲学_社会科学_学科化.md,3,56.8,学科史,中国马克思主义哲学史学科建设,学科史/中国马克思主义哲学史学科建设.md,高,103.0,已列入原主题页重点卡片；命中主题种子词：学科,马克思主义哲学 学科化 问题(30.0)；马克思主义 哲学 政治经济学 科学社会主义(13.16)；通俗宣传 马克思主义哲学 社会基础(10.53)；马克思主义哲学 学习 新局面(10.29)；马克思主义哲学 分支学科 产生(9.72),0936_马克思主义哲学_学科化_问题.md；1181_马克思主义_哲学_政治经济学_科学社会主义.md；1202_通俗宣传_马克思主义哲学_社会基础.md；1341_马克思主义哲学_学习_新局面.md；0934_马克思主义哲学_分支学科_产生.md,,马克思主义、哲学、社会科学,马克思主义哲学史教程；马克思主义哲学史（第六卷；马克思主义哲学在中国传播与发展的百年历史（下）,201-206；267-268；558-560,是,可按主题页优先检索,先查主题页《中国马克思主义哲学史学科建设》，再在 T3/T10 中检索：马克思主义|哲学|社会科学|学科化,否
919,唯物辩证法论战 学术史,0919_唯物辩证法论战_学术史.md,3,34.16,学科史,中国马克思主义哲学史学科建设,学科史/中国马克思主义哲学史学科建设.md,高,109.0,已列入原主题页重点卡片；命中主题种子词：学术史；主题词重合：学术史,张东荪 唯物辩证法论战(47.5)；唯物辩证法论战 大众哲学(46.54)；唯物辩证法论战 中国马克思主义(44.38)；唯物辩证法论战 马克思主义哲学(44.38)；唯物辩证法论战 马克思主义哲学 哲学大众化(42.5),1607_张东荪_唯物辩证法论战.md；1610_唯物辩证法论战_大众哲学.md；0971_唯物辩证法论战_中国马克思主义.md；1426_唯物辩证法论战_马克思主义哲学.md；1789_唯物辩证法论战_马克思主义哲学_哲学大众化.md,,唯物辩证法论战、学术史,中国马克思主义学术史纲；从唯物辩证法论战到马克思主义哲学大众化——对艾思奇《大众哲学》的解读_李维武；马克思主义哲学的中国化及其历程,46-48；1；176-179,是,可按主题页优先检索,先查主题页《中国马克思主义哲学史学科建设》，再在 T3/T10 中检索：唯物辩证法论战|学术史,否
920,马克思主义中国化 提出 学术史,0920_马克思主义中国化_提出_学术史.md,3,54.36,中国化,马克思主义中国化命题的提出,中国化/马克思主义中国化命题的提出.md,高,127.0,已列入原主题页重点卡片；命中主题种子词：马克思主义中国化、提出；主题词重合：马克思主义中国化、提出；主题域增强：中国化,学术论战 马克思主义中国化(53.33)；马克思主义中国化 前瞻(52.5)；马克思主义中国化 提法 具体化(52.5)；起源 马克思主义中国化(52.5)；马克思主义中国化 思潮(52.5),0974_学术论战_马克思主义中国化.md；1180_马克思主义中国化_前瞻.md；1620_马克思主义中国化_提法_具体化.md；1761_起源_马克思主义中国化.md；1827_马克思主义中国化_思潮.md,,马克思主义中国化、提出、学术史,中国知识界关于“马克思主义中国化”的论争——以20世纪30-40年代为中心_张安；中国马克思主义学术史纲；马克思主义中国化史,1；49-52；未识别,是,可按主题页优先检索,先查主题页《马克思主义中国化命题的提出》，再在 T3/T10 中检索：马克思主义中国化|提出|学术史,否
921,中国马克思主义 学术史 阶段,0921_中国马克思主义_学术史_阶段.md,3,55.2,学科史,中国马克思主义哲学史学科建设,学科史/中国马克思主义哲学史学科建设.md,高,109.0,已列入原主题页重点卡片；命中主题种子词：学术史；主题词重合：学术史,中国马克思主义 学术史 研究(67.31)；中国马克思主义 学术史 起步(67.31)；中国马克思主义 学术史 职业学者(65.0)；中国马克思主义 学术共同体 形成(47.5)；中国马克思主义 马克思主义者(46.54),0915_中国马克思主义_学术史_研究.md；0917_中国马克思主义_学术史_起步.md；0257_中国马克思主义_学术史_职业学者.md；0975_中国马克思主义_学术共同体_形成.md；1788_中国马克思主义_马克思主义者.md,,中国马克思主义、学术史、阶段,中国马克思主义学术史纲；中国马克思主义：概念界定与历史使命_王庆丰；当代中国马克思主义哲学大众化的基本原则与推进路径_尚庆飞,未识别；5；1,是,可按主题页优先检索,先查主题页《中国马克思主义哲学史学科建设》，再在 T3/T10 中检索：中国马克思主义|学术史|阶段,否
922,马克思主义理论 一级学科 建设,0922_马克思主义理论_一级学科_建设.md,3,40.47,学科史,中国马克思主义哲学史学科建设,学科史/中国马克思主义哲学史学科建设.md,高,103.0,已列入原主题页重点卡片；命中主题种子词：学科,革命刊物 马克思主义理论 宣传(43.33)；国统区 马克思主义理论 研究宣传(42.89)；左翼文化运动 马克思主义理论 宣传(42.5)；社会主义革命 建设 辩证法(12.5)；社会主义革命 建设 主观主义(12.5),0939_革命刊物_马克思主义理论_宣传.md；0927_国统区_马克思主义理论_研究宣传.md；0926_左翼文化运动_马克思主义理论_宣传.md；0983_社会主义革命_建设_辩证法.md；1357_社会主义革命_建设_主观主义.md,,马克思主义理论、一级学科、建设,马克思主义哲学在中国传播与发展的百年历史（下）；中国马克思主义学术史纲；关于“中国化”_张静如,666-668；78-80；1,是,可按主题页优先检索,先查主题页《中国马克思主义哲学史学科建设》，再在 T3/T10 中检索：马克思主义理论|一级学科|建设,否
923,哲学研究机构 教育体系 建设,0923_哲学研究机构_教育体系_建设.md,1,35.36,新哲学大众化,青年教育与人生观,新哲学大众化/青年教育与人生观.md,低,10.0,自动主题组匹配：教育,改造 建设 结合(11.67)；社会主义革命 建设 辩证法(11.25)；社会主义革命 建设 主观主义(11.25)；马克思主义理论 一级学科 建设(11.14)；哲学研究(6.82),1350_改造_建设_结合.md；0983_社会主义革命_建设_辩证法.md；1357_社会主义革命_建设_主观主义.md；0922_马克思主义理论_一级学科_建设.md；1984_哲学研究.md,,教育体系、建设,共产主义abc中文翻译版,278,是,先核验原卡片再使用,先查主题页《青年教育与人生观》，再在 T3/T10 中检索：哲学研究机构|教育体系|建设,否
924,马克思主义哲学史 研究 新拓展,0924_马克思主义哲学史_研究_新拓展.md,3,40.33,学科史,中国马克思主义哲学史学科建设,学科史/中国马克思主义哲学史学科建设.md,高,114.0,已列入原主题页重点卡片；命中主题种子词：马克思主义哲学史；主题词重合：马克思主义哲学史,马克思主义哲学史 研究视域 局限(54.06)；马克思主义人学 研究 新拓展(28.33)；毛泽东哲学思想 研究 新拓展(21.94)；马克思主义哲学 指导 中国哲学史研究(13.24)；李达 马克思主义哲学 研究(11.67),0937_马克思主义哲学史_研究视域_局限.md；1046_马克思主义人学_研究_新拓展.md；0496_毛泽东哲学思想_研究_新拓展.md；0717_马克思主义哲学_指导_中国哲学史研究.md；0267_李达_马克思主义哲学_研究.md,,马克思主义哲学史、研究,马克思主义哲学史；马克思主义哲学在中国：传播、应用、形态、前景；马克思主义哲学在中国传播与发展的百年历史（下）,501-503；286-288；564,是,可按主题页优先检索,先查主题页《中国马克思主义哲学史学科建设》，再在 T3/T10 中检索：马克思主义哲学史|研究|新拓展,否
925,教科书形态 马克思主义哲学,0925_教科书形态_马克思主义哲学.md,3,51.18,苏联哲学,马克思主义哲学教科书体系,苏联哲学/马克思主义哲学教科书体系.md,高,115.0,已列入原主题页重点卡片；命中主题种子词：教科书、教科书形态；主题词重合：教科书形态,苏联 教科书形态 马克思主义哲学(81.15)；马克思主义哲学 教科书形式 传播(50.0)；马克思主义哲学 教科书 启示(49.29)；马克思主义哲学 教科书 中国化(48.33)；马克思主义哲学 教科书传播 特点(47.5),0824_苏联_教科书形态_马克思主义哲学.md；0096_马克思主义哲学_教科书形式_传播.md；1815_马克思主义哲学_教科书_启示.md；0928_马克思主义哲学_教科书_中国化.md；0097_马克思主义哲学_教科书传播_特点.md,,教科书形态、马克思主义哲学,“新哲学”大众化运动研究；马克思主义哲学在中国：传播、应用、形态、前景；马克思主义哲学中国化与中国道路的哲学表达,43；未识别；11,是,可按主题页优先检索,先查主题页《马克思主义哲学教科书体系》，再在 T3/T10 中检索：教科书形态|马克思主义哲学,否
926,左翼文化运动 马克思主义理论 宣传,0926_左翼文化运动_马克思主义理论_宣传.md,3,53.03,理论方法,马克思恩格斯经典文本与哲学关系,理论方法/马克思恩格斯经典文本与哲学关系.md,低,10.0,自动主题组匹配：马克思,革命刊物 马克思主义理论 宣传(56.11)；国统区 马克思主义理论 研究宣传(43.75)；马克思主义理论 一级学科 建设(42.5)；陈独秀 马克思主义哲学 宣传(16.25)；瞿秋白 马克思主义哲学 宣传(16.25),0939_革命刊物_马克思主义理论_宣传.md；0927_国统区_马克思主义理论_研究宣传.md；0922_马克思主义理论_一级学科_建设.md；0306_陈独秀_马克思主义哲学_宣传.md；0310_瞿秋白_马克思主义哲学_宣传.md,,左翼文化运动、马克思主义理论、宣传,马克思主义中国化的起源语境；马克思主义中国化史；“新哲学”大众化运动研究,24；未识别；6,是,先核验原卡片再使用,先查主题页《马克思恩格斯经典文本与哲学关系》，再在 T3/T10 中检索：左翼文化运动|马克思主义理论|宣传,否
927,国统区 马克思主义理论 研究宣传,0927_国统区_马克思主义理论_研究宣传.md,3,52.15,理论方法,马克思恩格斯经典文本与哲学关系,理论方法/马克思恩格斯经典文本与哲学关系.md,低,10.0,自动主题组匹配：马克思,革命刊物 马克思主义理论 宣传(44.72)；左翼文化运动 马克思主义理论 宣传(43.75)；马克思主义理论 一级学科 建设(42.89)；国统区 刊物 马克思主义哲学研究(24.21)；国统区 理论著述 马克思主义哲学(24.21),0939_革命刊物_马克思主义理论_宣传.md；0926_左翼文化运动_马克思主义理论_宣传.md；0922_马克思主义理论_一级学科_建设.md；0947_国统区_刊物_马克思主义哲学研究.md；1035_国统区_理论著述_马克思主义哲学.md,,国统区、马克思主义理论、研究宣传,延安时期知识分子群体与马克思主义哲学大众化郭 - 2015 -；马克思主义中国化史；列宁选集第四卷_2012,28；未识别；1081,是,先核验原卡片再使用,先查主题页《马克思恩格斯经典文本与哲学关系》，再在 T3/T10 中检索：国统区|马克思主义理论|研究宣传,否
928,马克思主义哲学 教科书 中国化,0928_马克思主义哲学_教科书_中国化.md,3,58.23,苏联哲学,马克思主义哲学教科书体系,苏联哲学/马克思主义哲学教科书体系.md,高,109.0,已列入原主题页重点卡片；命中主题种子词：教科书；主题词重合：教科书,马克思主义哲学 教科书 启示(66.07)；李达 马克思主义哲学 中国化(63.33)；马克思主义哲学 中国化 历程(63.33)；马克思主义哲学 中国化 定义(63.33)；毛泽东 马克思主义哲学 中国化(62.5),1815_马克思主义哲学_教科书_启示.md；0301_李达_马克思主义哲学_中国化.md；1413_马克思主义哲学_中国化_历程.md；1414_马克思主义哲学_中国化_定义.md；0615_毛泽东_马克思主义哲学_中国化.md,,马克思主义哲学、教科书、中国化,百年中国哲学革命；马克思主义哲学的中国化及其历程；马克思主义哲学中国化与中国道路的哲学表达,488-490；271；10,是,可按主题页优先检索,先查主题页《马克思主义哲学教科书体系》，再在 T3/T10 中检索：马克思主义哲学|教科书|中国化,否
929,马克思主义哲学 原理化 教科书化,0929_马克思主义哲学_原理化_教科书化.md,3,40.38,苏联哲学,马克思主义哲学教科书体系,苏联哲学/马克思主义哲学教科书体系.md,高,103.0,已列入原主题页重点卡片；命中主题种子词：教科书,教科书形态 马克思主义哲学(47.5)；马克思主义哲学 教科书 启示(47.5)；马克思主义哲学 教科书 中国化(46.76)；马克思主义哲学 教科书形式 传播(46.11)；马克思主义哲学 教科书传播 特点(46.11),0925_教科书形态_马克思主义哲学.md；1815_马克思主义哲学_教科书_启示.md；0928_马克思主义哲学_教科书_中国化.md；0096_马克思主义哲学_教科书形式_传播.md；0097_马克思主义哲学_教科书传播_特点.md,,马克思主义哲学、原理化,马克思主义哲学大众化的当代思考_郭建宁；马克思主义哲学在中国：传播、应用、形态、前景；马克思主义哲学中国化与中国道路的哲学表达,2；262-264；11,是,可按主题页优先检索,先查主题页《马克思主义哲学教科书体系》，再在 T3/T10 中检索：马克思主义哲学|原理化|教科书化,否
930,哲学教科书 中国革命实际 结合,0930_哲学教科书_中国革命实际_结合.md,3,40.91,中国哲学传统,马克思主义哲学与中国文化传统结合,中国哲学传统/马克思主义哲学与中国文化传统结合.md,高,109.0,已列入原主题页重点卡片；命中主题种子词：结合；主题词重合：结合,马克思主义哲学 中国革命实际 结合(41.11)；马克思主义 中国革命实际 最初结合(37.5)；毛泽东 马克思列宁主义 中国革命实际(35.68)；苏联哲学教科书 中国影响(9.38)；马克思主义哲学 教科书 中国化(8.33),1415_马克思主义哲学_中国革命实际_结合.md；1131_马克思主义_中国革命实际_最初结合.md；0862_毛泽东_马克思列宁主义_中国革命实际.md；0861_苏联哲学教科书_中国影响.md；0928_马克思主义哲学_教科书_中国化.md,,哲学教科书、中国革命实际、结合,马克思主义哲学的中国化及其历程；马克思主义哲学中国化理论与历史；中国马克思主义哲学教科书编写之起步、发展与演化（1922—1949）,271；236；4,是,可按主题页优先检索,先查主题页《马克思主义哲学与中国文化传统结合》，再在 T3/T10 中检索：哲学教科书|中国革命实际|结合,否
931,中国马克思主义哲学 教科书 建构,0931_中国马克思主义哲学_教科书_建构.md,3,55.92,苏联哲学,马克思主义哲学教科书体系,苏联哲学/马克思主义哲学教科书体系.md,高,109.0,已列入原主题页重点卡片；命中主题种子词：教科书；主题词重合：教科书,马克思主义哲学教科书 中国马克思主义哲学 教科书编写(57.19)；中国马克思主义哲学 转换(53.33)；中国马克思主义哲学 中国之根 问题(51.11)；中国马克思主义哲学 何以是中国的哲学(50.53)；中国马克思主义哲学 文化自信 灵魂(50.53),1785_马克思主义哲学教科书_中国马克思主义哲学_教科书编写.md；1819_中国马克思主义哲学_转换.md；0720_中国马克思主义哲学_中国之根_问题.md；0724_中国马克思主义哲学_何以是中国的哲学.md；0753_中国马克思主义哲学_文化自信_灵魂.md,,中国马克思主义哲学、教科书、建构,一本教科书、一个时代、一种...学原理教科书的再思考(上)_何萍；高清海先生对马克思主义哲学...理教科书的解构及其当代启示_何萍；20世纪30年代~40年代马克思主义哲学与中国传统哲学结合的形态_李维武,7；3；1,是,可按主题页优先检索,先查主题页《马克思主义哲学教科书体系》，再在 T3/T10 中检索：中国马克思主义哲学|教科书|建构,否
932,全国通用 马克思主义哲学教科书 编写,0932_全国通用_马克思主义哲学教科书_编写.md,3,46.22,苏联哲学,马克思主义哲学教科书体系,苏联哲学/马克思主义哲学教科书体系.md,高,103.0,已列入原主题页重点卡片；命中主题种子词：教科书,马克思主义哲学教科书 编写 演化(66.18)；马克思主义哲学教科书 中国马克思主义哲学 教科书编写(55.28)；教科书编写 创新 马克思主义哲学(13.89)；马克思主义哲学 教科书 启示(13.24)；马克思主义哲学 教科书 中国化(12.5),1636_马克思主义哲学教科书_编写_演化.md；1785_马克思主义哲学教科书_中国马克思主义哲学_教科书编写.md；0935_教科书编写_创新_马克思主义哲学.md；1815_马克思主义哲学_教科书_启示.md；0928_马克思主义哲学_教科书_中国化.md,,全国通用、马克思主义哲学教科书、编写,马克思主义哲学在中国传播与发展的百年历史（下）；中国马克思主义哲学教科书编写之起步、发展与演化（1922—1949）；马克思主义哲学中国化的双重逻辑及其意蕴,526-528；3；2,是,可按主题页优先检索,先查主题页《马克思主义哲学教科书体系》，再在 T3/T10 中检索：全国通用|马克思主义哲学教科书|编写,否
933,辩证唯物主义 历史唯物主义 教科书,0933_辩证唯物主义_历史唯物主义_教科书.md,3,58.43,苏联哲学,马克思主义哲学教科书体系,苏联哲学/马克思主义哲学教科书体系.md,高,109.0,已列入原主题页重点卡片；命中主题种子词：教科书；主题词重合：教科书,辩证唯物主义 历史唯物主义 教科书体系(81.15)；历史唯物主义 辩证唯物主义(74.58)；辩证唯物主义 历史唯物主义 斯大林(74.29)；斯大林 辩证唯物主义 历史唯物主义(74.29)；历史唯物主义 辩证唯物主义 列宁(72.5),1637_辩证唯物主义_历史唯物主义_教科书体系.md；1707_历史唯物主义_辩证唯物主义.md；0787_辩证唯物主义_历史唯物主义_斯大林.md；0899_斯大林_辩证唯物主义_历史唯物主义.md；1800_历史唯物主义_辩证唯物主义_列宁.md,,辩证唯物主义、历史唯物主义、教科书,一本教科书、一个时代、一种...学原理教科书的再思考(上)_何萍；高清海先生对马克思主义哲学...理教科书的解构及其当代启示_何萍；列宁专题文集·论辩证唯物主义和历史唯物主义,7；14；332,是,可按主题页优先检索,先查主题页《马克思主义哲学教科书体系》，再在 T3/T10 中检索：辩证唯物主义|历史唯物主义|教科书,否
934,马克思主义哲学 分支学科 产生,0934_马克思主义哲学_分支学科_产生.md,3,48.4,学科史,中国马克思主义哲学史学科建设,学科史/中国马克思主义哲学史学科建设.md,高,103.0,已列入原主题页重点卡片；命中主题种子词：学科,马克思主义哲学 分支化 专门化(47.5)；马克思主义哲学 学科化 问题(45.94)；马克思主义哲学 中国哲学(45.0)；李达 马克思主义哲学 研究(44.38)；李达 马克思主义哲学 泰斗(44.38),1227_马克思主义哲学_分支化_专门化.md；0936_马克思主义哲学_学科化_问题.md；1823_马克思主义哲学_中国哲学.md；0267_李达_马克思主义哲学_研究.md；0355_李达_马克思主义哲学_泰斗.md,,马克思主义哲学、分支学科、产生,马克思主义哲学在中国传播与发展的百年历史（下）；马克思主义哲学在中国：传播、应用、形态、前景；马克思主义哲学中国化_问题与进路_孙伟平,580-582；443-446；5,是,可按主题页优先检索,先查主题页《中国马克思主义哲学史学科建设》，再在 T3/T10 中检索：马克思主义哲学|分支学科|产生,否
935,教科书编写 创新 马克思主义哲学,0935_教科书编写_创新_马克思主义哲学.md,3,59.02,苏联哲学,马克思主义哲学教科书体系,苏联哲学/马克思主义哲学教科书体系.md,高,103.0,已列入原主题页重点卡片；命中主题种子词：教科书,教科书形态 马克思主义哲学(47.5)；马克思主义哲学 教科书 启示(47.5)；马克思主义哲学 教科书 中国化(46.76)；马克思主义哲学 教科书形式 传播(46.11)；马克思主义哲学 教科书传播 特点(46.11),0925_教科书形态_马克思主义哲学.md；1815_马克思主义哲学_教科书_启示.md；0928_马克思主义哲学_教科书_中国化.md；0096_马克思主义哲学_教科书形式_传播.md；0097_马克思主义哲学_教科书传播_特点.md,,教科书编写、创新、马克思主义哲学,中国马克思主义哲学教科书编写之起步、发展与演化（1922—1949）；马克思主义哲学在中国传播与发展的百年历史（下）；一本教科书、一个时代、一种...学原理教科书的再思考(下)_何萍,8；662-664；12,是,可按主题页优先检索,先查主题页《马克思主义哲学教科书体系》，再在 T3/T10 中检索：教科书编写|创新|马克思主义哲学,否
936,马克思主义哲学 学科化 问题,0936_马克思主义哲学_学科化_问题.md,3,41.33,学科史,中国马克思主义哲学史学科建设,学科史/中国马克思主义哲学史学科建设.md,高,103.0,已列入原主题页重点卡片；命中主题种子词：学科,马克思主义哲学 学习 新局面(46.67)；马克思主义哲学 分支学科 产生(45.94)；马克思主义哲学 中国哲学(45.71)；瞿秋白 马克思主义哲学 学术贡献(45.29)；李达 马克思主义哲学 研究(45.0),1341_马克思主义哲学_学习_新局面.md；0934_马克思主义哲学_分支学科_产生.md；1823_马克思主义哲学_中国哲学.md；0265_瞿秋白_马克思主义哲学_学术贡献.md；0267_李达_马克思主义哲学_研究.md,,马克思主义哲学、问题,马克思主义哲学史教程；马克思主义哲学中国化与中国哲学的现代转型；马克思主义哲学在中国传播与发展的百年历史（下）,635-636；3；580-582,是,可按主题页优先检索,先查主题页《中国马克思主义哲学史学科建设》，再在 T3/T10 中检索：马克思主义哲学|学科化|问题,否
937,马克思主义哲学史 研究视域 局限,0937_马克思主义哲学史_研究视域_局限.md,3,43.15,学科史,中国马克思主义哲学史学科建设,学科史/中国马克思主义哲学史学科建设.md,高,114.0,已列入原主题页重点卡片；命中主题种子词：马克思主义哲学史；主题词重合：马克思主义哲学史,马克思主义哲学史 研究 新拓展(54.06)；马克思主义哲学中国化 研究视域 转换(31.84)；马克思主义哲学 中国古代哲学 局限(19.21)；科学主义 人生观 局限(12.63)；马克思主义哲学 指导 中国哲学史研究(12.5),0924_马克思主义哲学史_研究_新拓展.md；1232_马克思主义哲学中国化_研究视域_转换.md；1229_马克思主义哲学_中国古代哲学_局限.md；0212_科学主义_人生观_局限.md；0717_马克思主义哲学_指导_中国哲学史研究.md,,马克思主义哲学史、研究视域、局限,马克思主义哲学中国化理论与历史；马克思主义哲学中国化_问题与进路_孙伟平；高清海先生对马克思主义哲学...理教科书的解构及其当代启示_何萍,79；5；4,是,可按主题页优先检索,先查主题页《中国马克思主义哲学史学科建设》，再在 T3/T10 中检索：马克思主义哲学史|研究视域|局限,否
938,马克思主义 历史主义原则 哲学史观,0938_马克思主义_历史主义原则_哲学史观.md,3,52.6,理论方法,马克思恩格斯经典文本与哲学关系,理论方法/马克思恩格斯经典文本与哲学关系.md,低,10.0,自动主题组匹配：马克思,中国马克思主义 历史使命(8.82)；历史观 革命 马克思主义哲学中国化(8.75)；马克思主义哲学史 研究 新拓展(7.89)；李大钊 唯物史观 马克思主义哲学(7.5)；马克思主义哲学史 研究视域 局限(7.5),1818_中国马克思主义_历史使命.md；1433_历史观_革命_马克思主义哲学中国化.md；0924_马克思主义哲学史_研究_新拓展.md；0279_李大钊_唯物史观_马克思主义哲学.md；0937_马克思主义哲学史_研究视域_局限.md,,马克思主义、历史主义原则、哲学史观,马克思主义哲学中国化与中国哲学的现代转型；马克思主义哲学中国化理论与历史；马克思主义中国化探论,52-53；35；62,是,先核验原卡片再使用,先查主题页《马克思恩格斯经典文本与哲学关系》，再在 T3/T10 中检索：马克思主义|历史主义原则|哲学史观,否
939,革命刊物 马克思主义理论 宣传,0939_革命刊物_马克思主义理论_宣传.md,3,42.6,理论方法,马克思恩格斯经典文本与哲学关系,理论方法/马克思恩格斯经典文本与哲学关系.md,低,10.0,自动主题组匹配：马克思,左翼文化运动 马克思主义理论 宣传(56.11)；国统区 马克思主义理论 研究宣传(44.72)；马克思主义理论 一级学科 建设(43.33)；陈独秀 马克思主义哲学 宣传(16.94)；瞿秋白 马克思主义哲学 宣传(16.94),0926_左翼文化运动_马克思主义理论_宣传.md；0927_国统区_马克思主义理论_研究宣传.md；0922_马克思主义理论_一级学科_建设.md；0306_陈独秀_马克思主义哲学_宣传.md；0310_瞿秋白_马克思主义哲学_宣传.md,,革命刊物、马克思主义理论、宣传,马克思主义哲学史（第六卷；马克思主义中国化史；马列著作在中国的出版,128；未识别；180,是,先核验原卡片再使用,先查主题页《马克思恩格斯经典文本与哲学关系》，再在 T3/T10 中检索：革命刊物|马克思主义理论|宣传,否
940,哲学史 社会实践 认识辩证运动,0940_哲学史_社会实践_认识辩证运动.md,3,36.9,理论方法,实践观点与认识论,理论方法/实践观点与认识论.md,高,100.0,已列入原主题页重点卡片,马克思主义哲学 中国 社会实践(25.0)；哲学史(19.17)；哲学史 哲学概论 读法(17.94)；思维与存在 关系 哲学史(17.63)；列宁 实践 认识 辩证法(8.33),1017_马克思主义哲学_中国_社会实践.md；1906_哲学史.md；0942_哲学史_哲学概论_读法.md；0941_思维与存在_关系_哲学史.md；0835_列宁_实践_认识_辩证法.md,,哲学史、社会实践,马克思主义哲学中国化与中国哲学的现代转型；冯契文集第七卷中国近代哲学的革命进程；米丁-辩证唯物论历史唯物论下-rightToLeft,537-539；3；326,是,可按主题页优先检索,先查主题页《实践观点与认识论》，再在 T3/T10 中检索：哲学史|社会实践|认识辩证运动,否
941,思维与存在 关系 哲学史,0941_思维与存在_关系_哲学史.md,3,48.83,理论方法,哲学基本范畴与辩证法原理,理论方法/哲学基本范畴与辩证法原理.md,低,10.0,二级自动主题组匹配：思维与存在,思维与存在 同一性 争论(32.14)；思维与存在 同一性 讨论(32.14)；哲学史(20.56)；哲学史 哲学概论 读法(18.57)；哲学史 社会实践 认识辩证运动(17.63),1042_思维与存在_同一性_争论.md；1365_思维与存在_同一性_讨论.md；1906_哲学史.md；0942_哲学史_哲学概论_读法.md；0940_哲学史_社会实践_认识辩证运动.md,,思维与存在、关系、哲学史,马克思主义哲学中国化与中国哲学的现代转型；冯契文集第七卷中国近代哲学的革命进程；“新哲学”大众化运动研究,537-539；3；174,是,先核验原卡片再使用,先查主题页《哲学基本范畴与辩证法原理》，再在 T3/T10 中检索：思维与存在|关系|哲学史,否
942,哲学史 哲学概论 读法,0942_哲学史_哲学概论_读法.md,3,47.59,其他待人工复核,其他待人工复核,其他待人工复核/其他待人工复核.md,待人工归类,0.0,未命中已有主题页和自动主题组规则，建议人工判断,哲学史(22.14)；思维与存在 关系 哲学史(18.57)；哲学史 社会实践 认识辩证运动(17.94)；社会哲学概论(8.33)；瞿秋白 社会哲学概论 讲义(5.36),1906_哲学史.md；0941_思维与存在_关系_哲学史.md；0940_哲学史_社会实践_认识辩证运动.md；1979_社会哲学概论.md；0296_瞿秋白_社会哲学概论_讲义.md,,哲学史、哲学概论、读法,艾思奇全书（第2卷）；“新哲学”大众化运动研究；马克思主义哲学史教程,88-91；140；637-639,是,可按主题页优先检索,先查主题页《其他待人工复核》，再在 T3/T10 中检索：哲学史|哲学概论|读法,否
943,青年 读书 精神生活,0943_青年_读书_精神生活.md,3,30.53,新哲学大众化,青年教育与人生观,新哲学大众化/青年教育与人生观.md,低,10.0,自动主题组匹配：青年,贫穷 知识 读书 青年(24.17)；国家主义 青年(12.27)；读书生活(6.25),0945_贫穷_知识_读书_青年.md；1726_国家主义_青年.md；1901_读书生活.md,,青年、读书,艾思奇全书（第1卷）；胡绳全书（第一卷）；童稚集,539；6-8；172-173,是,先核验原卡片再使用,先查主题页《青年教育与人生观》，再在 T3/T10 中检索：青年|读书|精神生活,否
944,文明 精神 物质 现实,0944_文明_精神_物质_现实.md,3,61.2,理论方法,哲学基本范畴与辩证法原理,理论方法/哲学基本范畴与辩证法原理.md,低,10.0,自动主题组匹配：物质,精神 物质 美术 宗教 科学(15.77)；孙中山 物质 精神 关系(13.85)；物质 运动 发展(12.27)；物质 变动 发展(12.27)；实践 物质 何者为先(11.92),1411_精神_物质_美术_宗教_科学.md；1604_孙中山_物质_精神_关系.md；1457_物质_运动_发展.md；1458_物质_变动_发展.md；1073_实践_物质_何者为先.md,,文明、精神、物质、现实,马克思主义哲学史；艾思奇全书（第2卷）；艾思奇全书（第1卷）,485；507-509；352-354,是,先核验原卡片再使用,先查主题页《哲学基本范畴与辩证法原理》，再在 T3/T10 中检索：文明|精神|物质|现实,否
945,贫穷 知识 读书 青年,0945_贫穷_知识_读书_青年.md,3,40.2,新哲学大众化,青年教育与人生观,新哲学大众化/青年教育与人生观.md,低,10.0,自动主题组匹配：青年,青年 读书 精神生活(24.17)；复兴 知识(12.78)；知识 道德(12.78)；知识 发展 真理(12.27)；国家主义 青年(12.27),0943_青年_读书_精神生活.md；2025_复兴_知识.md；2027_知识_道德.md；1459_知识_发展_真理.md；1726_国家主义_青年.md,,知识、读书、青年,童稚集；胡绳全书.第7卷；胡绳全书（第一卷）,172-173；394-395；153,是,先核验原卡片再使用,先查主题页《青年教育与人生观》，再在 T3/T10 中检索：贫穷|知识|读书|青年,否
946,地方刊物 健全 文化,0946_地方刊物_健全_文化.md,3,32.53,学科史,哲学教学与学术制度建设,学科史/哲学教学与学术制度建设.md,低,10.0,二级自动主题组匹配：地方刊物,,,,健全、文化,艾思奇全书（第2卷）；马克思主义哲学史教程；艾思奇全书（第1卷）,803；529-531；110,是,先核验原卡片再使用,先查主题页《哲学教学与学术制度建设》，再在 T3/T10 中检索：地方刊物|健全|文化,否
947,国统区 刊物 马克思主义哲学研究,0947_国统区_刊物_马克思主义哲学研究.md,3,41.16,理论方法,马克思恩格斯经典文本与哲学关系,理论方法/马克思恩格斯经典文本与哲学关系.md,低,10.0,自动主题组匹配：马克思,李达 马克思主义哲学研究(53.33)；毛泽东 马克思主义哲学研究(52.5)；国统区 翻译介绍 马克思主义哲学(26.11)；国统区 理论著述 马克思主义哲学(26.11)；国统区 马克思主义理论 研究宣传(24.21),1754_李达_马克思主义哲学研究.md；1756_毛泽东_马克思主义哲学研究.md；0067_国统区_翻译介绍_马克思主义哲学.md；1035_国统区_理论著述_马克思主义哲学.md；0927_国统区_马克思主义理论_研究宣传.md,,国统区、刊物、马克思主义哲学研究,马克思主义哲学在中国：传播、应用、形态、前景；延安时期知识分子群体与马克思主义哲学大众化郭 - 2015 -；马克思主义哲学中国化理论与历史,167-170；90；232,是,先核验原卡片再使用,先查主题页《马克思恩格斯经典文本与哲学关系》，再在 T3/T10 中检索：国统区|刊物|马克思主义哲学研究,否
948,文化运动 思想界 两年来,0948_文化运动_思想界_两年来.md,3,37.39,学科史,哲学教学与学术制度建设,学科史/哲学教学与学术制度建设.md,低,18.0,二级自动主题组匹配：文化运动、思想界,文化运动 新启蒙运动(25.77)；文化运动 哲学 科学 文艺(25.0)；新文化运动 中国思想界 启蒙(8.33)；十年来新文化运动 检讨(7.14)；五四新文化 新文化运动(5.77),1744_文化运动_新启蒙运动.md；0478_文化运动_哲学_科学_文艺.md；0125_新文化运动_中国思想界_启蒙.md；1690_十年来新文化运动_检讨.md；1783_五四新文化_新文化运动.md,,文化运动、两年来、思想界,胡绳全书（第一卷）；国家主义与20世纪20年代的文化、政治；继承五四和扬弃五四,56-58；149；41,是,先核验原卡片再使用,先查主题页《哲学教学与学术制度建设》，再在 T3/T10 中检索：文化运动|思想界|两年来,否
949,劳心 劳力 阶级差别,0949_劳心_劳力_阶级差别.md,3,33.38,其他待人工复核,其他待人工复核,其他待人工复核/其他待人工复核.md,待人工归类,3.0,未命中已有主题页和自动主题组规则，建议人工判断,,,,劳心、劳力,“新哲学”大众化运动研究；马克思主义哲学中国化理论与历史；中国文化与马克思主义,62；462；138,是,可按主题页优先检索,先查主题页《其他待人工复核》，再在 T3/T10 中检索：劳心|劳力|阶级差别,否
950,民众教育 识字 劳动者,0950_民众教育_识字_劳动者.md,3,35.39,理论方法,政治经济学与资本主义批判,理论方法/政治经济学与资本主义批判.md,低,10.0,自动主题组匹配：劳动,劳动者 尊严 胡绳(19.17)；识字 教育 穷人 出路(13.85),0437_劳动者_尊严_胡绳.md；0951_识字_教育_穷人_出路.md,,民众教育、识字、劳动者,延安时期知识分子群体与马克思主义哲学大众化郭 - 2015 -；马克思主义中国化的起源语境；列宁选集第三卷_2012,75；50；403,是,先核验原卡片再使用,先查主题页《政治经济学与资本主义批判》，再在 T3/T10 中检索：民众教育|识字|劳动者,否
951,识字 教育 穷人 出路,0951_识字_教育_穷人_出路.md,3,27.2,新哲学大众化,青年教育与人生观,新哲学大众化/青年教育与人生观.md,低,10.0,自动主题组匹配：教育,民众教育 识字 劳动者(13.85),0950_民众教育_识字_劳动者.md,,识字、教育、出路,艾思奇全书（第1卷）；艾思奇全书（第2卷）；胡绳全书（第一卷）,348-351；792；464-465,是,先核验原卡片再使用,先查主题页《青年教育与人生观》，再在 T3/T10 中检索：识字|教育|穷人|出路,否
952,模糊 看见 人类丑恶,0952_模糊_看见_人类丑恶.md,3,31.15,新哲学大众化,大众哲学案例与社会生活,新哲学大众化/大众哲学案例与社会生活.md,低,10.0,二级自动主题组匹配：人类丑恶,,,,模糊、看见,列宁选集第二卷_2012；马恩文集第七卷（资本论3）；张东荪-唯物辩证法论战,307；1020；466,是,先核验原卡片再使用,先查主题页《大众哲学案例与社会生活》，再在 T3/T10 中检索：模糊|看见|人类丑恶,否
953,革命者 劳苦 幸福,0953_革命者_劳苦_幸福.md,3,35.0,新哲学大众化,大众哲学案例与社会生活,新哲学大众化/大众哲学案例与社会生活.md,中,24.0,二级自动主题组匹配：革命者、劳苦、幸福,种花 革命者 未来(20.0),0439_种花_革命者_未来.md,,革命者、劳苦、幸福,童稚集；胡绳全书.第7卷；中国近代思想史论,7-8；240-241；411,是,可按主题页优先检索,先查主题页《大众哲学案例与社会生活》，再在 T3/T10 中检索：革命者|劳苦|幸福,否
954,革命 英雄 未来 种子,0954_革命_英雄_未来_种子.md,3,42.4,其他待人工复核,其他待人工复核,其他待人工复核/其他待人工复核.md,待人工归类,9.0,未命中已有主题页和自动主题组规则，建议人工判断,种花 革命者 未来(14.55)；李大钊 众庶 英雄(12.08)；英雄 英雄主义 思想批评(11.79),0439_种花_革命者_未来.md；0351_李大钊_众庶_英雄.md；1444_英雄_英雄主义_思想批评.md,,革命、英雄、未来、种子,胡绳全书.第7卷；马克思主义哲学中国化与中国哲学的现代转型；童稚集,240-241；158-160；7-8,是,可按主题页优先检索,先查主题页《其他待人工复核》，再在 T3/T10 中检索：革命|英雄|未来|种子,否
955,自由 平等 抗日,0955_自由_平等_抗日.md,3,44.07,论战与思想运动,中国近代启蒙与民主革命,论战与思想运动/中国近代启蒙与民主革命.md,中,20.0,自动主题组匹配：自由、平等,民族自由 民族平等 抗日(21.11)；九一八 自由 平等 战(18.33)；庄子 自由 平等 齐物(18.33)；兼爱 平等 社会理想(12.27)；自由(5.0),0957_民族自由_民族平等_抗日.md；0956_九一八_自由_平等_战.md；1006_庄子_自由_平等_齐物.md；1009_兼爱_平等_社会理想.md；1981_自由.md,,自由、平等、抗日,马克思主义哲学史（第六卷；抗日战争与中国共产党哲学思想的形成和发展_李维武；马克思主义哲学史,432-435；11；287,是,可按主题页优先检索,先查主题页《中国近代启蒙与民主革命》，再在 T3/T10 中检索：自由|平等|抗日,否
956,九一八 自由 平等 战,0956_九一八_自由_平等_战.md,3,43.93,论战与思想运动,中国近代启蒙与民主革命,论战与思想运动/中国近代启蒙与民主革命.md,中,20.0,自动主题组匹配：自由、平等,自由 平等 抗日(18.33)；庄子 自由 平等 齐物(16.82)；兼爱 平等 社会理想(11.92),0955_自由_平等_抗日.md；1006_庄子_自由_平等_齐物.md；1009_兼爱_平等_社会理想.md,,九一八、自由、平等,童稚集；胡绳全书.第7卷；我們繼續歷史的事業前進：爲紀念中國共產黨成立十七週年而作,9-10；242-243；2,是,可按主题页优先检索,先查主题页《中国近代启蒙与民主革命》，再在 T3/T10 中检索：九一八|自由|平等,否
957,民族自由 民族平等 抗日,0957_民族自由_民族平等_抗日.md,1,28.53,论战与思想运动,中国近代启蒙与民主革命,论战与思想运动/中国近代启蒙与民主革命.md,中,20.0,自动主题组匹配：自由、平等,自由 平等 抗日(21.11),0955_自由_平等_抗日.md,,民族平等、抗日,马克思主义中国化史,未识别,是,可按主题页优先检索,先查主题页《中国近代启蒙与民主革命》，再在 T3/T10 中检索：民族自由|民族平等|抗日,否
958,救中国 大众 责任,0958_救中国_大众_责任.md,3,35.61,新哲学大众化,大众哲学案例与社会生活,新哲学大众化/大众哲学案例与社会生活.md,低,16.0,二级自动主题组匹配：大众、责任,改造 责任(13.12),2028_改造_责任.md,,大众、责任,马克思主义中国化史；马克思主义哲学在中国：传播、应用、形态、前景；“新哲学”大众化运动研究,未识别；466-468；16,是,先核验原卡片再使用,先查主题页《大众哲学案例与社会生活》，再在 T3/T10 中检索：救中国|大众|责任,否
959,宁为玉碎 毋为瓦全 抗战,0959_宁为玉碎_毋为瓦全_抗战.md,0,0.0,传播史,民族国家与国际关系,传播史/民族国家与国际关系.md,低,10.0,自动主题组匹配：抗战,抗战 新启蒙运动(11.79)；文艺 抗战 现实 反映(11.67)；抗战 哲学 现实 任务(11.67)；哲学 阶级性 党性 抗战(11.56)；新启蒙运动 抗日救亡 抗战(11.39),1871_抗战_新启蒙运动.md；0482_文艺_抗战_现实_反映.md；1582_抗战_哲学_现实_任务.md；1581_哲学_阶级性_党性_抗战.md；1820_新启蒙运动_抗日救亡_抗战.md,,,,,否,先核验原卡片再使用,先查主题页《民族国家与国际关系》，再在 T3/T10 中检索：宁为玉碎|毋为瓦全|抗战,否
960,郭沫若 徐志摩 批评,0960_郭沫若_徐志摩_批评.md,3,35.8,理论方法,唯物史观与中国史学研究,理论方法/唯物史观与中国史学研究.md,低,10.0,自动主题组匹配：郭沫若,郭沫若 中国古代社会研究 唯物史观(17.63)；王道 新小说 批评(12.08)；冯友兰 新世训 批评(11.92)；反孔思潮 旧思想 批评(11.79)；机械论 机械唯物论 批评(11.79),0006_郭沫若_中国古代社会研究_唯物史观.md；0964_王道_新小说_批评.md；0476_冯友兰_新世训_批评.md；1402_反孔思潮_旧思想_批评.md；1535_机械论_机械唯物论_批评.md,,郭沫若、徐志摩、批评,童稚集；胡绳全书.第7卷；中国现代思想史论,23-25；255-257；266,是,先核验原卡片再使用,先查主题页《唯物史观与中国史学研究》，再在 T3/T10 中检索：郭沫若|徐志摩|批评,否
961,生活 作家 创作,0961_生活_作家_创作.md,3,47.8,新哲学大众化,大众哲学案例与社会生活,新哲学大众化/大众哲学案例与社会生活.md,中,24.0,二级自动主题组匹配：生活、作家、创作,作家 创作 社会生活(32.5)；延安时期 马克思主义哲学 创作 宣讲(11.39),0962_作家_创作_社会生活.md；1206_延安时期_马克思主义哲学_创作_宣讲.md,,生活、作家、创作,童稚集；胡绳全书.第7卷；马克思主义哲学史（第六卷,71-73；299-301；513-518,是,可按主题页优先检索,先查主题页《大众哲学案例与社会生活》，再在 T3/T10 中检索：生活|作家|创作,否
962,作家 创作 社会生活,0962_作家_创作_社会生活.md,3,34.13,新哲学大众化,大众哲学案例与社会生活,新哲学大众化/大众哲学案例与社会生活.md,中,24.0,二级自动主题组匹配：生活、作家、创作,生活 作家 创作(32.5)；艾思奇 哲学与生活 社会生活(25.36)；延安时期 马克思主义哲学 创作 宣讲(11.25),0961_生活_作家_创作.md；0363_艾思奇_哲学与生活_社会生活.md；1206_延安时期_马克思主义哲学_创作_宣讲.md,,作家、创作、社会生活,童稚集；胡绳全书.第7卷；马克思主义哲学史（第六卷,71-73；299-301；2-511,是,可按主题页优先检索,先查主题页《大众哲学案例与社会生活》，再在 T3/T10 中检索：作家|创作|社会生活,否
963,辩证法 通俗化 书评,0963_辩证法_通俗化_书评.md,3,37.84,新哲学大众化,新哲学大众化运动,新哲学大众化/新哲学大众化运动.md,低,13.0,自动主题组匹配：通俗,进攻 防御 辩证法(19.55)；持久 速决 辩证法(19.55)；内线 外线 辩证法(19.55)；主动 被动 辩证法(19.55)；辩证法 中国 进展(19.55),1325_进攻_防御_辩证法.md；1326_持久_速决_辩证法.md；1327_内线_外线_辩证法.md；1328_主动_被动_辩证法.md；1401_辩证法_中国_进展.md,,辩证法、通俗化,马克思主义哲学史教程；从唯物辩证法论战到马克思主义哲学大众化——对艾思奇《大众哲学》的解读_李维武；童稚集,414-416；3；135-136,是,先核验原卡片再使用,先查主题页《新哲学大众化运动》，再在 T3/T10 中检索：辩证法|通俗化|书评,否
964,王道 新小说 批评,0964_王道_新小说_批评.md,3,33.4,新哲学大众化,大众哲学案例与社会生活,新哲学大众化/大众哲学案例与社会生活.md,低,16.0,二级自动主题组匹配：王道、新小说,冯友兰 新世训 批评(12.08)；郭沫若 徐志摩 批评(12.08)；反孔思潮 旧思想 批评(11.92)；机械论 机械唯物论 批评(11.92)；唯生论 力行哲学 批评(11.92),0476_冯友兰_新世训_批评.md；0960_郭沫若_徐志摩_批评.md；1402_反孔思潮_旧思想_批评.md；1535_机械论_机械唯物论_批评.md；1585_唯生论_力行哲学_批评.md,,王道、新小说、批评,童稚集；胡绳全书.第7卷；中国近代思想史论,127；351；442,是,先核验原卡片再使用,先查主题页《大众哲学案例与社会生活》，再在 T3/T10 中检索：王道|新小说|批评,否
965,马克思主义在中国 马克思主义中国化 当代中国马克思主义,0965_马克思主义在中国_马克思主义中国化_当代中国马克思主义.md,3,67.72,理论方法,马克思恩格斯经典文本与哲学关系,理论方法/马克思恩格斯经典文本与哲学关系.md,低,18.0,自动主题组匹配：马克思,马克思主义中国化 前瞻(51.67)；起源 马克思主义中国化(51.67)；马克思主义中国化 思潮(51.67)；马克思主义中国化 重建(51.67)；中国化思潮 马克思主义中国化(50.94),1180_马克思主义中国化_前瞻.md；1761_起源_马克思主义中国化.md；1827_马克思主义中国化_思潮.md；1828_马克思主义中国化_重建.md；1618_中国化思潮_马克思主义中国化.md,,马克思主义在中国、马克思主义中国化、当代中国马克思主义,当代中国马克思主义哲学大众化的基本原则与推进路径_尚庆飞；延安时期知识分子群体与马克思主义哲学大众化郭 - 2015 -；马克思主义中国化时代化的历史逻辑、根本途径和当代课题——访北京大学马克思主义学院郭建宁教授_本刊记者,3；211；1,是,先核验原卡片再使用,先查主题页《马克思恩格斯经典文本与哲学关系》，再在 T3/T10 中检索：马克思主义在中国|马克思主义中国化|当代中国马克思主义,否
966,文化改造 社会革命 马克思主义引进,0966_文化改造_社会革命_马克思主义引进.md,1,26.6,理论方法,马克思恩格斯经典文本与哲学关系,理论方法/马克思恩格斯经典文本与哲学关系.md,低,15.0,自动主题组匹配：马克思,俄国 社会革命(24.69)；李达 阶级 国家 社会意识 社会革命(23.26)；罗莎卢森堡 社会革命 合法改良(23.26)；文化大革命 马克思主义学术 挫折(8.75)；文化大革命 马克思主义哲学 歪曲(8.75),1722_俄国_社会革命.md；0318_李达_阶级_国家_社会意识_社会革命.md；1099_罗莎卢森堡_社会革命_合法改良.md；0644_文化大革命_马克思主义学术_挫折.md；0650_文化大革命_马克思主义哲学_歪曲.md,,文化改造、社会革命、马克思主义引进,中国马克思主义学术史纲,未识别,是,先核验原卡片再使用,先查主题页《马克思恩格斯经典文本与哲学关系》，再在 T3/T10 中检索：文化改造|社会革命|马克思主义引进,否
967,中西融合 马克思主义中国化,0967_中西融合_马克思主义中国化.md,3,36.01,理论方法,马克思恩格斯经典文本与哲学关系,理论方法/马克思恩格斯经典文本与哲学关系.md,低,18.0,自动主题组匹配：马克思,马克思主义中国化 前瞻(53.46)；起源 马克思主义中国化(53.46)；马克思主义中国化 思潮(53.46)；马克思主义中国化 重建(53.46)；中国化思潮 马克思主义中国化(52.5),1180_马克思主义中国化_前瞻.md；1761_起源_马克思主义中国化.md；1827_马克思主义中国化_思潮.md；1828_马克思主义中国化_重建.md；1618_中国化思潮_马克思主义中国化.md,,中西融合、马克思主义中国化,中国马克思主义学术史纲；马克思主义中国化的历史进程和基本经验研究_石仲泉；中国现代性建构：马克思主义中国化研究的重要视角_赵园园,12-14；2；7,是,先核验原卡片再使用,先查主题页《马克思恩格斯经典文本与哲学关系》，再在 T3/T10 中检索：中西融合|马克思主义中国化,否
968,马克思主义 学术思想 时代背景,0968_马克思主义_学术思想_时代背景.md,3,43.2,理论方法,马克思恩格斯经典文本与哲学关系,理论方法/马克思恩格斯经典文本与哲学关系.md,低,10.0,自动主题组匹配：马克思,早期马克思主义 学术思想 开展(32.5)；陈独秀 社会主义 学术思想(27.35)；李大钊 历史观 学术思想(24.17)；李大钊 马克思主义 学术贡献(8.82)；中国马克思主义 学术史 研究(8.82),0969_早期马克思主义_学术思想_开展.md；0263_陈独秀_社会主义_学术思想.md；0259_李大钊_历史观_学术思想.md；0260_李大钊_马克思主义_学术贡献.md；0915_中国马克思主义_学术史_研究.md,,马克思主义、学术思想、时代背景,中国马克思主义学术史纲；中国文化与马克思主义；延安时期知识分子群体与马克思主义哲学大众化郭 - 2015 -,14-16；395；201,是,先核验原卡片再使用,先查主题页《马克思恩格斯经典文本与哲学关系》，再在 T3/T10 中检索：马克思主义|学术思想|时代背景,否
969,早期马克思主义 学术思想 开展,0969_早期马克思主义_学术思想_开展.md,3,39.83,理论方法,马克思恩格斯经典文本与哲学关系,理论方法/马克思恩格斯经典文本与哲学关系.md,低,10.0,自动主题组匹配：马克思,马克思主义 学术思想 时代背景(32.5)；陈独秀 社会主义 学术思想(27.35)；李大钊 历史观 学术思想(24.17)；李大钊 马克思主义 学术贡献(8.82)；中国马克思主义 学术史 研究(8.82),0968_马克思主义_学术思想_时代背景.md；0263_陈独秀_社会主义_学术思想.md；0259_李大钊_历史观_学术思想.md；0260_李大钊_马克思主义_学术贡献.md；0915_中国马克思主义_学术史_研究.md,,早期马克思主义、学术思想、开展,中国马克思主义学术史纲；马克思主义哲学中国化理论与历史；继承五四和扬弃五四,14-16；89；13,是,先核验原卡片再使用,先查主题页《马克思恩格斯经典文本与哲学关系》，再在 T3/T10 中检索：早期马克思主义|学术思想|开展,否
970,马克思主义 学术研究 职业化,0970_马克思主义_学术研究_职业化.md,3,42.28,理论方法,马克思恩格斯经典文本与哲学关系,理论方法/马克思恩格斯经典文本与哲学关系.md,低,10.0,自动主题组匹配：马克思,苏联哲学 党性原则 学术研究(23.95)；中国马克思主义 学术史 研究(11.67)；职业学者 马克思主义 学术贡献(10.94)；中国马克思主义 学术史 职业学者(10.29)；李大钊 马克思主义 学术贡献(9.38),0809_苏联哲学_党性原则_学术研究.md；0915_中国马克思主义_学术史_研究.md；0270_职业学者_马克思主义_学术贡献.md；0257_中国马克思主义_学术史_职业学者.md；0260_李大钊_马克思主义_学术贡献.md,,马克思主义、学术研究,马克思主义哲学在中国：传播、应用、形态、前景；中国马克思主义学术史纲；延安时期知识分子群体与马克思主义哲学大众化郭 - 2015 -,未识别；190；85,是,先核验原卡片再使用,先查主题页《马克思恩格斯经典文本与哲学关系》，再在 T3/T10 中检索：马克思主义|学术研究|职业化,否
971,唯物辩证法论战 中国马克思主义,0971_唯物辩证法论战_中国马克思主义.md,3,56.79,理论方法,辩证唯物主义体系,理论方法/辩证唯物主义体系.md,高,106.0,已列入原主题页重点卡片；命中主题种子词：唯物辩证法,唯物辩证法论战 马克思主义哲学(50.62)；唯物辩证法论战 马克思主义哲学 哲学大众化(47.5)；中国马克思主义 马克思主义者(45.0)；唯物辩证法论战 学术史(44.38)；张东荪 唯物辩证法论战(44.38),1426_唯物辩证法论战_马克思主义哲学.md；1789_唯物辩证法论战_马克思主义哲学_哲学大众化.md；1788_中国马克思主义_马克思主义者.md；0919_唯物辩证法论战_学术史.md；1607_张东荪_唯物辩证法论战.md,,唯物辩证法论战、中国马克思主义,从唯物辩证法论战到马克思主义哲学大众化——对艾思奇《大众哲学》的解读_李维武；中国文化与马克思主义；马克思主义哲学中国化理论与历史,1；323；89,是,可按主题页优先检索,先查主题页《辩证唯物主义体系》，再在 T3/T10 中检索：唯物辩证法论战|中国马克思主义,否
972,马克思主义中国化 初期历史 理论,0972_马克思主义中国化_初期历史_理论.md,3,43.72,理论方法,马克思恩格斯经典文本与哲学关系,理论方法/马克思恩格斯经典文本与哲学关系.md,低,18.0,自动主题组匹配：马克思,马克思主义中国化 初期理论成果(55.62)；马克思主义中国化 初步实现(52.5)；马克思主义中国化 理论困境(52.5)；邓小平理论 马克思主义中国化(51.76)；马克思主义中国化 历史性飞跃(51.76),0973_马克思主义中国化_初期理论成果.md；1166_马克思主义中国化_初步实现.md；1178_马克思主义中国化_理论困境.md；0646_邓小平理论_马克思主义中国化.md；1179_马克思主义中国化_历史性飞跃.md,,马克思主义中国化、理论,马克思主义中国化的历史进程和基本经验研究_石仲泉；马克思主义哲学中国化理论与历史；马克思主义中国化探论,9；550；33,是,先核验原卡片再使用,先查主题页《马克思恩格斯经典文本与哲学关系》，再在 T3/T10 中检索：马克思主义中国化|初期历史|理论,否
973,马克思主义中国化 初期理论成果,0973_马克思主义中国化_初期理论成果.md,3,36.01,中国化,中国化的马克思主义与毛泽东思想,中国化/中国化的马克思主义与毛泽东思想.md,高,114.0,已列入原主题页重点卡片；命中主题种子词：马克思主义中国化；主题词重合：马克思主义中国化,马克思主义中国化 初期历史 理论(55.62)；民主革命时期 马克思主义中国化 理论成果(52.5)；马克思主义中国化 初步实现(52.5)；马克思主义中国化 理论困境(52.5)；邓小平理论 马克思主义中国化(51.76),0972_马克思主义中国化_初期历史_理论.md；1118_民主革命时期_马克思主义中国化_理论成果.md；1166_马克思主义中国化_初步实现.md；1178_马克思主义中国化_理论困境.md；0646_邓小平理论_马克思主义中国化.md,,马克思主义中国化,马克思主义中国化的历史进程和基本经验研究_石仲泉；中国现代性建构：马克思主义中国化研究的重要视角_赵园园；抗战时期的“中国化”思潮与马克思主义中国化_张立慧,2；7；4,是,可按主题页优先检索,先查主题页《中国化的马克思主义与毛泽东思想》，再在 T3/T10 中检索：马克思主义中国化|初期理论成果,否
974,学术论战 马克思主义中国化,0974_学术论战_马克思主义中国化.md,3,36.01,理论方法,马克思恩格斯经典文本与哲学关系,理论方法/马克思恩格斯经典文本与哲学关系.md,低,18.0,自动主题组匹配：马克思,马克思主义中国化 前瞻(53.46)；起源 马克思主义中国化(53.46)；马克思主义中国化 思潮(53.46)；马克思主义中国化 重建(53.46)；马克思主义中国化 提出 学术史(53.33),1180_马克思主义中国化_前瞻.md；1761_起源_马克思主义中国化.md；1827_马克思主义中国化_思潮.md；1828_马克思主义中国化_重建.md；0920_马克思主义中国化_提出_学术史.md,,马克思主义中国化,马克思主义中国化的历史进程和基本经验研究_石仲泉；中国现代性建构：马克思主义中国化研究的重要视角_赵园园；抗战时期的“中国化”思潮与马克思主义中国化_张立慧,2；7；4,是,先核验原卡片再使用,先查主题页《马克思恩格斯经典文本与哲学关系》，再在 T3/T10 中检索：学术论战|马克思主义中国化,否
975,中国马克思主义 学术共同体 形成,0975_中国马克思主义_学术共同体_形成.md,3,41.91,理论方法,马克思恩格斯经典文本与哲学关系,理论方法/马克思恩格斯经典文本与哲学关系.md,低,10.0,自动主题组匹配：马克思,中国马克思主义 学术史 研究(47.5)；中国马克思主义 学术史 起步(47.5)；中国马克思主义 学术史 阶段(47.5)；中国马克思主义 学术史 职业学者(46.11)；中国马克思主义 马克思主义者(45.0),0915_中国马克思主义_学术史_研究.md；0917_中国马克思主义_学术史_起步.md；0921_中国马克思主义_学术史_阶段.md；0257_中国马克思主义_学术史_职业学者.md；1788_中国马克思主义_马克思主义者.md,,中国马克思主义、形成,当代中国马克思主义哲学大众化的基本原则与推进路径_尚庆飞；中国马克思主义：概念界定与历史使命_王庆丰；一本教科书、一个时代、一种...学原理教科书的再思考(下)_何萍,2；8；3,是,先核验原卡片再使用,先查主题页《马克思恩格斯经典文本与哲学关系》，再在 T3/T10 中检索：中国马克思主义|学术共同体|形成,否
976,武训传 批判 唯心史观,0976_武训传_批判_唯心史观.md,3,42.6,论战与思想运动,文学艺术与文艺理论,论战与思想运动/文学艺术与文艺理论.md,低,8.0,二级自动主题组匹配：武训传,武训传 唯心史观 批判(50.0)；自由意志论 批判 唯物史观(5.0),1345_武训传_唯心史观_批判.md；0036_自由意志论_批判_唯物史观.md,,武训传、批判、唯心史观,马克思主义哲学史；中国马克思主义学术史纲；1940年代中国共产党人的思想批判和新民主主义话语权的确立_陈先初,36-38；88-90；5,是,先核验原卡片再使用,先查主题页《文学艺术与文艺理论》，再在 T3/T10 中检索：武训传|批判|唯心史观,否
977,红楼梦 俞平伯 批判,0977_红楼梦_俞平伯_批判.md,3,51.0,论战与思想运动,文学艺术与文艺理论,论战与思想运动/文学艺术与文艺理论.md,低,16.0,二级自动主题组匹配：红楼梦、俞平伯,,,,红楼梦、俞平伯、批判,中国马克思主义学术史纲；马克思主义哲学在中国：传播、应用、形态、前景；马克思主义哲学史,90-92；187-190；38-40,是,先核验原卡片再使用,先查主题页《文学艺术与文艺理论》，再在 T3/T10 中检索：红楼梦|俞平伯|批判,否
978,历史唯物主义 研讨 争论,0978_历史唯物主义_研讨_争论.md,3,40.6,理论方法,历史唯物主义体系,理论方法/历史唯物主义体系.md,高,114.0,已列入原主题页重点卡片；命中主题种子词：历史唯物主义；主题词重合：历史唯物主义,历史唯物主义 辩证唯物主义(40.42)；历史唯物主义 辩证唯物主义 列宁(38.93)；历史唯物主义 战争观 毛泽东(38.33)；人民民主专政 历史唯物主义(38.33)；辩证唯物主义 历史唯物主义 斯大林(38.33),1707_历史唯物主义_辩证唯物主义.md；1800_历史唯物主义_辩证唯物主义_列宁.md；0555_历史唯物主义_战争观_毛泽东.md；0600_人民民主专政_历史唯物主义.md；0787_辩证唯物主义_历史唯物主义_斯大林.md,,历史唯物主义、研讨、争论,中国马克思主义学术史纲；列宁专题文集·论辩证唯物主义和历史唯物主义；冯契文集第七卷中国近代哲学的革命进程,102；312；446,是,可按主题页优先检索,先查主题页《历史唯物主义体系》，再在 T3/T10 中检索：历史唯物主义|研讨|争论,否
979,社会主义社会 发展动力 讨论,0979_社会主义社会_发展动力_讨论.md,3,43.2,理论方法,哲学基本范畴与辩证法原理,理论方法/哲学基本范畴与辩证法原理.md,低,10.0,自动主题组匹配：发展,社会主义社会 前进动力 矛盾(38.33)；新民主主义社会 社会主义社会 过渡(36.25)；社会主义社会 基本矛盾 理论(36.25)；社会主义社会 两类矛盾 学说(36.25)；共产主义 社会主义 发展经验(8.33),1355_社会主义社会_前进动力_矛盾.md；0606_新民主主义社会_社会主义社会_过渡.md；1351_社会主义社会_基本矛盾_理论.md；1353_社会主义社会_两类矛盾_学说.md；1477_共产主义_社会主义_发展经验.md,,社会主义社会、发展动力、讨论,中国马克思主义学术史纲；马克思主义哲学在中国：传播、应用、形态、前景；马克思主义哲学史(第五卷),102；164-165；447-448,是,先核验原卡片再使用,先查主题页《哲学基本范畴与辩证法原理》，再在 T3/T10 中检索：社会主义社会|发展动力|讨论,否
980,上层建筑 国家问题 讨论,0980_上层建筑_国家问题_讨论.md,3,37.8,理论方法,历史唯物主义体系,理论方法/历史唯物主义体系.md,高,112.0,已列入原主题页重点卡片；命中主题种子词：上层建筑；主题词重合：上层建筑,语言学问题 经济基础 上层建筑(25.88)；国家问题 哲学思考 五四(25.0)；李达 经济基础 上层建筑(25.0)；斯大林 语言学问题 经济基础 上层建筑(25.0)；经济基础 上层建筑 相互作用(24.41),0003_语言学问题_经济基础_上层建筑.md；0141_国家问题_哲学思考_五四.md；0315_李达_经济基础_上层建筑.md；0904_斯大林_语言学问题_经济基础_上层建筑.md；0019_经济基础_上层建筑_相互作用.md,,上层建筑、国家问题、讨论,中国马克思主义学术史纲；百年中国哲学革命；马克思主义哲学史,104-106；190-192；169-171,是,可按主题页优先检索,先查主题页《历史唯物主义体系》，再在 T3/T10 中检索：上层建筑|国家问题|讨论,否
981,辩证唯物主义 研讨 争论,0981_辩证唯物主义_研讨_争论.md,3,39.45,理论方法,辩证唯物主义体系,理论方法/辩证唯物主义体系.md,高,114.0,已列入原主题页重点卡片；命中主题种子词：辩证唯物主义；主题词重合：辩证唯物主义,历史唯物主义 辩证唯物主义(40.42)；唯心主义 辩证唯物主义(40.42)；瞿秋白 辩证唯物主义 传播(38.93)；历史唯物主义 辩证唯物主义 列宁(38.93)；瞿秋白 辩证唯物主义 中国化(38.33),1707_历史唯物主义_辩证唯物主义.md；1766_唯心主义_辩证唯物主义.md；0335_瞿秋白_辩证唯物主义_传播.md；1800_历史唯物主义_辩证唯物主义_列宁.md；0300_瞿秋白_辩证唯物主义_中国化.md,,辩证唯物主义、研讨、争论,中国马克思主义学术史纲；列宁专题文集·论辩证唯物主义和历史唯物主义；米丁-辩证唯物论历史唯物论下-rightToLeft,106；334；130,是,可按主题页优先检索,先查主题页《辩证唯物主义体系》，再在 T3/T10 中检索：辩证唯物主义|研讨|争论,否
982,唯物辩证法 体系 规律 探讨,0982_唯物辩证法_体系_规律_探讨.md,3,58.0,理论方法,辩证唯物主义体系,理论方法/辩证唯物主义体系.md,高,121.0,已列入原主题页重点卡片；命中主题种子词：唯物辩证法、规律；主题词重合：唯物辩证法、规律,唯物辩证法 风靡全国(32.14)；唯物辩证法 风靡 起点(32.14)；唯物辩证法 风靡 前奏(32.14)；唯物辩证法 风靡 原因(32.14)；逐步改造 唯物辩证法(32.14),1026_唯物辩证法_风靡全国.md；1027_唯物辩证法_风靡_起点.md；1028_唯物辩证法_风靡_前奏.md；1030_唯物辩证法_风靡_原因.md；1052_逐步改造_唯物辩证法.md,,唯物辩证法、体系、规律、探讨,中国马克思主义学术史纲；马克思主义哲学史；马克思主义哲学史教程,106-108；205-207；917-919,是,可按主题页优先检索,先查主题页《辩证唯物主义体系》，再在 T3/T10 中检索：唯物辩证法|体系|规律|探讨,否
983,社会主义革命 建设 辩证法,0983_社会主义革命_建设_辩证法.md,3,50.48,当代反思,社会主义建设时期哲学讨论与反思,当代反思/社会主义建设时期哲学讨论与反思.md,低,10.0,二级自动主题组匹配：社会主义革命 建设,社会主义革命 建设 主观主义(53.46)；民主主义革命 社会主义革命 辩证统一(39.38)；社会主义革命 形式 多样(38.93)；民主主义革命 社会主义革命 必然趋势(37.35)；一国胜利理论 列宁 社会主义革命(36.94),1357_社会主义革命_建设_主观主义.md；1049_民主主义革命_社会主义革命_辩证统一.md；1473_社会主义革命_形式_多样.md；1050_民主主义革命_社会主义革命_必然趋势.md；0869_一国胜利理论_列宁_社会主义革命.md,,社会主义革命、建设、辩证法,中国马克思主义学术史纲；马克思主义哲学史；一本教科书、一个时代、一种...学原理教科书的再思考(上)_何萍,120-122；92；8,是,先核验原卡片再使用,先查主题页《社会主义建设时期哲学讨论与反思》，再在 T3/T10 中检索：社会主义革命|建设|辩证法,否
984,社会主义社会矛盾学说 创立,0984_社会主义社会矛盾学说_创立.md,3,28.4,当代反思,社会主义社会矛盾理论,当代反思/社会主义社会矛盾理论.md,高,117.0,已列入原主题页重点卡片；命中主题种子词：社会主义社会矛盾、矛盾、社会主义,社会主义社会 两类矛盾 学说(13.46)；社会主义社会矛盾 理论 传播(10.71)；社会主义社会 基本矛盾 理论(8.33)；社会主义社会 前进动力 矛盾(8.33)；社会主义社会基本矛盾 概念 规定(7.35),1353_社会主义社会_两类矛盾_学说.md；0099_社会主义社会矛盾_理论_传播.md；1351_社会主义社会_基本矛盾_理论.md；1355_社会主义社会_前进动力_矛盾.md；1352_社会主义社会基本矛盾_概念_规定.md,,社会主义社会矛盾学说、创立,中国马克思主义学术史纲；中国近代思想史论；米丁-辩证唯物论历史唯物论下-rightToLeft,126-128；53；122,是,可按主题页优先检索,先查主题页《社会主义社会矛盾理论》，再在 T3/T10 中检索：社会主义社会矛盾学说|创立,否
985,无产阶级专政 历史经验 认识,0985_无产阶级专政_历史经验_认识.md,3,51.56,理论方法,阶级斗争与社会革命理论,理论方法/阶级斗争与社会革命理论.md,高,112.0,已列入原主题页重点卡片；命中主题种子词：无产阶级、阶级、专政,国家 革命 无产阶级专政(38.33)；国家与革命 无产阶级专政(37.81)；哲学领域 无产阶级专政 苏联(37.35)；列宁 国家 革命 无产阶级专政(37.35)；列宁 无产阶级专政 学说 发展(37.35),1090_国家_革命_无产阶级专政.md；1654_国家与革命_无产阶级专政.md；0770_哲学领域_无产阶级专政_苏联.md；0839_列宁_国家_革命_无产阶级专政.md；0871_列宁_无产阶级专政_学说_发展.md,,无产阶级专政、历史经验、认识,《实践论》和《矛盾论》对马克思主义哲学中国化的启示_许全兴；列宁选集第三卷_2012；中国马克思主义学术史纲,11；522；124-126,是,可按主题页优先检索,先查主题页《阶级斗争与社会革命理论》，再在 T3/T10 中检索：无产阶级专政|历史经验|认识,否
986,哲学 宗教 中国文化,0986_哲学_宗教_中国文化.md,3,48.68,中国哲学传统,中国哲学传统与现代转型,中国哲学传统/中国哲学传统与现代转型.md,低,13.0,自动主题组匹配：中国文化,中国文化 儒学(28.33)；中国文化 马克思(27.5)；中国文化 古与今 联系(26.25)；古代传统 现代传统 中国文化(25.77)；中国文化 精神基础 伦理(25.77),1731_中国文化_儒学.md；1736_中国文化_马克思.md；1246_中国文化_古与今_联系.md；0750_古代传统_现代传统_中国文化.md；0988_中国文化_精神基础_伦理.md,,哲学、宗教、中国文化,中国哲学简史；中国文化与马克思主义；马克思主义哲学中国化_问题与进路_孙伟平,3-6；67；3,是,先核验原卡片再使用,先查主题页《中国哲学传统与现代转型》，再在 T3/T10 中检索：哲学|宗教|中国文化,否
987,中国人 哲学 宗教,0987_中国人_哲学_宗教.md,3,47.4,论战与思想运动,宗教批判与无神论思想,论战与思想运动/宗教批判与无神论思想.md,低,10.0,自动主题组匹配：宗教,哲学 宗教 中国文化(21.11)；哲学 批判 政治 宗教(14.55)；宗教 资本主义(12.5)；宗教 资产阶级(12.5)；非常时 宗教 态度(12.27),0986_哲学_宗教_中国文化.md；1087_哲学_批判_政治_宗教.md；1716_宗教_资本主义.md；1948_宗教_资产阶级.md；1586_非常时_宗教_态度.md,,中国人、哲学、宗教,中国哲学简史；马克思主义哲学中国化与中国哲学的现代转型；马克思主义哲学在中国：传播、应用、形态、前景,3-6；320-321；90-94,是,先核验原卡片再使用,先查主题页《宗教批判与无神论思想》，再在 T3/T10 中检索：中国人|哲学|宗教,否
988,中国文化 精神基础 伦理,0988_中国文化_精神基础_伦理.md,3,39.8,中国哲学传统,中国哲学传统与现代转型,中国哲学传统/中国哲学传统与现代转型.md,低,13.0,自动主题组匹配：中国文化,中国文化 儒学(26.82)；中国文化 马克思(26.25)；哲学 宗教 中国文化(25.77)；中国文化 古与今 联系(25.36)；古代传统 现代传统 中国文化(25.0),1731_中国文化_儒学.md；1736_中国文化_马克思.md；0986_哲学_宗教_中国文化.md；1246_中国文化_古与今_联系.md；0750_古代传统_现代传统_中国文化.md,,中国文化、精神基础、伦理,中国哲学简史；中国文化与马克思主义；冯契文集第七卷中国近代哲学的革命进程,3-6；85；365,是,先核验原卡片再使用,先查主题页《中国哲学传统与现代转型》，再在 T3/T10 中检索：中国文化|精神基础|伦理,否
989,哲学 反思 人生,0989_哲学_反思_人生.md,3,51.0,新哲学大众化,人生观与青年哲学教育,新哲学大众化/人生观与青年哲学教育.md,低,9.0,二级自动主题组匹配：人生,苏联哲学 改革时期 反思(14.17)；人生 客观标准 好(12.5)；解脱 人生 悲剧 逃世(12.27)；人生 活动 社会基础(12.27)；人生 三大真理 生活(12.27),0815_苏联哲学_改革时期_反思.md；1453_人生_客观标准_好.md；1440_解脱_人生_悲剧_逃世.md；1449_人生_活动_社会基础.md；1523_人生_三大真理_生活.md,,哲学、反思、人生,中国哲学简史；百年中国哲学革命；马克思主义哲学中国化与中国哲学的现代转型,3-6；579-580；361-363,是,先核验原卡片再使用,先查主题页《人生观与青年哲学教育》，再在 T3/T10 中检索：哲学|反思|人生,否
990,为学 为道 区别,0990_为学_为道_区别.md,3,43.16,其他待人工复核,其他待人工复核,其他待人工复核/其他待人工复核.md,待人工归类,0.0,未命中已有主题页和自动主题组规则，建议人工判断,,,,为学、为道、区别,认识世界和认识自己；中国哲学简史；冯契文集第七卷中国近代哲学的革命进程,116；7-8；138,是,可按主题页优先检索,先查主题页《其他待人工复核》，再在 T3/T10 中检索：为学|为道|区别,否
991,哲学 代宗教 中国传统,0991_哲学_代宗教_中国传统.md,3,44.4,中国哲学传统,中国哲学传统与现代转型,中国哲学传统/中国哲学传统与现代转型.md,低,10.0,自动主题组匹配：传统,哲学 宗教 中国文化(9.09)；中国传统哲学 精华 发掘(7.69)；中国人 哲学 宗教(6.82)；唯物史观 研究 中国传统哲学(6.67)；毛泽东 实践论 中国传统哲学(6.67),0986_哲学_宗教_中国文化.md；1492_中国传统哲学_精华_发掘.md；0987_中国人_哲学_宗教.md；0042_唯物史观_研究_中国传统哲学.md；0570_毛泽东_实践论_中国传统哲学.md,,哲学、代宗教、中国传统,中国哲学简史；马克思主义哲学中国化与中国哲学的现代转型；百年中国哲学革命,7-8；331-333；206,是,先核验原卡片再使用,先查主题页《中国哲学传统与现代转型》，再在 T3/T10 中检索：哲学|代宗教|中国传统,否
992,圣人 个人 宇宙 同一,0992_圣人_个人_宇宙_同一.md,3,38.8,新哲学大众化,人生观与青年哲学教育,新哲学大众化/人生观与青年哲学教育.md,低,8.0,二级自动主题组匹配：宇宙,宇宙 社会 本体(12.27)；一粒砂 宇宙 哲学(12.08)；李大钊 宇宙 大实在(11.92),1456_宇宙_社会_本体.md；1455_一粒砂_宇宙_哲学.md；0348_李大钊_宇宙_大实在.md,,圣人、个人、宇宙、同一,科学与人生观；中国哲学简史；中国近代哲学的革命进程,397-399；318-321；555-558,是,先核验原卡片再使用,先查主题页《人生观与青年哲学教育》，再在 T3/T10 中检索：圣人|个人|宇宙|同一,否
993,大陆国家 海洋国家 哲学,0993_大陆国家_海洋国家_哲学.md,3,46.0,传播史,民族国家与国际关系,传播史/民族国家与国际关系.md,低,10.0,自动主题组匹配：国家,,,,大陆国家、海洋国家、哲学,中国哲学简史；马克思主义哲学史教程；马恩文集第三卷（1864-1883）,32-34；757；73,是,先核验原卡片再使用,先查主题页《民族国家与国际关系》，再在 T3/T10 中检索：大陆国家|海洋国家|哲学,否
994,中国艺术 诗歌 哲学,0994_中国艺术_诗歌_哲学.md,3,41.4,论战与思想运动,文学艺术与文艺理论,论战与思想运动/文学艺术与文艺理论.md,低,10.0,自动主题组匹配：艺术,,,,中国艺术、诗歌、哲学,中国哲学简史；马克思主义哲学史教程；冯契文集第七卷中国近代哲学的革命进程,14-18；28-32；509,是,先核验原卡片再使用,先查主题页《文学艺术与文艺理论》，再在 T3/T10 中检索：中国艺术|诗歌|哲学,否
995,刘歆 各家起源 理论,0995_刘歆_各家起源_理论.md,3,43.8,理论方法,哲学基本范畴与辩证法原理,理论方法/哲学基本范畴与辩证法原理.md,低,8.0,二级自动主题组匹配：理论,儒家 起源 士(5.56)；道家 起源 隐者(5.0)；墨家 起源 武士(5.0)；名家 起源 辩者(5.0),0699_儒家_起源_士.md；0700_道家_起源_隐者.md；0996_墨家_起源_武士.md；0997_名家_起源_辩者.md,,刘歆、各家起源、理论,中国哲学简史；冯契文集第七卷中国近代哲学的革命进程；张东荪-唯物辩证法论战,40-43；112；465,是,先核验原卡片再使用,先查主题页《哲学基本范畴与辩证法原理》，再在 T3/T10 中检索：刘歆|各家起源|理论,否
996,墨家 起源 武士,0996_墨家_起源_武士.md,1,27.33,中国哲学传统,中国古代哲学概念与思想传统,中国哲学传统/中国古代哲学概念与思想传统.md,低,8.0,二级自动主题组匹配：墨家,儒家 起源 士(17.14)；道家 起源 隐者(16.25)；名家 起源 辩者(16.25)；阴阳家 起源 方士(15.56)；法家 起源 法术之士(15.0),0699_儒家_起源_士.md；0700_道家_起源_隐者.md；0997_名家_起源_辩者.md；0998_阴阳家_起源_方士.md；0999_法家_起源_法术之士.md,,墨家、武士,中国哲学简史,61-63,是,先核验原卡片再使用,先查主题页《中国古代哲学概念与思想传统》，再在 T3/T10 中检索：墨家|起源|武士,否
997,名家 起源 辩者,0997_名家_起源_辩者.md,2,31.73,中国哲学传统,中国古代哲学概念与思想传统,中国哲学传统/中国古代哲学概念与思想传统.md,低,8.0,二级自动主题组匹配：名家,名家 辩者 名实(26.25)；儒家 起源 士(17.14)；道家 起源 隐者(16.25)；墨家 起源 武士(16.25)；阴阳家 起源 方士(15.56),1004_名家_辩者_名实.md；0699_儒家_起源_士.md；0700_道家_起源_隐者.md；0996_墨家_起源_武士.md；0998_阴阳家_起源_方士.md,,名家、辩者、起源,中国哲学简史；近五十年中国思想史,96-100；197-200,是,先核验原卡片再使用,先查主题页《中国古代哲学概念与思想传统》，再在 T3/T10 中检索：名家|起源|辩者,否
998,阴阳家 起源 方士,0998_阴阳家_起源_方士.md,2,32.6,中国哲学传统,中国古代哲学概念与思想传统,中国哲学传统/中国古代哲学概念与思想传统.md,低,8.0,二级自动主题组匹配：阴阳家,阴阳家 五行 历史哲学(19.17)；儒家 起源 士(16.25)；道家 起源 隐者(15.56)；墨家 起源 武士(15.56)；名家 起源 辩者(15.56),1005_阴阳家_五行_历史哲学.md；0699_儒家_起源_士.md；0700_道家_起源_隐者.md；0996_墨家_起源_武士.md；0997_名家_起源_辩者.md,,阴阳家、起源、方士,中国哲学简史；近五十年中国思想史,155-157；165-168,是,先核验原卡片再使用,先查主题页《中国古代哲学概念与思想传统》，再在 T3/T10 中检索：阴阳家|起源|方士,否
999,法家 起源 法术之士,0999_法家_起源_法术之士.md,3,31.97,中国哲学传统,中国古代哲学概念与思想传统,中国哲学传统/中国古代哲学概念与思想传统.md,低,8.0,二级自动主题组匹配：法家,儒家 起源 士(15.56)；道家 起源 隐者(15.0)；墨家 起源 武士(15.0)；名家 起源 辩者(15.0)；阴阳家 起源 方士(14.55),0699_儒家_起源_士.md；0700_道家_起源_隐者.md；0996_墨家_起源_武士.md；0997_名家_起源_辩者.md；0998_阴阳家_起源_方士.md,,法家、法术之士、起源,中国哲学简史；近五十年中国思想史；中国文化与马克思主义,183-185；165-168；378,是,先核验原卡片再使用,先查主题页《中国古代哲学概念与思想传统》，再在 T3/T10 中检索：法家|起源|法术之士,否
1000,孔子 正名 仁义,1000_孔子_正名_仁义.md,3,37.93,中国哲学传统,中国哲学传统与现代转型,中国哲学传统/中国哲学传统与现代转型.md,低,10.0,自动主题组匹配：孔子,孔子 忠恕 知命(12.78)；正名 名实 政治秩序(12.27)；老子 孔子 王船山 哲学讨论(11.79),1001_孔子_忠恕_知命.md；1008_正名_名实_政治秩序.md；1368_老子_孔子_王船山_哲学讨论.md,,孔子、正名、仁义,中国哲学简史；文化契合、文化融合与文化重构——对马克思主义中国化的文化思考_张琳；中国文化与马克思主义,51；3；310,是,先核验原卡片再使用,先查主题页《中国哲学传统与现代转型》，再在 T3/T10 中检索：孔子|正名|仁义,否
1001,孔子 忠恕 知命,1001_孔子_忠恕_知命.md,3,33.17,中国哲学传统,中国哲学传统与现代转型,中国哲学传统/中国哲学传统与现代转型.md,低,10.0,自动主题组匹配：孔子,孔子 正名 仁义(12.78)；中国哲学 知命 能动性(12.08)；老子 孔子 王船山 哲学讨论(11.79),1000_孔子_正名_仁义.md；0706_中国哲学_知命_能动性.md；1368_老子_孔子_王船山_哲学讨论.md,,孔子、知命、忠恕,中国哲学简史；马克思主义哲学史；中国文化与马克思主义,54-56；279-281；343,是,先核验原卡片再使用,先查主题页《中国哲学传统与现代转型》，再在 T3/T10 中检索：孔子|忠恕|知命,否
1002,墨子 兼爱 天志 明鬼,1002_墨子_兼爱_天志_明鬼.md,3,48.8,中国哲学传统,中国古代哲学概念与思想传统,中国哲学传统/中国古代哲学概念与思想传统.md,低,8.0,二级自动主题组匹配：墨子,兼爱 平等 社会理想(11.92),1009_兼爱_平等_社会理想.md,,墨子、兼爱、天志、明鬼,中国哲学简史；近五十年中国思想史；中国近代思想史论,67-68；165-168；194,是,先核验原卡片再使用,先查主题页《中国古代哲学概念与思想传统》，再在 T3/T10 中检索：墨子|兼爱|天志|明鬼,否
1003,孟子 性善 政治哲学,1003_孟子_性善_政治哲学.md,3,43.94,中国哲学传统,中国古代哲学概念与思想传统,中国哲学传统/中国古代哲学概念与思想传统.md,低,16.0,二级自动主题组匹配：孟子、性善,,,,孟子、性善、政治哲学,马克思主义中国化探论；中国哲学简史；马克思主义哲学史教程,44；83-85；827-828,是,先核验原卡片再使用,先查主题页《中国古代哲学概念与思想传统》，再在 T3/T10 中检索：孟子|性善|政治哲学,否
1004,名家 辩者 名实,1004_名家_辩者_名实.md,3,34.6,中国哲学传统,中国古代哲学概念与思想传统,中国哲学传统/中国古代哲学概念与思想传统.md,低,16.0,二级自动主题组匹配：名家、名实,名家 起源 辩者(26.25)；正名 名实 政治秩序(12.27),0997_名家_起源_辩者.md；1008_正名_名实_政治秩序.md,,名家、辩者、名实,中国哲学简史；“新理学”批判的批判；认识世界和认识自己,96-100；174；212,是,先核验原卡片再使用,先查主题页《中国古代哲学概念与思想传统》，再在 T3/T10 中检索：名家|辩者|名实,否
1005,阴阳家 五行 历史哲学,1005_阴阳家_五行_历史哲学.md,2,37.0,中国哲学传统,中国古代哲学概念与思想传统,中国哲学传统/中国古代哲学概念与思想传统.md,低,16.0,二级自动主题组匹配：阴阳家、五行,阴阳家 起源 方士(19.17)；历史哲学教程 唯物史观(5.36),0998_阴阳家_起源_方士.md；0031_历史哲学教程_唯物史观.md,,阴阳家、五行、历史哲学,中国哲学简史；中国文化与马克思主义,162-164；105,是,先核验原卡片再使用,先查主题页《中国古代哲学概念与思想传统》，再在 T3/T10 中检索：阴阳家|五行|历史哲学,否
1006,庄子 自由 平等 齐物,1006_庄子_自由_平等_齐物.md,3,34.0,论战与思想运动,中国近代启蒙与民主革命,论战与思想运动/中国近代启蒙与民主革命.md,中,20.0,自动主题组匹配：自由、平等,自由 平等 抗日(18.33)；九一八 自由 平等 战(16.82)；兼爱 平等 社会理想(11.92),0955_自由_平等_抗日.md；0956_九一八_自由_平等_战.md；1009_兼爱_平等_社会理想.md,,自由、平等、庄子,马克思主义哲学史；胡绳全书.第7卷；中国哲学简史,287；242-243；125-127,是,可按主题页优先检索,先查主题页《中国近代启蒙与民主革命》，再在 T3/T10 中检索：庄子|自由|平等|齐物,否
1007,荀子 性恶 礼法,1007_荀子_性恶_礼法.md,3,32.7,中国哲学传统,中国古代哲学概念与思想传统,中国哲学传统/中国古代哲学概念与思想传统.md,低,16.0,二级自动主题组匹配：荀子、性恶,,,,荀子、性恶、礼法,中国哲学简史；中国文化与马克思主义；冯契文集第七卷中国近代哲学的革命进程,172-173；52；60,是,先核验原卡片再使用,先查主题页《中国古代哲学概念与思想传统》，再在 T3/T10 中检索：荀子|性恶|礼法,否
1008,正名 名实 政治秩序,1008_正名_名实_政治秩序.md,3,33.19,中国哲学传统,中国古代哲学概念与思想传统,中国哲学传统/中国古代哲学概念与思想传统.md,低,16.0,二级自动主题组匹配：正名、名实,孔子 正名 仁义(12.27)；名家 辩者 名实(12.27),1000_孔子_正名_仁义.md；1004_名家_辩者_名实.md,,正名、名实,中国哲学简史；“新理学”批判的批判；认识世界和认识自己,51；174；157,是,先核验原卡片再使用,先查主题页《中国古代哲学概念与思想传统》，再在 T3/T10 中检索：正名|名实|政治秩序,否
1009,兼爱 平等 社会理想,1009_兼爱_平等_社会理想.md,3,35.24,论战与思想运动,中国近代启蒙与民主革命,论战与思想运动/中国近代启蒙与民主革命.md,低,10.0,自动主题组匹配：平等,大同 小康 社会理想(26.82)；自由 平等 抗日(12.27)；九一八 自由 平等 战(11.92)；墨子 兼爱 天志 明鬼(11.92)；庄子 自由 平等 齐物(11.92),1010_大同_小康_社会理想.md；0955_自由_平等_抗日.md；0956_九一八_自由_平等_战.md；1002_墨子_兼爱_天志_明鬼.md；1006_庄子_自由_平等_齐物.md,,平等、社会理想,认识世界和认识自己；马克思主义哲学中国化理论与历史；冯契文集第七卷中国近代哲学的革命进程,23；419；109,是,先核验原卡片再使用,先查主题页《中国近代启蒙与民主革命》，再在 T3/T10 中检索：兼爱|平等|社会理想,否
1010,大同 小康 社会理想,1010_大同_小康_社会理想.md,3,45.76,中国哲学传统,中国古代哲学概念与思想传统,中国哲学传统/中国古代哲学概念与思想传统.md,低,16.0,二级自动主题组匹配：大同、小康,兼爱 平等 社会理想(26.82)；大同 理想社会 毛泽东(16.25)；农业社会 德化 大同(14.17)；康有为 托古改制 大同(11.79),1009_兼爱_平等_社会理想.md；0621_大同_理想社会_毛泽东.md；1410_农业社会_德化_大同.md；0172_康有为_托古改制_大同.md,,大同、小康、社会理想,马克思主义哲学中国化理论与历史；中国近代哲学的革命进程；马克思主义哲学中国化与中国哲学的现代转型,581；99-103；73-75,是,先核验原卡片再使用,先查主题页《中国古代哲学概念与思想传统》，再在 T3/T10 中检索：大同|小康|社会理想,否
1011,洛斯基 直觉主义 唯心主义,1011_洛斯基_直觉主义_唯心主义.md,3,49.97,中国哲学传统,现代中国哲学人物与知识论,中国哲学传统/现代中国哲学人物与知识论.md,低,18.0,二级自动主题组匹配：洛斯基、直觉主义,唯心主义 唯物主义(29.09)；唯心主义 黑格尔(26.25)；唯心主义 马赫主义(26.25)；唯心主义 辩证法(26.25)；唯心主义 资产阶级(25.77),1721_唯心主义_唯物主义.md；1724_唯心主义_黑格尔.md；1728_唯心主义_马赫主义.md；1745_唯心主义_辩证法.md；1750_唯心主义_资产阶级.md,,洛斯基、直觉主义、唯心主义,米丁-辩证唯物论历史唯物论下-rightToLeft；米丁-辩证唯物论与历史唯物论-上-rightToLeft；冯契文集第七卷中国近代哲学的革命进程,364；49；372,是,先核验原卡片再使用,先查主题页《现代中国哲学人物与知识论》，再在 T3/T10 中检索：洛斯基|直觉主义|唯心主义,否
1012,弗兰克 神秘主义 本体论,1012_弗兰克_神秘主义_本体论.md,3,37.17,中国哲学传统,现代中国哲学人物与知识论,中国哲学传统/现代中国哲学人物与知识论.md,低,18.0,二级自动主题组匹配：弗兰克、神秘主义,实践 认识论 本体论(18.57)；本体论 思想方法论 根本问题(17.78),1074_实践_认识论_本体论.md；0417_本体论_思想方法论_根本问题.md,,弗兰克、神秘主义、本体论,新教伦理与资本主义精神（当代思想巨匠提序导读、综汇多版精要详注、姊妹篇全面收录、阎克文精修译本。） by 马克斯·韦伯 [马克斯·韦伯] (z-lib.org)；“新理学”批判的批判；马克思主义哲学中国化理论与历史,99；244；61,是,先核验原卡片再使用,先查主题页《现代中国哲学人物与知识论》，再在 T3/T10 中检索：弗兰克|神秘主义|本体论,否
1013,自然科学 哲学 机械论派,1013_自然科学_哲学_机械论派.md,3,50.19,苏联哲学,德波林派与机械论派论争,苏联哲学/德波林派与机械论派论争.md,高,112.0,已列入原主题页重点卡片；命中主题种子词：机械论派；主题词重合：机械论派,机械论者 辩证论者 自然科学(28.93)；德国 自然科学(26.82)；新哲学 自然科学 经济学 应用(26.25)；机械论派 辩证论者 苏联哲学(26.25)；哲学 自然科学 科学本身就是哲学(26.25),1275_机械论者_辩证论者_自然科学.md；1786_德国_自然科学.md；0423_新哲学_自然科学_经济学_应用.md；0777_机械论派_辩证论者_苏联哲学.md；1276_哲学_自然科学_科学本身就是哲学.md,,自然科学、哲学、机械论派,马克思主义哲学史教程；苏联哲学70年；高清海先生对马克思主义哲学...理教科书的解构及其当代启示_何萍,378-379；21-25；8,是,可按主题页优先检索,先查主题页《德波林派与机械论派论争》，再在 T3/T10 中检索：自然科学|哲学|机械论派,否
1014,哲学理论 发展 人文化倾向,1014_哲学理论_发展_人文化倾向.md,3,44.6,理论方法,哲学基本范畴与辩证法原理,理论方法/哲学基本范畴与辩证法原理.md,低,12.0,自动主题组匹配：发展,苏联哲学 人文化倾向(34.62)；苏联哲学 人文化倾向 中国参考(32.35)；邓小平 哲学理论 当代形态(24.41)；哲学理论 政治实践 密切联系(24.17),0798_苏联哲学_人文化倾向.md；0820_苏联哲学_人文化倾向_中国参考.md；0656_邓小平_哲学理论_当代形态.md；1207_哲学理论_政治实践_密切联系.md,,哲学理论、发展、人文化倾向,苏联哲学70年；抗日战争与中国共产党哲学思想的形成和发展_李维武；中国马克思主义哲学教科书编写之起步、发展与演化（1922—1949）,192-194；3；2,是,先核验原卡片再使用,先查主题页《哲学基本范畴与辩证法原理》，再在 T3/T10 中检索：哲学理论|发展|人文化倾向,否
1015,哲学 学术性 政治性 张力,1015_哲学_学术性_政治性_张力.md,3,42.4,学科史,哲学教学与学术制度建设,学科史/哲学教学与学术制度建设.md,低,10.0,二级自动主题组匹配：哲学 学术性 政治性,文学 永久性 政治性(20.77)；文艺 永久性 政治性(20.77),0446_文学_永久性_政治性.md；0487_文艺_永久性_政治性.md,,哲学、学术性、政治性、张力,马克思主义哲学中国化与中国哲学的现代转型；“新哲学”大众化运动研究；马克思主义哲学中国化理论与历史,30-32；257；115,是,先核验原卡片再使用,先查主题页《哲学教学与学术制度建设》，再在 T3/T10 中检索：哲学|学术性|政治性|张力,否
1016,马克思主义哲学 在中国 百年历程,1016_马克思主义哲学_在中国_百年历程.md,3,71.4,理论方法,马克思恩格斯经典文本与哲学关系,理论方法/马克思恩格斯经典文本与哲学关系.md,低,10.0,自动主题组匹配：马克思,马克思主义哲学 中国传播 百年历史(47.5)；马克思主义哲学 中国化 历程(47.5)；马克思主义哲学 中国哲学(46.67)；李达 马克思主义哲学 中国化(45.29)；马克思主义哲学 中国哲学 结合(45.29),0083_马克思主义哲学_中国传播_百年历史.md；1413_马克思主义哲学_中国化_历程.md；1823_马克思主义哲学_中国哲学.md；0301_李达_马克思主义哲学_中国化.md；0765_马克思主义哲学_中国哲学_结合.md,,马克思主义哲学、在中国、百年历程,马克思主义哲学在中国：传播、应用、形态、前景；马克思主义哲学中国化与中国哲学的现代转型；马克思主义哲学在中国的传播与马克思主义哲学中国化,未识别；3；5,是,先核验原卡片再使用,先查主题页《马克思恩格斯经典文本与哲学关系》，再在 T3/T10 中检索：马克思主义哲学|在中国|百年历程,否
1017,马克思主义哲学 中国 社会实践,1017_马克思主义哲学_中国_社会实践.md,3,57.43,理论方法,马克思恩格斯经典文本与哲学关系,理论方法/马克思恩格斯经典文本与哲学关系.md,低,10.0,自动主题组匹配：马克思,马克思主义哲学 中国哲学(50.38)；中国社会史 论战 马克思主义哲学(49.06)；李达 马克思主义哲学 中国化(48.33)；马克思主义哲学 中国哲学 结合(48.33)；马克思主义哲学 中国化 历程(48.33),1823_马克思主义哲学_中国哲学.md；0228_中国社会史_论战_马克思主义哲学.md；0301_李达_马克思主义哲学_中国化.md；0765_马克思主义哲学_中国哲学_结合.md；1413_马克思主义哲学_中国化_历程.md,,马克思主义哲学、中国、社会实践,马克思主义哲学在中国：传播、应用、形态、前景；马克思主义哲学中国化与中国哲学的现代转型；当代中国马克思主义哲学大众化的基本原则与推进路径_尚庆飞,未识别；485-487；1,是,先核验原卡片再使用,先查主题页《马克思恩格斯经典文本与哲学关系》，再在 T3/T10 中检索：马克思主义哲学|中国|社会实践,否
1018,马克思主义哲学 主流意识形态 中国,1018_马克思主义哲学_主流意识形态_中国.md,3,56.4,理论方法,马克思恩格斯经典文本与哲学关系,理论方法/马克思恩格斯经典文本与哲学关系.md,低,10.0,自动主题组匹配：马克思,马克思主义哲学 中国哲学(45.94)；马克思主义哲学 中国传统哲学 形态(45.53)；李达 马克思主义哲学 中国化(44.72)；马克思主义哲学 中国哲学 结合(44.72)；教科书形态 马克思主义哲学(44.72),1823_马克思主义哲学_中国哲学.md；1797_马克思主义哲学_中国传统哲学_形态.md；0301_李达_马克思主义哲学_中国化.md；0765_马克思主义哲学_中国哲学_结合.md；0925_教科书形态_马克思主义哲学.md,,马克思主义哲学、主流意识形态、中国,马克思主义哲学在中国：传播、应用、形态、前景；延安时期知识分子群体与马克思主义哲学大众化郭 - 2015 -；中国马克思主义学术史纲,未识别；155；220-222,是,先核验原卡片再使用,先查主题页《马克思恩格斯经典文本与哲学关系》，再在 T3/T10 中检索：马克思主义哲学|主流意识形态|中国,否
1019,马克思主义哲学 多领域 应用,1019_马克思主义哲学_多领域_应用.md,3,48.2,理论方法,马克思恩格斯经典文本与哲学关系,理论方法/马克思恩格斯经典文本与哲学关系.md,低,10.0,自动主题组匹配：马克思,和平改造 马克思主义哲学 应用(55.94)；马克思主义哲学 传播 应用 形态 前景(54.72)；马克思主义哲学 中国哲学(45.71)；李达 马克思主义哲学 研究(45.0)；李达 马克思主义哲学 泰斗(45.0),1051_和平改造_马克思主义哲学_应用.md；0045_马克思主义哲学_传播_应用_形态_前景.md；1823_马克思主义哲学_中国哲学.md；0267_李达_马克思主义哲学_研究.md；0355_李达_马克思主义哲学_泰斗.md,,马克思主义哲学、多领域、应用,马克思主义哲学在中国：传播、应用、形态、前景；二十世纪上半叶马克思主义哲学中国化之检视_王玉平；马克思主义哲学中国化理论与历史,300-301；216；169,是,先核验原卡片再使用,先查主题页《马克思恩格斯经典文本与哲学关系》，再在 T3/T10 中检索：马克思主义哲学|多领域|应用,否
1020,马克思主义哲学 新理论形态 形成,1020_马克思主义哲学_新理论形态_形成.md,3,38.13,理论方法,马克思恩格斯经典文本与哲学关系,理论方法/马克思恩格斯经典文本与哲学关系.md,低,10.0,自动主题组匹配：马克思,教科书形态 马克思主义哲学(45.29)；马克思主义哲学 新民主主义革命(44.72)；冯友兰 新理学 马克思主义哲学(44.72)；马克思主义哲学 中国哲学(44.38)；苏联 教科书形态 马克思主义哲学(44.21),0925_教科书形态_马克思主义哲学.md；0634_马克思主义哲学_新民主主义革命.md；0763_冯友兰_新理学_马克思主义哲学.md；1823_马克思主义哲学_中国哲学.md；0824_苏联_教科书形态_马克思主义哲学.md,,马克思主义哲学、形成,马克思主义哲学史教程；马克思主义哲学中国化与中国哲学的现代转型；马克思主义哲学在中国：传播、应用、形态、前景,18-19；11；286-288,是,先核验原卡片再使用,先查主题页《马克思恩格斯经典文本与哲学关系》，再在 T3/T10 中检索：马克思主义哲学|新理论形态|形成,否
1021,中国马克思主义哲学 起点 先天不足,1021_中国马克思主义哲学_起点_先天不足.md,3,41.23,理论方法,马克思恩格斯经典文本与哲学关系,理论方法/马克思恩格斯经典文本与哲学关系.md,低,14.0,自动主题组匹配：马克思,中国马克思主义哲学 转换(52.5)；中国马克思主义哲学 中国之根 问题(50.53)；中国马克思主义哲学 教科书 建构(50.53)；中国马克思主义哲学 何以是中国的哲学(50.0)；中国马克思主义哲学 文化自信 灵魂(50.0),1819_中国马克思主义哲学_转换.md；0720_中国马克思主义哲学_中国之根_问题.md；0931_中国马克思主义哲学_教科书_建构.md；0724_中国马克思主义哲学_何以是中国的哲学.md；0753_中国马克思主义哲学_文化自信_灵魂.md,,中国马克思主义哲学、起点,高清海先生对马克思主义哲学...理教科书的解构及其当代启示_何萍；一本教科书、一个时代、一种...学原理教科书的再思考(上)_何萍；马克思主义哲学中国化研究的问题与视野_何萍,4；6；7,是,先核验原卡片再使用,先查主题页《马克思恩格斯经典文本与哲学关系》，再在 T3/T10 中检索：中国马克思主义哲学|起点|先天不足,否
1022,转述性介绍 到 大众化介绍,1022_转述性介绍_到_大众化介绍.md,1,49.45,新哲学大众化,新哲学大众化运动,新哲学大众化/新哲学大众化运动.md,低,10.0,自动主题组匹配：大众化,翻译性介绍 到 转述性介绍(35.42),0053_翻译性介绍_到_转述性介绍.md,,转述性介绍、大众化介绍,"马克思主义哲学在中国：传播 应用 形态 前景 (徐素华著, 徐素华著, 徐素华, 徐素華)",19,是,先核验原卡片再使用,先查主题页《新哲学大众化运动》，再在 T3/T10 中检索：转述性介绍|大众化介绍,否
1023,马克思主义哲学 民族形式 民族风格,1023_马克思主义哲学_民族形式_民族风格.md,3,53.99,中国哲学传统,中国作风中国气派与马克思主义哲学,中国哲学传统/中国作风中国气派与马克思主义哲学.md,高,112.0,已列入原主题页重点卡片；命中主题种子词：民族形式；主题词重合：民族形式,民族形式 马克思主义哲学(71.07)；中国化 民族形式 马克思主义哲学(68.24)；马克思主义哲学 民族化 世界历史性质(45.0)；马克思主义哲学 传播形式 转换(44.72)；马克思主义哲学 中国哲学(44.38),1438_民族形式_马克思主义哲学.md；1336_中国化_民族形式_马克思主义哲学.md；1084_马克思主义哲学_民族化_世界历史性质.md；0052_马克思主义哲学_传播形式_转换.md；1823_马克思主义哲学_中国哲学.md,,马克思主义哲学、民族形式、民族风格,马克思主义中国化研究的历史、现状与方法论_郭建宁；马克思主义哲学中国化理论与历史；马克思主义哲学在中国：传播、应用、形态、前景,5；482；3,是,可按主题页优先检索,先查主题页《中国作风中国气派与马克思主义哲学》，再在 T3/T10 中检索：马克思主义哲学|民族形式|民族风格,否
1024,职业哲学家 理论学术性 理性精神,1024_职业哲学家_理论学术性_理性精神.md,1,27.8,学科史,哲学教学与学术制度建设,学科史/哲学教学与学术制度建设.md,中,30.0,二级自动主题组匹配：职业哲学家、理论学术性、理性精神,职业革命家 职业哲学家 传播载体(29.76),0055_职业革命家_职业哲学家_传播载体.md,,职业哲学家、理论学术性、理性精神,马克思主义哲学在中国：传播、应用、形态、前景,3,是,可按主题页优先检索,先查主题页《哲学教学与学术制度建设》，再在 T3/T10 中检索：职业哲学家|理论学术性|理性精神,否
1025,救亡图存 马克思主义哲学 需要,1025_救亡图存_马克思主义哲学_需要.md,3,55.3,理论方法,马克思恩格斯经典文本与哲学关系,理论方法/马克思恩格斯经典文本与哲学关系.md,低,10.0,自动主题组匹配：马克思,马克思主义哲学 中国哲学(45.0)；李达 马克思主义哲学 研究(44.38)；李达 马克思主义哲学 泰斗(44.38)；马克思主义哲学 传播 苏联(44.38)；马克思主义哲学 前景 展望(44.38),1823_马克思主义哲学_中国哲学.md；0267_李达_马克思主义哲学_研究.md；0355_李达_马克思主义哲学_泰斗.md；0785_马克思主义哲学_传播_苏联.md；1066_马克思主义哲学_前景_展望.md,,救亡图存、马克思主义哲学、需要,马克思主义哲学在中国：传播、应用、形态、前景；二十世纪上半叶马克思主义哲学中国化之检视_王玉平；马克思主义哲学中国化_问题与进路_孙伟平,41-43；40；4,是,先核验原卡片再使用,先查主题页《马克思恩格斯经典文本与哲学关系》，再在 T3/T10 中检索：救亡图存|马克思主义哲学|需要,否
1026,唯物辩证法 风靡全国,1026_唯物辩证法_风靡全国.md,3,48.02,理论方法,辩证唯物主义体系,理论方法/辩证唯物主义体系.md,高,112.0,已列入原主题页重点卡片；命中主题种子词：唯物辩证法；主题词重合：唯物辩证法,唯物辩证法 风靡 起点(40.0)；唯物辩证法 风靡 前奏(40.0)；唯物辩证法 风靡 原因(40.0)；唯物辩证法 风靡 主要内容(37.5)；逐步改造 唯物辩证法(33.33),1027_唯物辩证法_风靡_起点.md；1028_唯物辩证法_风靡_前奏.md；1030_唯物辩证法_风靡_原因.md；1029_唯物辩证法_风靡_主要内容.md；1052_逐步改造_唯物辩证法.md,,唯物辩证法、风靡全国,“新哲学”大众化运动研究；中国文化与马克思主义；马克思主义哲学在中国：传播、应用、形态、前景,101；320；95-97,是,可按主题页优先检索,先查主题页《辩证唯物主义体系》，再在 T3/T10 中检索：唯物辩证法|风靡全国,否
1027,唯物辩证法 风靡 起点,1027_唯物辩证法_风靡_起点.md,3,43.6,理论方法,辩证唯物主义体系,理论方法/辩证唯物主义体系.md,高,112.0,已列入原主题页重点卡片；命中主题种子词：唯物辩证法；主题词重合：唯物辩证法,唯物辩证法 风靡 前奏(50.0)；唯物辩证法 风靡 原因(50.0)；唯物辩证法 风靡 主要内容(47.5)；唯物史观 起点 唯物辩证法 扩展(43.93)；唯物辩证法 风靡全国(40.0),1028_唯物辩证法_风靡_前奏.md；1030_唯物辩证法_风靡_原因.md；1029_唯物辩证法_风靡_主要内容.md；0004_唯物史观_起点_唯物辩证法_扩展.md；1026_唯物辩证法_风靡全国.md,,唯物辩证法、风靡、起点,马克思主义哲学在中国：传播、应用、形态、前景；“新哲学”大众化运动研究；马克思主义哲学在中国的传播与马克思主义哲学中国化,85；101；12,是,可按主题页优先检索,先查主题页《辩证唯物主义体系》，再在 T3/T10 中检索：唯物辩证法|风靡|起点,否
1028,唯物辩证法 风靡 前奏,1028_唯物辩证法_风靡_前奏.md,3,47.2,理论方法,辩证唯物主义体系,理论方法/辩证唯物主义体系.md,高,112.0,已列入原主题页重点卡片；命中主题种子词：唯物辩证法；主题词重合：唯物辩证法,唯物辩证法 风靡 起点(50.0)；唯物辩证法 风靡 原因(50.0)；唯物辩证法 风靡 主要内容(47.5)；唯物辩证法 风靡全国(40.0)；逐步改造 唯物辩证法(33.33),1027_唯物辩证法_风靡_起点.md；1030_唯物辩证法_风靡_原因.md；1029_唯物辩证法_风靡_主要内容.md；1026_唯物辩证法_风靡全国.md；1052_逐步改造_唯物辩证法.md,,唯物辩证法、风靡、前奏,马克思主义哲学在中国：传播、应用、形态、前景；“新哲学”大众化运动研究；马克思主义哲学在中国的传播与马克思主义哲学中国化,95-97；101；12,是,可按主题页优先检索,先查主题页《辩证唯物主义体系》，再在 T3/T10 中检索：唯物辩证法|风靡|前奏,否
1029,唯物辩证法 风靡 主要内容,1029_唯物辩证法_风靡_主要内容.md,3,39.86,理论方法,辩证唯物主义体系,理论方法/辩证唯物主义体系.md,高,112.0,已列入原主题页重点卡片；命中主题种子词：唯物辩证法；主题词重合：唯物辩证法,唯物辩证法 风靡 起点(47.5)；唯物辩证法 风靡 前奏(47.5)；唯物辩证法 风靡 原因(47.5)；唯物辩证法 风靡全国(37.5)；逐步改造 唯物辩证法(32.14),1027_唯物辩证法_风靡_起点.md；1028_唯物辩证法_风靡_前奏.md；1030_唯物辩证法_风靡_原因.md；1026_唯物辩证法_风靡全国.md；1052_逐步改造_唯物辩证法.md,,唯物辩证法、风靡、主要内容,马克思主义哲学在中国：传播、应用、形态、前景；“新哲学”大众化运动研究；20世纪30年代~40年代马克思主义哲学与中国传统哲学结合的形态_李维武,108-109；258；6,是,可按主题页优先检索,先查主题页《辩证唯物主义体系》，再在 T3/T10 中检索：唯物辩证法|风靡|主要内容,否
1030,唯物辩证法 风靡 原因,1030_唯物辩证法_风靡_原因.md,3,43.6,理论方法,辩证唯物主义体系,理论方法/辩证唯物主义体系.md,高,112.0,已列入原主题页重点卡片；命中主题种子词：唯物辩证法；主题词重合：唯物辩证法,唯物辩证法 风靡 起点(50.0)；唯物辩证法 风靡 前奏(50.0)；唯物辩证法 风靡 主要内容(47.5)；唯物辩证法 风靡全国(40.0)；逐步改造 唯物辩证法(33.33),1027_唯物辩证法_风靡_起点.md；1028_唯物辩证法_风靡_前奏.md；1029_唯物辩证法_风靡_主要内容.md；1026_唯物辩证法_风靡全国.md；1052_逐步改造_唯物辩证法.md,,唯物辩证法、风靡、原因,马克思主义哲学在中国：传播、应用、形态、前景；马克思主义哲学中国化与中国哲学的现代转型；从唯物辩证法论战到马克思主义哲学大众化——对艾思奇《大众哲学》的解读_李维武,85；429-431；2,是,可按主题页优先检索,先查主题页《辩证唯物主义体系》，再在 T3/T10 中检索：唯物辩证法|风靡|原因,否
1031,哲学大论战 国际背景 国内根源,1031_哲学大论战_国际背景_国内根源.md,1,35.8,论战与思想运动,思想论战与文化批判,论战与思想运动/思想论战与文化批判.md,低,10.0,自动主题组匹配：论战,哲学大论战 基本态势 特点(30.56),1032_哲学大论战_基本态势_特点.md,,哲学大论战、国际背景、国内根源,马克思主义哲学在中国：传播、应用、形态、前景,113-116,是,先核验原卡片再使用,先查主题页《思想论战与文化批判》，再在 T3/T10 中检索：哲学大论战|国际背景|国内根源,否
1032,哲学大论战 基本态势 特点,1032_哲学大论战_基本态势_特点.md,1,26.13,论战与思想运动,思想论战与文化批判,论战与思想运动/思想论战与文化批判.md,低,10.0,自动主题组匹配：论战,哲学大论战 国际背景 国内根源(30.56)；大众哲学 特点 社会影响(12.94)；毛泽东哲学思想 特点 贡献(12.78)；改革开放 哲学研究 教学 特点(12.63)；马克思主义哲学 教科书传播 特点(12.38),1031_哲学大论战_国际背景_国内根源.md；0373_大众哲学_特点_社会影响.md；0626_毛泽东哲学思想_特点_贡献.md；0665_改革开放_哲学研究_教学_特点.md；0097_马克思主义哲学_教科书传播_特点.md,,哲学大论战、特点,马克思主义哲学在中国：传播、应用、形态、前景,113,是,先核验原卡片再使用,先查主题页《思想论战与文化批判》，再在 T3/T10 中检索：哲学大论战|基本态势|特点,否
1033,辩证唯物论 分歧 争论,1033_辩证唯物论_分歧_争论.md,3,41.4,理论方法,哲学基本范畴与辩证法原理,理论方法/哲学基本范畴与辩证法原理.md,低,8.0,二级自动主题组匹配：唯物论,历史唯物论 辩证唯物论 米丁(32.69)；李达 辩证唯物论 系统传播(32.14)；俄国 辩证唯物论 思想 介绍(32.14)；辩证唯物论 历史唯物论 传播体系(31.67)；辩证唯物主义 研讨 争论(17.69),1809_历史唯物论_辩证唯物论_米丁.md；0342_李达_辩证唯物论_系统传播.md；0909_俄国_辩证唯物论_思想_介绍.md；0057_辩证唯物论_历史唯物论_传播体系.md；0981_辩证唯物主义_研讨_争论.md,,辩证唯物论、分歧、争论,马克思主义哲学在中国：传播、应用、形态、前景；百年中国哲学革命；从“决裂论”到“土壤论”——新启蒙运动对马克思主义与中国传统文化关系的认识深化_崔海亮,138-140；190-192；3,是,先核验原卡片再使用,先查主题页《哲学基本范畴与辩证法原理》，再在 T3/T10 中检索：辩证唯物论|分歧|争论,否
1034,延安 干部 哲学学习教育,1034_延安_干部_哲学学习教育.md,3,31.53,新哲学大众化,青年教育与人生观,新哲学大众化/青年教育与人生观.md,中,20.0,自动主题组匹配：学习、教育,国统区 延安(12.08)；实事求是 思想路线 延安(11.47),1856_国统区_延安.md；0597_实事求是_思想路线_延安.md,,延安、干部,马克思主义哲学在中国：传播、应用、形态、前景；百年中国哲学革命；艾思奇全书（第2卷）,158-160；331-332；805-807,是,可按主题页优先检索,先查主题页《青年教育与人生观》，再在 T3/T10 中检索：延安|干部|哲学学习教育,否
1035,国统区 理论著述 马克思主义哲学,1035_国统区_理论著述_马克思主义哲学.md,3,52.26,理论方法,马克思恩格斯经典文本与哲学关系,理论方法/马克思恩格斯经典文本与哲学关系.md,低,10.0,自动主题组匹配：马克思,国统区 翻译介绍 马克思主义哲学(61.11)；马克思主义哲学 中国哲学(44.38)；马克思主义哲学 新理论形态 形成(44.21)；李达 马克思主义哲学 研究(43.82)；李达 马克思主义哲学 泰斗(43.82),0067_国统区_翻译介绍_马克思主义哲学.md；1823_马克思主义哲学_中国哲学.md；1020_马克思主义哲学_新理论形态_形成.md；0267_李达_马克思主义哲学_研究.md；0355_李达_马克思主义哲学_泰斗.md,,国统区、理论著述、马克思主义哲学,马克思主义哲学在中国：传播、应用、形态、前景；“新哲学”大众化运动研究；延安时期知识分子群体与马克思主义哲学大众化郭 - 2015 -,166-167；210；128,是,先核验原卡片再使用,先查主题页《马克思恩格斯经典文本与哲学关系》，再在 T3/T10 中检索：国统区|理论著述|马克思主义哲学,否
1036,社会发展史 历史唯物论 学习,1036_社会发展史_历史唯物论_学习.md,3,51.0,理论方法,哲学基本范畴与辩证法原理,理论方法/哲学基本范畴与辩证法原理.md,低,10.0,自动主题组匹配：发展,历史唯物论 社会发展史 艾思奇(63.33)；社会发展史 历史唯物主义 学习运动(39.06)；社会发展史 历史唯物主义 宣传(38.33)；历史唯物论 辩证唯物论 米丁(31.25)；辩证唯物论 历史唯物论 传播体系(30.56),0374_历史唯物论_社会发展史_艾思奇.md；1342_社会发展史_历史唯物主义_学习运动.md；1223_社会发展史_历史唯物主义_宣传.md；1809_历史唯物论_辩证唯物论_米丁.md；0057_辩证唯物论_历史唯物论_传播体系.md,,社会发展史、历史唯物论、学习,马克思主义哲学在中国：传播、应用、形态、前景；马克思主义哲学史；《大众哲学》_马克思主义哲学大众化的经典范本_张立波,183-184；3-5；8,是,先核验原卡片再使用,先查主题页《哲学基本范畴与辩证法原理》，再在 T3/T10 中检索：社会发展史|历史唯物论|学习,否
1037,马列学院 哲学教学 经验总结,1037_马列学院_哲学教学_经验总结.md,3,43.0,学科史,哲学教学与学术制度建设,学科史/哲学教学与学术制度建设.md,中,20.0,二级自动主题组匹配：马列学院、哲学教学,马列学院 哲学教学 经验(60.45)；马克思主义哲学中国化 研究 经验总结(24.55),1343_马列学院_哲学教学_经验.md；1060_马克思主义哲学中国化_研究_经验总结.md,,马列学院、哲学教学、经验总结,马克思主义哲学史；马克思主义哲学在中国：传播、应用、形态、前景；“哲学上三次大论战”提法不宜继续使用,5-6；186-187；3,是,可按主题页优先检索,先查主题页《哲学教学与学术制度建设》，再在 T3/T10 中检索：马列学院|哲学教学|经验总结,否
1038,知识分子 思想改造 唯物论批判,1038_知识分子_思想改造_唯物论批判.md,3,39.36,当代反思,社会主义建设时期哲学讨论与反思,当代反思/社会主义建设时期哲学讨论与反思.md,低,10.0,二级自动主题组匹配：知识分子 思想改造,民主主义 知识分子 思潮(25.88)；延安时期 知识分子(24.69)；知识分子 社会主义 观察(24.17)；知识分子 阶级属性 地位作用(23.75)；知识分子 马克思主义大众化(23.75),1825_民主主义_知识分子_思潮.md；1704_延安时期_知识分子.md；1826_知识分子_社会主义_观察.md；1364_知识分子_阶级属性_地位作用.md；1701_知识分子_马克思主义大众化.md,,知识分子、思想改造,马克思主义哲学在中国：传播、应用、形态、前景；延安时期知识分子群体与马克思主义哲学大众化郭 - 2015 -；中国现代思想史论,190-192；130；6,是,先核验原卡片再使用,先查主题页《社会主义建设时期哲学讨论与反思》，再在 T3/T10 中检索：知识分子|思想改造|唯物论批判,否
1039,哲学解放 工农兵 学哲学,1039_哲学解放_工农兵_学哲学.md,3,47.73,当代反思,社会主义建设时期哲学讨论与反思,当代反思/社会主义建设时期哲学讨论与反思.md,中,36.0,二级自动主题组匹配：工农兵、学哲学、工农兵 学哲学、哲学解放,工农兵 学哲学 用哲学(42.5)；干部群众 学哲学 新中国(18.33),1040_工农兵_学哲学_用哲学.md；0663_干部群众_学哲学_新中国.md,,哲学解放、工农兵、学哲学,马克思主义哲学在中国：传播、应用、形态、前景；马克思主义哲学史；“新哲学”大众化运动研究,203-205；261-262；240,是,可按主题页优先检索,先查主题页《社会主义建设时期哲学讨论与反思》，再在 T3/T10 中检索：哲学解放|工农兵|学哲学,否
1040,工农兵 学哲学 用哲学,1040_工农兵_学哲学_用哲学.md,3,52.2,当代反思,社会主义建设时期哲学讨论与反思,当代反思/社会主义建设时期哲学讨论与反思.md,中,26.0,二级自动主题组匹配：工农兵、学哲学、工农兵 学哲学,哲学解放 工农兵 学哲学(42.5)；干部群众 学哲学 新中国(18.57),1039_哲学解放_工农兵_学哲学.md；0663_干部群众_学哲学_新中国.md,,工农兵、学哲学、用哲学,马克思主义哲学在中国：传播、应用、形态、前景；马克思主义哲学史；“新哲学”大众化运动研究,203-205；261-262；257,是,可按主题页优先检索,先查主题页《社会主义建设时期哲学讨论与反思》，再在 T3/T10 中检索：工农兵|学哲学|用哲学,否
1041,主观能动性 客观规律性 争论,1041_主观能动性_客观规律性_争论.md,3,46.6,理论方法,哲学基本范畴与辩证法原理,理论方法/哲学基本范畴与辩证法原理.md,中,30.0,自动主题组匹配：规律、主观、客观,思维与存在 同一性 争论(12.78)；辩证唯物论 分歧 争论(11.39)；历史唯物主义 研讨 争论(11.32)；辩证唯物主义 研讨 争论(11.32)；一分为二 合二而一 争论(11.32),1042_思维与存在_同一性_争论.md；1033_辩证唯物论_分歧_争论.md；0978_历史唯物主义_研讨_争论.md；0981_辩证唯物主义_研讨_争论.md；1043_一分为二_合二而一_争论.md,,主观能动性、客观规律性、争论,马克思主义哲学在中国：传播、应用、形态、前景；中国马克思主义学术史纲；马克思主义哲学史,209-210；148-150；262-264,是,可按主题页优先检索,先查主题页《哲学基本范畴与辩证法原理》，再在 T3/T10 中检索：主观能动性|客观规律性|争论,否
1042,思维与存在 同一性 争论,1042_思维与存在_同一性_争论.md,3,51.8,理论方法,哲学基本范畴与辩证法原理,理论方法/哲学基本范畴与辩证法原理.md,低,18.0,二级自动主题组匹配：思维与存在、同一性,思维与存在 同一性 讨论(55.91)；思维与存在 关系 哲学史(32.14)；矛盾 同一性 斗争性(18.57)；主观能动性 客观规律性 争论(12.78)；辩证唯物论 分歧 争论(11.56),1365_思维与存在_同一性_讨论.md；0941_思维与存在_关系_哲学史.md；1319_矛盾_同一性_斗争性.md；1041_主观能动性_客观规律性_争论.md；1033_辩证唯物论_分歧_争论.md,,思维与存在、同一性、争论,百年中国哲学革命；中国马克思主义学术史纲；马克思主义哲学史,190-192；146-148；264-288,是,先核验原卡片再使用,先查主题页《哲学基本范畴与辩证法原理》，再在 T3/T10 中检索：思维与存在|同一性|争论,否
1043,一分为二 合二而一 争论,1043_一分为二_合二而一_争论.md,3,49.17,理论方法,哲学基本范畴与辩证法原理,理论方法/哲学基本范畴与辩证法原理.md,中,26.0,自动主题组匹配：一分为二、合二而一,一分为二 合二为一 讨论(29.62)；辩证唯物论 分歧 争论(11.56)；历史唯物主义 研讨 争论(11.47)；辩证唯物主义 研讨 争论(11.47)；思维与存在 同一性 争论(11.47),1366_一分为二_合二为一_讨论.md；1033_辩证唯物论_分歧_争论.md；0978_历史唯物主义_研讨_争论.md；0981_辩证唯物主义_研讨_争论.md；1042_思维与存在_同一性_争论.md,,一分为二、合二而一、争论,百年中国哲学革命；中国马克思主义学术史纲；“哲学上三次大论战”提法不宜继续使用,192-194；172-174；2,是,可按主题页优先检索,先查主题页《哲学基本范畴与辩证法原理》，再在 T3/T10 中检索：一分为二|合二而一|争论,否
1044,马克思主义哲学体系 改造 创新,1044_马克思主义哲学体系_改造_创新.md,3,48.0,理论方法,马克思恩格斯经典文本与哲学关系,理论方法/马克思恩格斯经典文本与哲学关系.md,低,10.0,自动主题组匹配：马克思,教科书编写 创新 马克思主义哲学(19.72)；赎买政策 资本主义工商业 改造(12.27)；改造 责任(11.79)；改造 建设 结合(11.56)；和平改造 马克思主义哲学 应用(10.29),0935_教科书编写_创新_马克思主义哲学.md；1348_赎买政策_资本主义工商业_改造.md；2028_改造_责任.md；1350_改造_建设_结合.md；1051_和平改造_马克思主义哲学_应用.md,,马克思主义哲学体系、改造、创新,马克思主义哲学在中国：传播、应用、形态、前景；马克思主义哲学在中国传播与发展的百年历史（下）；马克思主义哲学中国化的历史进程,258-259；650-652；7,是,先核验原卡片再使用,先查主题页《马克思恩格斯经典文本与哲学关系》，再在 T3/T10 中检索：马克思主义哲学体系|改造|创新,否
1045,价值观 价值哲学 马克思主义哲学,1045_价值观_价值哲学_马克思主义哲学.md,3,54.15,理论方法,马克思恩格斯经典文本与哲学关系,理论方法/马克思恩格斯经典文本与哲学关系.md,低,10.0,自动主题组匹配：马克思,大众哲学 马克思主义哲学 大众化(46.67)；冯友兰 新理学 马克思主义哲学(45.94)；马克思哲学 马克思主义哲学 关系论争(45.94)；马克思主义哲学 中国哲学(45.71)；大众哲学 马克思主义哲学 传播贡献(45.29),0360_大众哲学_马克思主义哲学_大众化.md；0763_冯友兰_新理学_马克思主义哲学.md；1069_马克思哲学_马克思主义哲学_关系论争.md；1823_马克思主义哲学_中国哲学.md；0372_大众哲学_马克思主义哲学_传播贡献.md,,价值观、价值哲学、马克思主义哲学,以新的哲学观重新观照马克思主义哲学中国化的历史；当代中国马克思主义哲学大众化的基本原则与推进路径_尚庆飞；马克思主义哲学在中国传播与发展的百年历史（下）,2；604-606,是,先核验原卡片再使用,先查主题页《马克思恩格斯经典文本与哲学关系》，再在 T3/T10 中检索：价值观|价值哲学|马克思主义哲学,否
1046,马克思主义人学 研究 新拓展,1046_马克思主义人学_研究_新拓展.md,3,37.13,理论方法,马克思恩格斯经典文本与哲学关系,理论方法/马克思恩格斯经典文本与哲学关系.md,低,10.0,自动主题组匹配：马克思,马克思主义哲学史 研究 新拓展(28.33)；毛泽东哲学思想 研究 新拓展(20.56)；李达 马克思主义哲学 研究(10.0)；李达 马克思主义哲学研究(10.0)；毛泽东 马克思主义哲学研究(9.38),0924_马克思主义哲学史_研究_新拓展.md；0496_毛泽东哲学思想_研究_新拓展.md；0267_李达_马克思主义哲学_研究.md；1754_李达_马克思主义哲学研究.md；1756_毛泽东_马克思主义哲学研究.md,,马克思主义人学、研究,马克思主义哲学在中国：传播、应用、形态、前景；马克思主义哲学在中国传播与发展的百年历史（下）；中国文化与马克思主义,296-298；586-588；107,是,先核验原卡片再使用,先查主题页《马克思恩格斯经典文本与哲学关系》，再在 T3/T10 中检索：马克思主义人学|研究|新拓展,否
1047,杜国庠 先秦诸子思想 研究,1047_杜国庠_先秦诸子思想_研究.md,3,50.01,中国哲学传统,中国古代哲学概念与思想传统,中国哲学传统/中国古代哲学概念与思想传统.md,低,8.0,二级自动主题组匹配：诸子,诸子思想 复兴 整理(5.36),1403_诸子思想_复兴_整理.md,,杜国庠、先秦诸子思想、研究,马克思主义哲学在中国：传播、应用、形态、前景；抗战时期重庆马克思主义知识群体“学术中国化”研究特点与启示_于文善；马克思主义哲学的中国化及其历程,335-338；3；231,是,先核验原卡片再使用,先查主题页《中国古代哲学概念与思想传统》，再在 T3/T10 中检索：杜国庠|先秦诸子思想|研究,否
1048,社会发展规律 社会主义 必然兴起,1048_社会发展规律_社会主义_必然兴起.md,3,43.8,理论方法,哲学基本范畴与辩证法原理,理论方法/哲学基本范畴与辩证法原理.md,中,20.0,自动主题组匹配：发展、规律,共产主义 社会主义 发展经验(25.56)；俄国 社会主义(25.36)；德国 社会主义(25.36)；法国 社会主义(25.36)；社会主义 列宁(25.36),1477_共产主义_社会主义_发展经验.md；1758_俄国_社会主义.md；1772_德国_社会主义.md；1817_法国_社会主义.md；1840_社会主义_列宁.md,,社会发展规律、社会主义、必然兴起,马克思主义哲学在中国：传播、应用、形态、前景；马列著作在中国的出版；二十世纪上半叶马克思主义哲学中国化之检视_王玉平,363-365；401；48,是,可按主题页优先检索,先查主题页《哲学基本范畴与辩证法原理》，再在 T3/T10 中检索：社会发展规律|社会主义|必然兴起,否
1049,民主主义革命 社会主义革命 辩证统一,1049_民主主义革命_社会主义革命_辩证统一.md,3,45.4,论战与思想运动,中国近代启蒙与民主革命,论战与思想运动/中国近代启蒙与民主革命.md,低,10.0,自动主题组匹配：民主,民主主义革命 社会主义革命 必然趋势(72.5)；社会主义革命 建设 辩证法(39.38)；社会主义革命 形式 多样(37.81)；社会主义革命 建设 主观主义(37.35)；一国胜利理论 列宁 社会主义革命(36.25),1050_民主主义革命_社会主义革命_必然趋势.md；0983_社会主义革命_建设_辩证法.md；1473_社会主义革命_形式_多样.md；1357_社会主义革命_建设_主观主义.md；0869_一国胜利理论_列宁_社会主义革命.md,,民主主义革命、社会主义革命、辩证统一,马克思主义哲学在中国：传播、应用、形态、前景；马克思主义哲学中国化理论与历史；马列著作在中国的出版,388-390；495；399,是,先核验原卡片再使用,先查主题页《中国近代启蒙与民主革命》，再在 T3/T10 中检索：民主主义革命|社会主义革命|辩证统一,否
1050,民主主义革命 社会主义革命 必然趋势,1050_民主主义革命_社会主义革命_必然趋势.md,3,56.5,论战与思想运动,中国近代启蒙与民主革命,论战与思想运动/中国近代启蒙与民主革命.md,低,10.0,自动主题组匹配：民主,民主主义革命 社会主义革命 辩证统一(72.5)；社会主义革命 形式 多样(37.81)；社会主义革命 建设 辩证法(37.35)；社会主义革命 建设 主观主义(37.35)；一国胜利理论 列宁 社会主义革命(36.25),1049_民主主义革命_社会主义革命_辩证统一.md；1473_社会主义革命_形式_多样.md；0983_社会主义革命_建设_辩证法.md；1357_社会主义革命_建设_主观主义.md；0869_一国胜利理论_列宁_社会主义革命.md,,民主主义革命、社会主义革命、必然趋势,马克思主义哲学在中国：传播、应用、形态、前景；马克思主义哲学中国化理论与历史；马克思主义中国化史,388-390；543；未识别,是,先核验原卡片再使用,先查主题页《中国近代启蒙与民主革命》，再在 T3/T10 中检索：民主主义革命|社会主义革命|必然趋势,否
1051,和平改造 马克思主义哲学 应用,1051_和平改造_马克思主义哲学_应用.md,3,47.0,理论方法,马克思恩格斯经典文本与哲学关系,理论方法/马克思恩格斯经典文本与哲学关系.md,低,10.0,自动主题组匹配：马克思,马克思主义哲学 多领域 应用(55.94)；马克思主义哲学 传播 应用 形态 前景(54.21)；马克思主义哲学 中国哲学(45.0)；李达 马克思主义哲学 研究(44.38)；李达 马克思主义哲学 泰斗(44.38),1019_马克思主义哲学_多领域_应用.md；0045_马克思主义哲学_传播_应用_形态_前景.md；1823_马克思主义哲学_中国哲学.md；0267_李达_马克思主义哲学_研究.md；0355_李达_马克思主义哲学_泰斗.md,,和平改造、马克思主义哲学、应用,马克思主义哲学在中国：传播、应用、形态、前景；二十世纪上半叶马克思主义哲学中国化之检视_王玉平；马克思主义哲学中国化理论与历史,393-394；216；169,是,先核验原卡片再使用,先查主题页《马克思恩格斯经典文本与哲学关系》，再在 T3/T10 中检索：和平改造|马克思主义哲学|应用,否
1052,逐步改造 唯物辩证法,1052_逐步改造_唯物辩证法.md,3,31.46,理论方法,哲学基本范畴与辩证法原理,理论方法/哲学基本范畴与辩证法原理.md,低,18.0,二级自动主题组匹配：辩证法、唯物辩证法,综合改造 唯物辩证法(40.0)；中国式社会主义改造 唯物辩证法(35.0)；唯物辩证法 风靡全国(33.33)；唯物辩证法 风靡 起点(33.33)；唯物辩证法 风靡 前奏(33.33),1053_综合改造_唯物辩证法.md；0671_中国式社会主义改造_唯物辩证法.md；1026_唯物辩证法_风靡全国.md；1027_唯物辩证法_风靡_起点.md；1028_唯物辩证法_风靡_前奏.md,,逐步改造、唯物辩证法,马克思主义哲学在中国：传播、应用、形态、前景；从唯物辩证法论战到马克思主义哲学大众化——对艾思奇《大众哲学》的解读_李维武；张东荪-唯物辩证法论战,394-395；1；147,是,先核验原卡片再使用,先查主题页《哲学基本范畴与辩证法原理》，再在 T3/T10 中检索：逐步改造|唯物辩证法,否
1053,综合改造 唯物辩证法,1053_综合改造_唯物辩证法.md,3,31.46,理论方法,哲学基本范畴与辩证法原理,理论方法/哲学基本范畴与辩证法原理.md,低,18.0,二级自动主题组匹配：辩证法、唯物辩证法,逐步改造 唯物辩证法(40.0)；中国式社会主义改造 唯物辩证法(35.0)；唯物辩证法 风靡全国(33.33)；唯物辩证法 风靡 起点(33.33)；唯物辩证法 风靡 前奏(33.33),1052_逐步改造_唯物辩证法.md；0671_中国式社会主义改造_唯物辩证法.md；1026_唯物辩证法_风靡全国.md；1027_唯物辩证法_风靡_起点.md；1028_唯物辩证法_风靡_前奏.md,,综合改造、唯物辩证法,马克思主义哲学在中国：传播、应用、形态、前景；从唯物辩证法论战到马克思主义哲学大众化——对艾思奇《大众哲学》的解读_李维武；张东荪-唯物辩证法论战,395-396；1；147,是,先核验原卡片再使用,先查主题页《哲学基本范畴与辩证法原理》，再在 T3/T10 中检索：综合改造|唯物辩证法,否
1054,论十大关系 矛盾学说 应用,1054_论十大关系_矛盾学说_应用.md,3,45.4,理论方法,哲学基本范畴与辩证法原理,理论方法/哲学基本范畴与辩证法原理.md,低,10.0,自动主题组匹配：矛盾,正确处理人民内部矛盾 矛盾理论 应用(12.27)；唯物辩证法 应用 要点(11.47)；李达 唯物史观 传播 应用(11.39)；周恩来 唯物史观 传播 应用(11.32)；恽代英 唯物史观 传播 应用(11.32),0653_正确处理人民内部矛盾_矛盾理论_应用.md；1556_唯物辩证法_应用_要点.md；0332_李达_唯物史观_传播_应用.md；0114_周恩来_唯物史观_传播_应用.md；0115_恽代英_唯物史观_传播_应用.md,,论十大关系、矛盾学说、应用,马克思主义哲学在中国：传播、应用、形态、前景；《矛盾论》的主要矛盾理论与《大众哲学》无关及其他；一本教科书、一个时代、一种...学原理教科书的再思考(下)_何萍,397-399；1；9,是,先核验原卡片再使用,先查主题页《哲学基本范畴与辩证法原理》，再在 T3/T10 中检索：论十大关系|矛盾学说|应用,否
1055,马克思主义哲学中国化 客观依据,1055_马克思主义哲学中国化_客观依据.md,3,54.61,理论方法,马克思恩格斯经典文本与哲学关系,理论方法/马克思恩格斯经典文本与哲学关系.md,低,14.0,自动主题组匹配：马克思,马克思主义哲学中国化 不足(55.0)；李达 马克思主义哲学中国化(55.0)；马克思主义哲学中国化 走向(55.0)；毛泽东 马克思主义哲学中国化(54.06)；马克思主义哲学中国化 现实性(54.06),1432_马克思主义哲学中国化_不足.md；1751_李达_马克思主义哲学中国化.md；1816_马克思主义哲学中国化_走向.md；1748_毛泽东_马克思主义哲学中国化.md；1805_马克思主义哲学中国化_现实性.md,,马克思主义哲学中国化、客观依据,二十世纪上半叶马克思主义哲学中国化之检视_王玉平；马克思主义哲学中国化理论与历史；马克思主义哲学在中国：传播、应用、形态、前景,36；553；415-418,是,先核验原卡片再使用,先查主题页《马克思恩格斯经典文本与哲学关系》，再在 T3/T10 中检索：马克思主义哲学中国化|客观依据,否
1056,马克思主义哲学中国化 具体内容,1056_马克思主义哲学中国化_具体内容.md,3,53.05,理论方法,马克思恩格斯经典文本与哲学关系,理论方法/马克思恩格斯经典文本与哲学关系.md,低,14.0,自动主题组匹配：马克思,马克思主义哲学中国化 不足(55.0)；李达 马克思主义哲学中国化(55.0)；马克思主义哲学中国化 走向(55.0)；毛泽东 马克思主义哲学中国化(54.06)；马克思主义哲学中国化 现实性(54.06),1432_马克思主义哲学中国化_不足.md；1751_李达_马克思主义哲学中国化.md；1816_马克思主义哲学中国化_走向.md；1748_毛泽东_马克思主义哲学中国化.md；1805_马克思主义哲学中国化_现实性.md,,马克思主义哲学中国化、具体内容,《实践论》和《矛盾论》对马克思主义哲学中国化的启示_许全兴；马克思主义哲学中国化理论与历史；二十世纪上半叶马克思主义哲学中国化之检视_王玉平,11；513；4,是,先核验原卡片再使用,先查主题页《马克思恩格斯经典文本与哲学关系》，再在 T3/T10 中检索：马克思主义哲学中国化|具体内容,否
1057,中国化 马克思主义哲学 认识论 辩证法,1057_中国化_马克思主义哲学_认识论_辩证法.md,3,64.0,理论方法,实践观点与认识论,理论方法/实践观点与认识论.md,高,109.0,已列入原主题页重点卡片；命中主题种子词：认识论；主题词重合：认识论,李达 马克思主义哲学 中国化(61.11)；马克思主义哲学 中国化 历程(61.11)；马克思主义哲学 中国化 定义(61.11)；毛泽东 马克思主义哲学 中国化(60.53)；马克思主义哲学 教科书 中国化(60.53),0301_李达_马克思主义哲学_中国化.md；1413_马克思主义哲学_中国化_历程.md；1414_马克思主义哲学_中国化_定义.md；0615_毛泽东_马克思主义哲学_中国化.md；0928_马克思主义哲学_教科书_中国化.md,,中国化、马克思主义哲学、认识论、辩证法,马克思主义哲学中国化与中国哲学的现代转型；马克思主义哲学在中国：传播、应用、形态、前景；马克思主义哲学中国化理论与历史,127-128；419-421；449,是,可按主题页优先检索,先查主题页《实践观点与认识论》，再在 T3/T10 中检索：中国化|马克思主义哲学|认识论|辩证法,否
1058,马克思主义哲学 方法化 具体化,1058_马克思主义哲学_方法化_具体化.md,3,53.22,理论方法,马克思恩格斯经典文本与哲学关系,理论方法/马克思恩格斯经典文本与哲学关系.md,低,10.0,自动主题组匹配：马克思,马克思主义哲学 中国哲学(45.0)；李达 马克思主义哲学 研究(44.38)；李达 马克思主义哲学 泰斗(44.38)；马克思主义哲学 传播 苏联(44.38)；马克思主义哲学 前景 展望(44.38),1823_马克思主义哲学_中国哲学.md；0267_李达_马克思主义哲学_研究.md；0355_李达_马克思主义哲学_泰斗.md；0785_马克思主义哲学_传播_苏联.md；1066_马克思主义哲学_前景_展望.md,,马克思主义哲学、方法化、具体化,马克思主义哲学在中国：传播、应用、形态、前景；“新哲学”大众化运动研究；马克思主义中国化探论,426-429；207；104,是,先核验原卡片再使用,先查主题页《马克思恩格斯经典文本与哲学关系》，再在 T3/T10 中检索：马克思主义哲学|方法化|具体化,否
1059,马克思主义哲学中国化 表现形态,1059_马克思主义哲学中国化_表现形态.md,3,54.02,理论方法,马克思恩格斯经典文本与哲学关系,理论方法/马克思恩格斯经典文本与哲学关系.md,低,14.0,自动主题组匹配：马克思,马克思主义哲学中国化 不足(55.0)；李达 马克思主义哲学中国化(55.0)；马克思主义哲学中国化 走向(55.0)；马克思主义哲学中国化 代表性形态(54.71)；毛泽东 马克思主义哲学中国化(54.06),1432_马克思主义哲学中国化_不足.md；1751_李达_马克思主义哲学中国化.md；1816_马克思主义哲学中国化_走向.md；1238_马克思主义哲学中国化_代表性形态.md；1748_毛泽东_马克思主义哲学中国化.md,,马克思主义哲学中国化、表现形态,二十世纪上半叶马克思主义哲学中国化之检视_王玉平；马克思主义哲学在中国：传播、应用、形态、前景；马克思主义哲学中国化的路径选择——从“结合论”走向“创建论”_孙伟平,15；430-433；6,是,先核验原卡片再使用,先查主题页《马克思恩格斯经典文本与哲学关系》，再在 T3/T10 中检索：马克思主义哲学中国化|表现形态,否
1060,马克思主义哲学中国化 研究 经验总结,1060_马克思主义哲学中国化_研究_经验总结.md,3,55.07,学科史,马克思主义哲学中国化研究范式,学科史/马克思主义哲学中国化研究范式.md,高,114.0,已列入原主题页重点卡片；命中主题种子词：马克思主义哲学中国化；主题词重合：马克思主义哲学中国化,马克思主义哲学中国化 研究视域 转换(54.47)；马克思主义哲学中国化 不足(53.24)；李达 马克思主义哲学中国化(53.24)；马克思主义哲学中国化 走向(53.24)；毛泽东 马克思主义哲学中国化(52.5),1232_马克思主义哲学中国化_研究视域_转换.md；1432_马克思主义哲学中国化_不足.md；1751_李达_马克思主义哲学中国化.md；1816_马克思主义哲学中国化_走向.md；1748_毛泽东_马克思主义哲学中国化.md,,马克思主义哲学中国化、研究、经验总结,二十世纪上半叶马克思主义哲学中国化之检视_王玉平；马克思主义哲学中国化_问题与进路_孙伟平；马克思主义哲学在中国：传播、应用、形态、前景,152；4；436,是,可按主题页优先检索,先查主题页《马克思主义哲学中国化研究范式》，再在 T3/T10 中检索：马克思主义哲学中国化|研究|经验总结,否
1061,多种风格 大众化形态 马克思主义哲学,1061_多种风格_大众化形态_马克思主义哲学.md,3,46.6,新哲学大众化,新哲学大众化运动,新哲学大众化/新哲学大众化运动.md,高,107.0,已列入原主题页重点卡片；命中主题种子词：大众化；主题域增强：大众化,马克思主义哲学 哲学大众化(46.76)；大众哲学 马克思主义哲学 大众化(46.11)；教科书形态 马克思主义哲学(46.11)；马克思主义哲学 大众化 胡绳(46.11)；艾思奇 马克思主义哲学 大众化(45.53),1813_马克思主义哲学_哲学大众化.md；0360_大众哲学_马克思主义哲学_大众化.md；0925_教科书形态_马克思主义哲学.md；1814_马克思主义哲学_大众化_胡绳.md；0358_艾思奇_马克思主义哲学_大众化.md,,多种风格、大众化形态、马克思主义哲学,马克思主义哲学在中国：传播、应用、形态、前景；“新哲学”大众化运动研究；马克思主义哲学中国化理论与历史,459-461；43；342,是,可按主题页优先检索,先查主题页《新哲学大众化运动》，再在 T3/T10 中检索：多种风格|大众化形态|马克思主义哲学,否
1062,社会学大纲 理论体系 整体性,1062_社会学大纲_理论体系_整体性.md,3,42.6,传播史,李达与马克思主义哲学体系化,传播史/李达与马克思主义哲学体系化.md,高,112.0,已列入原主题页重点卡片；命中主题种子词：社会学大纲；主题词重合：社会学大纲,社会学大纲 理论体系 准确性(59.29)；社会学大纲(34.09)；社会学大纲 体系 深刻见解(32.81)；李达 社会学大纲 学术史(31.25)；李达 现代社会学 社会学大纲(31.25),1063_社会学大纲_理论体系_准确性.md；1868_社会学大纲.md；1301_社会学大纲_体系_深刻见解.md；0268_李达_社会学大纲_学术史.md；0298_李达_现代社会学_社会学大纲.md,,社会学大纲、理论体系、整体性,马克思主义哲学在中国：传播、应用、形态、前景；中国文化与马克思主义；马克思主义哲学中国化的双重逻辑及其意蕴,482-484；253；7,是,可按主题页优先检索,先查主题页《李达与马克思主义哲学体系化》，再在 T3/T10 中检索：社会学大纲|理论体系|整体性,否
1063,社会学大纲 理论体系 准确性,1063_社会学大纲_理论体系_准确性.md,3,43.8,传播史,李达与马克思主义哲学体系化,传播史/李达与马克思主义哲学体系化.md,高,112.0,已列入原主题页重点卡片；命中主题种子词：社会学大纲；主题词重合：社会学大纲,社会学大纲 理论体系 整体性(59.29)；社会学大纲(34.09)；社会学大纲 体系 深刻见解(32.81)；李达 社会学大纲 学术史(31.25)；李达 现代社会学 社会学大纲(31.25),1062_社会学大纲_理论体系_整体性.md；1868_社会学大纲.md；1301_社会学大纲_体系_深刻见解.md；0268_李达_社会学大纲_学术史.md；0298_李达_现代社会学_社会学大纲.md,,社会学大纲、理论体系、准确性,马克思主义哲学在中国：传播、应用、形态、前景；中国文化与马克思主义；马克思主义哲学中国化的双重逻辑及其意蕴,485-488；253；7,是,可按主题页优先检索,先查主题页《李达与马克思主义哲学体系化》，再在 T3/T10 中检索：社会学大纲|理论体系|准确性,否
1064,马克思主义哲学 理解 表述 多样化,1064_马克思主义哲学_理解_表述_多样化.md,3,69.0,理论方法,马克思恩格斯经典文本与哲学关系,理论方法/马克思恩格斯经典文本与哲学关系.md,低,10.0,自动主题组匹配：马克思,马克思主义哲学 中国哲学(44.38)；李达 马克思主义哲学 研究(43.82)；李达 马克思主义哲学 泰斗(43.82)；马克思主义哲学 传播 苏联(43.82)；马克思主义哲学 前景 展望(43.82),1823_马克思主义哲学_中国哲学.md；0267_李达_马克思主义哲学_研究.md；0355_李达_马克思主义哲学_泰斗.md；0785_马克思主义哲学_传播_苏联.md；1066_马克思主义哲学_前景_展望.md,,马克思主义哲学、理解、表述、多样化,马克思主义哲学在中国：传播、应用、形态、前景；马克思主义哲学中国化理论与历史；二十世纪上半叶马克思主义哲学中国化之检视_王玉平,522-525；483；76,是,先核验原卡片再使用,先查主题页《马克思恩格斯经典文本与哲学关系》，再在 T3/T10 中检索：马克思主义哲学|理解|表述|多样化,否
1065,中西马并存 马克思主义哲学 主导地位,1065_中西马并存_马克思主义哲学_主导地位.md,3,44.64,理论方法,马克思恩格斯经典文本与哲学关系,理论方法/马克思恩格斯经典文本与哲学关系.md,低,10.0,自动主题组匹配：马克思,马克思主义哲学 主导地位 指导作用(68.16)；实践 地位 马克思主义哲学(44.72)；救亡图存 马克思主义哲学 需要(43.75)；马克思主义哲学 中国哲学(43.33)；马克思主义哲学 主流意识形态 中国(42.95),1067_马克思主义哲学_主导地位_指导作用.md；1072_实践_地位_马克思主义哲学.md；1025_救亡图存_马克思主义哲学_需要.md；1823_马克思主义哲学_中国哲学.md；1018_马克思主义哲学_主流意识形态_中国.md,,马克思主义哲学、主导地位,马克思主义哲学在中国：传播、应用、形态、前景；二十世纪上半叶马克思主义哲学中国化之检视_王玉平；马克思主义哲学中国化理论与历史,542-543；8；462,是,先核验原卡片再使用,先查主题页《马克思恩格斯经典文本与哲学关系》，再在 T3/T10 中检索：中西马并存|马克思主义哲学|主导地位,否
1066,马克思主义哲学 前景 展望,1066_马克思主义哲学_前景_展望.md,3,49.6,理论方法,马克思恩格斯经典文本与哲学关系,理论方法/马克思恩格斯经典文本与哲学关系.md,低,10.0,自动主题组匹配：马克思,马克思主义哲学 传播 应用 形态 前景(55.29)；马克思主义哲学 中国哲学(46.54)；李达 马克思主义哲学 研究(45.71)；李达 马克思主义哲学 泰斗(45.71)；马克思主义哲学 传播 苏联(45.71),0045_马克思主义哲学_传播_应用_形态_前景.md；1823_马克思主义哲学_中国哲学.md；0267_李达_马克思主义哲学_研究.md；0355_李达_马克思主义哲学_泰斗.md；0785_马克思主义哲学_传播_苏联.md,,马克思主义哲学、前景、展望,马克思主义哲学在中国：传播、应用、形态、前景；马克思主义哲学中国化理论与历史；二十世纪上半叶马克思主义哲学中国化之检视_王玉平,537-538；443；35,是,先核验原卡片再使用,先查主题页《马克思恩格斯经典文本与哲学关系》，再在 T3/T10 中检索：马克思主义哲学|前景|展望,否
1067,马克思主义哲学 主导地位 指导作用,1067_马克思主义哲学_主导地位_指导作用.md,3,55.0,理论方法,马克思恩格斯经典文本与哲学关系,理论方法/马克思恩格斯经典文本与哲学关系.md,低,10.0,自动主题组匹配：马克思,中西马并存 马克思主义哲学 主导地位(68.16)；实践 地位 马克思主义哲学(45.29)；马克思主义哲学 中国哲学(43.82)；李达 马克思主义哲学 研究(43.33)；李达 马克思主义哲学 泰斗(43.33),1065_中西马并存_马克思主义哲学_主导地位.md；1072_实践_地位_马克思主义哲学.md；1823_马克思主义哲学_中国哲学.md；0267_李达_马克思主义哲学_研究.md；0355_李达_马克思主义哲学_泰斗.md,,马克思主义哲学、主导地位、指导作用,马克思主义哲学在中国：传播、应用、形态、前景；马克思主义哲学中国化理论与历史；二十世纪上半叶马克思主义哲学中国化之检视_王玉平,542-543；495；214,是,先核验原卡片再使用,先查主题页《马克思恩格斯经典文本与哲学关系》，再在 T3/T10 中检索：马克思主义哲学|主导地位|指导作用,否
1068,马克思主义哲学 大众基础 重建,1068_马克思主义哲学_大众基础_重建.md,3,42.55,理论方法,马克思恩格斯经典文本与哲学关系,理论方法/马克思恩格斯经典文本与哲学关系.md,低,10.0,自动主题组匹配：马克思,马克思主义哲学 哲学大众化(49.29)；大众哲学 马克思主义哲学 大众化(48.33)；马克思主义哲学 大众化 胡绳(48.33)；艾思奇 马克思主义哲学 大众化(47.5)；马克思主义哲学 大众化 中国化(47.5),1813_马克思主义哲学_哲学大众化.md；0360_大众哲学_马克思主义哲学_大众化.md；1814_马克思主义哲学_大众化_胡绳.md；0358_艾思奇_马克思主义哲学_大众化.md；1200_马克思主义哲学_大众化_中国化.md,,马克思主义哲学、大众基础、重建,马克思主义哲学大众化的当代思考_郭建宁；马克思主义中国化的深度思考（四篇）——文化契合、文化融合与文化重建——马克思主义中国化的文化意蕴；马克思主义哲学中国化理论与历史,4；3；374,是,先核验原卡片再使用,先查主题页《马克思恩格斯经典文本与哲学关系》，再在 T3/T10 中检索：马克思主义哲学|大众基础|重建,否
1069,马克思哲学 马克思主义哲学 关系论争,1069_马克思哲学_马克思主义哲学_关系论争.md,3,51.2,理论方法,马克思恩格斯经典文本与哲学关系,理论方法/马克思恩格斯经典文本与哲学关系.md,低,10.0,自动主题组匹配：马克思,马克思主义哲学 西方哲学 关系(48.33)；大众哲学 马克思主义哲学 大众化(45.94)；价值观 价值哲学 马克思主义哲学(45.94)；冯友兰 新理学 马克思主义哲学(45.29)；马克思主义哲学 中国哲学(45.0),1080_马克思主义哲学_西方哲学_关系.md；0360_大众哲学_马克思主义哲学_大众化.md；1045_价值观_价值哲学_马克思主义哲学.md；0763_冯友兰_新理学_马克思主义哲学.md；1823_马克思主义哲学_中国哲学.md,,马克思哲学、马克思主义哲学、关系论争,马克思主义哲学史教程；中国马克思主义哲学范式转换研究析论；马克思主义哲学中国化理论与历史,1-3；1；114,是,先核验原卡片再使用,先查主题页《马克思恩格斯经典文本与哲学关系》，再在 T3/T10 中检索：马克思哲学|马克思主义哲学|关系论争,否
1070,马克思早年 晚年 思想争论,1070_马克思早年_晚年_思想争论.md,1,37.16,理论方法,马克思恩格斯经典文本与哲学关系,理论方法/马克思恩格斯经典文本与哲学关系.md,低,10.0,自动主题组匹配：马克思,,,,马克思早年、晚年,马克思主义哲学史教程,3,是,先核验原卡片再使用,先查主题页《马克思恩格斯经典文本与哲学关系》，再在 T3/T10 中检索：马克思早年|晚年|思想争论,否
1071,实践 辩证法 马克思主义哲学 内在逻辑,1071_实践_辩证法_马克思主义哲学_内在逻辑.md,3,60.8,理论方法,马克思恩格斯经典文本与哲学关系,理论方法/马克思恩格斯经典文本与哲学关系.md,低,10.0,自动主题组匹配：马克思,中国化 马克思主义哲学 认识论 辩证法(59.09)；唯物辩证法论战 马克思主义哲学(45.0)；实践 地位 马克思主义哲学(44.72)；马克思主义哲学 中国 社会实践(43.75)；实践标准 讨论 马克思主义哲学(43.75),1057_中国化_马克思主义哲学_认识论_辩证法.md；1426_唯物辩证法论战_马克思主义哲学.md；1072_实践_地位_马克思主义哲学.md；1017_马克思主义哲学_中国_社会实践.md；1226_实践标准_讨论_马克思主义哲学.md,,实践、辩证法、马克思主义哲学、内在逻辑,马克思主义哲学史教程；马克思主义哲学中国化与中国哲学的现代转型；马克思主义哲学在中国：传播、应用、形态、前景,4-5；471-473；419-421,是,先核验原卡片再使用,先查主题页《马克思恩格斯经典文本与哲学关系》，再在 T3/T10 中检索：实践|辩证法|马克思主义哲学|内在逻辑,否
1072,实践 地位 马克思主义哲学,1072_实践_地位_马克思主义哲学.md,3,50.6,理论方法,马克思恩格斯经典文本与哲学关系,理论方法/马克思恩格斯经典文本与哲学关系.md,低,10.0,自动主题组匹配：马克思,马克思主义哲学 中国 社会实践(46.67)；实践标准 讨论 马克思主义哲学(46.67)；马克思主义哲学 中国哲学(46.54)；李达 马克思主义哲学 研究(45.71)；李达 马克思主义哲学 泰斗(45.71),1017_马克思主义哲学_中国_社会实践.md；1226_实践标准_讨论_马克思主义哲学.md；1823_马克思主义哲学_中国哲学.md；0267_李达_马克思主义哲学_研究.md；0355_李达_马克思主义哲学_泰斗.md,,实践、地位、马克思主义哲学,马克思主义哲学在中国：传播、应用、形态、前景；百年中国哲学革命；马克思主义哲学中国化与中国哲学的现代转型,266-269；132；127-128,是,先核验原卡片再使用,先查主题页《马克思恩格斯经典文本与哲学关系》，再在 T3/T10 中检索：实践|地位|马克思主义哲学,否
1073,实践 物质 何者为先,1073_实践_物质_何者为先.md,3,35.33,理论方法,哲学基本范畴与辩证法原理,理论方法/哲学基本范畴与辩证法原理.md,中,20.0,自动主题组匹配：实践、物质,物质 运动 发展(12.27)；物质 变动 发展(12.27)；文明 精神 物质 现实(11.92)；孙中山 物质 精神 关系(11.79)；精神 物质 美术 宗教 科学(11.67),1457_物质_运动_发展.md；1458_物质_变动_发展.md；0944_文明_精神_物质_现实.md；1604_孙中山_物质_精神_关系.md；1411_精神_物质_美术_宗教_科学.md,,实践、物质、何者为先,马克思主义哲学在中国：传播、应用、形态、前景；马克思主义哲学史教程；马克思主义哲学史,278-280；4-5；228,是,可按主题页优先检索,先查主题页《哲学基本范畴与辩证法原理》，再在 T3/T10 中检索：实践|物质|何者为先,否
1074,实践 认识论 本体论,1074_实践_认识论_本体论.md,3,47.8,理论方法,实践观点与认识论,理论方法/实践观点与认识论.md,高,109.0,已列入原主题页重点卡片；命中主题种子词：认识论；主题词重合：认识论,毛泽东 实践论 认识论(21.25)；实践观点 群众观点 认识论 群众路线(19.69)；群众路线 认识论(19.55)；列宁 感觉 认识论(19.55)；分析 综合 认识论(19.55),1686_毛泽东_实践论_认识论.md；0619_实践观点_群众观点_认识论_群众路线.md；0598_群众路线_认识论.md；0836_列宁_感觉_认识论.md；1548_分析_综合_认识论.md,,实践、认识论、本体论,马克思主义哲学中国化与中国哲学的现代转型；马克思主义哲学史教程；马克思主义哲学在中国：传播、应用、形态、前景,127-128；921-922；278-280,是,可按主题页优先检索,先查主题页《实践观点与认识论》，再在 T3/T10 中检索：实践|认识论|本体论,否
1075,实践 文化变革 政治行动,1075_实践_文化变革_政治行动.md,3,35.23,理论方法,哲学基本范畴与辩证法原理,理论方法/哲学基本范畴与辩证法原理.md,低,10.0,自动主题组匹配：实践,,,,实践、文化变革、政治行动,马克思主义哲学史教程；共产主义abc中文翻译版；二十世纪上半叶马克思主义哲学中国化之检视_王玉平,4-5；439；34,是,先核验原卡片再使用,先查主题页《哲学基本范畴与辩证法原理》，再在 T3/T10 中检索：实践|文化变革|政治行动,否
1076,辩证法 合法性 问题,1076_辩证法_合法性_问题.md,3,44.41,理论方法,哲学基本范畴与辩证法原理,理论方法/哲学基本范畴与辩证法原理.md,低,8.0,二级自动主题组匹配：辩证法,黑格尔 辩证法 合理内核(20.77)；进攻 防御 辩证法(19.55)；持久 速决 辩证法(19.55)；内线 外线 辩证法(19.55)；主动 被动 辩证法(19.55),0023_黑格尔_辩证法_合理内核.md；1325_进攻_防御_辩证法.md；1326_持久_速决_辩证法.md；1327_内线_外线_辩证法.md；1328_主动_被动_辩证法.md,,辩证法、合法性、问题,马克思主义哲学史教程；中国现代性建构：马克思主义中国化研究的重要视角_赵园园；艾思奇全书（第2卷）,4-5；4；721,是,先核验原卡片再使用,先查主题页《哲学基本范畴与辩证法原理》，再在 T3/T10 中检索：辩证法|合法性|问题,否
1077,辩证法 历史存在 范畴,1077_辩证法_历史存在_范畴.md,3,35.33,理论方法,哲学基本范畴与辩证法原理,理论方法/哲学基本范畴与辩证法原理.md,低,10.0,自动主题组匹配：范畴,辩证法 规律 范畴 恩格斯(30.36)；历史 呈现 辩证法 实践(20.77)；历史发展 一般 特殊 辩证法(20.0)；进攻 防御 辩证法(19.17)；持久 速决 辩证法(19.17),1095_辩证法_规律_范畴_恩格斯.md；1079_历史_呈现_辩证法_实践.md；1247_历史发展_一般_特殊_辩证法.md；1325_进攻_防御_辩证法.md；1326_持久_速决_辩证法.md,,辩证法、范畴,马克思主义哲学史教程；艾思奇全书（第2卷）；中国马克思主义学术史纲,568；225-227；106-108,是,先核验原卡片再使用,先查主题页《哲学基本范畴与辩证法原理》，再在 T3/T10 中检索：辩证法|历史存在|范畴,否
1078,人的自由 自然 意识 物质 矛盾,1078_人的自由_自然_意识_物质_矛盾.md,3,60.6,理论方法,哲学基本范畴与辩证法原理,理论方法/哲学基本范畴与辩证法原理.md,中,30.0,自动主题组匹配：矛盾、物质、意识,物质 运动 发展(11.67)；物质 变动 发展(11.67)；矛盾 发展 运动(11.67)；交互作用 自然(11.67)；意识 意识形态 历史(11.56),1457_物质_运动_发展.md；1458_物质_变动_发展.md；1467_矛盾_发展_运动.md；2010_交互作用_自然.md；1089_意识_意识形态_历史.md,,人的自由、自然、意识、物质、矛盾,马克思主义哲学史教程；艾思奇全书（第3卷）；艾思奇全书（第2卷）,44-45；718-721；572-573,是,可按主题页优先检索,先查主题页《哲学基本范畴与辩证法原理》，再在 T3/T10 中检索：人的自由|自然|意识|物质|矛盾,否
1079,历史 呈现 辩证法 实践,1079_历史_呈现_辩证法_实践.md,3,55.2,理论方法,哲学基本范畴与辩证法原理,理论方法/哲学基本范畴与辩证法原理.md,低,10.0,自动主题组匹配：实践,列宁 实践 认识 辩证法(20.77)；辩证法 历史存在 范畴(20.77)；新唯物主义 实践 辩证法(20.36)；辩证法 实质 核心 矛盾论(20.36)；历史发展 一般 特殊 辩证法(20.0),0835_列宁_实践_认识_辩证法.md；1077_辩证法_历史存在_范畴.md；0015_新唯物主义_实践_辩证法.md；0593_辩证法_实质_核心_矛盾论.md；1247_历史发展_一般_特殊_辩证法.md,,历史、呈现、辩证法、实践,马克思主义哲学史教程；中国马克思主义学术史纲；米丁-辩证唯物论与历史唯物论-上-rightToLeft,625-627；210-212；4,是,先核验原卡片再使用,先查主题页《哲学基本范畴与辩证法原理》，再在 T3/T10 中检索：历史|呈现|辩证法|实践,否
1080,马克思主义哲学 西方哲学 关系,1080_马克思主义哲学_西方哲学_关系.md,3,55.31,理论方法,马克思恩格斯经典文本与哲学关系,理论方法/马克思恩格斯经典文本与哲学关系.md,低,10.0,自动主题组匹配：马克思,马克思主义哲学 超越 西方哲学(69.29)；马克思哲学 马克思主义哲学 关系论争(48.33)；马克思主义哲学 中国哲学(45.71)；李达 马克思主义哲学 研究(45.0)；李达 马克思主义哲学 泰斗(45.0),1083_马克思主义哲学_超越_西方哲学.md；1069_马克思哲学_马克思主义哲学_关系论争.md；1823_马克思主义哲学_中国哲学.md；0267_李达_马克思主义哲学_研究.md；0355_李达_马克思主义哲学_泰斗.md,,马克思主义哲学、西方哲学、关系,马克思主义哲学史教程；马克思主义哲学在中国：传播、应用、形态、前景；马克思主义哲学中国化_问题与进路_孙伟平,6-8；546-547；3,是,先核验原卡片再使用,先查主题页《马克思恩格斯经典文本与哲学关系》，再在 T3/T10 中检索：马克思主义哲学|西方哲学|关系,否
1081,西方哲学 工业 商业 思维方式,1081_西方哲学_工业_商业_思维方式.md,3,49.6,其他待人工复核,其他待人工复核,其他待人工复核/其他待人工复核.md,待人工归类,0.0,未命中已有主题页和自动主题组规则，建议人工判断,思维方式 毛泽东哲学(26.67)；思维方式 马克思主义哲学中国化(25.0)；西方哲学 中国古代哲学 影响(24.17)；马克思主义哲学 西方哲学 关系(23.95)；科学理性 个性自由 西方哲学(23.95),1806_思维方式_毛泽东哲学.md；1976_思维方式_马克思主义哲学中国化.md；1508_西方哲学_中国古代哲学_影响.md；1080_马克思主义哲学_西方哲学_关系.md；1082_科学理性_个性自由_西方哲学.md,,西方哲学、工业、商业、思维方式,马克思主义哲学史教程；二十世纪上半叶马克思主义哲学中国化之检视_王玉平；马克思主义哲学中国化的若干新思考,6-8；212；1,是,可按主题页优先检索,先查主题页《其他待人工复核》，再在 T3/T10 中检索：西方哲学|工业|商业|思维方式,否
1082,科学理性 个性自由 西方哲学,1082_科学理性_个性自由_西方哲学.md,3,37.34,论战与思想运动,中国近代启蒙与民主革命,论战与思想运动/中国近代启蒙与民主革命.md,低,10.0,自动主题组匹配：自由,西方哲学 中国古代哲学 影响(24.17)；马克思主义哲学 西方哲学 关系(23.95)；西方哲学 工业 商业 思维方式(23.95)；马克思主义哲学 超越 西方哲学(23.95),1508_西方哲学_中国古代哲学_影响.md；1080_马克思主义哲学_西方哲学_关系.md；1081_西方哲学_工业_商业_思维方式.md；1083_马克思主义哲学_超越_西方哲学.md,,科学理性、个性自由、西方哲学,马克思主义哲学史教程；马克思主义中国化探论；马克思主义哲学中国化理论与历史,6-8；101；363,是,先核验原卡片再使用,先查主题页《中国近代启蒙与民主革命》，再在 T3/T10 中检索：科学理性|个性自由|西方哲学,否
1083,马克思主义哲学 超越 西方哲学,1083_马克思主义哲学_超越_西方哲学.md,3,55.49,理论方法,马克思恩格斯经典文本与哲学关系,理论方法/马克思恩格斯经典文本与哲学关系.md,低,10.0,自动主题组匹配：马克思,马克思主义哲学 西方哲学 关系(69.29)；马克思主义哲学 中国哲学(45.71)；李达 马克思主义哲学 研究(45.0)；李达 马克思主义哲学 泰斗(45.0)；马克思主义哲学 传播 苏联(45.0),1080_马克思主义哲学_西方哲学_关系.md；1823_马克思主义哲学_中国哲学.md；0267_李达_马克思主义哲学_研究.md；0355_李达_马克思主义哲学_泰斗.md；0785_马克思主义哲学_传播_苏联.md,,马克思主义哲学、超越、西方哲学,马克思主义哲学史教程；二十世纪上半叶马克思主义哲学中国化之检视_王玉平；马克思主义哲学中国化_问题与进路_孙伟平,6-8；13；3,是,先核验原卡片再使用,先查主题页《马克思恩格斯经典文本与哲学关系》，再在 T3/T10 中检索：马克思主义哲学|超越|西方哲学,否
1084,马克思主义哲学 民族化 世界历史性质,1084_马克思主义哲学_民族化_世界历史性质.md,3,43.64,传播史,民族国家与国际关系,传播史/民族国家与国际关系.md,中,20.0,自动主题组匹配：民族、世界,马克思主义哲学 民族形式 民族风格(45.0)；民族形式 马克思主义哲学(44.72)；中国化 民族形式 马克思主义哲学(43.33)；马克思主义哲学 中国哲学(43.33)；马克思主义哲学 中国传播 百年历史(42.95),1023_马克思主义哲学_民族形式_民族风格.md；1438_民族形式_马克思主义哲学.md；1336_中国化_民族形式_马克思主义哲学.md；1823_马克思主义哲学_中国哲学.md；0083_马克思主义哲学_中国传播_百年历史.md,,马克思主义哲学、民族化,马克思主义哲学史教程；马克思主义哲学中国化_问题与进路_孙伟平；二十世纪上半叶马克思主义哲学中国化之检视_王玉平,18-19；2；167,是,可按主题页优先检索,先查主题页《民族国家与国际关系》，再在 T3/T10 中检索：马克思主义哲学|民族化|世界历史性质,否
1085,马克思 哲学思想 形成发展,1085_马克思_哲学思想_形成发展.md,3,52.36,理论方法,马克思恩格斯经典文本与哲学关系,理论方法/马克思恩格斯经典文本与哲学关系.md,低,10.0,自动主题组匹配：马克思,马克思主义哲学中国化 传统 形成发展(27.89)；鲁迅 哲学思想 转变(25.36)；新民主主义论 哲学思想(24.69)；抗战以来 哲学思想 评述(24.69)；毛泽东 延安时期 哲学思想(24.41),1237_马克思主义哲学中国化_传统_形成发展.md；1424_鲁迅_哲学思想_转变.md；0563_新民主主义论_哲学思想.md；1583_抗战以来_哲学思想_评述.md；0536_毛泽东_延安时期_哲学思想.md,,马克思、哲学思想、形成发展,马克思主义哲学中国化的若干新思考；马克思主义哲学在中国：传播、应用、形态、前景；马克思主义哲学史(第五卷),4；289-290；289-291,是,先核验原卡片再使用,先查主题页《马克思恩格斯经典文本与哲学关系》，再在 T3/T10 中检索：马克思|哲学思想|形成发展,否
1086,哲学 世界化 世界 哲学化,1086_哲学_世界化_世界_哲学化.md,3,68.0,传播史,民族国家与国际关系,传播史/民族国家与国际关系.md,低,10.0,自动主题组匹配：世界,,,,哲学、世界化、世界、哲学化,马克思主义哲学史教程；百年中国哲学革命；马克思主义哲学中国化与中国哲学的现代转型,49-50；334-337；53-56,是,先核验原卡片再使用,先查主题页《民族国家与国际关系》，再在 T3/T10 中检索：哲学|世界化|世界|哲学化,否
1087,哲学 批判 政治 宗教,1087_哲学_批判_政治_宗教.md,3,72.6,论战与思想运动,宗教批判与无神论思想,论战与思想运动/宗教批判与无神论思想.md,低,10.0,自动主题组匹配：宗教,中国人 哲学 宗教(14.55)；哲学 宗教 中国文化(14.17)；宗教 资本主义(12.27)；宗教 资产阶级(12.27)；非常时 宗教 态度(12.08),0987_中国人_哲学_宗教.md；0986_哲学_宗教_中国文化.md；1716_宗教_资本主义.md；1948_宗教_资产阶级.md；1586_非常时_宗教_态度.md,,哲学、批判、政治、宗教,马克思主义哲学史教程；马克思主义哲学中国化与中国哲学的现代转型；艾思奇全书（第2卷）,55-57；446-448；207-210,是,先核验原卡片再使用,先查主题页《宗教批判与无神论思想》，再在 T3/T10 中检索：哲学|批判|政治|宗教,否
1088,国家 市民社会 政治批判,1088_国家_市民社会_政治批判.md,3,49.0,传播史,民族国家与国际关系,传播史/民族国家与国际关系.md,低,10.0,自动主题组匹配：国家,市民社会 理性 启蒙运动(25.0),0155_市民社会_理性_启蒙运动.md,,国家、市民社会、政治批判,马克思主义哲学史教程；共产主义abc中文翻译版；米丁-辩证唯物论历史唯物论下-rightToLeft,51-53；27；208,是,先核验原卡片再使用,先查主题页《民族国家与国际关系》，再在 T3/T10 中检索：国家|市民社会|政治批判,否
1089,意识 意识形态 历史,1089_意识_意识形态_历史.md,3,49.0,理论方法,哲学基本范畴与辩证法原理,理论方法/哲学基本范畴与辩证法原理.md,低,10.0,自动主题组匹配：意识,儒学 意识形态(29.38)；意识形态 马克思(28.33)；经济基础 上层建筑 意识形态(25.36)；人的自由 自然 意识 物质 矛盾(11.56)；德意志意识形态(8.33),1765_儒学_意识形态.md；1790_意识形态_马克思.md；1681_经济基础_上层建筑_意识形态.md；1078_人的自由_自然_意识_物质_矛盾.md；1878_德意志意识形态.md,,意识、意识形态、历史,马克思主义哲学在中国传播与发展的百年历史（上）；马克思主义哲学史教程；艾思奇全书（第2卷）,372-374；91；220-222,是,先核验原卡片再使用,先查主题页《哲学基本范畴与辩证法原理》，再在 T3/T10 中检索：意识|意识形态|历史,否
1090,国家 革命 无产阶级专政,1090_国家_革命_无产阶级专政.md,3,49.4,理论方法,阶级斗争与社会革命理论,理论方法/阶级斗争与社会革命理论.md,高,130.0,已列入原主题页重点卡片；命中主题种子词：革命、无产阶级、阶级、国家、专政；主题词重合：国家、革命,列宁 国家 革命 无产阶级专政(50.45)；国家与革命 无产阶级专政(48.18)；哲学领域 无产阶级专政 苏联(38.33)；列宁 无产阶级专政 学说 发展(38.33)；无产阶级专政 历史经验 认识(38.33),0839_列宁_国家_革命_无产阶级专政.md；1654_国家与革命_无产阶级专政.md；0770_哲学领域_无产阶级专政_苏联.md；0871_列宁_无产阶级专政_学说_发展.md；0985_无产阶级专政_历史经验_认识.md,,国家、革命、无产阶级专政,马克思主义哲学史教程；马克思主义哲学史(第五卷)；中国马克思主义学术史纲,102-103；12-11；158,是,可按主题页优先检索,先查主题页《阶级斗争与社会革命理论》，再在 T3/T10 中检索：国家|革命|无产阶级专政,否
1091,历史主义方法 一般 个别,1091_历史主义方法_一般_个别.md,3,45.0,理论方法,唯物史观与中国史学研究,理论方法/唯物史观与中国史学研究.md,低,10.0,二级自动主题组匹配：历史主义,一般 个别 有机结合(15.77),1266_一般_个别_有机结合.md,,历史主义方法、一般、个别,马克思主义哲学史教程；马克思主义哲学史(第五卷)；马克思主义哲学史（第六卷,103-105；218-220；544-548,是,先核验原卡片再使用,先查主题页《唯物史观与中国史学研究》，再在 T3/T10 中检索：历史主义方法|一般|个别,否
1092,资本主义 生产方式 历史运动,1092_资本主义_生产方式_历史运动.md,3,51.12,理论方法,政治经济学与资本主义批判,理论方法/政治经济学与资本主义批判.md,中,33.0,自动主题组匹配：生产、资本主义、资本,生产方式 资本主义(52.5)；生产 资本主义(28.33)；启蒙运动 资本主义 兴起(26.25)；资本主义 生产社会化 私人占有 矛盾(26.25)；劳动 资本主义(25.77),1714_生产方式_资本主义.md；1732_生产_资本主义.md；0154_启蒙运动_资本主义_兴起.md；1182_资本主义_生产社会化_私人占有_矛盾.md；1710_劳动_资本主义.md,,资本主义、生产方式、历史运动,马克思主义哲学史教程；马克思主义中国化探论；当前马克思主义研究中的五个重大问题_杨耕,119-120；9；12,是,可按主题页优先检索,先查主题页《政治经济学与资本主义批判》，再在 T3/T10 中检索：资本主义|生产方式|历史运动,否
1093,科学技术 生产力 马克思,1093_科学技术_生产力_马克思.md,3,54.6,理论方法,政治经济学与资本主义批判,理论方法/政治经济学与资本主义批判.md,中,20.0,自动主题组匹配：生产、生产力,马克思 列宁(19.55)；中国文化 马克思(18.85)；资产阶级 马克思(18.85)；无产阶级 马克思(18.85)；意识形态 马克思(18.85),1843_马克思_列宁.md；1736_中国文化_马克思.md；1757_资产阶级_马克思.md；1781_无产阶级_马克思.md；1790_意识形态_马克思.md,,科学技术、生产力、马克思,马克思主义哲学史教程；马克思主义哲学史（第六卷；马克思主义哲学史,122-124；274-275；420-422,是,可按主题页优先检索,先查主题页《政治经济学与资本主义批判》，再在 T3/T10 中检索：科学技术|生产力|马克思,否
1094,恩格斯 马克思主义哲学 系统阐发,1094_恩格斯_马克思主义哲学_系统阐发.md,3,52.41,理论方法,马克思恩格斯经典文本与哲学关系,理论方法/马克思恩格斯经典文本与哲学关系.md,中,20.0,自动主题组匹配：马克思、恩格斯,马克思主义哲学 中国哲学(44.38)；李达 马克思主义哲学 研究(43.82)；李达 马克思主义哲学 泰斗(43.82)；马克思主义哲学 传播 苏联(43.82)；马克思主义哲学 前景 展望(43.82),1823_马克思主义哲学_中国哲学.md；0267_李达_马克思主义哲学_研究.md；0355_李达_马克思主义哲学_泰斗.md；0785_马克思主义哲学_传播_苏联.md；1066_马克思主义哲学_前景_展望.md,,恩格斯、马克思主义哲学、系统阐发,马克思主义哲学史教程；马列著作在中国的出版；马克思主义哲学中国化与中国哲学的现代转型,129-130；473；434-436,是,可按主题页优先检索,先查主题页《马克思恩格斯经典文本与哲学关系》，再在 T3/T10 中检索：恩格斯|马克思主义哲学|系统阐发,否
1095,辩证法 规律 范畴 恩格斯,1095_辩证法_规律_范畴_恩格斯.md,3,63.0,理论方法,辩证唯物主义体系,理论方法/辩证唯物主义体系.md,高,109.0,已列入原主题页重点卡片；命中主题种子词：规律；主题词重合：规律,辩证法 历史存在 范畴(30.36)；瞿秋白 辩证法 基本规律(20.0)；进攻 防御 辩证法(18.85)；持久 速决 辩证法(18.85)；内线 外线 辩证法(18.85),1077_辩证法_历史存在_范畴.md；0312_瞿秋白_辩证法_基本规律.md；1325_进攻_防御_辩证法.md；1326_持久_速决_辩证法.md；1327_内线_外线_辩证法.md,,辩证法、规律、范畴、恩格斯,马克思主义哲学史教程；马克思主义哲学史；马克思主义哲学史（第六卷,158-160；205-207；388-391,是,可按主题页优先检索,先查主题页《辩证唯物主义体系》，再在 T3/T10 中检索：辩证法|规律|范畴|恩格斯,否
1096,家庭 私有制 国家起源,1096_家庭_私有制_国家起源.md,3,47.8,理论方法,政治经济学与资本主义批判,理论方法/政治经济学与资本主义批判.md,低,10.0,自动主题组匹配：私有制,家庭、私有制和国家的起源(22.5)；儒家 起源 士(5.0),1954_家庭、私有制和国家的起源.md；0699_儒家_起源_士.md,,家庭、私有制、国家起源,马克思主义哲学史教程；马列著作在中国的出版；马克思主义哲学的中国化及其历程,187-188；440；88-90,是,先核验原卡片再使用,先查主题页《政治经济学与资本主义批判》，再在 T3/T10 中检索：家庭|私有制|国家起源,否
1097,罗莎卢森堡 历史辩证法 总体性,1097_罗莎卢森堡_历史辩证法_总体性.md,1,29.73,国外马克思主义,西方马克思主义与国外马克思主义哲学,国外马克思主义/西方马克思主义与国外马克思主义哲学.md,中,28.0,二级自动主题组匹配：罗莎卢森堡、历史辩证法、总体性,罗莎卢森堡 资本积累 帝国主义(30.0)；罗莎卢森堡 社会革命 合法改良(30.0)；十月革命 历史辩证法 帝国主义时代(29.55),1098_罗莎卢森堡_资本积累_帝国主义.md；1099_罗莎卢森堡_社会革命_合法改良.md；0866_十月革命_历史辩证法_帝国主义时代.md,,历史辩证法、总体性,马克思主义哲学史教程,240-242,是,可按主题页优先检索,先查主题页《西方马克思主义与国外马克思主义哲学》，再在 T3/T10 中检索：罗莎卢森堡|历史辩证法|总体性,否
1098,罗莎卢森堡 资本积累 帝国主义,1098_罗莎卢森堡_资本积累_帝国主义.md,3,39.84,传播史,民族国家与国际关系,传播史/民族国家与国际关系.md,低,13.0,自动主题组匹配：帝国主义,罗莎卢森堡 历史辩证法 总体性(30.0)；罗莎卢森堡 社会革命 合法改良(30.0)；帝国主义 资本主义(27.14)；帝国主义 资本主义最高阶段(25.56)；资本论 资本积累(25.36),1097_罗莎卢森堡_历史辩证法_总体性.md；1099_罗莎卢森堡_社会革命_合法改良.md；1730_帝国主义_资本主义.md；1655_帝国主义_资本主义最高阶段.md；1673_资本论_资本积累.md,,资本积累、帝国主义、罗莎卢森堡,马克思主义哲学史教程；列宁专题文集·论马克思主义；列宁选集第三卷_2012,244；62；722,是,先核验原卡片再使用,先查主题页《民族国家与国际关系》，再在 T3/T10 中检索：罗莎卢森堡|资本积累|帝国主义,否
1099,罗莎卢森堡 社会革命 合法改良,1099_罗莎卢森堡_社会革命_合法改良.md,3,39.91,国外马克思主义,西方马克思主义与国外马克思主义哲学,国外马克思主义/西方马克思主义与国外马克思主义哲学.md,中,30.0,二级自动主题组匹配：罗莎卢森堡、合法改良、社会革命,罗莎卢森堡 历史辩证法 总体性(30.0)；罗莎卢森堡 资本积累 帝国主义(30.0)；俄国 社会革命(25.36)；李达 阶级 国家 社会意识 社会革命(23.57)；文化改造 社会革命 马克思主义引进(23.26),1097_罗莎卢森堡_历史辩证法_总体性.md；1098_罗莎卢森堡_资本积累_帝国主义.md；1722_俄国_社会革命.md；0318_李达_阶级_国家_社会意识_社会革命.md；0966_文化改造_社会革命_马克思主义引进.md,,社会革命、合法改良、罗莎卢森堡,马克思主义哲学史教程；马克思主义哲学中国化理论与历史；列宁选集第三卷_2012,252-254；250；237,是,可按主题页优先检索,先查主题页《西方马克思主义与国外马克思主义哲学》，再在 T3/T10 中检索：罗莎卢森堡|社会革命|合法改良,否
1100,拉法格 人与环境 关系,1100_拉法格_人与环境_关系.md,3,46.59,国外马克思主义,西方马克思主义与国外马克思主义哲学,国外马克思主义/西方马克思主义与国外马克思主义哲学.md,低,8.0,二级自动主题组匹配：拉法格,,,,拉法格、人与环境、关系,马克思主义哲学史教程；马克思主义哲学中国化理论与历史；马恩文集第十卷（书信选编）,272；175；832,是,先核验原卡片再使用,先查主题页《西方马克思主义与国外马克思主义哲学》，再在 T3/T10 中检索：拉法格|人与环境|关系,否
1101,拉布里奥拉 历史 民族文化,1101_拉布里奥拉_历史_民族文化.md,3,52.0,传播史,民族国家与国际关系,传播史/民族国家与国际关系.md,低,10.0,自动主题组匹配：民族,拉布里奥拉 历史主义 唯物史观(34.38)；拉布里奥拉 唯物史观 方法(31.25),0020_拉布里奥拉_历史主义_唯物史观.md；0021_拉布里奥拉_唯物史观_方法.md,,拉布里奥拉、历史、民族文化,马克思主义哲学史教程；马克思主义哲学中国化理论与历史；马克思主义哲学史(第五卷),303-305；175；108-112,是,先核验原卡片再使用,先查主题页《民族国家与国际关系》，再在 T3/T10 中检索：拉布里奥拉|历史|民族文化,否
1102,生态学 马克思主义 哲学传统,1102_生态学_马克思主义_哲学传统.md,3,52.2,理论方法,马克思恩格斯经典文本与哲学关系,理论方法/马克思恩格斯经典文本与哲学关系.md,低,10.0,自动主题组匹配：马克思,现象学 马克思主义 哲学传统(37.31)；存在主义 马克思主义 哲学传统(34.29)；大众哲学 马克思主义哲学 传播贡献(12.5)；马克思主义哲学中国化 中国哲学传统(12.5)；马克思主义哲学 中国哲学传统 结合(12.5),1104_现象学_马克思主义_哲学传统.md；1103_存在主义_马克思主义_哲学传统.md；0372_大众哲学_马克思主义哲学_传播贡献.md；0725_马克思主义哲学中国化_中国哲学传统.md；0726_马克思主义哲学_中国哲学传统_结合.md,,生态学、马克思主义、哲学传统,马克思主义哲学史教程；马克思主义哲学中国化_问题与进路_孙伟平；马克思主义哲学中国化理论与历史,783-785；4；87,是,先核验原卡片再使用,先查主题页《马克思恩格斯经典文本与哲学关系》，再在 T3/T10 中检索：生态学|马克思主义|哲学传统,否
1103,存在主义 马克思主义 哲学传统,1103_存在主义_马克思主义_哲学传统.md,3,52.8,国外马克思主义,西方马克思主义与国外马克思主义哲学,国外马克思主义/西方马克思主义与国外马克思主义哲学.md,低,13.0,自动主题组匹配：存在主义,生态学 马克思主义 哲学传统(34.29)；现象学 马克思主义 哲学传统(34.29)；直觉主义 新康德主义 存在主义 苏联(23.75)；马克思主义哲学中国化 中国哲学传统(12.5)；马克思主义哲学 中国哲学传统 结合(12.5),1102_生态学_马克思主义_哲学传统.md；1104_现象学_马克思主义_哲学传统.md；0773_直觉主义_新康德主义_存在主义_苏联.md；0725_马克思主义哲学中国化_中国哲学传统.md；0726_马克思主义哲学_中国哲学传统_结合.md,,存在主义、马克思主义、哲学传统,马克思主义哲学史教程；马克思主义哲学中国化_问题与进路_孙伟平；二十世纪上半叶马克思主义哲学中国化之检视_王玉平,604-606；4；223,是,先核验原卡片再使用,先查主题页《西方马克思主义与国外马克思主义哲学》，再在 T3/T10 中检索：存在主义|马克思主义|哲学传统,否
1104,现象学 马克思主义 哲学传统,1104_现象学_马克思主义_哲学传统.md,3,48.8,理论方法,马克思恩格斯经典文本与哲学关系,理论方法/马克思恩格斯经典文本与哲学关系.md,低,10.0,自动主题组匹配：马克思,生态学 马克思主义 哲学传统(37.31)；存在主义 马克思主义 哲学传统(34.29)；大众哲学 马克思主义哲学 传播贡献(12.5)；马克思主义哲学中国化 中国哲学传统(12.5)；马克思主义哲学 中国哲学传统 结合(12.5),1102_生态学_马克思主义_哲学传统.md；1103_存在主义_马克思主义_哲学传统.md；0372_大众哲学_马克思主义哲学_传播贡献.md；0725_马克思主义哲学中国化_中国哲学传统.md；0726_马克思主义哲学_中国哲学传统_结合.md,,现象学、马克思主义、哲学传统,马克思主义哲学史教程；马克思主义哲学中国化_问题与进路_孙伟平；马克思主义哲学中国化理论与历史,4-5；4；87,是,先核验原卡片再使用,先查主题页《马克思恩格斯经典文本与哲学关系》，再在 T3/T10 中检索：现象学|马克思主义|哲学传统,否
1105,民主革命时期 马克思主义中国化 主题,1105_民主革命时期_马克思主义中国化_主题.md,3,50.8,理论方法,马克思恩格斯经典文本与哲学关系,理论方法/马克思恩格斯经典文本与哲学关系.md,低,18.0,自动主题组匹配：马克思,民主革命时期 马克思主义中国化 历程(89.12)；民主革命时期 马克思主义中国化 理论成果(87.11)；新民主主义革命 马克思主义中国化 主题(64.47)；马克思主义中国化 主题 时代任务(61.84)；救亡图存 马克思主义中国化 主题(61.84),1117_民主革命时期_马克思主义中国化_历程.md；1118_民主革命时期_马克思主义中国化_理论成果.md；0502_新民主主义革命_马克思主义中国化_主题.md；1108_马克思主义中国化_主题_时代任务.md；1109_救亡图存_马克思主义中国化_主题.md,,民主革命时期、马克思主义中国化、主题,马克思主义中国化史；马克思主义哲学中国化理论与历史；马克思主义中国化时代化的历史逻辑、根本途径和当代课题——访北京大学马克思主义学院郭建宁教授_本刊记者,未识别；41；10,是,先核验原卡片再使用,先查主题页《马克思恩格斯经典文本与哲学关系》，再在 T3/T10 中检索：民主革命时期|马克思主义中国化|主题,否
1106,马克思主义 基本原理 中国实际 结合,1106_马克思主义_基本原理_中国实际_结合.md,3,63.12,中国哲学传统,马克思主义哲学与中国文化传统结合,中国哲学传统/马克思主义哲学与中国文化传统结合.md,高,109.0,已列入原主题页重点卡片；命中主题种子词：结合；主题词重合：结合,中华优秀传统文化 基本原理 马克思(25.43)；瞿秋白 历史唯物论 基本原理(23.41)；马克思主义哲学 中国革命实际 结合(10.0)；新中国 马克思主义基本观点 普及(8.75)；马克思主义 中国革命实际 最初结合(8.33),1794_中华优秀传统文化_基本原理_马克思.md；0313_瞿秋白_历史唯物论_基本原理.md；1415_马克思主义哲学_中国革命实际_结合.md；0636_新中国_马克思主义基本观点_普及.md；1131_马克思主义_中国革命实际_最初结合.md,,马克思主义、基本原理、中国实际、结合,马克思主义哲学的中国化及其历程；坚持马克思主义基本原理同中华优秀传统文化相结合须廓清的几种错误倾向_冯冉；马克思主义基本原理同中华优秀传统文化相结合学理探析_田鹏颖,未识别；7,是,可按主题页优先检索,先查主题页《马克思主义哲学与中国文化传统结合》，再在 T3/T10 中检索：马克思主义|基本原理|中国实际|结合,否
1107,马克思主义中国化 中国具体实践 结合,1107_马克思主义中国化_中国具体实践_结合.md,3,58.9,理论方法,马克思恩格斯经典文本与哲学关系,理论方法/马克思恩格斯经典文本与哲学关系.md,低,18.0,自动主题组匹配：马克思,马克思主义中国化 中国现代性(51.76)；马克思主义中国化 提法 具体化(51.11)；马克思主义中国化 前瞻(50.94)；起源 马克思主义中国化(50.94)；马克思主义中国化 思潮(50.94),1624_马克思主义中国化_中国现代性.md；1620_马克思主义中国化_提法_具体化.md；1180_马克思主义中国化_前瞻.md；1761_起源_马克思主义中国化.md；1827_马克思主义中国化_思潮.md,,马克思主义中国化、中国具体实践、结合,马克思主义中国化的历史进程和基本经验研究_石仲泉；马克思主义哲学中国化理论与历史；“中国化”思潮与马克思主义中国化思想的互动研究——以20世纪20—40年代为考察范围_王朝庆,9；499；5,是,先核验原卡片再使用,先查主题页《马克思恩格斯经典文本与哲学关系》，再在 T3/T10 中检索：马克思主义中国化|中国具体实践|结合,否
1108,马克思主义中国化 主题 时代任务,1108_马克思主义中国化_主题_时代任务.md,3,47.0,理论方法,马克思恩格斯经典文本与哲学关系,理论方法/马克思恩格斯经典文本与哲学关系.md,低,18.0,自动主题组匹配：马克思,救亡图存 马克思主义中国化 主题(63.24)；新民主主义革命 马克思主义中国化 主题(61.84)；民主革命时期 马克思主义中国化 主题(61.84)；马克思主义中国化 前瞻(51.67)；起源 马克思主义中国化(51.67),1109_救亡图存_马克思主义中国化_主题.md；0502_新民主主义革命_马克思主义中国化_主题.md；1105_民主革命时期_马克思主义中国化_主题.md；1180_马克思主义中国化_前瞻.md；1761_起源_马克思主义中国化.md,,马克思主义中国化、主题、时代任务,马克思主义中国化史；马克思主义中国化时代化的历史逻辑、根本途径和当代课题——访北京大学马克思主义学院郭建宁教授_本刊记者；中国现代性建构：马克思主义中国化研究的重要视角_赵园园,未识别；10；3,是,先核验原卡片再使用,先查主题页《马克思恩格斯经典文本与哲学关系》，再在 T3/T10 中检索：马克思主义中国化|主题|时代任务,否
1109,救亡图存 马克思主义中国化 主题,1109_救亡图存_马克思主义中国化_主题.md,3,54.62,理论方法,马克思恩格斯经典文本与哲学关系,理论方法/马克思恩格斯经典文本与哲学关系.md,低,18.0,自动主题组匹配：马克思,马克思主义中国化 主题 时代任务(63.24)；新民主主义革命 马克思主义中国化 主题(61.84)；民主革命时期 马克思主义中国化 主题(61.84)；马克思主义中国化 前瞻(51.67)；起源 马克思主义中国化(51.67),1108_马克思主义中国化_主题_时代任务.md；0502_新民主主义革命_马克思主义中国化_主题.md；1105_民主革命时期_马克思主义中国化_主题.md；1180_马克思主义中国化_前瞻.md；1761_起源_马克思主义中国化.md,,救亡图存、马克思主义中国化、主题,20世纪上半叶“中国化”思潮与“马克思主义中国化”起源研究述评_赵铁锁；马克思主义中国化史；马克思主义中国化时代化的历史逻辑、根本途径和当代课题——访北京大学马克思主义学院郭建宁教授_本刊记者,1；未识别；10,是,先核验原卡片再使用,先查主题页《马克思恩格斯经典文本与哲学关系》，再在 T3/T10 中检索：救亡图存|马克思主义中国化|主题,否
1110,民族独立 人民解放 国家富强,1110_民族独立_人民解放_国家富强.md,3,38.57,传播史,民族国家与国际关系,传播史/民族国家与国际关系.md,中,20.0,自动主题组匹配：民族、国家,,,,民族独立、人民解放,马克思主义哲学中国化理论与历史；中国现代性建构：马克思主义中国化研究的重要视角_赵园园；马克思主义中国化时代化的历史逻辑、根本途径和当代课题——访北京大学马克思主义学院郭建宁教授_本刊记者,477；4；7,是,可按主题页优先检索,先查主题页《民族国家与国际关系》，再在 T3/T10 中检索：民族独立|人民解放|国家富强,否
1111,西方资本主义 方案 破产,1111_西方资本主义_方案_破产.md,3,38.64,理论方法,政治经济学与资本主义批判,理论方法/政治经济学与资本主义批判.md,中,23.0,自动主题组匹配：资本主义、资本,物质文明 破产 人生观(11.56)；欧洲文化 破产 科学责任(11.47)；劳动 资本主义(6.82)；俄国 资本主义(6.82)；宗教 资本主义(6.82),0197_物质文明_破产_人生观.md；0107_欧洲文化_破产_科学责任.md；1710_劳动_资本主义.md；1713_俄国_资本主义.md；1716_宗教_资本主义.md,,西方资本主义、方案、破产,中国马克思主义：概念界定与历史使命_王庆丰；马克思主义哲学中国化理论与历史；继承五四和扬弃五四,5；22；30,是,可按主题页优先检索,先查主题页《政治经济学与资本主义批判》，再在 T3/T10 中检索：西方资本主义|方案|破产,否
1112,马克思主义 指导思想 中国革命,1112_马克思主义_指导思想_中国革命.md,3,55.2,中国化,毛泽东哲学与中国革命经验,中国化/毛泽东哲学与中国革命经验.md,低,13.0,自动主题组匹配：中国革命,中国革命 需要 马克思主义(31.67)；马克思主义 俄国化 中国革命(30.94)；早期共产主义者 马克思主义 中国革命(29.21)；李大钊 唯物史观 中国革命 指导(25.0)；十月革命 中国革命 影响(24.41),1283_中国革命_需要_马克思主义.md；0852_马克思主义_俄国化_中国革命.md；0292_早期共产主义者_马克思主义_中国革命.md；0303_李大钊_唯物史观_中国革命_指导.md；0844_十月革命_中国革命_影响.md,,马克思主义、指导思想、中国革命,马克思主义中国化探论；马克思主义哲学中国化理论与历史；抗战时期的“中国化”思潮与马克思主义中国化_张立慧,173；581；5,是,先核验原卡片再使用,先查主题页《毛泽东哲学与中国革命经验》，再在 T3/T10 中检索：马克思主义|指导思想|中国革命,否
1113,中国共产党 成立 马克思主义 工人运动,1113_中国共产党_成立_马克思主义_工人运动.md,3,61.2,理论方法,马克思恩格斯经典文本与哲学关系,理论方法/马克思恩格斯经典文本与哲学关系.md,低,10.0,自动主题组匹配：马克思,中国共产党 成立 意义(43.82)；中国共产党 前进 成立(41.94)；俄国味道 马克思主义 中国共产党(35.0)；中国共产党 马克思主义中国化 起点(35.0)；中国共产党 成立初期 宣传组织工作(31.52),1129_中国共产党_成立_意义.md；1829_中国共产党_前进_成立.md；0849_俄国味道_马克思主义_中国共产党.md；1114_中国共产党_马克思主义中国化_起点.md；1130_中国共产党_成立初期_宣传组织工作.md,,中国共产党、成立、马克思主义、工人运动,马克思主义中国化史；马克思主义哲学在中国传播与发展的百年历史（上）；马克思主义哲学中国化理论与历史,未识别；148-152；206,是,先核验原卡片再使用,先查主题页《马克思恩格斯经典文本与哲学关系》，再在 T3/T10 中检索：中国共产党|成立|马克思主义|工人运动,否
1114,中国共产党 马克思主义中国化 起点,1114_中国共产党_马克思主义中国化_起点.md,3,58.38,理论方法,马克思恩格斯经典文本与哲学关系,理论方法/马克思恩格斯经典文本与哲学关系.md,低,18.0,自动主题组匹配：马克思,马克思主义中国化 起源语境(52.5)；马克思主义中国化 前瞻(51.67)；起源 马克思主义中国化(51.67)；马克思主义中国化 思潮(51.67)；马克思主义中国化 重建(51.67),1619_马克思主义中国化_起源语境.md；1180_马克思主义中国化_前瞻.md；1761_起源_马克思主义中国化.md；1827_马克思主义中国化_思潮.md；1828_马克思主义中国化_重建.md,,中国共产党、马克思主义中国化、起点,列宁主义早期传播与马克思主义中国化研究_曾银慧；中国现代性建构：马克思主义中国化研究的重要视角_赵园园；抗战时期的“中国化”思潮与马克思主义中国化_张立慧,6；7；3,是,先核验原卡片再使用,先查主题页《马克思恩格斯经典文本与哲学关系》，再在 T3/T10 中检索：中国共产党|马克思主义中国化|起点,否
1115,中国革命 根源 任务 性质 特点,1115_中国革命_根源_任务_性质_特点.md,3,47.8,中国化,毛泽东哲学与中国革命经验,中国化/毛泽东哲学与中国革命经验.md,低,13.0,自动主题组匹配：中国革命,中国革命 性质 前途 研判(36.25)；中国革命 道路 特点 毛泽东(35.88)；一切均借俄助 中国革命 初期特点(25.0)；十月革命 中国革命 影响(24.69)；一步走 两步走 中国革命(24.69),1139_中国革命_性质_前途_研判.md；0616_中国革命_道路_特点_毛泽东.md；1155_一切均借俄助_中国革命_初期特点.md；0844_十月革命_中国革命_影响.md；1174_一步走_两步走_中国革命.md,,中国革命、任务、性质、特点,马克思主义哲学史（第六卷；马克思主义中国化史；马克思主义哲学的中国化及其历程,492-493；未识别；200-203,是,先核验原卡片再使用,先查主题页《毛泽东哲学与中国革命经验》，再在 T3/T10 中检索：中国革命|根源|任务|性质|特点,否
1116,中国革命 对象 动力 领导权 前途,1116_中国革命_对象_动力_领导权_前途.md,3,53.08,中国化,毛泽东哲学与中国革命经验,中国化/毛泽东哲学与中国革命经验.md,低,13.0,自动主题组匹配：中国革命,中国革命 性质 前途 研判(35.88)；毛泽东 中国民主革命 性质 对象 动力(25.95)；十月革命 中国革命 影响(24.41)；一步走 两步走 中国革命(24.41)；中国革命 胜利 中国情况(24.41),1139_中国革命_性质_前途_研判.md；0531_毛泽东_中国民主革命_性质_对象_动力.md；0844_十月革命_中国革命_影响.md；1174_一步走_两步走_中国革命.md；1308_中国革命_胜利_中国情况.md,,中国革命、对象、动力、前途、领导权,马克思主义中国化史；马克思主义哲学中国化理论与历史；马克思主义哲学在中国传播与发展的百年历史（下）,未识别；494；404,是,先核验原卡片再使用,先查主题页《毛泽东哲学与中国革命经验》，再在 T3/T10 中检索：中国革命|对象|动力|领导权|前途,否
1117,民主革命时期 马克思主义中国化 历程,1117_民主革命时期_马克思主义中国化_历程.md,3,56.37,理论方法,马克思恩格斯经典文本与哲学关系,理论方法/马克思恩格斯经典文本与哲学关系.md,低,18.0,自动主题组匹配：马克思,民主革命时期 马克思主义中国化 主题(89.12)；民主革命时期 马克思主义中国化 理论成果(87.11)；新民主主义革命 马克思主义中国化 主题(50.71)；新民主主义革命理论 马克思主义中国化(50.71)；马克思主义中国化 历史性飞跃(50.53),1105_民主革命时期_马克思主义中国化_主题.md；1118_民主革命时期_马克思主义中国化_理论成果.md；0502_新民主主义革命_马克思主义中国化_主题.md；0503_新民主主义革命理论_马克思主义中国化.md；1179_马克思主义中国化_历史性飞跃.md,,民主革命时期、马克思主义中国化、历程,马克思主义中国化史；马克思主义哲学中国化理论与历史；马克思主义中国化的历史进程和基本经验研究_石仲泉,未识别；33；1,是,先核验原卡片再使用,先查主题页《马克思恩格斯经典文本与哲学关系》，再在 T3/T10 中检索：民主革命时期|马克思主义中国化|历程,否
1118,民主革命时期 马克思主义中国化 理论成果,1118_民主革命时期_马克思主义中国化_理论成果.md,3,61.4,中国化,新民主主义革命理论与马克思主义中国化,中国化/新民主主义革命理论与马克思主义中国化.md,高,118.0,已列入原主题页重点卡片；命中主题种子词：马克思主义中国化；主题词重合：马克思主义中国化；主题域增强：中国化,民主革命时期 马克思主义中国化 主题(87.11)；民主革命时期 马克思主义中国化 历程(87.11)；马克思主义中国化 初期理论成果(52.5)；马克思主义中国化 理论困境(51.84)；新民主主义革命理论 马克思主义中国化(51.36),1105_民主革命时期_马克思主义中国化_主题.md；1117_民主革命时期_马克思主义中国化_历程.md；0973_马克思主义中国化_初期理论成果.md；1178_马克思主义中国化_理论困境.md；0503_新民主主义革命理论_马克思主义中国化.md,,民主革命时期、马克思主义中国化、理论成果,马克思主义中国化史；马克思主义哲学中国化理论与历史；抗战时期的“中国化”思潮与马克思主义中国化_张立慧,未识别；41；1,是,可按主题页优先检索,先查主题页《新民主主义革命理论与马克思主义中国化》，再在 T3/T10 中检索：民主革命时期|马克思主义中国化|理论成果,否
1119,近代中国 严重危机 走向,1119_近代中国_严重危机_走向.md,3,38.38,其他待人工复核,其他待人工复核,其他待人工复核/其他待人工复核.md,待人工归类,0.0,未命中已有主题页和自动主题组规则，建议人工判断,儒学 困境 近代中国(25.77)；近代中国 社会性质 主要矛盾 历史任务(23.57)；马克思主义哲学中国化 走向(12.78)；近代中国启蒙运动史(5.36),0685_儒学_困境_近代中国.md；1121_近代中国_社会性质_主要矛盾_历史任务.md；1816_马克思主义哲学中国化_走向.md；1970_近代中国启蒙运动史.md,,近代中国、严重危机、走向,马克思主义中国化史；继承五四和扬弃五四；当前马克思主义研究中的五个重大问题_杨耕,未识别；16；18,是,可按主题页优先检索,先查主题页《其他待人工复核》，再在 T3/T10 中检索：近代中国|严重危机|走向,否
1120,世界资本主义 殖民扩张 中国侵略,1120_世界资本主义_殖民扩张_中国侵略.md,3,26.93,理论方法,政治经济学与资本主义批判,理论方法/政治经济学与资本主义批判.md,中,23.0,自动主题组匹配：资本主义、资本,殖民制度 崩溃 资本主义矛盾(5.0)；劳动 资本主义(5.0)；俄国 资本主义(5.0)；宗教 资本主义(5.0)；伦理 资本主义(5.0),1475_殖民制度_崩溃_资本主义矛盾.md；1710_劳动_资本主义.md；1713_俄国_资本主义.md；1716_宗教_资本主义.md；1723_伦理_资本主义.md,,世界资本主义、殖民扩张,马克思主义中国化史；米丁-辩证唯物论历史唯物论下-rightToLeft；毛泽东哲学批注集：辩证法唯物论教程批注 (毛泽东),未识别；136；48,是,可按主题页优先检索,先查主题页《政治经济学与资本主义批判》，再在 T3/T10 中检索：世界资本主义|殖民扩张|中国侵略,否
1121,近代中国 社会性质 主要矛盾 历史任务,1121_近代中国_社会性质_主要矛盾_历史任务.md,3,45.19,理论方法,矛盾分析法与矛盾特殊性,理论方法/矛盾分析法与矛盾特殊性.md,高,115.0,已列入原主题页重点卡片；命中主题种子词：矛盾、主要矛盾；主题词重合：主要矛盾,儒学 困境 近代中国(23.95)；大众哲学 主要矛盾(23.95)；毛泽东 矛盾论 主要矛盾(23.75)；近代中国 严重危机 走向(23.57)；主要矛盾 大众哲学 矛盾理论(23.41),0685_儒学_困境_近代中国.md；1633_大众哲学_主要矛盾.md；1687_毛泽东_矛盾论_主要矛盾.md；1119_近代中国_严重危机_走向.md；1808_主要矛盾_大众哲学_矛盾理论.md,,近代中国、社会性质、主要矛盾、历史任务,马克思主义中国化史；马克思主义中国化的起源语境；继承五四和扬弃五四,未识别；121；15,是,可按主题页优先检索,先查主题页《矛盾分析法与矛盾特殊性》，再在 T3/T10 中检索：近代中国|社会性质|主要矛盾|历史任务,否
1122,经世致用 思潮 影响,1122_经世致用_思潮_影响.md,3,44.8,论战与思想运动,中国近代启蒙与民主革命,论战与思想运动/中国近代启蒙与民主革命.md,低,10.0,二级自动主题组匹配：经世致用,经世致用 实事求是 传统 继承(25.0)；中学为体 西学为用 思潮(13.85)；无政府主义 思潮 批判(11.79)；改良主义 思潮 近五十年(11.67)；民主主义 知识分子 思潮(11.67),0622_经世致用_实事求是_传统_继承.md；1391_中学为体_西学为用_思潮.md；1127_无政府主义_思潮_批判.md；1389_改良主义_思潮_近五十年.md；1825_民主主义_知识分子_思潮.md,,经世致用、思潮、影响,马克思主义中国化史；中国近代哲学的革命进程；中国文化与马克思主义,未识别；9-10；291,是,先核验原卡片再使用,先查主题页《中国近代启蒙与民主革命》，再在 T3/T10 中检索：经世致用|思潮|影响,否
1123,太平天国 农民战争 意义 教训,1123_太平天国_农民战争_意义_教训.md,3,55.0,传播史,民族国家与国际关系,传播史/民族国家与国际关系.md,低,10.0,自动主题组匹配：战争,农民战争 德国(25.77)；德波林派 批判 教训(11.47)；德国农民战争(8.33),1738_农民战争_德国.md；0780_德波林派_批判_教训.md；1988_德国农民战争.md,,太平天国、农民战争、意义、教训,马克思主义中国化史；中国近代思想史论；中国现代思想史论,未识别；10；359,是,先核验原卡片再使用,先查主题页《民族国家与国际关系》，再在 T3/T10 中检索：太平天国|农民战争|意义|教训,否
1124,辛亥革命 意义 经验教训,1124_辛亥革命_意义_经验教训.md,3,38.67,论战与思想运动,中国近代启蒙与民主革命,论战与思想运动/中国近代启蒙与民主革命.md,低,10.0,自动主题组匹配：辛亥,大革命失败 原因 经验教训(26.67)；苏联哲学 教条主义 经验教训(26.25)；中国革命 经验教训 哲学总结(26.25)；苏联哲学 70年 经验教训(24.69)；苏联哲学 政治化 经验教训(24.69),1142_大革命失败_原因_经验教训.md；0807_苏联哲学_教条主义_经验教训.md；1437_中国革命_经验教训_哲学总结.md；0806_苏联哲学_70年_经验教训.md；0808_苏联哲学_政治化_经验教训.md,,辛亥革命、经验教训、意义,马克思主义中国化探论；马克思主义哲学中国化与中国哲学的现代转型；马克思主义中国化史,166；138-139；未识别,是,先核验原卡片再使用,先查主题页《中国近代启蒙与民主革命》，再在 T3/T10 中检索：辛亥革命|意义|经验教训,否
1125,第一次世界大战 中国思想 冲击,1125_第一次世界大战_中国思想_冲击.md,3,42.08,传播史,民族国家与国际关系,传播史/民族国家与国际关系.md,低,10.0,自动主题组匹配：世界,现阶段 中国思想 意见(24.41)；近五十年 中国思想 变动(24.17),1443_现阶段_中国思想_意见.md；1385_近五十年_中国思想_变动.md,,第一次世界大战、中国思想,马克思主义哲学在中国的传播与马克思主义哲学中国化；马克思主义中国化的起源语境；马克思主义哲学中国化理论与历史,6；143；300,是,先核验原卡片再使用,先查主题页《民族国家与国际关系》，再在 T3/T10 中检索：第一次世界大战|中国思想|冲击,否
1126,社会主义 是否适合中国国情 之争,1126_社会主义_是否适合中国国情_之争.md,3,58.6,其他待人工复核,其他待人工复核,其他待人工复核/其他待人工复核.md,待人工归类,12.0,未命中已有主题页和自动主题组规则，建议人工判断,社会主义 历史经验 中国 世界(25.0)；俄国 社会主义(25.0)；德国 社会主义(25.0)；法国 社会主义(25.0)；社会主义 列宁(25.0),1476_社会主义_历史经验_中国_世界.md；1758_俄国_社会主义.md；1772_德国_社会主义.md；1817_法国_社会主义.md；1840_社会主义_列宁.md,,社会主义、是否适合中国国情、之争,马克思主义中国化史；认识世界和认识自己；中国马克思主义学术史纲,未识别；12；252,是,可按主题页优先检索,先查主题页《其他待人工复核》，再在 T3/T10 中检索：社会主义|是否适合中国国情|之争,否
1127,无政府主义 思潮 批判,1127_无政府主义_思潮_批判.md,3,47.48,传播史,早期马克思主义传播主体与传播载体,传播史/早期马克思主义传播主体与传播载体.md,低,10.0,二级自动主题组匹配：无政府主义,无政府主义 理论批判 列宁(34.62)；无政府主义 绝对自由 批判(34.62)；无政府主义 反对阶级斗争 批判(33.33)；无政府主义 论争 哲学意义(32.14)；改良主义 思潮 近五十年(15.36),0880_无政府主义_理论批判_列宁.md；1290_无政府主义_绝对自由_批判.md；0035_无政府主义_反对阶级斗争_批判.md；1289_无政府主义_论争_哲学意义.md；1389_改良主义_思潮_近五十年.md,,无政府主义、思潮、批判,马克思主义中国化史；马克思主义哲学史；马列著作在中国的出版,未识别；347-349；164,是,先核验原卡片再使用,先查主题页《早期马克思主义传播主体与传播载体》，再在 T3/T10 中检索：无政府主义|思潮|批判,否
1128,共产党早期组织 建立 活动,1128_共产党早期组织_建立_活动.md,3,48.64,传播史,早期马克思主义传播主体与传播载体,传播史/早期马克思主义传播主体与传播载体.md,低,14.0,二级自动主题组匹配：共产党早期组织,共产党(5.0),2003_共产党.md,,共产党早期组织、建立、活动,马列著作在中国的出版；马克思主义中国化史；艾思奇全书（第2卷）,126；未识别；252-255,是,先核验原卡片再使用,先查主题页《早期马克思主义传播主体与传播载体》，再在 T3/T10 中检索：共产党早期组织|建立|活动,否
1129,中国共产党 成立 意义,1129_中国共产党_成立_意义.md,3,50.8,传播史,早期马克思主义传播主体与传播载体,传播史/早期马克思主义传播主体与传播载体.md,低,10.0,二级自动主题组匹配：中国共产党 成立,中国共产党 前进 成立(46.36)；中国共产党 成立 马克思主义 工人运动(43.82)；中国共产党 成立初期 宣传组织工作(34.38)；中国共产党 党史 研究(33.33)；以俄为师 心理 中国共产党(32.14),1829_中国共产党_前进_成立.md；1113_中国共产党_成立_马克思主义_工人运动.md；1130_中国共产党_成立初期_宣传组织工作.md；1482_中国共产党_党史_研究.md；1156_以俄为师_心理_中国共产党.md,,中国共产党、成立、意义,马克思主义中国化史；马克思主义哲学中国化理论与历史；马列著作在中国的出版,未识别；549；465,是,先核验原卡片再使用,先查主题页《早期马克思主义传播主体与传播载体》，再在 T3/T10 中检索：中国共产党|成立|意义,否
1130,中国共产党 成立初期 宣传组织工作,1130_中国共产党_成立初期_宣传组织工作.md,3,37.84,传播史,早期马克思主义传播主体与传播载体,传播史/早期马克思主义传播主体与传播载体.md,中,20.0,二级自动主题组匹配：中国共产党 成立、宣传组织工作,中国共产党 成立 意义(34.38)；中国共产党 前进 成立(32.35)；中国共产党 成立 马克思主义 工人运动(31.52)；中国共产党 党史 研究(30.56)；以俄为师 心理 中国共产党(30.0),1129_中国共产党_成立_意义.md；1829_中国共产党_前进_成立.md；1113_中国共产党_成立_马克思主义_工人运动.md；1482_中国共产党_党史_研究.md；1156_以俄为师_心理_中国共产党.md,,中国共产党、成立初期、宣传组织工作,马克思主义中国化史；中国马克思主义：概念界定与历史使命_王庆丰；毛泽东哲学批注集：辩证法唯物论教程批注 (毛泽东),未识别；6；315,是,可按主题页优先检索,先查主题页《早期马克思主义传播主体与传播载体》，再在 T3/T10 中检索：中国共产党|成立初期|宣传组织工作,否
1131,马克思主义 中国革命实际 最初结合,1131_马克思主义_中国革命实际_最初结合.md,3,44.51,中国哲学传统,马克思主义哲学与中国文化传统结合,中国哲学传统/马克思主义哲学与中国文化传统结合.md,高,103.0,已列入原主题页重点卡片；命中主题种子词：结合,马克思主义哲学 中国革命实际 结合(43.89)；毛泽东 马克思列宁主义 中国革命实际(41.25)；哲学教科书 中国革命实际 结合(37.5)；马克思主义 中国革命实践 结合(15.62)；中国革命 需要 马克思主义(10.29),1415_马克思主义哲学_中国革命实际_结合.md；0862_毛泽东_马克思列宁主义_中国革命实际.md；0930_哲学教科书_中国革命实际_结合.md；1153_马克思主义_中国革命实践_结合.md；1283_中国革命_需要_马克思主义.md,,马克思主义、中国革命实际、最初结合,马克思主义中国化史；马克思主义哲学中国化的历史进程；中国文化与马克思主义,未识别；3；263,是,可按主题页优先检索,先查主题页《马克思主义哲学与中国文化传统结合》，再在 T3/T10 中检索：马克思主义|中国革命实际|最初结合,否
1132,国共合作 统一战线 理论实践,1132_国共合作_统一战线_理论实践.md,3,38.57,理论方法,哲学基本范畴与辩证法原理,理论方法/哲学基本范畴与辩证法原理.md,低,10.0,自动主题组匹配：实践,统一战线 理论 认识深化(28.33)；国共合作 党内合作 策略(24.69)；力量对比 统一战线 必要(24.41)；利用矛盾 统一战线 意义(24.41)；统一战线 独立自主 统一 独立(24.41),1133_统一战线_理论_认识深化.md；1160_国共合作_党内合作_策略.md；1169_力量对比_统一战线_必要.md；1172_利用矛盾_统一战线_意义.md；1331_统一战线_独立自主_统一_独立.md,,国共合作、统一战线,马克思主义中国化史；列宁主义早期传播与马克思主义中国化研究_曾银慧；1940年代中国共产党人的思想批判和新民主主义话语权的确立_陈先初,未识别；6；2,是,先核验原卡片再使用,先查主题页《哲学基本范畴与辩证法原理》，再在 T3/T10 中检索：国共合作|统一战线|理论实践,否
1133,统一战线 理论 认识深化,1133_统一战线_理论_认识深化.md,3,38.33,理论方法,哲学基本范畴与辩证法原理,理论方法/哲学基本范畴与辩证法原理.md,低,10.0,自动主题组匹配：认识,国共合作 统一战线 理论实践(28.33)；力量对比 统一战线 必要(25.0)；利用矛盾 统一战线 意义(25.0)；统一战线 独立自主 统一 独立(25.0)；民族矛盾 阶级矛盾 统一战线(24.69),1132_国共合作_统一战线_理论实践.md；1169_力量对比_统一战线_必要.md；1172_利用矛盾_统一战线_意义.md；1331_统一战线_独立自主_统一_独立.md；1330_民族矛盾_阶级矛盾_统一战线.md,,统一战线、理论,马克思主义中国化史；童稚集；胡绳全书.第7卷,未识别；253-255；471-474,是,先核验原卡片再使用,先查主题页《哲学基本范畴与辩证法原理》，再在 T3/T10 中检索：统一战线|理论|认识深化,否
1134,共产国际 中国革命性质 认识,1134_共产国际_中国革命性质_认识.md,3,38.67,苏联哲学,苏联哲学与共产国际,苏联哲学/苏联哲学与共产国际.md,低,13.0,自动主题组匹配：共产国际,共产国际 国民党性质 认识(30.0)；共产国际 中国 马克思主义传播 指导(26.25)；两步走 革命方针 共产国际(25.88)；中国共产党 俄国模式 共产国际(25.56)；共产国际 下级支部 中国共产党(25.56),1135_共产国际_国民党性质_认识.md；0069_共产国际_中国_马克思主义传播_指导.md；1159_两步走_革命方针_共产国际.md；0848_中国共产党_俄国模式_共产国际.md；1154_共产国际_下级支部_中国共产党.md,,共产国际、中国革命性质、认识,马克思主义中国化史；毛泽东哲学批注集：辩证法唯物论教程批注 (毛泽东)；马克思主义哲学中国化理论与历史,未识别；435；271,是,先核验原卡片再使用,先查主题页《苏联哲学与共产国际》，再在 T3/T10 中检索：共产国际|中国革命性质|认识,否
1135,共产国际 国民党性质 认识,1135_共产国际_国民党性质_认识.md,3,40.2,苏联哲学,苏联哲学与共产国际,苏联哲学/苏联哲学与共产国际.md,低,13.0,自动主题组匹配：共产国际,共产国际 中国革命性质 认识(30.0)；共产国际 无产阶级领导权 认识(25.56)；两步走 革命方针 共产国际(24.41)；中国共产党 俄国模式 共产国际(24.17)；共产国际 下级支部 中国共产党(24.17),1134_共产国际_中国革命性质_认识.md；1136_共产国际_无产阶级领导权_认识.md；1159_两步走_革命方针_共产国际.md；0848_中国共产党_俄国模式_共产国际.md；1154_共产国际_下级支部_中国共产党.md,,共产国际、国民党性质、认识,马克思主义中国化史；“新哲学”大众化运动研究；马克思主义中国化的起源语境,未识别；79；25,是,先核验原卡片再使用,先查主题页《苏联哲学与共产国际》，再在 T3/T10 中检索：共产国际|国民党性质|认识,否
1136,共产国际 无产阶级领导权 认识,1136_共产国际_无产阶级领导权_认识.md,3,42.6,理论方法,阶级斗争与社会革命理论,理论方法/阶级斗争与社会革命理论.md,高,109.0,已列入原主题页重点卡片；命中主题种子词：无产阶级、阶级,共产国际 国民党性质 认识(25.56)；共产国际 中国革命性质 认识(25.26)；两步走 革命方针 共产国际(23.95)；中国共产党 俄国模式 共产国际(23.75)；共产国际 下级支部 中国共产党(23.75),1135_共产国际_国民党性质_认识.md；1134_共产国际_中国革命性质_认识.md；1159_两步走_革命方针_共产国际.md；0848_中国共产党_俄国模式_共产国际.md；1154_共产国际_下级支部_中国共产党.md,,共产国际、无产阶级领导权、认识,马克思主义中国化史；“新哲学”大众化运动研究；马克思主义中国化的起源语境,未识别；79；25,是,可按主题页优先检索,先查主题页《阶级斗争与社会革命理论》，再在 T3/T10 中检索：共产国际|无产阶级领导权|认识,否
1137,戴季陶主义 中国共产党 批判,1137_戴季陶主义_中国共产党_批判.md,3,51.15,传播史,早期马克思主义传播主体与传播载体,传播史/早期马克思主义传播主体与传播载体.md,低,10.0,二级自动主题组匹配：戴季陶主义,国家主义派 中国共产党 批判(36.67)；国际主义 民族主义 中国共产党(34.38)；俄国味道 马克思主义 中国共产党(33.33)；中国共产党 马克思主义中国化 起点(33.33)；戴季陶主义 唯物史观 批判(32.81),1138_国家主义派_中国共产党_批判.md；1176_国际主义_民族主义_中国共产党.md；0849_俄国味道_马克思主义_中国共产党.md；1114_中国共产党_马克思主义中国化_起点.md；0038_戴季陶主义_唯物史观_批判.md,,戴季陶主义、中国共产党、批判,马克思主义中国化史；中国文化与马克思主义；冯契文集第七卷中国近代哲学的革命进程,未识别；312；443,是,先核验原卡片再使用,先查主题页《早期马克思主义传播主体与传播载体》，再在 T3/T10 中检索：戴季陶主义|中国共产党|批判,否
1138,国家主义派 中国共产党 批判,1138_国家主义派_中国共产党_批判.md,3,50.24,传播史,民族国家与国际关系,传播史/民族国家与国际关系.md,低,10.0,自动主题组匹配：国家,戴季陶主义 中国共产党 批判(36.67)；国家主义派 国际主义 批判(33.33)；国家主义派 阶级斗争 批判(32.81)；国际主义 民族主义 中国共产党(32.35)；国家主义派 超阶级国家观 批判(32.35),1137_戴季陶主义_中国共产党_批判.md；1294_国家主义派_国际主义_批判.md；0037_国家主义派_阶级斗争_批判.md；1176_国际主义_民族主义_中国共产党.md；1293_国家主义派_超阶级国家观_批判.md,,国家主义派、中国共产党、批判,马克思主义哲学史（第六卷；马克思主义中国化史；国家主义与20世纪20年代的文化、政治,186-188；未识别；3,是,先核验原卡片再使用,先查主题页《民族国家与国际关系》，再在 T3/T10 中检索：国家主义派|中国共产党|批判,否
1139,中国革命 性质 前途 研判,1139_中国革命_性质_前途_研判.md,3,52.6,中国化,毛泽东哲学与中国革命经验,中国化/毛泽东哲学与中国革命经验.md,低,13.0,自动主题组匹配：中国革命,中国革命 根源 任务 性质 特点(36.25)；中国革命 对象 动力 领导权 前途(35.88)；新民主主义革命 性质 前途(28.93)；十月革命 中国革命 影响(25.36)；一步走 两步走 中国革命(25.36),1115_中国革命_根源_任务_性质_特点.md；1116_中国革命_对象_动力_领导权_前途.md；0516_新民主主义革命_性质_前途.md；0844_十月革命_中国革命_影响.md；1174_一步走_两步走_中国革命.md,,中国革命、性质、前途、研判,马克思主义中国化史；马克思主义哲学史教程；马克思主义哲学史（第六卷,未识别；951-952；278-280,是,先核验原卡片再使用,先查主题页《毛泽东哲学与中国革命经验》，再在 T3/T10 中检索：中国革命|性质|前途|研判,否
1140,武装斗争 思想 萌芽,1140_武装斗争_思想_萌芽.md,3,39.6,中国化,中国革命道路与党的思想建设,中国化/中国革命道路与党的思想建设.md,低,10.0,二级自动主题组匹配：武装斗争,革命问题 和平过渡 武装斗争(25.0)；三大法宝 统一战线 武装斗争 党的建设(23.95),1472_革命问题_和平过渡_武装斗争.md；1148_三大法宝_统一战线_武装斗争_党的建设.md,,武装斗争、思想、萌芽,马克思主义中国化史；胡绳全书（第一卷）；马克思主义哲学史（第六卷,未识别；480-482；240-244,是,先核验原卡片再使用,先查主题页《中国革命道路与党的思想建设》，再在 T3/T10 中检索：武装斗争|思想|萌芽,否
1141,中国共产党 思想建设 初步探索,1141_中国共产党_思想建设_初步探索.md,3,44.0,中国化,中国革命道路与党的思想建设,中国化/中国革命道路与党的思想建设.md,低,10.0,二级自动主题组匹配：中国共产党,统一战线思想 运用 中国共产党(31.58)；抗日战争 中国共产党 哲学思想(31.58)；中国共产党 成立 意义(31.25)；中国共产党 党史 研究(31.25)；中国共产党 前进 成立(31.25),1168_统一战线思想_运用_中国共产党.md；1688_抗日战争_中国共产党_哲学思想.md；1129_中国共产党_成立_意义.md；1482_中国共产党_党史_研究.md；1829_中国共产党_前进_成立.md,,中国共产党、思想建设、初步探索,马克思主义中国化史；马克思主义哲学中国化与中国道路的哲学表达；列宁主义早期传播与马克思主义中国化研究_曾银慧,未识别；7；6,是,先核验原卡片再使用,先查主题页《中国革命道路与党的思想建设》，再在 T3/T10 中检索：中国共产党|思想建设|初步探索,否
1142,大革命失败 原因 经验教训,1142_大革命失败_原因_经验教训.md,3,48.95,理论方法,哲学基本范畴与辩证法原理,理论方法/哲学基本范畴与辩证法原理.md,低,10.0,自动主题组匹配：原因,辛亥革命 意义 经验教训(26.67)；中国革命 经验教训 哲学总结(25.88)；苏联哲学 70年 经验教训(24.41)；苏联哲学 政治化 经验教训(24.41)；苏联哲学 教条主义 经验教训(24.17),1124_辛亥革命_意义_经验教训.md；1437_中国革命_经验教训_哲学总结.md；0806_苏联哲学_70年_经验教训.md；0808_苏联哲学_政治化_经验教训.md；0807_苏联哲学_教条主义_经验教训.md,,大革命失败、原因、经验教训,马克思主义哲学在中国的传播与马克思主义哲学中国化；马克思主义中国化史；马克思主义哲学中国化理论与历史,7；未识别；457,是,先核验原卡片再使用,先查主题页《哲学基本范畴与辩证法原理》，再在 T3/T10 中检索：大革命失败|原因|经验教训,否
1143,革命根据地 政权建设 局部执政,1143_革命根据地_政权建设_局部执政.md,1,42.0,中国化,中国革命道路与党的思想建设,中国化/中国革命道路与党的思想建设.md,中,36.0,二级自动主题组匹配：根据地、政权建设、根据地、局部执政,根据地 政权建设 经济建设 文化建设(28.33),1205_根据地_政权建设_经济建设_文化建设.md,,革命根据地、政权建设、局部执政,马克思主义中国化史,未识别,是,可按主题页优先检索,先查主题页《中国革命道路与党的思想建设》，再在 T3/T10 中检索：革命根据地|政权建设|局部执政,否
1144,遵义会议 中国革命 历史转折,1144_遵义会议_中国革命_历史转折.md,3,38.47,中国化,毛泽东哲学与中国革命经验,中国化/毛泽东哲学与中国革命经验.md,低,13.0,自动主题组匹配：中国革命,十月革命 中国革命 影响(24.69)；一步走 两步走 中国革命(24.69)；中国革命 胜利 中国情况(24.69)；俄国革命经验 中国革命 套用(24.41)；中国革命 性质 前途 研判(24.41),0844_十月革命_中国革命_影响.md；1174_一步走_两步走_中国革命.md；1308_中国革命_胜利_中国情况.md；0850_俄国革命经验_中国革命_套用.md；1139_中国革命_性质_前途_研判.md,,遵义会议、中国革命、历史转折,马克思主义中国化史；马克思主义哲学史（第六卷；马克思主义哲学中国化理论与历史,未识别；240-244；25,是,先核验原卡片再使用,先查主题页《毛泽东哲学与中国革命经验》，再在 T3/T10 中检索：遵义会议|中国革命|历史转折,否
1145,马克思主义中国化 大众化 初步推进,1145_马克思主义中国化_大众化_初步推进.md,3,45.8,理论方法,马克思恩格斯经典文本与哲学关系,理论方法/马克思恩格斯经典文本与哲学关系.md,低,18.0,自动主题组匹配：马克思,马克思主义中国化 初步实现(54.06)；马克思主义中国化 前瞻(50.94)；起源 马克思主义中国化(50.94)；马克思主义中国化 思潮(50.94)；马克思主义中国化 重建(50.94),1166_马克思主义中国化_初步实现.md；1180_马克思主义中国化_前瞻.md；1761_起源_马克思主义中国化.md；1827_马克思主义中国化_思潮.md；1828_马克思主义中国化_重建.md,,马克思主义中国化、大众化、初步推进,马克思主义中国化史；延安时期知识分子群体与马克思主义哲学大众化郭 - 2015 -；中国现代性建构：马克思主义中国化研究的重要视角_赵园园,未识别；17；7,是,先核验原卡片再使用,先查主题页《马克思恩格斯经典文本与哲学关系》，再在 T3/T10 中检索：马克思主义中国化|大众化|初步推进,否
1146,六届六中全会 马克思主义中国化,1146_六届六中全会_马克思主义中国化.md,3,57.06,中国化,马克思主义中国化命题的提出,中国化/马克思主义中国化命题的提出.md,高,136.0,已列入原主题页重点卡片；命中主题种子词：马克思主义中国化、六届六中全会；主题词重合：六届六中全会、马克思主义中国化；主题域增强：中国化、六届六中,马克思主义中国化 前瞻(51.67)；起源 马克思主义中国化(51.67)；马克思主义中国化 思潮(51.67)；马克思主义中国化 重建(51.67)；中国化思潮 马克思主义中国化(50.94),1180_马克思主义中国化_前瞻.md；1761_起源_马克思主义中国化.md；1827_马克思主义中国化_思潮.md；1828_马克思主义中国化_重建.md；1618_中国化思潮_马克思主义中国化.md,,六届六中全会、马克思主义中国化,马克思主义中国化的起源语境；毛泽东终生都在坚持“马克思主义中国化”提法吗？；中国知识界关于“马克思主义中国化”的论争——以20世纪30-40年代为中心_张安,128；1；9,是,可按主题页优先检索,先查主题页《马克思主义中国化命题的提出》，再在 T3/T10 中检索：六届六中全会|马克思主义中国化,否
1147,马克思主义中国化 科学内涵,1147_马克思主义中国化_科学内涵.md,3,51.94,理论方法,马克思恩格斯经典文本与哲学关系,理论方法/马克思恩格斯经典文本与哲学关系.md,低,18.0,自动主题组匹配：马克思,马克思主义中国化 前瞻(53.46)；起源 马克思主义中国化(53.46)；马克思主义中国化 思潮(53.46)；马克思主义中国化 重建(53.46)；科学发展观 马克思主义中国化(53.33),1180_马克思主义中国化_前瞻.md；1761_起源_马克思主义中国化.md；1827_马克思主义中国化_思潮.md；1828_马克思主义中国化_重建.md；0648_科学发展观_马克思主义中国化.md,,马克思主义中国化、科学内涵,坚持马克思主义基本原理同中华优秀传统文化相结合须廓清的几种错误倾向_冯冉；延安时期知识分子群体与马克思主义哲学大众化郭 - 2015 -；百年中国哲学革命,1；7；469,是,先核验原卡片再使用,先查主题页《马克思恩格斯经典文本与哲学关系》，再在 T3/T10 中检索：马克思主义中国化|科学内涵,否
1148,三大法宝 统一战线 武装斗争 党的建设,1148_三大法宝_统一战线_武装斗争_党的建设.md,3,60.8,中国化,中国革命道路与党的思想建设,中国化/中国革命道路与党的思想建设.md,中,40.0,二级自动主题组匹配：统一战线、武装斗争、党的建设、三大法宝,武装斗争 思想 萌芽(23.95)；统一战线 理论 认识深化(23.57)；力量对比 统一战线 必要(23.57)；利用矛盾 统一战线 意义(23.57)；统一战线 独立自主 统一 独立(23.57),1140_武装斗争_思想_萌芽.md；1133_统一战线_理论_认识深化.md；1169_力量对比_统一战线_必要.md；1172_利用矛盾_统一战线_意义.md；1331_统一战线_独立自主_统一_独立.md,,三大法宝、统一战线、武装斗争、党的建设,马克思主义中国化史；延安时期知识分子群体与马克思主义哲学大众化郭 - 2015 -；胡绳全书.第7卷,未识别；161；61-64,是,可按主题页优先检索,先查主题页《中国革命道路与党的思想建设》，再在 T3/T10 中检索：三大法宝|统一战线|武装斗争|党的建设,否
1149,抗战胜利后 马克思主义中国化 继续发展,1149_抗战胜利后_马克思主义中国化_继续发展.md,3,46.33,理论方法,马克思恩格斯经典文本与哲学关系,理论方法/马克思恩格斯经典文本与哲学关系.md,低,18.0,自动主题组匹配：马克思,马克思主义中国化 思潮 抗战(50.53)；科学发展观 马克思主义中国化(50.0)；马克思主义中国化 前瞻(49.72)；起源 马克思主义中国化(49.72)；马克思主义中国化 思潮(49.72),1811_马克思主义中国化_思潮_抗战.md；0648_科学发展观_马克思主义中国化.md；1180_马克思主义中国化_前瞻.md；1761_起源_马克思主义中国化.md；1827_马克思主义中国化_思潮.md,,抗战胜利后、马克思主义中国化、继续发展,马克思主义中国化史；马克思主义中国化的起源语境；马克思主义哲学中国化理论与历史,未识别；48；29,是,先核验原卡片再使用,先查主题页《马克思恩格斯经典文本与哲学关系》，再在 T3/T10 中检索：抗战胜利后|马克思主义中国化|继续发展,否
1150,多党合作 协商民主 酝酿,1150_多党合作_协商民主_酝酿.md,1,44.2,论战与思想运动,中国近代启蒙与民主革命,论战与思想运动/中国近代启蒙与民主革命.md,低,10.0,自动主题组匹配：民主,马克思主义中国化 命题 酝酿(11.32),0512_马克思主义中国化_命题_酝酿.md,,多党合作、协商民主、酝酿,马克思主义中国化史,未识别,是,先核验原卡片再使用,先查主题页《中国近代启蒙与民主革命》，再在 T3/T10 中检索：多党合作|协商民主|酝酿,否
1151,马克思主义中国化 历史进程 曲折复杂,1151_马克思主义中国化_历史进程_曲折复杂.md,3,48.92,理论方法,马克思恩格斯经典文本与哲学关系,理论方法/马克思恩格斯经典文本与哲学关系.md,低,18.0,自动主题组匹配：马克思,马克思主义中国化 历史进程 经验(76.18)；马克思主义中国化 历史性飞跃(52.5)；马克思主义中国化 前瞻(50.29)；起源 马克思主义中国化(50.29)；马克思主义中国化 思潮(50.29),1802_马克思主义中国化_历史进程_经验.md；1179_马克思主义中国化_历史性飞跃.md；1180_马克思主义中国化_前瞻.md；1761_起源_马克思主义中国化.md；1827_马克思主义中国化_思潮.md,,马克思主义中国化、历史进程,马克思主义中国化的历史进程和基本经验研究_石仲泉；抗战时期的“中国化”思潮与马克思主义中国化_张立慧；马克思主义哲学中国化的历史进程,1；4；6,是,先核验原卡片再使用,先查主题页《马克思恩格斯经典文本与哲学关系》，再在 T3/T10 中检索：马克思主义中国化|历史进程|曲折复杂,否
1152,马克思主义中国化 最初尝试,1152_马克思主义中国化_最初尝试.md,3,36.01,理论方法,马克思恩格斯经典文本与哲学关系,理论方法/马克思恩格斯经典文本与哲学关系.md,低,18.0,自动主题组匹配：马克思,马克思主义中国化 最初缓慢 原因(55.0)；马克思主义中国化 前瞻(53.46)；起源 马克思主义中国化(53.46)；马克思主义中国化 思潮(53.46)；马克思主义中国化 重建(53.46),1157_马克思主义中国化_最初缓慢_原因.md；1180_马克思主义中国化_前瞻.md；1761_起源_马克思主义中国化.md；1827_马克思主义中国化_思潮.md；1828_马克思主义中国化_重建.md,,马克思主义中国化、最初尝试,马克思主义中国化的历史进程；马克思主义中国化的历史进程和基本经验研究_石仲泉；中国现代性建构：马克思主义中国化研究的重要视角_赵园园,1-2；2；7,是,先核验原卡片再使用,先查主题页《马克思恩格斯经典文本与哲学关系》，再在 T3/T10 中检索：马克思主义中国化|最初尝试,否
1153,马克思主义 中国革命实践 结合,1153_马克思主义_中国革命实践_结合.md,3,55.72,中国化,毛泽东哲学与中国革命经验,中国化/毛泽东哲学与中国革命经验.md,低,13.0,自动主题组匹配：中国革命,马克思主义 中国革命实际 最初结合(15.62)；马克思主义中国化 中国具体实践 结合(13.24)；马克思主义哲学 中国革命实际 结合(13.24)；中国革命 需要 马克思主义(11.67)；早期共产主义者 马克思主义 中国革命(11.11),1131_马克思主义_中国革命实际_最初结合.md；1107_马克思主义中国化_中国具体实践_结合.md；1415_马克思主义哲学_中国革命实际_结合.md；1283_中国革命_需要_马克思主义.md；0292_早期共产主义者_马克思主义_中国革命.md,,马克思主义、中国革命实践、结合,二十世纪上半叶马克思主义哲学中国化之检视_王玉平；马克思主义中国化的历史进程和基本经验研究_石仲泉；马克思主义中国化史,201；8；未识别,是,先核验原卡片再使用,先查主题页《毛泽东哲学与中国革命经验》，再在 T3/T10 中检索：马克思主义|中国革命实践|结合,否
1154,共产国际 下级支部 中国共产党,1154_共产国际_下级支部_中国共产党.md,3,42.02,苏联哲学,苏联哲学与共产国际,苏联哲学/苏联哲学与共产国际.md,低,13.0,自动主题组匹配：共产国际,中国共产党 俄国模式 共产国际(54.38)；国际主义 民族主义 中国共产党(32.35)；中国共产党 成立 意义(31.67)；中国共产党 党史 研究(31.67)；中国共产党 前进 成立(31.67),0848_中国共产党_俄国模式_共产国际.md；1176_国际主义_民族主义_中国共产党.md；1129_中国共产党_成立_意义.md；1482_中国共产党_党史_研究.md；1829_中国共产党_前进_成立.md,,共产国际、下级支部、中国共产党,马克思主义中国化的历史进程；马克思主义中国化史；1940年代中国共产党人的思想批判和新民主主义话语权的确立_陈先初,364-366；未识别；8,是,先核验原卡片再使用,先查主题页《苏联哲学与共产国际》，再在 T3/T10 中检索：共产国际|下级支部|中国共产党,否
1155,一切均借俄助 中国革命 初期特点,1155_一切均借俄助_中国革命_初期特点.md,1,32.6,中国化,毛泽东哲学与中国革命经验,中国化/毛泽东哲学与中国革命经验.md,低,13.0,自动主题组匹配：中国革命,中国革命 道路 特点 毛泽东(25.26)；中国革命 根源 任务 性质 特点(25.0)；十月革命 中国革命 影响(24.17)；一步走 两步走 中国革命(24.17)；中国革命 胜利 中国情况(24.17),0616_中国革命_道路_特点_毛泽东.md；1115_中国革命_根源_任务_性质_特点.md；0844_十月革命_中国革命_影响.md；1174_一步走_两步走_中国革命.md；1308_中国革命_胜利_中国情况.md,,一切均借俄助、中国革命、初期特点,马克思主义中国化的历史进程,1-2,是,先核验原卡片再使用,先查主题页《毛泽东哲学与中国革命经验》，再在 T3/T10 中检索：一切均借俄助|中国革命|初期特点,否
1156,以俄为师 心理 中国共产党,1156_以俄为师_心理_中国共产党.md,3,42.33,中国化,中国革命道路与党的思想建设,中国化/中国革命道路与党的思想建设.md,低,10.0,二级自动主题组匹配：中国共产党,中国共产党 成立 意义(32.14)；中国共产党 党史 研究(32.14)；中国共产党 前进 成立(32.14)；土地革命 中国共产党 中国化(31.25)；中国共产党 俄国模式 共产国际(30.88),1129_中国共产党_成立_意义.md；1482_中国共产党_党史_研究.md；1829_中国共产党_前进_成立.md；1165_土地革命_中国共产党_中国化.md；0848_中国共产党_俄国模式_共产国际.md,,以俄为师、中国共产党、心理,1940年代中国共产党人的思想批判和新民主主义话语权的确立_陈先初；二十世纪上半叶马克思主义哲学中国化之检视_王玉平；马克思主义中国化的历史进程,7；40；1-2,是,先核验原卡片再使用,先查主题页《中国革命道路与党的思想建设》，再在 T3/T10 中检索：以俄为师|心理|中国共产党,否
1157,马克思主义中国化 最初缓慢 原因,1157_马克思主义中国化_最初缓慢_原因.md,3,43.43,理论方法,马克思恩格斯经典文本与哲学关系,理论方法/马克思恩格斯经典文本与哲学关系.md,低,18.0,自动主题组匹配：马克思,马克思主义中国化 最初尝试(55.0)；马克思主义中国化 前瞻(51.67)；起源 马克思主义中国化(51.67)；马克思主义中国化 思潮(51.67)；马克思主义中国化 重建(51.67),1152_马克思主义中国化_最初尝试.md；1180_马克思主义中国化_前瞻.md；1761_起源_马克思主义中国化.md；1827_马克思主义中国化_思潮.md；1828_马克思主义中国化_重建.md,,马克思主义中国化、原因,马克思主义中国化时代化的历史逻辑、根本途径和当代课题——访北京大学马克思主义学院郭建宁教授_本刊记者；马克思主义中国化探论；马克思主义中国化研究的历史、现状与方法论_郭建宁,5；246；2,是,先核验原卡片再使用,先查主题页《马克思恩格斯经典文本与哲学关系》，再在 T3/T10 中检索：马克思主义中国化|最初缓慢|原因,否
1158,共产国际 民族民主革命 方针,1158_共产国际_民族民主革命_方针.md,3,35.26,论战与思想运动,中国近代启蒙与民主革命,论战与思想运动/中国近代启蒙与民主革命.md,中,23.0,自动主题组匹配：民主、民族民主革命,两步走 革命方针 共产国际(30.0)；共产国际 中国革命性质 认识(25.56)；共产国际 国民党性质 认识(24.17)；中国共产党 俄国模式 共产国际(23.95)；共产国际 下级支部 中国共产党(23.95),1159_两步走_革命方针_共产国际.md；1134_共产国际_中国革命性质_认识.md；1135_共产国际_国民党性质_认识.md；0848_中国共产党_俄国模式_共产国际.md；1154_共产国际_下级支部_中国共产党.md,,共产国际、民族民主革命、方针,马克思主义中国化的历史进程；马克思主义中国化史；二十世纪上半叶马克思主义哲学中国化之检视_王玉平,3-4；未识别；225,是,可按主题页优先检索,先查主题页《中国近代启蒙与民主革命》，再在 T3/T10 中检索：共产国际|民族民主革命|方针,否
1159,两步走 革命方针 共产国际,1159_两步走_革命方针_共产国际.md,2,36.46,苏联哲学,苏联哲学与共产国际,苏联哲学/苏联哲学与共产国际.md,低,13.0,自动主题组匹配：共产国际,共产国际 民族民主革命 方针(30.0)；共产国际 中国革命性质 认识(25.88)；共产国际 国民党性质 认识(24.41)；中国共产党 俄国模式 共产国际(24.17)；共产国际 下级支部 中国共产党(24.17),1158_共产国际_民族民主革命_方针.md；1134_共产国际_中国革命性质_认识.md；1135_共产国际_国民党性质_认识.md；0848_中国共产党_俄国模式_共产国际.md；1154_共产国际_下级支部_中国共产党.md,,两步走、革命方针、共产国际,马克思主义中国化的历史进程；马克思主义哲学中国化理论与历史,267-270；24,是,先核验原卡片再使用,先查主题页《苏联哲学与共产国际》，再在 T3/T10 中检索：两步走|革命方针|共产国际,否
1160,国共合作 党内合作 策略,1160_国共合作_党内合作_策略.md,3,35.43,中国化,中国革命道路与党的思想建设,中国化/中国革命道路与党的思想建设.md,低,18.0,二级自动主题组匹配：国共合作、策略,国共合作 统一战线 理论实践(24.69)；民主革命 策略(12.08)；中国资产阶级 敌友 策略(11.56),1132_国共合作_统一战线_理论实践.md；1755_民主革命_策略.md；1167_中国资产阶级_敌友_策略.md,,国共合作、党内合作、策略,马克思主义中国化史；国家主义与20世纪20年代的文化、政治；马克思主义中国化的历史进程,未识别；185；137-139,是,先核验原卡片再使用,先查主题页《中国革命道路与党的思想建设》，再在 T3/T10 中检索：国共合作|党内合作|策略,否
1161,群众起义 武装革命 中国革命道路,1161_群众起义_武装革命_中国革命道路.md,3,25.73,中国化,毛泽东哲学与中国革命经验,中国化/毛泽东哲学与中国革命经验.md,低,13.0,自动主题组匹配：中国革命,中国革命 道路 特点 毛泽东(7.35)；十月革命 中国革命 影响(6.25)；中国革命 特殊道路 毛泽东(5.56),0616_中国革命_道路_特点_毛泽东.md；0844_十月革命_中国革命_影响.md；0583_中国革命_特殊道路_毛泽东.md,,群众起义、武装革命、中国革命道路,马克思主义中国化的历史进程；二十世纪上半叶马克思主义哲学中国化之检视_王玉平；马克思主义哲学在中国的传播与马克思主义哲学中国化,64-66；186；10,是,先核验原卡片再使用,先查主题页《毛泽东哲学与中国革命经验》，再在 T3/T10 中检索：群众起义|武装革命|中国革命道路,否
1162,苏维埃革命 旗帜 中国,1162_苏维埃革命_旗帜_中国.md,3,41.4,中国化,中国革命道路与党的思想建设,中国化/中国革命道路与党的思想建设.md,低,10.0,二级自动主题组匹配：苏维埃革命,,,,苏维埃革命、旗帜、中国,马克思主义中国化的历史进程；马克思主义哲学在中国传播与发展的百年历史（下）；马克思主义中国化史,5；462-464；未识别,是,先核验原卡片再使用,先查主题页《中国革命道路与党的思想建设》，再在 T3/T10 中检索：苏维埃革命|旗帜|中国,否
1163,马克思主义中国化 进展 矛盾,1163_马克思主义中国化_进展_矛盾.md,3,51.16,理论方法,马克思恩格斯经典文本与哲学关系,理论方法/马克思恩格斯经典文本与哲学关系.md,低,18.0,自动主题组匹配：马克思,马克思主义中国化 前瞻(53.46)；起源 马克思主义中国化(53.46)；马克思主义中国化 思潮(53.46)；马克思主义中国化 重建(53.46)；中国化思潮 马克思主义中国化(52.5),1180_马克思主义中国化_前瞻.md；1761_起源_马克思主义中国化.md；1827_马克思主义中国化_思潮.md；1828_马克思主义中国化_重建.md；1618_中国化思潮_马克思主义中国化.md,,马克思主义中国化、进展、矛盾,马克思主义中国化的历史进程；中国现代性建构：马克思主义中国化研究的重要视角_赵园园；马克思主义中国化的深度思考（四篇）——文化契合、文化融合与文化重建——马克思主义中国化的文化意蕴,5-8；4；1,是,先核验原卡片再使用,先查主题页《马克思恩格斯经典文本与哲学关系》，再在 T3/T10 中检索：马克思主义中国化|进展|矛盾,否
1164,马克思主义 纯洁性 庸俗化,1164_马克思主义_纯洁性_庸俗化.md,3,41.4,理论方法,马克思恩格斯经典文本与哲学关系,理论方法/马克思恩格斯经典文本与哲学关系.md,低,10.0,自动主题组匹配：马克思,上海 马克思主义者(7.69)；我的马克思主义观(7.69)；新理学 马克思主义者(7.14)；中国马克思主义 马克思主义者(7.14)；在马克思主义旗帜下(7.14),1740_上海_马克思主义者.md；1933_我的马克思主义观.md；1708_新理学_马克思主义者.md；1788_中国马克思主义_马克思主义者.md；1940_在马克思主义旗帜下.md,,马克思主义、纯洁性、庸俗化,马克思主义中国化的历史进程；马克思主义哲学史；中国马克思主义学术史纲,5-8；343-345；188-190,是,先核验原卡片再使用,先查主题页《马克思恩格斯经典文本与哲学关系》，再在 T3/T10 中检索：马克思主义|纯洁性|庸俗化,否
1165,土地革命 中国共产党 中国化,1165_土地革命_中国共产党_中国化.md,3,52.42,中国化,马克思主义中国化命题与毛泽东思想,中国化/马克思主义中国化命题与毛泽东思想.md,低,10.0,自动主题组匹配：中国化,中国共产党 成立 意义(32.14)；中国共产党 党史 研究(32.14)；中国共产党 前进 成立(32.14)；中国共产党 马克思主义中国化 起点(31.94)；以俄为师 心理 中国共产党(31.25),1129_中国共产党_成立_意义.md；1482_中国共产党_党史_研究.md；1829_中国共产党_前进_成立.md；1114_中国共产党_马克思主义中国化_起点.md；1156_以俄为师_心理_中国共产党.md,,土地革命、中国共产党、中国化,马克思主义中国化史；中国知识界关于“马克思主义中国化”的论争——以20世纪30-40年代为中心_张安；抗日战争与中国共产党哲学思想的形成和发展_李维武,未识别；9；5,是,先核验原卡片再使用,先查主题页《马克思主义中国化命题与毛泽东思想》，再在 T3/T10 中检索：土地革命|中国共产党|中国化,否
1166,马克思主义中国化 初步实现,1166_马克思主义中国化_初步实现.md,3,36.01,理论方法,马克思恩格斯经典文本与哲学关系,理论方法/马克思恩格斯经典文本与哲学关系.md,低,18.0,自动主题组匹配：马克思,马克思主义中国化 大众化 初步推进(54.06)；马克思主义中国化 前瞻(53.46)；起源 马克思主义中国化(53.46)；马克思主义中国化 思潮(53.46)；马克思主义中国化 重建(53.46),1145_马克思主义中国化_大众化_初步推进.md；1180_马克思主义中国化_前瞻.md；1761_起源_马克思主义中国化.md；1827_马克思主义中国化_思潮.md；1828_马克思主义中国化_重建.md,,马克思主义中国化、初步实现,马克思主义中国化的历史进程；马克思主义中国化的历史进程和基本经验研究_石仲泉；中国现代性建构：马克思主义中国化研究的重要视角_赵园园,12-14；2；7,是,先核验原卡片再使用,先查主题页《马克思恩格斯经典文本与哲学关系》，再在 T3/T10 中检索：马克思主义中国化|初步实现,否
1167,中国资产阶级 敌友 策略,1167_中国资产阶级_敌友_策略.md,3,37.75,论战与思想运动,中国近代启蒙与民主革命,论战与思想运动/中国近代启蒙与民主革命.md,低,13.0,自动主题组匹配：资产阶级,民主革命 策略(11.92)；国共合作 党内合作 策略(11.56)；俄国 资产阶级(10.0)；法国 资产阶级(10.0)；英国 资产阶级(10.0),1755_民主革命_策略.md；1160_国共合作_党内合作_策略.md；1691_俄国_资产阶级.md；1703_法国_资产阶级.md；1718_英国_资产阶级.md,,中国资产阶级、策略,“新哲学”大众化运动研究；米丁-辩证唯物论历史唯物论下-rightToLeft；马克思主义中国化的历史进程,53；409；19,是,先核验原卡片再使用,先查主题页《中国近代启蒙与民主革命》，再在 T3/T10 中检索：中国资产阶级|敌友|策略,否
1168,统一战线思想 运用 中国共产党,1168_统一战线思想_运用_中国共产党.md,3,39.48,中国化,中国革命道路与党的思想建设,中国化/中国革命道路与党的思想建设.md,中,20.0,二级自动主题组匹配：统一战线、中国共产党,中国共产党 思想建设 初步探索(31.58)；抗日战争 中国共产党 哲学思想(31.58)；中国共产党 成立 意义(31.25)；中国共产党 党史 研究(31.25)；中国共产党 前进 成立(31.25),1141_中国共产党_思想建设_初步探索.md；1688_抗日战争_中国共产党_哲学思想.md；1129_中国共产党_成立_意义.md；1482_中国共产党_党史_研究.md；1829_中国共产党_前进_成立.md,,统一战线思想、运用、中国共产党,马克思主义中国化的历史进程；马克思主义中国化史；抗日战争与中国共产党哲学思想的形成和发展_李维武,120；未识别；8,是,可按主题页优先检索,先查主题页《中国革命道路与党的思想建设》，再在 T3/T10 中检索：统一战线思想|运用|中国共产党,否
1169,力量对比 统一战线 必要,1169_力量对比_统一战线_必要.md,3,36.2,中国化,中国革命道路与党的思想建设,中国化/中国革命道路与党的思想建设.md,中,20.0,二级自动主题组匹配：统一战线、力量对比,统一战线 理论 认识深化(25.0)；利用矛盾 统一战线 意义(25.0)；统一战线 独立自主 统一 独立(25.0)；民族矛盾 阶级矛盾 统一战线(24.69)；国共合作 统一战线 理论实践(24.41),1133_统一战线_理论_认识深化.md；1172_利用矛盾_统一战线_意义.md；1331_统一战线_独立自主_统一_独立.md；1330_民族矛盾_阶级矛盾_统一战线.md；1132_国共合作_统一战线_理论实践.md,,力量对比、统一战线、必要,马克思主义中国化的历史进程；马克思主义哲学史（第六卷；马克思主义中国化史,134；455-457；未识别,是,可按主题页优先检索,先查主题页《中国革命道路与党的思想建设》，再在 T3/T10 中检索：力量对比|统一战线|必要,否
1170,策略运用 成功 失败,1170_策略运用_成功_失败.md,3,37.8,中国化,中国革命道路与党的思想建设,中国化/中国革命道路与党的思想建设.md,低,8.0,二级自动主题组匹配：策略,甲午战争 洋务运动 失败(11.67),1380_甲午战争_洋务运动_失败.md,,策略运用、成功、失败,马克思主义中国化的历史进程；胡绳全书（第一卷）；胡绳全书（第四卷）,134-137；534-537；393-395,是,先核验原卡片再使用,先查主题页《中国革命道路与党的思想建设》，再在 T3/T10 中检索：策略运用|成功|失败,否
1171,统战概念 废止 扭曲,1171_统战概念_废止_扭曲.md,1,36.6,理论方法,哲学基本范畴与辩证法原理,理论方法/哲学基本范畴与辩证法原理.md,低,8.0,二级自动主题组匹配：概念,,,,统战概念、废止、扭曲,马克思主义中国化的历史进程,150-153,是,先核验原卡片再使用,先查主题页《哲学基本范畴与辩证法原理》，再在 T3/T10 中检索：统战概念|废止|扭曲,否
1172,利用矛盾 统一战线 意义,1172_利用矛盾_统一战线_意义.md,3,39.4,理论方法,哲学基本范畴与辩证法原理,理论方法/哲学基本范畴与辩证法原理.md,低,10.0,自动主题组匹配：矛盾,民族矛盾 阶级矛盾 统一战线(28.93)；统一战线 理论 认识深化(25.0)；力量对比 统一战线 必要(25.0)；统一战线 独立自主 统一 独立(25.0)；国共合作 统一战线 理论实践(24.41),1330_民族矛盾_阶级矛盾_统一战线.md；1133_统一战线_理论_认识深化.md；1169_力量对比_统一战线_必要.md；1331_统一战线_独立自主_统一_独立.md；1132_国共合作_统一战线_理论实践.md,,利用矛盾、统一战线、意义,马克思主义中国化的历史进程；童稚集；抗日救亡运动中的文化新声——“新启蒙运动”与中国左翼知识界的文化抗战_王锐,162-164；251-252；6,是,先核验原卡片再使用,先查主题页《哲学基本范畴与辩证法原理》，再在 T3/T10 中检索：利用矛盾|统一战线|意义,否
1173,团结 斗争 实力基础,1173_团结_斗争_实力基础.md,3,39.0,其他待人工复核,其他待人工复核,其他待人工复核/其他待人工复核.md,待人工归类,0.0,未命中已有主题页和自动主题组规则，建议人工判断,斗争 资产阶级(12.27)；工人阶级 斗争(12.27)；恩格斯 观念论 斗争(11.92)；哲学本身 斗争 发展(11.92)；党内矛盾 斗争 方针方法(11.67),1717_斗争_资产阶级.md；1778_工人阶级_斗争.md；0424_恩格斯_观念论_斗争.md；1575_哲学本身_斗争_发展.md；1317_党内矛盾_斗争_方针方法.md,,团结、斗争、实力基础,马克思主义中国化的历史进程；艾思奇全书（第2卷）；国家主义与20世纪20年代的文化、政治,181-182；743-745；168,是,可按主题页优先检索,先查主题页《其他待人工复核》，再在 T3/T10 中检索：团结|斗争|实力基础,否
1174,一步走 两步走 中国革命,1174_一步走_两步走_中国革命.md,3,38.2,中国化,毛泽东哲学与中国革命经验,中国化/毛泽东哲学与中国革命经验.md,低,13.0,自动主题组匹配：中国革命,十月革命 中国革命 影响(25.77)；中国革命 胜利 中国情况(25.77)；俄国革命经验 中国革命 套用(25.36)；中国革命 性质 前途 研判(25.36)；农民问题 中国革命 毛泽东(25.0),0844_十月革命_中国革命_影响.md；1308_中国革命_胜利_中国情况.md；0850_俄国革命经验_中国革命_套用.md；1139_中国革命_性质_前途_研判.md；0582_农民问题_中国革命_毛泽东.md,,一步走、两步走、中国革命,马克思主义中国化的历史进程；马克思主义哲学在中国：传播、应用、形态、前景；列宁主义早期传播与马克思主义中国化研究_曾银慧,279-280；367-368；5,是,先核验原卡片再使用,先查主题页《毛泽东哲学与中国革命经验》，再在 T3/T10 中检索：一步走|两步走|中国革命,否
1175,反帝革命思想 生成 演变,1175_反帝革命思想_生成_演变.md,3,37.8,中国化,中国革命道路与党的思想建设,中国化/中国革命道路与党的思想建设.md,低,10.0,二级自动主题组匹配：反帝革命,,,,反帝革命思想、生成、演变,马克思主义中国化的历史进程；“中国化”思潮与马克思主义中国化思想的互动研究——以20世纪20—40年代为考察范围_王朝庆；继承五四和扬弃五四,323；2；139,是,先核验原卡片再使用,先查主题页《中国革命道路与党的思想建设》，再在 T3/T10 中检索：反帝革命思想|生成|演变,否
1176,国际主义 民族主义 中国共产党,1176_国际主义_民族主义_中国共产党.md,3,50.98,传播史,民族国家与国际关系,传播史/民族国家与国际关系.md,中,20.0,自动主题组匹配：民族、国际,戴季陶主义 中国共产党 批判(34.38)；俄国味道 马克思主义 中国共产党(33.33)；中国共产党 马克思主义中国化 起点(33.33)；中国共产党 俄国模式 共产国际(32.35)；国家主义派 中国共产党 批判(32.35),1137_戴季陶主义_中国共产党_批判.md；0849_俄国味道_马克思主义_中国共产党.md；1114_中国共产党_马克思主义中国化_起点.md；0848_中国共产党_俄国模式_共产国际.md；1138_国家主义派_中国共产党_批判.md,,国际主义、民族主义、中国共产党,马克思主义中国化的历史进程；中国知识界关于“马克思主义中国化”的论争——以20世纪30-40年代为中心_张安；抗日救亡运动中的文化新声——“新启蒙运动”与中国左翼知识界的文化抗战_王锐,363-364；5；11,是,可按主题页优先检索,先查主题页《民族国家与国际关系》，再在 T3/T10 中检索：国际主义|民族主义|中国共产党,否
1177,马克思主义中国化 没有一劳永逸,1177_马克思主义中国化_没有一劳永逸.md,3,36.01,理论方法,马克思恩格斯经典文本与哲学关系,理论方法/马克思恩格斯经典文本与哲学关系.md,低,18.0,自动主题组匹配：马克思,马克思主义中国化 前瞻(51.67)；起源 马克思主义中国化(51.67)；马克思主义中国化 思潮(51.67)；马克思主义中国化 重建(51.67)；中国化思潮 马克思主义中国化(50.94),1180_马克思主义中国化_前瞻.md；1761_起源_马克思主义中国化.md；1827_马克思主义中国化_思潮.md；1828_马克思主义中国化_重建.md；1618_中国化思潮_马克思主义中国化.md,,马克思主义中国化、没有一劳永逸,马克思主义中国化的历史进程；马克思主义中国化的历史进程和基本经验研究_石仲泉；中国现代性建构：马克思主义中国化研究的重要视角_赵园园,410-413；2；7,是,先核验原卡片再使用,先查主题页《马克思恩格斯经典文本与哲学关系》，再在 T3/T10 中检索：马克思主义中国化|没有一劳永逸,否
1178,马克思主义中国化 理论困境,1178_马克思主义中国化_理论困境.md,3,36.01,理论方法,马克思恩格斯经典文本与哲学关系,理论方法/马克思恩格斯经典文本与哲学关系.md,低,18.0,自动主题组匹配：马克思,马克思主义中国化 前瞻(53.46)；起源 马克思主义中国化(53.46)；马克思主义中国化 思潮(53.46)；马克思主义中国化 重建(53.46)；邓小平理论 马克思主义中国化(53.33),1180_马克思主义中国化_前瞻.md；1761_起源_马克思主义中国化.md；1827_马克思主义中国化_思潮.md；1828_马克思主义中国化_重建.md；0646_邓小平理论_马克思主义中国化.md,,马克思主义中国化,马克思主义中国化的历史进程和基本经验研究_石仲泉；中国现代性建构：马克思主义中国化研究的重要视角_赵园园；抗战时期的“中国化”思潮与马克思主义中国化_张立慧,2；7；4,是,先核验原卡片再使用,先查主题页《马克思恩格斯经典文本与哲学关系》，再在 T3/T10 中检索：马克思主义中国化|理论困境,否
1179,马克思主义中国化 历史性飞跃,1179_马克思主义中国化_历史性飞跃.md,3,55.76,理论方法,马克思恩格斯经典文本与哲学关系,理论方法/马克思恩格斯经典文本与哲学关系.md,低,18.0,自动主题组匹配：马克思,马克思主义中国化 第一次历史性飞跃(57.19)；马克思主义中国化 历史进程 经验(54.06)；马克思主义中国化 历史进程 曲折复杂(52.5)；马克思主义中国化 前瞻(52.5)；起源 马克思主义中国化(52.5),0499_马克思主义中国化_第一次历史性飞跃.md；1802_马克思主义中国化_历史进程_经验.md；1151_马克思主义中国化_历史进程_曲折复杂.md；1180_马克思主义中国化_前瞻.md；1761_起源_马克思主义中国化.md,,马克思主义中国化、历史性飞跃,马克思主义中国化的历史进程和基本经验研究_石仲泉；马克思主义中国化史；马克思主义哲学中国化理论与历史,5；未识别；502,是,先核验原卡片再使用,先查主题页《马克思恩格斯经典文本与哲学关系》，再在 T3/T10 中检索：马克思主义中国化|历史性飞跃,否
1180,马克思主义中国化 前瞻,1180_马克思主义中国化_前瞻.md,3,47.68,理论方法,马克思恩格斯经典文本与哲学关系,理论方法/马克思恩格斯经典文本与哲学关系.md,低,18.0,自动主题组匹配：马克思,起源 马克思主义中国化(55.91)；马克思主义中国化 思潮(55.91)；马克思主义中国化 重建(55.91)；中国化思潮 马克思主义中国化(54.58)；马克思主义中国化 列宁主义(54.58),1761_起源_马克思主义中国化.md；1827_马克思主义中国化_思潮.md；1828_马克思主义中国化_重建.md；1618_中国化思潮_马克思主义中国化.md；1810_马克思主义中国化_列宁主义.md,,马克思主义中国化、前瞻,“中国化”思潮与马克思主义中国化思想的互动研究——以20世纪20—40年代为考察范围_王朝庆；马克思主义中国化的历史进程；马克思主义中国化的历史进程和基本经验研究_石仲泉,2；410,是,先核验原卡片再使用,先查主题页《马克思恩格斯经典文本与哲学关系》，再在 T3/T10 中检索：马克思主义中国化|前瞻,否
1181,马克思主义 哲学 政治经济学 科学社会主义,1181_马克思主义_哲学_政治经济学_科学社会主义.md,3,67.0,理论方法,政治经济学与资本主义批判,理论方法/政治经济学与资本主义批判.md,中,23.0,自动主题组匹配：经济学、政治经济学,乌托邦社会主义 科学社会主义 转变(35.68)；劳动 政治经济学(30.56)；政治经济学 生产(30.56)；马克思主义 哲学 社会科学 学科化(13.16)；通俗宣传 马克思主义哲学 社会基础(9.09),1184_乌托邦社会主义_科学社会主义_转变.md；1709_劳动_政治经济学.md；1725_政治经济学_生产.md；0918_马克思主义_哲学_社会科学_学科化.md；1202_通俗宣传_马克思主义哲学_社会基础.md,,马克思主义、哲学、政治经济学、科学社会主义,马克思主义哲学史教程；马克思主义哲学在中国传播与发展的百年历史（下）；马克思主义哲学在中国传播与发展的百年历史（上）,594-595；562；298-300,是,可按主题页优先检索,先查主题页《政治经济学与资本主义批判》，再在 T3/T10 中检索：马克思主义|哲学|政治经济学|科学社会主义,否
1182,资本主义 生产社会化 私人占有 矛盾,1182_资本主义_生产社会化_私人占有_矛盾.md,3,55.61,理论方法,政治经济学与资本主义批判,理论方法/政治经济学与资本主义批判.md,中,33.0,自动主题组匹配：生产、资本主义、资本,生产 资本主义(26.67)；资本主义 生产方式 历史运动(26.25)；生产方式 资本主义(25.88)；资本主义 社会主义 关系(25.56)；社会主义 资本主义 辩证关系(25.0),1732_生产_资本主义.md；1092_资本主义_生产方式_历史运动.md；1714_生产方式_资本主义.md；1474_资本主义_社会主义_关系.md；1262_社会主义_资本主义_辩证关系.md,,资本主义、生产社会化、私人占有、矛盾,“新理学”批判的批判；论苏联“一五计划”对20世纪30年代初中国知识界的影响_郑大华；百年中国哲学革命,217；9；367-369,是,可按主题页优先检索,先查主题页《政治经济学与资本主义批判》，再在 T3/T10 中检索：资本主义|生产社会化|私人占有|矛盾,否
1183,无产阶级 独立政治力量 登上历史舞台,1183_无产阶级_独立政治力量_登上历史舞台.md,3,41.14,其他待人工复核,其他待人工复核,其他待人工复核/其他待人工复核.md,待人工归类,15.0,未命中已有主题页和自动主题组规则，建议人工判断,无产阶级 资产阶级(24.41)；俄国 无产阶级(24.41)；无产阶级 法国(24.41)；农民 无产阶级(24.41)；无产阶级 列宁(24.41),1705_无产阶级_资产阶级.md；1712_俄国_无产阶级.md；1764_无产阶级_法国.md；1807_农民_无产阶级.md；1839_无产阶级_列宁.md,,无产阶级、登上历史舞台,米丁-辩证唯物论与历史唯物论-上-rightToLeft；米丁-辩证唯物论历史唯物论下-rightToLeft；马恩文集第一卷（1843-1848）,66；219；4,是,可按主题页优先检索,先查主题页《其他待人工复核》，再在 T3/T10 中检索：无产阶级|独立政治力量|登上历史舞台,否
1184,乌托邦社会主义 科学社会主义 转变,1184_乌托邦社会主义_科学社会主义_转变.md,3,38.74,理论方法,自然科学哲学与科学方法,理论方法/自然科学哲学与科学方法.md,低,14.0,自动主题组匹配：科学,马克思主义 哲学 政治经济学 科学社会主义(35.68)；新民主主义向社会主义 转变 哲学(16.94)；新民主主义向社会主义 转变 马克思主义哲学(15.68)；毛泽东 共产主义 辩证唯物主义 转变(13.57)；毛泽东 世界观 转变(11.47),1181_马克思主义_哲学_政治经济学_科学社会主义.md；0601_新民主主义向社会主义_转变_哲学.md；0602_新民主主义向社会主义_转变_马克思主义哲学.md；0577_毛泽东_共产主义_辩证唯物主义_转变.md；0573_毛泽东_世界观_转变.md,,科学社会主义、转变,中国马克思主义：概念界定与历史使命_王庆丰；冯契文集第七卷中国近代哲学的革命进程；中国马克思主义学术史纲,5；285；250-251,是,先核验原卡片再使用,先查主题页《自然科学哲学与科学方法》，再在 T3/T10 中检索：乌托邦社会主义|科学社会主义|转变,否
1185,自然科学 三大发现 马克思主义哲学,1185_自然科学_三大发现_马克思主义哲学.md,3,57.77,理论方法,自然科学哲学与科学方法,理论方法/自然科学哲学与科学方法.md,中,23.0,自动主题组匹配：自然科学、科学,马克思主义哲学 中国哲学(43.82)；环境科学 生态哲学 马克思主义哲学(43.75)；李达 马克思主义哲学 研究(43.33)；李达 马克思主义哲学 泰斗(43.33)；马克思主义哲学 传播 苏联(43.33),1823_马克思主义哲学_中国哲学.md；1225_环境科学_生态哲学_马克思主义哲学.md；0267_李达_马克思主义哲学_研究.md；0355_李达_马克思主义哲学_泰斗.md；0785_马克思主义哲学_传播_苏联.md,,自然科学、三大发现、马克思主义哲学,高清海先生对马克思主义哲学...理教科书的解构及其当代启示_何萍；一本教科书、一个时代、一种...学原理教科书的再思考(下)_何萍；马克思主义哲学史教程,9；7；33-34,是,可按主题页优先检索,先查主题页《自然科学哲学与科学方法》，再在 T3/T10 中检索：自然科学|三大发现|马克思主义哲学,否
1186,细胞学 能量守恒 进化论 马克思主义哲学,1186_细胞学_能量守恒_进化论_马克思主义哲学.md,3,44.4,理论方法,马克思恩格斯经典文本与哲学关系,理论方法/马克思恩格斯经典文本与哲学关系.md,低,10.0,自动主题组匹配：马克思,实践标准 讨论 马克思主义哲学(43.33)；马克思主义哲学 中国哲学(42.89)；李达 马克思主义哲学 研究(42.5)；李达 马克思主义哲学 泰斗(42.5)；马克思主义哲学 传播 苏联(42.5),1226_实践标准_讨论_马克思主义哲学.md；1823_马克思主义哲学_中国哲学.md；0267_李达_马克思主义哲学_研究.md；0355_李达_马克思主义哲学_泰斗.md；0785_马克思主义哲学_传播_苏联.md,,细胞学、能量守恒、进化论、马克思主义哲学,马克思主义哲学在中国传播与发展的百年历史（上）；马克思主义哲学的中国化及其历程；列宁专题文集·论辩证唯物主义和历史唯物主义,4-5；128-130；416,是,先核验原卡片再使用,先查主题页《马克思恩格斯经典文本与哲学关系》，再在 T3/T10 中检索：细胞学|能量守恒|进化论|马克思主义哲学,否
1187,暴力革命 和平手段 马克思恩格斯,1187_暴力革命_和平手段_马克思恩格斯.md,3,40.83,理论方法,马克思恩格斯经典文本与哲学关系,理论方法/马克思恩格斯经典文本与哲学关系.md,中,20.0,自动主题组匹配：马克思、恩格斯,德国 马克思恩格斯(38.33)；英国 马克思恩格斯(38.33)；列宁 马克思恩格斯(38.33)；马克思恩格斯 马列著作(37.35)；马克思恩格斯 生平 思想 早期介绍(35.95),1715_德国_马克思恩格斯.md；1735_英国_马克思恩格斯.md；1780_列宁_马克思恩格斯.md；1763_马克思恩格斯_马列著作.md；1286_马克思恩格斯_生平_思想_早期介绍.md,,暴力革命、马克思恩格斯,中国文化与马克思主义；列宁选集第三卷_2012；马恩文集第三卷（1864-1883）,151；152；636,是,可按主题页优先检索,先查主题页《马克思恩格斯经典文本与哲学关系》，再在 T3/T10 中检索：暴力革命|和平手段|马克思恩格斯,否
1188,大同学 马克思 社会主义,1188_大同学_马克思_社会主义.md,3,46.2,理论方法,马克思恩格斯经典文本与哲学关系,理论方法/马克思恩格斯经典文本与哲学关系.md,低,12.0,自动主题组匹配：马克思,梁启超 马克思 社会主义(47.5)；梁启超 马克思 社会主义 介绍(45.71)；社会主义 神髓 马克思(45.42)；马君武 社会主义 进化论 马克思(42.81)；俄国 社会主义(26.82),0223_梁启超_马克思_社会主义.md；0130_梁启超_马克思_社会主义_介绍.md；1421_社会主义_神髓_马克思.md；0089_马君武_社会主义_进化论_马克思.md；1758_俄国_社会主义.md,,大同学、马克思、社会主义,马克思主义哲学史（第六卷；马克思主义哲学的中国化及其历程；马克思主义哲学在中国传播与发展的百年历史（上）,20-23；3-2；118,是,先核验原卡片再使用,先查主题页《马克思恩格斯经典文本与哲学关系》，再在 T3/T10 中检索：大同学|马克思|社会主义,否
1189,近世社会主义 马克思 学说,1189_近世社会主义_马克思_学说.md,3,48.8,理论方法,马克思恩格斯经典文本与哲学关系,理论方法/马克思恩格斯经典文本与哲学关系.md,低,10.0,自动主题组匹配：马克思,社会主义 神髓 马克思(24.62)；梁启超 中国之社会主义 马克思(24.38)；梁启超 马克思 社会主义(23.93)；大同学 马克思 社会主义(23.93)；社会主义神髓 马克思 中国(23.33),1421_社会主义_神髓_马克思.md；0131_梁启超_中国之社会主义_马克思.md；0223_梁启超_马克思_社会主义.md；1188_大同学_马克思_社会主义.md；0088_社会主义神髓_马克思_中国.md,,近世社会主义、马克思、学说,马克思主义哲学在中国传播与发展的百年历史（上）；马克思主义哲学的中国化及其历程；马克思主义哲学史（第六卷,210-212；3-2；23-25,是,先核验原卡片再使用,先查主题页《马克思恩格斯经典文本与哲学关系》，再在 T3/T10 中检索：近世社会主义|马克思|学说,否
1190,民报 马克思 共产党宣言,1190_民报_马克思_共产党宣言.md,3,47.4,理论方法,马克思恩格斯经典文本与哲学关系,理论方法/马克思恩格斯经典文本与哲学关系.md,低,10.0,自动主题组匹配：马克思,共产党宣言 马克思(55.0)；共产党宣言(36.11)；共产党宣言 阶级斗争(32.69)；共产党宣言 阶级斗争 历史(31.67)；李提摩太 万国公报 马克思(19.69),1845_共产党宣言_马克思.md；1848_共产党宣言.md；1662_共产党宣言_阶级斗争.md；0029_共产党宣言_阶级斗争_历史.md；0109_李提摩太_万国公报_马克思.md,,民报、马克思、共产党宣言,马克思主义哲学的中国化及其历程；马克思主义哲学史（第六卷；马克思主义哲学在中国传播与发展的百年历史（上）,3-5；25-27；124-126,是,先核验原卡片再使用,先查主题页《马克思恩格斯经典文本与哲学关系》，再在 T3/T10 中检索：民报|马克思|共产党宣言,否
1191,马克思主义 作为西方学理 介绍,1191_马克思主义_作为西方学理_介绍.md,3,39.33,理论方法,马克思恩格斯经典文本与哲学关系,理论方法/马克思恩格斯经典文本与哲学关系.md,低,10.0,自动主题组匹配：马克思,梁启超 马克思 社会主义 介绍(15.26)；杜威 思想 介绍(11.56)；罗素 思想 介绍(11.56)；柏格森 思想 介绍(11.47)；王国维 德国思想 介绍(11.32),0130_梁启超_马克思_社会主义_介绍.md；1404_杜威_思想_介绍.md；1406_罗素_思想_介绍.md；1405_柏格森_思想_介绍.md；1392_王国维_德国思想_介绍.md,,马克思主义、介绍,马克思主义哲学史（第六卷；马克思主义哲学在中国传播与发展的百年历史（上）；马克思主义哲学在中国：传播、应用、形态、前景,25-27；74-76；3,是,先核验原卡片再使用,先查主题页《马克思恩格斯经典文本与哲学关系》，再在 T3/T10 中检索：马克思主义|作为西方学理|介绍,否
1192,20世纪初叶 社会政治态势 思想取向,1192_20世纪初叶_社会政治态势_思想取向.md,3,37.8,其他待人工复核,其他待人工复核,其他待人工复核/其他待人工复核.md,待人工归类,0.0,未命中已有主题页和自动主题组规则，建议人工判断,中国共产主义者 思想取向 马克思主义(22.88),1193_中国共产主义者_思想取向_马克思主义.md,,20世纪初叶、社会政治态势、思想取向,马克思主义哲学在中国传播与发展的百年历史（上）；新教伦理与资本主义精神（当代思想巨匠提序导读、综汇多版精要详注、姊妹篇全面收录、阎克文精修译本。） by 马克斯·韦伯 [马克斯·韦伯] (z-lib.org)；中国文化与马克思主义,148-152；61；159,是,可按主题页优先检索,先查主题页《其他待人工复核》，再在 T3/T10 中检索：20世纪初叶|社会政治态势|思想取向,否
1193,中国共产主义者 思想取向 马克思主义,1193_中国共产主义者_思想取向_马克思主义.md,3,45.8,理论方法,马克思恩格斯经典文本与哲学关系,理论方法/马克思恩格斯经典文本与哲学关系.md,低,10.0,自动主题组匹配：马克思,20世纪初叶 社会政治态势 思想取向(22.88)；早期共产主义者 马克思主义 中国革命(10.0)；中国马克思主义 马克思主义者(9.38)；俄国味道 马克思主义 中国共产党(8.75)；中国共产党 马克思主义中国化 起点(8.75),1192_20世纪初叶_社会政治态势_思想取向.md；0292_早期共产主义者_马克思主义_中国革命.md；1788_中国马克思主义_马克思主义者.md；0849_俄国味道_马克思主义_中国共产党.md；1114_中国共产党_马克思主义中国化_起点.md,,中国共产主义者、思想取向、马克思主义,马克思主义哲学在中国传播与发展的百年历史（上）；中国文化与马克思主义；中国马克思主义：概念界定与历史使命_王庆丰,148-152；280；8,是,先核验原卡片再使用,先查主题页《马克思恩格斯经典文本与哲学关系》，再在 T3/T10 中检索：中国共产主义者|思想取向|马克思主义,否
1194,高语罕 马克思主义哲学 通俗宣传,1194_高语罕_马克思主义哲学_通俗宣传.md,3,47.6,新哲学大众化,新哲学大众化运动,新哲学大众化/新哲学大众化运动.md,高,116.0,已列入原主题页重点卡片；命中主题种子词：通俗宣传；主题词重合：通俗宣传；主题域增强：通俗,胡绳 马克思主义哲学 通俗宣传(71.67)；陈唯实 马克思主义哲学 通俗宣传(70.62)；马克思主义哲学 通俗宣传 贡献评价(69.71)；通俗宣传 马克思主义哲学 社会基础(67.5)；陈独秀 马克思主义哲学 宣传(45.29),0456_胡绳_马克思主义哲学_通俗宣传.md；0294_陈唯实_马克思主义哲学_通俗宣传.md；1198_马克思主义哲学_通俗宣传_贡献评价.md；1202_通俗宣传_马克思主义哲学_社会基础.md；0306_陈独秀_马克思主义哲学_宣传.md,,高语罕、马克思主义哲学、通俗宣传,马克思主义哲学在中国传播与发展的百年历史（上）；中国马克思主义哲学教科书编写之起步、发展与演化（1922—1949）；马克思主义哲学大众化的当代思考_郭建宁,290-292；1；3,是,可按主题页优先检索,先查主题页《新哲学大众化运动》，再在 T3/T10 中检索：高语罕|马克思主义哲学|通俗宣传,否
1195,高语罕 白话书信 马克思主义大众化,1195_高语罕_白话书信_马克思主义大众化.md,3,41.8,新哲学大众化,新哲学大众化运动,新哲学大众化/新哲学大众化运动.md,高,107.0,已列入原主题页重点卡片；命中主题种子词：大众化；主题域增强：大众化,延安时期 马克思主义大众化(49.72)；知识分子 马克思主义大众化(49.72)；高语罕 马克思主义哲学 通俗宣传(22.14)；高语罕 青年书信 社会时政(18.57)；马克思主义哲学 哲学大众化(8.33),1700_延安时期_马克思主义大众化.md；1701_知识分子_马克思主义大众化.md；1194_高语罕_马克思主义哲学_通俗宣传.md；1197_高语罕_青年书信_社会时政.md；1813_马克思主义哲学_哲学大众化.md,,高语罕、白话书信、马克思主义大众化,马克思主义哲学在中国传播与发展的百年历史（上）；胡绳对马克思主义哲学“大众化”的贡献；“新哲学”大众化运动研究,224-226；1；279,是,可按主题页优先检索,先查主题页《新哲学大众化运动》，再在 T3/T10 中检索：高语罕|白话书信|马克思主义大众化,否
1196,理论与实践 书信体 辩证法唯物论,1196_理论与实践_书信体_辩证法唯物论.md,3,53.56,理论方法,哲学基本范畴与辩证法原理,理论方法/哲学基本范畴与辩证法原理.md,低,10.0,自动主题组匹配：实践,辩证法唯物论 入门 战斗性(36.94)；辩证法唯物论 毛泽东哲学(36.94)；社会斗争 武器 辩证法唯物论(36.58)；辩证法唯物论 思想 发展情况(36.58)；辩证法唯物论 社会历史 研究(36.58),1461_辩证法唯物论_入门_战斗性.md；1821_辩证法唯物论_毛泽东哲学.md；1462_社会斗争_武器_辩证法唯物论.md；1584_辩证法唯物论_思想_发展情况.md；1596_辩证法唯物论_社会历史_研究.md,,理论与实践、书信体、辩证法唯物论,胡绳对马克思主义哲学“大众化”的贡献；马克思主义哲学在中国传播与发展的百年历史（上）；中国马克思主义哲学教科书编写之起步、发展与演化（1922—1949）,1；226-230；7,是,先核验原卡片再使用,先查主题页《哲学基本范畴与辩证法原理》，再在 T3/T10 中检索：理论与实践|书信体|辩证法唯物论,否
1197,高语罕 青年书信 社会时政,1197_高语罕_青年书信_社会时政.md,2,37.33,新哲学大众化,青年教育与人生观,新哲学大众化/青年教育与人生观.md,低,10.0,自动主题组匹配：青年,高语罕 白话书信 马克思主义大众化(18.57)；高语罕 马克思主义哲学 通俗宣传(17.38),1195_高语罕_白话书信_马克思主义大众化.md；1194_高语罕_马克思主义哲学_通俗宣传.md,,高语罕、青年书信,胡绳对马克思主义哲学“大众化”的贡献；马克思主义哲学在中国传播与发展的百年历史（上）,1；224,是,先核验原卡片再使用,先查主题页《青年教育与人生观》，再在 T3/T10 中检索：高语罕|青年书信|社会时政,否
1198,马克思主义哲学 通俗宣传 贡献评价,1198_马克思主义哲学_通俗宣传_贡献评价.md,3,44.69,新哲学大众化,新哲学大众化运动,新哲学大众化/新哲学大众化运动.md,高,116.0,已列入原主题页重点卡片；命中主题种子词：通俗宣传；主题词重合：通俗宣传；主题域增强：通俗,胡绳 马克思主义哲学 通俗宣传(70.62)；陈唯实 马克思主义哲学 通俗宣传(69.71)；高语罕 马克思主义哲学 通俗宣传(69.71)；通俗宣传 马克思主义哲学 社会基础(66.84)；陈独秀 马克思主义哲学 宣传(44.72),0456_胡绳_马克思主义哲学_通俗宣传.md；0294_陈唯实_马克思主义哲学_通俗宣传.md；1194_高语罕_马克思主义哲学_通俗宣传.md；1202_通俗宣传_马克思主义哲学_社会基础.md；0306_陈独秀_马克思主义哲学_宣传.md,,马克思主义哲学、通俗宣传,马克思主义哲学在中国传播与发展的百年历史（上）；中国马克思主义哲学教科书编写之起步、发展与演化（1922—1949）；马克思主义哲学大众化的当代思考_郭建宁,270-272；1；3,是,可按主题页优先检索,先查主题页《新哲学大众化运动》，再在 T3/T10 中检索：马克思主义哲学|通俗宣传|贡献评价,否
1199,哲学大众化 通俗宣传 理论意义,1199_哲学大众化_通俗宣传_理论意义.md,2,42.22,新哲学大众化,新哲学大众化运动,新哲学大众化/新哲学大众化运动.md,中,35.0,命中主题种子词：大众化、哲学大众化、通俗宣传；主题词重合：哲学大众化、通俗宣传；主题域增强：大众化、通俗,胡绳 哲学大众化(32.14)；哲学大众化 新哲学(32.14)；哲学大众化 艾思奇(31.67)；哲学大众化 问题 提出(31.25)；哲学大众化 新哲学运动(31.25),1634_胡绳_哲学大众化.md；1706_哲学大众化_新哲学.md；1746_哲学大众化_艾思奇.md；1300_哲学大众化_问题_提出.md；1630_哲学大众化_新哲学运动.md,,哲学大众化、理论意义,马克思主义哲学大众化的当代思考_郭建宁；“新哲学”大众化运动研究,1；3,是,可按主题页优先检索,先查主题页《新哲学大众化运动》，再在 T3/T10 中检索：哲学大众化|通俗宣传|理论意义,否
1200,马克思主义哲学 大众化 中国化,1200_马克思主义哲学_大众化_中国化.md,3,58.24,新哲学大众化,新哲学大众化运动,新哲学大众化/新哲学大众化运动.md,高,113.0,已列入原主题页重点卡片；命中主题种子词：大众化；主题词重合：大众化；主题域增强：大众化,艾思奇 马克思主义哲学 大众化 中国化(85.0)；大众哲学 马克思主义哲学 大众化(66.07)；马克思主义哲学 大众化 胡绳(66.07)；艾思奇 马克思主义哲学 大众化(65.0)；李达 马克思主义哲学 中国化(63.33),0395_艾思奇_马克思主义哲学_大众化_中国化.md；0360_大众哲学_马克思主义哲学_大众化.md；1814_马克思主义哲学_大众化_胡绳.md；0358_艾思奇_马克思主义哲学_大众化.md；0301_李达_马克思主义哲学_中国化.md,,马克思主义哲学、大众化、中国化,马克思主义哲学史教程；马克思主义哲学在中国：传播、应用、形态、前景；马克思主义哲学中国化理论与历史,925-926；459-461；353,是,可按主题页优先检索,先查主题页《新哲学大众化运动》，再在 T3/T10 中检索：马克思主义哲学|大众化|中国化,否
1201,马克思主义哲学 与社会生活 联系,1201_马克思主义哲学_与社会生活_联系.md,3,47.2,理论方法,马克思恩格斯经典文本与哲学关系,理论方法/马克思恩格斯经典文本与哲学关系.md,低,10.0,自动主题组匹配：马克思,马克思主义哲学 20世纪中国哲学 联系(53.33)；马克思主义哲学 中国 社会实践(44.72)；马克思主义哲学 中国哲学(44.38)；中国社会史 论战 马克思主义哲学(44.21)；李达 社会学大纲 马克思主义哲学(44.21),0727_马克思主义哲学_20世纪中国哲学_联系.md；1017_马克思主义哲学_中国_社会实践.md；1823_马克思主义哲学_中国哲学.md；0228_中国社会史_论战_马克思主义哲学.md；0323_李达_社会学大纲_马克思主义哲学.md,,马克思主义哲学、与社会生活、联系,马克思主义哲学在中国传播与发展的百年历史（上）；马克思主义哲学在中国：传播、应用、形态、前景；马克思主义哲学中国化理论与历史,258；448-451；262,是,先核验原卡片再使用,先查主题页《马克思恩格斯经典文本与哲学关系》，再在 T3/T10 中检索：马克思主义哲学|与社会生活|联系,否
1202,通俗宣传 马克思主义哲学 社会基础,1202_通俗宣传_马克思主义哲学_社会基础.md,3,44.69,新哲学大众化,新哲学大众化运动,新哲学大众化/新哲学大众化运动.md,高,116.0,已列入原主题页重点卡片；命中主题种子词：通俗宣传；主题词重合：通俗宣传；主题域增强：通俗,胡绳 马克思主义哲学 通俗宣传(68.24)；陈唯实 马克思主义哲学 通俗宣传(67.5)；高语罕 马克思主义哲学 通俗宣传(67.5)；马克思主义哲学 通俗宣传 贡献评价(66.84)；陈独秀 马克思主义哲学 宣传(44.72),0456_胡绳_马克思主义哲学_通俗宣传.md；0294_陈唯实_马克思主义哲学_通俗宣传.md；1194_高语罕_马克思主义哲学_通俗宣传.md；1198_马克思主义哲学_通俗宣传_贡献评价.md；0306_陈独秀_马克思主义哲学_宣传.md,,通俗宣传、马克思主义哲学,马克思主义哲学在中国传播与发展的百年历史（上）；中国马克思主义哲学教科书编写之起步、发展与演化（1922—1949）；马克思主义哲学大众化的当代思考_郭建宁,270-272；1；3,是,可按主题页优先检索,先查主题页《新哲学大众化运动》，再在 T3/T10 中检索：通俗宣传|马克思主义哲学|社会基础,否
1203,正确区分 敌我友 革命首要问题,1203_正确区分_敌我友_革命首要问题.md,1,37.42,中国化,中国革命道路与党的思想建设,中国化/中国革命道路与党的思想建设.md,低,8.0,二级自动主题组匹配：敌我友,,,,正确区分、敌我友,马克思主义哲学在中国传播与发展的百年历史(下) (胡为雄),6,是,先核验原卡片再使用,先查主题页《中国革命道路与党的思想建设》，再在 T3/T10 中检索：正确区分|敌我友|革命首要问题,否
1204,红军游击战争 战略战术 哲学,1204_红军游击战争_战略战术_哲学.md,3,41.4,传播史,民族国家与国际关系,传播史/民族国家与国际关系.md,低,10.0,自动主题组匹配：战争,人民战争 战略战术 原则(28.33)；人民战争 战略战术 辩证法(27.81)；战略战术 辩证法 毛泽东(24.41),1217_人民战争_战略战术_原则.md；1324_人民战争_战略战术_辩证法.md；0587_战略战术_辩证法_毛泽东.md,,红军游击战争、战略战术、哲学,马克思主义哲学在中国传播与发展的百年历史（下）；马克思主义哲学史；马克思主义哲学史（第六卷,484-486；23-25；415-417,是,先核验原卡片再使用,先查主题页《民族国家与国际关系》，再在 T3/T10 中检索：红军游击战争|战略战术|哲学,否
1205,根据地 政权建设 经济建设 文化建设,1205_根据地_政权建设_经济建设_文化建设.md,3,36.2,中国化,中国革命道路与党的思想建设,中国化/中国革命道路与党的思想建设.md,中,26.0,二级自动主题组匹配：根据地、政权建设、根据地,列宁 经济建设 文化建设 政治建设(48.82)；革命根据地 政权建设 局部执政(28.33)；文化建设(26.25)；毛泽东 文化观 文化建设(24.41)；工作重心 经济建设 管理俄国(23.75),0892_列宁_经济建设_文化建设_政治建设.md；1143_革命根据地_政权建设_局部执政.md；2020_文化建设.md；0631_毛泽东_文化观_文化建设.md；0876_工作重心_经济建设_管理俄国.md,,根据地、经济建设、文化建设、政权建设,马克思主义中国化史；马克思主义哲学在中国传播与发展的百年历史（下）；百年中国哲学革命,未识别；404；303-306,是,可按主题页优先检索,先查主题页《中国革命道路与党的思想建设》，再在 T3/T10 中检索：根据地|政权建设|经济建设|文化建设,否
1206,延安时期 马克思主义哲学 创作 宣讲,1206_延安时期_马克思主义哲学_创作_宣讲.md,3,50.17,理论方法,马克思恩格斯经典文本与哲学关系,理论方法/马克思恩格斯经典文本与哲学关系.md,低,10.0,自动主题组匹配：马克思,马克思主义哲学 哲学大众化 延安时期(66.84)；五四时期 马克思主义哲学 传播(46.11)；改革开放时期 马克思主义哲学 新发展(44.52)；马克思主义哲学 中国哲学(43.82)；李达 马克思主义哲学 研究(43.33),1792_马克思主义哲学_哲学大众化_延安时期.md；0143_五四时期_马克思主义哲学_传播.md；0664_改革开放时期_马克思主义哲学_新发展.md；1823_马克思主义哲学_中国哲学.md；0267_李达_马克思主义哲学_研究.md,,延安时期、马克思主义哲学、创作、宣讲,延安时期知识分子群体与马克思主义哲学大众化郭 - 2015 -；马克思主义哲学在中国传播与发展的百年历史（下）；“和生活打成一片”——艾思奇是怎样进行马克思主义哲学大众化的_李勰,89；404-406；3,是,先核验原卡片再使用,先查主题页《马克思恩格斯经典文本与哲学关系》，再在 T3/T10 中检索：延安时期|马克思主义哲学|创作|宣讲,否
1207,哲学理论 政治实践 密切联系,1207_哲学理论_政治实践_密切联系.md,3,38.68,理论方法,哲学基本范畴与辩证法原理,理论方法/哲学基本范畴与辩证法原理.md,中,20.0,自动主题组匹配：联系、实践,邓小平 哲学理论 当代形态(24.17)；哲学理论 发展 人文化倾向(24.17),0656_邓小平_哲学理论_当代形态.md；1014_哲学理论_发展_人文化倾向.md,,哲学理论、密切联系,“新哲学”大众化运动研究；中国近代思想史论；马克思主义中国化探论,163；233；133,是,可按主题页优先检索,先查主题页《哲学基本范畴与辩证法原理》，再在 T3/T10 中检索：哲学理论|政治实践|密切联系,否
1208,辩证法唯物论 无产阶级革命 武器,1208_辩证法唯物论_无产阶级革命_武器.md,3,41.8,理论方法,阶级斗争与社会革命理论,理论方法/阶级斗争与社会革命理论.md,高,112.0,已列入原主题页重点卡片；命中主题种子词：革命、无产阶级、阶级,社会斗争 武器 辩证法唯物论(48.33)；辩证法唯物论 入门 战斗性(36.94)；辩证法唯物论 毛泽东哲学(36.94)；辩证法唯物论 思想 发展情况(36.58)；辩证法唯物论 社会历史 研究(36.58),1462_社会斗争_武器_辩证法唯物论.md；1461_辩证法唯物论_入门_战斗性.md；1821_辩证法唯物论_毛泽东哲学.md；1584_辩证法唯物论_思想_发展情况.md；1596_辩证法唯物论_社会历史_研究.md,,辩证法唯物论、无产阶级革命、武器,艾思奇全书（第3卷）；马克思主义哲学在中国传播与发展的百年历史（下）；毛泽东哲学批注集：辩证法唯物论教程批注 (毛泽东),36-38；412-414；363,是,可按主题页优先检索,先查主题页《阶级斗争与社会革命理论》，再在 T3/T10 中检索：辩证法唯物论|无产阶级革命|武器,否
1209,物质论 运动论 时空论 意识论,1209_物质论_运动论_时空论_意识论.md,3,41.9,理论方法,哲学基本范畴与辩证法原理,理论方法/哲学基本范畴与辩证法原理.md,中,20.0,自动主题组匹配：物质、意识,,,,物质论、运动论、意识论、时空论,《实践论》和《矛盾论》对马克思主义哲学中国化的启示_许全兴；马克思主义中国化史；马克思主义哲学中国化与中国哲学的现代转型,10；未识别；478-479,是,可按主题页优先检索,先查主题页《哲学基本范畴与辩证法原理》，再在 T3/T10 中检索：物质论|运动论|时空论|意识论,否
1210,调查研究 认识中国 改造中国,1210_调查研究_认识中国_改造中国.md,3,40.2,中国化,实事求是与群众路线,中国化/实事求是与群众路线.md,高,112.0,已列入原主题页重点卡片；命中主题种子词：调查研究；主题词重合：调查研究,调查研究 实事求是 认识论(26.25)；调查研究 毛泽东 哲学(25.0)；毛泽东 调查研究 特点(25.0),0608_调查研究_实事求是_认识论.md；0550_调查研究_毛泽东_哲学.md；0586_毛泽东_调查研究_特点.md,,调查研究、认识中国、改造中国,马克思主义哲学史（第六卷；马克思主义哲学中国化理论与历史；二十世纪上半叶马克思主义哲学中国化之检视_王玉平,325-327；265；187,是,可按主题页优先检索,先查主题页《实事求是与群众路线》，再在 T3/T10 中检索：调查研究|认识中国|改造中国,否
1211,主观主义 教条主义 批判,1211_主观主义_教条主义_批判.md,3,49.25,苏联哲学,苏联哲学教条化与斯大林,苏联哲学/苏联哲学教条化与斯大林.md,高,112.0,已列入原主题页重点卡片；命中主题种子词：教条主义；主题词重合：教条主义,主观主义 教条主义 经验主义(53.64)；经验主义 主观主义 批判(31.36)；主观主义 经验主义 批判(31.36)；民粹主义 主观主义 批判(31.36)；公式化 主观主义 陈独秀(25.36),1338_主观主义_教条主义_经验主义.md；1212_经验主义_主观主义_批判.md；1464_主观主义_经验主义_批判.md；1588_民粹主义_主观主义_批判.md；0322_公式化_主观主义_陈独秀.md,,主观主义、教条主义、批判,二十世纪上半叶马克思主义哲学中国化之检视_王玉平；延安时期知识分子群体与马克思主义哲学大众化郭 - 2015 -；《实践论》和《矛盾论》对马克思主义哲学中国化的启示_许全兴,27；64；14,是,可按主题页优先检索,先查主题页《苏联哲学教条化与斯大林》，再在 T3/T10 中检索：主观主义|教条主义|批判,否
1212,经验主义 主观主义 批判,1212_经验主义_主观主义_批判.md,3,48.61,理论方法,哲学基本范畴与辩证法原理,理论方法/哲学基本范畴与辩证法原理.md,低,10.0,自动主题组匹配：主观,主观主义 经验主义 批判(59.44)；主观主义 教条主义 经验主义(50.42)；民粹主义 主观主义 批判(35.0)；主观主义 教条主义 批判(31.36)；公式化 主观主义 陈独秀(25.36),1464_主观主义_经验主义_批判.md；1338_主观主义_教条主义_经验主义.md；1588_民粹主义_主观主义_批判.md；1211_主观主义_教条主义_批判.md；0322_公式化_主观主义_陈独秀.md,,经验主义、主观主义、批判,马克思主义哲学中国化与中国道路的哲学表达；米丁-辩证唯物论与历史唯物论-上-rightToLeft；二十世纪上半叶马克思主义哲学中国化之检视_王玉平,5；23；165,是,先核验原卡片再使用,先查主题页《哲学基本范畴与辩证法原理》，再在 T3/T10 中检索：经验主义|主观主义|批判,否
1213,思想方法 工作方法 哲学,1213_思想方法_工作方法_哲学.md,3,51.0,新哲学大众化,思想方法与世界观教育,新哲学大众化/思想方法与世界观教育.md,高,112.0,已列入原主题页重点卡片；命中主题种子词：思想方法；主题词重合：思想方法,领导方法 工作方法 概括(28.33)；领导方法 工作方法 毛泽东(27.69)；世界观 方法论 思想方法(25.77)；胡适 实用主义 思想方法(25.36)；数学逻辑 笛卡尔 思想方法(25.0),1363_领导方法_工作方法_概括.md；0554_领导方法_工作方法_毛泽东.md；1544_世界观_方法论_思想方法.md；0471_胡适_实用主义_思想方法.md；1400_数学逻辑_笛卡尔_思想方法.md,,思想方法、工作方法、哲学,马克思主义哲学在中国：传播、应用、形态、前景；马克思主义哲学史；马克思主义哲学在中国传播与发展的百年历史（下）,3-9；368-369；484-486,是,可按主题页优先检索,先查主题页《思想方法与世界观教育》，再在 T3/T10 中检索：思想方法|工作方法|哲学,否
1214,理论与实际 统一 学风,1214_理论与实际_统一_学风.md,3,46.09,理论方法,哲学基本范畴与辩证法原理,理论方法/哲学基本范畴与辩证法原理.md,低,16.0,二级自动主题组匹配：理论、实际,整风 学风 党风 文风(11.79)；马克思主义 学风 中国化(11.56),1337_整风_学风_党风_文风.md；1215_马克思主义_学风_中国化.md,,理论与实际、统一、学风,延安时期知识分子群体与马克思主义哲学大众化郭 - 2015 -；二十世纪上半叶马克思主义哲学中国化之检视_王玉平；马克思主义中国化时代化的历史逻辑、根本途径和当代课题——访北京大学马克思主义学院郭建宁教授_本刊记者,74；103；8,是,先核验原卡片再使用,先查主题页《哲学基本范畴与辩证法原理》，再在 T3/T10 中检索：理论与实际|统一|学风,否
1215,马克思主义 学风 中国化,1215_马克思主义_学风_中国化.md,3,53.64,理论方法,马克思恩格斯经典文本与哲学关系,理论方法/马克思恩格斯经典文本与哲学关系.md,低,10.0,自动主题组匹配：马克思,马克思主义 中国化 现实化(26.54)；教条化 马克思主义 中国化(26.54)；李达 马克思主义哲学 中国化(25.71)；马克思主义 中国化 漫长 曲折(25.71)；马克思主义哲学 中国化 历程(25.71),1335_马克思主义_中国化_现实化.md；1435_教条化_马克思主义_中国化.md；0301_李达_马克思主义哲学_中国化.md；1398_马克思主义_中国化_漫长_曲折.md；1413_马克思主义哲学_中国化_历程.md,,马克思主义、学风、中国化,马克思主义哲学中国化与中国哲学的现代转型；二十世纪上半叶马克思主义哲学中国化之检视_王玉平；马克思主义哲学中国化理论与历史,25-26；25；457,是,先核验原卡片再使用,先查主题页《马克思恩格斯经典文本与哲学关系》，再在 T3/T10 中检索：马克思主义|学风|中国化,否
1216,战争 政治 经济 关系,1216_战争_政治_经济_关系.md,3,59.6,传播史,民族国家与国际关系,传播史/民族国家与国际关系.md,低,10.0,自动主题组匹配：战争,战争 政治 革命(18.33)；战争 主观 客观 关系(14.17)；战争 全局 局部 相互关系(13.57)；帝国主义 战争(12.27)；科学 玄学 战争 历史(11.92),1323_战争_政治_革命.md；1322_战争_主观_客观_关系.md；1314_战争_全局_局部_相互关系.md；1720_帝国主义_战争.md；0205_科学_玄学_战争_历史.md,,战争、政治、经济、关系,马克思主义哲学在中国传播与发展的百年历史（下）；马克思主义哲学史（第六卷；中国马克思主义学术史纲,462-464；505-507；242-244,是,先核验原卡片再使用,先查主题页《民族国家与国际关系》，再在 T3/T10 中检索：战争|政治|经济|关系,否
1217,人民战争 战略战术 原则,1217_人民战争_战略战术_原则.md,3,53.6,传播史,民族国家与国际关系,传播史/民族国家与国际关系.md,低,10.0,自动主题组匹配：战争,人民战争 战略战术 辩证法(54.58)；红军游击战争 战略战术 哲学(28.33)；人民战争 思想 毛泽东(25.36)；战略战术 辩证法 毛泽东(25.0),1324_人民战争_战略战术_辩证法.md；1204_红军游击战争_战略战术_哲学.md；0557_人民战争_思想_毛泽东.md；0587_战略战术_辩证法_毛泽东.md,,人民战争、战略战术、原则,马克思主义哲学在中国传播与发展的百年历史（下）；马克思主义哲学史（第六卷；马克思主义中国化史,468-470；437；未识别,是,先核验原卡片再使用,先查主题页《民族国家与国际关系》，再在 T3/T10 中检索：人民战争|战略战术|原则,否
1218,亡国论 速胜论 批判,1218_亡国论_速胜论_批判.md,3,46.74,中国化,毛泽东军事辩证法与战略思想,中国化/毛泽东军事辩证法与战略思想.md,低,16.0,二级自动主题组匹配：亡国论、速胜论,亡国论 速胜论 认识论根源(40.42),1321_亡国论_速胜论_认识论根源.md,,亡国论、速胜论、批判,认识世界和认识自己；马克思主义哲学中国化理论与历史；马克思主义哲学史（第六卷,11；469；422-423,是,先核验原卡片再使用,先查主题页《毛泽东军事辩证法与战略思想》，再在 T3/T10 中检索：亡国论|速胜论|批判,否
1219,持久战 主观客观 条件,1219_持久战_主观客观_条件.md,3,34.46,理论方法,哲学基本范畴与辩证法原理,理论方法/哲学基本范畴与辩证法原理.md,中,20.0,自动主题组匹配：主观、客观,战争 主观 客观 关系(6.25)；知行 主观 客观 关系(6.25)；论持久战(5.56),1322_战争_主观_客观_关系.md；1506_知行_主观_客观_关系.md；1949_论持久战.md,,持久战、条件,我們繼續歷史的事業前進：爲紀念中國共產黨成立十七週年而作；中国现代思想史论；冯契文集第七卷中国近代哲学的革命进程,6；180；474,是,可按主题页优先检索,先查主题页《哲学基本范畴与辩证法原理》，再在 T3/T10 中检索：持久战|主观客观|条件,否
1220,主动 被动 军事辩证法,1220_主动_被动_军事辩证法.md,3,35.33,中国化,毛泽东军事辩证法与战略思想,中国化/毛泽东军事辩证法与战略思想.md,中,20.0,二级自动主题组匹配：军事辩证法、主动 被动,主动 被动 辩证法(33.89)；内线 外线 军事辩证法(33.33)；防御 进攻 军事辩证法(33.33)；自然辩证法(5.0),1328_主动_被动_辩证法.md；1221_内线_外线_军事辩证法.md；1222_防御_进攻_军事辩证法.md；1867_自然辩证法.md,,主动、被动,马克思主义哲学史（第六卷；马克思主义哲学中国化与中国哲学的现代转型；冯契文集第七卷中国近代哲学的革命进程,440-443；643-646；358,是,可按主题页优先检索,先查主题页《毛泽东军事辩证法与战略思想》，再在 T3/T10 中检索：主动|被动|军事辩证法,否
1221,内线 外线 军事辩证法,1221_内线_外线_军事辩证法.md,1,35.33,中国化,毛泽东军事辩证法与战略思想,中国化/毛泽东军事辩证法与战略思想.md,中,20.0,二级自动主题组匹配：军事辩证法、内线 外线,内线 外线 辩证法(33.89)；主动 被动 军事辩证法(33.33)；防御 进攻 军事辩证法(33.33)；自然辩证法(5.0),1327_内线_外线_辩证法.md；1220_主动_被动_军事辩证法.md；1222_防御_进攻_军事辩证法.md；1867_自然辩证法.md,,内线、外线,马克思主义哲学史（第六卷,439-440,是,可按主题页优先检索,先查主题页《毛泽东军事辩证法与战略思想》，再在 T3/T10 中检索：内线|外线|军事辩证法,否
1222,防御 进攻 军事辩证法,1222_防御_进攻_军事辩证法.md,3,36.2,中国化,毛泽东军事辩证法与战略思想,中国化/毛泽东军事辩证法与战略思想.md,中,30.0,二级自动主题组匹配：军事辩证法、防御 进攻、进攻 防御,主动 被动 军事辩证法(33.33)；内线 外线 军事辩证法(33.33)；进攻 防御 辩证法(30.0)；自然辩证法(5.0),1220_主动_被动_军事辩证法.md；1221_内线_外线_军事辩证法.md；1325_进攻_防御_辩证法.md；1867_自然辩证法.md,,防御、进攻、军事辩证法,马克思主义哲学史（第六卷；马克思主义中国化史；马克思主义中国化探论,346-347；未识别；70,是,可按主题页优先检索,先查主题页《毛泽东军事辩证法与战略思想》，再在 T3/T10 中检索：防御|进攻|军事辩证法,否
1223,社会发展史 历史唯物主义 宣传,1223_社会发展史_历史唯物主义_宣传.md,3,50.53,理论方法,哲学基本范畴与辩证法原理,理论方法/哲学基本范畴与辩证法原理.md,低,14.0,自动主题组匹配：发展,社会发展史 历史唯物主义 学习运动(70.62)；社会发展史 历史唯物论 学习(38.33)；历史唯物主义 辩证唯物主义(38.33)；历史唯物主义 研讨 争论(37.81)；历史唯物主义 辩证唯物主义 列宁(37.35),1342_社会发展史_历史唯物主义_学习运动.md；1036_社会发展史_历史唯物论_学习.md；1707_历史唯物主义_辩证唯物主义.md；0978_历史唯物主义_研讨_争论.md；1800_历史唯物主义_辩证唯物主义_列宁.md,,社会发展史、历史唯物主义、宣传,延安时期知识分子群体与马克思主义哲学大众化郭 - 2015 -；马克思主义哲学史；《大众哲学》_马克思主义哲学大众化的经典范本_张立波,155；3-5；8,是,先核验原卡片再使用,先查主题页《哲学基本范畴与辩证法原理》，再在 T3/T10 中检索：社会发展史|历史唯物主义|宣传,否
1224,马克思主义哲学 教学 研究 宣传,1224_马克思主义哲学_教学_研究_宣传.md,3,59.0,理论方法,马克思恩格斯经典文本与哲学关系,理论方法/马克思恩格斯经典文本与哲学关系.md,低,10.0,自动主题组匹配：马克思,陈独秀 马克思主义哲学 宣传(55.94)；瞿秋白 马克思主义哲学 宣传(55.94)；陈独秀 马克思主义哲学 宣传 运用(54.72)；李达 马克思主义哲学 研究(49.29)；马克思主义哲学 教科书 启示(45.94),0306_陈独秀_马克思主义哲学_宣传.md；0310_瞿秋白_马克思主义哲学_宣传.md；0354_陈独秀_马克思主义哲学_宣传_运用.md；0267_李达_马克思主义哲学_研究.md；1815_马克思主义哲学_教科书_启示.md,,马克思主义哲学、教学、研究、宣传,马克思主义哲学在中国：传播、应用、形态、前景；马克思主义哲学史；百年中国哲学革命,217-220；501-503；597,是,先核验原卡片再使用,先查主题页《马克思恩格斯经典文本与哲学关系》，再在 T3/T10 中检索：马克思主义哲学|教学|研究|宣传,否
1225,环境科学 生态哲学 马克思主义哲学,1225_环境科学_生态哲学_马克思主义哲学.md,3,47.0,理论方法,马克思恩格斯经典文本与哲学关系,理论方法/马克思恩格斯经典文本与哲学关系.md,低,10.0,自动主题组匹配：马克思,大众哲学 马克思主义哲学 大众化(45.29)；价值观 价值哲学 马克思主义哲学(45.29)；冯友兰 新理学 马克思主义哲学(44.72)；马克思哲学 马克思主义哲学 关系论争(44.72)；马克思主义哲学 中国哲学(44.38),0360_大众哲学_马克思主义哲学_大众化.md；1045_价值观_价值哲学_马克思主义哲学.md；0763_冯友兰_新理学_马克思主义哲学.md；1069_马克思哲学_马克思主义哲学_关系论争.md；1823_马克思主义哲学_中国哲学.md,,环境科学、生态哲学、马克思主义哲学,马克思主义哲学在中国传播与发展的百年历史（下）；马克思主义哲学中国化与中国道路的哲学表达；马克思主义哲学史教程,628-630；10；802-803,是,先核验原卡片再使用,先查主题页《马克思恩格斯经典文本与哲学关系》，再在 T3/T10 中检索：环境科学|生态哲学|马克思主义哲学,否
1226,实践标准 讨论 马克思主义哲学,1226_实践标准_讨论_马克思主义哲学.md,3,54.6,理论方法,马克思恩格斯经典文本与哲学关系,理论方法/马克思恩格斯经典文本与哲学关系.md,低,10.0,自动主题组匹配：马克思,实践 地位 马克思主义哲学(46.67)；马克思主义哲学 中国 社会实践(45.29)；马克思主义哲学 中国哲学(45.0)；李达 马克思主义哲学 研究(44.38)；李达 马克思主义哲学 泰斗(44.38),1072_实践_地位_马克思主义哲学.md；1017_马克思主义哲学_中国_社会实践.md；1823_马克思主义哲学_中国哲学.md；0267_李达_马克思主义哲学_研究.md；0355_李达_马克思主义哲学_泰斗.md,,实践标准、讨论、马克思主义哲学,马克思主义哲学中国化理论与历史；马克思主义哲学在中国：传播、应用、形态、前景；马克思主义哲学在中国传播与发展的百年历史（下）,510；243-246；572-574,是,先核验原卡片再使用,先查主题页《马克思恩格斯经典文本与哲学关系》，再在 T3/T10 中检索：实践标准|讨论|马克思主义哲学,否
1227,马克思主义哲学 分支化 专门化,1227_马克思主义哲学_分支化_专门化.md,3,31.23,理论方法,马克思恩格斯经典文本与哲学关系,理论方法/马克思恩格斯经典文本与哲学关系.md,低,10.0,自动主题组匹配：马克思,马克思主义哲学 分支学科 产生(47.5)；马克思主义哲学 中国哲学(45.0)；李达 马克思主义哲学 研究(44.38)；李达 马克思主义哲学 泰斗(44.38)；马克思主义哲学 传播 苏联(44.38),0934_马克思主义哲学_分支学科_产生.md；1823_马克思主义哲学_中国哲学.md；0267_李达_马克思主义哲学_研究.md；0355_李达_马克思主义哲学_泰斗.md；0785_马克思主义哲学_传播_苏联.md,,马克思主义哲学、专门化,马克思主义哲学史教程；二十世纪上半叶马克思主义哲学中国化之检视_王玉平；马克思主义哲学中国化理论与历史,396-398；4；99,是,先核验原卡片再使用,先查主题页《马克思恩格斯经典文本与哲学关系》，再在 T3/T10 中检索：马克思主义哲学|分支化|专门化,否
1228,马克思主义哲学 中国文化传统 结合,1228_马克思主义哲学_中国文化传统_结合.md,3,57.8,中国哲学传统,马克思主义哲学与中国文化传统结合,中国哲学传统/马克思主义哲学与中国文化传统结合.md,高,123.0,已列入原主题页重点卡片；命中主题种子词：中国文化传统、结合；主题词重合：中国文化传统、结合,马克思主义哲学 中国哲学传统 结合(52.19)；马克思主义哲学 中国优秀传统 结合(51.18)；马克思主义哲学 中国文化身份(50.62)；马克思主义哲学 中国传统哲学 结合(49.71)；马克思主义哲学 中国哲学 结合(49.06),0726_马克思主义哲学_中国哲学传统_结合.md；1416_马克思主义哲学_中国优秀传统_结合.md；0723_马克思主义哲学_中国文化身份.md；1417_马克思主义哲学_中国传统哲学_结合.md；0765_马克思主义哲学_中国哲学_结合.md,,马克思主义哲学、中国文化传统、结合,马克思主义哲学中国化理论与历史；马克思主义哲学中国化_问题与进路_孙伟平；二十世纪上半叶马克思主义哲学中国化之检视_王玉平,91；3；200,是,可按主题页优先检索,先查主题页《马克思主义哲学与中国文化传统结合》，再在 T3/T10 中检索：马克思主义哲学|中国文化传统|结合,否
1229,马克思主义哲学 中国古代哲学 局限,1229_马克思主义哲学_中国古代哲学_局限.md,3,47.95,理论方法,马克思恩格斯经典文本与哲学关系,理论方法/马克思恩格斯经典文本与哲学关系.md,低,10.0,自动主题组匹配：马克思,马克思主义哲学 中国哲学(49.29)；李达 马克思主义哲学 中国化(47.5)；马克思主义哲学 中国哲学 结合(47.5)；马克思主义哲学 中国化 历程(47.5)；马克思主义哲学 中国化 定义(47.5),1823_马克思主义哲学_中国哲学.md；0301_李达_马克思主义哲学_中国化.md；0765_马克思主义哲学_中国哲学_结合.md；1413_马克思主义哲学_中国化_历程.md；1414_马克思主义哲学_中国化_定义.md,,马克思主义哲学、中国古代哲学、局限,马克思主义哲学中国化与中国哲学的现代转型；马克思主义哲学中国化的历史进程；二十世纪上半叶马克思主义哲学中国化之检视_王玉平,7-8；5；167,是,先核验原卡片再使用,先查主题页《马克思恩格斯经典文本与哲学关系》，再在 T3/T10 中检索：马克思主义哲学|中国古代哲学|局限,否
1230,以儒代马 马克思主义哲学 批判,1230_以儒代马_马克思主义哲学_批判.md,3,42.38,理论方法,马克思恩格斯经典文本与哲学关系,理论方法/马克思恩格斯经典文本与哲学关系.md,低,10.0,自动主题组匹配：马克思,马克思主义哲学 中国哲学(45.0)；李达 马克思主义哲学 研究(44.38)；李达 马克思主义哲学 泰斗(44.38)；马克思主义哲学 传播 苏联(44.38)；马克思主义哲学 前景 展望(44.38),1823_马克思主义哲学_中国哲学.md；0267_李达_马克思主义哲学_研究.md；0355_李达_马克思主义哲学_泰斗.md；0785_马克思主义哲学_传播_苏联.md；1066_马克思主义哲学_前景_展望.md,,马克思主义哲学、批判,马克思主义哲学史教程；马克思主义哲学的中国化及其历程；马克思主义哲学中国化研究的问题与视野_何萍,598-600；22-24；6,是,先核验原卡片再使用,先查主题页《马克思恩格斯经典文本与哲学关系》，再在 T3/T10 中检索：以儒代马|马克思主义哲学|批判,否
1231,马克思主义哲学中国化 视域转换 框架重构,1231_马克思主义哲学中国化_视域转换_框架重构.md,3,57.0,学科史,马克思主义哲学中国化研究范式,学科史/马克思主义哲学中国化研究范式.md,高,114.0,已列入原主题页重点卡片；命中主题种子词：马克思主义哲学中国化；主题词重合：马克思主义哲学中国化,马克思主义哲学中国化 研究视域 转换(55.0)；马克思主义哲学中国化 不足(51.84)；李达 马克思主义哲学中国化(51.84)；马克思主义哲学中国化 走向(51.84)；毛泽东 马克思主义哲学中国化(51.25),1232_马克思主义哲学中国化_研究视域_转换.md；1432_马克思主义哲学中国化_不足.md；1751_李达_马克思主义哲学中国化.md；1816_马克思主义哲学中国化_走向.md；1748_毛泽东_马克思主义哲学中国化.md,,马克思主义哲学中国化、视域转换、框架重构,马克思主义哲学中国化与中国哲学的现代转型；二十世纪上半叶马克思主义哲学中国化之检视_王玉平；马克思主义哲学中国化的路径选择——从“结合论”走向“创建论”_孙伟平,30-32；4；6,是,可按主题页优先检索,先查主题页《马克思主义哲学中国化研究范式》，再在 T3/T10 中检索：马克思主义哲学中国化|视域转换|框架重构,否
1232,马克思主义哲学中国化 研究视域 转换,1232_马克思主义哲学中国化_研究视域_转换.md,3,58.0,学科史,马克思主义哲学中国化研究范式,学科史/马克思主义哲学中国化研究范式.md,高,114.0,已列入原主题页重点卡片；命中主题种子词：马克思主义哲学中国化；主题词重合：马克思主义哲学中国化,马克思主义哲学中国化 视域转换 框架重构(55.0)；马克思主义哲学中国化 研究 经验总结(54.47)；马克思主义哲学中国化 不足(53.24)；李达 马克思主义哲学中国化(53.24)；马克思主义哲学中国化 走向(53.24),1231_马克思主义哲学中国化_视域转换_框架重构.md；1060_马克思主义哲学中国化_研究_经验总结.md；1432_马克思主义哲学中国化_不足.md；1751_李达_马克思主义哲学中国化.md；1816_马克思主义哲学中国化_走向.md,,马克思主义哲学中国化、研究视域、转换,马克思主义哲学中国化与中国哲学的现代转型；马克思主义哲学中国化理论与历史；二十世纪上半叶马克思主义哲学中国化之检视_王玉平,30-32；82；4,是,可按主题页优先检索,先查主题页《马克思主义哲学中国化研究范式》，再在 T3/T10 中检索：马克思主义哲学中国化|研究视域|转换,否
1233,新青年 价值观 古今之变,1233_新青年_价值观_古今之变.md,3,49.2,新哲学大众化,青年教育与人生观,新哲学大众化/青年教育与人生观.md,低,10.0,自动主题组匹配：青年,科学 民主 新价值观 新青年(21.67)；新青年 唯物史观 评判儒家价值观(20.56)；新青年(20.56)；邓小平 价值观 特色(18.57)；新青年 儒家纲常 扬弃(18.33),1234_科学_民主_新价值观_新青年.md；0742_新青年_唯物史观_评判儒家价值观.md；1857_新青年.md；0658_邓小平_价值观_特色.md；0741_新青年_儒家纲常_扬弃.md,,新青年、价值观、古今之变,马克思主义哲学中国化与中国哲学的现代转型；二十世纪上半叶马克思主义哲学中国化之检视_王玉平；“中国化”思潮与马克思主义中国化思想的互动研究——以20世纪20—40年代为考察范围_王朝庆,180-181；34；8,是,先核验原卡片再使用,先查主题页《青年教育与人生观》，再在 T3/T10 中检索：新青年|价值观|古今之变,否
1234,科学 民主 新价值观 新青年,1234_科学_民主_新价值观_新青年.md,3,62.8,传播史,五四时期马克思主义传播,传播史/五四时期马克思主义传播.md,高,109.0,已列入原主题页重点卡片；命中主题种子词：新青年；主题词重合：新青年,新青年 价值观 古今之变(21.67)；新青年 唯物史观 评判儒家价值观(20.26)；新青年(20.0)；新青年 儒家纲常 扬弃(18.12)；新青年 批判 孔教为国教(17.94),1233_新青年_价值观_古今之变.md；0742_新青年_唯物史观_评判儒家价值观.md；1857_新青年.md；0741_新青年_儒家纲常_扬弃.md；1235_新青年_批判_孔教为国教.md,,科学、民主、新价值观、新青年,马克思主义哲学中国化与中国哲学的现代转型；马克思主义哲学中国化理论与历史；中国文化与马克思主义,185；246；232,是,可按主题页优先检索,先查主题页《五四时期马克思主义传播》，再在 T3/T10 中检索：科学|民主|新价值观|新青年,否
1235,新青年 批判 孔教为国教,1235_新青年_批判_孔教为国教.md,3,51.0,新哲学大众化,青年教育与人生观,新哲学大众化/青年教育与人生观.md,低,10.0,自动主题组匹配：青年,新青年(20.56)；新青年 儒家纲常 扬弃(18.33)；新青年 价值观 古今之变(18.12)；列宁主义 新青年 瞿秋白(18.12)；科学 民主 新价值观 新青年(17.94),1857_新青年.md；0741_新青年_儒家纲常_扬弃.md；1233_新青年_价值观_古今之变.md；1652_列宁主义_新青年_瞿秋白.md；1234_科学_民主_新价值观_新青年.md,,新青年、批判、孔教为国教,马克思主义哲学中国化与中国哲学的现代转型；马列著作在中国的出版；马克思主义中国化的起源语境,200-204；104；99,是,先核验原卡片再使用,先查主题页《青年教育与人生观》，再在 T3/T10 中检索：新青年|批判|孔教为国教,否
1236,社会主义新价值观 确立 原因,1236_社会主义新价值观_确立_原因.md,3,43.2,理论方法,哲学基本范畴与辩证法原理,理论方法/哲学基本范畴与辩证法原理.md,低,10.0,自动主题组匹配：原因,社会主义新价值观 救亡 启蒙(51.67)；五四运动 社会主义新价值观 兴起(50.29)；五四运动 新哲学 社会主义新价值观(49.72)；中国共产党人 新民主主义 确立(12.38)；马克思主义中国化 最初缓慢 原因(12.27),0135_社会主义新价值观_救亡_启蒙.md；0134_五四运动_社会主义新价值观_兴起.md；0368_五四运动_新哲学_社会主义新价值观.md；1803_中国共产党人_新民主主义_确立.md；1157_马克思主义中国化_最初缓慢_原因.md,,社会主义新价值观、确立、原因,马克思主义哲学中国化与中国哲学的现代转型；百年中国哲学革命；继承五四和扬弃五四,231-233；543-545；23,是,先核验原卡片再使用,先查主题页《哲学基本范畴与辩证法原理》，再在 T3/T10 中检索：社会主义新价值观|确立|原因,否
1237,马克思主义哲学中国化 传统 形成发展,1237_马克思主义哲学中国化_传统_形成发展.md,3,43.85,理论方法,马克思恩格斯经典文本与哲学关系,理论方法/马克思恩格斯经典文本与哲学关系.md,低,14.0,自动主题组匹配：马克思,马克思主义哲学中国化 传统 现代转型(54.47)；马克思主义哲学中国化 中国哲学传统(53.89)；马克思主义哲学中国化 不足(53.24)；李达 马克思主义哲学中国化(53.24)；马克思主义哲学中国化 走向(53.24),0745_马克思主义哲学中国化_传统_现代转型.md；0725_马克思主义哲学中国化_中国哲学传统.md；1432_马克思主义哲学中国化_不足.md；1751_李达_马克思主义哲学中国化.md；1816_马克思主义哲学中国化_走向.md,,马克思主义哲学中国化、传统,马克思主义哲学中国化与中国哲学的现代转型；马克思主义哲学中国化_问题与进路_孙伟平；20世纪30年代~40年代马克思主义哲学与中国传统哲学结合的形态_李维武,135-137；4；10,是,先核验原卡片再使用,先查主题页《马克思恩格斯经典文本与哲学关系》，再在 T3/T10 中检索：马克思主义哲学中国化|传统|形成发展,否
1238,马克思主义哲学中国化 代表性形态,1238_马克思主义哲学中国化_代表性形态.md,3,46.2,理论方法,马克思恩格斯经典文本与哲学关系,理论方法/马克思恩格斯经典文本与哲学关系.md,低,14.0,自动主题组匹配：马克思,马克思主义哲学中国化 表现形态(54.71)；马克思主义哲学中国化 不足(54.06)；李达 马克思主义哲学中国化(54.06)；马克思主义哲学中国化 走向(54.06)；毛泽东 马克思主义哲学中国化(53.24),1059_马克思主义哲学中国化_表现形态.md；1432_马克思主义哲学中国化_不足.md；1751_李达_马克思主义哲学中国化.md；1816_马克思主义哲学中国化_走向.md；1748_毛泽东_马克思主义哲学中国化.md,,马克思主义哲学中国化、代表性形态,马克思主义哲学中国化与中国哲学的现代转型；二十世纪上半叶马克思主义哲学中国化之检视_王玉平；马克思主义哲学中国化的路径选择——从“结合论”走向“创建论”_孙伟平,135-137；4；6,是,先核验原卡片再使用,先查主题页《马克思恩格斯经典文本与哲学关系》，再在 T3/T10 中检索：马克思主义哲学中国化|代表性形态,否
1239,广义认识论 智慧说 冯契,1239_广义认识论_智慧说_冯契.md,3,49.15,理论方法,实践观点与认识论,理论方法/实践观点与认识论.md,高,103.0,已列入原主题页重点卡片；命中主题种子词：认识论,人性问题 冯契 智慧说(30.36)；冯契 智慧说 中国哲学现代转型(29.17)；冯契 智慧说 马克思主义哲学中国化(28.75)；冯契 认识世界 认识自己(13.33)；知识论化倾向 反思 冯契(13.12),1242_人性问题_冯契_智慧说.md；0744_冯契_智慧说_中国哲学现代转型.md；1489_冯契_智慧说_马克思主义哲学中国化.md；1639_冯契_认识世界_认识自己.md；1240_知识论化倾向_反思_冯契.md,,广义认识论、智慧说、冯契,马克思主义哲学中国化与中国哲学的现代转型；马克思主义哲学中国化理论与历史；一本教科书、一个时代、一种...学原理教科书的再思考(下)_何萍,531-533；106；3,是,可按主题页优先检索,先查主题页《实践观点与认识论》，再在 T3/T10 中检索：广义认识论|智慧说|冯契,否
1240,知识论化倾向 反思 冯契,1240_知识论化倾向_反思_冯契.md,3,48.99,中国哲学传统,现代中国哲学人物与知识论,中国哲学传统/现代中国哲学人物与知识论.md,中,26.0,二级自动主题组匹配：知识论、冯契、知识论化倾向,广义认识论 智慧说 冯契(13.12)；哲学 反思 人生(11.92)；中国近代哲学 冯契(11.67)；人性问题 冯契 智慧说(11.56)；自由人格 平民化 冯契(11.56),1239_广义认识论_智慧说_冯契.md；0989_哲学_反思_人生.md；1835_中国近代哲学_冯契.md；1242_人性问题_冯契_智慧说.md；1243_自由人格_平民化_冯契.md,,知识论化倾向、反思、冯契,马克思主义哲学中国化理论与历史；马克思主义哲学中国化与中国哲学的现代转型；马克思主义中国化探论,356；529-531；100,是,可按主题页优先检索,先查主题页《现代中国哲学人物与知识论》，再在 T3/T10 中检索：知识论化倾向|反思|冯契,否
1241,实践基础 知识 智慧 贯通,1241_实践基础_知识_智慧_贯通.md,3,53.2,理论方法,哲学基本范畴与辩证法原理,理论方法/哲学基本范畴与辩证法原理.md,低,10.0,自动主题组匹配：实践,复兴 知识(12.27)；知识 道德(12.27)；知识 发展 真理(11.92)；贫穷 知识 读书 青年(11.67),2025_复兴_知识.md；2027_知识_道德.md；1459_知识_发展_真理.md；0945_贫穷_知识_读书_青年.md,,实践基础、知识、智慧、贯通,马克思主义哲学中国化与中国哲学的现代转型；中国马克思主义学术史纲；认识世界和认识自己,551；214-216；65,是,先核验原卡片再使用,先查主题页《哲学基本范畴与辩证法原理》，再在 T3/T10 中检索：实践基础|知识|智慧|贯通,否
1242,人性问题 冯契 智慧说,1242_人性问题_冯契_智慧说.md,3,42.6,中国哲学传统,现代中国哲学人物与知识论,中国哲学传统/现代中国哲学人物与知识论.md,中,26.0,二级自动主题组匹配：冯契、智慧说、人性问题,冯契 智慧说 中国哲学现代转型(31.25)；冯契 智慧说 马克思主义哲学中国化(30.56)；广义认识论 智慧说 冯契(30.36)；中国近代哲学 冯契(11.79)；自由人格 平民化 冯契(11.67),0744_冯契_智慧说_中国哲学现代转型.md；1489_冯契_智慧说_马克思主义哲学中国化.md；1239_广义认识论_智慧说_冯契.md；1835_中国近代哲学_冯契.md；1243_自由人格_平民化_冯契.md,,人性问题、冯契、智慧说,马克思主义哲学中国化与中国哲学的现代转型；百年中国哲学革命；马克思主义哲学中国化理论与历史,553-555；197-199；468,是,可按主题页优先检索,先查主题页《现代中国哲学人物与知识论》，再在 T3/T10 中检索：人性问题|冯契|智慧说,否
1243,自由人格 平民化 冯契,1243_自由人格_平民化_冯契.md,3,48.6,论战与思想运动,中国近代启蒙与民主革命,论战与思想运动/中国近代启蒙与民主革命.md,低,10.0,自动主题组匹配：自由,中国近代哲学 冯契(11.79)；人性问题 冯契 智慧说(11.67)；冯契 认识世界 认识自己(11.67)；广义认识论 智慧说 冯契(11.56)；知识论化倾向 反思 冯契(11.56),1835_中国近代哲学_冯契.md；1242_人性问题_冯契_智慧说.md；1639_冯契_认识世界_认识自己.md；1239_广义认识论_智慧说_冯契.md；1240_知识论化倾向_反思_冯契.md,,自由人格、平民化、冯契,马克思主义哲学中国化与中国哲学的现代转型；马克思主义中国化探论；百年中国哲学革命,560-562；106；202,是,先核验原卡片再使用,先查主题页《中国近代启蒙与民主革命》，再在 T3/T10 中检索：自由人格|平民化|冯契,否
1244,中国文化问题 主体 原则 方法,1244_中国文化问题_主体_原则_方法.md,3,56.8,中国哲学传统,中国哲学传统与现代转型,中国哲学传统/中国哲学传统与现代转型.md,低,13.0,自动主题组匹配：中国文化,中国文化 儒学(5.77)；中国文化 马克思(5.36)；哲学 宗教 中国文化(5.0),1731_中国文化_儒学.md；1736_中国文化_马克思.md；0986_哲学_宗教_中国文化.md,,中国文化问题、主体、原则、方法,马克思主义哲学中国化与中国哲学的现代转型；马克思主义哲学在中国传播与发展的百年历史（下）；马克思主义哲学中国化：从现实性到理想性,571；596-598；5,是,先核验原卡片再使用,先查主题页《中国哲学传统与现代转型》，再在 T3/T10 中检索：中国文化问题|主体|原则|方法,否
1245,中国共产党人 马克思主义者 身份 文化问题,1245_中国共产党人_马克思主义者_身份_文化问题.md,3,55.6,理论方法,马克思恩格斯经典文本与哲学关系,理论方法/马克思恩格斯经典文本与哲学关系.md,低,10.0,自动主题组匹配：马克思,中国共产党人 传播马克思主义 活动(40.23)；中国马克思主义 马克思主义者(37.89)；上海 马克思主义者(36.58)；中国共产党人 新民主主义 确立(36.52)；新理学 马克思主义者(36.25),0102_中国共产党人_传播马克思主义_活动.md；1788_中国马克思主义_马克思主义者.md；1740_上海_马克思主义者.md；1803_中国共产党人_新民主主义_确立.md；1708_新理学_马克思主义者.md,,中国共产党人、马克思主义者、身份、文化问题,马克思主义哲学中国化与中国哲学的现代转型；马克思主义中国化探论；中国文化与马克思主义,591-592；124；318,是,先核验原卡片再使用,先查主题页《马克思恩格斯经典文本与哲学关系》，再在 T3/T10 中检索：中国共产党人|马克思主义者|身份|文化问题,否
1246,中国文化 古与今 联系,1246_中国文化_古与今_联系.md,3,37.85,中国哲学传统,中国哲学传统与现代转型,中国哲学传统/中国哲学传统与现代转型.md,低,13.0,自动主题组匹配：中国文化,中国文化 儒学(27.5)；中国文化 马克思(26.82)；哲学 宗教 中国文化(26.25)；古代传统 现代传统 中国文化(25.36)；中国文化 精神基础 伦理(25.36),1731_中国文化_儒学.md；1736_中国文化_马克思.md；0986_哲学_宗教_中国文化.md；0750_古代传统_现代传统_中国文化.md；0988_中国文化_精神基础_伦理.md,,中国文化、联系,马克思主义哲学中国化与中国哲学的现代转型；中国文化与马克思主义；马克思主义哲学中国化理论与历史,627-629；24；450,是,先核验原卡片再使用,先查主题页《中国哲学传统与现代转型》，再在 T3/T10 中检索：中国文化|古与今|联系,否
1247,历史发展 一般 特殊 辩证法,1247_历史发展_一般_特殊_辩证法.md,3,55.6,理论方法,哲学基本范畴与辩证法原理,理论方法/哲学基本范畴与辩证法原理.md,低,10.0,自动主题组匹配：发展,统一性 多样性 历史发展(24.69)；辩证法 历史存在 范畴(20.0)；历史 呈现 辩证法 实践(20.0)；进攻 防御 辩证法(18.57)；持久 速决 辩证法(18.57),1252_统一性_多样性_历史发展.md；1077_辩证法_历史存在_范畴.md；1079_历史_呈现_辩证法_实践.md；1325_进攻_防御_辩证法.md；1326_持久_速决_辩证法.md,,历史发展、一般、特殊、辩证法,马克思主义哲学史(第五卷)；马克思主义哲学中国化与中国哲学的现代转型；艾思奇全书（第3卷）,7-8；459-460；222-225,是,先核验原卡片再使用,先查主题页《哲学基本范畴与辩证法原理》，再在 T3/T10 中检索：历史发展|一般|特殊|辩证法,否
1248,社会主义制度 生产力落后 矛盾,1248_社会主义制度_生产力落后_矛盾.md,3,33.8,理论方法,政治经济学与资本主义批判,理论方法/政治经济学与资本主义批判.md,中,20.0,自动主题组匹配：生产、生产力,社会主义社会 前进动力 矛盾(15.56)；社会主义经济建设 矛盾 再认识(15.0)；资本主义 生产社会化 私人占有 矛盾(14.55)；帝国主义 中华民族 矛盾(12.63)；封建主义 人民大众 矛盾(12.63),1355_社会主义社会_前进动力_矛盾.md；1376_社会主义经济建设_矛盾_再认识.md；1182_资本主义_生产社会化_私人占有_矛盾.md；1501_帝国主义_中华民族_矛盾.md；1502_封建主义_人民大众_矛盾.md,,社会主义制度、生产力落后、矛盾,胡绳全书.第7卷；马克思主义哲学史；马克思主义哲学在中国传播与发展的百年历史（下）,135-137；442-443；522-524,是,可按主题页优先检索,先查主题页《政治经济学与资本主义批判》，再在 T3/T10 中检索：社会主义制度|生产力落后|矛盾,否
1249,对抗 矛盾 不是一回事,1249_对抗_矛盾_不是一回事.md,3,52.2,理论方法,哲学基本范畴与辩证法原理,理论方法/哲学基本范畴与辩证法原理.md,低,10.0,自动主题组匹配：矛盾,李大钊 矛盾 对抗 调和(23.57)；矛盾 发展 运动(12.08)；矛盾 两方面 统一(11.92)；矛盾 同一性 斗争性(11.79)；民族资产阶级 矛盾 性质(11.56),0350_李大钊_矛盾_对抗_调和.md；1467_矛盾_发展_运动.md；1561_矛盾_两方面_统一.md；1319_矛盾_同一性_斗争性.md；1360_民族资产阶级_矛盾_性质.md,,对抗、矛盾、不是一回事,马克思主义哲学史(第五卷)；毛泽东哲学批注集：辩证法唯物论教程批注 (毛泽东)；马克思主义哲学史,53-56；515；117-119,是,先核验原卡片再使用,先查主题页《哲学基本范畴与辩证法原理》，再在 T3/T10 中检索：对抗|矛盾|不是一回事,否
1250,布列斯特和约 争论 哲学思想,1250_布列斯特和约_争论_哲学思想.md,3,44.0,苏联哲学,列宁哲学与社会主义实践,苏联哲学/列宁哲学与社会主义实践.md,低,10.0,二级自动主题组匹配：布列斯特,新民主主义论 哲学思想(26.25)；鲁迅 哲学思想 转变(25.0)；抗战以来 哲学思想 评述(24.41)；毛泽东 延安时期 哲学思想(24.17)；马克思 哲学思想 形成发展(24.17),0563_新民主主义论_哲学思想.md；1424_鲁迅_哲学思想_转变.md；1583_抗战以来_哲学思想_评述.md；0536_毛泽东_延安时期_哲学思想.md；1085_马克思_哲学思想_形成发展.md,,布列斯特和约、争论、哲学思想,马克思主义哲学史(第五卷)；马克思主义哲学史；列宁专题文集·论辩证唯物主义和历史唯物主义,60-63；501-503；414,是,先核验原卡片再使用,先查主题页《列宁哲学与社会主义实践》，再在 T3/T10 中检索：布列斯特和约|争论|哲学思想,否
1251,社会主义革命 根本任务 劳动生产率,1251_社会主义革命_根本任务_劳动生产率.md,3,54.91,理论方法,政治经济学与资本主义批判,理论方法/政治经济学与资本主义批判.md,中,20.0,自动主题组匹配：劳动、生产,社会主义革命 形式 多样(36.94)；社会主义革命 建设 辩证法(36.58)；社会主义革命 建设 主观主义(36.58)；民主主义革命 社会主义革命 辩证统一(35.95)；民主主义革命 社会主义革命 必然趋势(35.95),1473_社会主义革命_形式_多样.md；0983_社会主义革命_建设_辩证法.md；1357_社会主义革命_建设_主观主义.md；1049_民主主义革命_社会主义革命_辩证统一.md；1050_民主主义革命_社会主义革命_必然趋势.md,,社会主义革命、根本任务、劳动生产率,列宁选集第三卷_2012；列宁专题文集·论社会主义；马克思主义哲学中国化理论与历史,515；112；542,是,可按主题页优先检索,先查主题页《政治经济学与资本主义批判》，再在 T3/T10 中检索：社会主义革命|根本任务|劳动生产率,否
1252,统一性 多样性 历史发展,1252_统一性_多样性_历史发展.md,3,37.36,理论方法,哲学基本范畴与辩证法原理,理论方法/哲学基本范畴与辩证法原理.md,低,10.0,自动主题组匹配：发展,历史发展 一般 特殊 辩证法(24.69)；社会主义建设 统一性 独立性(17.78),1247_历史发展_一般_特殊_辩证法.md；0676_社会主义建设_统一性_独立性.md,,统一性、多样性、历史发展,马克思主义哲学史(第五卷)；米丁-辩证唯物论与历史唯物论-上-rightToLeft；马克思主义哲学在中国：传播、应用、形态、前景,84-86；141；306-310,是,先核验原卡片再使用,先查主题页《哲学基本范畴与辩证法原理》，再在 T3/T10 中检索：统一性|多样性|历史发展,否
1253,具体分析 具体情况 活的灵魂,1253_具体分析_具体情况_活的灵魂.md,3,51.38,理论方法,哲学基本范畴与辩证法原理,理论方法/哲学基本范畴与辩证法原理.md,低,8.0,二级自动主题组匹配：具体,毛泽东思想 活的灵魂(25.0),0613_毛泽东思想_活的灵魂.md,,具体分析、具体情况、活的灵魂,列宁专题文集·论马克思主义；列宁选集第四卷_2012；马克思主义哲学史(第五卷),6；242；86-88,是,先核验原卡片再使用,先查主题页《哲学基本范畴与辩证法原理》，再在 T3/T10 中检索：具体分析|具体情况|活的灵魂,否
1254,战时共产主义 政策 评价,1254_战时共产主义_政策_评价.md,3,51.6,苏联哲学,列宁哲学与社会主义实践,苏联哲学/列宁哲学与社会主义实践.md,低,10.0,二级自动主题组匹配：战时共产主义,战时共产主义 历史远景 新生事物(37.35)；毛泽东 新民主主义论 评价(12.94)；共产主义 劳动(6.82)；共产主义 翻译(6.82)；共产主义宣言(6.82),1255_战时共产主义_历史远景_新生事物.md；0624_毛泽东_新民主主义论_评价.md；1782_共产主义_劳动.md；1837_共产主义_翻译.md；1958_共产主义宣言.md,,战时共产主义、政策、评价,马克思主义哲学史(第五卷)；马列著作在中国的出版；共产主义abc中文翻译版,92-94；429；21,是,先核验原卡片再使用,先查主题页《列宁哲学与社会主义实践》，再在 T3/T10 中检索：战时共产主义|政策|评价,否
1255,战时共产主义 历史远景 新生事物,1255_战时共产主义_历史远景_新生事物.md,3,26.85,苏联哲学,列宁哲学与社会主义实践,苏联哲学/列宁哲学与社会主义实践.md,低,10.0,二级自动主题组匹配：战时共产主义,战时共产主义 政策 评价(37.35)；共产主义 劳动(5.0)；共产主义 翻译(5.0)；共产主义宣言(5.0),1254_战时共产主义_政策_评价.md；1782_共产主义_劳动.md；1837_共产主义_翻译.md；1958_共产主义宣言.md,,战时共产主义,共产主义abc中文翻译版；列宁选集第四卷_2012；列宁专题文集·论社会主义,21；1047；250,是,先核验原卡片再使用,先查主题页《列宁哲学与社会主义实践》，再在 T3/T10 中检索：战时共产主义|历史远景|新生事物,否
1256,军事反对派 民主集中派 工人反对派,1256_军事反对派_民主集中派_工人反对派.md,3,41.25,论战与思想运动,中国近代启蒙与民主革命,论战与思想运动/中国近代启蒙与民主革命.md,低,10.0,自动主题组匹配：民主,民主 集中 关系(5.36),1600_民主_集中_关系.md,,军事反对派、民主集中派、工人反对派,马克思主义哲学史(第五卷)；列宁专题文集·论无产阶级政党；列宁选集第四卷_2012,98；453；883,是,先核验原卡片再使用,先查主题页《中国近代启蒙与民主革命》，再在 T3/T10 中检索：军事反对派|民主集中派|工人反对派,否
1257,无产阶级文化派 历史唯物主义 批判,1257_无产阶级文化派_历史唯物主义_批判.md,3,53.14,苏联哲学,列宁哲学与社会主义实践,苏联哲学/列宁哲学与社会主义实践.md,低,14.0,二级自动主题组匹配：无产阶级文化派,无产阶级文化派 马赫主义 组织形态学(42.95)；历史唯物主义 辩证唯物主义(37.35)；历史唯物主义 研讨 争论(36.94)；历史唯物主义 辩证唯物主义 列宁(36.58)；历史唯物主义 战争观 毛泽东(36.25),1258_无产阶级文化派_马赫主义_组织形态学.md；1707_历史唯物主义_辩证唯物主义.md；0978_历史唯物主义_研讨_争论.md；1800_历史唯物主义_辩证唯物主义_列宁.md；0555_历史唯物主义_战争观_毛泽东.md,,无产阶级文化派、历史唯物主义、批判,马克思主义哲学与中国哲学相结合的思考；马克思主义哲学史(第五卷)；列宁专题文集·论辩证唯物主义和历史唯物主义,3；128-130；412,是,先核验原卡片再使用,先查主题页《列宁哲学与社会主义实践》，再在 T3/T10 中检索：无产阶级文化派|历史唯物主义|批判,否
1258,无产阶级文化派 马赫主义 组织形态学,1258_无产阶级文化派_马赫主义_组织形态学.md,3,45.0,苏联哲学,列宁哲学与社会主义实践,苏联哲学/列宁哲学与社会主义实践.md,低,10.0,二级自动主题组匹配：无产阶级文化派,无产阶级文化派 历史唯物主义 批判(42.95)；经验 马赫主义(24.41)；唯心主义 马赫主义(24.17)；马赫主义 批判 反映论(23.75)；马赫主义 斗争 经验批判论(23.41),1257_无产阶级文化派_历史唯物主义_批判.md；1762_经验_马赫主义.md；1728_唯心主义_马赫主义.md；1538_马赫主义_批判_反映论.md；1590_马赫主义_斗争_经验批判论.md,,无产阶级文化派、马赫主义、组织形态学,马克思主义哲学史(第五卷)；列宁专题文集·论无产阶级政党；列宁专题文集·论社会主义,137-139；449；463,是,先核验原卡片再使用,先查主题页《列宁哲学与社会主义实践》，再在 T3/T10 中检索：无产阶级文化派|马赫主义|组织形态学,否
1259,工会问题 辩证逻辑 基本要求,1259_工会问题_辩证逻辑_基本要求.md,3,50.21,苏联哲学,列宁哲学与社会主义实践,苏联哲学/列宁哲学与社会主义实践.md,低,10.0,二级自动主题组匹配：工会问题,形式逻辑 辩证逻辑 形式论理学(24.17),0408_形式逻辑_辩证逻辑_形式论理学.md,,工会问题、辩证逻辑、基本要求,米丁-辩证唯物论与历史唯物论-上-rightToLeft；马克思主义哲学史(第五卷)；米丁-辩证唯物论历史唯物论下-rightToLeft,209；153-156；407,是,先核验原卡片再使用,先查主题页《列宁哲学与社会主义实践》，再在 T3/T10 中检索：工会问题|辩证逻辑|基本要求,否
1260,社会主义 计划 商品 市场,1260_社会主义_计划_商品_市场.md,3,70.6,理论方法,政治经济学与资本主义批判,理论方法/政治经济学与资本主义批判.md,低,12.0,自动主题组匹配：商品,俄国 社会主义(26.82)；德国 社会主义(26.82)；法国 社会主义(26.82)；社会主义 列宁(26.82)；新经济政策 商品经济 社会主义(26.25),1758_俄国_社会主义.md；1772_德国_社会主义.md；1817_法国_社会主义.md；1840_社会主义_列宁.md；0883_新经济政策_商品经济_社会主义.md,,社会主义、计划、商品、市场,马克思主义哲学史；马克思主义哲学史(第五卷)；中国马克思主义学术史纲,399-400；197-199；未识别,是,先核验原卡片再使用,先查主题页《政治经济学与资本主义批判》，再在 T3/T10 中检索：社会主义|计划|商品|市场,否
1261,社会主义 商品经济 客观依据,1261_社会主义_商品经济_客观依据.md,3,42.6,理论方法,政治经济学与资本主义批判,理论方法/政治经济学与资本主义批判.md,低,12.0,自动主题组匹配：商品,新经济政策 商品经济 社会主义(49.38)；社会主义 商品生产 价值规律(27.35)；社会主义 计划 商品 市场(26.25)；俄国 社会主义(25.77)；德国 社会主义(25.77),0883_新经济政策_商品经济_社会主义.md；1281_社会主义_商品生产_价值规律.md；1260_社会主义_计划_商品_市场.md；1758_俄国_社会主义.md；1772_德国_社会主义.md,,社会主义、商品经济、客观依据,马克思主义哲学史(第五卷)；中国马克思主义学术史纲；马克思主义哲学史,190-192；226；390-382,是,先核验原卡片再使用,先查主题页《政治经济学与资本主义批判》，再在 T3/T10 中检索：社会主义|商品经济|客观依据,否
1262,社会主义 资本主义 辩证关系,1262_社会主义_资本主义_辩证关系.md,3,50.55,理论方法,政治经济学与资本主义批判,理论方法/政治经济学与资本主义批判.md,中,23.0,自动主题组匹配：资本主义、资本,资本主义 社会主义 关系(52.5)；帝国主义 资本主义(28.33)；社会主义 资产阶级(27.69)；新民主主义 社会主义 关系(26.67)；劳动 资本主义(26.25),1474_资本主义_社会主义_关系.md；1730_帝国主义_资本主义.md；1739_社会主义_资产阶级.md；0527_新民主主义_社会主义_关系.md；1710_劳动_资本主义.md,,社会主义、资本主义、辩证关系,马克思主义哲学史(第五卷)；马恩文集第一卷（1843-1848）；马克思主义哲学史,69-71；818；494-495,是,可按主题页优先检索,先查主题页《政治经济学与资本主义批判》，再在 T3/T10 中检索：社会主义|资本主义|辩证关系,否
1263,资本主义包围 社会主义国家 生存条件,1263_资本主义包围_社会主义国家_生存条件.md,3,42.0,理论方法,政治经济学与资本主义批判,理论方法/政治经济学与资本主义批判.md,中,23.0,自动主题组匹配：资本主义、资本,国家资本主义 过渡社会主义 列宁(7.5)；资本主义 社会主义 关系(7.35)；社会主义 资本主义 辩证关系(6.58),0877_国家资本主义_过渡社会主义_列宁.md；1474_资本主义_社会主义_关系.md；1262_社会主义_资本主义_辩证关系.md,,资本主义包围、社会主义国家,列宁专题文集·论社会主义；列宁选集第四卷_2012；马克思主义哲学史(第五卷),413；878；200,是,可按主题页优先检索,先查主题页《政治经济学与资本主义批判》，再在 T3/T10 中检索：资本主义包围|社会主义国家|生存条件,否
1264,苏维埃政权 资本主义先进事物 结合,1264_苏维埃政权_资本主义先进事物_结合.md,3,36.9,理论方法,政治经济学与资本主义批判,理论方法/政治经济学与资本主义批判.md,中,23.0,自动主题组匹配：资本主义、资本,,,,苏维埃政权、结合,马克思主义哲学史(第五卷)；共产主义abc中文翻译版；列宁选集第三卷_2012,206-208；307；517,是,可按主题页优先检索,先查主题页《政治经济学与资本主义批判》，再在 T3/T10 中检索：苏维埃政权|资本主义先进事物|结合,否
1265,生活的公式 高于 书本公式,1265_生活的公式_高于_书本公式.md,1,28.73,新哲学大众化,大众哲学案例与社会生活,新哲学大众化/大众哲学案例与社会生活.md,低,8.0,二级自动主题组匹配：生活,,,,生活的公式、高于,马克思主义哲学史(第五卷),211-214,是,先核验原卡片再使用,先查主题页《大众哲学案例与社会生活》，再在 T3/T10 中检索：生活的公式|高于|书本公式,否
1266,一般 个别 有机结合,1266_一般_个别_有机结合.md,3,35.33,其他待人工复核,其他待人工复核,其他待人工复核/其他待人工复核.md,待人工归类,3.0,未命中已有主题页和自动主题组规则，建议人工判断,历史主义方法 一般 个别(15.77),1091_历史主义方法_一般_个别.md,,一般、个别,马克思主义哲学史(第五卷)；马克思主义哲学史教程；马克思主义哲学史（第六卷,218-220；103-105；544-548,是,可按主题页优先检索,先查主题页《其他待人工复核》，再在 T3/T10 中检索：一般|个别|有机结合,否
1267,前进 后退 辩证关系,1267_前进_后退_辩证关系.md,3,48.6,其他待人工复核,其他待人工复核,其他待人工复核/其他待人工复核.md,待人工归类,0.0,未命中已有主题页和自动主题组规则，建议人工判断,直接 间接 辩证关系(26.82)；革命 改良 辩证关系(26.82)；社会主义 资本主义 辩证关系(25.36)；中国共产党 前进 成立(11.79),1268_直接_间接_辩证关系.md；1269_革命_改良_辩证关系.md；1262_社会主义_资本主义_辩证关系.md；1829_中国共产党_前进_成立.md,,前进、后退、辩证关系,马克思主义哲学史(第五卷)；冯契文集第七卷中国近代哲学的革命进程；艾思奇全书（第3卷）,220-222；280；81-83,是,可按主题页优先检索,先查主题页《其他待人工复核》，再在 T3/T10 中检索：前进|后退|辩证关系,否
1268,直接 间接 辩证关系,1268_直接_间接_辩证关系.md,3,47.4,其他待人工复核,其他待人工复核,其他待人工复核/其他待人工复核.md,待人工归类,0.0,未命中已有主题页和自动主题组规则，建议人工判断,前进 后退 辩证关系(26.82)；革命 改良 辩证关系(26.82)；社会主义 资本主义 辩证关系(25.36),1267_前进_后退_辩证关系.md；1269_革命_改良_辩证关系.md；1262_社会主义_资本主义_辩证关系.md,,直接、间接、辩证关系,马克思主义哲学史(第五卷)；马克思主义哲学史（第六卷；艾思奇全书（第3卷）,223-225；513-518；61-63,是,可按主题页优先检索,先查主题页《其他待人工复核》，再在 T3/T10 中检索：直接|间接|辩证关系,否
1269,革命 改良 辩证关系,1269_革命_改良_辩证关系.md,3,47.4,其他待人工复核,其他待人工复核,其他待人工复核/其他待人工复核.md,待人工归类,9.0,未命中已有主题页和自动主题组规则，建议人工判断,前进 后退 辩证关系(26.82)；直接 间接 辩证关系(26.82)；社会主义 资本主义 辩证关系(25.36),1267_前进_后退_辩证关系.md；1268_直接_间接_辩证关系.md；1262_社会主义_资本主义_辩证关系.md,,革命、改良、辩证关系,马克思主义哲学史(第五卷)；马恩文集第一卷（1843-1848）；马克思主义哲学史教程,225-226；818；254-255,是,可按主题页优先检索,先查主题页《其他待人工复核》，再在 T3/T10 中检索：革命|改良|辩证关系,否
1270,现代科学成就 唯物辩证法 研究,1270_现代科学成就_唯物辩证法_研究.md,3,36.33,理论方法,辩证唯物主义体系,理论方法/辩证唯物主义体系.md,高,112.0,已列入原主题页重点卡片；命中主题种子词：唯物辩证法；主题词重合：唯物辩证法,瞿秋白 唯物辩证法 研究(35.0)；唯物辩证法 风靡全国(31.25)；唯物辩证法 风靡 起点(31.25)；唯物辩证法 风靡 前奏(31.25)；唯物辩证法 风靡 原因(31.25),0266_瞿秋白_唯物辩证法_研究.md；1026_唯物辩证法_风靡全国.md；1027_唯物辩证法_风靡_起点.md；1028_唯物辩证法_风靡_前奏.md；1030_唯物辩证法_风靡_原因.md,,唯物辩证法、研究,马克思主义哲学史(第五卷)；马克思主义哲学史教程；马克思主义哲学中国化与中国哲学的现代转型,356-357；994-996；89-91,是,可按主题页优先检索,先查主题页《辩证唯物主义体系》，再在 T3/T10 中检索：现代科学成就|唯物辩证法|研究,否
1271,社会主义 不存在 固定模式,1271_社会主义_不存在_固定模式.md,3,38.85,苏联哲学,列宁哲学与社会主义实践,苏联哲学/列宁哲学与社会主义实践.md,低,12.0,二级自动主题组匹配：社会主义 不存在 固定模式,俄国 社会主义(26.25)；德国 社会主义(26.25)；法国 社会主义(26.25)；社会主义 列宁(26.25)；观察周刊 社会主义(25.36),1758_俄国_社会主义.md；1772_德国_社会主义.md；1817_法国_社会主义.md；1840_社会主义_列宁.md；1647_观察周刊_社会主义.md,,社会主义、不存在,马克思主义哲学史(第五卷)；中国马克思主义学术史纲；列宁专题文集·论社会主义,255-256；140；146,是,先核验原卡片再使用,先查主题页《列宁哲学与社会主义实践》，再在 T3/T10 中检索：社会主义|不存在|固定模式,否
1272,社会主义 迂回道路 直接过渡,1272_社会主义_迂回道路_直接过渡.md,3,40.54,苏联哲学,列宁哲学与社会主义实践,苏联哲学/列宁哲学与社会主义实践.md,低,12.0,二级自动主题组匹配：社会主义 迂回道路,俄国 社会主义(25.77)；德国 社会主义(25.77)；法国 社会主义(25.77)；社会主义 列宁(25.77)；观察周刊 社会主义(25.0),1758_俄国_社会主义.md；1772_德国_社会主义.md；1817_法国_社会主义.md；1840_社会主义_列宁.md；1647_观察周刊_社会主义.md,,社会主义、迂回道路、直接过渡,马克思主义哲学史(第五卷)；列宁专题文集·论社会主义；中国马克思主义学术史纲,266-268；248；258,是,先核验原卡片再使用,先查主题页《列宁哲学与社会主义实践》，再在 T3/T10 中检索：社会主义|迂回道路|直接过渡,否
1273,社会主义 工作重心 经济文化建设,1273_社会主义_工作重心_经济文化建设.md,3,31.73,苏联哲学,列宁哲学与社会主义实践,苏联哲学/列宁哲学与社会主义实践.md,中,20.0,二级自动主题组匹配：工作重心、经济文化建设,工作重心 经济建设 管理俄国(28.33)；农民 社会主义 建设者(25.88)；新经济政策 商品经济 社会主义(25.0)；社会主义 商品经济 客观依据(25.0)；俄国 社会主义(25.0),0876_工作重心_经济建设_管理俄国.md；1274_农民_社会主义_建设者.md；0883_新经济政策_商品经济_社会主义.md；1261_社会主义_商品经济_客观依据.md；1758_俄国_社会主义.md,,社会主义、工作重心,中国马克思主义学术史纲；马克思主义哲学史(第五卷)；马克思主义哲学史教程,138-140；257-258；未识别,是,可按主题页优先检索,先查主题页《列宁哲学与社会主义实践》，再在 T3/T10 中检索：社会主义|工作重心|经济文化建设,否
1274,农民 社会主义 建设者,1274_农民_社会主义_建设者.md,3,49.08,苏联哲学,列宁哲学与社会主义实践,苏联哲学/列宁哲学与社会主义实践.md,低,12.0,二级自动主题组匹配：农民 社会主义,俄国 社会主义(27.5)；德国 社会主义(27.5)；法国 社会主义(27.5)；社会主义 列宁(27.5)；观察周刊 社会主义(26.25),1758_俄国_社会主义.md；1772_德国_社会主义.md；1817_法国_社会主义.md；1840_社会主义_列宁.md；1647_观察周刊_社会主义.md,,农民、社会主义、建设者,马克思主义哲学史(第五卷)；列宁专题文集·论社会主义；毛泽东哲学批注集：辩证法唯物论教程批注 (毛泽东),258-260；198；31,是,先核验原卡片再使用,先查主题页《列宁哲学与社会主义实践》，再在 T3/T10 中检索：农民|社会主义|建设者,否
1275,机械论者 辩证论者 自然科学,1275_机械论者_辩证论者_自然科学.md,3,38.76,苏联哲学,德波林派与机械论派论争,苏联哲学/德波林派与机械论派论争.md,高,124.0,已列入原主题页重点卡片；命中主题种子词：机械论者、辩证论者；主题词重合：机械论者、辩证论者,苏联哲学 机械论者 辩证论者(50.71)；苏联哲学 机械论者 辩证论者 论争(49.38)；机械论者 辩证法(31.36)；自然科学 哲学 机械论派(28.93)；机械论派 辩证论者 苏联哲学(27.81),0830_苏联哲学_机械论者_辩证论者.md；0893_苏联哲学_机械论者_辩证论者_论争.md；1777_机械论者_辩证法.md；1013_自然科学_哲学_机械论派.md；0777_机械论派_辩证论者_苏联哲学.md,,机械论者、辩证论者、自然科学,马克思主义哲学史(第五卷)；马克思主义哲学在中国的传播与马克思主义哲学中国化；“新哲学”大众化运动研究,341；4；86,是,可按主题页优先检索,先查主题页《德波林派与机械论派论争》，再在 T3/T10 中检索：机械论者|辩证论者|自然科学,否
1276,哲学 自然科学 科学本身就是哲学,1276_哲学_自然科学_科学本身就是哲学.md,3,54.48,理论方法,自然科学哲学与科学方法,理论方法/自然科学哲学与科学方法.md,中,23.0,自动主题组匹配：自然科学、科学,新哲学 自然科学 经济学 应用(27.35)；自然科学 哲学 机械论派(26.25)；德国 自然科学(25.77)；自然科学 黑格尔(25.36)；自然辩证法 自然科学(25.0),0423_新哲学_自然科学_经济学_应用.md；1013_自然科学_哲学_机械论派.md；1786_德国_自然科学.md；1779_自然科学_黑格尔.md；1667_自然辩证法_自然科学.md,,哲学、自然科学、科学本身就是哲学,马克思主义哲学史(第五卷)；米丁-辩证唯物论与历史唯物论-上-rightToLeft；马克思主义哲学史教程,345-346；253；175-177,是,可按主题页优先检索,先查主题页《自然科学哲学与科学方法》，再在 T3/T10 中检索：哲学|自然科学|科学本身就是哲学,否
1277,辩证法 理论作用 质和量,1277_辩证法_理论作用_质和量.md,3,41.4,理论方法,哲学基本范畴与辩证法原理,理论方法/哲学基本范畴与辩证法原理.md,低,16.0,二级自动主题组匹配：理论、辩证法,进攻 防御 辩证法(18.85)；持久 速决 辩证法(18.85)；内线 外线 辩证法(18.85)；主动 被动 辩证法(18.85)；辩证法 中国 进展(18.85),1325_进攻_防御_辩证法.md；1326_持久_速决_辩证法.md；1327_内线_外线_辩证法.md；1328_主动_被动_辩证法.md；1401_辩证法_中国_进展.md,,辩证法、理论作用、质和量,马克思主义哲学史(第五卷)；毛泽东哲学批注集：辩证法唯物论教程批注 (毛泽东)；马恩文集第九卷（反杜林论 自然辩证法）,346-348；513；696,是,先核验原卡片再使用,先查主题页《哲学基本范畴与辩证法原理》，再在 T3/T10 中检索：辩证法|理论作用|质和量,否
1278,布哈林 历史唯物主义理论 平衡论,1278_布哈林_历史唯物主义理论_平衡论.md,3,53.94,苏联哲学,苏联哲学与共产国际,苏联哲学/苏联哲学与共产国际.md,低,10.0,自动主题组匹配：布哈林,历史唯物主义 辩证唯物主义(7.81)；历史唯物主义 研讨 争论(7.35)；历史唯物主义 辩证唯物主义 列宁(6.94)；历史唯物主义 战争观 毛泽东(6.58)；人民民主专政 历史唯物主义(6.58),1707_历史唯物主义_辩证唯物主义.md；0978_历史唯物主义_研讨_争论.md；1800_历史唯物主义_辩证唯物主义_列宁.md；0555_历史唯物主义_战争观_毛泽东.md；0600_人民民主专政_历史唯物主义.md,,布哈林、历史唯物主义理论、平衡论,米丁-辩证唯物论与历史唯物论-上-rightToLeft；米丁-辩证唯物论历史唯物论下-rightToLeft；马克思主义哲学史教程,274；403；471-472,是,先核验原卡片再使用,先查主题页《苏联哲学与共产国际》，再在 T3/T10 中检索：布哈林|历史唯物主义理论|平衡论,否
1279,法西斯主义 理论来源 批判,1279_法西斯主义_理论来源_批判.md,3,39.57,苏联哲学,列宁哲学与社会主义实践,苏联哲学/列宁哲学与社会主义实践.md,低,10.0,二级自动主题组匹配：法西斯主义,无政府主义 理论批判 列宁(6.25)；新民主主义理论 成熟(5.0),0880_无政府主义_理论批判_列宁.md；0558_新民主主义理论_成熟.md,,法西斯主义、理论来源、批判,马克思主义哲学史(第五卷)；1940年代中国共产党人的思想批判和新民主主义话语权的确立_陈先初；米丁-辩证唯物论与历史唯物论-上-rightToLeft,458-460；7；4,是,先核验原卡片再使用,先查主题页《列宁哲学与社会主义实践》，再在 T3/T10 中检索：法西斯主义|理论来源|批判,否
1280,哲学 党性原则 批判继承,1280_哲学_党性原则_批判继承.md,3,42.33,苏联哲学,列宁哲学与社会主义实践,苏联哲学/列宁哲学与社会主义实践.md,低,10.0,二级自动主题组匹配：党性原则,苏联哲学 党性原则 学术研究(28.33)；哲学 党性 苏联(6.82)；哲学 党性 科学(6.82)；哲学 党性 阶级性 毛泽东(5.0)；唯物论 唯心论 哲学党性(5.0),0809_苏联哲学_党性原则_学术研究.md；0782_哲学_党性_苏联.md；1574_哲学_党性_科学.md；0540_哲学_党性_阶级性_毛泽东.md；1576_唯物论_唯心论_哲学党性.md,,哲学、党性原则,马克思主义哲学史(第五卷)；苏联哲学70年；马克思主义哲学在中国传播与发展的百年历史（上）,482-485；96-99；388-390,是,先核验原卡片再使用,先查主题页《列宁哲学与社会主义实践》，再在 T3/T10 中检索：哲学|党性原则|批判继承,否
1281,社会主义 商品生产 价值规律,1281_社会主义_商品生产_价值规律.md,3,52.4,理论方法,政治经济学与资本主义批判,理论方法/政治经济学与资本主义批判.md,中,20.0,自动主题组匹配：生产、商品,社会主义 商品经济 客观依据(27.35)；社会主义 计划 商品 市场(26.25)；俄国 社会主义(25.77)；德国 社会主义(25.77)；法国 社会主义(25.77),1261_社会主义_商品经济_客观依据.md；1260_社会主义_计划_商品_市场.md；1758_俄国_社会主义.md；1772_德国_社会主义.md；1817_法国_社会主义.md,,社会主义、商品生产、价值规律,马克思主义哲学史(第五卷)；马克思主义哲学史教程；中国马克思主义学术史纲,527；510-512；222-224,是,可按主题页优先检索,先查主题页《政治经济学与资本主义批判》，再在 T3/T10 中检索：社会主义|商品生产|价值规律,否
1282,中国无产阶级 成长 壮大 马克思主义,1282_中国无产阶级_成长_壮大_马克思主义.md,3,51.6,理论方法,阶级斗争与社会革命理论,理论方法/阶级斗争与社会革命理论.md,高,109.0,已列入原主题页重点卡片；命中主题种子词：无产阶级、阶级,民族工业 工人阶级 壮大(12.38)；无产阶级 马克思(8.33)；中国马克思主义 马克思主义者(7.35)；马克思主义中国化 前瞻(6.94)；马克思主义 学风 中国化(6.94),1423_民族工业_工人阶级_壮大.md；1781_无产阶级_马克思.md；1788_中国马克思主义_马克思主义者.md；1180_马克思主义中国化_前瞻.md；1215_马克思主义_学风_中国化.md,,中国无产阶级、成长、壮大、马克思主义,马克思主义哲学史（第六卷；马克思主义中国化探论；延安时期知识分子群体与马克思主义哲学大众化郭 - 2015 -,10-11；176；147,是,可按主题页优先检索,先查主题页《阶级斗争与社会革命理论》，再在 T3/T10 中检索：中国无产阶级|成长|壮大|马克思主义,否
1283,中国革命 需要 马克思主义,1283_中国革命_需要_马克思主义.md,3,61.4,中国化,毛泽东哲学与中国革命经验,中国化/毛泽东哲学与中国革命经验.md,低,13.0,自动主题组匹配：中国革命,马克思主义 俄国化 中国革命(32.5)；马克思主义 指导思想 中国革命(31.67)；早期共产主义者 马克思主义 中国革命(30.29)；十月革命 中国革命 影响(25.0)；一步走 两步走 中国革命(25.0),0852_马克思主义_俄国化_中国革命.md；1112_马克思主义_指导思想_中国革命.md；0292_早期共产主义者_马克思主义_中国革命.md；0844_十月革命_中国革命_影响.md；1174_一步走_两步走_中国革命.md,,中国革命、需要、马克思主义,马克思主义哲学史（第六卷；马克思主义中国化的历史进程；马克思主义哲学在中国：传播、应用、形态、前景,17-18；12-14；415-418,是,先核验原卡片再使用,先查主题页《毛泽东哲学与中国革命经验》，再在 T3/T10 中检索：中国革命|需要|马克思主义,否
1284,马克思主义 在中国 最初传入,1284_马克思主义_在中国_最初传入.md,3,45.4,理论方法,马克思恩格斯经典文本与哲学关系,理论方法/马克思恩格斯经典文本与哲学关系.md,低,10.0,自动主题组匹配：马克思,马克思主义在中国 马克思主义中国化 当代中国马克思主义(10.29)；马克思主义中国化 最初尝试(9.38)；中国马克思主义 马克思主义者(8.93)；马克思主义哲学 传入中国 渠道(8.82)；马克思主义 传入中国 外部条件(8.82),0965_马克思主义在中国_马克思主义中国化_当代中国马克思主义.md；1152_马克思主义中国化_最初尝试.md；1788_中国马克思主义_马克思主义者.md；0060_马克思主义哲学_传入中国_渠道.md；0080_马克思主义_传入中国_外部条件.md,,马克思主义、在中国、最初传入,马克思主义哲学在中国传播与发展的百年历史（上）；马克思主义哲学在中国：传播、应用、形态、前景；马克思主义哲学在中国传播与发展的百年历史（下）,58-60；10-12；674,是,先核验原卡片再使用,先查主题页《马克思恩格斯经典文本与哲学关系》，再在 T3/T10 中检索：马克思主义|在中国|最初传入,否
1285,国际共产主义运动 中国 影响,1285_国际共产主义运动_中国_影响.md,3,51.78,传播史,民族国家与国际关系,传播史/民族国家与国际关系.md,低,10.0,自动主题组匹配：国际,共产主义 劳动(5.77)；共产主义 翻译(5.77)；共产主义宣言(5.77)；国际主义 民族主义 中国共产党(5.56)；实证论 非理性主义 中国影响(5.56),1782_共产主义_劳动.md；1837_共产主义_翻译.md；1958_共产主义宣言.md；1176_国际主义_民族主义_中国共产党.md；1509_实证论_非理性主义_中国影响.md,,国际共产主义运动、中国、影响,马克思主义哲学史（第六卷；中国近代哲学的革命进程；冯契文集第七卷中国近代哲学的革命进程,19-20；646-648；646,是,先核验原卡片再使用,先查主题页《民族国家与国际关系》，再在 T3/T10 中检索：国际共产主义运动|中国|影响,否
1286,马克思恩格斯 生平 思想 早期介绍,1286_马克思恩格斯_生平_思想_早期介绍.md,3,49.0,理论方法,马克思恩格斯经典文本与哲学关系,理论方法/马克思恩格斯经典文本与哲学关系.md,中,20.0,自动主题组匹配：马克思、恩格斯,德国 马克思恩格斯(38.33)；英国 马克思恩格斯(38.33)；列宁 马克思恩格斯(38.33)；马克思恩格斯 马列著作(37.35)；暴力革命 和平手段 马克思恩格斯(35.95),1715_德国_马克思恩格斯.md；1735_英国_马克思恩格斯.md；1780_列宁_马克思恩格斯.md；1763_马克思恩格斯_马列著作.md；1187_暴力革命_和平手段_马克思恩格斯.md,,马克思恩格斯、生平、思想、早期介绍,马克思主义哲学史（第六卷；马克思主义哲学史(第五卷)；马列著作在中国的出版,20-23；289-291；333,是,可按主题页优先检索,先查主题页《马克思恩格斯经典文本与哲学关系》，再在 T3/T10 中检索：马克思恩格斯|生平|思想|早期介绍,否
1287,马克思主义著作 早期介绍 中国,1287_马克思主义著作_早期介绍_中国.md,3,42.6,理论方法,马克思恩格斯经典文本与哲学关系,理论方法/马克思恩格斯经典文本与哲学关系.md,低,10.0,自动主题组匹配：马克思,五四时期 马克思主义著作 翻译 出版(42.5)；马克思恩格斯 生平 思想 早期介绍(26.25)；中国马克思主义 马克思主义者(8.33)；马克思主义中国化 前瞻(7.81)；马克思主义 学风 中国化(7.81),0144_五四时期_马克思主义著作_翻译_出版.md；1286_马克思恩格斯_生平_思想_早期介绍.md；1788_中国马克思主义_马克思主义者.md；1180_马克思主义中国化_前瞻.md；1215_马克思主义_学风_中国化.md,,马克思主义著作、早期介绍、中国,马克思主义哲学史（第六卷；马列著作在中国的出版；马克思主义中国化探论,25-27；213；49,是,先核验原卡片再使用,先查主题页《马克思恩格斯经典文本与哲学关系》，再在 T3/T10 中检索：马克思主义著作|早期介绍|中国,否
1288,社会主义问题 论争 哲学意义,1288_社会主义问题_论争_哲学意义.md,3,36.76,其他待人工复核,其他待人工复核,其他待人工复核/其他待人工复核.md,待人工归类,9.0,未命中已有主题页和自动主题组规则，建议人工判断,问题与主义 论争 哲学意义(42.5)；无政府主义 论争 哲学意义(40.0)；朱德 解放区战场 哲学意义(24.17)；自力更生 艰苦奋斗 哲学意义(23.95)；问题与主义 关系 论争(14.69),0146_问题与主义_论争_哲学意义.md；1289_无政府主义_论争_哲学意义.md；1329_朱德_解放区战场_哲学意义.md；1339_自力更生_艰苦奋斗_哲学意义.md；0147_问题与主义_关系_论争.md,,论争、哲学意义、社会主义问题,马克思主义哲学史（第六卷；马列著作在中国的出版；高清海先生对马克思主义哲学...理教科书的解构及其当代启示_何萍,93-84；155；9,是,可按主题页优先检索,先查主题页《其他待人工复核》，再在 T3/T10 中检索：社会主义问题|论争|哲学意义,否
1289,无政府主义 论争 哲学意义,1289_无政府主义_论争_哲学意义.md,3,40.6,传播史,早期马克思主义传播主体与传播载体,传播史/早期马克思主义传播主体与传播载体.md,低,10.0,二级自动主题组匹配：无政府主义,问题与主义 论争 哲学意义(43.46)；社会主义问题 论争 哲学意义(40.0)；无政府主义 思潮 批判(32.14)；无政府主义 理论批判 列宁(31.25)；无政府主义 绝对自由 批判(31.25),0146_问题与主义_论争_哲学意义.md；1288_社会主义问题_论争_哲学意义.md；1127_无政府主义_思潮_批判.md；0880_无政府主义_理论批判_列宁.md；1290_无政府主义_绝对自由_批判.md,,无政府主义、论争、哲学意义,马克思主义哲学史（第六卷；马克思主义中国化史；马列著作在中国的出版,93-84；未识别；155,是,先核验原卡片再使用,先查主题页《早期马克思主义传播主体与传播载体》，再在 T3/T10 中检索：无政府主义|论争|哲学意义,否
1290,无政府主义 绝对自由 批判,1290_无政府主义_绝对自由_批判.md,3,49.61,论战与思想运动,中国近代启蒙与民主革命,论战与思想运动/中国近代启蒙与民主革命.md,低,10.0,自动主题组匹配：自由,无政府主义 思潮 批判(34.62)；无政府主义 理论批判 列宁(33.33)；无政府主义 反对阶级斗争 批判(32.35)；无政府主义 论争 哲学意义(31.25),1127_无政府主义_思潮_批判.md；0880_无政府主义_理论批判_列宁.md；0035_无政府主义_反对阶级斗争_批判.md；1289_无政府主义_论争_哲学意义.md,,无政府主义、绝对自由、批判,马克思主义哲学中国化理论与历史；马克思主义哲学在中国的传播与马克思主义哲学中国化；马克思主义中国化史,224；8；未识别,是,先核验原卡片再使用,先查主题页《中国近代启蒙与民主革命》，再在 T3/T10 中检索：无政府主义|绝对自由|批判,否
1291,历史 螺旋状 前进运动,1291_历史_螺旋状_前进运动.md,3,46.2,其他待人工复核,其他待人工复核,其他待人工复核/其他待人工复核.md,待人工归类,0.0,未命中已有主题页和自动主题组规则，建议人工判断,,,,历史、螺旋状、前进运动,马克思主义哲学史（第六卷；百年中国哲学革命；马克思主义中国化史,139-141；76；未识别,是,可按主题页优先检索,先查主题页《其他待人工复核》，再在 T3/T10 中检索：历史|螺旋状|前进运动,否
1292,思想事实之母 存疑唯心论 批判,1292_思想事实之母_存疑唯心论_批判.md,2,33.4,其他待人工复核,其他待人工复核,其他待人工复核/其他待人工复核.md,待人工归类,0.0,未命中已有主题页和自动主题组规则，建议人工判断,宣传唯物论 批判唯心论 指示(5.26)；瞿秋白 东方文化派 唯心论 批判(5.0),1346_宣传唯物论_批判唯心论_指示.md；0339_瞿秋白_东方文化派_唯心论_批判.md,,思想事实之母、存疑唯心论、批判,马克思主义哲学史（第六卷；百年中国哲学革命,181-183；101-102,是,可按主题页优先检索,先查主题页《其他待人工复核》，再在 T3/T10 中检索：思想事实之母|存疑唯心论|批判,否
1293,国家主义派 超阶级国家观 批判,1293_国家主义派_超阶级国家观_批判.md,3,35.96,理论方法,阶级斗争与社会革命理论,理论方法/阶级斗争与社会革命理论.md,高,106.0,已列入原主题页重点卡片；命中主题种子词：阶级、国家,国家主义派 阶级斗争 批判(35.0)；国家主义派 国际主义 批判(33.33)；国家主义派 中国共产党 批判(32.35)；国家主义派 二元论 唯心论(30.88)；国家主义 青年(5.77),0037_国家主义派_阶级斗争_批判.md；1294_国家主义派_国际主义_批判.md；1138_国家主义派_中国共产党_批判.md；1295_国家主义派_二元论_唯心论.md；1726_国家主义_青年.md,,国家主义派、批判,马克思主义哲学史（第六卷；马克思主义中国化史；国家主义与20世纪20年代的文化、政治,186-188；未识别；3,是,可按主题页优先检索,先查主题页《阶级斗争与社会革命理论》，再在 T3/T10 中检索：国家主义派|超阶级国家观|批判,否
1294,国家主义派 国际主义 批判,1294_国家主义派_国际主义_批判.md,3,39.0,传播史,民族国家与国际关系,传播史/民族国家与国际关系.md,中,20.0,自动主题组匹配：国家、国际,国家主义派 阶级斗争 批判(33.93)；国家主义派 中国共产党 批判(33.33)；国家主义派 超阶级国家观 批判(33.33)；国家主义派 二元论 唯心论(31.67)；国际主义 民族主义 中国共产党(24.41),0037_国家主义派_阶级斗争_批判.md；1138_国家主义派_中国共产党_批判.md；1293_国家主义派_超阶级国家观_批判.md；1295_国家主义派_二元论_唯心论.md；1176_国际主义_民族主义_中国共产党.md,,国家主义派、国际主义、批判,马克思主义哲学史（第六卷；马克思主义中国化史；马克思主义中国化的历史进程,192-193；未识别；401-403,是,可按主题页优先检索,先查主题页《民族国家与国际关系》，再在 T3/T10 中检索：国家主义派|国际主义|批判,否
1295,国家主义派 二元论 唯心论,1295_国家主义派_二元论_唯心论.md,3,43.8,传播史,民族国家与国际关系,传播史/民族国家与国际关系.md,低,10.0,自动主题组匹配：国家,国家主义派 国际主义 批判(31.67)；国家主义派 阶级斗争 批判(31.25)；国家主义派 中国共产党 批判(30.88)；国家主义派 超阶级国家观 批判(30.88)；唯物论 唯心论 哲学党性(19.69),1294_国家主义派_国际主义_批判.md；0037_国家主义派_阶级斗争_批判.md；1138_国家主义派_中国共产党_批判.md；1293_国家主义派_超阶级国家观_批判.md；1576_唯物论_唯心论_哲学党性.md,,国家主义派、二元论、唯心论,马克思主义哲学史（第六卷；百年中国哲学革命；艾思奇全书（第2卷）,193-196；100-101；561-563,是,先核验原卡片再使用,先查主题页《民族国家与国际关系》，再在 T3/T10 中检索：国家主义派|二元论|唯心论,否
1296,中国国情 民主革命纲领 制订,1296_中国国情_民主革命纲领_制订.md,3,37.8,论战与思想运动,中国近代启蒙与民主革命,论战与思想运动/中国近代启蒙与民主革命.md,低,10.0,自动主题组匹配：民主,民主革命 策略(5.77),1755_民主革命_策略.md,,中国国情、民主革命纲领、制订,马克思主义哲学史（第六卷；马克思主义哲学中国化理论与历史；冯契文集第七卷中国近代哲学的革命进程,206-208；266；447,是,先核验原卡片再使用,先查主题页《中国近代启蒙与民主革命》，再在 T3/T10 中检索：中国国情|民主革命纲领|制订,否
1297,无产阶级 民主革命 领导权,1297_无产阶级_民主革命_领导权.md,3,51.99,理论方法,阶级斗争与社会革命理论,理论方法/阶级斗争与社会革命理论.md,高,118.0,已列入原主题页重点卡片；命中主题种子词：革命、无产阶级、阶级；主题词重合：无产阶级,无产阶级 资产阶级(26.25)；俄国 无产阶级(26.25)；民主革命 策略(26.25)；无产阶级 法国(26.25)；农民 无产阶级(26.25),1705_无产阶级_资产阶级.md；1712_俄国_无产阶级.md；1755_民主革命_策略.md；1764_无产阶级_法国.md；1807_农民_无产阶级.md,,无产阶级、民主革命、领导权,马克思主义哲学史（第六卷；列宁专题文集·论无产阶级政党；中国现代思想史论,218；6；172,是,可按主题页优先检索,先查主题页《阶级斗争与社会革命理论》，再在 T3/T10 中检索：无产阶级|民主革命|领导权,否
1298,社会发展 一般秩序 机械理解,1298_社会发展_一般秩序_机械理解.md,2,49.2,理论方法,哲学基本范畴与辩证法原理,理论方法/哲学基本范畴与辩证法原理.md,低,10.0,自动主题组匹配：发展,李达 社会发展 原动力(24.69),0317_李达_社会发展_原动力.md,,社会发展、一般秩序、机械理解,百年中国哲学革命；马克思主义哲学史（第六卷,118-120；234-235,是,先核验原卡片再使用,先查主题页《哲学基本范畴与辩证法原理》，再在 T3/T10 中检索：社会发展|一般秩序|机械理解,否
1299,社会科学家联盟 纲领 活动 作用,1299_社会科学家联盟_纲领_活动_作用.md,3,44.2,理论方法,自然科学哲学与科学方法,理论方法/自然科学哲学与科学方法.md,低,10.0,自动主题组匹配：科学,社会科学概论(5.36),2023_社会科学概论.md,,社会科学家联盟、活动、作用、纲领,马克思主义哲学史（第六卷；“新哲学”大众化运动研究；马克思主义哲学史教程,252-254；108；275-276,是,先核验原卡片再使用,先查主题页《自然科学哲学与科学方法》，再在 T3/T10 中检索：社会科学家联盟|纲领|活动|作用,否
1300,哲学大众化 问题 提出,1300_哲学大众化_问题_提出.md,3,50.02,新哲学大众化,新哲学大众化运动,新哲学大众化/新哲学大众化运动.md,高,119.0,已列入原主题页重点卡片；命中主题种子词：大众化、哲学大众化；主题词重合：哲学大众化；主题域增强：大众化,胡绳 哲学大众化(35.0)；哲学大众化 新哲学(35.0)；哲学大众化 艾思奇(34.09)；哲学大众化 新哲学运动(33.33)；艾思奇 大众哲学 哲学大众化(32.69),1634_胡绳_哲学大众化.md；1706_哲学大众化_新哲学.md；1746_哲学大众化_艾思奇.md；1630_哲学大众化_新哲学运动.md；0371_艾思奇_大众哲学_哲学大众化.md,,哲学大众化、问题、提出,马克思主义哲学史（第六卷；“新哲学”大众化运动研究；马克思主义哲学大众化的当代思考_郭建宁,258-259；176；1,是,可按主题页优先检索,先查主题页《新哲学大众化运动》，再在 T3/T10 中检索：哲学大众化|问题|提出,否
1301,社会学大纲 体系 深刻见解,1301_社会学大纲_体系_深刻见解.md,3,33.4,传播史,李达与马克思主义哲学体系化,传播史/李达与马克思主义哲学体系化.md,高,112.0,已列入原主题页重点卡片；命中主题种子词：社会学大纲；主题词重合：社会学大纲,社会学大纲(35.0)；社会学大纲 理论体系 整体性(32.81)；社会学大纲 理论体系 准确性(32.81)；李达 社会学大纲 学术史(31.67)；李达 现代社会学 社会学大纲(31.67),1868_社会学大纲.md；1062_社会学大纲_理论体系_整体性.md；1063_社会学大纲_理论体系_准确性.md；0268_李达_社会学大纲_学术史.md；0298_李达_现代社会学_社会学大纲.md,,社会学大纲、体系、深刻见解,马克思主义哲学史（第六卷；百年中国哲学革命；马克思主义哲学在中国：传播、应用、形态、前景,274-275；131-132；490-492,是,可按主题页优先检索,先查主题页《李达与马克思主义哲学体系化》，再在 T3/T10 中检索：社会学大纲|体系|深刻见解,否
1302,三十年代 哲学思想理论战线 论争,1302_三十年代_哲学思想理论战线_论争.md,3,35.47,苏联哲学,30年代苏联哲学批判运动,苏联哲学/30年代苏联哲学批判运动.md,高,109.0,已列入原主题页重点卡片；命中主题种子词：论争；主题词重合：论争,三十年代 理论战线 三次论战(28.82)；三十年代 上海 左翼文化工作(23.57)；马克思主义 广泛传播 三十年代(23.41)；问题与主义 论争 哲学意义(12.38)；无政府主义 论争 哲学意义(12.38),1425_三十年代_理论战线_三次论战.md；1483_三十年代_上海_左翼文化工作.md；0106_马克思主义_广泛传播_三十年代.md；0146_问题与主义_论争_哲学意义.md；1289_无政府主义_论争_哲学意义.md,,三十年代、论争,继承五四和扬弃五四；马克思主义中国化的起源语境；中国现代思想史论,31；160；64,是,可按主题页优先检索,先查主题页《30年代苏联哲学批判运动》，再在 T3/T10 中检索：三十年代|哲学思想理论战线|论争,否
1303,唯物辩证法 问题 论争,1303_唯物辩证法_问题_论争.md,3,49.2,理论方法,辩证唯物主义体系,理论方法/辩证唯物主义体系.md,高,112.0,已列入原主题页重点卡片；命中主题种子词：唯物辩证法；主题词重合：唯物辩证法,唯物辩证法 风靡全国(33.33)；唯物辩证法 风靡 起点(33.33)；唯物辩证法 风靡 前奏(33.33)；唯物辩证法 风靡 原因(33.33)；逐步改造 唯物辩证法(33.33),1026_唯物辩证法_风靡全国.md；1027_唯物辩证法_风靡_起点.md；1028_唯物辩证法_风靡_前奏.md；1030_唯物辩证法_风靡_原因.md；1052_逐步改造_唯物辩证法.md,,唯物辩证法、问题、论争,马克思主义哲学史（第六卷；马克思主义哲学史教程；马克思主义哲学中国化与中国哲学的现代转型,285-288；912-914；429-431,是,可按主题页优先检索,先查主题页《辩证唯物主义体系》，再在 T3/T10 中检索：唯物辩证法|问题|论争,否
1304,辩证法 形式逻辑 论争,1304_辩证法_形式逻辑_论争.md,3,47.4,理论方法,哲学基本范畴与辩证法原理,理论方法/哲学基本范畴与辩证法原理.md,低,10.0,自动主题组匹配：形式,辩证法 方法论 形式逻辑 技术论(43.33)；唯物辩证法 形式逻辑 分疆而治(30.71)；形式逻辑 辩证逻辑 形式论理学(27.14)；形式逻辑 对象 客观基础(25.36)；张东荪 动的逻辑 形式逻辑(25.36),1306_辩证法_方法论_形式逻辑_技术论.md；1305_唯物辩证法_形式逻辑_分疆而治.md；0408_形式逻辑_辩证逻辑_形式论理学.md；1370_形式逻辑_对象_客观基础.md；1606_张东荪_动的逻辑_形式逻辑.md,,辩证法、形式逻辑、论争,马克思主义哲学史（第六卷；中国近代哲学的革命进程；艾思奇全书（第3卷）,303-804；18-20；254-256,是,先核验原卡片再使用,先查主题页《哲学基本范畴与辩证法原理》，再在 T3/T10 中检索：辩证法|形式逻辑|论争,否
1305,唯物辩证法 形式逻辑 分疆而治,1305_唯物辩证法_形式逻辑_分疆而治.md,3,41.68,理论方法,辩证唯物主义体系,理论方法/辩证唯物主义体系.md,高,112.0,已列入原主题页重点卡片；命中主题种子词：唯物辩证法；主题词重合：唯物辩证法,唯物辩证法 风靡全国(31.25)；唯物辩证法 风靡 起点(31.25)；唯物辩证法 风靡 前奏(31.25)；唯物辩证法 风靡 原因(31.25)；逐步改造 唯物辩证法(31.25),1026_唯物辩证法_风靡全国.md；1027_唯物辩证法_风靡_起点.md；1028_唯物辩证法_风靡_前奏.md；1030_唯物辩证法_风靡_原因.md；1052_逐步改造_唯物辩证法.md,,唯物辩证法、形式逻辑、分疆而治,马克思主义哲学在中国：传播、应用、形态、前景；张东荪-唯物辩证法论战；马克思主义哲学史（第六卷,135-137；38；305,是,可按主题页优先检索,先查主题页《辩证唯物主义体系》，再在 T3/T10 中检索：唯物辩证法|形式逻辑|分疆而治,否
1306,辩证法 方法论 形式逻辑 技术论,1306_辩证法_方法论_形式逻辑_技术论.md,3,55.38,新哲学大众化,思想方法与世界观教育,新哲学大众化/思想方法与世界观教育.md,高,109.0,已列入原主题页重点卡片；命中主题种子词：方法论；主题词重合：方法论,辩证法 形式逻辑 论争(43.33)；唯物辩证法 形式逻辑 分疆而治(26.58)；形式逻辑 辩证逻辑 形式论理学(25.56)；形式逻辑 对象 客观基础(24.17)；张东荪 动的逻辑 形式逻辑(24.17),1304_辩证法_形式逻辑_论争.md；1305_唯物辩证法_形式逻辑_分疆而治.md；0408_形式逻辑_辩证逻辑_形式论理学.md；1370_形式逻辑_对象_客观基础.md；1606_张东荪_动的逻辑_形式逻辑.md,,辩证法、方法论、形式逻辑、技术论,马克思主义哲学史（第六卷；毛泽东哲学批注集：辩证法唯物论教程批注 (毛泽东)；百年中国哲学革命,306-307；525；58-59,是,可按主题页优先检索,先查主题页《思想方法与世界观教育》，再在 T3/T10 中检索：辩证法|方法论|形式逻辑|技术论,否
1307,红色政权 存在发展 客观依据,1307_红色政权_存在发展_客观依据.md,2,37.5,理论方法,哲学基本范畴与辩证法原理,理论方法/哲学基本范畴与辩证法原理.md,中,20.0,自动主题组匹配：发展、客观,红色政权 理论 毛泽东(24.69)；社会主义 商品经济 客观依据(23.95)；马克思主义哲学中国化 客观依据(23.57),0535_红色政权_理论_毛泽东.md；1261_社会主义_商品经济_客观依据.md；1055_马克思主义哲学中国化_客观依据.md,,红色政权、客观依据、存在发展,马克思主义哲学史（第六卷；《实践论》和《矛盾论》对马克思主义哲学中国化的启示_许全兴,312-31；2,是,可按主题页优先检索,先查主题页《哲学基本范畴与辩证法原理》，再在 T3/T10 中检索：红色政权|存在发展|客观依据,否
1308,中国革命 胜利 中国情况,1308_中国革命_胜利_中国情况.md,3,49.16,中国化,毛泽东哲学与中国革命经验,中国化/毛泽东哲学与中国革命经验.md,低,13.0,自动主题组匹配：中国革命,十月革命 中国革命 影响(25.77)；一步走 两步走 中国革命(25.77)；俄国革命经验 中国革命 套用(25.36)；中国革命 性质 前途 研判(25.36)；农民问题 中国革命 毛泽东(25.0),0844_十月革命_中国革命_影响.md；1174_一步走_两步走_中国革命.md；0850_俄国革命经验_中国革命_套用.md；1139_中国革命_性质_前途_研判.md；0582_农民问题_中国革命_毛泽东.md,,中国革命、胜利、中国情况,马克思主义哲学中国化理论与历史；二十世纪上半叶马克思主义哲学中国化之检视_王玉平；马克思主义中国化探论,458；150；121,是,先核验原卡片再使用,先查主题页《毛泽东哲学与中国革命经验》，再在 T3/T10 中检索：中国革命|胜利|中国情况,否
1309,从斗争中 创造新局面 思想路线,1309_从斗争中_创造新局面_思想路线.md,3,53.47,中国化,实事求是与群众路线,中国化/实事求是与群众路线.md,高,112.0,已列入原主题页重点卡片；命中主题种子词：思想路线；主题词重合：思想路线,实事求是 思想路线 延安(24.17)；思想路线 政治路线 组织路线(24.17)；克服主观主义 实事求是 思想路线(23.41),0597_实事求是_思想路线_延安.md；1375_思想路线_政治路线_组织路线.md；0546_克服主观主义_实事求是_思想路线.md,,从斗争中、创造新局面、思想路线,马克思主义哲学史（第六卷；二十世纪上半叶马克思主义哲学中国化之检视_王玉平；百年中国哲学革命,318-320；149；328-331,是,可按主题页优先检索,先查主题页《实事求是与群众路线》，再在 T3/T10 中检索：从斗争中|创造新局面|思想路线,否
1310,民族矛盾 阶级矛盾 新变化,1310_民族矛盾_阶级矛盾_新变化.md,3,38.74,理论方法,哲学基本范畴与辩证法原理,理论方法/哲学基本范畴与辩证法原理.md,低,10.0,自动主题组匹配：矛盾,民族矛盾 阶级矛盾 统一战线(51.54)；中国哲学史研究 新中国 新变化(17.78)；民族资产阶级 矛盾 性质(7.14)；过渡时期 工人阶级 民族资产阶级 矛盾(5.26)；帝国主义 中华民族 矛盾(5.0),1330_民族矛盾_阶级矛盾_统一战线.md；0718_中国哲学史研究_新中国_新变化.md；1360_民族资产阶级_矛盾_性质.md；0680_过渡时期_工人阶级_民族资产阶级_矛盾.md；1501_帝国主义_中华民族_矛盾.md,,民族矛盾、阶级矛盾、新变化,马克思主义哲学史（第六卷；“新哲学”大众化运动研究；马克思主义哲学中国化理论与历史,329-331；230；522,是,先核验原卡片再使用,先查主题页《哲学基本范畴与辩证法原理》，再在 T3/T10 中检索：民族矛盾|阶级矛盾|新变化,否
1311,中国革命 不平衡性 长期性,1311_中国革命_不平衡性_长期性.md,3,42.6,中国化,毛泽东哲学与中国革命经验,中国化/毛泽东哲学与中国革命经验.md,低,13.0,自动主题组匹配：中国革命,十月革命 中国革命 影响(25.0)；一步走 两步走 中国革命(25.0)；中国革命 胜利 中国情况(25.0)；俄国革命经验 中国革命 套用(24.69)；中国革命 性质 前途 研判(24.69),0844_十月革命_中国革命_影响.md；1174_一步走_两步走_中国革命.md；1308_中国革命_胜利_中国情况.md；0850_俄国革命经验_中国革命_套用.md；1139_中国革命_性质_前途_研判.md,,中国革命、不平衡性、长期性,马克思主义哲学史（第六卷；一本教科书、一个时代、一种...学原理教科书的再思考(下)_何萍；马克思主义中国化史,331-333；5；未识别,是,先核验原卡片再使用,先查主题页《毛泽东哲学与中国革命经验》，再在 T3/T10 中检索：中国革命|不平衡性|长期性,否
1312,战争指导规律 特点 发展,1312_战争指导规律_特点_发展.md,3,47.69,理论方法,哲学基本范畴与辩证法原理,理论方法/哲学基本范畴与辩证法原理.md,中,20.0,自动主题组匹配：发展、规律,中国革命战争 特点 规律(15.0)；新中国成立后 马克思主义哲学发展 特点(12.17)；瞿秋白 东西文化 特点(11.56)；毛泽东 调查研究 特点(11.56)；唯物史观 传播热潮 特点(11.47),1315_中国革命战争_特点_规律.md；0661_新中国成立后_马克思主义哲学发展_特点.md；0340_瞿秋白_东西文化_特点.md；0586_毛泽东_调查研究_特点.md；0065_唯物史观_传播热潮_特点.md,,战争指导规律、特点、发展,马克思主义哲学史（第六卷；马克思主义哲学在中国传播与发展的百年历史（下）；中国现代思想史论,834-336；464-466；178,是,可按主题页优先检索,先查主题页《哲学基本范畴与辩证法原理》，再在 T3/T10 中检索：战争指导规律|特点|发展,否
1313,战争规律 目的 消灭战争,1313_战争规律_目的_消灭战争.md,2,39.0,理论方法,哲学基本范畴与辩证法原理,理论方法/哲学基本范畴与辩证法原理.md,低,10.0,自动主题组匹配：规律,,,,战争规律、目的、消灭战争,马克思主义哲学史（第六卷；二十世纪上半叶马克思主义哲学中国化之检视_王玉平,336-337；162,是,先核验原卡片再使用,先查主题页《哲学基本范畴与辩证法原理》，再在 T3/T10 中检索：战争规律|目的|消灭战争,否
1314,战争 全局 局部 相互关系,1314_战争_全局_局部_相互关系.md,3,61.0,传播史,民族国家与国际关系,传播史/民族国家与国际关系.md,低,10.0,自动主题组匹配：战争,战争 政治 经济 关系(13.57)；战争 主观 客观 关系(13.57)；战争 政治 革命(11.92)；帝国主义 战争(11.92)；科学 玄学 战争 历史(11.67),1216_战争_政治_经济_关系.md；1322_战争_主观_客观_关系.md；1323_战争_政治_革命.md；1720_帝国主义_战争.md；0205_科学_玄学_战争_历史.md,,战争、全局、局部、相互关系,马克思主义哲学史（第六卷；马克思主义哲学在中国传播与发展的百年历史（下）；胡绳全书（第四卷）,337-339；464-466；412-414,是,先核验原卡片再使用,先查主题页《民族国家与国际关系》，再在 T3/T10 中检索：战争|全局|局部|相互关系,否
1315,中国革命战争 特点 规律,1315_中国革命战争_特点_规律.md,3,54.0,中国化,毛泽东哲学与中国革命经验,中国化/毛泽东哲学与中国革命经验.md,低,13.0,自动主题组匹配：中国革命,反对本本主义 中国革命战争 战略问题(36.58)；中国革命 道路 特点 毛泽东(16.67)；中国革命 根源 任务 性质 特点(16.25)；战争指导规律 特点 发展(15.0)；新中国成立后 马克思主义哲学发展 特点(12.17),1427_反对本本主义_中国革命战争_战略问题.md；0616_中国革命_道路_特点_毛泽东.md；1115_中国革命_根源_任务_性质_特点.md；1312_战争指导规律_特点_发展.md；0661_新中国成立后_马克思主义哲学发展_特点.md,,中国革命战争、特点、规律,马克思主义哲学在中国传播与发展的百年历史（下）；马克思主义哲学史（第六卷；马克思主义哲学的中国化及其历程,464-466；343-346；200-203,是,先核验原卡片再使用,先查主题页《毛泽东哲学与中国革命经验》，再在 T3/T10 中检索：中国革命战争|特点|规律,否
1316,刘少奇 白区工作 政策策略 辩证法,1316_刘少奇_白区工作_政策策略_辩证法.md,3,55.4,中国化,中国革命道路与党的思想建设,中国化/中国革命道路与党的思想建设.md,中,26.0,二级自动主题组匹配：刘少奇、白区工作、策略,进攻 防御 辩证法(17.94)；持久 速决 辩证法(17.94)；内线 外线 辩证法(17.94)；主动 被动 辩证法(17.94)；辩证法 中国 进展(17.94),1325_进攻_防御_辩证法.md；1326_持久_速决_辩证法.md；1327_内线_外线_辩证法.md；1328_主动_被动_辩证法.md；1401_辩证法_中国_进展.md,,刘少奇、白区工作、政策策略、辩证法,马克思主义哲学史（第六卷；艾思奇全书（第3卷）；马克思主义中国化的起源语境,351-352；253-254；151,是,可按主题页优先检索,先查主题页《中国革命道路与党的思想建设》，再在 T3/T10 中检索：刘少奇|白区工作|政策策略|辩证法,否
1317,党内矛盾 斗争 方针方法,1317_党内矛盾_斗争_方针方法.md,3,34.44,理论方法,哲学基本范畴与辩证法原理,理论方法/哲学基本范畴与辩证法原理.md,低,10.0,自动主题组匹配：矛盾,斗争 资产阶级(11.92)；工人阶级 斗争(11.92)；恩格斯 观念论 斗争(11.67)；团结 斗争 实力基础(11.67)；哲学本身 斗争 发展(11.67),1717_斗争_资产阶级.md；1778_工人阶级_斗争.md；0424_恩格斯_观念论_斗争.md；1173_团结_斗争_实力基础.md；1575_哲学本身_斗争_发展.md,,党内矛盾、斗争,马克思主义哲学史（第六卷；中国马克思主义学术史纲；列宁选集第四卷_2012,359-360；132-134；11,是,先核验原卡片再使用,先查主题页《哲学基本范畴与辩证法原理》，再在 T3/T10 中检索：党内矛盾|斗争|方针方法,否
1318,认识发展 总规律 科学概括,1318_认识发展_总规律_科学概括.md,3,43.2,理论方法,哲学基本范畴与辩证法原理,理论方法/哲学基本范畴与辩证法原理.md,中,30.0,自动主题组匹配：发展、规律、认识,,,,认识发展、总规律、科学概括,马克思主义哲学史（第六卷；马克思主义哲学在中国：传播、应用、形态、前景；马克思主义哲学中国化与中国道路的哲学表达,388；421-423；5,是,可按主题页优先检索,先查主题页《哲学基本范畴与辩证法原理》，再在 T3/T10 中检索：认识发展|总规律|科学概括,否
1319,矛盾 同一性 斗争性,1319_矛盾_同一性_斗争性.md,3,54.0,理论方法,哲学基本范畴与辩证法原理,理论方法/哲学基本范畴与辩证法原理.md,低,10.0,自动主题组匹配：矛盾,思维与存在 同一性 争论(18.57)；思维与存在 同一性 讨论(18.57)；矛盾 发展 运动(12.27)；矛盾 两方面 统一(12.08)；李大钊 矛盾 对抗 调和(11.79),1042_思维与存在_同一性_争论.md；1365_思维与存在_同一性_讨论.md；1467_矛盾_发展_运动.md；1561_矛盾_两方面_统一.md；0350_李大钊_矛盾_对抗_调和.md,,矛盾、同一性、斗争性,马克思主义哲学史（第六卷；马克思主义中国化史；马克思主义哲学史,403-406；未识别；271-272,是,先核验原卡片再使用,先查主题页《哲学基本范畴与辩证法原理》，再在 T3/T10 中检索：矛盾|同一性|斗争性,否
1320,抗日战争 马克思主义哲学 中国化,1320_抗日战争_马克思主义哲学_中国化.md,3,59.25,理论方法,马克思恩格斯经典文本与哲学关系,理论方法/马克思恩格斯经典文本与哲学关系.md,低,10.0,自动主题组匹配：马克思,抗日战争 解放战争 马克思主义哲学 中国化(90.31)；李达 马克思主义哲学 中国化(65.0)；马克思主义哲学 中国化 历程(65.0)；马克思主义哲学 中国化 定义(65.0)；毛泽东 马克思主义哲学 中国化(64.06),1428_抗日战争_解放战争_马克思主义哲学_中国化.md；0301_李达_马克思主义哲学_中国化.md；1413_马克思主义哲学_中国化_历程.md；1414_马克思主义哲学_中国化_定义.md；0615_毛泽东_马克思主义哲学_中国化.md,,抗日战争、马克思主义哲学、中国化,马克思主义哲学的中国化及其历程；马克思主义哲学中国化理论与历史；马克思主义哲学中国化的历史进程,212；352；6,是,先核验原卡片再使用,先查主题页《马克思恩格斯经典文本与哲学关系》，再在 T3/T10 中检索：抗日战争|马克思主义哲学|中国化,否
1321,亡国论 速胜论 认识论根源,1321_亡国论_速胜论_认识论根源.md,3,47.4,理论方法,实践观点与认识论,理论方法/实践观点与认识论.md,高,103.0,已列入原主题页重点卡片；命中主题种子词：认识论,亡国论 速胜论 批判(40.42)；唯物论 认识论 反映(5.36)；毛泽东 实践论 认识论(5.0),1218_亡国论_速胜论_批判.md；1537_唯物论_认识论_反映.md；1686_毛泽东_实践论_认识论.md,,亡国论、速胜论、认识论根源,马克思主义哲学史（第六卷；认识世界和认识自己；马克思主义哲学中国化理论与历史,422-423；11；469,是,可按主题页优先检索,先查主题页《实践观点与认识论》，再在 T3/T10 中检索：亡国论|速胜论|认识论根源,否
1322,战争 主观 客观 关系,1322_战争_主观_客观_关系.md,3,51.6,理论方法,哲学基本范畴与辩证法原理,理论方法/哲学基本范畴与辩证法原理.md,中,20.0,自动主题组匹配：主观、客观,知行 主观 客观 关系(23.89)；战争 政治 经济 关系(14.17)；战争 全局 局部 相互关系(13.57)；战争 政治 革命(12.27)；帝国主义 战争(12.27),1506_知行_主观_客观_关系.md；1216_战争_政治_经济_关系.md；1314_战争_全局_局部_相互关系.md；1323_战争_政治_革命.md；1720_帝国主义_战争.md,,战争、主观、客观、关系,马克思主义哲学史（第六卷；马克思主义哲学的中国化及其历程；百年中国哲学革命,429-481；203-204；253-255,是,可按主题页优先检索,先查主题页《哲学基本范畴与辩证法原理》，再在 T3/T10 中检索：战争|主观|客观|关系,否
1323,战争 政治 革命,1323_战争_政治_革命.md,3,51.0,传播史,民族国家与国际关系,传播史/民族国家与国际关系.md,低,10.0,自动主题组匹配：战争,战争 政治 经济 关系(18.33)；帝国主义 战争(12.78)；科学 玄学 战争 历史(12.27)；战争 主观 客观 关系(12.27)；战争 全局 局部 相互关系(11.92),1216_战争_政治_经济_关系.md；1720_帝国主义_战争.md；0205_科学_玄学_战争_历史.md；1322_战争_主观_客观_关系.md；1314_战争_全局_局部_相互关系.md,,战争、政治、革命,马克思主义哲学史（第六卷；马克思主义哲学在中国传播与发展的百年历史（下）；马克思主义中国化史,336-337；462-464；未识别,是,先核验原卡片再使用,先查主题页《民族国家与国际关系》，再在 T3/T10 中检索：战争|政治|革命,否
1324,人民战争 战略战术 辩证法,1324_人民战争_战略战术_辩证法.md,3,42.0,传播史,民族国家与国际关系,传播史/民族国家与国际关系.md,低,10.0,自动主题组匹配：战争,人民战争 战略战术 原则(54.58)；战略战术 辩证法 毛泽东(46.54)；红军游击战争 战略战术 哲学(27.81)；人民战争 思想 毛泽东(25.0)；进攻 防御 辩证法(18.57),1217_人民战争_战略战术_原则.md；0587_战略战术_辩证法_毛泽东.md；1204_红军游击战争_战略战术_哲学.md；0557_人民战争_思想_毛泽东.md；1325_进攻_防御_辩证法.md,,人民战争、战略战术、辩证法,马克思主义哲学史（第六卷；马克思主义哲学在中国传播与发展的百年历史（下）；艾思奇全书（第2卷）,437；468-470；726-729,是,先核验原卡片再使用,先查主题页《民族国家与国际关系》，再在 T3/T10 中检索：人民战争|战略战术|辩证法,否
1325,进攻 防御 辩证法,1325_进攻_防御_辩证法.md,3,46.09,中国化,毛泽东军事辩证法与战略思想,中国化/毛泽东军事辩证法与战略思想.md,低,10.0,二级自动主题组匹配：进攻 防御,防御 进攻 军事辩证法(30.0)；持久 速决 辩证法(20.0)；内线 外线 辩证法(20.0)；主动 被动 辩证法(20.0)；辩证法 中国 进展(20.0),1222_防御_进攻_军事辩证法.md；1326_持久_速决_辩证法.md；1327_内线_外线_辩证法.md；1328_主动_被动_辩证法.md；1401_辩证法_中国_进展.md,,进攻、防御、辩证法,马克思主义哲学史（第六卷；毛泽东哲学批注集：辩证法唯物论教程批注 (毛泽东)；艾思奇全书（第2卷）,437-438；91；710-712,是,先核验原卡片再使用,先查主题页《毛泽东军事辩证法与战略思想》，再在 T3/T10 中检索：进攻|防御|辩证法,否
1326,持久 速决 辩证法,1326_持久_速决_辩证法.md,3,44.2,中国化,毛泽东军事辩证法与战略思想,中国化/毛泽东军事辩证法与战略思想.md,低,10.0,二级自动主题组匹配：持久 速决,进攻 防御 辩证法(20.0)；内线 外线 辩证法(20.0)；主动 被动 辩证法(20.0)；辩证法 中国 进展(20.0)；相对 绝对 辩证法(20.0),1325_进攻_防御_辩证法.md；1327_内线_外线_辩证法.md；1328_主动_被动_辩证法.md；1401_辩证法_中国_进展.md；1562_相对_绝对_辩证法.md,,持久、速决、辩证法,马克思主义哲学史（第六卷；艾思奇全书（第2卷）；中国近代哲学的革命进程,438-439；586-589；595-599,是,先核验原卡片再使用,先查主题页《毛泽东军事辩证法与战略思想》，再在 T3/T10 中检索：持久|速决|辩证法,否
1327,内线 外线 辩证法,1327_内线_外线_辩证法.md,2,44.2,中国化,毛泽东军事辩证法与战略思想,中国化/毛泽东军事辩证法与战略思想.md,低,10.0,二级自动主题组匹配：内线 外线,内线 外线 军事辩证法(33.89)；进攻 防御 辩证法(20.0)；持久 速决 辩证法(20.0)；主动 被动 辩证法(20.0)；辩证法 中国 进展(20.0),1221_内线_外线_军事辩证法.md；1325_进攻_防御_辩证法.md；1326_持久_速决_辩证法.md；1328_主动_被动_辩证法.md；1401_辩证法_中国_进展.md,,内线、外线、辩证法,马克思主义哲学史（第六卷；马克思主义哲学史,439-440；47,是,先核验原卡片再使用,先查主题页《毛泽东军事辩证法与战略思想》，再在 T3/T10 中检索：内线|外线|辩证法,否
1328,主动 被动 辩证法,1328_主动_被动_辩证法.md,3,44.57,中国化,毛泽东军事辩证法与战略思想,中国化/毛泽东军事辩证法与战略思想.md,低,10.0,二级自动主题组匹配：主动 被动,主动 被动 军事辩证法(33.89)；进攻 防御 辩证法(20.0)；持久 速决 辩证法(20.0)；内线 外线 辩证法(20.0)；辩证法 中国 进展(20.0),1220_主动_被动_军事辩证法.md；1325_进攻_防御_辩证法.md；1326_持久_速决_辩证法.md；1327_内线_外线_辩证法.md；1401_辩证法_中国_进展.md,,主动、被动、辩证法,马克思主义哲学史（第六卷；马恩文集第四卷（1884-1895）；马恩文集第九卷（反杜林论 自然辩证法）,609-612；763；486,是,先核验原卡片再使用,先查主题页《毛泽东军事辩证法与战略思想》，再在 T3/T10 中检索：主动|被动|辩证法,否
1329,朱德 解放区战场 哲学意义,1329_朱德_解放区战场_哲学意义.md,1,41.4,中国化,毛泽东军事辩证法与战略思想,中国化/毛泽东军事辩证法与战略思想.md,低,10.0,二级自动主题组匹配：解放区战场,问题与主义 论争 哲学意义(24.41)；无政府主义 论争 哲学意义(24.41)；社会主义问题 论争 哲学意义(24.17)；自力更生 艰苦奋斗 哲学意义(24.17),0146_问题与主义_论争_哲学意义.md；1289_无政府主义_论争_哲学意义.md；1288_社会主义问题_论争_哲学意义.md；1339_自力更生_艰苦奋斗_哲学意义.md,,朱德、解放区战场、哲学意义,马克思主义哲学史（第六卷,447,是,先核验原卡片再使用,先查主题页《毛泽东军事辩证法与战略思想》，再在 T3/T10 中检索：朱德|解放区战场|哲学意义,否
1330,民族矛盾 阶级矛盾 统一战线,1330_民族矛盾_阶级矛盾_统一战线.md,3,41.8,理论方法,哲学基本范畴与辩证法原理,理论方法/哲学基本范畴与辩证法原理.md,低,10.0,自动主题组匹配：矛盾,民族矛盾 阶级矛盾 新变化(51.54)；利用矛盾 统一战线 意义(28.93)；统一战线 理论 认识深化(24.69)；力量对比 统一战线 必要(24.69)；统一战线 独立自主 统一 独立(24.69),1310_民族矛盾_阶级矛盾_新变化.md；1172_利用矛盾_统一战线_意义.md；1133_统一战线_理论_认识深化.md；1169_力量对比_统一战线_必要.md；1331_统一战线_独立自主_统一_独立.md,,民族矛盾、阶级矛盾、统一战线,马克思主义哲学史（第六卷；马克思主义中国化史；“新哲学”大众化运动研究,452-454；未识别；230,是,先核验原卡片再使用,先查主题页《哲学基本范畴与辩证法原理》，再在 T3/T10 中检索：民族矛盾|阶级矛盾|统一战线,否
1331,统一战线 独立自主 统一 独立,1331_统一战线_独立自主_统一_独立.md,3,65.6,中国化,中国革命道路与党的思想建设,中国化/中国革命道路与党的思想建设.md,中,20.0,二级自动主题组匹配：统一战线、独立自主,独立自主 毛泽东思想(25.36)；统一战线 理论 认识深化(25.0)；力量对比 统一战线 必要(25.0)；利用矛盾 统一战线 意义(25.0)；民族矛盾 阶级矛盾 统一战线(24.69),0493_独立自主_毛泽东思想.md；1133_统一战线_理论_认识深化.md；1169_力量对比_统一战线_必要.md；1172_利用矛盾_统一战线_意义.md；1330_民族矛盾_阶级矛盾_统一战线.md,,统一战线、独立自主、统一、独立,马克思主义哲学史（第六卷；童稚集；胡绳全书.第7卷,455-457；252-253；470,是,可按主题页优先检索,先查主题页《中国革命道路与党的思想建设》，再在 T3/T10 中检索：统一战线|独立自主|统一|独立,否
1332,发展进步势力 争取中间势力 反对顽固势力,1332_发展进步势力_争取中间势力_反对顽固势力.md,3,49.8,理论方法,哲学基本范畴与辩证法原理,理论方法/哲学基本范畴与辩证法原理.md,低,10.0,自动主题组匹配：发展,,,,发展进步势力、争取中间势力、反对顽固势力,马克思主义哲学史（第六卷；马克思主义中国化史；马克思主义中国化的历史进程,457-460；未识别；50-52,是,先核验原卡片再使用,先查主题页《哲学基本范畴与辩证法原理》，再在 T3/T10 中检索：发展进步势力|争取中间势力|反对顽固势力,否
1333,利用矛盾 争取多数 反对少数,1333_利用矛盾_争取多数_反对少数.md,3,43.8,理论方法,哲学基本范畴与辩证法原理,理论方法/哲学基本范畴与辩证法原理.md,低,10.0,自动主题组匹配：矛盾,利用矛盾 统一战线 意义(24.41),1172_利用矛盾_统一战线_意义.md,,利用矛盾、争取多数、反对少数,马克思主义哲学史（第六卷；马克思主义中国化的历史进程；马克思主义中国化史,460-451；186-190；未识别,是,先核验原卡片再使用,先查主题页《哲学基本范畴与辩证法原理》，再在 T3/T10 中检索：利用矛盾|争取多数|反对少数,否
1334,两条战线 反对左 右倾向,1334_两条战线_反对左_右倾向.md,2,36.7,中国化,中国革命道路与党的思想建设,中国化/中国革命道路与党的思想建设.md,低,18.0,二级自动主题组匹配：两条战线、右倾,,,,两条战线、反对左,冯契文集第七卷中国近代哲学的革命进程；米丁-辩证唯物论与历史唯物论-上-rightToLeft,443；230,是,先核验原卡片再使用,先查主题页《中国革命道路与党的思想建设》，再在 T3/T10 中检索：两条战线|反对左|右倾向,否
1335,马克思主义 中国化 现实化,1335_马克思主义_中国化_现实化.md,3,59.0,理论方法,马克思恩格斯经典文本与哲学关系,理论方法/马克思恩格斯经典文本与哲学关系.md,低,10.0,自动主题组匹配：马克思,教条化 马克思主义 中国化(28.46)；马克思主义 中国化 漫长 曲折(27.5)；马克思主义 学风 中国化(26.54)；李达 马克思主义哲学 中国化(25.0)；马克思主义哲学 中国化 历程(25.0),1435_教条化_马克思主义_中国化.md；1398_马克思主义_中国化_漫长_曲折.md；1215_马克思主义_学风_中国化.md；0301_李达_马克思主义哲学_中国化.md；1413_马克思主义哲学_中国化_历程.md,,马克思主义、中国化、现实化,马克思主义哲学在中国：传播、应用、形态、前景；中国马克思主义学术史纲；百年中国哲学革命,436-439；49-52；161-163,是,先核验原卡片再使用,先查主题页《马克思恩格斯经典文本与哲学关系》，再在 T3/T10 中检索：马克思主义|中国化|现实化,否
1336,中国化 民族形式 马克思主义哲学,1336_中国化_民族形式_马克思主义哲学.md,3,59.62,中国哲学传统,中国作风中国气派与马克思主义哲学,中国哲学传统/中国作风中国气派与马克思主义哲学.md,高,112.0,已列入原主题页重点卡片；命中主题种子词：民族形式；主题词重合：民族形式,民族形式 马克思主义哲学(74.23)；马克思主义哲学 民族形式 民族风格(68.24)；李达 马克思主义哲学 中国化(62.5)；马克思主义哲学 中国化 历程(62.5)；马克思主义哲学 中国化 定义(62.5),1438_民族形式_马克思主义哲学.md；1023_马克思主义哲学_民族形式_民族风格.md；0301_李达_马克思主义哲学_中国化.md；1413_马克思主义哲学_中国化_历程.md；1414_马克思主义哲学_中国化_定义.md,,中国化、民族形式、马克思主义哲学,二十世纪上半叶马克思主义哲学中国化之检视_王玉平；马克思主义哲学中国化理论与历史；马克思主义哲学中国化研究的问题与视野_何萍,221；26；1,是,可按主题页优先检索,先查主题页《中国作风中国气派与马克思主义哲学》，再在 T3/T10 中检索：中国化|民族形式|马克思主义哲学,否
1337,整风 学风 党风 文风,1337_整风_学风_党风_文风.md,3,46.64,中国化,中国革命道路与党的思想建设,中国化/中国革命道路与党的思想建设.md,中,32.0,二级自动主题组匹配：整风、学风、党风、文风,理论与实际 统一 学风(11.79)；马克思主义 学风 中国化(11.67),1214_理论与实际_统一_学风.md；1215_马克思主义_学风_中国化.md,,整风、学风、党风、文风,艾思奇全书（第3卷）；马克思主义中国化史；马克思主义哲学中国化理论与历史,539-511；未识别；45,是,可按主题页优先检索,先查主题页《中国革命道路与党的思想建设》，再在 T3/T10 中检索：整风|学风|党风|文风,否
1338,主观主义 教条主义 经验主义,1338_主观主义_教条主义_经验主义.md,3,51.91,苏联哲学,苏联哲学教条化与斯大林,苏联哲学/苏联哲学教条化与斯大林.md,高,112.0,已列入原主题页重点卡片；命中主题种子词：教条主义；主题词重合：教条主义,主观主义 教条主义 批判(53.64)；主观主义 经验主义 批判(53.64)；经验主义 主观主义 批判(50.42)；苏联哲学 教条主义 经验教训(28.33)；民粹主义 主观主义 批判(25.36),1211_主观主义_教条主义_批判.md；1464_主观主义_经验主义_批判.md；1212_经验主义_主观主义_批判.md；0807_苏联哲学_教条主义_经验教训.md；1588_民粹主义_主观主义_批判.md,,主观主义、教条主义、经验主义,艾思奇全书（第3卷）；马克思主义哲学中国化理论与历史；马列著作在中国的出版,539-511；507；195,是,可按主题页优先检索,先查主题页《苏联哲学教条化与斯大林》，再在 T3/T10 中检索：主观主义|教条主义|经验主义,否
1339,自力更生 艰苦奋斗 哲学意义,1339_自力更生_艰苦奋斗_哲学意义.md,2,38.57,其他待人工复核,其他待人工复核,其他待人工复核/其他待人工复核.md,待人工归类,0.0,未命中已有主题页和自动主题组规则，建议人工判断,问题与主义 论争 哲学意义(24.17)；无政府主义 论争 哲学意义(24.17)；朱德 解放区战场 哲学意义(24.17)；社会主义问题 论争 哲学意义(23.95),0146_问题与主义_论争_哲学意义.md；1289_无政府主义_论争_哲学意义.md；1329_朱德_解放区战场_哲学意义.md；1288_社会主义问题_论争_哲学意义.md,,自力更生、艰苦奋斗,延安时期知识分子群体与马克思主义哲学大众化郭 - 2015 -；马克思主义哲学史,182；402-403,是,可按主题页优先检索,先查主题页《其他待人工复核》，再在 T3/T10 中检索：自力更生|艰苦奋斗|哲学意义,否
1340,建国初期 马克思主义哲学 学习宣传,1340_建国初期_马克思主义哲学_学习宣传.md,3,44.33,理论方法,马克思恩格斯经典文本与哲学关系,理论方法/马克思恩格斯经典文本与哲学关系.md,低,10.0,自动主题组匹配：马克思,马克思主义哲学 学习 新局面(46.76)；陈独秀 马克思主义哲学 宣传(44.72)；瞿秋白 马克思主义哲学 宣传(44.72)；马克思主义哲学 学科化 问题(44.72)；五四时期 马克思主义哲学 传播(44.21),1341_马克思主义哲学_学习_新局面.md；0306_陈独秀_马克思主义哲学_宣传.md；0310_瞿秋白_马克思主义哲学_宣传.md；0936_马克思主义哲学_学科化_问题.md；0143_五四时期_马克思主义哲学_传播.md,,建国初期、马克思主义哲学,马克思主义哲学中国化与中国道路的哲学表达；“新哲学”大众化运动研究；马克思主义哲学史,4；162；12-13,是,先核验原卡片再使用,先查主题页《马克思恩格斯经典文本与哲学关系》，再在 T3/T10 中检索：建国初期|马克思主义哲学|学习宣传,否
1341,马克思主义哲学 学习 新局面,1341_马克思主义哲学_学习_新局面.md,3,51.96,理论方法,马克思恩格斯经典文本与哲学关系,理论方法/马克思恩格斯经典文本与哲学关系.md,低,10.0,自动主题组匹配：马克思,马克思主义哲学 大众学习 新中国(47.5)；建国初期 马克思主义哲学 学习宣传(46.76)；马克思主义哲学 学科化 问题(46.67)；马克思主义哲学 中国哲学(45.71)；瞿秋白 马克思主义哲学 学术贡献(45.29),0662_马克思主义哲学_大众学习_新中国.md；1340_建国初期_马克思主义哲学_学习宣传.md；0936_马克思主义哲学_学科化_问题.md；1823_马克思主义哲学_中国哲学.md；0265_瞿秋白_马克思主义哲学_学术贡献.md,,马克思主义哲学、学习、新局面,马克思主义哲学史；“和生活打成一片”——艾思奇是怎样进行马克思主义哲学大众化的_李勰；马克思主义哲学在中国：传播、应用、形态、前景,2-3；3；156-158,是,先核验原卡片再使用,先查主题页《马克思恩格斯经典文本与哲学关系》，再在 T3/T10 中检索：马克思主义哲学|学习|新局面,否
1342,社会发展史 历史唯物主义 学习运动,1342_社会发展史_历史唯物主义_学习运动.md,3,46.8,理论方法,哲学基本范畴与辩证法原理,理论方法/哲学基本范畴与辩证法原理.md,低,14.0,自动主题组匹配：发展,社会发展史 历史唯物主义 宣传(70.62)；社会发展史 历史唯物论 学习(39.06)；历史唯物主义 辩证唯物主义(37.35)；历史唯物主义 研讨 争论(36.94)；历史唯物主义 辩证唯物主义 列宁(36.58),1223_社会发展史_历史唯物主义_宣传.md；1036_社会发展史_历史唯物论_学习.md；1707_历史唯物主义_辩证唯物主义.md；0978_历史唯物主义_研讨_争论.md；1800_历史唯物主义_辩证唯物主义_列宁.md,,社会发展史、历史唯物主义、学习运动,马克思主义哲学史；《大众哲学》_马克思主义哲学大众化的经典范本_张立波；延安时期知识分子群体与马克思主义哲学大众化郭 - 2015 -,3-5；8；155,是,先核验原卡片再使用,先查主题页《哲学基本范畴与辩证法原理》，再在 T3/T10 中检索：社会发展史|历史唯物主义|学习运动,否
1343,马列学院 哲学教学 经验,1343_马列学院_哲学教学_经验.md,3,59.8,学科史,哲学教学与学术制度建设,学科史/哲学教学与学术制度建设.md,中,20.0,二级自动主题组匹配：马列学院、哲学教学,马列学院 哲学教学 经验总结(60.45)；实际 经验 理论(11.92)；经验 马赫主义(11.92)；唯物论 几段杂记 实际 经验 理论(11.25)；马克思主义中国化 历史进程 经验(11.19),1037_马列学院_哲学教学_经验总结.md；1540_实际_经验_理论.md；1762_经验_马赫主义.md；1541_唯物论_几段杂记_实际_经验_理论.md；1802_马克思主义中国化_历史进程_经验.md,,马列学院、哲学教学、经验,马克思主义哲学史；马克思主义哲学在中国：传播、应用、形态、前景；“哲学上三次大论战”提法不宜继续使用,5-6；186-187；3,是,可按主题页优先检索,先查主题页《哲学教学与学术制度建设》，再在 T3/T10 中检索：马列学院|哲学教学|经验,否
1344,冯定 平凡的真理 哲学宣传,1344_冯定_平凡的真理_哲学宣传.md,3,37.41,理论方法,哲学基本范畴与辩证法原理,理论方法/哲学基本范畴与辩证法原理.md,低,10.0,自动主题组匹配：真理,冯定 平凡的真理 哲学体系(51.67),1486_冯定_平凡的真理_哲学体系.md,,冯定、平凡的真理,百年中国哲学革命；“新哲学”大众化运动研究；以新的哲学观重新观照马克思主义哲学中国化的历史,180-181；247；3,是,先核验原卡片再使用,先查主题页《哲学基本范畴与辩证法原理》，再在 T3/T10 中检索：冯定|平凡的真理|哲学宣传,否
1345,武训传 唯心史观 批判,1345_武训传_唯心史观_批判.md,3,42.6,论战与思想运动,文学艺术与文艺理论,论战与思想运动/文学艺术与文艺理论.md,低,8.0,二级自动主题组匹配：武训传,武训传 批判 唯心史观(50.0)；戴季陶主义 唯物史观 批判(5.0),0976_武训传_批判_唯心史观.md；0038_戴季陶主义_唯物史观_批判.md,,武训传、唯心史观、批判,马克思主义哲学史；中国马克思主义学术史纲；1940年代中国共产党人的思想批判和新民主主义话语权的确立_陈先初,36-38；88-90；5,是,先核验原卡片再使用,先查主题页《文学艺术与文艺理论》，再在 T3/T10 中检索：武训传|唯心史观|批判,否
1346,宣传唯物论 批判唯心论 指示,1346_宣传唯物论_批判唯心论_指示.md,1,42.0,理论方法,哲学基本范畴与辩证法原理,理论方法/哲学基本范畴与辩证法原理.md,低,8.0,二级自动主题组匹配：唯物论,机械论 唯物论 批判(7.14)；唯物论 唯心论 哲学党性(6.25)；自由意志论 批判 唯物史观(5.88)；新哲学 形而上学唯物论 批判(5.56)；瞿秋白 东方文化派 唯心论 批判(5.26),1465_机械论_唯物论_批判.md；1576_唯物论_唯心论_哲学党性.md；0036_自由意志论_批判_唯物史观.md；0422_新哲学_形而上学唯物论_批判.md；0339_瞿秋白_东方文化派_唯心论_批判.md,,宣传唯物论、批判唯心论、指示,马克思主义哲学史,42-44,是,先核验原卡片再使用,先查主题页《哲学基本范畴与辩证法原理》，再在 T3/T10 中检索：宣传唯物论|批判唯心论|指示,否
1347,国民经济恢复 主要矛盾 不要四面出击,1347_国民经济恢复_主要矛盾_不要四面出击.md,3,41.4,理论方法,矛盾分析法与矛盾特殊性,理论方法/矛盾分析法与矛盾特殊性.md,高,115.0,已列入原主题页重点卡片；命中主题种子词：矛盾、主要矛盾；主题词重合：主要矛盾,大众哲学 主要矛盾(23.95)；毛泽东 矛盾论 主要矛盾(23.75)；主要矛盾 大众哲学 矛盾理论(23.41)；近代中国 社会性质 主要矛盾 历史任务(22.78),1633_大众哲学_主要矛盾.md；1687_毛泽东_矛盾论_主要矛盾.md；1808_主要矛盾_大众哲学_矛盾理论.md；1121_近代中国_社会性质_主要矛盾_历史任务.md,,国民经济恢复、主要矛盾、不要四面出击,马克思主义哲学史；列宁选集第四卷_2012；马克思主义哲学中国化理论与历史,52-54；1012；555,是,可按主题页优先检索,先查主题页《矛盾分析法与矛盾特殊性》，再在 T3/T10 中检索：国民经济恢复|主要矛盾|不要四面出击,否
1348,赎买政策 资本主义工商业 改造,1348_赎买政策_资本主义工商业_改造.md,3,39.85,理论方法,政治经济学与资本主义批判,理论方法/政治经济学与资本主义批判.md,中,23.0,自动主题组匹配：资本主义、资本,马克思主义哲学体系 改造 创新(12.27)；改造 责任(11.79)；改造 建设 结合(11.56)；劳动 资本主义(5.36)；俄国 资本主义(5.36),1044_马克思主义哲学体系_改造_创新.md；2028_改造_责任.md；1350_改造_建设_结合.md；1710_劳动_资本主义.md；1713_俄国_资本主义.md,,资本主义工商业、改造,马克思主义哲学史；马克思主义哲学中国化理论与历史；中国现代思想史论,72-73；546；193,是,可按主题页优先检索,先查主题页《政治经济学与资本主义批判》，再在 T3/T10 中检索：赎买政策|资本主义工商业|改造,否
1349,制度改造 人的改造 结合,1349_制度改造_人的改造_结合.md,3,42.0,当代反思,社会主义建设时期哲学讨论与反思,当代反思/社会主义建设时期哲学讨论与反思.md,中,20.0,二级自动主题组匹配：制度改造、人的改造,,,,制度改造、人的改造、结合,马克思主义哲学史；马克思主义哲学在中国：传播、应用、形态、前景；马克思主义哲学中国化理论与历史,76-77；395-396；186,是,可按主题页优先检索,先查主题页《社会主义建设时期哲学讨论与反思》，再在 T3/T10 中检索：制度改造|人的改造|结合,否
1350,改造 建设 结合,1350_改造_建设_结合.md,3,51.4,当代反思,社会主义建设时期哲学讨论与反思,当代反思/社会主义建设时期哲学讨论与反思.md,低,10.0,二级自动主题组匹配：建设 结合,改造 责任(13.57)；社会主义革命 建设 辩证法(11.79)；社会主义革命 建设 主观主义(11.79)；哲学研究机构 教育体系 建设(11.67)；马克思主义理论 一级学科 建设(11.56),2028_改造_责任.md；0983_社会主义革命_建设_辩证法.md；1357_社会主义革命_建设_主观主义.md；0923_哲学研究机构_教育体系_建设.md；0922_马克思主义理论_一级学科_建设.md,,改造、建设、结合,马克思主义哲学史；百年中国哲学革命；马克思主义哲学中国化理论与历史,77-79；315-317；547,是,先核验原卡片再使用,先查主题页《社会主义建设时期哲学讨论与反思》，再在 T3/T10 中检索：改造|建设|结合,否
1351,社会主义社会 基本矛盾 理论,1351_社会主义社会_基本矛盾_理论.md,3,62.2,理论方法,哲学基本范畴与辩证法原理,理论方法/哲学基本范畴与辩证法原理.md,低,21.0,自动主题组匹配：矛盾,社会主义社会 两类矛盾 学说(38.33)；社会主义社会 前进动力 矛盾(38.33)；新民主主义社会 社会主义社会 过渡(36.25)；社会主义社会 发展动力 讨论(36.25)；列宁 过渡时期 基本矛盾(24.69),1353_社会主义社会_两类矛盾_学说.md；1355_社会主义社会_前进动力_矛盾.md；0606_新民主主义社会_社会主义社会_过渡.md；0979_社会主义社会_发展动力_讨论.md；0872_列宁_过渡时期_基本矛盾.md,,社会主义社会、基本矛盾、理论,马克思主义哲学史；百年中国哲学革命；马克思主义哲学在中国：传播、应用、形态、前景,112-114；236；401-403,是,先核验原卡片再使用,先查主题页《哲学基本范畴与辩证法原理》，再在 T3/T10 中检索：社会主义社会|基本矛盾|理论,否
1352,社会主义社会基本矛盾 概念 规定,1352_社会主义社会基本矛盾_概念_规定.md,3,37.0,当代反思,社会主义社会矛盾理论,当代反思/社会主义社会矛盾理论.md,高,115.0,已列入原主题页重点卡片；命中主题种子词：矛盾、社会主义、基本矛盾,社会主义社会 基本矛盾 理论(14.29)；社会主义社会矛盾 理论 传播(7.35)；社会主义社会矛盾学说 创立(7.35)；社会主义社会 两类矛盾 学说(7.35)；社会主义社会 前进动力 矛盾(7.35),1351_社会主义社会_基本矛盾_理论.md；0099_社会主义社会矛盾_理论_传播.md；0984_社会主义社会矛盾学说_创立.md；1353_社会主义社会_两类矛盾_学说.md；1355_社会主义社会_前进动力_矛盾.md,,社会主义社会基本矛盾、概念、规定,马克思主义哲学史；中国近代哲学的革命进程；童稚集,111-112；519-522；186-188,是,可按主题页优先检索,先查主题页《社会主义社会矛盾理论》，再在 T3/T10 中检索：社会主义社会基本矛盾|概念|规定,否
1353,社会主义社会 两类矛盾 学说,1353_社会主义社会_两类矛盾_学说.md,3,58.6,理论方法,哲学基本范畴与辩证法原理,理论方法/哲学基本范畴与辩证法原理.md,低,10.0,自动主题组匹配：矛盾,社会主义社会 基本矛盾 理论(38.33)；社会主义社会 前进动力 矛盾(38.33)；新民主主义社会 社会主义社会 过渡(36.25)；社会主义社会 发展动力 讨论(36.25)；社会主义社会矛盾学说 创立(13.46),1351_社会主义社会_基本矛盾_理论.md；1355_社会主义社会_前进动力_矛盾.md；0606_新民主主义社会_社会主义社会_过渡.md；0979_社会主义社会_发展动力_讨论.md；0984_社会主义社会矛盾学说_创立.md,,社会主义社会、两类矛盾、学说,马克思主义哲学史；中国马克思主义学术史纲；马克思主义哲学在中国：传播、应用、形态、前景,121-123；126-128；401-403,是,先核验原卡片再使用,先查主题页《哲学基本范畴与辩证法原理》，再在 T3/T10 中检索：社会主义社会|两类矛盾|学说,否
1354,正确处理 两类社会矛盾 方法,1354_正确处理_两类社会矛盾_方法.md,3,51.5,理论方法,哲学基本范畴与辩证法原理,理论方法/哲学基本范畴与辩证法原理.md,低,10.0,自动主题组匹配：矛盾,社会主义社会矛盾理论 正确处理人民内部矛盾(6.82),0678_社会主义社会矛盾理论_正确处理人民内部矛盾.md,,正确处理、两类社会矛盾、方法,马克思主义哲学史；冯契文集第七卷中国近代哲学的革命进程；一本教科书、一个时代、一种...学原理教科书的再思考(上)_何萍,127-130；604；8,是,先核验原卡片再使用,先查主题页《哲学基本范畴与辩证法原理》，再在 T3/T10 中检索：正确处理|两类社会矛盾|方法,否
1355,社会主义社会 前进动力 矛盾,1355_社会主义社会_前进动力_矛盾.md,3,37.33,理论方法,哲学基本范畴与辩证法原理,理论方法/哲学基本范畴与辩证法原理.md,低,15.0,自动主题组匹配：矛盾,社会主义社会 发展动力 讨论(38.33)；社会主义社会 基本矛盾 理论(38.33)；社会主义社会 两类矛盾 学说(38.33)；新民主主义社会 社会主义社会 过渡(36.25)；社会主义制度 生产力落后 矛盾(15.56),0979_社会主义社会_发展动力_讨论.md；1351_社会主义社会_基本矛盾_理论.md；1353_社会主义社会_两类矛盾_学说.md；0606_新民主主义社会_社会主义社会_过渡.md；1248_社会主义制度_生产力落后_矛盾.md,,社会主义社会、矛盾,马克思主义哲学史；中国马克思主义学术史纲；百年中国哲学革命,104-105；126-128；235-236,是,先核验原卡片再使用,先查主题页《哲学基本范畴与辩证法原理》，再在 T3/T10 中检索：社会主义社会|前进动力|矛盾,否
1356,百花齐放 百家争鸣 真理规律,1356_百花齐放_百家争鸣_真理规律.md,3,38.77,理论方法,哲学基本范畴与辩证法原理,理论方法/哲学基本范畴与辩证法原理.md,中,20.0,自动主题组匹配：规律、真理,启蒙运动 百家争鸣 马克思主义(23.75),0224_启蒙运动_百家争鸣_马克思主义.md,,百花齐放、百家争鸣,马列著作在中国的出版；中国文化与马克思主义；“哲学上三次大论战”提法不宜继续使用,365；387；5,是,可按主题页优先检索,先查主题页《哲学基本范畴与辩证法原理》，再在 T3/T10 中检索：百花齐放|百家争鸣|真理规律,否
1357,社会主义革命 建设 主观主义,1357_社会主义革命_建设_主观主义.md,3,51.53,理论方法,哲学基本范畴与辩证法原理,理论方法/哲学基本范畴与辩证法原理.md,低,10.0,自动主题组匹配：主观,社会主义革命 建设 辩证法(53.46)；社会主义革命 形式 多样(38.93)；民主主义革命 社会主义革命 辩证统一(37.35)；民主主义革命 社会主义革命 必然趋势(37.35)；一国胜利理论 列宁 社会主义革命(36.94),0983_社会主义革命_建设_辩证法.md；1473_社会主义革命_形式_多样.md；1049_民主主义革命_社会主义革命_辩证统一.md；1050_民主主义革命_社会主义革命_必然趋势.md；0869_一国胜利理论_列宁_社会主义革命.md,,社会主义革命、建设、主观主义,马克思主义哲学史；马克思主义哲学中国化理论与历史；中国马克思主义学术史纲,146-147；484；128-131,是,先核验原卡片再使用,先查主题页《哲学基本范畴与辩证法原理》，再在 T3/T10 中检索：社会主义革命|建设|主观主义,否
1358,盲目冒进 保守 主观主义,1358_盲目冒进_保守_主观主义.md,3,50.6,理论方法,哲学基本范畴与辩证法原理,理论方法/哲学基本范畴与辩证法原理.md,低,10.0,自动主题组匹配：主观,主观主义 教条主义 批判(25.36)；经验主义 主观主义 批判(25.36)；主观主义 经验主义 批判(25.36)；民粹主义 主观主义 批判(25.36)；公式化 主观主义 陈独秀(25.0),1211_主观主义_教条主义_批判.md；1212_经验主义_主观主义_批判.md；1464_主观主义_经验主义_批判.md；1588_民粹主义_主观主义_批判.md；0322_公式化_主观主义_陈独秀.md,,盲目冒进、保守、主观主义,马克思主义哲学史；米丁-辩证唯物论与历史唯物论-上-rightToLeft；列宁选集第二卷_2012,147-149；206；257,是,先核验原卡片再使用,先查主题页《哲学基本范畴与辩证法原理》，再在 T3/T10 中检索：盲目冒进|保守|主观主义,否
1359,个人智慧 集体智慧 个人崇拜,1359_个人智慧_集体智慧_个人崇拜.md,1,40.2,当代反思,社会主义建设时期哲学讨论与反思,当代反思/社会主义建设时期哲学讨论与反思.md,低,12.0,二级自动主题组匹配：个人崇拜,个人崇拜 背离唯物史观(25.0),0040_个人崇拜_背离唯物史观.md,,个人智慧、集体智慧、个人崇拜,马克思主义哲学史,153-155,是,先核验原卡片再使用,先查主题页《社会主义建设时期哲学讨论与反思》，再在 T3/T10 中检索：个人智慧|集体智慧|个人崇拜,否
1360,民族资产阶级 矛盾 性质,1360_民族资产阶级_矛盾_性质.md,3,56.6,论战与思想运动,中国近代启蒙与民主革命,论战与思想运动/中国近代启蒙与民主革命.md,低,13.0,自动主题组匹配：资产阶级,过渡时期 工人阶级 民族资产阶级 矛盾(50.94)；帝国主义 中华民族 矛盾(13.12)；矛盾 发展 运动(11.92)；矛盾 两方面 统一(11.79)；矛盾 同一性 斗争性(11.67),0680_过渡时期_工人阶级_民族资产阶级_矛盾.md；1501_帝国主义_中华民族_矛盾.md；1467_矛盾_发展_运动.md；1561_矛盾_两方面_统一.md；1319_矛盾_同一性_斗争性.md,,民族资产阶级、矛盾、性质,马克思主义哲学史；中国马克思主义学术史纲；马克思主义哲学在中国传播与发展的百年历史（下）,164-165；98-100；522-524,是,先核验原卡片再使用,先查主题页《中国近代启蒙与民主革命》，再在 T3/T10 中检索：民族资产阶级|矛盾|性质,否
1361,真理 阶级性 讨论,1361_真理_阶级性_讨论.md,3,45.4,理论方法,哲学基本范畴与辩证法原理,理论方法/哲学基本范畴与辩证法原理.md,低,10.0,自动主题组匹配：真理,道德 阶级性 讨论(27.5)；哲学 阶级性 党性 抗战(19.17)；哲学 党性 阶级性 毛泽东(18.85)；知识 发展 真理(12.5)；真理 追求 哲学(12.5),1369_道德_阶级性_讨论.md；1581_哲学_阶级性_党性_抗战.md；0540_哲学_党性_阶级性_毛泽东.md；1459_知识_发展_真理.md；1460_真理_追求_哲学.md,,真理、阶级性、讨论,马克思主义哲学史；中国马克思主义学术史纲；高清海先生对马克思主义哲学...理教科书的解构及其当代启示_何萍,176-178；108-112；3,是,先核验原卡片再使用,先查主题页《哲学基本范畴与辩证法原理》，再在 T3/T10 中检索：真理|阶级性|讨论,否
1362,总的量变 过程 部分质变,1362_总的量变_过程_部分质变.md,3,49.2,当代反思,社会主义建设时期哲学讨论与反思,当代反思/社会主义建设时期哲学讨论与反思.md,中,20.0,二级自动主题组匹配：总的量变、部分质变,,,,总的量变、过程、部分质变,马克思主义哲学史；马克思主义哲学史（第六卷；马克思主义哲学在中国传播与发展的百年历史（下）,196-197；423-424；540,是,可按主题页优先检索,先查主题页《社会主义建设时期哲学讨论与反思》，再在 T3/T10 中检索：总的量变|过程|部分质变,否
1363,领导方法 工作方法 概括,1363_领导方法_工作方法_概括.md,3,48.4,其他待人工复核,其他待人工复核,其他待人工复核/其他待人工复核.md,待人工归类,0.0,未命中已有主题页和自动主题组规则，建议人工判断,领导方法 工作方法 毛泽东(53.64)；思想方法 工作方法 哲学(28.33)；群众路线 领导方法(26.25),0554_领导方法_工作方法_毛泽东.md；1213_思想方法_工作方法_哲学.md；0553_群众路线_领导方法.md,,领导方法、工作方法、概括,马克思主义哲学在中国传播与发展的百年历史（下）；马克思主义哲学史；马克思主义哲学中国化与中国道路的哲学表达,456-458；207-208；6,是,可按主题页优先检索,先查主题页《其他待人工复核》，再在 T3/T10 中检索：领导方法|工作方法|概括,否
1364,知识分子 阶级属性 地位作用,1364_知识分子_阶级属性_地位作用.md,3,42.6,当代反思,社会主义建设时期哲学讨论与反思,当代反思/社会主义建设时期哲学讨论与反思.md,低,10.0,二级自动主题组匹配：阶级属性,延安时期 知识分子(25.0)；阶级斗争 国家 阶级属性(24.69)；民主主义 知识分子 思潮(24.41)；知识分子 社会主义 观察(24.41)；知识分子 马克思主义大众化(23.95),1704_延安时期_知识分子.md；0028_阶级斗争_国家_阶级属性.md；1825_民主主义_知识分子_思潮.md；1826_知识分子_社会主义_观察.md；1701_知识分子_马克思主义大众化.md,,知识分子、阶级属性、地位作用,马克思主义哲学史；20世纪40年代自由知识分子对社会主义的解读——以《观察》周刊为中心_郑瑞峰；国家主义与20世纪20年代的文化、政治,234-235；3；173,是,先核验原卡片再使用,先查主题页《社会主义建设时期哲学讨论与反思》，再在 T3/T10 中检索：知识分子|阶级属性|地位作用,否
1365,思维与存在 同一性 讨论,1365_思维与存在_同一性_讨论.md,3,54.0,理论方法,哲学基本范畴与辩证法原理,理论方法/哲学基本范畴与辩证法原理.md,低,18.0,二级自动主题组匹配：思维与存在、同一性,思维与存在 同一性 争论(55.91)；思维与存在 关系 哲学史(32.14)；矛盾 同一性 斗争性(18.57),1042_思维与存在_同一性_争论.md；0941_思维与存在_关系_哲学史.md；1319_矛盾_同一性_斗争性.md,,思维与存在、同一性、讨论,马克思主义哲学史；中国马克思主义学术史纲；马克思主义哲学在中国：传播、应用、形态、前景,264-288；146-148；210-213,是,先核验原卡片再使用,先查主题页《哲学基本范畴与辩证法原理》，再在 T3/T10 中检索：思维与存在|同一性|讨论,否
1366,一分为二 合二为一 讨论,1366_一分为二_合二为一_讨论.md,3,45.0,理论方法,哲学基本范畴与辩证法原理,理论方法/哲学基本范畴与辩证法原理.md,低,13.0,自动主题组匹配：一分为二,一分为二 合二而一 争论(29.62),1043_一分为二_合二而一_争论.md,,一分为二、合二为一、讨论,马克思主义哲学史；马克思主义哲学在中国：传播、应用、形态、前景；“哲学上三次大论战”提法不宜继续使用,288-270；213-216；1,是,先核验原卡片再使用,先查主题页《哲学基本范畴与辩证法原理》，再在 T3/T10 中检索：一分为二|合二为一|讨论,否
1367,划分阶级 标准 讨论,1367_划分阶级_标准_讨论.md,3,48.0,当代反思,社会主义建设时期哲学讨论与反思,当代反思/社会主义建设时期哲学讨论与反思.md,低,10.0,二级自动主题组匹配：划分阶级,真理标准讨论 学术史(6.25)；真理标准讨论 拨乱反正(5.77),0645_真理标准讨论_学术史.md；0651_真理标准讨论_拨乱反正.md,,划分阶级、标准、讨论,马克思主义哲学史；中国马克思主义学术史纲；马克思主义哲学在中国：传播、应用、形态、前景,275-277；138-140；240-243,是,先核验原卡片再使用,先查主题页《社会主义建设时期哲学讨论与反思》，再在 T3/T10 中检索：划分阶级|标准|讨论,否
1368,老子 孔子 王船山 哲学讨论,1368_老子_孔子_王船山_哲学讨论.md,3,33.2,中国哲学传统,中国哲学传统与现代转型,中国哲学传统/中国哲学传统与现代转型.md,低,10.0,自动主题组匹配：孔子,道家 老子 道 德(11.79)；孔子 正名 仁义(11.79)；孔子 忠恕 知命(11.79),0702_道家_老子_道_德.md；1000_孔子_正名_仁义.md；1001_孔子_忠恕_知命.md,,老子、孔子,中国哲学简史；中国马克思主义学术史纲；百年中国哲学革命,111-112；114-116；386-388,是,先核验原卡片再使用,先查主题页《中国哲学传统与现代转型》，再在 T3/T10 中检索：老子|孔子|王船山|哲学讨论,否
1369,道德 阶级性 讨论,1369_道德_阶级性_讨论.md,3,42.6,当代反思,社会主义建设时期哲学讨论与反思,当代反思/社会主义建设时期哲学讨论与反思.md,低,10.0,二级自动主题组匹配：道德 阶级性,真理 阶级性 讨论(27.5)；哲学 阶级性 党性 抗战(19.17)；哲学 党性 阶级性 毛泽东(18.85)；复兴 道德(13.12)；知识 道德(13.12),1361_真理_阶级性_讨论.md；1581_哲学_阶级性_党性_抗战.md；0540_哲学_党性_阶级性_毛泽东.md；2026_复兴_道德.md；2027_知识_道德.md,,道德、阶级性、讨论,中国马克思主义学术史纲；马克思主义哲学史；艾思奇全书（第2卷）,152；288；521-526,是,先核验原卡片再使用,先查主题页《社会主义建设时期哲学讨论与反思》，再在 T3/T10 中检索：道德|阶级性|讨论,否
1370,形式逻辑 对象 客观基础,1370_形式逻辑_对象_客观基础.md,3,38.22,理论方法,哲学基本范畴与辩证法原理,理论方法/哲学基本范畴与辩证法原理.md,中,20.0,自动主题组匹配：形式、客观,辩证法 形式逻辑 论争(25.36)；张东荪 动的逻辑 形式逻辑(25.0)；形式逻辑 辩证逻辑 形式论理学(24.69)；唯物辩证法 形式逻辑 分疆而治(24.17)；辩证法 方法论 形式逻辑 技术论(24.17),1304_辩证法_形式逻辑_论争.md；1606_张东荪_动的逻辑_形式逻辑.md；0408_形式逻辑_辩证逻辑_形式论理学.md；1305_唯物辩证法_形式逻辑_分疆而治.md；1306_辩证法_方法论_形式逻辑_技术论.md,,形式逻辑、对象、客观基础,马克思主义哲学史；认识世界和认识自己；继承五四和扬弃五四,292-293；260；68,是,可按主题页优先检索,先查主题页《哲学基本范畴与辩证法原理》，再在 T3/T10 中检索：形式逻辑|对象|客观基础,否
1371,林彪 马克思主义哲学 歪曲,1371_林彪_马克思主义哲学_歪曲.md,3,49.8,理论方法,马克思恩格斯经典文本与哲学关系,理论方法/马克思恩格斯经典文本与哲学关系.md,低,10.0,自动主题组匹配：马克思,文化大革命 马克思主义哲学 歪曲(58.33)；马克思主义哲学 中国哲学(46.54)；李达 马克思主义哲学 研究(45.71)；李达 马克思主义哲学 泰斗(45.71)；马克思主义哲学 传播 苏联(45.71),0650_文化大革命_马克思主义哲学_歪曲.md；1823_马克思主义哲学_中国哲学.md；0267_李达_马克思主义哲学_研究.md；0355_李达_马克思主义哲学_泰斗.md；0785_马克思主义哲学_传播_苏联.md,,林彪、马克思主义哲学、歪曲,马克思主义哲学在中国：传播、应用、形态、前景；马克思主义哲学史；马克思主义哲学在中国的传播与马克思主义哲学中国化,222-224；314-315；12,是,先核验原卡片再使用,先查主题页《马克思恩格斯经典文本与哲学关系》，再在 T3/T10 中检索：林彪|马克思主义哲学|歪曲,否
1372,天才论 唯心主义 批判,1372_天才论_唯心主义_批判.md,3,36.2,当代反思,社会主义建设时期哲学讨论与反思,当代反思/社会主义建设时期哲学讨论与反思.md,低,12.0,二级自动主题组匹配：天才论,胡适派 唯心主义 批判(31.36)；唯心主义 唯物主义(26.82)；唯心主义 黑格尔(26.82)；唯心主义 马赫主义(26.82)；唯心主义 辩证法(26.82),0459_胡适派_唯心主义_批判.md；1721_唯心主义_唯物主义.md；1724_唯心主义_黑格尔.md；1728_唯心主义_马赫主义.md；1745_唯心主义_辩证法.md,,天才论、唯心主义、批判,马克思主义哲学在中国：传播、应用、形态、前景；马克思主义哲学史；马克思主义哲学史（第六卷,230-231；320-322；571-573,是,先核验原卡片再使用,先查主题页《社会主义建设时期哲学讨论与反思》，再在 T3/T10 中检索：天才论|唯心主义|批判,否
1373,精神万能 唯意志论 批判,1373_精神万能_唯意志论_批判.md,3,35.73,当代反思,社会主义建设时期哲学讨论与反思,当代反思/社会主义建设时期哲学讨论与反思.md,低,10.0,二级自动主题组匹配：精神万能,瞿秋白 张君劢 唯意志论 批判(28.33)；谭嗣同 进化论 唯意志论(25.0)；自由意志论 批判 唯物史观(6.67),0226_瞿秋白_张君劢_唯意志论_批判.md；0250_谭嗣同_进化论_唯意志论.md；0036_自由意志论_批判_唯物史观.md,,唯意志论、批判,百年中国哲学革命；马克思主义哲学的中国化及其历程；延安时期知识分子群体与马克思主义哲学大众化郭 - 2015 -,164-166；108-110；141,是,先核验原卡片再使用,先查主题页《社会主义建设时期哲学讨论与反思》，再在 T3/T10 中检索：精神万能|唯意志论|批判,否
1374,江青 斗斗斗哲学 批判,1374_江青_斗斗斗哲学_批判.md,3,32.32,当代反思,社会主义建设时期哲学讨论与反思,当代反思/社会主义建设时期哲学讨论与反思.md,低,18.0,二级自动主题组匹配：江青、斗斗斗哲学,哲学 批判 政治 宗教(6.82)；黑格尔法哲学批判(6.82)；列宁 左倾错误 哲学批判(5.77)；黑格尔法哲学批判 导言(5.77)；公开资产阶级哲学 批判 苏联(5.0),1087_哲学_批判_政治_宗教.md；1989_黑格尔法哲学批判.md；0875_列宁_左倾错误_哲学批判.md；1659_黑格尔法哲学批判_导言.md；0772_公开资产阶级哲学_批判_苏联.md,,江青、批判,马克思主义哲学史；中国马克思主义学术史纲；中国文化与马克思主义,327-328；166；356,是,先核验原卡片再使用,先查主题页《社会主义建设时期哲学讨论与反思》，再在 T3/T10 中检索：江青|斗斗斗哲学|批判,否
1375,思想路线 政治路线 组织路线,1375_思想路线_政治路线_组织路线.md,3,54.0,中国化,实事求是与群众路线,中国化/实事求是与群众路线.md,高,112.0,已列入原主题页重点卡片；命中主题种子词：思想路线；主题词重合：思想路线,实事求是 思想路线 延安(25.0)；从斗争中 创造新局面 思想路线(24.17)；克服主观主义 实事求是 思想路线(23.95)；实事求是思想路线 确立(5.0),0597_实事求是_思想路线_延安.md；1309_从斗争中_创造新局面_思想路线.md；0546_克服主观主义_实事求是_思想路线.md；0518_实事求是思想路线_确立.md,,思想路线、政治路线、组织路线,马克思主义哲学史；马克思主义哲学中国化理论与历史；抗战时期重庆马克思主义知识群体“学术中国化”研究特点与启示_于文善,365-366；506；7,是,可按主题页优先检索,先查主题页《实事求是与群众路线》，再在 T3/T10 中检索：思想路线|政治路线|组织路线,否
1376,社会主义经济建设 矛盾 再认识,1376_社会主义经济建设_矛盾_再认识.md,3,43.8,理论方法,哲学基本范畴与辩证法原理,理论方法/哲学基本范畴与辩证法原理.md,中,20.0,自动主题组匹配：矛盾、认识,社会主义社会 前进动力 矛盾(15.56)；社会主义制度 生产力落后 矛盾(15.0)；资本主义 生产社会化 私人占有 矛盾(13.26)；帝国主义 中华民族 矛盾(12.63)；封建主义 人民大众 矛盾(12.63),1355_社会主义社会_前进动力_矛盾.md；1248_社会主义制度_生产力落后_矛盾.md；1182_资本主义_生产社会化_私人占有_矛盾.md；1501_帝国主义_中华民族_矛盾.md；1502_封建主义_人民大众_矛盾.md,,社会主义经济建设、矛盾、再认识,马克思主义哲学史；马克思主义哲学在中国：传播、应用、形态、前景；马克思主义哲学在中国传播与发展的百年历史（下）,382-393；397-399；518-520,是,可按主题页优先检索,先查主题页《哲学基本范畴与辩证法原理》，再在 T3/T10 中检索：社会主义经济建设|矛盾|再认识,否
1377,洋务运动 自我觉醒 救亡,1377_洋务运动_自我觉醒_救亡.md,3,35.44,论战与思想运动,中国近代启蒙与民主革命,论战与思想运动/中国近代启蒙与民主革命.md,低,10.0,自动主题组匹配：洋务,新政派 洋务运动 变法(25.36)；甲午战争 洋务运动 失败(25.0)；中学为体 西学为用 洋务运动(24.69)；社会主义新价值观 救亡 启蒙(11.32),1378_新政派_洋务运动_变法.md；1380_甲午战争_洋务运动_失败.md；1379_中学为体_西学为用_洋务运动.md；0135_社会主义新价值观_救亡_启蒙.md,,洋务运动、自我觉醒、救亡,近代中国启蒙运动史；继承五四和扬弃五四；马克思主义中国化的起源语境,13；99；31,是,先核验原卡片再使用,先查主题页《中国近代启蒙与民主革命》，再在 T3/T10 中检索：洋务运动|自我觉醒|救亡,否
1378,新政派 洋务运动 变法,1378_新政派_洋务运动_变法.md,3,35.85,论战与思想运动,中国近代启蒙与民主革命,论战与思想运动/中国近代启蒙与民主革命.md,低,10.0,自动主题组匹配：洋务,洋务运动 自我觉醒 救亡(25.36)；甲午战争 洋务运动 失败(25.36)；中学为体 西学为用 洋务运动(25.0),1377_洋务运动_自我觉醒_救亡.md；1380_甲午战争_洋务运动_失败.md；1379_中学为体_西学为用_洋务运动.md,,新政派、洋务运动、变法,近代中国启蒙运动史；继承五四和扬弃五四；马克思主义哲学中国化理论与历史,32-37；83；451,是,先核验原卡片再使用,先查主题页《中国近代启蒙与民主革命》，再在 T3/T10 中检索：新政派|洋务运动|变法,否
1379,中学为体 西学为用 洋务运动,1379_中学为体_西学为用_洋务运动.md,3,51.05,论战与思想运动,中国近代启蒙与民主革命,论战与思想运动/中国近代启蒙与民主革命.md,低,10.0,自动主题组匹配：洋务,中学为体 西学为用 思潮(52.5)；中学为体 西学为用 批判(52.5)；新政派 洋务运动 变法(25.0)；洋务运动 自我觉醒 救亡(24.69)；甲午战争 洋务运动 失败(24.69),1391_中学为体_西学为用_思潮.md；1503_中学为体_西学为用_批判.md；1378_新政派_洋务运动_变法.md；1377_洋务运动_自我觉醒_救亡.md；1380_甲午战争_洋务运动_失败.md,,中学为体、西学为用、洋务运动,近代中国启蒙运动史；冯契文集第七卷中国近代哲学的革命进程；马克思主义中国化史,42-44；82；未识别,是,先核验原卡片再使用,先查主题页《中国近代启蒙与民主革命》，再在 T3/T10 中检索：中学为体|西学为用|洋务运动,否
1380,甲午战争 洋务运动 失败,1380_甲午战争_洋务运动_失败.md,3,47.99,论战与思想运动,中国近代启蒙与民主革命,论战与思想运动/中国近代启蒙与民主革命.md,中,20.0,自动主题组匹配：洋务、甲午,新政派 洋务运动 变法(25.36)；洋务运动 自我觉醒 救亡(25.0)；中学为体 西学为用 洋务运动(24.69)；策略运用 成功 失败(11.67),1378_新政派_洋务运动_变法.md；1377_洋务运动_自我觉醒_救亡.md；1379_中学为体_西学为用_洋务运动.md；1170_策略运用_成功_失败.md,,甲午战争、洋务运动、失败,冯契文集第七卷中国近代哲学的革命进程；马克思主义中国化史；中国近代思想史论,91；未识别；67,是,可按主题页优先检索,先查主题页《中国近代启蒙与民主革命》，再在 T3/T10 中检索：甲午战争|洋务运动|失败,否
1381,维新运动 上层改革 局限,1381_维新运动_上层改革_局限.md,0,0.0,论战与思想运动,中国近代启蒙与民主革命,论战与思想运动/中国近代启蒙与民主革命.md,低,10.0,自动主题组匹配：维新,五四以前 新文化运动 意义 局限(12.63)；科学主义 人生观 局限(11.56)；唯物史观 传播 局限 不足(11.47)；马克思主义哲学史 研究视域 局限(11.19)；马克思主义哲学 中国古代哲学 局限(11.19),0127_五四以前_新文化运动_意义_局限.md；0212_科学主义_人生观_局限.md；0066_唯物史观_传播_局限_不足.md；0937_马克思主义哲学史_研究视域_局限.md；1229_马克思主义哲学_中国古代哲学_局限.md,,,,,否,先核验原卡片再使用,先查主题页《中国近代启蒙与民主革命》，再在 T3/T10 中检索：维新运动|上层改革|局限,否
1382,辛亥革命 思想运动 民众运动,1382_辛亥革命_思想运动_民众运动.md,3,37.29,论战与思想运动,中国近代启蒙与民主革命,论战与思想运动/中国近代启蒙与民主革命.md,低,10.0,自动主题组匹配：辛亥,资产阶级民主主义 思想传播 辛亥革命(24.76)；辛亥革命 意义 经验教训(24.69)；资产阶级 哲学革命 辛亥革命(24.41),0068_资产阶级民主主义_思想传播_辛亥革命.md；1124_辛亥革命_意义_经验教训.md；1485_资产阶级_哲学革命_辛亥革命.md,,辛亥革命、民众运动、思想运动,继承五四和扬弃五四；马克思主义哲学中国化理论与历史；近代中国启蒙运动史,97；150；4-8,是,先核验原卡片再使用,先查主题页《中国近代启蒙与民主革命》，再在 T3/T10 中检索：辛亥革命|思想运动|民众运动,否
1383,三民主义 民主运动 思想基础,1383_三民主义_民主运动_思想基础.md,3,37.55,论战与思想运动,中国近代启蒙与民主革命,论战与思想运动/中国近代启蒙与民主革命.md,中,23.0,自动主题组匹配：三民主义、民主,三民主义 中国之命运 思想批判(25.56)；新启蒙运动 新民主主义 文化思想(5.26),1648_三民主义_中国之命运_思想批判.md；1801_新启蒙运动_新民主主义_文化思想.md,,三民主义、民主运动、思想基础,马克思主义中国化探论；马克思主义哲学中国化理论与历史；1940年代中国共产党人的思想批判和新民主主义话语权的确立_陈先初,209；108；12,是,可按主题页优先检索,先查主题页《中国近代启蒙与民主革命》，再在 T3/T10 中检索：三民主义|民主运动|思想基础,否
1384,中国社会 历史过程 认识,1384_中国社会_历史过程_认识.md,3,47.08,理论方法,哲学基本范畴与辩证法原理,理论方法/哲学基本范畴与辩证法原理.md,低,10.0,自动主题组匹配：认识,中国社会史 论战(6.25)；中国社会性质 论争(5.77)；中国社会性质 论战(5.77)；中国社会史 论战 启蒙(5.36)；中国社会性质 论战 启蒙(5.0),0186_中国社会史_论战.md；0149_中国社会性质_论争.md；0184_中国社会性质_论战.md；0171_中国社会史_论战_启蒙.md；0170_中国社会性质_论战_启蒙.md,,中国社会、历史过程、认识,近代中国启蒙运动史；二十世纪上半叶马克思主义哲学中国化之检视_王玉平；马克思主义哲学中国化的若干新思考,181-185；206；5,是,先核验原卡片再使用,先查主题页《哲学基本范畴与辩证法原理》，再在 T3/T10 中检索：中国社会|历史过程|认识,否
1385,近五十年 中国思想 变动,1385_近五十年_中国思想_变动.md,3,47.4,论战与思想运动,中国近代启蒙与民主革命,论战与思想运动/中国近代启蒙与民主革命.md,中,20.0,二级自动主题组匹配：近五十年、中国思想,现阶段 中国思想 意见(25.36)；改良主义 思潮 近五十年(25.0)；第一次世界大战 中国思想 冲击(24.17)；五四前夕 中国思想界 变动(16.67)；物质 变动 发展(11.92),1443_现阶段_中国思想_意见.md；1389_改良主义_思潮_近五十年.md；1125_第一次世界大战_中国思想_冲击.md；0124_五四前夕_中国思想界_变动.md；1458_物质_变动_发展.md,,近五十年、中国思想、变动,近五十年中国思想史；张申府与中国现代哲学；中国文化与马克思主义,121-123；5；320,是,可按主题页优先检索,先查主题页《中国近代启蒙与民主革命》，再在 T3/T10 中检索：近五十年|中国思想|变动,否
1386,中国思想史 春秋战国 近代,1386_中国思想史_春秋战国_近代.md,3,39.45,论战与思想运动,中国近代启蒙与民主革命,论战与思想运动/中国近代启蒙与民主革命.md,中,20.0,二级自动主题组匹配：中国思想史、中国思想,中国近代思想 康有为 谭嗣同(5.88)；中国近代哲学 冯契(5.36)；中国近代史 评介 胡绳(5.0)；现阶段 中国思想 意见(5.0),1694_中国近代思想_康有为_谭嗣同.md；1835_中国近代哲学_冯契.md；0450_中国近代史_评介_胡绳.md；1443_现阶段_中国思想_意见.md,,中国思想史、春秋战国、近代,中国近代哲学的革命进程；近五十年中国思想史；中国近代思想史论,571-574；8-10；414,是,可按主题页优先检索,先查主题页《中国近代启蒙与民主革命》，再在 T3/T10 中检索：中国思想史|春秋战国|近代,否
1387,农业经济 孔子主义 崩颓,1387_农业经济_孔子主义_崩颓.md,3,48.25,中国哲学传统,中国哲学传统与现代转型,中国哲学传统/中国哲学传统与现代转型.md,低,10.0,自动主题组匹配：孔子,,,,农业经济、孔子主义、崩颓,冯契文集第七卷中国近代哲学的革命进程；中国马克思主义学术史纲；近五十年中国思想史,302；20-22；8-10,是,先核验原卡片再使用,先查主题页《中国哲学传统与现代转型》，再在 T3/T10 中检索：农业经济|孔子主义|崩颓,否
1388,宗法封建社会 思想 回光返照,1388_宗法封建社会_思想_回光返照.md,3,43.6,中国哲学传统,中国古代哲学概念与思想传统,中国哲学传统/中国古代哲学概念与思想传统.md,低,10.0,二级自动主题组匹配：宗法封建社会,,,,宗法封建社会、思想、回光返照,近五十年中国思想史；中国近代思想史论；马克思主义中国化的起源语境,43-46；393；100,是,先核验原卡片再使用,先查主题页《中国古代哲学概念与思想传统》，再在 T3/T10 中检索：宗法封建社会|思想|回光返照,否
1389,改良主义 思潮 近五十年,1389_改良主义_思潮_近五十年.md,3,42.0,论战与思想运动,中国近代启蒙与民主革命,论战与思想运动/中国近代启蒙与民主革命.md,中,20.0,二级自动主题组匹配：改良主义、近五十年,近五十年 中国思想 变动(25.0)；改良主义 西方文明 挑战(25.0)；无政府主义 思潮 批判(15.36)；民主主义 知识分子 思潮(13.12)；马克思主义中国化 思潮(13.12),1385_近五十年_中国思想_变动.md；1390_改良主义_西方文明_挑战.md；1127_无政府主义_思潮_批判.md；1825_民主主义_知识分子_思潮.md；1827_马克思主义中国化_思潮.md,,改良主义、思潮、近五十年,近五十年中国思想史；马克思主义哲学中国化与中国哲学的现代转型；中国近代思想史论,2-4；100-101；248,是,可按主题页优先检索,先查主题页《中国近代启蒙与民主革命》，再在 T3/T10 中检索：改良主义|思潮|近五十年,否
1390,改良主义 西方文明 挑战,1390_改良主义_西方文明_挑战.md,3,36.8,论战与思想运动,中国近代启蒙与民主革命,论战与思想运动/中国近代启蒙与民主革命.md,低,10.0,二级自动主题组匹配：改良主义,胡适 西方文明 布尔乔亚(25.0)；改良主义 思潮 近五十年(25.0)；中体西用 西学 挑战(11.67),0472_胡适_西方文明_布尔乔亚.md；1389_改良主义_思潮_近五十年.md；0688_中体西用_西学_挑战.md,,改良主义、西方文明、挑战,近五十年中国思想史；坚持马克思主义基本原理同中华优秀传统文化相结合须廓清的几种错误倾向_冯冉；马克思主义中国化时代化的历史逻辑、根本途径和当代课题——访北京大学马克思主义学院郭建宁教授_本刊记者,2-4；4；2,是,先核验原卡片再使用,先查主题页《中国近代启蒙与民主革命》，再在 T3/T10 中检索：改良主义|西方文明|挑战,否
1391,中学为体 西学为用 思潮,1391_中学为体_西学为用_思潮.md,3,48.7,论战与思想运动,中国近代启蒙与民主革命,论战与思想运动/中国近代启蒙与民主革命.md,中,20.0,二级自动主题组匹配：中学为体、西学为用,中学为体 西学为用 批判(55.0)；中学为体 西学为用 洋务运动(52.5)；经世致用 思潮 影响(13.85)；无政府主义 思潮 批判(11.67)；改良主义 思潮 近五十年(11.56),1503_中学为体_西学为用_批判.md；1379_中学为体_西学为用_洋务运动.md；1122_经世致用_思潮_影响.md；1127_无政府主义_思潮_批判.md；1389_改良主义_思潮_近五十年.md,,中学为体、西学为用、思潮,中国文化与马克思主义；近五十年中国思想史；艾思奇全书（第1卷）,331；2-4；113-114,是,可按主题页优先检索,先查主题页《中国近代启蒙与民主革命》，再在 T3/T10 中检索：中学为体|西学为用|思潮,否
1392,王国维 德国思想 介绍,1392_王国维_德国思想_介绍.md,3,45.6,论战与思想运动,中国近代启蒙与民主革命,论战与思想运动/中国近代启蒙与民主革命.md,低,8.0,二级自动主题组匹配：王国维,杜威 思想 介绍(17.5)；罗素 思想 介绍(17.5)；柏格森 思想 介绍(16.82)；俄国 辩证唯物论 思想 介绍(15.0)；梁启超 马克思 社会主义 介绍(11.39),1404_杜威_思想_介绍.md；1406_罗素_思想_介绍.md；1405_柏格森_思想_介绍.md；0909_俄国_辩证唯物论_思想_介绍.md；0130_梁启超_马克思_社会主义_介绍.md,,王国维、德国思想、介绍,近五十年中国思想史；张东荪-唯物辩证法论战；二十世纪上半叶马克思主义哲学中国化之检视_王玉平,263-266；32；60,是,先核验原卡片再使用,先查主题页《中国近代启蒙与民主革命》，再在 T3/T10 中检索：王国维|德国思想|介绍,否
1393,孙中山 知难行易 革命思想,1393_孙中山_知难行易_革命思想.md,3,33.4,论战与思想运动,中国近代启蒙与民主革命,论战与思想运动/中国近代启蒙与民主革命.md,低,10.0,自动主题组匹配：孙中山,诚的思想 知与行 知难行易(26.25)；孙中山 哲学思想 行易知难(23.33)；孙中山 物质 精神 关系(18.12),1602_诚的思想_知与行_知难行易.md；1603_孙中山_哲学思想_行易知难.md；1604_孙中山_物质_精神_关系.md,,孙中山、知难行易、革命思想,艾思奇全书（第3卷）；中国近代哲学的革命进程；马克思主义哲学史（第六卷,427-129；269-272；568-569,是,先核验原卡片再使用,先查主题页《中国近代启蒙与民主革命》，再在 T3/T10 中检索：孙中山|知难行易|革命思想,否
1394,张东荪 社会主义 论战,1394_张东荪_社会主义_论战.md,3,47.92,论战与思想运动,思想论战与文化批判,论战与思想运动/思想论战与文化批判.md,中,20.0,自动主题组匹配：张东荪、论战,俄国 社会主义(27.5)；德国 社会主义(27.5)；法国 社会主义(27.5)；社会主义 列宁(27.5)；观察周刊 社会主义(26.25),1758_俄国_社会主义.md；1772_德国_社会主义.md；1817_法国_社会主义.md；1840_社会主义_列宁.md；1647_观察周刊_社会主义.md,,张东荪、社会主义、论战,马克思主义哲学中国化与中国哲学的现代转型；马克思主义中国化史；马克思主义哲学在中国的传播与马克思主义哲学中国化,237-239；未识别；8,是,可按主题页优先检索,先查主题页《思想论战与文化批判》，再在 T3/T10 中检索：张东荪|社会主义|论战,否
1395,唯物辩证法 哲学界 事实,1395_唯物辩证法_哲学界_事实.md,3,49.97,理论方法,辩证唯物主义体系,理论方法/辩证唯物主义体系.md,高,112.0,已列入原主题页重点卡片；命中主题种子词：唯物辩证法；主题词重合：唯物辩证法,唯物辩证法 风靡全国(32.69)；唯物辩证法 风靡 起点(32.69)；唯物辩证法 风靡 前奏(32.69)；唯物辩证法 风靡 原因(32.69)；逐步改造 唯物辩证法(32.69),1026_唯物辩证法_风靡全国.md；1027_唯物辩证法_风靡_起点.md；1028_唯物辩证法_风靡_前奏.md；1030_唯物辩证法_风靡_原因.md；1052_逐步改造_唯物辩证法.md,,唯物辩证法、哲学界、事实,张东荪-唯物辩证法论战；继承五四和扬弃五四；马克思主义哲学中国化的历史进程,147；89；4,是,可按主题页优先检索,先查主题页《辩证唯物主义体系》，再在 T3/T10 中检索：唯物辩证法|哲学界|事实,否
1396,唯物辩证法 思想学术 应用,1396_唯物辩证法_思想学术_应用.md,3,38.75,理论方法,辩证唯物主义体系,理论方法/辩证唯物主义体系.md,高,112.0,已列入原主题页重点卡片；命中主题种子词：唯物辩证法；主题词重合：唯物辩证法,唯物辩证法 应用 要点(44.62)；唯物辩证法 风靡全国(32.14)；唯物辩证法 风靡 起点(32.14)；唯物辩证法 风靡 前奏(32.14)；唯物辩证法 风靡 原因(32.14),1556_唯物辩证法_应用_要点.md；1026_唯物辩证法_风靡全国.md；1027_唯物辩证法_风靡_起点.md；1028_唯物辩证法_风靡_前奏.md；1030_唯物辩证法_风靡_原因.md,,唯物辩证法、思想学术、应用,马克思主义哲学在中国：传播、应用、形态、前景；张东荪-唯物辩证法论战；艾思奇全书（第2卷）,未识别；205；181-183,是,可按主题页优先检索,先查主题页《辩证唯物主义体系》，再在 T3/T10 中检索：唯物辩证法|思想学术|应用,否
1397,半殖民地 半封建 新思潮派,1397_半殖民地_半封建_新思潮派.md,3,49.93,论战与思想运动,中国社会性质论战,论战与思想运动/中国社会性质论战.md,高,121.0,已列入原主题页重点卡片；命中主题种子词：半殖民地、半封建；主题词重合：半殖民地、半封建,中国启蒙运动 半殖民地 半封建(44.38)；中国社会性质论战 新思潮派(24.17)；半殖民地半封建 社会矛盾 哲学(9.38),0157_中国启蒙运动_半殖民地_半封建.md；1698_中国社会性质论战_新思潮派.md；1500_半殖民地半封建_社会矛盾_哲学.md,,半殖民地、半封建、新思潮派,从“决裂论”到“土壤论”——新启蒙运动对马克思主义与中国传统文化关系的认识深化_崔海亮；冯契文集第七卷中国近代哲学的革命进程；马克思主义中国化的起源语境,2；452；22,是,可按主题页优先检索,先查主题页《中国社会性质论战》，再在 T3/T10 中检索：半殖民地|半封建|新思潮派,否
1398,马克思主义 中国化 漫长 曲折,1398_马克思主义_中国化_漫长_曲折.md,3,52.0,理论方法,马克思恩格斯经典文本与哲学关系,理论方法/马克思恩格斯经典文本与哲学关系.md,低,10.0,自动主题组匹配：马克思,马克思主义 中国化 现实化(27.5)；教条化 马克思主义 中国化(27.5)；马克思主义 学风 中国化(25.71)；李达 马克思主义哲学 中国化(24.38)；马克思主义哲学 中国化 历程(24.38),1335_马克思主义_中国化_现实化.md；1435_教条化_马克思主义_中国化.md；1215_马克思主义_学风_中国化.md；0301_李达_马克思主义哲学_中国化.md；1413_马克思主义哲学_中国化_历程.md,,马克思主义、中国化、曲折,马克思主义中国化的历史进程；百年中国哲学革命；马克思主义中国化史,未识别；601-602,是,先核验原卡片再使用,先查主题页《马克思恩格斯经典文本与哲学关系》，再在 T3/T10 中检索：马克思主义|中国化|漫长|曲折,否
1399,实验论理学 中国 进展,1399_实验论理学_中国_进展.md,3,50.2,中国哲学传统,现代中国哲学人物与知识论,中国哲学传统/现代中国哲学人物与知识论.md,低,8.0,二级自动主题组匹配：论理学,形式论理学 中国 进展(25.0)；辩证法 中国 进展(16.82)；马克思主义中国化 进展 矛盾(12.94),0387_形式论理学_中国_进展.md；1401_辩证法_中国_进展.md；1163_马克思主义中国化_进展_矛盾.md,,实验论理学、中国、进展,近五十年中国思想史；马克思主义中国化的历史进程；百年中国哲学革命,187-190；5-8；202-204,是,先核验原卡片再使用,先查主题页《现代中国哲学人物与知识论》，再在 T3/T10 中检索：实验论理学|中国|进展,否
1400,数学逻辑 笛卡尔 思想方法,1400_数学逻辑_笛卡尔_思想方法.md,2,37.92,新哲学大众化,新哲学大众化运动,新哲学大众化/新哲学大众化运动.md,低,13.0,自动主题组匹配：思想方法,思想方法 工作方法 哲学(25.0)；世界观 方法论 思想方法(25.0)；胡适 实用主义 思想方法(24.69)；胡绳 思想方法 中国问题讲话 实事求是(23.41)；思想方法论 世界观 方法论(5.0),1213_思想方法_工作方法_哲学.md；1544_世界观_方法论_思想方法.md；0471_胡适_实用主义_思想方法.md；0528_胡绳_思想方法_中国问题讲话_实事求是.md；0416_思想方法论_世界观_方法论.md,,数学逻辑、笛卡尔、思想方法,近五十年中国思想史；“新哲学”大众化运动研究,190-192；100,是,先核验原卡片再使用,先查主题页《新哲学大众化运动》，再在 T3/T10 中检索：数学逻辑|笛卡尔|思想方法,否
1401,辩证法 中国 进展,1401_辩证法_中国_进展.md,3,49.0,理论方法,哲学基本范畴与辩证法原理,理论方法/哲学基本范畴与辩证法原理.md,低,8.0,二级自动主题组匹配：辩证法,进攻 防御 辩证法(20.0)；持久 速决 辩证法(20.0)；内线 外线 辩证法(20.0)；主动 被动 辩证法(20.0)；相对 绝对 辩证法(20.0),1325_进攻_防御_辩证法.md；1326_持久_速决_辩证法.md；1327_内线_外线_辩证法.md；1328_主动_被动_辩证法.md；1562_相对_绝对_辩证法.md,,辩证法、中国、进展,近五十年中国思想史；百年中国哲学革命；马克思主义哲学在中国：传播、应用、形态、前景,192-195；130-131；328-330,是,先核验原卡片再使用,先查主题页《哲学基本范畴与辩证法原理》，再在 T3/T10 中检索：辩证法|中国|进展,否
1402,反孔思潮 旧思想 批评,1402_反孔思潮_旧思想_批评.md,3,33.64,论战与思想运动,中国近代启蒙与民主革命,论战与思想运动/中国近代启蒙与民主革命.md,低,10.0,二级自动主题组匹配：反孔思潮,王道 新小说 批评(11.92)；冯友兰 新世训 批评(11.79)；郭沫若 徐志摩 批评(11.79)；机械论 机械唯物论 批评(11.67)；唯生论 力行哲学 批评(11.67),0964_王道_新小说_批评.md；0476_冯友兰_新世训_批评.md；0960_郭沫若_徐志摩_批评.md；1535_机械论_机械唯物论_批评.md；1585_唯生论_力行哲学_批评.md,,旧思想、批评,近五十年中国思想史；冯契文集第七卷中国近代哲学的革命进程；马克思主义中国化的起源语境,206-208；174；36,是,先核验原卡片再使用,先查主题页《中国近代启蒙与民主革命》，再在 T3/T10 中检索：反孔思潮|旧思想|批评,否
1403,诸子思想 复兴 整理,1403_诸子思想_复兴_整理.md,3,40.2,中国哲学传统,中国古代哲学概念与思想传统,中国哲学传统/中国古代哲学概念与思想传统.md,低,8.0,二级自动主题组匹配：诸子,复兴 知识(12.78)；复兴 道德(12.78)；杜国庠 先秦诸子思想 研究(5.36),2025_复兴_知识.md；2026_复兴_道德.md；1047_杜国庠_先秦诸子思想_研究.md,,诸子思想、复兴、整理,近五十年中国思想史；马克思主义哲学中国化与中国哲学的现代转型；20世纪30年代~40年代马克思主义哲学与中国传统哲学结合的形态_李维武,219-222；351-353；6,是,先核验原卡片再使用,先查主题页《中国古代哲学概念与思想传统》，再在 T3/T10 中检索：诸子思想|复兴|整理,否
1404,杜威 思想 介绍,1404_杜威_思想_介绍.md,3,58.0,论战与思想运动,中国近代启蒙与民主革命,论战与思想运动/中国近代启蒙与民主革命.md,低,9.0,二级自动主题组匹配：杜威,罗素 思想 介绍(20.71)；柏格森 思想 介绍(19.38)；王国维 德国思想 介绍(17.5)；俄国 辩证唯物论 思想 介绍(16.25)；梁启超 马克思 社会主义 介绍(11.67),1406_罗素_思想_介绍.md；1405_柏格森_思想_介绍.md；1392_王国维_德国思想_介绍.md；0909_俄国_辩证唯物论_思想_介绍.md；0130_梁启超_马克思_社会主义_介绍.md,,杜威、思想、介绍,近五十年中国思想史；百年中国哲学革命；中国现代思想史论,269-272；397-399；99,是,先核验原卡片再使用,先查主题页《中国近代启蒙与民主革命》，再在 T3/T10 中检索：杜威|思想|介绍,否
1405,柏格森 思想 介绍,1405_柏格森_思想_介绍.md,3,55.6,论战与思想运动,中国近代启蒙与民主革命,论战与思想运动/中国近代启蒙与民主革命.md,低,8.0,二级自动主题组匹配：柏格森,杜威 思想 介绍(19.38)；罗素 思想 介绍(19.38)；尼采 柏格森 中国近代影响(18.57)；王国维 德国思想 介绍(16.82)；俄国 辩证唯物论 思想 介绍(15.77),1404_杜威_思想_介绍.md；1406_罗素_思想_介绍.md；1511_尼采_柏格森_中国近代影响.md；1392_王国维_德国思想_介绍.md；0909_俄国_辩证唯物论_思想_介绍.md,,柏格森、思想、介绍,近五十年中国思想史；百年中国哲学革命；中国现代思想史论,273-275；397-399；281,是,先核验原卡片再使用,先查主题页《中国近代启蒙与民主革命》，再在 T3/T10 中检索：柏格森|思想|介绍,否
1406,罗素 思想 介绍,1406_罗素_思想_介绍.md,3,55.6,论战与思想运动,中国近代启蒙与民主革命,论战与思想运动/中国近代启蒙与民主革命.md,低,8.0,二级自动主题组匹配：罗素,杜威 思想 介绍(20.71)；柏格森 思想 介绍(19.38)；王国维 德国思想 介绍(17.5)；俄国 辩证唯物论 思想 介绍(16.25)；张申府 罗素 辩证法(12.27),1404_杜威_思想_介绍.md；1405_柏格森_思想_介绍.md；1392_王国维_德国思想_介绍.md；0909_俄国_辩证唯物论_思想_介绍.md；1641_张申府_罗素_辩证法.md,,罗素、思想、介绍,近五十年中国思想史；百年中国哲学革命；中国现代思想史论,275-277；150-151；281,是,先核验原卡片再使用,先查主题页《中国近代启蒙与民主革命》，再在 T3/T10 中检索：罗素|思想|介绍,否
1407,精神科学 物质科学 分类,1407_精神科学_物质科学_分类.md,2,47.4,理论方法,哲学基本范畴与辩证法原理,理论方法/哲学基本范畴与辩证法原理.md,低,10.0,自动主题组匹配：物质,精神 物质 美术 宗教 科学(5.36),1411_精神_物质_美术_宗教_科学.md,,精神科学、物质科学、分类,科学与人生观；马克思主义哲学的中国化及其历程,63-65；50-52,是,先核验原卡片再使用,先查主题页《哲学基本范畴与辩证法原理》，再在 T3/T10 中检索：精神科学|物质科学|分类,否
1408,科学知识论 官觉 感触,1408_科学知识论_官觉_感触.md,2,31.81,理论方法,自然科学哲学与科学方法,理论方法/自然科学哲学与科学方法.md,低,10.0,自动主题组匹配：科学,知识论(6.25),2007_知识论.md,,官觉、感触,科学与人生观；张东荪-唯物辩证法论战,91-93；64,是,先核验原卡片再使用,先查主题页《自然科学哲学与科学方法》，再在 T3/T10 中检索：科学知识论|官觉|感触,否
1409,国家主义 工商政策 科学教育 网罗,1409_国家主义_工商政策_科学教育_网罗.md,3,45.09,理论方法,自然科学哲学与科学方法,理论方法/自然科学哲学与科学方法.md,低,10.0,自动主题组匹配：科学,国家主义 青年(25.0)；国家主义 民族主义(24.69)；20年代 国家主义(24.41),1726_国家主义_青年.md；1752_国家主义_民族主义.md；1833_20年代_国家主义.md,,国家主义、工商政策、科学教育、网罗,冯契文集第七卷中国近代哲学的革命进程；科学与人生观；中国近代哲学的革命进程,379；4-6；376-380,是,先核验原卡片再使用,先查主题页《自然科学哲学与科学方法》，再在 T3/T10 中检索：国家主义|工商政策|科学教育|网罗,否
1410,农业社会 德化 大同,1410_农业社会_德化_大同.md,3,46.0,中国哲学传统,中国古代哲学概念与思想传统,中国哲学传统/中国古代哲学概念与思想传统.md,中,26.0,二级自动主题组匹配：大同、农业社会、德化,大同 小康 社会理想(14.17)；大同 理想社会 毛泽东(13.85)；康有为 托古改制 大同(11.79),1010_大同_小康_社会理想.md；0621_大同_理想社会_毛泽东.md；0172_康有为_托古改制_大同.md,,农业社会、德化、大同,冯契文集第七卷中国近代哲学的革命进程；中国近代哲学的革命进程；中国近代思想史论,380；380-381；127,是,可按主题页优先检索,先查主题页《中国古代哲学概念与思想传统》，再在 T3/T10 中检索：农业社会|德化|大同,否
1411,精神 物质 美术 宗教 科学,1411_精神_物质_美术_宗教_科学.md,3,57.4,理论方法,哲学基本范畴与辩证法原理,理论方法/哲学基本范畴与辩证法原理.md,低,10.0,自动主题组匹配：物质,文明 精神 物质 现实(15.77)；孙中山 物质 精神 关系(13.33)；物质 运动 发展(11.92)；物质 变动 发展(11.92)；宗教 资本主义(11.92),0944_文明_精神_物质_现实.md；1604_孙中山_物质_精神_关系.md；1457_物质_运动_发展.md；1458_物质_变动_发展.md；1716_宗教_资本主义.md,,精神、物质、美术、宗教、科学,科学与人生观；马克思主义哲学史；百年中国哲学革命,108-111；485；25-27,是,先核验原卡片再使用,先查主题页《哲学基本范畴与辩证法原理》，再在 T3/T10 中检索：精神|物质|美术|宗教|科学,否
1412,存疑学者 态度 科学,1412_存疑学者_态度_科学.md,3,37.4,理论方法,自然科学哲学与科学方法,理论方法/自然科学哲学与科学方法.md,低,10.0,自动主题组匹配：科学,非常时 宗教 态度(12.08)；文艺工作 立场 态度 任务(11.67),1586_非常时_宗教_态度.md；0483_文艺工作_立场_态度_任务.md,,存疑学者、态度、科学,科学与人生观；胡绳全书（第一卷）；冯契文集第七卷中国近代哲学的革命进程,193-195；864-865；140,是,先核验原卡片再使用,先查主题页《自然科学哲学与科学方法》，再在 T3/T10 中检索：存疑学者|态度|科学,否
1413,马克思主义哲学 中国化 历程,1413_马克思主义哲学_中国化_历程.md,3,60.6,理论方法,马克思恩格斯经典文本与哲学关系,理论方法/马克思恩格斯经典文本与哲学关系.md,低,10.0,自动主题组匹配：马克思,李达 马克思主义哲学 中国化(67.31)；马克思主义哲学 中国化 定义(67.31)；毛泽东 马克思主义哲学 中国化(66.07)；抗日战争 马克思主义哲学 中国化(65.0)；马克思主义哲学 中国化 两个方面(65.0),0301_李达_马克思主义哲学_中国化.md；1414_马克思主义哲学_中国化_定义.md；0615_毛泽东_马克思主义哲学_中国化.md；1320_抗日战争_马克思主义哲学_中国化.md；1418_马克思主义哲学_中国化_两个方面.md,,马克思主义哲学、中国化、历程,马克思主义哲学中国化与中国哲学的现代转型；马克思主义哲学的中国化及其历程；二十世纪上半叶马克思主义哲学中国化之检视_王玉平,515-517；192-193；24,是,先核验原卡片再使用,先查主题页《马克思恩格斯经典文本与哲学关系》，再在 T3/T10 中检索：马克思主义哲学|中国化|历程,否
1414,马克思主义哲学 中国化 定义,1414_马克思主义哲学_中国化_定义.md,3,54.68,理论方法,马克思恩格斯经典文本与哲学关系,理论方法/马克思恩格斯经典文本与哲学关系.md,低,10.0,自动主题组匹配：马克思,李达 马克思主义哲学 中国化(67.31)；马克思主义哲学 中国化 历程(67.31)；毛泽东 马克思主义哲学 中国化(66.07)；抗日战争 马克思主义哲学 中国化(65.0)；马克思主义哲学 中国化 两个方面(65.0),0301_李达_马克思主义哲学_中国化.md；1413_马克思主义哲学_中国化_历程.md；0615_毛泽东_马克思主义哲学_中国化.md；1320_抗日战争_马克思主义哲学_中国化.md；1418_马克思主义哲学_中国化_两个方面.md,,马克思主义哲学、中国化、定义,马克思主义哲学中国化理论与历史；马克思主义哲学中国化与中国哲学的现代转型；二十世纪上半叶马克思主义哲学中国化之检视_王玉平,169；28-30；9,是,先核验原卡片再使用,先查主题页《马克思恩格斯经典文本与哲学关系》，再在 T3/T10 中检索：马克思主义哲学|中国化|定义,否
1415,马克思主义哲学 中国革命实际 结合,1415_马克思主义哲学_中国革命实际_结合.md,3,57.85,中国哲学传统,马克思主义哲学与中国文化传统结合,中国哲学传统/马克思主义哲学与中国文化传统结合.md,高,109.0,已列入原主题页重点卡片；命中主题种子词：结合；主题词重合：结合,马克思主义哲学 中国哲学 结合(49.06)；马克思主义哲学 中国哲学(48.33)；马克思主义哲学 中国哲学传统 结合(47.5)；马克思主义哲学 中国传统哲学 结合(47.5)；马克思主义哲学 中国文化传统 结合(46.84),0765_马克思主义哲学_中国哲学_结合.md；1823_马克思主义哲学_中国哲学.md；0726_马克思主义哲学_中国哲学传统_结合.md；1417_马克思主义哲学_中国传统哲学_结合.md；1228_马克思主义哲学_中国文化传统_结合.md,,马克思主义哲学、中国革命实际、结合,马克思主义哲学中国化的历史进程；马克思主义哲学在中国的传播与马克思主义哲学中国化；马克思主义哲学的中国化及其历程,3；11；1-2,是,可按主题页优先检索,先查主题页《马克思主义哲学与中国文化传统结合》，再在 T3/T10 中检索：马克思主义哲学|中国革命实际|结合,否
1416,马克思主义哲学 中国优秀传统 结合,1416_马克思主义哲学_中国优秀传统_结合.md,3,56.16,中国哲学传统,马克思主义哲学与中国文化传统结合,中国哲学传统/马克思主义哲学与中国文化传统结合.md,高,109.0,已列入原主题页重点卡片；命中主题种子词：结合；主题词重合：结合,马克思主义哲学 中国哲学传统 结合(52.19)；马克思主义哲学 中国文化传统 结合(51.18)；马克思主义哲学 中国传统哲学 结合(49.71)；马克思主义哲学 中国哲学 结合(49.06)；马克思主义 中国优秀传统 结合(48.33),0726_马克思主义哲学_中国哲学传统_结合.md；1228_马克思主义哲学_中国文化传统_结合.md；1417_马克思主义哲学_中国传统哲学_结合.md；0765_马克思主义哲学_中国哲学_结合.md；1504_马克思主义_中国优秀传统_结合.md,,马克思主义哲学、中国优秀传统、结合,马克思主义哲学中国化理论与历史；冯契文集第七卷中国近代哲学的革命进程；马克思主义哲学的中国化及其历程,483；576；271,是,可按主题页优先检索,先查主题页《马克思主义哲学与中国文化传统结合》，再在 T3/T10 中检索：马克思主义哲学|中国优秀传统|结合,否
1417,马克思主义哲学 中国传统哲学 结合,1417_马克思主义哲学_中国传统哲学_结合.md,3,63.43,中国哲学传统,马克思主义哲学与中国文化传统结合,中国哲学传统/马克思主义哲学与中国文化传统结合.md,高,109.0,已列入原主题页重点卡片；命中主题种子词：结合；主题词重合：结合,马克思主义哲学 中国传统哲学 形态(83.33)；马克思主义哲学 中国哲学 结合(52.86)；马克思主义哲学 中国哲学传统 结合(50.62)；马克思主义哲学 中国文化传统 结合(49.71)；马克思主义哲学 中国优秀传统 结合(49.71),1797_马克思主义哲学_中国传统哲学_形态.md；0765_马克思主义哲学_中国哲学_结合.md；0726_马克思主义哲学_中国哲学传统_结合.md；1228_马克思主义哲学_中国文化传统_结合.md；1416_马克思主义哲学_中国优秀传统_结合.md,,马克思主义哲学、中国传统哲学、结合,马克思主义哲学中国化与中国哲学的现代转型；20世纪30年代~40年代马克思主义哲学与中国传统哲学结合的形态_李维武；马克思主义哲学与中国哲学相结合的思考,331-333；1；4,是,可按主题页优先检索,先查主题页《马克思主义哲学与中国文化传统结合》，再在 T3/T10 中检索：马克思主义哲学|中国传统哲学|结合,否
1418,马克思主义哲学 中国化 两个方面,1418_马克思主义哲学_中国化_两个方面.md,3,59.68,理论方法,马克思恩格斯经典文本与哲学关系,理论方法/马克思恩格斯经典文本与哲学关系.md,低,10.0,自动主题组匹配：马克思,李达 马克思主义哲学 中国化(65.0)；马克思主义哲学 中国化 历程(65.0)；马克思主义哲学 中国化 定义(65.0)；毛泽东 马克思主义哲学 中国化(64.06)；抗日战争 马克思主义哲学 中国化(63.24),0301_李达_马克思主义哲学_中国化.md；1413_马克思主义哲学_中国化_历程.md；1414_马克思主义哲学_中国化_定义.md；0615_毛泽东_马克思主义哲学_中国化.md；1320_抗日战争_马克思主义哲学_中国化.md,,马克思主义哲学、中国化、两个方面,马克思主义哲学的中国化及其历程；马克思主义哲学中国化的历史进程；马克思主义哲学中国化与中国哲学的现代转型,493；7；115-117,是,先核验原卡片再使用,先查主题页《马克思恩格斯经典文本与哲学关系》，再在 T3/T10 中检索：马克思主义哲学|中国化|两个方面,否
1419,马克思主义哲学 中国化 三个历史时期,1419_马克思主义哲学_中国化_三个历史时期.md,3,54.8,理论方法,马克思恩格斯经典文本与哲学关系,理论方法/马克思恩格斯经典文本与哲学关系.md,低,10.0,自动主题组匹配：马克思,李达 马克思主义哲学 中国化(63.24)；马克思主义哲学 中国化 历程(63.24)；马克思主义哲学 中国化 定义(63.24)；毛泽东 马克思主义哲学 中国化(62.5)；抗日战争 马克思主义哲学 中国化(61.84),0301_李达_马克思主义哲学_中国化.md；1413_马克思主义哲学_中国化_历程.md；1414_马克思主义哲学_中国化_定义.md；0615_毛泽东_马克思主义哲学_中国化.md；1320_抗日战争_马克思主义哲学_中国化.md,,马克思主义哲学、中国化、三个历史时期,马克思主义哲学的中国化及其历程；马克思主义哲学中国化与中国哲学的现代转型；以新的哲学观重新观照马克思主义哲学中国化的历史,19-21；28-30；2,是,先核验原卡片再使用,先查主题页《马克思恩格斯经典文本与哲学关系》，再在 T3/T10 中检索：马克思主义哲学|中国化|三个历史时期,否
1420,辛亥革命前后 马克思 学说 传入,1420_辛亥革命前后_马克思_学说_传入.md,3,59.0,理论方法,马克思恩格斯经典文本与哲学关系,理论方法/马克思恩格斯经典文本与哲学关系.md,低,10.0,自动主题组匹配：马克思,近世社会主义 马克思 学说(20.56)；马克思 列宁(18.57)；朱执信 德意志社会革命家 马克思(18.41)；中国文化 马克思(18.12)；资产阶级 马克思(18.12),1189_近世社会主义_马克思_学说.md；1843_马克思_列宁.md；0090_朱执信_德意志社会革命家_马克思.md；1736_中国文化_马克思.md；1757_资产阶级_马克思.md,,辛亥革命前后、马克思、学说、传入,马克思主义哲学的中国化及其历程；马克思主义哲学在中国传播与发展的百年历史（上）；马克思主义在中国早期传播若干问题的辨析_田子渝,3-5；未识别；5,是,先核验原卡片再使用,先查主题页《马克思恩格斯经典文本与哲学关系》，再在 T3/T10 中检索：辛亥革命前后|马克思|学说|传入,否
1421,社会主义 神髓 马克思,1421_社会主义_神髓_马克思.md,3,49.2,理论方法,马克思恩格斯经典文本与哲学关系,理论方法/马克思恩格斯经典文本与哲学关系.md,低,12.0,自动主题组匹配：马克思,梁启超 马克思 社会主义(45.42)；大同学 马克思 社会主义(45.42)；梁启超 马克思 社会主义 介绍(43.93)；马君武 社会主义 进化论 马克思(43.33)；社会主义神髓 马克思 中国(35.0),0223_梁启超_马克思_社会主义.md；1188_大同学_马克思_社会主义.md；0130_梁启超_马克思_社会主义_介绍.md；0089_马君武_社会主义_进化论_马克思.md；0088_社会主义神髓_马克思_中国.md,,社会主义、神髓、马克思,马克思主义哲学史（第六卷；马克思主义哲学在中国传播与发展的百年历史（上）；马克思主义哲学的中国化及其历程,23-25；64-66；3-2,是,先核验原卡片再使用,先查主题页《马克思恩格斯经典文本与哲学关系》，再在 T3/T10 中检索：社会主义|神髓|马克思,否
1422,西方帝国主义 幻想 破灭,1422_西方帝国主义_幻想_破灭.md,3,42.0,传播史,民族国家与国际关系,传播史/民族国家与国际关系.md,低,13.0,自动主题组匹配：帝国主义,帝国主义 战争(6.82)；帝国主义 德国(6.82)；帝国主义 资本主义(6.25)；列宁 帝国主义 世界历史(5.0)；帝国主义 中华民族 矛盾(5.0),1720_帝国主义_战争.md；1760_帝国主义_德国.md；1730_帝国主义_资本主义.md；0838_列宁_帝国主义_世界历史.md；1501_帝国主义_中华民族_矛盾.md,,西方帝国主义、幻想、破灭,马克思主义哲学的中国化及其历程；列宁选集第四卷_2012；列宁专题文集·论资本主义,11-12；246；275,是,先核验原卡片再使用,先查主题页《民族国家与国际关系》，再在 T3/T10 中检索：西方帝国主义|幻想|破灭,否
1423,民族工业 工人阶级 壮大,1423_民族工业_工人阶级_壮大.md,3,41.4,传播史,民族国家与国际关系,传播史/民族国家与国际关系.md,低,10.0,自动主题组匹配：民族,工人阶级 英国(26.82)；劳动 工人阶级(26.82)；工人阶级 斗争(26.82)；工人阶级 白领工人 蓝领工人(25.36)；过渡时期 工人阶级 民族资产阶级 矛盾(25.26),1737_工人阶级_英国.md；1767_劳动_工人阶级.md；1778_工人阶级_斗争.md；1470_工人阶级_白领工人_蓝领工人.md；0680_过渡时期_工人阶级_民族资产阶级_矛盾.md,,民族工业、工人阶级、壮大,马克思主义哲学的中国化及其历程；共产主义abc中文翻译版；米丁-辩证唯物论与历史唯物论-上-rightToLeft,12-14；128；164,是,先核验原卡片再使用,先查主题页《民族国家与国际关系》，再在 T3/T10 中检索：民族工业|工人阶级|壮大,否
1424,鲁迅 哲学思想 转变,1424_鲁迅_哲学思想_转变.md,3,41.8,论战与思想运动,文学艺术与文艺理论,论战与思想运动/文学艺术与文艺理论.md,低,18.0,二级自动主题组匹配：鲁迅、哲学思想 转变,新民主主义论 哲学思想(25.77)；抗战以来 哲学思想 评述(25.77)；毛泽东 延安时期 哲学思想(25.36)；马克思 哲学思想 形成发展(25.36)；孙中山 哲学思想 行易知难(25.36),0563_新民主主义论_哲学思想.md；1583_抗战以来_哲学思想_评述.md；0536_毛泽东_延安时期_哲学思想.md；1085_马克思_哲学思想_形成发展.md；1603_孙中山_哲学思想_行易知难.md,,鲁迅、哲学思想、转变,马克思主义哲学的中国化及其历程；艾思奇全书（第2卷）；马克思主义哲学史,136-138；380-382；501-503,是,先核验原卡片再使用,先查主题页《文学艺术与文艺理论》，再在 T3/T10 中检索：鲁迅|哲学思想|转变,否
1425,三十年代 理论战线 三次论战,1425_三十年代_理论战线_三次论战.md,3,40.8,苏联哲学,30年代苏联哲学批判运动,苏联哲学/30年代苏联哲学批判运动.md,高,100.0,已列入原主题页重点卡片,三十年代 哲学思想理论战线 论争(28.82)；三十年代 上海 左翼文化工作(24.17)；马克思主义 广泛传播 三十年代(23.95),1302_三十年代_哲学思想理论战线_论争.md；1483_三十年代_上海_左翼文化工作.md；0106_马克思主义_广泛传播_三十年代.md,,三十年代、理论战线、三次论战,马克思主义哲学的中国化及其历程；中国现代思想史论；马克思主义哲学史（第六卷,147；88；278,是,可按主题页优先检索,先查主题页《30年代苏联哲学批判运动》，再在 T3/T10 中检索：三十年代|理论战线|三次论战,否
1426,唯物辩证法论战 马克思主义哲学,1426_唯物辩证法论战_马克思主义哲学.md,3,59.63,理论方法,辩证唯物主义体系,理论方法/辩证唯物主义体系.md,高,106.0,已列入原主题页重点卡片；命中主题种子词：唯物辩证法,唯物辩证法论战 马克思主义哲学 哲学大众化(89.12)；唯物辩证法论战 中国马克思主义(50.62)；中国社会史 论战 马克思主义哲学(46.11)；唯物辩证法论战 大众哲学(45.94)；中国社会性质 论战 马克思主义哲学(45.53),1789_唯物辩证法论战_马克思主义哲学_哲学大众化.md；0971_唯物辩证法论战_中国马克思主义.md；0228_中国社会史_论战_马克思主义哲学.md；1610_唯物辩证法论战_大众哲学.md；0227_中国社会性质_论战_马克思主义哲学.md,,唯物辩证法论战、马克思主义哲学,从唯物辩证法论战到马克思主义哲学大众化——对艾思奇《大众哲学》的解读_李维武；马克思主义哲学在中国的传播与马克思主义哲学中国化；马克思主义哲学中国化理论与历史,1；12；337,是,可按主题页优先检索,先查主题页《辩证唯物主义体系》，再在 T3/T10 中检索：唯物辩证法论战|马克思主义哲学,否
1427,反对本本主义 中国革命战争 战略问题,1427_反对本本主义_中国革命战争_战略问题.md,3,57.47,中国化,毛泽东哲学与中国革命经验,中国化/毛泽东哲学与中国革命经验.md,低,13.0,自动主题组匹配：中国革命,反对本本主义 毛泽东(36.94)；中国革命战争 特点 规律(36.58)；反对本本主义 毛泽东 哲学思想(35.68)；马克思主义 中国革命实践 结合(5.68)；早期共产主义者 马克思主义 中国革命(5.21),0551_反对本本主义_毛泽东.md；1315_中国革命战争_特点_规律.md；0585_反对本本主义_毛泽东_哲学思想.md；1153_马克思主义_中国革命实践_结合.md；0292_早期共产主义者_马克思主义_中国革命.md,,反对本本主义、中国革命战争、战略问题,马克思主义哲学中国化与中国道路的哲学表达；马克思主义哲学中国化理论与历史；马克思主义中国化探论,5；458；121,是,先核验原卡片再使用,先查主题页《毛泽东哲学与中国革命经验》，再在 T3/T10 中检索：反对本本主义|中国革命战争|战略问题,否
1428,抗日战争 解放战争 马克思主义哲学 中国化,1428_抗日战争_解放战争_马克思主义哲学_中国化.md,3,65.4,理论方法,马克思恩格斯经典文本与哲学关系,理论方法/马克思恩格斯经典文本与哲学关系.md,低,10.0,自动主题组匹配：马克思,抗日战争 马克思主义哲学 中国化(90.31)；李达 马克思主义哲学 中国化(62.5)；马克思主义哲学 中国化 历程(62.5)；马克思主义哲学 中国化 定义(62.5)；毛泽东 马克思主义哲学 中国化(61.84),1320_抗日战争_马克思主义哲学_中国化.md；0301_李达_马克思主义哲学_中国化.md；1413_马克思主义哲学_中国化_历程.md；1414_马克思主义哲学_中国化_定义.md；0615_毛泽东_马克思主义哲学_中国化.md,,抗日战争、解放战争、马克思主义哲学、中国化,马克思主义哲学的中国化及其历程；马克思主义哲学中国化的历史进程；冯契文集第七卷中国近代哲学的革命进程,212；5；442,是,先核验原卡片再使用,先查主题页《马克思恩格斯经典文本与哲学关系》，再在 T3/T10 中检索：抗日战争|解放战争|马克思主义哲学|中国化,否
1429,全党亟待了解 亟须解决 问题,1429_全党亟待了解_亟须解决_问题.md,3,53.92,其他待人工复核,其他待人工复核,其他待人工复核/其他待人工复核.md,待人工归类,0.0,未命中已有主题页和自动主题组规则，建议人工判断,,,,全党亟待了解、亟须解决、问题,马克思主义哲学中国化_问题与进路_孙伟平；马克思主义哲学中国化理论与历史；延安时期知识分子群体与马克思主义哲学大众化郭 - 2015 -,1；26；146,是,可按主题页优先检索,先查主题页《其他待人工复核》，再在 T3/T10 中检索：全党亟待了解|亟须解决|问题,否
1430,中国传统哲学 认识论 知行观 批判总结,1430_中国传统哲学_认识论_知行观_批判总结.md,3,58.6,理论方法,实践观点与认识论,理论方法/实践观点与认识论.md,高,109.0,已列入原主题页重点卡片；命中主题种子词：认识论；主题词重合：认识论,中国传统哲学 精华 发掘(36.58)；唯物史观 研究 中国传统哲学(35.95)；毛泽东 实践论 中国传统哲学(35.95)；马克思主义哲学 中国传统哲学 结合(35.43)；马克思主义哲学 中国传统哲学 形态(35.43),1492_中国传统哲学_精华_发掘.md；0042_唯物史观_研究_中国传统哲学.md；0570_毛泽东_实践论_中国传统哲学.md；1417_马克思主义哲学_中国传统哲学_结合.md；1797_马克思主义哲学_中国传统哲学_形态.md,,中国传统哲学、认识论、知行观、批判总结,马克思主义哲学的中国化及其历程；马克思主义哲学中国化与中国哲学的现代转型；文化契合、文化融合与文化重构——对马克思主义中国化的文化思考_张琳,244-246；479-481；3,是,可按主题页优先检索,先查主题页《实践观点与认识论》，再在 T3/T10 中检索：中国传统哲学|认识论|知行观|批判总结,否
1431,马克思主义哲学中国化 主要成就,1431_马克思主义哲学中国化_主要成就.md,3,36.58,理论方法,马克思恩格斯经典文本与哲学关系,理论方法/马克思恩格斯经典文本与哲学关系.md,低,14.0,自动主题组匹配：马克思,马克思主义哲学中国化 不足(55.0)；李达 马克思主义哲学中国化(55.0)；马克思主义哲学中国化 走向(55.0)；毛泽东 马克思主义哲学中国化(54.06)；马克思主义哲学中国化 现实性(54.06),1432_马克思主义哲学中国化_不足.md；1751_李达_马克思主义哲学中国化.md；1816_马克思主义哲学中国化_走向.md；1748_毛泽东_马克思主义哲学中国化.md；1805_马克思主义哲学中国化_现实性.md,,马克思主义哲学中国化、主要成就,马克思主义哲学的中国化及其历程；二十世纪上半叶马克思主义哲学中国化之检视_王玉平；马克思主义哲学中国化的路径选择——从“结合论”走向“创建论”_孙伟平,259；4；6,是,先核验原卡片再使用,先查主题页《马克思恩格斯经典文本与哲学关系》，再在 T3/T10 中检索：马克思主义哲学中国化|主要成就,否
1432,马克思主义哲学中国化 不足,1432_马克思主义哲学中国化_不足.md,3,51.59,理论方法,马克思恩格斯经典文本与哲学关系,理论方法/马克思恩格斯经典文本与哲学关系.md,低,14.0,自动主题组匹配：马克思,李达 马克思主义哲学中国化(57.31)；马克思主义哲学中国化 走向(57.31)；毛泽东 马克思主义哲学中国化(56.07)；马克思主义哲学中国化 现实性(56.07)；马克思主义哲学中国化 中国哲学传统(55.0),1751_李达_马克思主义哲学中国化.md；1816_马克思主义哲学中国化_走向.md；1748_毛泽东_马克思主义哲学中国化.md；1805_马克思主义哲学中国化_现实性.md；0725_马克思主义哲学中国化_中国哲学传统.md,,马克思主义哲学中国化、不足,马克思主义哲学中国化的历史进程；以新的哲学观重新观照马克思主义哲学中国化的历史；马克思主义哲学中国化理论与历史,7；2；3,是,先核验原卡片再使用,先查主题页《马克思恩格斯经典文本与哲学关系》，再在 T3/T10 中检索：马克思主义哲学中国化|不足,否
1433,历史观 革命 马克思主义哲学中国化,1433_历史观_革命_马克思主义哲学中国化.md,3,54.59,理论方法,马克思恩格斯经典文本与哲学关系,理论方法/马克思恩格斯经典文本与哲学关系.md,低,14.0,自动主题组匹配：马克思,认识论 革命 马克思主义哲学中国化(56.18)；马克思主义哲学中国化 历史进程(54.71)；马克思主义哲学中国化 不足(54.06)；李达 马克思主义哲学中国化(54.06)；马克思主义哲学中国化 走向(54.06),1434_认识论_革命_马克思主义哲学中国化.md；1494_马克思主义哲学中国化_历史进程.md；1432_马克思主义哲学中国化_不足.md；1751_李达_马克思主义哲学中国化.md；1816_马克思主义哲学中国化_走向.md,,历史观、革命、马克思主义哲学中国化,冯契文集第七卷中国近代哲学的革命进程；马克思主义哲学中国化理论与历史；二十世纪上半叶马克思主义哲学中国化之检视_王玉平,616；124；211,是,先核验原卡片再使用,先查主题页《马克思恩格斯经典文本与哲学关系》，再在 T3/T10 中检索：历史观|革命|马克思主义哲学中国化,否
1434,认识论 革命 马克思主义哲学中国化,1434_认识论_革命_马克思主义哲学中国化.md,3,55.24,理论方法,实践观点与认识论,理论方法/实践观点与认识论.md,高,109.0,已列入原主题页重点卡片；命中主题种子词：认识论；主题词重合：认识论,历史观 革命 马克思主义哲学中国化(56.18)；马克思主义哲学中国化 不足(54.06)；李达 马克思主义哲学中国化(54.06)；马克思主义哲学中国化 走向(54.06)；毛泽东 马克思主义哲学中国化(53.24),1433_历史观_革命_马克思主义哲学中国化.md；1432_马克思主义哲学中国化_不足.md；1751_李达_马克思主义哲学中国化.md；1816_马克思主义哲学中国化_走向.md；1748_毛泽东_马克思主义哲学中国化.md,,认识论、革命、马克思主义哲学中国化,《实践论》和《矛盾论》对马克思主义哲学中国化的启示_许全兴；冯契文集第七卷中国近代哲学的革命进程；马克思主义哲学中国化理论与历史,1；586；124,是,可按主题页优先检索,先查主题页《实践观点与认识论》，再在 T3/T10 中检索：认识论|革命|马克思主义哲学中国化,否
1435,教条化 马克思主义 中国化,1435_教条化_马克思主义_中国化.md,3,55.2,苏联哲学,苏联哲学教条化与斯大林,苏联哲学/苏联哲学教条化与斯大林.md,高,113.0,已列入原主题页重点卡片；命中主题种子词：教条化；主题词重合：教条化；主题域增强：教条化,马克思主义 中国化 现实化(28.46)；马克思主义 中国化 漫长 曲折(27.5)；马克思主义 学风 中国化(26.54)；中国化 马克思 启示(25.42)；李达 马克思主义哲学 中国化(25.0),1335_马克思主义_中国化_现实化.md；1398_马克思主义_中国化_漫长_曲折.md；1215_马克思主义_学风_中国化.md；1834_中国化_马克思_启示.md；0301_李达_马克思主义哲学_中国化.md,,教条化、马克思主义、中国化,马克思主义中国化史；马克思主义中国化的历史进程；马克思主义哲学的中国化及其历程,未识别；421-423；19-21,是,可按主题页优先检索,先查主题页《苏联哲学教条化与斯大林》，再在 T3/T10 中检索：教条化|马克思主义|中国化,否
1436,右倾机会主义 左倾机会主义 哲学总结,1436_右倾机会主义_左倾机会主义_哲学总结.md,3,43.79,中国化,中国革命道路与党的思想建设,中国化/中国革命道路与党的思想建设.md,低,16.0,二级自动主题组匹配：左倾、右倾,陈独秀 右倾机会主义 哲学根源(40.94)；瞿秋白 陈独秀 彭述之 右倾机会主义(36.25)；中国革命 经验教训 哲学总结(23.95),0320_陈独秀_右倾机会主义_哲学根源.md；0341_瞿秋白_陈独秀_彭述之_右倾机会主义.md；1437_中国革命_经验教训_哲学总结.md,,右倾机会主义、左倾机会主义,列宁选集第四卷_2012；马克思主义哲学中国化理论与历史；米丁-辩证唯物论与历史唯物论-上-rightToLeft,1020；230；238,是,先核验原卡片再使用,先查主题页《中国革命道路与党的思想建设》，再在 T3/T10 中检索：右倾机会主义|左倾机会主义|哲学总结,否
1437,中国革命 经验教训 哲学总结,1437_中国革命_经验教训_哲学总结.md,3,51.12,中国化,毛泽东哲学思想与中国革命经验,中国化/毛泽东哲学思想与中国革命经验.md,高,115.0,已列入原主题页重点卡片；命中主题种子词：中国革命、经验；主题词重合：中国革命,俄国革命经验 中国革命 套用(28.33)；辛亥革命 意义 经验教训(26.25)；苏联哲学 70年 经验教训(25.88)；苏联哲学 政治化 经验教训(25.88)；大革命失败 原因 经验教训(25.88),0850_俄国革命经验_中国革命_套用.md；1124_辛亥革命_意义_经验教训.md；0806_苏联哲学_70年_经验教训.md；0808_苏联哲学_政治化_经验教训.md；1142_大革命失败_原因_经验教训.md,,中国革命、经验教训、哲学总结,《矛盾论》的主要矛盾理论与《大众哲学》无关及其他；马克思主义哲学在中国：传播、应用、形态、前景；以新的哲学观重新观照马克思主义哲学中国化的历史,3；419-421；1,是,可按主题页优先检索,先查主题页《毛泽东哲学思想与中国革命经验》，再在 T3/T10 中检索：中国革命|经验教训|哲学总结,否
1438,民族形式 马克思主义哲学,1438_民族形式_马克思主义哲学.md,3,53.07,中国哲学传统,中国作风中国气派与马克思主义哲学,中国哲学传统/中国作风中国气派与马克思主义哲学.md,高,112.0,已列入原主题页重点卡片；命中主题种子词：民族形式；主题词重合：民族形式,中国化 民族形式 马克思主义哲学(74.23)；马克思主义哲学 民族形式 民族风格(71.07)；马克思主义哲学 传播形式 转换(46.67)；马克思主义哲学 中国哲学(46.54)；马克思主义哲学 教科书形式 传播(45.94),1336_中国化_民族形式_马克思主义哲学.md；1023_马克思主义哲学_民族形式_民族风格.md；0052_马克思主义哲学_传播形式_转换.md；1823_马克思主义哲学_中国哲学.md；0096_马克思主义哲学_教科书形式_传播.md,,民族形式、马克思主义哲学,二十世纪上半叶马克思主义哲学中国化之检视_王玉平；马克思主义哲学中国化理论与历史；延安时期知识分子群体与马克思主义哲学大众化郭 - 2015 -,221；26；143,是,可按主题页优先检索,先查主题页《中国作风中国气派与马克思主义哲学》，再在 T3/T10 中检索：民族形式|马克思主义哲学,否
1439,情感 理智 生活实践,1439_情感_理智_生活实践.md,3,46.6,理论方法,哲学基本范畴与辩证法原理,理论方法/哲学基本范畴与辩证法原理.md,低,10.0,自动主题组匹配：实践,新哲学 人生观 生活实践(25.77)；认识生活 改革生活 实践(6.25),0391_新哲学_人生观_生活实践.md；1524_认识生活_改革生活_实践.md,,情感、理智、生活实践,胡绳全书.第7卷；童稚集；继承五四和扬弃五四,422-423；201-202；106,是,先核验原卡片再使用,先查主题页《哲学基本范畴与辩证法原理》，再在 T3/T10 中检索：情感|理智|生活实践,否
1440,解脱 人生 悲剧 逃世,1440_解脱_人生_悲剧_逃世.md,3,29.6,新哲学大众化,人生观与青年哲学教育,新哲学大众化/人生观与青年哲学教育.md,中,24.0,二级自动主题组匹配：人生、悲剧、逃世,哲学 反思 人生(12.27)；人生 客观标准 好(12.08)；人生 活动 社会基础(11.92)；人生 三大真理 生活(11.92)；观照态度 人生 静观生活(11.67),0989_哲学_反思_人生.md；1453_人生_客观标准_好.md；1449_人生_活动_社会基础.md；1523_人生_三大真理_生活.md；1441_观照态度_人生_静观生活.md,,人生、悲剧、解脱、逃世,胡绳全书（第四卷）；胡绳全书（第一卷）；中国近代哲学的革命进程,42-43；4-6；311-314,是,可按主题页优先检索,先查主题页《人生观与青年哲学教育》，再在 T3/T10 中检索：解脱|人生|悲剧|逃世,否
1441,观照态度 人生 静观生活,1441_观照态度_人生_静观生活.md,0,0.0,新哲学大众化,人生观与青年哲学教育,新哲学大众化/人生观与青年哲学教育.md,中,28.0,二级自动主题组匹配：人生、观照态度、静观生活,人生 活动 社会基础(13.57)；人生 三大真理 生活(13.57)；哲学 反思 人生(11.92)；人生 客观标准 好(11.79)；解脱 人生 悲剧 逃世(11.67),1449_人生_活动_社会基础.md；1523_人生_三大真理_生活.md；0989_哲学_反思_人生.md；1453_人生_客观标准_好.md；1440_解脱_人生_悲剧_逃世.md,,,,,否,可按主题页优先检索,先查主题页《人生观与青年哲学教育》，再在 T3/T10 中检索：观照态度|人生|静观生活,否
1442,小所有者 个人主义 象牙之塔,1442_小所有者_个人主义_象牙之塔.md,1,33.8,新哲学大众化,人生观与青年哲学教育,新哲学大众化/人生观与青年哲学教育.md,中,20.0,二级自动主题组匹配：个人主义、象牙之塔,个人主义 个性解放 五四(24.41)；青年烦闷 社会原因 小所有者(23.95),0169_个人主义_个性解放_五四.md；0468_青年烦闷_社会原因_小所有者.md,,小所有者、个人主义、象牙之塔,胡绳全书（第一卷）,6-8,是,可按主题页优先检索,先查主题页《人生观与青年哲学教育》，再在 T3/T10 中检索：小所有者|个人主义|象牙之塔,否
1443,现阶段 中国思想 意见,1443_现阶段_中国思想_意见.md,3,47.88,论战与思想运动,中国近代启蒙与民主革命,论战与思想运动/中国近代启蒙与民主革命.md,低,10.0,二级自动主题组匹配：中国思想,近五十年 中国思想 变动(25.36)；第一次世界大战 中国思想 冲击(24.41)；五四前夕 中国思想界 变动(5.0)；中国思想史 春秋战国 近代(5.0),1385_近五十年_中国思想_变动.md；1125_第一次世界大战_中国思想_冲击.md；0124_五四前夕_中国思想界_变动.md；1386_中国思想史_春秋战国_近代.md,,现阶段、中国思想、意见,胡绳全书（第一卷）；马克思主义中国化的起源语境；抗日救亡运动中的文化新声——“新启蒙运动”与中国左翼知识界的文化抗战_王锐,24-27；72；8,是,先核验原卡片再使用,先查主题页《中国近代启蒙与民主革命》，再在 T3/T10 中检索：现阶段|中国思想|意见,否
1444,英雄 英雄主义 思想批评,1444_英雄_英雄主义_思想批评.md,3,36.1,新哲学大众化,人生观与青年哲学教育,新哲学大众化/人生观与青年哲学教育.md,低,10.0,二级自动主题组匹配：英雄主义,李大钊 众庶 英雄(11.92)；革命 英雄 未来 种子(11.79)；反孔思潮 旧思想 批评(5.77)；胡适 实用主义 思想方法(5.36),0351_李大钊_众庶_英雄.md；0954_革命_英雄_未来_种子.md；1402_反孔思潮_旧思想_批评.md；0471_胡适_实用主义_思想方法.md,,英雄、英雄主义,胡绳全书（第一卷）；中国近代思想史论；列宁选集第四卷_2012,89-91；252；45,是,先核验原卡片再使用,先查主题页《人生观与青年哲学教育》，再在 T3/T10 中检索：英雄|英雄主义|思想批评,否
1445,思想斗争 方向 文化,1445_思想斗争_方向_文化.md,3,45.85,其他待人工复核,其他待人工复核,其他待人工复核/其他待人工复核.md,待人工归类,0.0,未命中已有主题页和自动主题组规则，建议人工判断,鲁迅 方向 中华民族新文化(13.33),0256_鲁迅_方向_中华民族新文化.md,,思想斗争、方向、文化,胡绳全书（第一卷）；中国文化与马克思主义；艾思奇全书（第3卷）,305-307；243；161-163,是,可按主题页优先检索,先查主题页《其他待人工复核》，再在 T3/T10 中检索：思想斗争|方向|文化,否
1446,人 自然的人 社会的人,1446_人_自然的人_社会的人.md,3,46.45,新哲学大众化,人生观与青年哲学教育,新哲学大众化/人生观与青年哲学教育.md,中,20.0,二级自动主题组匹配：自然的人、社会的人,社会的人 劳动 工具(26.82),1447_社会的人_劳动_工具.md,,自然的人、社会的人,马恩文集第一卷（1843-1848）；“新哲学”大众化运动研究；中国文化与马克思主义,526；177；324,是,可按主题页优先检索,先查主题页《人生观与青年哲学教育》，再在 T3/T10 中检索：自然的人|社会的人,否
1447,社会的人 劳动 工具,1447_社会的人_劳动_工具.md,3,40.4,理论方法,政治经济学与资本主义批判,理论方法/政治经济学与资本主义批判.md,低,10.0,自动主题组匹配：劳动,人 自然的人 社会的人(26.82)；人类劳动 工具 社会历史(18.33)；劳动 工人阶级(15.0)；剩余价值 劳动(12.27)；劳动 资本主义(12.27),1446_人_自然的人_社会的人.md；1448_人类劳动_工具_社会历史.md；1767_劳动_工人阶级.md；1625_剩余价值_劳动.md；1710_劳动_资本主义.md,,社会的人、劳动、工具,胡绳全书（第四卷）；马克思主义哲学史教程；马克思主义哲学史,10-12；482-484；165-166,是,先核验原卡片再使用,先查主题页《政治经济学与资本主义批判》，再在 T3/T10 中检索：社会的人|劳动|工具,否
1448,人类劳动 工具 社会历史,1448_人类劳动_工具_社会历史.md,3,35.97,理论方法,政治经济学与资本主义批判,理论方法/政治经济学与资本主义批判.md,低,10.0,自动主题组匹配：劳动,辩证法唯物论 社会历史 研究(24.41)；社会历史 研究 辩证法唯物论(24.41)；社会的人 劳动 工具(18.33)；中国社会 历史过程 认识(5.0),1596_辩证法唯物论_社会历史_研究.md；1597_社会历史_研究_辩证法唯物论.md；1447_社会的人_劳动_工具.md；1384_中国社会_历史过程_认识.md,,工具、社会历史、人类劳动,米丁-辩证唯物论与历史唯物论-上-rightToLeft；二十世纪上半叶马克思主义哲学中国化之检视_王玉平；马克思主义哲学中国化理论与历史,287；94；176,是,先核验原卡片再使用,先查主题页《政治经济学与资本主义批判》，再在 T3/T10 中检索：人类劳动|工具|社会历史,否
1449,人生 活动 社会基础,1449_人生_活动_社会基础.md,3,45.49,新哲学大众化,人生观与青年哲学教育,新哲学大众化/人生观与青年哲学教育.md,低,8.0,二级自动主题组匹配：人生,戊戌维新 启蒙运动 社会基础(27.14)；启蒙运动 意义 社会基础(25.77)；通俗宣传 马克思主义哲学 社会基础(24.17)；人生 三大真理 生活(14.17)；观照态度 人生 静观生活(13.57),0165_戊戌维新_启蒙运动_社会基础.md；0152_启蒙运动_意义_社会基础.md；1202_通俗宣传_马克思主义哲学_社会基础.md；1523_人生_三大真理_生活.md；1441_观照态度_人生_静观生活.md,,人生、活动、社会基础,胡绳全书（第四卷）；马恩文集第一卷（1843-1848）；中国现代思想史论,13-15；772；167,是,先核验原卡片再使用,先查主题页《人生观与青年哲学教育》，再在 T3/T10 中检索：人生|活动|社会基础,否
1450,人生意义 价值 偶然性 必然性,1450_人生意义_价值_偶然性_必然性.md,3,45.8,理论方法,哲学基本范畴与辩证法原理,理论方法/哲学基本范畴与辩证法原理.md,中,20.0,自动主题组匹配：偶然性、必然性,偶然性 必然性 苏联哲学(37.14)；必然性 偶然性 大众哲学(35.0)；自我 不朽 人生意义(25.36)；可能性 现实性 人生意义(24.69)；抗战胜利 必然性 毛泽东(17.94),0894_偶然性_必然性_苏联哲学.md；0401_必然性_偶然性_大众哲学.md；1452_自我_不朽_人生意义.md；1451_可能性_现实性_人生意义.md；0595_抗战胜利_必然性_毛泽东.md,,价值、偶然性、必然性,马克思主义哲学史教程；胡绳全书（第四卷）；艾思奇全书（第2卷）,163-165；53-55；614-617,是,可按主题页优先检索,先查主题页《哲学基本范畴与辩证法原理》，再在 T3/T10 中检索：人生意义|价值|偶然性|必然性,否
1451,可能性 现实性 人生意义,1451_可能性_现实性_人生意义.md,3,36.08,理论方法,哲学基本范畴与辩证法原理,理论方法/哲学基本范畴与辩证法原理.md,中,20.0,自动主题组匹配：可能性、现实性,可能性 现实性 目的性(40.42)；自我 不朽 人生意义(25.77)；人生意义 价值 偶然性 必然性(24.69)；马克思主义哲学中国化 现实性(17.63),1530_可能性_现实性_目的性.md；1452_自我_不朽_人生意义.md；1450_人生意义_价值_偶然性_必然性.md；1805_马克思主义哲学中国化_现实性.md,,可能性、现实性,胡绳全书（第四卷）；艾思奇全书（第2卷）；“新理学”批判的批判,58-60；618-620；220,是,可按主题页优先检索,先查主题页《哲学基本范畴与辩证法原理》，再在 T3/T10 中检索：可能性|现实性|人生意义,否
1452,自我 不朽 人生意义,1452_自我_不朽_人生意义.md,3,35.3,新哲学大众化,人生观与青年哲学教育,新哲学大众化/人生观与青年哲学教育.md,中,34.0,二级自动主题组匹配：人生、自我、不朽、人生意义,可能性 现实性 人生意义(25.77)；人生意义 价值 偶然性 必然性(25.36)；龚自珍 自我 衰世 批判(11.79),1451_可能性_现实性_人生意义.md；1450_人生意义_价值_偶然性_必然性.md；1512_龚自珍_自我_衰世_批判.md,,自我、不朽、人生意义,胡绳全书（第四卷）；中国现代思想史论；冯契文集第七卷中国近代哲学的革命进程,73-75；240；330,是,可按主题页优先检索,先查主题页《人生观与青年哲学教育》，再在 T3/T10 中检索：自我|不朽|人生意义,否
1453,人生 客观标准 好,1453_人生_客观标准_好.md,3,44.07,理论方法,哲学基本范畴与辩证法原理,理论方法/哲学基本范畴与辩证法原理.md,低,10.0,自动主题组匹配：客观,哲学 反思 人生(12.5)；解脱 人生 悲剧 逃世(12.08)；人生 活动 社会基础(12.08)；人生 三大真理 生活(12.08)；观照态度 人生 静观生活(11.79),0989_哲学_反思_人生.md；1440_解脱_人生_悲剧_逃世.md；1449_人生_活动_社会基础.md；1523_人生_三大真理_生活.md；1441_观照态度_人生_静观生活.md,,人生、客观标准,“新哲学”大众化运动研究；胡绳对马克思主义哲学“大众化”的贡献；马克思主义中国化的起源语境,178；3；21,是,先核验原卡片再使用,先查主题页《哲学基本范畴与辩证法原理》，再在 T3/T10 中检索：人生|客观标准,否
1454,真理 认识 人生标准,1454_真理_认识_人生标准.md,3,36.33,理论方法,实践观点与认识论,理论方法/实践观点与认识论.md,高,109.0,已列入原主题页重点卡片；命中主题种子词：真理；主题词重合：真理,认识 实践 真理(15.0)；知识 发展 真理(12.27)；真理 追求 哲学(12.27)；真理 阶级性 讨论(12.08),1468_认识_实践_真理.md；1459_知识_发展_真理.md；1460_真理_追求_哲学.md；1361_真理_阶级性_讨论.md,,真理、认识,艾思奇全书（第2卷）；百年中国哲学革命；胡绳全书（第四卷）,579；173-174；84-87,是,可按主题页优先检索,先查主题页《实践观点与认识论》，再在 T3/T10 中检索：真理|认识|人生标准,否
1455,一粒砂 宇宙 哲学,1455_一粒砂_宇宙_哲学.md,3,45.4,新哲学大众化,人生观与青年哲学教育,新哲学大众化/人生观与青年哲学教育.md,低,16.0,二级自动主题组匹配：一粒砂、宇宙,宇宙 社会 本体(12.5)；李大钊 宇宙 大实在(12.08)；圣人 个人 宇宙 同一(12.08),1456_宇宙_社会_本体.md；0348_李大钊_宇宙_大实在.md；0992_圣人_个人_宇宙_同一.md,,一粒砂、宇宙、哲学,胡绳全书（第四卷）；马克思主义哲学在中国传播与发展的百年历史（上）；马克思主义哲学在中国：传播、应用、形态、前景,103-104；264-266；462-464,是,先核验原卡片再使用,先查主题页《人生观与青年哲学教育》，再在 T3/T10 中检索：一粒砂|宇宙|哲学,否
1456,宇宙 社会 本体,1456_宇宙_社会_本体.md,3,46.6,新哲学大众化,人生观与青年哲学教育,新哲学大众化/人生观与青年哲学教育.md,低,16.0,二级自动主题组匹配：宇宙、本体,一粒砂 宇宙 哲学(12.5)；李大钊 宇宙 大实在(12.27)；圣人 个人 宇宙 同一(12.27),1455_一粒砂_宇宙_哲学.md；0348_李大钊_宇宙_大实在.md；0992_圣人_个人_宇宙_同一.md,,宇宙、社会、本体,马克思主义哲学史教程；胡绳全书（第四卷）；马克思主义哲学中国化与中国哲学的现代转型,658-660；130-132；315-318,是,先核验原卡片再使用,先查主题页《人生观与青年哲学教育》，再在 T3/T10 中检索：宇宙|社会|本体,否
1457,物质 运动 发展,1457_物质_运动_发展.md,3,50.8,理论方法,哲学基本范畴与辩证法原理,理论方法/哲学基本范畴与辩证法原理.md,中,20.0,自动主题组匹配：发展、物质,物质 变动 发展(20.71)；文明 精神 物质 现实(12.27)；实践 物质 何者为先(12.27)；孙中山 物质 精神 关系(12.08)；精神 物质 美术 宗教 科学(11.92),1458_物质_变动_发展.md；0944_文明_精神_物质_现实.md；1073_实践_物质_何者为先.md；1604_孙中山_物质_精神_关系.md；1411_精神_物质_美术_宗教_科学.md,,物质、运动、发展,胡绳全书（第四卷）；马克思主义哲学在中国传播与发展的百年历史（下）；艾思奇全书（第2卷）,140-142；562；571-572,是,可按主题页优先检索,先查主题页《哲学基本范畴与辩证法原理》，再在 T3/T10 中检索：物质|运动|发展,否
1458,物质 变动 发展,1458_物质_变动_发展.md,3,52.8,理论方法,哲学基本范畴与辩证法原理,理论方法/哲学基本范畴与辩证法原理.md,中,20.0,自动主题组匹配：发展、物质,物质 运动 发展(20.71)；文明 精神 物质 现实(12.27)；实践 物质 何者为先(12.27)；孙中山 物质 精神 关系(12.08)；近五十年 中国思想 变动(11.92),1457_物质_运动_发展.md；0944_文明_精神_物质_现实.md；1073_实践_物质_何者为先.md；1604_孙中山_物质_精神_关系.md；1385_近五十年_中国思想_变动.md,,物质、变动、发展,胡绳全书（第四卷）；马克思主义哲学在中国传播与发展的百年历史（上）；马克思主义哲学中国化与中国哲学的现代转型,140-142；224-226；596-598,是,可按主题页优先检索,先查主题页《哲学基本范畴与辩证法原理》，再在 T3/T10 中检索：物质|变动|发展,否
1459,知识 发展 真理,1459_知识_发展_真理.md,3,47.4,理论方法,哲学基本范畴与辩证法原理,理论方法/哲学基本范畴与辩证法原理.md,中,20.0,自动主题组匹配：发展、真理,复兴 知识(13.57)；知识 道德(13.57)；真理 追求 哲学(12.78)；认识 实践 真理(12.78)；真理 阶级性 讨论(12.5),2025_复兴_知识.md；2027_知识_道德.md；1460_真理_追求_哲学.md；1468_认识_实践_真理.md；1361_真理_阶级性_讨论.md,,知识、发展、真理,马克思主义哲学在中国传播与发展的百年历史（上）；艾思奇全书（第2卷）；胡绳全书（第四卷）,264-266；261-267；238-239,是,可按主题页优先检索,先查主题页《哲学基本范畴与辩证法原理》，再在 T3/T10 中检索：知识|发展|真理,否
1460,真理 追求 哲学,1460_真理_追求_哲学.md,3,52.6,理论方法,哲学基本范畴与辩证法原理,理论方法/哲学基本范畴与辩证法原理.md,低,10.0,自动主题组匹配：真理,知识 发展 真理(12.78)；认识 实践 真理(12.78)；真理 阶级性 讨论(12.5)；真理 认识 人生标准(12.27)；真理的追求(7.14),1459_知识_发展_真理.md；1468_认识_实践_真理.md；1361_真理_阶级性_讨论.md；1454_真理_认识_人生标准.md；1975_真理的追求.md,,真理、追求、哲学,马克思主义哲学在中国传播与发展的百年历史（上）；马克思主义哲学中国化与中国哲学的现代转型；马克思主义哲学在中国传播与发展的百年历史（下）,264-266；521-523；606-608,是,先核验原卡片再使用,先查主题页《哲学基本范畴与辩证法原理》，再在 T3/T10 中检索：真理|追求|哲学,否
1461,辩证法唯物论 入门 战斗性,1461_辩证法唯物论_入门_战斗性.md,3,50.47,理论方法,哲学基本范畴与辩证法原理,理论方法/哲学基本范畴与辩证法原理.md,低,16.0,二级自动主题组匹配：唯物论、辩证法,辩证法唯物论 毛泽东哲学(38.33)；社会斗争 武器 辩证法唯物论(37.81)；辩证法唯物论 思想 发展情况(37.81)；辩证法唯物论 社会历史 研究(37.81)；社会历史 研究 辩证法唯物论(37.81),1821_辩证法唯物论_毛泽东哲学.md；1462_社会斗争_武器_辩证法唯物论.md；1584_辩证法唯物论_思想_发展情况.md；1596_辩证法唯物论_社会历史_研究.md；1597_社会历史_研究_辩证法唯物论.md,,辩证法唯物论、入门、战斗性,马克思主义哲学在中国传播与发展的百年历史（上）；胡绳对马克思主义哲学“大众化”的贡献；胡绳全书（第四卷）,266-268；4；164-166,是,先核验原卡片再使用,先查主题页《哲学基本范畴与辩证法原理》，再在 T3/T10 中检索：辩证法唯物论|入门|战斗性,否
1462,社会斗争 武器 辩证法唯物论,1462_社会斗争_武器_辩证法唯物论.md,3,51.62,理论方法,哲学基本范畴与辩证法原理,理论方法/哲学基本范畴与辩证法原理.md,低,16.0,二级自动主题组匹配：唯物论、辩证法,辩证法唯物论 无产阶级革命 武器(48.33)；辩证法唯物论 社会历史 研究(39.38)；社会历史 研究 辩证法唯物论(39.38)；辩证法唯物论 入门 战斗性(37.81)；辩证法唯物论 毛泽东哲学(37.81),1208_辩证法唯物论_无产阶级革命_武器.md；1596_辩证法唯物论_社会历史_研究.md；1597_社会历史_研究_辩证法唯物论.md；1461_辩证法唯物论_入门_战斗性.md；1821_辩证法唯物论_毛泽东哲学.md,,社会斗争、武器、辩证法唯物论,胡绳对马克思主义哲学“大众化”的贡献；胡绳全书（第四卷）；马克思主义哲学在中国传播与发展的百年历史（上）,4；169-170；266-268,是,先核验原卡片再使用,先查主题页《哲学基本范畴与辩证法原理》，再在 T3/T10 中检索：社会斗争|武器|辩证法唯物论,否
1463,唯物论 辩证法 世界观,1463_唯物论_辩证法_世界观.md,3,51.2,新哲学大众化,思想方法与世界观教育,新哲学大众化/思想方法与世界观教育.md,高,109.0,已列入原主题页重点卡片；命中主题种子词：世界观；主题词重合：世界观,鲁迅 辩证法 唯物论 理想主义(36.67)；辩证法唯物论 马克思主义政党 世界观(23.82)；反杜林论 辩证法(21.82)；唯物主义 辩证法(21.82)；普列汉诺夫 辩证唯物主义 世界观(20.88),1592_鲁迅_辩证法_唯物论_理想主义.md；1580_辩证法唯物论_马克思主义政党_世界观.md；1666_反杜林论_辩证法.md；1747_唯物主义_辩证法.md；0827_普列汉诺夫_辩证唯物主义_世界观.md,,唯物论、辩证法、世界观,艾思奇全书（第2卷）；马克思主义哲学中国化与中国哲学的现代转型；马克思主义哲学在中国传播与发展的百年历史（下）,726-729；443-446；422-424,是,可按主题页优先检索,先查主题页《思想方法与世界观教育》，再在 T3/T10 中检索：唯物论|辩证法|世界观,否
1464,主观主义 经验主义 批判,1464_主观主义_经验主义_批判.md,3,48.61,理论方法,哲学基本范畴与辩证法原理,理论方法/哲学基本范畴与辩证法原理.md,低,10.0,自动主题组匹配：主观,经验主义 主观主义 批判(59.44)；主观主义 教条主义 经验主义(53.64)；主观主义 教条主义 批判(31.36)；民粹主义 主观主义 批判(31.36)；公式化 主观主义 陈独秀(25.36),1212_经验主义_主观主义_批判.md；1338_主观主义_教条主义_经验主义.md；1211_主观主义_教条主义_批判.md；1588_民粹主义_主观主义_批判.md；0322_公式化_主观主义_陈独秀.md,,主观主义、经验主义、批判,马克思主义哲学中国化与中国道路的哲学表达；米丁-辩证唯物论与历史唯物论-上-rightToLeft；二十世纪上半叶马克思主义哲学中国化之检视_王玉平,5；23；165,是,先核验原卡片再使用,先查主题页《哲学基本范畴与辩证法原理》，再在 T3/T10 中检索：主观主义|经验主义|批判,否
1465,机械论 唯物论 批判,1465_机械论_唯物论_批判.md,3,47.52,苏联哲学,30年代苏联哲学批判运动,苏联哲学/30年代苏联哲学批判运动.md,高,113.0,已列入原主题页重点卡片；命中主题种子词：机械论；主题词重合：机械论；主题域增强：机械论,机械论 机械唯物论 批评(27.5)；唯物论 唯心论 哲学党性(20.77)；瞿秋白 唯物论 唯心论 哲学根本问题(19.17)；唯物论 认识论 反映(19.17)；观念论 人生观 机械论(18.85),1535_机械论_机械唯物论_批评.md；1576_唯物论_唯心论_哲学党性.md；0311_瞿秋白_唯物论_唯心论_哲学根本问题.md；1537_唯物论_认识论_反映.md；0394_观念论_人生观_机械论.md,,机械论、唯物论、批判,马克思主义哲学在中国传播与发展的百年历史（上）；毛泽东哲学批注集：辩证法唯物论教程批注 (毛泽东)；马克思主义哲学在中国传播与发展的百年历史（下）,276-280；328；406-408,是,可按主题页优先检索,先查主题页《30年代苏联哲学批判运动》，再在 T3/T10 中检索：机械论|唯物论|批判,否
1466,形而上学 辩证法 批判,1466_形而上学_辩证法_批判.md,3,44.2,理论方法,哲学基本范畴与辩证法原理,理论方法/哲学基本范畴与辩证法原理.md,低,18.0,二级自动主题组匹配：辩证法、形而上学,形而上学 形式论理学 辩证法(46.54)；辩证法 形而上学 根本观点(44.62)；认识论 论理学 辩证法 一致性(19.69)；形式论理学 辩证法 青年就是青年(19.41)；进攻 防御 辩证法(19.17),0410_形而上学_形式论理学_辩证法.md；1550_辩证法_形而上学_根本观点.md；1534_认识论_论理学_辩证法_一致性.md；0407_形式论理学_辩证法_青年就是青年.md；1325_进攻_防御_辩证法.md,,形而上学、辩证法、批判,艾思奇全书（第2卷）；马克思主义哲学史教程；马克思主义哲学中国化与中国哲学的现代转型,231-234；703；431-433,是,先核验原卡片再使用,先查主题页《哲学基本范畴与辩证法原理》，再在 T3/T10 中检索：形而上学|辩证法|批判,否
1467,矛盾 发展 运动,1467_矛盾_发展_运动.md,3,51.0,理论方法,哲学基本范畴与辩证法原理,理论方法/哲学基本范畴与辩证法原理.md,中,20.0,自动主题组匹配：矛盾、发展,矛盾 两方面 统一(12.5)；矛盾 同一性 斗争性(12.27)；李大钊 矛盾 对抗 调和(12.08)；对抗 矛盾 不是一回事(12.08)；民族资产阶级 矛盾 性质(11.92),1561_矛盾_两方面_统一.md；1319_矛盾_同一性_斗争性.md；0350_李大钊_矛盾_对抗_调和.md；1249_对抗_矛盾_不是一回事.md；1360_民族资产阶级_矛盾_性质.md,,矛盾、发展、运动,马克思主义哲学史（第六卷；马克思主义哲学史；马克思主义哲学在中国：传播、应用、形态、前景,392-394；272；384-387,是,可按主题页优先检索,先查主题页《哲学基本范畴与辩证法原理》，再在 T3/T10 中检索：矛盾|发展|运动,否
1468,认识 实践 真理,1468_认识_实践_真理.md,3,51.0,理论方法,实践观点与认识论,理论方法/实践观点与认识论.md,高,109.0,已列入原主题页重点卡片；命中主题种子词：真理；主题词重合：真理,真理 认识 人生标准(15.0)；知识 发展 真理(12.78)；真理 追求 哲学(12.78)；真理 阶级性 讨论(12.5)；实践 认识论 本体论(5.0),1454_真理_认识_人生标准.md；1459_知识_发展_真理.md；1460_真理_追求_哲学.md；1361_真理_阶级性_讨论.md；1074_实践_认识论_本体论.md,,认识、实践、真理,马克思主义哲学史（第六卷；马克思主义哲学史教程；中国马克思主义学术史纲,376-378；434-435；196-198,是,可按主题页优先检索,先查主题页《实践观点与认识论》，再在 T3/T10 中检索：认识|实践|真理,否
1469,当代资本主义 阶级结构 中间阶级,1469_当代资本主义_阶级结构_中间阶级.md,3,26.46,理论方法,政治经济学与资本主义批判,理论方法/政治经济学与资本主义批判.md,中,23.0,自动主题组匹配：资本主义、资本,资产阶级 资本主义(6.67)；无产阶级 资本主义(6.67)；劳动 资本主义(5.36)；俄国 资本主义(5.36)；宗教 资本主义(5.36),1743_资产阶级_资本主义.md；1771_无产阶级_资本主义.md；1710_劳动_资本主义.md；1713_俄国_资本主义.md；1716_宗教_资本主义.md,,当代资本主义,新教伦理与资本主义精神（当代思想巨匠提序导读、综汇多版精要详注、姊妹篇全面收录、阎克文精修译本。） by 马克斯·韦伯 [马克斯·韦伯] (z-lib.org)；米丁-辩证唯物论与历史唯物论-上-rightToLeft；马克思主义哲学中国化：从现实性到理想性,393；76；7,是,可按主题页优先检索,先查主题页《政治经济学与资本主义批判》，再在 T3/T10 中检索：当代资本主义|阶级结构|中间阶级,否
1470,工人阶级 白领工人 蓝领工人,1470_工人阶级_白领工人_蓝领工人.md,2,51.24,其他待人工复核,其他待人工复核,其他待人工复核/其他待人工复核.md,待人工归类,3.0,未命中已有主题页和自动主题组规则，建议人工判断,工人阶级 英国(27.5)；劳动 工人阶级(27.5)；工人阶级 斗争(27.5)；民族工业 工人阶级 壮大(25.36)；过渡时期 工人阶级 民族资产阶级 矛盾(23.95),1737_工人阶级_英国.md；1767_劳动_工人阶级.md；1778_工人阶级_斗争.md；1423_民族工业_工人阶级_壮大.md；0680_过渡时期_工人阶级_民族资产阶级_矛盾.md,,工人阶级、白领工人、蓝领工人,中国现代思想史论；胡绳全书.第7卷,218；7-9,是,可按主题页优先检索,先查主题页《其他待人工复核》，再在 T3/T10 中检索：工人阶级|白领工人|蓝领工人,否
1471,民族问题 阶级观点 新情况,1471_民族问题_阶级观点_新情况.md,2,36.88,传播史,民族国家与国际关系,传播史/民族国家与国际关系.md,低,10.0,自动主题组匹配：民族,,,,民族问题、新情况、阶级观点,列宁选集第二卷_2012；列宁选集第四卷_2012,10；787,是,先核验原卡片再使用,先查主题页《民族国家与国际关系》，再在 T3/T10 中检索：民族问题|阶级观点|新情况,否
1472,革命问题 和平过渡 武装斗争,1472_革命问题_和平过渡_武装斗争.md,1,37.2,传播史,民族国家与国际关系,传播史/民族国家与国际关系.md,低,10.0,自动主题组匹配：和平,武装斗争 思想 萌芽(25.0)；革命问题 哲学思考 五四(24.41)；三大法宝 统一战线 武装斗争 党的建设(23.26),1140_武装斗争_思想_萌芽.md；0139_革命问题_哲学思考_五四.md；1148_三大法宝_统一战线_武装斗争_党的建设.md,,革命问题、武装斗争,马克思主义中国化探论,120,是,先核验原卡片再使用,先查主题页《民族国家与国际关系》，再在 T3/T10 中检索：革命问题|和平过渡|武装斗争,否
1473,社会主义革命 形式 多样,1473_社会主义革命_形式_多样.md,3,48.64,理论方法,哲学基本范畴与辩证法原理,理论方法/哲学基本范畴与辩证法原理.md,低,10.0,自动主题组匹配：形式,社会主义革命 建设 辩证法(38.93)；社会主义革命 建设 主观主义(38.93)；民主主义革命 社会主义革命 辩证统一(37.81)；民主主义革命 社会主义革命 必然趋势(37.81)；一国胜利理论 列宁 社会主义革命(37.35),0983_社会主义革命_建设_辩证法.md；1357_社会主义革命_建设_主观主义.md；1049_民主主义革命_社会主义革命_辩证统一.md；1050_民主主义革命_社会主义革命_必然趋势.md；0869_一国胜利理论_列宁_社会主义革命.md,,社会主义革命、形式、多样,列宁选集第二卷_2012；列宁选集第三卷_2012；马克思主义哲学中国化的路径选择——从“结合论”走向“创建论”_孙伟平,798；417；3,是,先核验原卡片再使用,先查主题页《哲学基本范畴与辩证法原理》，再在 T3/T10 中检索：社会主义革命|形式|多样,否
1474,资本主义 社会主义 关系,1474_资本主义_社会主义_关系.md,3,49.4,理论方法,政治经济学与资本主义批判,理论方法/政治经济学与资本主义批判.md,中,23.0,自动主题组匹配：资本主义、资本,社会主义 资本主义 辩证关系(52.5)；新民主主义 社会主义 关系(33.64)；劳动 资本主义(27.5)；俄国 资本主义(27.5)；宗教 资本主义(27.5),1262_社会主义_资本主义_辩证关系.md；0527_新民主主义_社会主义_关系.md；1710_劳动_资本主义.md；1713_俄国_资本主义.md；1716_宗教_资本主义.md,,资本主义、社会主义、关系,马克思主义哲学史(第五卷)；中国马克思主义学术史纲；胡绳全书.第7卷,425-427；126-128；29-31,是,可按主题页优先检索,先查主题页《政治经济学与资本主义批判》，再在 T3/T10 中检索：资本主义|社会主义|关系,否
1475,殖民制度 崩溃 资本主义矛盾,1475_殖民制度_崩溃_资本主义矛盾.md,3,37.9,理论方法,政治经济学与资本主义批判,理论方法/政治经济学与资本主义批判.md,中,23.0,自动主题组匹配：资本主义、资本,劳动 资本主义(5.77)；俄国 资本主义(5.77)；宗教 资本主义(5.77)；伦理 资本主义(5.77)；生产 资本主义(5.77),1710_劳动_资本主义.md；1713_俄国_资本主义.md；1716_宗教_资本主义.md；1723_伦理_资本主义.md；1732_生产_资本主义.md,,崩溃、资本主义矛盾,列宁选集第二卷_2012；列宁专题文集·论辩证唯物主义和历史唯物主义；列宁选集第一卷_2012,232；110；257,是,可按主题页优先检索,先查主题页《政治经济学与资本主义批判》，再在 T3/T10 中检索：殖民制度|崩溃|资本主义矛盾,否
1476,社会主义 历史经验 中国 世界,1476_社会主义_历史经验_中国_世界.md,3,56.8,传播史,民族国家与国际关系,传播史/民族国家与国际关系.md,低,12.0,自动主题组匹配：世界,共产主义 社会主义 发展经验(25.88)；俄国 社会主义(25.77)；德国 社会主义(25.77)；法国 社会主义(25.77)；社会主义 列宁(25.77),1477_共产主义_社会主义_发展经验.md；1758_俄国_社会主义.md；1772_德国_社会主义.md；1817_法国_社会主义.md；1840_社会主义_列宁.md,,社会主义、历史经验、中国、世界,胡绳全书.第7卷；马克思主义哲学中国化与中国哲学的现代转型；中国马克思主义学术史纲,10-12；239；122-124,是,先核验原卡片再使用,先查主题页《民族国家与国际关系》，再在 T3/T10 中检索：社会主义|历史经验|中国|世界,否
1477,共产主义 社会主义 发展经验,1477_共产主义_社会主义_发展经验.md,3,48.85,理论方法,哲学基本范畴与辩证法原理,理论方法/哲学基本范畴与辩证法原理.md,低,12.0,自动主题组匹配：发展,资本主义 社会主义 关系(27.14)；新民主主义 社会主义 关系(26.67)；俄国 社会主义(26.25)；德国 社会主义(26.25)；共产主义 劳动(26.25),1474_资本主义_社会主义_关系.md；0527_新民主主义_社会主义_关系.md；1758_俄国_社会主义.md；1772_德国_社会主义.md；1782_共产主义_劳动.md,,共产主义、社会主义、发展经验,米丁-辩证唯物论历史唯物论下-rightToLeft；中国马克思主义学术史纲；马克思主义哲学史,234；140；489-490,是,先核验原卡片再使用,先查主题页《哲学基本范畴与辩证法原理》，再在 T3/T10 中检索：共产主义|社会主义|发展经验,否
1478,马克思主义 命运 世纪之交,1478_马克思主义_命运_世纪之交.md,3,47.53,理论方法,马克思恩格斯经典文本与哲学关系,理论方法/马克思恩格斯经典文本与哲学关系.md,低,10.0,自动主题组匹配：马克思,上海 马克思主义者(7.69)；我的马克思主义观(7.69)；新理学 马克思主义者(7.14)；中国马克思主义 马克思主义者(7.14)；在马克思主义旗帜下(7.14),1740_上海_马克思主义者.md；1933_我的马克思主义观.md；1708_新理学_马克思主义者.md；1788_中国马克思主义_马克思主义者.md；1940_在马克思主义旗帜下.md,,马克思主义、命运、世纪之交,胡绳全书.第7卷；马列著作在中国的出版；马克思主义哲学史教程,24-25；506；814-815,是,先核验原卡片再使用,先查主题页《马克思恩格斯经典文本与哲学关系》，再在 T3/T10 中检索：马克思主义|命运|世纪之交,否
1479,全球化 国家主权 马克思主义,1479_全球化_国家主权_马克思主义.md,3,51.88,理论方法,马克思恩格斯经典文本与哲学关系,理论方法/马克思恩格斯经典文本与哲学关系.md,低,10.0,自动主题组匹配：马克思,上海 马克思主义者(7.14)；我的马克思主义观(7.14)；马克思主义 国家统治思想 危机(6.94)；新理学 马克思主义者(6.67)；中国马克思主义 马克思主义者(6.67),1740_上海_马克思主义者.md；1933_我的马克思主义观.md；1481_马克思主义_国家统治思想_危机.md；1708_新理学_马克思主义者.md；1788_中国马克思主义_马克思主义者.md,,全球化、国家主权、马克思主义,马克思主义哲学中国化的路径选择——从“结合论”走向“创建论”_孙伟平；胡绳全书.第7卷；马克思主义哲学在中国传播与发展的百年历史（下）,6；23-24；572-574,是,先核验原卡片再使用,先查主题页《马克思恩格斯经典文本与哲学关系》，再在 T3/T10 中检索：全球化|国家主权|马克思主义,否
1480,马克思主义 以外 思想 对待,1480_马克思主义_以外_思想_对待.md,3,63.0,理论方法,马克思恩格斯经典文本与哲学关系,理论方法/马克思恩格斯经典文本与哲学关系.md,低,10.0,自动主题组匹配：马克思,上海 马克思主义者(7.69)；我的马克思主义观(7.69)；马克思主义 学术思想 时代背景(7.35)；早期马克思主义 学术思想 开展(7.35)；马克思主义 指导思想 中国革命(7.35),1740_上海_马克思主义者.md；1933_我的马克思主义观.md；0968_马克思主义_学术思想_时代背景.md；0969_早期马克思主义_学术思想_开展.md；1112_马克思主义_指导思想_中国革命.md,,马克思主义、以外、思想、对待,胡绳全书.第7卷；胡绳全书（第一卷）；马克思主义哲学史,26-27；490-493；92-95,是,先核验原卡片再使用,先查主题页《马克思恩格斯经典文本与哲学关系》，再在 T3/T10 中检索：马克思主义|以外|思想|对待,否
1481,马克思主义 国家统治思想 危机,1481_马克思主义_国家统治思想_危机.md,3,48.2,理论方法,马克思恩格斯经典文本与哲学关系,理论方法/马克思恩格斯经典文本与哲学关系.md,低,10.0,自动主题组匹配：马克思,现代自然科学 危机 唯物论(11.19)；马克思主义 以外 思想 对待(7.35)；全球化 国家主权 马克思主义(6.94)；上海 马克思主义者(6.67)；我的马克思主义观(6.67),1542_现代自然科学_危机_唯物论.md；1480_马克思主义_以外_思想_对待.md；1479_全球化_国家主权_马克思主义.md；1740_上海_马克思主义者.md；1933_我的马克思主义观.md,,马克思主义、国家统治思想、危机,胡绳全书.第7卷；百年中国哲学革命；马克思主义哲学史教程,27-28；570-572；598-600,是,先核验原卡片再使用,先查主题页《马克思恩格斯经典文本与哲学关系》，再在 T3/T10 中检索：马克思主义|国家统治思想|危机,否
1482,中国共产党 党史 研究,1482_中国共产党_党史_研究.md,3,50.4,中国化,中国革命道路与党的思想建设,中国化/中国革命道路与党的思想建设.md,低,18.0,二级自动主题组匹配：党史、中国共产党,中国共产党 成立 意义(33.33)；中国共产党 前进 成立(33.33)；以俄为师 心理 中国共产党(32.14)；土地革命 中国共产党 中国化(32.14)；中国共产党 俄国模式 共产国际(31.67),1129_中国共产党_成立_意义.md；1829_中国共产党_前进_成立.md；1156_以俄为师_心理_中国共产党.md；1165_土地革命_中国共产党_中国化.md；0848_中国共产党_俄国模式_共产国际.md,,中国共产党、党史、研究,胡绳全书.第7卷；马克思主义中国化史；马克思主义中国化的历史进程和基本经验研究_石仲泉,85-87；未识别；1,是,先核验原卡片再使用,先查主题页《中国革命道路与党的思想建设》，再在 T3/T10 中检索：中国共产党|党史|研究,否
1483,三十年代 上海 左翼文化工作,1483_三十年代_上海_左翼文化工作.md,3,50.89,苏联哲学,30年代苏联哲学批判运动,苏联哲学/30年代苏联哲学批判运动.md,高,100.0,已列入原主题页重点卡片,三十年代 理论战线 三次论战(24.17)；马克思主义 广泛传播 三十年代(23.75)；三十年代 哲学思想理论战线 论争(23.57)；上海 马克思主义者(11.47),1425_三十年代_理论战线_三次论战.md；0106_马克思主义_广泛传播_三十年代.md；1302_三十年代_哲学思想理论战线_论争.md；1740_上海_马克思主义者.md,,三十年代、上海、左翼文化工作,胡绳全书.第7卷；抗日救亡运动中的文化新声——“新启蒙运动”与中国左翼知识界的文化抗战_王锐；“新哲学”大众化运动研究,119-121；4；280,是,可按主题页优先检索,先查主题页《30年代苏联哲学批判运动》，再在 T3/T10 中检索：三十年代|上海|左翼文化工作,否
1484,党史工作 党史研究 新局面,1484_党史工作_党史研究_新局面.md,1,43.8,中国化,中国革命道路与党的思想建设,中国化/中国革命道路与党的思想建设.md,低,18.0,二级自动主题组匹配：党史、党史研究,马克思主义哲学 学习 新局面(17.78)；中国共产党 党史 研究(5.36),1341_马克思主义哲学_学习_新局面.md；1482_中国共产党_党史_研究.md,,党史工作、党史研究、新局面,胡绳全书.第7卷,85-87,是,先核验原卡片再使用,先查主题页《中国革命道路与党的思想建设》，再在 T3/T10 中检索：党史工作|党史研究|新局面,否
1485,资产阶级 哲学革命 辛亥革命,1485_资产阶级_哲学革命_辛亥革命.md,3,49.48,理论方法,阶级斗争与社会革命理论,理论方法/阶级斗争与社会革命理论.md,高,106.0,已列入原主题页重点卡片；命中主题种子词：革命、阶级,资产阶级民主主义 思想传播 辛亥革命(27.89)；俄国 资产阶级(26.25)；法国 资产阶级(26.25)；无产阶级 资产阶级(26.25)；斗争 资产阶级(26.25),0068_资产阶级民主主义_思想传播_辛亥革命.md；1691_俄国_资产阶级.md；1703_法国_资产阶级.md；1705_无产阶级_资产阶级.md；1717_斗争_资产阶级.md,,资产阶级、哲学革命、辛亥革命,百年中国哲学革命；冯契文集第七卷中国近代哲学的革命进程；胡绳全书（第一卷）,4-5；93；494-496,是,可按主题页优先检索,先查主题页《阶级斗争与社会革命理论》，再在 T3/T10 中检索：资产阶级|哲学革命|辛亥革命,否
1486,冯定 平凡的真理 哲学体系,1486_冯定_平凡的真理_哲学体系.md,3,50.03,理论方法,哲学基本范畴与辩证法原理,理论方法/哲学基本范畴与辩证法原理.md,低,10.0,自动主题组匹配：真理,冯定 平凡的真理 哲学宣传(51.67),1344_冯定_平凡的真理_哲学宣传.md,,冯定、平凡的真理、哲学体系,百年中国哲学革命；以新的哲学观重新观照马克思主义哲学中国化的历史；“新哲学”大众化运动研究,181-182；3；247,是,先核验原卡片再使用,先查主题页《哲学基本范畴与辩证法原理》，再在 T3/T10 中检索：冯定|平凡的真理|哲学体系,否
1487,杨献珍 哲学基本问题 实际工作,1487_杨献珍_哲学基本问题_实际工作.md,3,50.92,理论方法,哲学基本范畴与辩证法原理,理论方法/哲学基本范畴与辩证法原理.md,低,8.0,二级自动主题组匹配：实际,,,,杨献珍、哲学基本问题、实际工作,百年中国哲学革命；“哲学上三次大论战”提法不宜继续使用；“新哲学”大众化运动研究,219-220；3；68,是,先核验原卡片再使用,先查主题页《哲学基本范畴与辩证法原理》，再在 T3/T10 中检索：杨献珍|哲学基本问题|实际工作,否
1488,哲学上三次大论战 提法 批评,1488_哲学上三次大论战_提法_批评.md,3,46.23,论战与思想运动,思想论战与文化批判,论战与思想运动/思想论战与文化批判.md,低,10.0,自动主题组匹配：论战,哲学上三次大论战 提法(70.45)；唯生论 力行哲学 批评(12.94)；王道 新小说 批评(11.56)；冯友兰 新世训 批评(11.47)；郭沫若 徐志摩 批评(11.47),1824_哲学上三次大论战_提法.md；1585_唯生论_力行哲学_批评.md；0964_王道_新小说_批评.md；0476_冯友兰_新世训_批评.md；0960_郭沫若_徐志摩_批评.md,,哲学上三次大论战、提法、批评,“哲学上三次大论战”提法不宜继续使用；百年中国哲学革命；列宁选集第二卷_2012,1；195-197；383,是,先核验原卡片再使用,先查主题页《思想论战与文化批判》，再在 T3/T10 中检索：哲学上三次大论战|提法|批评,否
1489,冯契 智慧说 马克思主义哲学中国化,1489_冯契_智慧说_马克思主义哲学中国化.md,3,55.62,理论方法,马克思恩格斯经典文本与哲学关系,理论方法/马克思恩格斯经典文本与哲学关系.md,低,14.0,自动主题组匹配：马克思,马克思主义哲学中国化 不足(54.06)；李达 马克思主义哲学中国化(54.06)；马克思主义哲学中国化 走向(54.06)；毛泽东 马克思主义哲学中国化(53.24)；马克思主义哲学中国化 现实性(53.24),1432_马克思主义哲学中国化_不足.md；1751_李达_马克思主义哲学中国化.md；1816_马克思主义哲学中国化_走向.md；1748_毛泽东_马克思主义哲学中国化.md；1805_马克思主义哲学中国化_现实性.md,,冯契、智慧说、马克思主义哲学中国化,百年中国哲学革命；马克思主义哲学中国化理论与历史；马克思主义哲学中国化与中国哲学的现代转型,206-208；365；531-533,是,先核验原卡片再使用,先查主题页《马克思恩格斯经典文本与哲学关系》，再在 T3/T10 中检索：冯契|智慧说|马克思主义哲学中国化,否
1490,辩证法唯物论 讲授提纲 史实纠谬,1490_辩证法唯物论_讲授提纲_史实纠谬.md,3,43.8,学科史,哲学教学与学术制度建设,学科史/哲学教学与学术制度建设.md,中,20.0,二级自动主题组匹配：讲授提纲、史实纠谬,辩证法唯物论 讲授提纲 毛泽东(64.06)；辩证法唯物论 入门 战斗性(36.94)；辩证法唯物论 毛泽东哲学(36.94)；社会斗争 武器 辩证法唯物论(36.58)；辩证法唯物论 思想 发展情况(36.58),0537_辩证法唯物论_讲授提纲_毛泽东.md；1461_辩证法唯物论_入门_战斗性.md；1821_辩证法唯物论_毛泽东哲学.md；1462_社会斗争_武器_辩证法唯物论.md；1584_辩证法唯物论_思想_发展情况.md,,辩证法唯物论、讲授提纲、史实纠谬,百年中国哲学革命；马克思主义哲学在中国传播与发展的百年历史（下）；马克思主义哲学中国化理论与历史,269；432-434；445,是,可按主题页优先检索,先查主题页《哲学教学与学术制度建设》，再在 T3/T10 中检索：辩证法唯物论|讲授提纲|史实纠谬,否
1491,熊十力 新唯识论 述评,1491_熊十力_新唯识论_述评.md,3,56.2,中国哲学传统,中国哲学传统与现代转型,中国哲学传统/中国哲学传统与现代转型.md,低,10.0,自动主题组匹配：熊十力,,,,熊十力、新唯识论、述评,百年中国哲学革命；中国近代哲学的革命进程；马克思主义哲学中国化的历史进程,338；475；4,是,先核验原卡片再使用,先查主题页《中国哲学传统与现代转型》，再在 T3/T10 中检索：熊十力|新唯识论|述评,否
1492,中国传统哲学 精华 发掘,1492_中国传统哲学_精华_发掘.md,3,51.05,中国哲学传统,马克思主义哲学与中国文化传统结合,中国哲学传统/马克思主义哲学与中国文化传统结合.md,高,100.0,已列入原主题页重点卡片,唯物史观 研究 中国传统哲学(38.33)；毛泽东 实践论 中国传统哲学(38.33)；马克思主义哲学 中国传统哲学 结合(37.35)；马克思主义哲学 中国传统哲学 形态(37.35)；中国传统哲学 认识论 知行观 批判总结(36.58),0042_唯物史观_研究_中国传统哲学.md；0570_毛泽东_实践论_中国传统哲学.md；1417_马克思主义哲学_中国传统哲学_结合.md；1797_马克思主义哲学_中国传统哲学_形态.md；1430_中国传统哲学_认识论_知行观_批判总结.md,,中国传统哲学、精华、发掘,20世纪30年代~40年代马克思主义哲学与中国传统哲学结合的形态_李维武；马克思主义哲学中国化的若干新思考；马克思主义哲学与中国哲学相结合的思考,8；3；4,是,可按主题页优先检索,先查主题页《马克思主义哲学与中国文化传统结合》，再在 T3/T10 中检索：中国传统哲学|精华|发掘,否
1493,中国现代哲学 思想来源 多元 主流,1493_中国现代哲学_思想来源_多元_主流.md,3,49.0,中国哲学传统,中国哲学现代转型,中国哲学传统/中国哲学现代转型.md,高,114.0,已列入原主题页重点卡片；命中主题种子词：中国现代哲学；主题词重合：中国现代哲学,中国现代哲学 张申府(37.81)；毛泽东哲学 中国现代哲学(37.35)；列宁主义 定义 思想来源 基本原则 争论(23.0)；毛泽东哲学思想 中国化形态(5.0),1830_中国现代哲学_张申府.md；0628_毛泽东哲学_中国现代哲学.md；0897_列宁主义_定义_思想来源_基本原则_争论.md；0497_毛泽东哲学思想_中国化形态.md,,中国现代哲学、思想来源、多元、主流,百年中国哲学革命；“新理学”批判的批判；中国现代思想史论,397；9；321,是,可按主题页优先检索,先查主题页《中国哲学现代转型》，再在 T3/T10 中检索：中国现代哲学|思想来源|多元|主流,否
1494,马克思主义哲学中国化 历史进程,1494_马克思主义哲学中国化_历史进程.md,3,57.16,学科史,马克思主义哲学中国化研究范式,学科史/马克思主义哲学中国化研究范式.md,高,114.0,已列入原主题页重点卡片；命中主题种子词：马克思主义哲学中国化；主题词重合：马克思主义哲学中国化,马克思主义哲学中国化 不足(55.0)；李达 马克思主义哲学中国化(55.0)；马克思主义哲学中国化 走向(55.0)；历史观 革命 马克思主义哲学中国化(54.71)；毛泽东 马克思主义哲学中国化(54.06),1432_马克思主义哲学中国化_不足.md；1751_李达_马克思主义哲学中国化.md；1816_马克思主义哲学中国化_走向.md；1433_历史观_革命_马克思主义哲学中国化.md；1748_毛泽东_马克思主义哲学中国化.md,,马克思主义哲学中国化、历史进程,马克思主义哲学中国化的历史进程；马克思主义哲学中国化_问题与进路_孙伟平；马克思主义哲学中国化的路径选择——从“结合论”走向“创建论”_孙伟平,6；4；1,是,可按主题页优先检索,先查主题页《马克思主义哲学中国化研究范式》，再在 T3/T10 中检索：马克思主义哲学中国化|历史进程,否
1495,李约瑟 辩证唯物主义 渊源 中国,1495_李约瑟_辩证唯物主义_渊源_中国.md,3,73.8,其他待人工复核,其他待人工复核,其他待人工复核/其他待人工复核.md,待人工归类,14.0,未命中已有主题页和自动主题组规则，建议人工判断,瞿秋白 辩证唯物主义 中国化(38.82)；瞿秋白 辩证唯物主义 中国传播(38.33)；历史唯物主义 辩证唯物主义(38.33)；唯心主义 辩证唯物主义(38.33)；辩证唯物主义 研讨 争论(37.81),0300_瞿秋白_辩证唯物主义_中国化.md；0288_瞿秋白_辩证唯物主义_中国传播.md；1707_历史唯物主义_辩证唯物主义.md；1766_唯心主义_辩证唯物主义.md；0981_辩证唯物主义_研讨_争论.md,,李约瑟、辩证唯物主义、渊源、中国,百年中国哲学革命；中国文化与马克思主义；“新哲学”大众化运动研究,467-468；23；190,是,可按主题页优先检索,先查主题页《其他待人工复核》，再在 T3/T10 中检索：李约瑟|辩证唯物主义|渊源|中国,否
1496,马克思主义中国化 文化背景,1496_马克思主义中国化_文化背景.md,3,54.38,理论方法,马克思恩格斯经典文本与哲学关系,理论方法/马克思恩格斯经典文本与哲学关系.md,低,18.0,自动主题组匹配：马克思,马克思主义中国化 文化契合(57.31)；马克思主义中国化 文化融合 文化重构(54.06)；马克思主义中国化 前瞻(53.46)；起源 马克思主义中国化(53.46)；马克思主义中国化 思潮(53.46),1621_马克思主义中国化_文化契合.md；1622_马克思主义中国化_文化融合_文化重构.md；1180_马克思主义中国化_前瞻.md；1761_起源_马克思主义中国化.md；1827_马克思主义中国化_思潮.md,,马克思主义中国化、文化背景,马克思主义中国化的起源语境；马克思主义中国化研究的历史、现状与方法论_郭建宁；20世纪上半叶“中国化”思潮与“马克思主义中国化”起源研究述评_赵铁锁,4；6；5,是,先核验原卡片再使用,先查主题页《马克思恩格斯经典文本与哲学关系》，再在 T3/T10 中检索：马克思主义中国化|文化背景,否
1497,马克思主义中国化 政治层面 学术层面,1497_马克思主义中国化_政治层面_学术层面.md,3,59.38,理论方法,马克思恩格斯经典文本与哲学关系,理论方法/马克思恩格斯经典文本与哲学关系.md,低,18.0,自动主题组匹配：马克思,学术论战 马克思主义中国化(51.76)；马克思主义中国化 提出 学术史(51.11)；马克思主义中国化 前瞻(50.94)；起源 马克思主义中国化(50.94)；马克思主义中国化 思潮(50.94),0974_学术论战_马克思主义中国化.md；0920_马克思主义中国化_提出_学术史.md；1180_马克思主义中国化_前瞻.md；1761_起源_马克思主义中国化.md；1827_马克思主义中国化_思潮.md,,马克思主义中国化、政治层面、学术层面,百年中国哲学革命；马克思主义中国化的历史进程和基本经验研究_石仲泉；马克思主义中国化研究的历史、现状与方法论_郭建宁,481-483；2；4,是,先核验原卡片再使用,先查主题页《马克思恩格斯经典文本与哲学关系》，再在 T3/T10 中检索：马克思主义中国化|政治层面|学术层面,否
1498,独立人格 唯上 唯书,1498_独立人格_唯上_唯书.md,2,39.33,其他待人工复核,其他待人工复核,其他待人工复核/其他待人工复核.md,待人工归类,0.0,未命中已有主题页和自动主题组规则，建议人工判断,,,,唯上、唯书,百年中国哲学革命；二十世纪上半叶马克思主义哲学中国化之检视_王玉平,539-540；205,是,可按主题页优先检索,先查主题页《其他待人工复核》，再在 T3/T10 中检索：独立人格|唯上|唯书,否
1499,中国近代哲学 社会矛盾 政治思想斗争,1499_中国近代哲学_社会矛盾_政治思想斗争.md,3,57.28,理论方法,哲学基本范畴与辩证法原理,理论方法/哲学基本范畴与辩证法原理.md,低,10.0,自动主题组匹配：矛盾,中国近代哲学 冯契(37.35)；中国近代哲学 古今中西(36.58)；中国近现代 社会矛盾 马克思主义哲学传播(25.77)；半殖民地半封建 社会矛盾 哲学(24.35)；古今中西 之争 中国近代哲学革命(5.43),1835_中国近代哲学_冯契.md；1695_中国近代哲学_古今中西.md；0101_中国近现代_社会矛盾_马克思主义哲学传播.md；1500_半殖民地半封建_社会矛盾_哲学.md；0767_古今中西_之争_中国近代哲学革命.md,,中国近代哲学、社会矛盾、政治思想斗争,冯契文集第七卷中国近代哲学的革命进程；中国近代哲学的革命进程；中国近代思想史论,3；2-4；382,是,先核验原卡片再使用,先查主题页《哲学基本范畴与辩证法原理》，再在 T3/T10 中检索：中国近代哲学|社会矛盾|政治思想斗争,否
1500,半殖民地半封建 社会矛盾 哲学,1500_半殖民地半封建_社会矛盾_哲学.md,3,52.48,论战与思想运动,中国社会性质论战,论战与思想运动/中国社会性质论战.md,高,123.0,已列入原主题页重点卡片；命中主题种子词：半殖民地半封建、半殖民地、半封建；主题词重合：半殖民地半封建,中国近代哲学 社会矛盾 政治思想斗争(24.35)；中国近现代 社会矛盾 马克思主义哲学传播(24.0)；半殖民地 半封建 新思潮派(9.38)；中国启蒙运动 半殖民地 半封建(8.33),1499_中国近代哲学_社会矛盾_政治思想斗争.md；0101_中国近现代_社会矛盾_马克思主义哲学传播.md；1397_半殖民地_半封建_新思潮派.md；0157_中国启蒙运动_半殖民地_半封建.md,,半殖民地半封建、社会矛盾、哲学,冯契文集第七卷中国近代哲学的革命进程；中国近代哲学的革命进程；马克思主义哲学史（第六卷,2；2-5,是,可按主题页优先检索,先查主题页《中国社会性质论战》，再在 T3/T10 中检索：半殖民地半封建|社会矛盾|哲学,否
1501,帝国主义 中华民族 矛盾,1501_帝国主义_中华民族_矛盾.md,3,49.42,传播史,民族国家与国际关系,传播史/民族国家与国际关系.md,中,23.0,自动主题组匹配：民族、帝国主义,帝国主义 战争(26.82)；帝国主义 德国(26.82)；帝国主义 资本主义(26.25)；列宁 帝国主义 世界历史(25.0)；帝国主义 资本主义最高阶段(24.69),1720_帝国主义_战争.md；1760_帝国主义_德国.md；1730_帝国主义_资本主义.md；0838_列宁_帝国主义_世界历史.md；1655_帝国主义_资本主义最高阶段.md,,帝国主义、中华民族、矛盾,马克思主义哲学史（第六卷；抗日救亡运动中的文化新声——“新启蒙运动”与中国左翼知识界的文化抗战_王锐；胡绳全书（第四卷）,2-5；15；192-193,是,可按主题页优先检索,先查主题页《民族国家与国际关系》，再在 T3/T10 中检索：帝国主义|中华民族|矛盾,否
1502,封建主义 人民大众 矛盾,1502_封建主义_人民大众_矛盾.md,3,49.18,理论方法,哲学基本范畴与辩证法原理,理论方法/哲学基本范畴与辩证法原理.md,低,10.0,自动主题组匹配：矛盾,胡适 封建主义 抽象名词(25.0)；帝国主义 中华民族 矛盾(13.12)；社会主义社会 前进动力 矛盾(12.94)；马克思主义中国化 进展 矛盾(12.78)；社会主义制度 生产力落后 矛盾(12.63),0473_胡适_封建主义_抽象名词.md；1501_帝国主义_中华民族_矛盾.md；1355_社会主义社会_前进动力_矛盾.md；1163_马克思主义中国化_进展_矛盾.md；1248_社会主义制度_生产力落后_矛盾.md,,封建主义、人民大众、矛盾,马克思主义中国化的起源语境；马克思主义哲学史（第六卷；马克思主义哲学中国化理论与历史,33；2-5；463,是,先核验原卡片再使用,先查主题页《哲学基本范畴与辩证法原理》，再在 T3/T10 中检索：封建主义|人民大众|矛盾,否
1503,中学为体 西学为用 批判,1503_中学为体_西学为用_批判.md,3,51.08,论战与思想运动,中国近代启蒙与民主革命,论战与思想运动/中国近代启蒙与民主革命.md,中,20.0,二级自动主题组匹配：中学为体、西学为用,中学为体 西学为用 思潮(55.0)；中学为体 西学为用 洋务运动(52.5),1391_中学为体_西学为用_思潮.md；1379_中学为体_西学为用_洋务运动.md,,中学为体、西学为用、批判,“新理学”批判的批判；中国文化与马克思主义；抗战时期重庆马克思主义知识群体“学术中国化”研究特点与启示_于文善,108；397；4,是,可按主题页优先检索,先查主题页《中国近代启蒙与民主革命》，再在 T3/T10 中检索：中学为体|西学为用|批判,否
1504,马克思主义 中国优秀传统 结合,1504_马克思主义_中国优秀传统_结合.md,3,58.19,理论方法,马克思恩格斯经典文本与哲学关系,理论方法/马克思恩格斯经典文本与哲学关系.md,低,10.0,自动主题组匹配：马克思,马克思主义哲学 中国优秀传统 结合(48.33)；马克思主义哲学 中国哲学传统 结合(11.76)；马克思主义哲学 中国文化传统 结合(11.11)；中国传统文化 马克思主义 结合(10.29)；马克思主义 中国传统文化 关系(10.29),1416_马克思主义哲学_中国优秀传统_结合.md；0726_马克思主义哲学_中国哲学传统_结合.md；1228_马克思主义哲学_中国文化传统_结合.md；0756_中国传统文化_马克思主义_结合.md；0764_马克思主义_中国传统文化_关系.md,,马克思主义、中国优秀传统、结合,马克思主义基本原理同中华优秀传统文化相结合学理探析_田鹏颖；抗战时期的“中国化”思潮与马克思主义中国化_张立慧；马克思主义哲学中国化理论与历史,5；483,是,先核验原卡片再使用,先查主题页《马克思恩格斯经典文本与哲学关系》，再在 T3/T10 中检索：马克思主义|中国优秀传统|结合,否
1505,历史观 认识论 近代哲学,1505_历史观_认识论_近代哲学.md,3,51.92,理论方法,哲学基本范畴与辩证法原理,理论方法/哲学基本范畴与辩证法原理.md,中,20.0,自动主题组匹配：认识、认识论,群众路线 认识论(18.85)；列宁 感觉 认识论(18.85)；分析 综合 认识论(18.85)；归纳 演绎 认识论(18.85)；历史观 革命 马克思主义哲学中国化(18.75),0598_群众路线_认识论.md；0836_列宁_感觉_认识论.md；1548_分析_综合_认识论.md；1549_归纳_演绎_认识论.md；1433_历史观_革命_马克思主义哲学中国化.md,,历史观、认识论、近代哲学,马克思主义哲学中国化与中国哲学的现代转型；冯契文集第七卷中国近代哲学的革命进程；中国近代哲学的革命进程,543；586；625-628,是,可按主题页优先检索,先查主题页《哲学基本范畴与辩证法原理》，再在 T3/T10 中检索：历史观|认识论|近代哲学,否
1506,知行 主观 客观 关系,1506_知行_主观_客观_关系.md,3,52.0,理论方法,哲学基本范畴与辩证法原理,理论方法/哲学基本范畴与辩证法原理.md,中,20.0,自动主题组匹配：主观、客观,战争 主观 客观 关系(23.89)；人生观 主观 直觉 综合(11.79)；持久战 主观客观 条件(6.25),1322_战争_主观_客观_关系.md；0193_人生观_主观_直觉_综合.md；1219_持久战_主观客观_条件.md,,知行、主观、客观、关系,百年中国哲学革命；马克思主义哲学中国化与中国哲学的现代转型；马克思主义哲学的中国化及其历程,261-263；487-488；207-209,是,可按主题页优先检索,先查主题页《哲学基本范畴与辩证法原理》，再在 T3/T10 中检索：知行|主观|客观|关系,否
1507,哲学革命 政治革命 先导,1507_哲学革命_政治革命_先导.md,3,48.92,其他待人工复核,其他待人工复核,其他待人工复核/其他待人工复核.md,待人工归类,3.0,未命中已有主题页和自动主题组规则，建议人工判断,资产阶级 哲学革命 辛亥革命(25.0)；战争 政治 革命(7.5),1485_资产阶级_哲学革命_辛亥革命.md；1323_战争_政治_革命.md,,哲学革命、政治革命、先导,百年中国哲学革命；冯契文集第七卷中国近代哲学的革命进程；马克思主义哲学中国化与中国哲学的现代转型,4-5；6；543,是,可按主题页优先检索,先查主题页《其他待人工复核》，再在 T3/T10 中检索：哲学革命|政治革命|先导,否
1508,西方哲学 中国古代哲学 影响,1508_西方哲学_中国古代哲学_影响.md,3,51.56,其他待人工复核,其他待人工复核,其他待人工复核/其他待人工复核.md,待人工归类,0.0,未命中已有主题页和自动主题组规则，建议人工判断,马克思主义哲学 中国古代哲学 局限(38.82)；马克思主义哲学 西方哲学 关系(24.17)；西方哲学 工业 商业 思维方式(24.17)；科学理性 个性自由 西方哲学(24.17)；马克思主义哲学 超越 西方哲学(24.17),1229_马克思主义哲学_中国古代哲学_局限.md；1080_马克思主义哲学_西方哲学_关系.md；1081_西方哲学_工业_商业_思维方式.md；1082_科学理性_个性自由_西方哲学.md；1083_马克思主义哲学_超越_西方哲学.md,,西方哲学、中国古代哲学、影响,冯契文集第七卷中国近代哲学的革命进程；抗战时期的“中国化”思潮与马克思主义中国化_张立慧；认识世界和认识自己,6；2；26,是,可按主题页优先检索,先查主题页《其他待人工复核》，再在 T3/T10 中检索：西方哲学|中国古代哲学|影响,否
1509,实证论 非理性主义 中国影响,1509_实证论_非理性主义_中国影响.md,3,38.57,其他待人工复核,其他待人工复核,其他待人工复核/其他待人工复核.md,待人工归类,3.0,未命中已有主题页和自动主题组规则，建议人工判断,斯大林哲学体系 中国影响(24.17)；苏联哲学教科书 中国影响(24.17)；列宁 东方民族革命理论 中国影响(23.57)；国际共产主义运动 中国 影响(5.56),0819_斯大林哲学体系_中国影响.md；0861_苏联哲学教科书_中国影响.md；0846_列宁_东方民族革命理论_中国影响.md；1285_国际共产主义运动_中国_影响.md,,实证论、非理性主义,马克思主义哲学中国化理论与历史；冯契文集第七卷中国近代哲学的革命进程；认识世界和认识自己,365；244；8,是,可按主题页优先检索,先查主题页《其他待人工复核》，再在 T3/T10 中检索：实证论|非理性主义|中国影响,否
1510,马赫主义 实用主义 新实在论 逻辑实证论,1510_马赫主义_实用主义_新实在论_逻辑实证论.md,3,58.37,其他待人工复核,其他待人工复核,其他待人工复核/其他待人工复核.md,待人工归类,12.0,未命中已有主题页和自动主题组规则，建议人工判断,经验 马赫主义(24.41)；唯心主义 马赫主义(24.17)；胡适 实用主义 批判(23.95)；马赫主义 批判 反映论(23.75)；胡适 实用主义 布尔乔亚(23.57),1762_经验_马赫主义.md；1728_唯心主义_马赫主义.md；0454_胡适_实用主义_批判.md；1538_马赫主义_批判_反映论.md；0469_胡适_实用主义_布尔乔亚.md,,马赫主义、实用主义、新实在论、逻辑实证论,冯契文集第七卷中国近代哲学的革命进程；中国文化与马克思主义；中国近代哲学的革命进程,6；210；4-8,是,可按主题页优先检索,先查主题页《其他待人工复核》，再在 T3/T10 中检索：马赫主义|实用主义|新实在论|逻辑实证论,否
1511,尼采 柏格森 中国近代影响,1511_尼采_柏格森_中国近代影响.md,3,34.68,论战与思想运动,中国近代启蒙与民主革命,论战与思想运动/中国近代启蒙与民主革命.md,低,16.0,二级自动主题组匹配：柏格森、尼采,柏格森 思想 介绍(18.57)；中国近代哲学 冯契(5.36)；中国近代史 评介 胡绳(5.0),1405_柏格森_思想_介绍.md；1835_中国近代哲学_冯契.md；0450_中国近代史_评介_胡绳.md,,尼采、柏格森,中国近代哲学的革命进程；冯契文集第七卷中国近代哲学的革命进程；马克思主义哲学中国化研究的问题与视野_何萍,4-8；286；7,是,先核验原卡片再使用,先查主题页《中国近代启蒙与民主革命》，再在 T3/T10 中检索：尼采|柏格森|中国近代影响,否
1512,龚自珍 自我 衰世 批判,1512_龚自珍_自我_衰世_批判.md,3,47.58,论战与思想运动,中国近代启蒙与民主革命,论战与思想运动/中国近代启蒙与民主革命.md,低,8.0,二级自动主题组匹配：龚自珍,龚自珍 自尊其心 历史变易(20.0)；魏源 龚自珍(20.0)；龚自珍 个性解放 人生理想(18.12)；自我 不朽 人生意义(11.79),1513_龚自珍_自尊其心_历史变易.md；1909_魏源_龚自珍.md；1514_龚自珍_个性解放_人生理想.md；1452_自我_不朽_人生意义.md,,龚自珍、自我、衰世、批判,中国近代哲学的革命进程；冯契文集第七卷中国近代哲学的革命进程；马克思主义哲学史教程,35-38；35；51,是,先核验原卡片再使用,先查主题页《中国近代启蒙与民主革命》，再在 T3/T10 中检索：龚自珍|自我|衰世|批判,否
1513,龚自珍 自尊其心 历史变易,1513_龚自珍_自尊其心_历史变易.md,2,49.76,论战与思想运动,中国近代启蒙与民主革命,论战与思想运动/中国近代启蒙与民主革命.md,低,8.0,二级自动主题组匹配：龚自珍,龚自珍 自我 衰世 批判(20.0)；魏源 龚自珍(19.17)；龚自珍 个性解放 人生理想(17.78),1512_龚自珍_自我_衰世_批判.md；1909_魏源_龚自珍.md；1514_龚自珍_个性解放_人生理想.md,,龚自珍、自尊其心、历史变易,冯契文集第七卷中国近代哲学的革命进程；中国近代哲学的革命进程,41；41-44,是,先核验原卡片再使用,先查主题页《中国近代启蒙与民主革命》，再在 T3/T10 中检索：龚自珍|自尊其心|历史变易,否
1514,龚自珍 个性解放 人生理想,1514_龚自珍_个性解放_人生理想.md,3,49.14,论战与思想运动,中国近代启蒙与民主革命,论战与思想运动/中国近代启蒙与民主革命.md,低,8.0,二级自动主题组匹配：龚自珍,谭嗣同 仁学 个性解放(25.0)；个人主义 个性解放 五四(24.69)；魏源 龚自珍(19.17)；龚自珍 自我 衰世 批判(18.12)；龚自珍 自尊其心 历史变易(17.78),0163_谭嗣同_仁学_个性解放.md；0169_个人主义_个性解放_五四.md；1909_魏源_龚自珍.md；1512_龚自珍_自我_衰世_批判.md；1513_龚自珍_自尊其心_历史变易.md,,龚自珍、个性解放、人生理想,冯契文集第七卷中国近代哲学的革命进程；中国近代哲学的革命进程；认识世界和认识自己,636；48-52；23,是,先核验原卡片再使用,先查主题页《中国近代启蒙与民主革命》，再在 T3/T10 中检索：龚自珍|个性解放|人生理想,否
1515,魏源 善言古者 验于今,1515_魏源_善言古者_验于今.md,2,47.17,论战与思想运动,中国近代启蒙与民主革命,论战与思想运动/中国近代启蒙与民主革命.md,低,8.0,二级自动主题组匹配：魏源,魏源 龚自珍(12.27)；魏源 我有乘于物 及之而后知(11.39),1909_魏源_龚自珍.md；1516_魏源_我有乘于物_及之而后知.md,,魏源、善言古者、验于今,中国近代哲学的革命进程；冯契文集第七卷中国近代哲学的革命进程,59-63；60,是,先核验原卡片再使用,先查主题页《中国近代启蒙与民主革命》，再在 T3/T10 中检索：魏源|善言古者|验于今,否
1516,魏源 我有乘于物 及之而后知,1516_魏源_我有乘于物_及之而后知.md,3,50.08,论战与思想运动,中国近代启蒙与民主革命,论战与思想运动/中国近代启蒙与民主革命.md,低,8.0,二级自动主题组匹配：魏源,魏源 龚自珍(11.79)；魏源 善言古者 验于今(11.39),1909_魏源_龚自珍.md；1515_魏源_善言古者_验于今.md,,魏源、我有乘于物、及之而后知,冯契文集第七卷中国近代哲学的革命进程；中国近代哲学的革命进程；马克思主义哲学中国化理论与历史,63；63-65；455,是,先核验原卡片再使用,先查主题页《中国近代启蒙与民主革命》，再在 T3/T10 中检索：魏源|我有乘于物|及之而后知,否
1517,洪秀全 洪仁玕 神学 革命世界观,1517_洪秀全_洪仁玕_神学_革命世界观.md,3,52.97,新哲学大众化,思想方法与世界观教育,新哲学大众化/思想方法与世界观教育.md,高,103.0,已列入原主题页重点卡片；命中主题种子词：世界观,,,,洪秀全、洪仁玕、神学、革命世界观,中国近代哲学的革命进程；冯契文集第七卷中国近代哲学的革命进程；马克思主义哲学中国化与中国哲学的现代转型,72-76；72；545-546,是,可按主题页优先检索,先查主题页《思想方法与世界观教育》，再在 T3/T10 中检索：洪秀全|洪仁玕|神学|革命世界观,否
1518,道器 本末 中西论争,1518_道器_本末_中西论争.md,2,46.25,中国哲学传统,中国古代哲学概念与思想传统,中国哲学传统/中国古代哲学概念与思想传统.md,低,16.0,二级自动主题组匹配：道器、本末,古今中西 论争 中西体用(6.25),0768_古今中西_论争_中西体用.md,,道器、本末、中西论争,冯契文集第七卷中国近代哲学的革命进程；中国近代哲学的革命进程,79；83-86,是,先核验原卡片再使用,先查主题页《中国古代哲学概念与思想传统》，再在 T3/T10 中检索：道器|本末|中西论争,否
1519,哲学 不空洞 实际生活,1519_哲学_不空洞_实际生活.md,3,50.04,理论方法,哲学基本范畴与辩证法原理,理论方法/哲学基本范畴与辩证法原理.md,低,8.0,二级自动主题组匹配：实际,,,,哲学、不空洞、实际生活,艾思奇全书（第2卷）；“新哲学”大众化运动研究；苏联哲学70年,5-7；137；198-201,是,先核验原卡片再使用,先查主题页《哲学基本范畴与辩证法原理》，再在 T3/T10 中检索：哲学|不空洞|实际生活,否
1520,哲学 日常感想 宇宙万物变化,1520_哲学_日常感想_宇宙万物变化.md,3,36.45,新哲学大众化,大众哲学案例与社会生活,新哲学大众化/大众哲学案例与社会生活.md,低,10.0,二级自动主题组匹配：日常感想,大众哲学 日常生活(5.0),1632_大众哲学_日常生活.md,,哲学、日常感想,艾思奇全书（第2卷）；艾思奇全书（第1卷）；“新哲学”大众化运动研究,2-3；413-144；42,是,先核验原卡片再使用,先查主题页《大众哲学案例与社会生活》，再在 T3/T10 中检索：哲学|日常感想|宇宙万物变化,否
1521,吃了亏的人 哲学 生活,1521_吃了亏的人_哲学_生活.md,3,50.48,新哲学大众化,大众哲学案例与社会生活,新哲学大众化/大众哲学案例与社会生活.md,中,28.0,二级自动主题组匹配：生活、哲学 生活、吃了亏的人,人生观 哲学 生活(6.82)；哲学 生活 人生观(6.82)；哲学 生活 竞技 训练(6.25),0234_人生观_哲学_生活.md；0235_哲学_生活_人生观.md；1526_哲学_生活_竞技_训练.md,,吃了亏的人、哲学、生活,艾思奇全书（第2卷）；“新哲学”大众化运动研究；马克思主义哲学在中国传播与发展的百年历史（上）,7-10；135；250-254,是,可按主题页优先检索,先查主题页《大众哲学案例与社会生活》，再在 T3/T10 中检索：吃了亏的人|哲学|生活,否
1522,吃亏的人 打破现状 实践,1522_吃亏的人_打破现状_实践.md,0,0.0,理论方法,哲学基本范畴与辩证法原理,理论方法/哲学基本范畴与辩证法原理.md,低,10.0,自动主题组匹配：实践,,,,,,,否,先核验原卡片再使用,先查主题页《哲学基本范畴与辩证法原理》，再在 T3/T10 中检索：吃亏的人|打破现状|实践,否
1523,人生 三大真理 生活,1523_人生_三大真理_生活.md,3,46.7,理论方法,哲学基本范畴与辩证法原理,理论方法/哲学基本范畴与辩证法原理.md,低,10.0,自动主题组匹配：真理,人生 活动 社会基础(14.17)；观照态度 人生 静观生活(13.57)；哲学 反思 人生(12.27)；人生 客观标准 好(12.08)；解脱 人生 悲剧 逃世(11.92),1449_人生_活动_社会基础.md；1441_观照态度_人生_静观生活.md；0989_哲学_反思_人生.md；1453_人生_客观标准_好.md；1440_解脱_人生_悲剧_逃世.md,,人生、三大真理、生活,艾思奇全书（第2卷）；“新哲学”大众化运动研究；科学与人生观,14-16；135；425-427,是,先核验原卡片再使用,先查主题页《哲学基本范畴与辩证法原理》，再在 T3/T10 中检索：人生|三大真理|生活,否
1524,认识生活 改革生活 实践,1524_认识生活_改革生活_实践.md,0,0.0,理论方法,哲学基本范畴与辩证法原理,理论方法/哲学基本范畴与辩证法原理.md,中,20.0,自动主题组匹配：认识、实践,情感 理智 生活实践(6.25)；新哲学 人生观 生活实践(5.36),1439_情感_理智_生活实践.md；0391_新哲学_人生观_生活实践.md,,,,,否,可按主题页优先检索,先查主题页《哲学基本范畴与辩证法原理》，再在 T3/T10 中检索：认识生活|改革生活|实践,否
1525,哲学观点 观察事物 正确眼光,1525_哲学观点_观察事物_正确眼光.md,0,0.0,其他待人工复核,其他待人工复核,其他待人工复核/其他待人工复核.md,待人工归类,0.0,未命中已有主题页和自动主题组规则，建议人工判断,哲学讲话 日常生活 哲学观点(24.17),0397_哲学讲话_日常生活_哲学观点.md,,,,,否,可按主题页优先检索,先查主题页《其他待人工复核》，再在 T3/T10 中检索：哲学观点|观察事物|正确眼光,否
1526,哲学 生活 竞技 训练,1526_哲学_生活_竞技_训练.md,3,49.6,新哲学大众化,大众哲学案例与社会生活,新哲学大众化/大众哲学案例与社会生活.md,低,18.0,二级自动主题组匹配：生活、哲学 生活,人生观 哲学 生活(7.5)；哲学 生活 人生观(7.5)；吃了亏的人 哲学 生活(6.25),0234_人生观_哲学_生活.md；0235_哲学_生活_人生观.md；1521_吃了亏的人_哲学_生活.md,,哲学、生活、竞技、训练,艾思奇全书（第2卷）；马克思主义哲学史（第六卷；《大众哲学》_马克思主义哲学大众化的经典范本_张立波,3-5；650-554；2,是,先核验原卡片再使用,先查主题页《大众哲学案例与社会生活》，再在 T3/T10 中检索：哲学|生活|竞技|训练,否
1527,庸俗生活 盲目生活 哲学,1527_庸俗生活_盲目生活_哲学.md,0,0.0,新哲学大众化,大众哲学案例与社会生活,新哲学大众化/大众哲学案例与社会生活.md,中,28.0,二级自动主题组匹配：生活、盲目生活、庸俗生活,哲学讲话 日常生活 哲学观点(5.0),0397_哲学讲话_日常生活_哲学观点.md,,,,,否,可按主题页优先检索,先查主题页《大众哲学案例与社会生活》，再在 T3/T10 中检索：庸俗生活|盲目生活|哲学,否
1528,实践 哲学 党派性,1528_实践_哲学_党派性.md,3,47.4,理论方法,哲学基本范畴与辩证法原理,理论方法/哲学基本范畴与辩证法原理.md,低,10.0,自动主题组匹配：实践,哲学 党性 苏联(5.56)；哲学 党性 科学(5.56),0782_哲学_党性_苏联.md；1574_哲学_党性_科学.md,,实践、哲学、党派性,中国近代哲学的革命进程；艾思奇全书（第2卷）；马克思主义哲学在中国传播与发展的百年历史（上）,466-469；273-274；238-240,是,先核验原卡片再使用,先查主题页《哲学基本范畴与辩证法原理》，再在 T3/T10 中检索：实践|哲学|党派性,否
1529,概念论 概念 意义 用法,1529_概念论_概念_意义_用法.md,3,51.6,理论方法,哲学基本范畴与辩证法原理,理论方法/哲学基本范畴与辩证法原理.md,低,8.0,二级自动主题组匹配：概念,,,,概念论、概念、意义、用法,艾思奇全书（第1卷）；马克思主义哲学在中国传播与发展的百年历史（上）；马克思主义哲学史教程,533-535；242-244；775-777,是,先核验原卡片再使用,先查主题页《哲学基本范畴与辩证法原理》，再在 T3/T10 中检索：概念论|概念|意义|用法,否
1530,可能性 现实性 目的性,1530_可能性_现实性_目的性.md,3,35.33,理论方法,哲学基本范畴与辩证法原理,理论方法/哲学基本范畴与辩证法原理.md,中,20.0,自动主题组匹配：可能性、现实性,可能性 现实性 人生意义(40.42)；马克思主义哲学中国化 现实性(17.78),1451_可能性_现实性_人生意义.md；1805_马克思主义哲学中国化_现实性.md,,可能性、现实性、目的性,胡绳全书（第四卷）；艾思奇全书（第2卷）；马克思主义哲学史（第六卷,58-60；618-620；262-203,是,可按主题页优先检索,先查主题页《哲学基本范畴与辩证法原理》，再在 T3/T10 中检索：可能性|现实性|目的性,否
1531,抽象概念 具体个物 客观世界,1531_抽象概念_具体个物_客观世界.md,3,38.42,理论方法,哲学基本范畴与辩证法原理,理论方法/哲学基本范畴与辩证法原理.md,低,10.0,自动主题组匹配：客观,,,,抽象概念、客观世界,米丁-辩证唯物论历史唯物论下-rightToLeft；米丁-辩证唯物论与历史唯物论-上-rightToLeft；认识世界和认识自己,327；117；170,是,先核验原卡片再使用,先查主题页《哲学基本范畴与辩证法原理》，再在 T3/T10 中检索：抽象概念|具体个物|客观世界,否
1532,抽象 具体 内包 外延,1532_抽象_具体_内包_外延.md,3,48.4,理论方法,哲学基本范畴与辩证法原理,理论方法/哲学基本范畴与辩证法原理.md,中,32.0,二级自动主题组匹配：抽象、具体、内包、外延,白马非马 抽象 具体 概念(15.77)；形式论理学 抽象 具体 对立(15.36),0403_白马非马_抽象_具体_概念.md；0405_形式论理学_抽象_具体_对立.md,,抽象、具体、内包、外延,艾思奇全书（第1卷）；艾思奇全书（第2卷）；马克思主义哲学史(第五卷),10-12；717-719；86-88,是,可按主题页优先检索,先查主题页《哲学基本范畴与辩证法原理》，再在 T3/T10 中检索：抽象|具体|内包|外延,否
1533,概念 愈高 内容 愈贫弱,1533_概念_愈高_内容_愈贫弱.md,3,50.2,理论方法,哲学基本范畴与辩证法原理,理论方法/哲学基本范畴与辩证法原理.md,低,10.0,自动主题组匹配：内容,,,,概念、愈高、内容、愈贫弱,艾思奇全书（第2卷）；艾思奇全书（第1卷）；童稚集,341-343；10-12；186-188,是,先核验原卡片再使用,先查主题页《哲学基本范畴与辩证法原理》，再在 T3/T10 中检索：概念|愈高|内容|愈贫弱,否
1534,认识论 论理学 辩证法 一致性,1534_认识论_论理学_辩证法_一致性.md,3,55.6,理论方法,实践观点与认识论,理论方法/实践观点与认识论.md,高,109.0,已列入原主题页重点卡片；命中主题种子词：认识论；主题词重合：认识论,辩证法 论理学 认识论 一致性(74.29)；中国化 马克思主义哲学 认识论 辩证法(34.55)；形而上学 形式论理学 辩证法(22.35)；形式论理学 辩证法 青年就是青年(21.94)；金岳霖 知识论 论理学(21.67),1565_辩证法_论理学_认识论_一致性.md；1057_中国化_马克思主义哲学_认识论_辩证法.md；0410_形而上学_形式论理学_辩证法.md；0407_形式论理学_辩证法_青年就是青年.md；0759_金岳霖_知识论_论理学.md,,认识论、论理学、辩证法、一致性,艾思奇全书（第3卷）；马克思主义哲学史教程；马克思主义哲学中国化与中国哲学的现代转型,201-203；921-922；476-478,是,可按主题页优先检索,先查主题页《实践观点与认识论》，再在 T3/T10 中检索：认识论|论理学|辩证法|一致性,否
1535,机械论 机械唯物论 批评,1535_机械论_机械唯物论_批评.md,3,48.22,苏联哲学,30年代苏联哲学批判运动,苏联哲学/30年代苏联哲学批判运动.md,高,113.0,已列入原主题页重点卡片；命中主题种子词：机械论；主题词重合：机械论；主题域增强：机械论,机械唯物论 偏向 民族解放(32.14)；机械论 唯物论 批判(27.5)；观念论 人生观 机械论(18.57)；苏联哲学 机械论 辩证论 论争 启示(17.63)；王道 新小说 批评(11.92),1536_机械唯物论_偏向_民族解放.md；1465_机械论_唯物论_批判.md；0394_观念论_人生观_机械论.md；0817_苏联哲学_机械论_辩证论_论争_启示.md；0964_王道_新小说_批评.md,,机械论、机械唯物论、批评,“新哲学”大众化运动研究；张东荪-唯物辩证法论战；艾思奇全书（第2卷）,135；39；124-125,是,可按主题页优先检索,先查主题页《30年代苏联哲学批判运动》，再在 T3/T10 中检索：机械论|机械唯物论|批评,否
1536,机械唯物论 偏向 民族解放,1536_机械唯物论_偏向_民族解放.md,3,49.86,传播史,民族国家与国际关系,传播史/民族国家与国际关系.md,低,10.0,自动主题组匹配：民族,机械论 机械唯物论 批评(32.14)；反唯物论 倾向 民族解放(31.54)；民族解放 哲学 唯物论(29.62)；新启蒙运动 民族解放(25.0)；唯物辩证法 民族解放运动(6.25),1535_机械论_机械唯物论_批评.md；1578_反唯物论_倾向_民族解放.md；1577_民族解放_哲学_唯物论.md；0384_新启蒙运动_民族解放.md；1579_唯物辩证法_民族解放运动.md,,机械唯物论、偏向、民族解放,“新哲学”大众化运动研究；艾思奇全书（第2卷）；继承五四和扬弃五四,143；65-68；106,是,先核验原卡片再使用,先查主题页《民族国家与国际关系》，再在 T3/T10 中检索：机械唯物论|偏向|民族解放,否
1537,唯物论 认识论 反映,1537_唯物论_认识论_反映.md,3,48.8,理论方法,实践观点与认识论,理论方法/实践观点与认识论.md,高,109.0,已列入原主题页重点卡片；命中主题种子词：认识论；主题词重合：认识论,毛泽东 实践论 认识论(21.25)；群众路线 认识论(19.55)；列宁 感觉 认识论(19.55)；分析 综合 认识论(19.55)；归纳 演绎 认识论(19.55),1686_毛泽东_实践论_认识论.md；0598_群众路线_认识论.md；0836_列宁_感觉_认识论.md；1548_分析_综合_认识论.md；1549_归纳_演绎_认识论.md,,唯物论、认识论、反映,马克思主义哲学的中国化及其历程；艾思奇全书（第2卷）；胡绳全书（第四卷）,231-234；269-271；186-188,是,可按主题页优先检索,先查主题页《实践观点与认识论》，再在 T3/T10 中检索：唯物论|认识论|反映,否
1538,马赫主义 批判 反映论,1538_马赫主义_批判_反映论.md,3,47.03,理论方法,哲学基本范畴与辩证法原理,理论方法/哲学基本范畴与辩证法原理.md,低,10.0,自动主题组匹配：反映论,经验 马赫主义(27.5)；马赫主义 斗争 经验批判论(27.14)；唯心主义 马赫主义(26.82)；唯物主义和经验批判主义 马赫主义(26.25)；马赫主义 空间 时间 因果性 物质(24.41),1762_经验_马赫主义.md；1590_马赫主义_斗争_经验批判论.md；1728_唯心主义_马赫主义.md；1653_唯物主义和经验批判主义_马赫主义.md；1539_马赫主义_空间_时间_因果性_物质.md,,马赫主义、批判、反映论,艾思奇全书（第2卷）；米丁-辩证唯物论与历史唯物论-上-rightToLeft；米丁-辩证唯物论历史唯物论下-rightToLeft,271-273；284；362,是,先核验原卡片再使用,先查主题页《哲学基本范畴与辩证法原理》，再在 T3/T10 中检索：马赫主义|批判|反映论,否
1539,马赫主义 空间 时间 因果性 物质,1539_马赫主义_空间_时间_因果性_物质.md,3,68.4,理论方法,哲学基本范畴与辩证法原理,理论方法/哲学基本范畴与辩证法原理.md,低,10.0,自动主题组匹配：物质,经验 马赫主义(25.36)；唯心主义 马赫主义(25.0)；马赫主义 批判 反映论(24.41)；马赫主义 斗争 经验批判论(23.95)；唯物主义和经验批判主义 马赫主义(23.57),1762_经验_马赫主义.md；1728_唯心主义_马赫主义.md；1538_马赫主义_批判_反映论.md；1590_马赫主义_斗争_经验批判论.md；1653_唯物主义和经验批判主义_马赫主义.md,,马赫主义、空间、时间、因果性、物质,艾思奇全书（第2卷）；胡绳全书（第四卷）；马克思主义哲学在中国传播与发展的百年历史（下）,268-269；184-186；416-418,是,先核验原卡片再使用,先查主题页《哲学基本范畴与辩证法原理》，再在 T3/T10 中检索：马赫主义|空间|时间|因果性|物质,否
1540,实际 经验 理论,1540_实际_经验_理论.md,3,52.0,理论方法,哲学基本范畴与辩证法原理,理论方法/哲学基本范畴与辩证法原理.md,中,24.0,二级自动主题组匹配：理论、经验、实际,唯物论 几段杂记 实际 经验 理论(20.42)；经验 马赫主义(12.78)；马列学院 哲学教学 经验(11.92)；马克思主义中国化 历史进程 经验(11.47),1541_唯物论_几段杂记_实际_经验_理论.md；1762_经验_马赫主义.md；1343_马列学院_哲学教学_经验.md；1802_马克思主义中国化_历史进程_经验.md,,实际、经验、理论,胡绳全书（第四卷）；艾思奇全书（第3卷）；马克思主义哲学在中国传播与发展的百年历史（下）,406-407；539-511；442-444,是,可按主题页优先检索,先查主题页《哲学基本范畴与辩证法原理》，再在 T3/T10 中检索：实际|经验|理论,否
1541,唯物论 几段杂记 实际 经验 理论,1541_唯物论_几段杂记_实际_经验_理论.md,3,61.4,理论方法,哲学基本范畴与辩证法原理,理论方法/哲学基本范畴与辩证法原理.md,中,32.0,二级自动主题组匹配：唯物论、理论、经验、实际,实际 经验 理论(20.42)；毛泽东 重视实际 唯物论(19.17)；机械论 唯物论 批判(17.94)；唯物论 认识论 反映(17.94)；唯物论 辩证法 世界观(17.78),1540_实际_经验_理论.md；0579_毛泽东_重视实际_唯物论.md；1465_机械论_唯物论_批判.md；1537_唯物论_认识论_反映.md；1463_唯物论_辩证法_世界观.md,,唯物论、几段杂记、实际、经验、理论,艾思奇全书（第3卷）；百年中国哲学革命；马克思主义哲学在中国：传播、应用、形态、前景,337-339；163-164；186-187,是,可按主题页优先检索,先查主题页《哲学基本范畴与辩证法原理》，再在 T3/T10 中检索：唯物论|几段杂记|实际|经验|理论,否
1542,现代自然科学 危机 唯物论,1542_现代自然科学_危机_唯物论.md,3,41.05,理论方法,自然科学哲学与科学方法,理论方法/自然科学哲学与科学方法.md,中,23.0,自动主题组匹配：自然科学、科学,自然科学 唯物论 观念论(23.93)；机械论 唯物论 批判(18.33)；唯物论 认识论 反映(18.33)；唯物论 辩证法 世界观(18.12)；民族解放 哲学 唯物论(18.12),0415_自然科学_唯物论_观念论.md；1465_机械论_唯物论_批判.md；1537_唯物论_认识论_反映.md；1463_唯物论_辩证法_世界观.md；1577_民族解放_哲学_唯物论.md,,现代自然科学、危机、唯物论,艾思奇全书（第1卷）；米丁-辩证唯物论历史唯物论下-rightToLeft；米丁-辩证唯物论与历史唯物论-上-rightToLeft,29-32；12；56,是,可按主题页优先检索,先查主题页《自然科学哲学与科学方法》，再在 T3/T10 中检索：现代自然科学|危机|唯物论,否
1543,怎样研究自然科学 诊断 处方,1543_怎样研究自然科学_诊断_处方.md,2,28.33,理论方法,自然科学哲学与科学方法,理论方法/自然科学哲学与科学方法.md,中,23.0,自动主题组匹配：自然科学、科学,德国 自然科学(5.77)；自然科学 黑格尔(5.36)；自然辩证法 自然科学(5.0),1786_德国_自然科学.md；1779_自然科学_黑格尔.md；1667_自然辩证法_自然科学.md,,怎样研究自然科学、处方,艾思奇全书（第1卷）；“新哲学”大众化运动研究,314-316；142,是,可按主题页优先检索,先查主题页《自然科学哲学与科学方法》，再在 T3/T10 中检索：怎样研究自然科学|诊断|处方,否
1544,世界观 方法论 思想方法,1544_世界观_方法论_思想方法.md,3,51.8,新哲学大众化,思想方法与世界观教育,新哲学大众化/思想方法与世界观教育.md,高,130.0,已列入原主题页重点卡片；命中主题种子词：思想方法、世界观、方法论；主题词重合：世界观、方法论、思想方法,思想方法论 世界观 方法论(49.44)；艾思奇 思想方法论 世界观 方法论(44.58)；思想方法 工作方法 哲学(25.77)；胡适 实用主义 思想方法(25.36)；数学逻辑 笛卡尔 思想方法(25.0),0416_思想方法论_世界观_方法论.md；0362_艾思奇_思想方法论_世界观_方法论.md；1213_思想方法_工作方法_哲学.md；0471_胡适_实用主义_思想方法.md；1400_数学逻辑_笛卡尔_思想方法.md,,世界观、方法论、思想方法,马克思主义哲学在中国传播与发展的百年历史（上）；马克思主义哲学在中国：传播、应用、形态、前景；艾思奇全书（第2卷）,244-246；426-429；116-118,是,可按主题页优先检索,先查主题页《思想方法与世界观教育》，再在 T3/T10 中检索：世界观|方法论|思想方法,否
1545,认识是反映 感觉 表象 概念,1545_认识是反映_感觉_表象_概念.md,3,50.8,理论方法,哲学基本范畴与辩证法原理,理论方法/哲学基本范畴与辩证法原理.md,低,10.0,自动主题组匹配：认识,认识的发展 感觉 表象 概念(30.71)；列宁 感觉 认识论(13.57),1546_认识的发展_感觉_表象_概念.md；0836_列宁_感觉_认识论.md,,感觉、表象、概念,胡绳全书（第四卷）；艾思奇全书（第2卷）；马克思主义哲学在中国传播与发展的百年历史（上）,234-235；136-137；246-248,是,先核验原卡片再使用,先查主题页《哲学基本范畴与辩证法原理》，再在 T3/T10 中检索：认识是反映|感觉|表象|概念,否
1546,认识的发展 感觉 表象 概念,1546_认识的发展_感觉_表象_概念.md,3,59.0,理论方法,哲学基本范畴与辩证法原理,理论方法/哲学基本范畴与辩证法原理.md,中,20.0,自动主题组匹配：发展、认识,认识是反映 感觉 表象 概念(30.71)；列宁 感觉 认识论(13.57),1545_认识是反映_感觉_表象_概念.md；0836_列宁_感觉_认识论.md,,认识的发展、感觉、表象、概念,艾思奇全书（第2卷）；胡绳全书（第四卷）；“新哲学”大众化运动研究,136-137；234-235；212,是,可按主题页优先检索,先查主题页《哲学基本范畴与辩证法原理》，再在 T3/T10 中检索：认识的发展|感觉|表象|概念,否
1547,判断 推理 认识过程,1547_判断_推理_认识过程.md,3,46.2,理论方法,哲学基本范畴与辩证法原理,理论方法/哲学基本范畴与辩证法原理.md,低,10.0,自动主题组匹配：认识,,,,判断、推理、认识过程,米丁-辩证唯物论与历史唯物论-上-rightToLeft；冯契文集第七卷中国近代哲学的革命进程；艾思奇全书（第2卷）,136；592；140-143,是,先核验原卡片再使用,先查主题页《哲学基本范畴与辩证法原理》，再在 T3/T10 中检索：判断|推理|认识过程,否
1548,分析 综合 认识论,1548_分析_综合_认识论.md,3,44.99,理论方法,哲学基本范畴与辩证法原理,理论方法/哲学基本范畴与辩证法原理.md,中,20.0,自动主题组匹配：认识、认识论,群众路线 认识论(20.0)；列宁 感觉 认识论(20.0)；归纳 演绎 认识论(20.0)；实践 认识论 本体论(19.55)；唯物论 认识论 反映(19.55),0598_群众路线_认识论.md；0836_列宁_感觉_认识论.md；1549_归纳_演绎_认识论.md；1074_实践_认识论_本体论.md；1537_唯物论_认识论_反映.md,,分析、综合、认识论,马克思主义哲学史教程；艾思奇全书（第3卷）；认识世界和认识自己,726-727；762-763；211,是,可按主题页优先检索,先查主题页《哲学基本范畴与辩证法原理》，再在 T3/T10 中检索：分析|综合|认识论,否
1549,归纳 演绎 认识论,1549_归纳_演绎_认识论.md,3,45.16,理论方法,哲学基本范畴与辩证法原理,理论方法/哲学基本范畴与辩证法原理.md,中,20.0,自动主题组匹配：认识、认识论,群众路线 认识论(20.0)；列宁 感觉 认识论(20.0)；分析 综合 认识论(20.0)；实践 认识论 本体论(19.55)；唯物论 认识论 反映(19.55),0598_群众路线_认识论.md；0836_列宁_感觉_认识论.md；1548_分析_综合_认识论.md；1074_实践_认识论_本体论.md；1537_唯物论_认识论_反映.md,,归纳、演绎、认识论,中国近代思想史论；马恩文集第九卷（反杜林论 自然辩证法）；冯契文集第七卷中国近代哲学的革命进程,276；9；190,是,可按主题页优先检索,先查主题页《哲学基本范畴与辩证法原理》，再在 T3/T10 中检索：归纳|演绎|认识论,否
1550,辩证法 形而上学 根本观点,1550_辩证法_形而上学_根本观点.md,3,37.4,理论方法,哲学基本范畴与辩证法原理,理论方法/哲学基本范畴与辩证法原理.md,低,18.0,二级自动主题组匹配：辩证法、形而上学,形而上学 辩证法 批判(44.62)；形而上学 形式论理学 辩证法(42.81)；唯物辩证法 根本观点(29.62)；辩证法 形式逻辑 论争(20.0)；辩证法 形式论理学 对立统一(19.17),1466_形而上学_辩证法_批判.md；0410_形而上学_形式论理学_辩证法.md；1551_唯物辩证法_根本观点.md；1304_辩证法_形式逻辑_论争.md；0409_辩证法_形式论理学_对立统一.md,,辩证法、形而上学、根本观点,艾思奇全书（第2卷）；马克思主义哲学在中国传播与发展的百年历史（上）；马克思主义哲学史教程,579-581；246-248；500-501,是,先核验原卡片再使用,先查主题页《哲学基本范畴与辩证法原理》，再在 T3/T10 中检索：辩证法|形而上学|根本观点,否
1551,唯物辩证法 根本观点,1551_唯物辩证法_根本观点.md,3,33.2,理论方法,哲学基本范畴与辩证法原理,理论方法/哲学基本范畴与辩证法原理.md,低,18.0,二级自动主题组匹配：辩证法、唯物辩证法,唯物辩证法 风靡全国(33.33)；唯物辩证法 风靡 起点(33.33)；唯物辩证法 风靡 前奏(33.33)；唯物辩证法 风靡 原因(33.33)；逐步改造 唯物辩证法(33.33),1026_唯物辩证法_风靡全国.md；1027_唯物辩证法_风靡_起点.md；1028_唯物辩证法_风靡_前奏.md；1030_唯物辩证法_风靡_原因.md；1052_逐步改造_唯物辩证法.md,,唯物辩证法、根本观点,艾思奇全书（第2卷）；马克思主义哲学史教程；从唯物辩证法论战到马克思主义哲学大众化——对艾思奇《大众哲学》的解读_李维武,163-166；1062；1,是,先核验原卡片再使用,先查主题页《哲学基本范畴与辩证法原理》，再在 T3/T10 中检索：唯物辩证法|根本观点,否
1552,矛盾统一律 质量互变律 否定之否定律,1552_矛盾统一律_质量互变律_否定之否定律.md,3,57.27,理论方法,哲学基本范畴与辩证法原理,理论方法/哲学基本范畴与辩证法原理.md,中,36.0,自动主题组匹配：质量互变、否定之否定、矛盾,否定之否定律 唯物辩证法 法则(34.76)；矛盾统一律 唯物辩证法 法则(29.76)；质量互变律 唯物辩证法 法则(29.76),1555_否定之否定律_唯物辩证法_法则.md；1553_矛盾统一律_唯物辩证法_法则.md；1554_质量互变律_唯物辩证法_法则.md,,矛盾统一律、质量互变律、否定之否定律,马克思主义哲学中国化理论与历史；从唯物辩证法论战到马克思主义哲学大众化——对艾思奇《大众哲学》的解读_李维武；艾思奇全书（第2卷）,351；10；180-181,是,可按主题页优先检索,先查主题页《哲学基本范畴与辩证法原理》，再在 T3/T10 中检索：矛盾统一律|质量互变律|否定之否定律,否
1553,矛盾统一律 唯物辩证法 法则,1553_矛盾统一律_唯物辩证法_法则.md,3,52.72,理论方法,辩证唯物主义体系,理论方法/辩证唯物主义体系.md,高,112.0,已列入原主题页重点卡片；命中主题种子词：唯物辩证法；主题词重合：唯物辩证法,质量互变律 唯物辩证法 法则(46.67)；否定之否定律 唯物辩证法 法则(46.67)；唯物辩证法 矛盾统一法则 毛泽东(37.5)；唯物辩证法 风靡全国(31.67)；唯物辩证法 风靡 起点(31.67),1554_质量互变律_唯物辩证法_法则.md；1555_否定之否定律_唯物辩证法_法则.md；0542_唯物辩证法_矛盾统一法则_毛泽东.md；1026_唯物辩证法_风靡全国.md；1027_唯物辩证法_风靡_起点.md,,矛盾统一律、唯物辩证法、法则,从唯物辩证法论战到马克思主义哲学大众化——对艾思奇《大众哲学》的解读_李维武；艾思奇全书（第2卷）；马克思主义哲学在中国传播与发展的百年历史（上）,10；69-72；248-250,是,可按主题页优先检索,先查主题页《辩证唯物主义体系》，再在 T3/T10 中检索：矛盾统一律|唯物辩证法|法则,否
1554,质量互变律 唯物辩证法 法则,1554_质量互变律_唯物辩证法_法则.md,3,53.01,理论方法,辩证唯物主义体系,理论方法/辩证唯物主义体系.md,高,112.0,已列入原主题页重点卡片；命中主题种子词：唯物辩证法；主题词重合：唯物辩证法,矛盾统一律 唯物辩证法 法则(46.67)；否定之否定律 唯物辩证法 法则(46.67)；唯物辩证法 风靡全国(31.67)；唯物辩证法 风靡 起点(31.67)；唯物辩证法 风靡 前奏(31.67),1553_矛盾统一律_唯物辩证法_法则.md；1555_否定之否定律_唯物辩证法_法则.md；1026_唯物辩证法_风靡全国.md；1027_唯物辩证法_风靡_起点.md；1028_唯物辩证法_风靡_前奏.md,,质量互变律、唯物辩证法、法则,从唯物辩证法论战到马克思主义哲学大众化——对艾思奇《大众哲学》的解读_李维武；“新哲学”大众化运动研究；马克思主义哲学在中国传播与发展的百年历史（上）,10；229；248-250,是,可按主题页优先检索,先查主题页《辩证唯物主义体系》，再在 T3/T10 中检索：质量互变律|唯物辩证法|法则,否
1555,否定之否定律 唯物辩证法 法则,1555_否定之否定律_唯物辩证法_法则.md,3,53.99,理论方法,辩证唯物主义体系,理论方法/辩证唯物主义体系.md,高,112.0,已列入原主题页重点卡片；命中主题种子词：唯物辩证法；主题词重合：唯物辩证法,矛盾统一律 唯物辩证法 法则(46.67)；质量互变律 唯物辩证法 法则(46.67)；矛盾统一律 质量互变律 否定之否定律(34.76)；唯物辩证法 风靡全国(31.67)；唯物辩证法 风靡 起点(31.67),1553_矛盾统一律_唯物辩证法_法则.md；1554_质量互变律_唯物辩证法_法则.md；1552_矛盾统一律_质量互变律_否定之否定律.md；1026_唯物辩证法_风靡全国.md；1027_唯物辩证法_风靡_起点.md,,否定之否定律、唯物辩证法、法则,从唯物辩证法论战到马克思主义哲学大众化——对艾思奇《大众哲学》的解读_李维武；马克思主义哲学中国化理论与历史；“新哲学”大众化运动研究,10；351；165,是,可按主题页优先检索,先查主题页《辩证唯物主义体系》，再在 T3/T10 中检索：否定之否定律|唯物辩证法|法则,否
1556,唯物辩证法 应用 要点,1556_唯物辩证法_应用_要点.md,3,47.54,理论方法,辩证唯物主义体系,理论方法/辩证唯物主义体系.md,高,112.0,已列入原主题页重点卡片；命中主题种子词：唯物辩证法；主题词重合：唯物辩证法,唯物辩证法 思想学术 应用(44.62)；唯物辩证法 风靡全国(33.33)；唯物辩证法 风靡 起点(33.33)；唯物辩证法 风靡 前奏(33.33)；唯物辩证法 风靡 原因(33.33),1396_唯物辩证法_思想学术_应用.md；1026_唯物辩证法_风靡全国.md；1027_唯物辩证法_风靡_起点.md；1028_唯物辩证法_风靡_前奏.md；1030_唯物辩证法_风靡_原因.md,,唯物辩证法、应用、要点,艾思奇全书（第2卷）；米丁-辩证唯物论历史唯物论下-rightToLeft；“新哲学”大众化运动研究,181-183；421；145,是,可按主题页优先检索,先查主题页《辩证唯物主义体系》，再在 T3/T10 中检索：唯物辩证法|应用|要点,否
1557,事物 普遍联系 辩证法,1557_事物_普遍联系_辩证法.md,3,47.74,理论方法,哲学基本范畴与辩证法原理,理论方法/哲学基本范畴与辩证法原理.md,低,10.0,自动主题组匹配：联系,进攻 防御 辩证法(19.17)；持久 速决 辩证法(19.17)；内线 外线 辩证法(19.17)；主动 被动 辩证法(19.17)；辩证法 中国 进展(19.17),1325_进攻_防御_辩证法.md；1326_持久_速决_辩证法.md；1327_内线_外线_辩证法.md；1328_主动_被动_辩证法.md；1401_辩证法_中国_进展.md,,事物、普遍联系、辩证法,马克思主义哲学史教程；“和生活打成一片”——艾思奇是怎样进行马克思主义哲学大众化的_李勰；“新哲学”大众化运动研究,166-168；2；217,是,先核验原卡片再使用,先查主题页《哲学基本范畴与辩证法原理》，再在 T3/T10 中检索：事物|普遍联系|辩证法,否
1558,联系 观点 看事物,1558_联系_观点_看事物.md,3,45.0,理论方法,哲学基本范畴与辩证法原理,理论方法/哲学基本范畴与辩证法原理.md,低,10.0,自动主题组匹配：联系,运动变化 观点 看事物(25.0)；中国文化 古与今 联系(11.92)；马克思主义哲学 与社会生活 联系(11.39)；马克思主义哲学 20世纪中国哲学 联系(11.25),1559_运动变化_观点_看事物.md；1246_中国文化_古与今_联系.md；1201_马克思主义哲学_与社会生活_联系.md；0727_马克思主义哲学_20世纪中国哲学_联系.md,,联系、观点、看事物,艾思奇全书（第3卷）；中国哲学简史；毛泽东哲学批注集：辩证法唯物论教程批注 (毛泽东),63-66；135-136；386,是,先核验原卡片再使用,先查主题页《哲学基本范畴与辩证法原理》，再在 T3/T10 中检索：联系|观点|看事物,否
1559,运动变化 观点 看事物,1559_运动变化_观点_看事物.md,3,43.8,理论方法,哲学基本范畴与辩证法原理,理论方法/哲学基本范畴与辩证法原理.md,低,10.0,二级自动主题组匹配：运动变化,联系 观点 看事物(25.0),1558_联系_观点_看事物.md,,运动变化、观点、看事物,艾思奇全书（第3卷）；艾思奇全书（第2卷）；中国哲学简史,81-83；166-168；135-136,是,先核验原卡片再使用,先查主题页《哲学基本范畴与辩证法原理》，再在 T3/T10 中检索：运动变化|观点|看事物,否
1560,质量 互相转变 质 量,1560_质量_互相转变_质_量.md,3,44.08,理论方法,哲学基本范畴与辩证法原理,理论方法/哲学基本范畴与辩证法原理.md,低,8.0,二级自动主题组匹配：质量,,,,质量、互相转变,“新哲学”大众化运动研究；毛泽东哲学批注集：辩证法唯物论教程批注 (毛泽东)；马克思主义哲学中国化理论与历史,217；251；462,是,先核验原卡片再使用,先查主题页《哲学基本范畴与辩证法原理》，再在 T3/T10 中检索：质量|互相转变,否
1561,矛盾 两方面 统一,1561_矛盾_两方面_统一.md,3,44.6,理论方法,哲学基本范畴与辩证法原理,理论方法/哲学基本范畴与辩证法原理.md,低,10.0,自动主题组匹配：矛盾,矛盾 发展 运动(12.5)；矛盾 同一性 斗争性(12.08)；李大钊 矛盾 对抗 调和(11.92)；对抗 矛盾 不是一回事(11.92)；民族资产阶级 矛盾 性质(11.79),1467_矛盾_发展_运动.md；1319_矛盾_同一性_斗争性.md；0350_李大钊_矛盾_对抗_调和.md；1249_对抗_矛盾_不是一回事.md；1360_民族资产阶级_矛盾_性质.md,,矛盾、两方面、统一,艾思奇全书（第2卷）；中国近代哲学的革命进程；胡绳全书.第7卷,69-72；599-602；497-498,是,先核验原卡片再使用,先查主题页《哲学基本范畴与辩证法原理》，再在 T3/T10 中检索：矛盾|两方面|统一,否
1562,相对 绝对 辩证法,1562_相对_绝对_辩证法.md,3,49.0,理论方法,哲学基本范畴与辩证法原理,理论方法/哲学基本范畴与辩证法原理.md,中,24.0,二级自动主题组匹配：辩证法、相对、绝对,进攻 防御 辩证法(20.0)；持久 速决 辩证法(20.0)；内线 外线 辩证法(20.0)；主动 被动 辩证法(20.0)；辩证法 中国 进展(20.0),1325_进攻_防御_辩证法.md；1326_持久_速决_辩证法.md；1327_内线_外线_辩证法.md；1328_主动_被动_辩证法.md；1401_辩证法_中国_进展.md,,相对、绝对、辩证法,马克思主义哲学史教程；马克思主义哲学在中国传播与发展的百年历史（下）；马克思主义哲学在中国传播与发展的百年历史（上）,416-418；418-420；276,是,可按主题页优先检索,先查主题页《哲学基本范畴与辩证法原理》，再在 T3/T10 中检索：相对|绝对|辩证法,否
1563,扬弃 辩证法 疑问,1563_扬弃_辩证法_疑问.md,3,31.73,理论方法,哲学基本范畴与辩证法原理,理论方法/哲学基本范畴与辩证法原理.md,低,16.0,二级自动主题组匹配：辩证法、扬弃,进攻 防御 辩证法(20.0)；持久 速决 辩证法(20.0)；内线 外线 辩证法(20.0)；主动 被动 辩证法(20.0)；辩证法 中国 进展(20.0),1325_进攻_防御_辩证法.md；1326_持久_速决_辩证法.md；1327_内线_外线_辩证法.md；1328_主动_被动_辩证法.md；1401_辩证法_中国_进展.md,,扬弃、辩证法、疑问,马克思主义哲学史教程；艾思奇全书（第1卷）；艾思奇全书（第2卷）,963-965；255-257；717-719,是,先核验原卡片再使用,先查主题页《哲学基本范畴与辩证法原理》，再在 T3/T10 中检索：扬弃|辩证法|疑问,否
1564,辩证法 核心 诸要素,1564_辩证法_核心_诸要素.md,3,43.8,理论方法,哲学基本范畴与辩证法原理,理论方法/哲学基本范畴与辩证法原理.md,中,24.0,二级自动主题组匹配：辩证法、核心、诸要素,辩证法 实质 核心 矛盾论(30.77)；列宁 辩证法 十六要素(21.25)；进攻 防御 辩证法(19.55)；持久 速决 辩证法(19.55)；内线 外线 辩证法(19.55),0593_辩证法_实质_核心_矛盾论.md；0834_列宁_辩证法_十六要素.md；1325_进攻_防御_辩证法.md；1326_持久_速决_辩证法.md；1327_内线_外线_辩证法.md,,辩证法、核心、诸要素,艾思奇全书（第2卷）；马克思主义哲学史（第六卷；马克思主义哲学在中国：传播、应用、形态、前景,280-283；388-391；98-100,是,可按主题页优先检索,先查主题页《哲学基本范畴与辩证法原理》，再在 T3/T10 中检索：辩证法|核心|诸要素,否
1565,辩证法 论理学 认识论 一致性,1565_辩证法_论理学_认识论_一致性.md,3,61.6,理论方法,实践观点与认识论,理论方法/实践观点与认识论.md,高,109.0,已列入原主题页重点卡片；命中主题种子词：认识论；主题词重合：认识论,认识论 论理学 辩证法 一致性(74.29)；中国化 马克思主义哲学 认识论 辩证法(35.95)；辩证法 形式论理学 对立统一(20.56)；形而上学 形式论理学 辩证法(20.56)；形式论理学 辩证法 青年就是青年(20.26),1534_认识论_论理学_辩证法_一致性.md；1057_中国化_马克思主义哲学_认识论_辩证法.md；0409_辩证法_形式论理学_对立统一.md；0410_形而上学_形式论理学_辩证法.md；0407_形式论理学_辩证法_青年就是青年.md,,辩证法、论理学、认识论、一致性,艾思奇全书（第3卷）；马克思主义哲学史教程；马克思主义哲学中国化与中国哲学的现代转型,201-203；921-922；476-478,是,可按主题页优先检索,先查主题页《实践观点与认识论》，再在 T3/T10 中检索：辩证法|论理学|认识论|一致性,否
1566,哲学 研究事物 一般规律,1566_哲学_研究事物_一般规律.md,3,39.8,理论方法,哲学基本范畴与辩证法原理,理论方法/哲学基本范畴与辩证法原理.md,低,10.0,自动主题组匹配：规律,世界观 哲学 一般规律(27.69)；科学 研究 事物规律(11.36)；哲学研究(8.33),1569_世界观_哲学_一般规律.md；1567_科学_研究_事物规律.md；1984_哲学研究.md,,哲学、研究事物、一般规律,艾思奇全书（第3卷）；百年中国哲学革命；马克思主义哲学史教程,229-232；578-579；381-383,是,先核验原卡片再使用,先查主题页《哲学基本范畴与辩证法原理》，再在 T3/T10 中检索：哲学|研究事物|一般规律,否
1567,科学 研究 事物规律,1567_科学_研究_事物规律.md,3,49.2,理论方法,哲学基本范畴与辩证法原理,理论方法/哲学基本范畴与辩证法原理.md,低,10.0,自动主题组匹配：规律,哲学 研究事物 一般规律(11.36)；哲学研究(6.25),1566_哲学_研究事物_一般规律.md；1984_哲学研究.md,,科学、研究、事物规律,艾思奇全书（第3卷）；中国马克思主义学术史纲；科学与人生观,7-10；252-254；320-322,是,先核验原卡片再使用,先查主题页《哲学基本范畴与辩证法原理》，再在 T3/T10 中检索：科学|研究|事物规律,否
1568,哲学 科学 规律 总结,1568_哲学_科学_规律_总结.md,3,59.6,理论方法,哲学基本范畴与辩证法原理,理论方法/哲学基本范畴与辩证法原理.md,低,10.0,自动主题组匹配：规律,辩证法 规律 范畴 恩格斯(11.67)；中国革命战争 特点 规律(11.67)；目的意识 实践活动 规律(11.67)；唯物辩证法 体系 规律 探讨(11.56)；人生观 新哲学 科学人生观(6.25),1095_辩证法_规律_范畴_恩格斯.md；1315_中国革命战争_特点_规律.md；1573_目的意识_实践活动_规律.md；0982_唯物辩证法_体系_规律_探讨.md；0392_人生观_新哲学_科学人生观.md,,哲学、科学、规律、总结,艾思奇全书（第3卷）；马克思主义哲学史；马克思主义哲学在中国：传播、应用、形态、前景,11-13；254-258；296,是,先核验原卡片再使用,先查主题页《哲学基本范畴与辩证法原理》，再在 T3/T10 中检索：哲学|科学|规律|总结,否
1569,世界观 哲学 一般规律,1569_世界观_哲学_一般规律.md,3,46.2,新哲学大众化,思想方法与世界观教育,新哲学大众化/思想方法与世界观教育.md,高,109.0,已列入原主题页重点卡片；命中主题种子词：世界观；主题词重合：世界观,哲学 研究事物 一般规律(27.69)；毛泽东 世界观 转变(18.85)；思想方法论 世界观 方法论(18.57)；唯物论 辩证法 世界观(18.57)；世界观 方法论 思想方法(18.57),1566_哲学_研究事物_一般规律.md；0573_毛泽东_世界观_转变.md；0416_思想方法论_世界观_方法论.md；1463_唯物论_辩证法_世界观.md；1544_世界观_方法论_思想方法.md,,世界观、哲学、一般规律,马克思主义哲学史教程；马克思主义哲学在中国：传播、应用、形态、前景；马克思主义哲学史（第六卷,381-383；426-429；517-626,是,可按主题页优先检索,先查主题页《思想方法与世界观教育》，再在 T3/T10 中检索：世界观|哲学|一般规律,否
1570,理论 行动指南 教条,1570_理论_行动指南_教条.md,3,46.02,理论方法,哲学基本范畴与辩证法原理,理论方法/哲学基本范畴与辩证法原理.md,低,8.0,二级自动主题组匹配：理论,马克思主义 不是教条 行动指南(26.67),1571_马克思主义_不是教条_行动指南.md,,理论、行动指南、教条,米丁-辩证唯物论历史唯物论下-rightToLeft；中国马克思主义学术史纲；列宁选集第二卷_2012,345；188-190；302,是,先核验原卡片再使用,先查主题页《哲学基本范畴与辩证法原理》，再在 T3/T10 中检索：理论|行动指南|教条,否
1571,马克思主义 不是教条 行动指南,1571_马克思主义_不是教条_行动指南.md,3,52.96,理论方法,马克思恩格斯经典文本与哲学关系,理论方法/马克思恩格斯经典文本与哲学关系.md,低,10.0,自动主题组匹配：马克思,理论 行动指南 教条(26.67)；教条化 马克思主义 中国化(7.35)；上海 马克思主义者(6.67)；我的马克思主义观(6.67)；新理学 马克思主义者(6.25),1570_理论_行动指南_教条.md；1435_教条化_马克思主义_中国化.md；1740_上海_马克思主义者.md；1933_我的马克思主义观.md；1708_新理学_马克思主义者.md,,马克思主义、不是教条、行动指南,列宁专题文集·论马克思主义；马克思主义基本原理同中华优秀传统文化相结合学理探析_田鹏颖；马列著作在中国的出版,172；2；515,是,先核验原卡片再使用,先查主题页《马克思恩格斯经典文本与哲学关系》，再在 T3/T10 中检索：马克思主义|不是教条|行动指南,否
1572,具体问题 具体条件 理论应用,1572_具体问题_具体条件_理论应用.md,2,37.23,理论方法,哲学基本范畴与辩证法原理,理论方法/哲学基本范畴与辩证法原理.md,中,36.0,二级自动主题组匹配：具体、理论、具体问题、具体条件,,,,具体问题、具体条件、理论应用,马恩文集第十卷（书信选编）；米丁-辩证唯物论历史唯物论下-rightToLeft,8；410,是,可按主题页优先检索,先查主题页《哲学基本范畴与辩证法原理》，再在 T3/T10 中检索：具体问题|具体条件|理论应用,否
1573,目的意识 实践活动 规律,1573_目的意识_实践活动_规律.md,3,35.0,理论方法,哲学基本范畴与辩证法原理,理论方法/哲学基本范畴与辩证法原理.md,中,30.0,自动主题组匹配：规律、实践、意识,哲学 科学 规律 总结(11.67)；辩证法 规律 范畴 恩格斯(11.47)；中国革命战争 特点 规律(11.47)；唯物辩证法 体系 规律 探讨(11.39),1568_哲学_科学_规律_总结.md；1095_辩证法_规律_范畴_恩格斯.md；1315_中国革命战争_特点_规律.md；0982_唯物辩证法_体系_规律_探讨.md,,目的意识、实践活动、规律,艾思奇全书（第3卷）；马克思主义哲学史(第五卷)；马克思主义哲学史（第六卷,3-6；521-523；834-336,是,可按主题页优先检索,先查主题页《哲学基本范畴与辩证法原理》，再在 T3/T10 中检索：目的意识|实践活动|规律,否
1574,哲学 党性 科学,1574_哲学_党性_科学.md,3,51.2,理论方法,自然科学哲学与科学方法,理论方法/自然科学哲学与科学方法.md,低,10.0,自动主题组匹配：科学,哲学 党性 苏联(20.71)；哲学 党性 阶级性 毛泽东(16.82)；哲学 阶级性 党性 抗战(14.55)；哲学 党性原则 批判继承(6.82)；唯物论 唯心论 哲学党性(6.82),0782_哲学_党性_苏联.md；0540_哲学_党性_阶级性_毛泽东.md；1581_哲学_阶级性_党性_抗战.md；1280_哲学_党性原则_批判继承.md；1576_唯物论_唯心论_哲学党性.md,,哲学、党性、科学,马克思主义哲学史(第五卷)；马克思主义哲学史教程；苏联哲学70年,482-485；440-441；96-99,是,先核验原卡片再使用,先查主题页《自然科学哲学与科学方法》，再在 T3/T10 中检索：哲学|党性|科学,否
1575,哲学本身 斗争 发展,1575_哲学本身_斗争_发展.md,3,49.2,理论方法,哲学基本范畴与辩证法原理,理论方法/哲学基本范畴与辩证法原理.md,低,10.0,自动主题组匹配：发展,斗争 资产阶级(12.27)；工人阶级 斗争(12.27)；恩格斯 观念论 斗争(11.92)；团结 斗争 实力基础(11.92)；党内矛盾 斗争 方针方法(11.67),1717_斗争_资产阶级.md；1778_工人阶级_斗争.md；0424_恩格斯_观念论_斗争.md；1173_团结_斗争_实力基础.md；1317_党内矛盾_斗争_方针方法.md,,哲学本身、斗争、发展,艾思奇全书（第3卷）；“新哲学”大众化运动研究；马克思主义哲学史(第五卷),29-32；53；333-334,是,先核验原卡片再使用,先查主题页《哲学基本范畴与辩证法原理》，再在 T3/T10 中检索：哲学本身|斗争|发展,否
1576,唯物论 唯心论 哲学党性,1576_唯物论_唯心论_哲学党性.md,3,35.33,苏联哲学,30年代苏联哲学批判运动,苏联哲学/30年代苏联哲学批判运动.md,高,116.0,已列入原主题页重点卡片；命中主题种子词：哲学党性；主题词重合：哲学党性；主题域增强：哲学党性,瞿秋白 唯物论 唯心论 哲学根本问题(40.94)；机械论 唯物论 批判(20.77)；民族解放 哲学 唯物论(20.36)；国家主义派 二元论 唯心论(19.69)；中国之命运 唯心论 愚民哲学(19.41),0311_瞿秋白_唯物论_唯心论_哲学根本问题.md；1465_机械论_唯物论_批判.md；1577_民族解放_哲学_唯物论.md；1295_国家主义派_二元论_唯心论.md；1601_中国之命运_唯心论_愚民哲学.md,,唯物论、唯心论,艾思奇全书（第3卷）；艾思奇全书（第2卷）；马克思主义哲学史（第六卷,21-23；551-552；181-183,是,可按主题页优先检索,先查主题页《30年代苏联哲学批判运动》，再在 T3/T10 中检索：唯物论|唯心论|哲学党性,否
1577,民族解放 哲学 唯物论,1577_民族解放_哲学_唯物论.md,3,47.4,传播史,民族国家与国际关系,传播史/民族国家与国际关系.md,低,10.0,自动主题组匹配：民族,反唯物论 倾向 民族解放(30.42)；机械唯物论 偏向 民族解放(29.62)；新启蒙运动 民族解放(25.77)；自然科学 唯物论 观念论(20.36)；唯物论 唯心论 哲学党性(20.36),1578_反唯物论_倾向_民族解放.md；1536_机械唯物论_偏向_民族解放.md；0384_新启蒙运动_民族解放.md；0415_自然科学_唯物论_观念论.md；1576_唯物论_唯心论_哲学党性.md,,民族解放、哲学、唯物论,艾思奇全书（第2卷）；马克思主义哲学中国化与中国哲学的现代转型；百年中国哲学革命,56-57；471-473；161-163,是,先核验原卡片再使用,先查主题页《民族国家与国际关系》，再在 T3/T10 中检索：民族解放|哲学|唯物论,否
1578,反唯物论 倾向 民族解放,1578_反唯物论_倾向_民族解放.md,3,48.58,传播史,民族国家与国际关系,传播史/民族国家与国际关系.md,低,10.0,自动主题组匹配：民族,机械唯物论 偏向 民族解放(31.54)；民族解放 哲学 唯物论(30.42)；新启蒙运动 民族解放(25.36)；唯物辩证法 民族解放运动(6.67),1536_机械唯物论_偏向_民族解放.md；1577_民族解放_哲学_唯物论.md；0384_新启蒙运动_民族解放.md；1579_唯物辩证法_民族解放运动.md,,反唯物论、倾向、民族解放,“新哲学”大众化运动研究；艾思奇全书（第2卷）；毛泽东哲学批注集：辩证法唯物论教程批注 (毛泽东),143；62-64；377,是,先核验原卡片再使用,先查主题页《民族国家与国际关系》，再在 T3/T10 中检索：反唯物论|倾向|民族解放,否
1579,唯物辩证法 民族解放运动,1579_唯物辩证法_民族解放运动.md,3,50.46,传播史,民族国家与国际关系,传播史/民族国家与国际关系.md,低,12.0,自动主题组匹配：民族,唯物辩证法 风靡全国(32.14)；唯物辩证法 风靡 起点(32.14)；唯物辩证法 风靡 前奏(32.14)；唯物辩证法 风靡 原因(32.14)；逐步改造 唯物辩证法(32.14),1026_唯物辩证法_风靡全国.md；1027_唯物辩证法_风靡_起点.md；1028_唯物辩证法_风靡_前奏.md；1030_唯物辩证法_风靡_原因.md；1052_逐步改造_唯物辩证法.md,,唯物辩证法、民族解放运动,冯契文集第七卷中国近代哲学的革命进程；“新哲学”大众化运动研究；马克思主义哲学史教程,653；142；497-499,是,先核验原卡片再使用,先查主题页《民族国家与国际关系》，再在 T3/T10 中检索：唯物辩证法|民族解放运动,否
1580,辩证法唯物论 马克思主义政党 世界观,1580_辩证法唯物论_马克思主义政党_世界观.md,3,57.48,理论方法,马克思恩格斯经典文本与哲学关系,理论方法/马克思恩格斯经典文本与哲学关系.md,低,10.0,自动主题组匹配：马克思,辩证法唯物论 入门 战斗性(36.25)；辩证法唯物论 毛泽东哲学(36.25)；社会斗争 武器 辩证法唯物论(35.95)；辩证法唯物论 思想 发展情况(35.95)；辩证法唯物论 社会历史 研究(35.95),1461_辩证法唯物论_入门_战斗性.md；1821_辩证法唯物论_毛泽东哲学.md；1462_社会斗争_武器_辩证法唯物论.md；1584_辩证法唯物论_思想_发展情况.md；1596_辩证法唯物论_社会历史_研究.md,,辩证法唯物论、马克思主义政党、世界观,“新哲学”大众化运动研究；艾思奇关于马克思主义哲学中国化的“系统构想”_罗永剑；艾思奇全书（第2卷）,217；4；720-721,是,先核验原卡片再使用,先查主题页《马克思恩格斯经典文本与哲学关系》，再在 T3/T10 中检索：辩证法唯物论|马克思主义政党|世界观,否
1581,哲学 阶级性 党性 抗战,1581_哲学_阶级性_党性_抗战.md,3,49.2,传播史,民族国家与国际关系,传播史/民族国家与国际关系.md,低,10.0,自动主题组匹配：抗战,哲学 党性 阶级性 毛泽东(32.69)；真理 阶级性 讨论(19.17)；道德 阶级性 讨论(19.17)；哲学 党性 苏联(14.55)；哲学 党性 科学(14.55),0540_哲学_党性_阶级性_毛泽东.md；1361_真理_阶级性_讨论.md；1369_道德_阶级性_讨论.md；0782_哲学_党性_苏联.md；1574_哲学_党性_科学.md,,哲学、阶级性、党性、抗战,艾思奇全书（第2卷）；马克思主义哲学史(第五卷)；马克思主义哲学史教程,544；482-485；381-383,是,先核验原卡片再使用,先查主题页《民族国家与国际关系》，再在 T3/T10 中检索：哲学|阶级性|党性|抗战,否
1582,抗战 哲学 现实 任务,1582_抗战_哲学_现实_任务.md,3,57.2,传播史,民族国家与国际关系,传播史/民族国家与国际关系.md,低,10.0,自动主题组匹配：抗战,文艺 抗战 现实 反映(14.17)；哲学 阶级性 党性 抗战(13.85)；抗战 新启蒙运动(12.08)；宁为玉碎 毋为瓦全 抗战(11.67)；新启蒙运动 抗日救亡 抗战(11.56),0482_文艺_抗战_现实_反映.md；1581_哲学_阶级性_党性_抗战.md；1871_抗战_新启蒙运动.md；0959_宁为玉碎_毋为瓦全_抗战.md；1820_新启蒙运动_抗日救亡_抗战.md,,抗战、哲学、现实、任务,马克思主义哲学在中国：传播、应用、形态、前景；艾思奇全书（第2卷）；马克思主义哲学史教程,436-439；188-190；925-926,是,先核验原卡片再使用,先查主题页《民族国家与国际关系》，再在 T3/T10 中检索：抗战|哲学|现实|任务,否
1583,抗战以来 哲学思想 评述,1583_抗战以来_哲学思想_评述.md,3,51.69,传播史,民族国家与国际关系,传播史/民族国家与国际关系.md,低,10.0,自动主题组匹配：抗战,鲁迅 哲学思想 转变(25.77)；新民主主义论 哲学思想(25.0)；毛泽东 延安时期 哲学思想(24.69)；马克思 哲学思想 形成发展(24.69)；孙中山 哲学思想 行易知难(24.69),1424_鲁迅_哲学思想_转变.md；0563_新民主主义论_哲学思想.md；0536_毛泽东_延安时期_哲学思想.md；1085_马克思_哲学思想_形成发展.md；1603_孙中山_哲学思想_行易知难.md,,抗战以来、哲学思想、评述,艾思奇全书（第3卷）；抗日战争与中国共产党哲学思想的形成和发展_李维武；中国知识界关于“马克思主义中国化”的论争——以20世纪30-40年代为中心_张安,246；6；11,是,先核验原卡片再使用,先查主题页《民族国家与国际关系》，再在 T3/T10 中检索：抗战以来|哲学思想|评述,否
1584,辩证法唯物论 思想 发展情况,1584_辩证法唯物论_思想_发展情况.md,3,48.8,理论方法,哲学基本范畴与辩证法原理,理论方法/哲学基本范畴与辩证法原理.md,低,10.0,自动主题组匹配：发展,辩证法唯物论 入门 战斗性(37.81)；辩证法唯物论 毛泽东哲学(37.81)；社会斗争 武器 辩证法唯物论(37.35)；辩证法唯物论 社会历史 研究(37.35)；社会历史 研究 辩证法唯物论(37.35),1461_辩证法唯物论_入门_战斗性.md；1821_辩证法唯物论_毛泽东哲学.md；1462_社会斗争_武器_辩证法唯物论.md；1596_辩证法唯物论_社会历史_研究.md；1597_社会历史_研究_辩证法唯物论.md,,辩证法唯物论、思想、发展情况,艾思奇全书（第3卷）；艾思奇全书（第2卷）；毛泽东哲学批注集：辩证法唯物论教程批注 (毛泽东),248-250；193-195；330,是,先核验原卡片再使用,先查主题页《哲学基本范畴与辩证法原理》，再在 T3/T10 中检索：辩证法唯物论|思想|发展情况,否
1585,唯生论 力行哲学 批评,1585_唯生论_力行哲学_批评.md,3,37.36,其他待人工复核,其他待人工复核,其他待人工复核/其他待人工复核.md,待人工归类,0.0,未命中已有主题页和自动主题组规则，建议人工判断,哲学上三次大论战 提法 批评(12.94)；王道 新小说 批评(11.92)；冯友兰 新世训 批评(11.79)；郭沫若 徐志摩 批评(11.79)；反孔思潮 旧思想 批评(11.67),1488_哲学上三次大论战_提法_批评.md；0964_王道_新小说_批评.md；0476_冯友兰_新世训_批评.md；0960_郭沫若_徐志摩_批评.md；1402_反孔思潮_旧思想_批评.md,,唯生论、力行哲学,马克思主义哲学史（第六卷；艾思奇全书（第3卷）；“新哲学”大众化运动研究,562-583；260-262；55,是,可按主题页优先检索,先查主题页《其他待人工复核》，再在 T3/T10 中检索：唯生论|力行哲学|批评,否
1586,非常时 宗教 态度,1586_非常时_宗教_态度.md,3,44.8,论战与思想运动,宗教批判与无神论思想,论战与思想运动/宗教批判与无神论思想.md,低,10.0,自动主题组匹配：宗教,宗教 资本主义(12.5)；宗教 资产阶级(12.5)；中国人 哲学 宗教(12.27)；哲学 宗教 中国文化(12.08)；哲学 批判 政治 宗教(12.08),1716_宗教_资本主义.md；1948_宗教_资产阶级.md；0987_中国人_哲学_宗教.md；0986_哲学_宗教_中国文化.md；1087_哲学_批判_政治_宗教.md,,非常时、宗教、态度,艾思奇全书（第2卷）；“新哲学”大众化运动研究；马克思主义哲学在中国传播与发展的百年历史（上）,373-375；148；256-258,是,先核验原卡片再使用,先查主题页《宗教批判与无神论思想》，再在 T3/T10 中检索：非常时|宗教|态度,否
1587,自然辩证法 资本论 辩证法,1587_自然辩证法_资本论_辩证法.md,3,55.52,理论方法,马克思恩格斯经典文本与哲学关系,理论方法/马克思恩格斯经典文本与哲学关系.md,低,10.0,自动主题组匹配：资本论,自然辩证法(37.5)；自然辩证法 自然科学(34.09)；反杜林论 辩证法(21.82)；资本论(21.25)；唯物论 辩证法 世界观(20.77),1867_自然辩证法.md；1667_自然辩证法_自然科学.md；1666_反杜林论_辩证法.md；1832_资本论.md；1463_唯物论_辩证法_世界观.md,,自然辩证法、资本论、辩证法,马恩文集第九卷（反杜林论 自然辩证法）；马恩文集第八卷（《资本论》手稿选编）；马恩文集第五卷（资本论1）,4,是,先核验原卡片再使用,先查主题页《马克思恩格斯经典文本与哲学关系》，再在 T3/T10 中检索：自然辩证法|资本论|辩证法,否
1588,民粹主义 主观主义 批判,1588_民粹主义_主观主义_批判.md,3,40.2,理论方法,哲学基本范畴与辩证法原理,理论方法/哲学基本范畴与辩证法原理.md,低,10.0,自动主题组匹配：主观,经验主义 主观主义 批判(35.0)；主观主义 教条主义 批判(31.36)；主观主义 经验主义 批判(31.36)；公式化 主观主义 陈独秀(25.36)；主观主义 教条主义 经验主义(25.36),1212_经验主义_主观主义_批判.md；1211_主观主义_教条主义_批判.md；1464_主观主义_经验主义_批判.md；0322_公式化_主观主义_陈独秀.md；1338_主观主义_教条主义_经验主义.md,,民粹主义、主观主义、批判,艾思奇全书（第2卷）；“新理学”批判的批判；马克思主义哲学史教程,255-257；177；332,是,先核验原卡片再使用,先查主题页《哲学基本范畴与辩证法原理》，再在 T3/T10 中检索：民粹主义|主观主义|批判,否
1589,新康德主义 客观主义 批判,1589_新康德主义_客观主义_批判.md,3,49.24,理论方法,哲学基本范畴与辩证法原理,理论方法/哲学基本范畴与辩证法原理.md,低,10.0,自动主题组匹配：客观,直觉主义 新康德主义 存在主义 苏联(30.88)；主观主义 教条主义 批判(7.69)；经验主义 主观主义 批判(7.69)；主观主义 经验主义 批判(7.69)；民粹主义 主观主义 批判(7.69),0773_直觉主义_新康德主义_存在主义_苏联.md；1211_主观主义_教条主义_批判.md；1212_经验主义_主观主义_批判.md；1464_主观主义_经验主义_批判.md；1588_民粹主义_主观主义_批判.md,,新康德主义、客观主义、批判,艾思奇全书（第2卷）；米丁-辩证唯物论历史唯物论下-rightToLeft；列宁专题文集·论辩证唯物主义和历史唯物主义,257-260；3；408,是,先核验原卡片再使用,先查主题页《哲学基本范畴与辩证法原理》，再在 T3/T10 中检索：新康德主义|客观主义|批判,否
1590,马赫主义 斗争 经验批判论,1590_马赫主义_斗争_经验批判论.md,3,50.0,理论方法,哲学基本范畴与辩证法原理,理论方法/哲学基本范畴与辩证法原理.md,低,8.0,二级自动主题组匹配：经验,列宁 唯物主义 经验批判论(33.33)；唯物主义和经验批判主义 马赫主义(29.38)；经验 马赫主义(29.09)；马赫主义 批判 反映论(27.14)；唯心主义 马赫主义(25.77),0837_列宁_唯物主义_经验批判论.md；1653_唯物主义和经验批判主义_马赫主义.md；1762_经验_马赫主义.md；1538_马赫主义_批判_反映论.md；1728_唯心主义_马赫主义.md,,马赫主义、斗争、经验批判论,艾思奇全书（第2卷）；毛泽东哲学批注集：辩证法唯物论教程批注 (毛泽东)；米丁-辩证唯物论与历史唯物论-上-rightToLeft,261-262；328；332,是,先核验原卡片再使用,先查主题页《哲学基本范畴与辩证法原理》，再在 T3/T10 中检索：马赫主义|斗争|经验批判论,否
1591,鲁迅 早期 哲学贡献,1591_鲁迅_早期_哲学贡献.md,3,35.13,论战与思想运动,文学艺术与文艺理论,论战与思想运动/文学艺术与文艺理论.md,低,8.0,二级自动主题组匹配：鲁迅,十月革命后 列宁 哲学贡献(25.36)；鲁迅 哲学思想 转变(14.17)；鲁迅 唯物史观 传播 运用(11.67)；鲁迅 方向 中华民族新文化(11.56)；鲁迅 辩证法 唯物论 理想主义(11.47),0784_十月革命后_列宁_哲学贡献.md；1424_鲁迅_哲学思想_转变.md；0116_鲁迅_唯物史观_传播_运用.md；0256_鲁迅_方向_中华民族新文化.md；1592_鲁迅_辩证法_唯物论_理想主义.md,,鲁迅、早期,马克思主义哲学的中国化及其历程；艾思奇全书（第3卷）；胡绳全书（第一卷）,135-136；189-192；362-365,是,先核验原卡片再使用,先查主题页《文学艺术与文艺理论》，再在 T3/T10 中检索：鲁迅|早期|哲学贡献,否
1592,鲁迅 辩证法 唯物论 理想主义,1592_鲁迅_辩证法_唯物论_理想主义.md,3,53.0,理论方法,哲学基本范畴与辩证法原理,理论方法/哲学基本范畴与辩证法原理.md,低,16.0,二级自动主题组匹配：唯物论、辩证法,唯物论 辩证法 世界观(36.67)；唯物主义 辩证法(22.69)；新唯物主义 实践 辩证法(21.25)；唯心主义 辩证法(20.36)；社会主义建设 辩证法 探索(19.17),1463_唯物论_辩证法_世界观.md；1747_唯物主义_辩证法.md；0015_新唯物主义_实践_辩证法.md；1745_唯心主义_辩证法.md；0672_社会主义建设_辩证法_探索.md,,鲁迅、辩证法、唯物论、理想主义,艾思奇全书（第3卷）；胡绳全书（第四卷）；艾思奇全书（第2卷）,197；178-179；720-721,是,先核验原卡片再使用,先查主题页《哲学基本范畴与辩证法原理》，再在 T3/T10 中检索：鲁迅|辩证法|唯物论|理想主义,否
1593,美术工作 群众 结合,1593_美术工作_群众_结合.md,3,54.0,其他待人工复核,其他待人工复核,其他待人工复核/其他待人工复核.md,待人工归类,9.0,未命中已有主题页和自动主题组规则，建议人工判断,,,,美术工作、群众、结合,艾思奇全书（第3卷）；胡绳全书（第一卷）；马克思主义哲学史（第六卷,469-471；415-417；542-544,是,可按主题页优先检索,先查主题页《其他待人工复核》，再在 T3/T10 中检索：美术工作|群众|结合,否
1594,改造学习 方针 办法,1594_改造学习_方针_办法.md,3,41.4,新哲学大众化,青年教育与人生观,新哲学大众化/青年教育与人生观.md,低,10.0,自动主题组匹配：学习,学习 缺点 改造学习(27.5)；共产国际 民族民主革命 方针(11.47),1595_学习_缺点_改造学习.md；1158_共产国际_民族民主革命_方针.md,,改造学习、方针、办法,艾思奇全书（第3卷）；继承五四和扬弃五四；我們繼續歷史的事業前進：爲紀念中國共產黨成立十七週年而作,351-352；13；6,是,先核验原卡片再使用,先查主题页《青年教育与人生观》，再在 T3/T10 中检索：改造学习|方针|办法,否
1595,学习 缺点 改造学习,1595_学习_缺点_改造学习.md,3,32.53,新哲学大众化,青年教育与人生观,新哲学大众化/青年教育与人生观.md,低,10.0,自动主题组匹配：学习,改造学习 方针 办法(27.5),1594_改造学习_方针_办法.md,,学习、缺点,艾思奇全书（第3卷）；马克思主义哲学史；马克思主义哲学在中国：传播、应用、形态、前景,349-351；101-104；156-158,是,先核验原卡片再使用,先查主题页《青年教育与人生观》，再在 T3/T10 中检索：学习|缺点|改造学习,否
1596,辩证法唯物论 社会历史 研究,1596_辩证法唯物论_社会历史_研究.md,3,51.87,理论方法,哲学基本范畴与辩证法原理,理论方法/哲学基本范畴与辩证法原理.md,低,16.0,二级自动主题组匹配：唯物论、辩证法,社会历史 研究 辩证法唯物论(70.83)；社会斗争 武器 辩证法唯物论(39.38)；辩证法唯物论 入门 战斗性(37.81)；辩证法唯物论 毛泽东哲学(37.81)；辩证法唯物论 思想 发展情况(37.35),1597_社会历史_研究_辩证法唯物论.md；1462_社会斗争_武器_辩证法唯物论.md；1461_辩证法唯物论_入门_战斗性.md；1821_辩证法唯物论_毛泽东哲学.md；1584_辩证法唯物论_思想_发展情况.md,,辩证法唯物论、社会历史、研究,艾思奇全书（第3卷）；艾思奇全书（第2卷）；延安时期知识分子群体与马克思主义哲学大众化郭 - 2015 -,213-215；726-729；101,是,先核验原卡片再使用,先查主题页《哲学基本范畴与辩证法原理》，再在 T3/T10 中检索：辩证法唯物论|社会历史|研究,否
1597,社会历史 研究 辩证法唯物论,1597_社会历史_研究_辩证法唯物论.md,3,51.87,理论方法,哲学基本范畴与辩证法原理,理论方法/哲学基本范畴与辩证法原理.md,低,16.0,二级自动主题组匹配：唯物论、辩证法,辩证法唯物论 社会历史 研究(70.83)；社会斗争 武器 辩证法唯物论(39.38)；辩证法唯物论 入门 战斗性(37.81)；辩证法唯物论 毛泽东哲学(37.81)；辩证法唯物论 思想 发展情况(37.35),1596_辩证法唯物论_社会历史_研究.md；1462_社会斗争_武器_辩证法唯物论.md；1461_辩证法唯物论_入门_战斗性.md；1821_辩证法唯物论_毛泽东哲学.md；1584_辩证法唯物论_思想_发展情况.md,,社会历史、研究、辩证法唯物论,艾思奇全书（第2卷）；艾思奇全书（第3卷）；延安时期知识分子群体与马克思主义哲学大众化郭 - 2015 -,726-729；213-215；101,是,先核验原卡片再使用,先查主题页《哲学基本范畴与辩证法原理》，再在 T3/T10 中检索：社会历史|研究|辩证法唯物论,否
1598,共产主义者 道德 民族道德,1598_共产主义者_道德_民族道德.md,3,52.6,传播史,民族国家与国际关系,传播史/民族国家与国际关系.md,低,10.0,自动主题组匹配：民族,复兴 道德(12.27)；知识 道德(12.27)；道德 发展 进步(11.92)；道德 阶级性 讨论(11.79)；共产主义 劳动(6.82),2026_复兴_道德.md；2027_知识_道德.md；1599_道德_发展_进步.md；1369_道德_阶级性_讨论.md；1782_共产主义_劳动.md,,共产主义者、道德、民族道德,艾思奇全书（第2卷）；艾思奇全书（第1卷）；马恩文集第二卷（1848-1859）,528-531；138-439；771,是,先核验原卡片再使用,先查主题页《民族国家与国际关系》，再在 T3/T10 中检索：共产主义者|道德|民族道德,否
1599,道德 发展 进步,1599_道德_发展_进步.md,3,47.0,理论方法,哲学基本范畴与辩证法原理,理论方法/哲学基本范畴与辩证法原理.md,低,10.0,自动主题组匹配：发展,复兴 道德(13.57)；知识 道德(13.57)；道德 阶级性 讨论(12.5)；共产主义者 道德 民族道德(11.92),2026_复兴_道德.md；2027_知识_道德.md；1369_道德_阶级性_讨论.md；1598_共产主义者_道德_民族道德.md,,道德、发展、进步,艾思奇全书（第2卷）；马克思主义哲学在中国传播与发展的百年历史（下）；马克思主义哲学中国化与中国哲学的现代转型,526-528；638-640；607-608,是,先核验原卡片再使用,先查主题页《哲学基本范畴与辩证法原理》，再在 T3/T10 中检索：道德|发展|进步,否
1600,民主 集中 关系,1600_民主_集中_关系.md,3,49.2,论战与思想运动,中国近代启蒙与民主革命,论战与思想运动/中国近代启蒙与民主革命.md,低,10.0,自动主题组匹配：民主,实事求是 民主集中制(7.5)；军事反对派 民主集中派 工人反对派(5.36),0612_实事求是_民主集中制.md；1256_军事反对派_民主集中派_工人反对派.md,,民主、集中、关系,艾思奇全书（第3卷）；马克思主义哲学史(第五卷)；马克思主义哲学史,166-169；100-102；366-368,是,先核验原卡片再使用,先查主题页《中国近代启蒙与民主革命》，再在 T3/T10 中检索：民主|集中|关系,否
1601,中国之命运 唯心论 愚民哲学,1601_中国之命运_唯心论_愚民哲学.md,3,51.15,其他待人工复核,其他待人工复核,其他待人工复核/其他待人工复核.md,待人工归类,0.0,未命中已有主题页和自动主题组规则，建议人工判断,中国之命运(34.09)；三民主义 中国之命运 思想批判(30.26)；唯物论 唯心论 哲学党性(19.41)；瞿秋白 唯物论 唯心论 哲学根本问题(18.41)；国家主义派 二元论 唯心论(17.63),1983_中国之命运.md；1648_三民主义_中国之命运_思想批判.md；1576_唯物论_唯心论_哲学党性.md；0311_瞿秋白_唯物论_唯心论_哲学根本问题.md；1295_国家主义派_二元论_唯心论.md,,中国之命运、唯心论、愚民哲学,艾思奇全书（第3卷）；延安时期知识分子群体与马克思主义哲学大众化郭 - 2015 -；1940年代中国共产党人的思想批判和新民主主义话语权的确立_陈先初,111-415；144；6,是,可按主题页优先检索,先查主题页《其他待人工复核》，再在 T3/T10 中检索：中国之命运|唯心论|愚民哲学,否
1602,诚的思想 知与行 知难行易,1602_诚的思想_知与行_知难行易.md,2,36.68,其他待人工复核,其他待人工复核,其他待人工复核/其他待人工复核.md,待人工归类,0.0,未命中已有主题页和自动主题组规则，建议人工判断,孙中山 知难行易 革命思想(26.25),1393_孙中山_知难行易_革命思想.md,,知与行、知难行易,《实践论》和《矛盾论》对马克思主义哲学中国化的启示_许全兴；冯契文集第七卷中国近代哲学的革命进程,7；688,是,可按主题页优先检索,先查主题页《其他待人工复核》，再在 T3/T10 中检索：诚的思想|知与行|知难行易,否
1603,孙中山 哲学思想 行易知难,1603_孙中山_哲学思想_行易知难.md,3,39.67,论战与思想运动,中国近代启蒙与民主革命,论战与思想运动/中国近代启蒙与民主革命.md,低,10.0,自动主题组匹配：孙中山,鲁迅 哲学思想 转变(25.36)；新民主主义论 哲学思想(24.69)；抗战以来 哲学思想 评述(24.69)；毛泽东 延安时期 哲学思想(24.41)；马克思 哲学思想 形成发展(24.41),1424_鲁迅_哲学思想_转变.md；0563_新民主主义论_哲学思想.md；1583_抗战以来_哲学思想_评述.md；0536_毛泽东_延安时期_哲学思想.md；1085_马克思_哲学思想_形成发展.md,,孙中山、哲学思想、行易知难,艾思奇全书（第2卷）；抗日战争与中国共产党哲学思想的形成和发展_李维武；中国近代思想史论,196-197；12；232,是,先核验原卡片再使用,先查主题页《中国近代启蒙与民主革命》，再在 T3/T10 中检索：孙中山|哲学思想|行易知难,否
1604,孙中山 物质 精神 关系,1604_孙中山_物质_精神_关系.md,3,55.6,理论方法,哲学基本范畴与辩证法原理,理论方法/哲学基本范畴与辩证法原理.md,低,10.0,自动主题组匹配：物质,孙中山 知难行易 革命思想(18.12)；孙中山 哲学思想 行易知难(18.12)；文明 精神 物质 现实(13.85)；精神 物质 美术 宗教 科学(13.33)；物质 运动 发展(12.08),1393_孙中山_知难行易_革命思想.md；1603_孙中山_哲学思想_行易知难.md；0944_文明_精神_物质_现实.md；1411_精神_物质_美术_宗教_科学.md；1457_物质_运动_发展.md,,孙中山、物质、精神、关系,艾思奇全书（第2卷）；中国近代哲学的革命进程；马克思主义哲学史（第六卷,505-507；269-272；568-569,是,先核验原卡片再使用,先查主题页《哲学基本范畴与辩证法原理》，再在 T3/T10 中检索：孙中山|物质|精神|关系,否
1605,冯友兰 新理学,1605_冯友兰_新理学.md,3,46.58,论战与思想运动,新理学批判,论战与思想运动/新理学批判.md,高,100.0,命中主题路由词：新理学|冯友兰,冯友兰 新理学 批判(47.86)；冯友兰 新理学 马克思主义哲学(40.42)；新理学(25.0)；冯友兰 新世训 批评(23.33)；事物 冯友兰(22.14),1640_冯友兰_新理学_批判.md；0763_冯友兰_新理学_马克思主义哲学.md；1908_新理学.md；0476_冯友兰_新世训_批评.md；1711_事物_冯友兰.md,,冯友兰、新理学,“新理学”批判的批判；冯契文集第七卷中国近代哲学的革命进程；百年中国哲学革命 (许全兴著),7；538；273,是,可按主题页优先检索,先查主题页《新理学批判》，再在 T3/T10 中检索：冯友兰|新理学,否
1606,张东荪 动的逻辑 形式逻辑,1606_张东荪_动的逻辑_形式逻辑.md,3,58.13,论战与思想运动,思想论战与文化批判,论战与思想运动/思想论战与文化批判.md,高,100.0,命中主题路由词：张东荪|动的逻辑|唯物辩证法论战|叶青,形式逻辑 辩证逻辑 形式论理学(26.67)；叶青 动的逻辑 论战(25.77)；辩证法 形式逻辑 论争(25.36)；形式逻辑 对象 客观基础(25.0)；唯物辩证法 形式逻辑 分疆而治(24.17),0408_形式逻辑_辩证逻辑_形式论理学.md；1609_叶青_动的逻辑_论战.md；1304_辩证法_形式逻辑_论争.md；1370_形式逻辑_对象_客观基础.md；1305_唯物辩证法_形式逻辑_分疆而治.md,,动的逻辑、张东荪、形式逻辑,"张东荪-唯物辩证法论战；马克思主义哲学在中国：传播 应用 形态 前景 (徐素华著, 徐素华著, 徐素华, 徐素華)；继承五四和扬弃五四",204；135；67,是,可按主题页优先检索,先查主题页《思想论战与文化批判》，再在 T3/T10 中检索：张东荪|动的逻辑|形式逻辑,否
1607,张东荪 唯物辩证法论战,1607_张东荪_唯物辩证法论战.md,3,51.73,论战与思想运动,思想论战与文化批判,论战与思想运动/思想论战与文化批判.md,高,100.0,命中主题路由词：张东荪|动的逻辑|唯物辩证法论战|叶青,唯物辩证法论战 学术史(47.5)；唯物辩证法论战 大众哲学(46.54)；唯物辩证法论战 中国马克思主义(44.38)；唯物辩证法论战 马克思主义哲学(44.38)；唯物辩证法论战 马克思主义哲学 哲学大众化(42.5),0919_唯物辩证法论战_学术史.md；1610_唯物辩证法论战_大众哲学.md；0971_唯物辩证法论战_中国马克思主义.md；1426_唯物辩证法论战_马克思主义哲学.md；1789_唯物辩证法论战_马克思主义哲学_哲学大众化.md,,张东荪、唯物辩证法论战,从唯物辩证法论战到马克思主义哲学大众化——对艾思奇《大众哲学》的解读_李维武；马克思主义哲学中国化的历史进程；马克思主义哲学中国化与中国哲学的现代转型,3；7；125,是,可按主题页优先检索,先查主题页《思想论战与文化批判》，再在 T3/T10 中检索：张东荪|唯物辩证法论战,否
1608,张东荪 辩证法 总检讨,1608_张东荪_辩证法_总检讨.md,3,66.63,论战与思想运动,思想论战与文化批判,论战与思想运动/思想论战与文化批判.md,高,100.0,命中主题路由词：张东荪|动的逻辑|唯物辩证法论战|叶青,张东荪 唯物辩证法论战(22.69)；进攻 防御 辩证法(19.17)；持久 速决 辩证法(19.17)；内线 外线 辩证法(19.17)；主动 被动 辩证法(19.17),1607_张东荪_唯物辩证法论战.md；1325_进攻_防御_辩证法.md；1326_持久_速决_辩证法.md；1327_内线_外线_辩证法.md；1328_主动_被动_辩证法.md,,总检讨、张东荪、辩证法,张东荪-唯物辩证法论战；毛泽东哲学批注集：辩证法唯物论教程批注 (毛泽东)；从唯物辩证法论战到马克思主义哲学大众化——对艾思奇《大众哲学》的解读_李维武,179；202；11,是,可按主题页优先检索,先查主题页《思想论战与文化批判》，再在 T3/T10 中检索：张东荪|辩证法|总检讨,否
1609,叶青 动的逻辑 论战,1609_叶青_动的逻辑_论战.md,3,56.78,论战与思想运动,思想论战与文化批判,论战与思想运动/思想论战与文化批判.md,高,100.0,命中主题路由词：张东荪|动的逻辑|唯物辩证法论战|叶青,张东荪 动的逻辑 形式逻辑(25.77)；中国社会史 论战(12.08)；中国社会性质 论战(11.92)；科学与人生观 论战(11.92)；人生观 论战 科玄论战(11.92),1606_张东荪_动的逻辑_形式逻辑.md；0186_中国社会史_论战.md；0184_中国社会性质_论战.md；0185_科学与人生观_论战.md；0187_人生观_论战_科玄论战.md,,动的逻辑、论战、叶青,张东荪-唯物辩证法论战；从唯物辩证法论战到马克思主义哲学大众化——对艾思奇《大众哲学》的解读_李维武；中国马克思主义学术史纲,204；6；46,是,可按主题页优先检索,先查主题页《思想论战与文化批判》，再在 T3/T10 中检索：叶青|动的逻辑|论战,否
1610,唯物辩证法论战 大众哲学,1610_唯物辩证法论战_大众哲学.md,3,55.47,论战与思想运动,思想论战与文化批判,论战与思想运动/思想论战与文化批判.md,高,100.0,命中主题路由词：张东荪|动的逻辑|唯物辩证法论战|叶青,唯物辩证法论战 学术史(46.54)；张东荪 唯物辩证法论战(46.54)；唯物辩证法论战 马克思主义哲学(45.94)；唯物辩证法论战 马克思主义哲学 哲学大众化(45.53)；唯物辩证法论战 中国马克思主义(43.82),0919_唯物辩证法论战_学术史.md；1607_张东荪_唯物辩证法论战.md；1426_唯物辩证法论战_马克思主义哲学.md；1789_唯物辩证法论战_马克思主义哲学_哲学大众化.md；0971_唯物辩证法论战_中国马克思主义.md,,唯物辩证法论战、大众哲学,"从唯物辩证法论战到马克思主义哲学大众化——对艾思奇《大众哲学》的解读_李维武；马克思主义哲学史教程；马克思主义哲学的中国化及其历程 (曾乐山著, 曾乐山著, 曾乐山)",1；918；29,是,可按主题页优先检索,先查主题页《思想论战与文化批判》，再在 T3/T10 中检索：唯物辩证法论战|大众哲学,否
1611,五四运动 继承五四 扬弃五四,1611_五四运动_继承五四_扬弃五四.md,3,74.6,论战与思想运动,新启蒙运动,论战与思想运动/新启蒙运动.md,高,100.0,命中主题路由词：新启蒙|继承五四|扬弃五四,新启蒙运动 继承五四(30.42)；新启蒙运动 扬弃五四(27.69)；五四运动 戊戌 传统(25.77)；五四运动 新文化 弱点(25.36)；新文化运动 五四运动 学术史(24.69),1612_新启蒙运动_继承五四.md；1613_新启蒙运动_扬弃五四.md；0231_五四运动_戊戌_传统.md；0230_五四运动_新文化_弱点.md；0118_新文化运动_五四运动_学术史.md,,五四运动、继承五四、扬弃五四,继承五四和扬弃五四；抗日救亡运动中的文化新声——“新启蒙运动”与中国左翼知识界的文化抗战_王锐；延安时期知识分子群体与马克思主义哲学大众化郭 - 2015 -,77；2；62,是,可按主题页优先检索,先查主题页《新启蒙运动》，再在 T3/T10 中检索：五四运动|继承五四|扬弃五四,否
1612,新启蒙运动 继承五四,1612_新启蒙运动_继承五四.md,3,50.57,论战与思想运动,新启蒙运动,论战与思想运动/新启蒙运动.md,高,100.0,命中主题路由词：新启蒙|继承五四|扬弃五四,新启蒙运动 扬弃五四(36.36)；国难 新启蒙运动(35.0)；新启蒙运动 提出(35.0)；抗战 新启蒙运动(35.0)；新启蒙运动 普及(35.0),1613_新启蒙运动_扬弃五四.md；0376_国难_新启蒙运动.md；0377_新启蒙运动_提出.md；1871_抗战_新启蒙运动.md；1874_新启蒙运动_普及.md,,新启蒙运动、继承五四,抗日救亡运动中的文化新声——“新启蒙运动”与中国左翼知识界的文化抗战_王锐；继承五四和扬弃五四；新启蒙运动与新民主主义文化思想的形成_卢毅,2；19；1,是,可按主题页优先检索,先查主题页《新启蒙运动》，再在 T3/T10 中检索：新启蒙运动|继承五四,否
1613,新启蒙运动 扬弃五四,1613_新启蒙运动_扬弃五四.md,3,50.62,论战与思想运动,新启蒙运动,论战与思想运动/新启蒙运动.md,高,100.0,命中主题路由词：新启蒙|继承五四|扬弃五四,新启蒙运动 继承五四(36.36)；国难 新启蒙运动(35.0)；新启蒙运动 提出(35.0)；抗战 新启蒙运动(35.0)；新启蒙运动 普及(35.0),1612_新启蒙运动_继承五四.md；0376_国难_新启蒙运动.md；0377_新启蒙运动_提出.md；1871_抗战_新启蒙运动.md；1874_新启蒙运动_普及.md,,新启蒙运动、扬弃五四,抗日救亡运动中的文化新声——“新启蒙运动”与中国左翼知识界的文化抗战_王锐；继承五四和扬弃五四；马克思主义中国化的起源语境,2；1；92,是,可按主题页优先检索,先查主题页《新启蒙运动》，再在 T3/T10 中检索：新启蒙运动|扬弃五四,否
1614,张申府 新启蒙运动 民主,1614_张申府_新启蒙运动_民主.md,3,56.65,论战与思想运动,新启蒙运动,论战与思想运动/新启蒙运动.md,高,100.0,命中主题路由词：新启蒙|继承五四|扬弃五四,张申府 新启蒙运动(59.44)；新启蒙运动 民族解放(35.42)；新启蒙运动 民族传统(35.42)；国难 新启蒙运动(34.09)；新启蒙运动 提出(34.09),1742_张申府_新启蒙运动.md；0384_新启蒙运动_民族解放.md；1615_新启蒙运动_民族传统.md；0376_国难_新启蒙运动.md；0377_新启蒙运动_提出.md,,新启蒙运动、民主、张申府,新启蒙运动与新民主主义文化思想的形成_卢毅；什么是新启蒙运动；从“决裂论”到“土壤论”——新启蒙运动对马克思主义与中国传统文化关系的认识深化_崔海亮,4；30；6,是,可按主题页优先检索,先查主题页《新启蒙运动》，再在 T3/T10 中检索：张申府|新启蒙运动|民主,否
1615,新启蒙运动 民族传统,1615_新启蒙运动_民族传统.md,3,47.9,论战与思想运动,新启蒙运动,论战与思想运动/新启蒙运动.md,高,100.0,命中主题路由词：新启蒙|继承五四|扬弃五四,新启蒙运动 民族解放(40.0)；张申府 新启蒙运动 民主(35.42)；国难 新启蒙运动(35.0)；新启蒙运动 提出(35.0)；抗战 新启蒙运动(35.0),0384_新启蒙运动_民族解放.md；1614_张申府_新启蒙运动_民主.md；0376_国难_新启蒙运动.md；0377_新启蒙运动_提出.md；1871_抗战_新启蒙运动.md,,新启蒙运动、民族传统,继承五四和扬弃五四；抗日救亡运动中的文化新声——“新启蒙运动”与中国左翼知识界的文化抗战_王锐；马克思主义中国化的起源语境,48；10；140,是,可按主题页优先检索,先查主题页《新启蒙运动》，再在 T3/T10 中检索：新启蒙运动|民族传统,否
1616,新启蒙运动 文化抗战,1616_新启蒙运动_文化抗战.md,3,53.03,论战与思想运动,新启蒙运动,论战与思想运动/新启蒙运动.md,高,100.0,命中主题路由词：新启蒙|继承五四|扬弃五四,抗战 新启蒙运动(38.89)；文化运动 新启蒙运动(37.5)；国难 新启蒙运动(35.0)；新启蒙运动 提出(35.0)；新启蒙运动 普及(35.0),1871_抗战_新启蒙运动.md；1744_文化运动_新启蒙运动.md；0376_国难_新启蒙运动.md；0377_新启蒙运动_提出.md；1874_新启蒙运动_普及.md,,新启蒙运动、文化抗战,抗日救亡运动中的文化新声——“新启蒙运动”与中国左翼知识界的文化抗战_王锐；从“决裂论”到“土壤论”——新启蒙运动对马克思主义与中国传统文化关系的认识深化_崔海亮；马克思主义中国化的起源语境,15；4；138,是,可按主题页优先检索,先查主题页《新启蒙运动》，再在 T3/T10 中检索：新启蒙运动|文化抗战,否
1617,中国向何处去 古今中西,1617_中国向何处去_古今中西.md,3,49.42,论战与思想运动,中国近代启蒙与民主革命,论战与思想运动/中国近代启蒙与民主革命.md,高,121.16,与既有主题相近：古今中西 争论 中国向何处去；古今中西 之争 中国近代哲学革命；古今中西 论争 中西体用,古今中西 争论 中国向何处去(66.67)；中国近代哲学 古今中西(27.14)；之争 古今中西(26.82)；古今中西 之争 中国近代哲学革命(25.56)；古今中西 论争 中西体用(25.36),0760_古今中西_争论_中国向何处去.md；1695_中国近代哲学_古今中西.md；1950_之争_古今中西.md；0767_古今中西_之争_中国近代哲学革命.md；0768_古今中西_论争_中西体用.md,,中国向何处去、古今中西,"冯契文集第七卷中国近代哲学的革命进程；马克思主义哲学的中国化及其历程 (曾乐山著, 曾乐山著, 曾乐山)；马克思主义哲学中国化与中国哲学的现代转型",278；273；545,是,可按主题页优先检索,先查主题页《中国近代启蒙与民主革命》，再在 T3/T10 中检索：中国向何处去|古今中西,否
1618,中国化思潮 马克思主义中国化,1618_中国化思潮_马克思主义中国化.md,3,58.3,理论方法,马克思恩格斯经典文本与哲学关系,理论方法/马克思恩格斯经典文本与哲学关系.md,高,100.0,命中主题路由词：马恩|马克思|恩格斯|黑格尔法哲学|德意志意识形态|共产党宣言|反杜林论|自然辩证法|哥达纲领,马克思主义中国化 思潮(62.5)；马克思主义中国化 思潮 抗战(58.75)；马克思主义中国化 思潮 起源(58.75)；马克思主义中国化 前瞻(54.58)；起源 马克思主义中国化(54.58),1827_马克思主义中国化_思潮.md；1811_马克思主义中国化_思潮_抗战.md；1812_马克思主义中国化_思潮_起源.md；1180_马克思主义中国化_前瞻.md；1761_起源_马克思主义中国化.md,,中国化思潮、马克思主义中国化,20世纪上半叶“中国化”思潮与“马克思主义中国化”起源研究述评_赵铁锁；“中国化”思潮与马克思主义中国化思想的互动研究——以20世纪20—40年代为考察范围_王朝庆；抗战时期的“中国化”思潮与马克思主义中国化_张立慧,2；3；1,是,可按主题页优先检索,先查主题页《马克思恩格斯经典文本与哲学关系》，再在 T3/T10 中检索：中国化思潮|马克思主义中国化,否
1619,马克思主义中国化 起源语境,1619_马克思主义中国化_起源语境.md,3,56.92,理论方法,马克思恩格斯经典文本与哲学关系,理论方法/马克思恩格斯经典文本与哲学关系.md,高,100.0,命中主题路由词：马恩|马克思|恩格斯|黑格尔法哲学|德意志意识形态|共产党宣言|反杜林论|自然辩证法|哥达纲领,起源 马克思主义中国化(56.67)；马克思主义中国化 思潮 起源(54.29)；马克思主义中国化 前瞻(53.46)；马克思主义中国化 思潮(53.46)；马克思主义中国化 重建(53.46),1761_起源_马克思主义中国化.md；1812_马克思主义中国化_思潮_起源.md；1180_马克思主义中国化_前瞻.md；1827_马克思主义中国化_思潮.md；1828_马克思主义中国化_重建.md,,马克思主义中国化、起源语境,马克思主义中国化的起源语境；“中国化”思潮与马克思主义中国化思想的互动研究——以20世纪20—40年代为考察范围_王朝庆；继承五四和扬弃五四,26；5；142,是,可按主题页优先检索,先查主题页《马克思恩格斯经典文本与哲学关系》，再在 T3/T10 中检索：马克思主义中国化|起源语境,否
1620,马克思主义中国化 提法 具体化,1620_马克思主义中国化_提法_具体化.md,3,68.27,理论方法,马克思恩格斯经典文本与哲学关系,理论方法/马克思恩格斯经典文本与哲学关系.md,高,100.0,命中主题路由词：马恩|马克思|恩格斯|黑格尔法哲学|德意志意识形态|共产党宣言|反杜林论|自然辩证法|哥达纲领,马克思主义中国化 毛泽东 提法(62.5)；马克思主义中国化 提出 学术史(52.5)；马克思主义中国化 前瞻(52.5)；起源 马克思主义中国化(52.5)；马克思主义中国化 思潮(52.5),1804_马克思主义中国化_毛泽东_提法.md；0920_马克思主义中国化_提出_学术史.md；1180_马克思主义中国化_前瞻.md；1761_起源_马克思主义中国化.md；1827_马克思主义中国化_思潮.md,,具体化、马克思主义中国化、提法,毛泽东终生都在坚持“马克思主义中国化”提法吗？；抗战时期的“中国化”思潮与马克思主义中国化_张立慧；马克思主义中国化的起源语境,2；103,是,可按主题页优先检索,先查主题页《马克思恩格斯经典文本与哲学关系》，再在 T3/T10 中检索：马克思主义中国化|提法|具体化,否
1621,马克思主义中国化 文化契合,1621_马克思主义中国化_文化契合.md,3,56.92,理论方法,马克思恩格斯经典文本与哲学关系,理论方法/马克思恩格斯经典文本与哲学关系.md,高,100.0,命中主题路由词：马恩|马克思|恩格斯|黑格尔法哲学|德意志意识形态|共产党宣言|反杜林论|自然辩证法|哥达纲领,马克思主义中国化 文化背景(57.31)；马克思主义中国化 文化融合 文化重构(54.06)；马克思主义中国化 前瞻(53.46)；起源 马克思主义中国化(53.46)；马克思主义中国化 思潮(53.46),1496_马克思主义中国化_文化背景.md；1622_马克思主义中国化_文化融合_文化重构.md；1180_马克思主义中国化_前瞻.md；1761_起源_马克思主义中国化.md；1827_马克思主义中国化_思潮.md,,马克思主义中国化、文化契合,文化契合、文化融合与文化重构——对马克思主义中国化的文化思考_张琳；马克思主义中国化的深度思考（四篇）——文化契合、文化融合与文化重建——马克思主义中国化的文化意蕴；马克思主义中国化的历史进程和基本经验研究_石仲泉,4；1；2,是,可按主题页优先检索,先查主题页《马克思恩格斯经典文本与哲学关系》，再在 T3/T10 中检索：马克思主义中国化|文化契合,否
1622,马克思主义中国化 文化融合 文化重构,1622_马克思主义中国化_文化融合_文化重构.md,3,64.58,理论方法,马克思恩格斯经典文本与哲学关系,理论方法/马克思恩格斯经典文本与哲学关系.md,高,100.0,命中主题路由词：马恩|马克思|恩格斯|黑格尔法哲学|德意志意识形态|共产党宣言|反杜林论|自然辩证法|哥达纲领,马克思主义中国化 文化背景(54.06)；马克思主义中国化 文化契合(54.06)；马克思主义中国化 重建(53.33)；中西融合 马克思主义中国化(51.76)；马克思主义中国化 前瞻(50.94),1496_马克思主义中国化_文化背景.md；1621_马克思主义中国化_文化契合.md；1828_马克思主义中国化_重建.md；0967_中西融合_马克思主义中国化.md；1180_马克思主义中国化_前瞻.md,,马克思主义中国化、文化融合、文化重构,文化契合、文化融合与文化重构——对马克思主义中国化的文化思考_张琳；马克思主义中国化的深度思考（四篇）——文化契合、文化融合与文化重建——马克思主义中国化的文化意蕴；中国马克思主义学术史纲,1；13,是,可按主题页优先检索,先查主题页《马克思恩格斯经典文本与哲学关系》，再在 T3/T10 中检索：马克思主义中国化|文化融合|文化重构,否
1623,马克思主义哲学中国化 结合论 创建论,1623_马克思主义哲学中国化_结合论_创建论.md,3,81.1,理论方法,马克思恩格斯经典文本与哲学关系,理论方法/马克思恩格斯经典文本与哲学关系.md,高,100.0,命中主题路由词：马恩|马克思|恩格斯|黑格尔法哲学|德意志意识形态|共产党宣言|反杜林论|自然辩证法|哥达纲领,马克思主义哲学中国化 不足(53.24)；李达 马克思主义哲学中国化(53.24)；马克思主义哲学中国化 走向(53.24)；毛泽东 马克思主义哲学中国化(52.5)；马克思主义哲学中国化 现实性(52.5),1432_马克思主义哲学中国化_不足.md；1751_李达_马克思主义哲学中国化.md；1816_马克思主义哲学中国化_走向.md；1748_毛泽东_马克思主义哲学中国化.md；1805_马克思主义哲学中国化_现实性.md,,创建论、马克思主义哲学中国化、结合论,马克思主义哲学中国化的路径选择——从“结合论”走向“创建论”_孙伟平；二十世纪上半叶马克思主义哲学中国化之检视_王玉平；马克思主义哲学中国化与中国哲学的现代转型,4；424,是,可按主题页优先检索,先查主题页《马克思恩格斯经典文本与哲学关系》，再在 T3/T10 中检索：马克思主义哲学中国化|结合论|创建论,否
1624,马克思主义中国化 中国现代性,1624_马克思主义中国化_中国现代性.md,3,58.26,理论方法,马克思恩格斯经典文本与哲学关系,理论方法/马克思恩格斯经典文本与哲学关系.md,高,100.0,命中主题路由词：马恩|马克思|恩格斯|黑格尔法哲学|德意志意识形态|共产党宣言|反杜林论|自然辩证法|哥达纲领,马克思主义中国化 前瞻(53.46)；起源 马克思主义中国化(53.46)；马克思主义中国化 思潮(53.46)；马克思主义中国化 重建(53.46)；中国化思潮 马克思主义中国化(52.5),1180_马克思主义中国化_前瞻.md；1761_起源_马克思主义中国化.md；1827_马克思主义中国化_思潮.md；1828_马克思主义中国化_重建.md；1618_中国化思潮_马克思主义中国化.md,,马克思主义中国化、中国现代性,中国现代性建构：马克思主义中国化研究的重要视角_赵园园；马克思主义哲学中国化_问题与进路_孙伟平；马克思主义中国化的历史进程和基本经验研究_石仲泉,7；6；2,是,可按主题页优先检索,先查主题页《马克思恩格斯经典文本与哲学关系》，再在 T3/T10 中检索：马克思主义中国化|中国现代性,否
1625,剩余价值 劳动,1625_剩余价值_劳动.md,3,43.9,理论方法,政治经济学与资本主义批判,理论方法/政治经济学与资本主义批判.md,高,100.0,命中主题路由词：资本论|剩余价值|商品拜物教|生产价格|地租|政治经济学|资本积累,劳动 剩余价值 生产(42.5)；剩余价值 生产(30.71)；剩余价值 商品(30.71)；资本论 剩余价值(29.38)；剩余价值 资本主义生产关系 本质(25.0),0018_劳动_剩余价值_生产.md；1671_剩余价值_生产.md；1702_剩余价值_商品.md；1670_资本论_剩余价值.md；0030_剩余价值_资本主义生产关系_本质.md,,剩余价值、劳动,马恩文集第八卷（《资本论》手稿选编）；马克思主义哲学中国化理论与历史；近五十年中国思想史 (郭湛波),535；209；304,是,可按主题页优先检索,先查主题页《政治经济学与资本主义批判》，再在 T3/T10 中检索：剩余价值|劳动,否
1626,学术中国化 抗战时期,1626_学术中国化_抗战时期.md,3,52.85,中国化,中国化的马克思主义与毛泽东思想,中国化/中国化的马克思主义与毛泽东思想.md,高,100.0,命中主题路由词：马克思主义中国化|中国现代性|学术中国化,,,,学术中国化、抗战时期,抗战时期重庆马克思主义知识群体“学术中国化”研究特点与启示_于文善；抗战时期的“中国化”思潮与马克思主义中国化_张立慧；20世纪上半叶“中国化”思潮与“马克思主义中国化”起源研究述评_赵铁锁,1；2；5,是,可按主题页优先检索,先查主题页《中国化的马克思主义与毛泽东思想》，再在 T3/T10 中检索：学术中国化|抗战时期,否
1627,中国传统文化 决裂论 土壤论,1627_中国传统文化_决裂论_土壤论.md,3,59.34,中国哲学传统,马克思主义哲学与中国文化传统结合,中国哲学传统/马克思主义哲学与中国文化传统结合.md,高,100.0,命中主题路由词：中华优秀传统文化|中国传统文化|文化契合|文化融合|文化重构|决裂论|土壤论|第二个结合,陈独秀 中国传统文化 批判(37.81)；中国传统文化 马克思主义 结合(36.94)；马克思主义 中国传统文化 关系(36.94)；中国传统文化 新启蒙运动 认识深化(36.25),0761_陈独秀_中国传统文化_批判.md；0756_中国传统文化_马克思主义_结合.md；0764_马克思主义_中国传统文化_关系.md；1795_中国传统文化_新启蒙运动_认识深化.md,,中国传统文化、决裂论、土壤论,从“决裂论”到“土壤论”——新启蒙运动对马克思主义与中国传统文化关系的认识深化_崔海亮；百年中国哲学革命 (许全兴著)；继承五四和扬弃五四,1；63；48,是,可按主题页优先检索,先查主题页《马克思主义哲学与中国文化传统结合》，再在 T3/T10 中检索：中国传统文化|决裂论|土壤论,否
1628,中华优秀传统文化 第二个结合,1628_中华优秀传统文化_第二个结合.md,3,55.09,中国哲学传统,马克思主义哲学与中国文化传统结合,中国哲学传统/马克思主义哲学与中国文化传统结合.md,高,100.0,命中主题路由词：中华优秀传统文化|中国传统文化|文化契合|文化融合|文化重构|决裂论|土壤论|第二个结合,中华优秀传统文化 创造性转化(50.29)；中华优秀传统文化 基本原理 马克思(49.21)；中华优秀传统文化 革命文化 社会主义先进文化(47.95)；陈独秀 传统文化 继承关系(5.56)；中国传统文化 马克思主义 结合(5.0),0747_中华优秀传统文化_创造性转化.md；1794_中华优秀传统文化_基本原理_马克思.md；0749_中华优秀传统文化_革命文化_社会主义先进文化.md；0762_陈独秀_传统文化_继承关系.md；0756_中国传统文化_马克思主义_结合.md,,中华优秀传统文化、第二个结合,坚持马克思主义基本原理同中华优秀传统文化相结合须廓清的几种错误倾向_冯冉；中国马克思主义：概念界定与历史使命_王庆丰；从“决裂论”到“土壤论”——新启蒙运动对马克思主义与中国传统文化关系的认识深化_崔海亮,5；8,是,可按主题页优先检索,先查主题页《马克思主义哲学与中国文化传统结合》，再在 T3/T10 中检索：中华优秀传统文化|第二个结合,否
1629,中国马克思主义 概念界定,1629_中国马克思主义_概念界定.md,3,55.11,理论方法,马克思恩格斯经典文本与哲学关系,理论方法/马克思恩格斯经典文本与哲学关系.md,高,100.0,命中主题路由词：马恩|马克思|恩格斯|黑格尔法哲学|德意志意识形态|共产党宣言|反杜林论|自然辩证法|哥达纲领,中国马克思主义 马克思主义者(47.5)；中国马克思主义 毛泽东(46.54)；中国马克思主义 历史使命(45.71)；中国马克思主义 学术史 研究(45.0)；中国马克思主义 学术史 起步(45.0),1788_中国马克思主义_马克思主义者.md；1982_中国马克思主义_毛泽东.md；1818_中国马克思主义_历史使命.md；0915_中国马克思主义_学术史_研究.md；0917_中国马克思主义_学术史_起步.md,,中国马克思主义、概念界定,中国马克思主义：概念界定与历史使命_王庆丰；一本教科书、一个时代、一种...学原理教科书的再思考(上)_何萍；中国马克思主义学术史纲,11；4；43,是,可按主题页优先检索,先查主题页《马克思恩格斯经典文本与哲学关系》，再在 T3/T10 中检索：中国马克思主义|概念界定,否
1630,哲学大众化 新哲学运动,1630_哲学大众化_新哲学运动.md,3,51.73,新哲学大众化,新哲学大众化运动,新哲学大众化/新哲学大众化运动.md,高,100.0,命中主题路由词：哲学大众化|新哲学运动|延安知识分子,哲学大众化 新哲学(43.75)；胡绳 哲学大众化(35.0)；哲学大众化 艾思奇(34.09)；哲学大众化 问题 提出(33.33)；艾思奇 大众哲学 哲学大众化(32.69),1706_哲学大众化_新哲学.md；1634_胡绳_哲学大众化.md；1746_哲学大众化_艾思奇.md；1300_哲学大众化_问题_提出.md；0371_艾思奇_大众哲学_哲学大众化.md,,哲学大众化、新哲学运动,“新哲学”大众化运动研究；《大众哲学》_马克思主义哲学大众化的经典范本_张立波；延安时期知识分子群体与马克思主义哲学大众化郭 - 2015 -,67；6；89,是,可按主题页优先检索,先查主题页《新哲学大众化运动》，再在 T3/T10 中检索：哲学大众化|新哲学运动,否
1631,艾思奇 和生活打成一片,1631_艾思奇_和生活打成一片.md,3,54.24,新哲学大众化,艾思奇与大众哲学,新哲学大众化/艾思奇与大众哲学.md,高,100.0,命中主题路由词：大众哲学|艾思奇,艾思奇 哲学与生活 社会生活(19.69)；大众哲学 艾思奇(18.85)；哲学大众化 艾思奇(18.57)；新启蒙运动 艾思奇(18.57)；艾思奇 大众哲学 贡献(18.33),0363_艾思奇_哲学与生活_社会生活.md；1769_大众哲学_艾思奇.md；1746_哲学大众化_艾思奇.md；1759_新启蒙运动_艾思奇.md；0359_艾思奇_大众哲学_贡献.md,,艾思奇、和生活打成一片,“和生活打成一片”——艾思奇是怎样进行马克思主义哲学大众化的_李勰；从唯物辩证法论战到马克思主义哲学大众化——对艾思奇《大众哲学》的解读_李维武；艾思奇关于马克思主义哲学中国化的“系统构想”_罗永剑,1；11；5,是,可按主题页优先检索,先查主题页《艾思奇与大众哲学》，再在 T3/T10 中检索：艾思奇|和生活打成一片,否
1632,大众哲学 日常生活,1632_大众哲学_日常生活.md,3,48.46,新哲学大众化,艾思奇与大众哲学,新哲学大众化/艾思奇与大众哲学.md,高,100.0,命中主题路由词：大众哲学|艾思奇,大众哲学(30.71)；大众哲学 新哲学(28.33)；哲学讲话 日常生活 哲学观点(27.69)；大众哲学 艾思奇(27.5)；现象 本质 大众哲学(26.82),1849_大众哲学.md；1773_大众哲学_新哲学.md；0397_哲学讲话_日常生活_哲学观点.md；1769_大众哲学_艾思奇.md；0399_现象_本质_大众哲学.md,,大众哲学、日常生活,从唯物辩证法论战到马克思主义哲学大众化——对艾思奇《大众哲学》的解读_李维武；《大众哲学》_马克思主义哲学大众化的经典范本_张立波；马克思主义中国化时代化的历史逻辑、根本途径和当代课题——访北京大学马克思主义学院郭建宁教授_本刊记者,8；2；3,是,可按主题页优先检索,先查主题页《艾思奇与大众哲学》，再在 T3/T10 中检索：大众哲学|日常生活,否
1633,大众哲学 主要矛盾,1633_大众哲学_主要矛盾.md,3,51.54,新哲学大众化,艾思奇与大众哲学,新哲学大众化/艾思奇与大众哲学.md,高,100.0,命中主题路由词：大众哲学|艾思奇,主要矛盾 大众哲学 矛盾理论(53.64)；大众哲学(30.71)；大众哲学 新哲学(28.33)；大众哲学 艾思奇(27.5)；现象 本质 大众哲学(26.82),1808_主要矛盾_大众哲学_矛盾理论.md；1849_大众哲学.md；1773_大众哲学_新哲学.md；1769_大众哲学_艾思奇.md；0399_现象_本质_大众哲学.md,,大众哲学、主要矛盾,《矛盾论》的主要矛盾理论与《大众哲学》无关及其他；“新哲学”大众化运动研究；百年中国哲学革命 (许全兴著),1；230；318,是,可按主题页优先检索,先查主题页《艾思奇与大众哲学》，再在 T3/T10 中检索：大众哲学|主要矛盾,否
1634,胡绳 哲学大众化,1634_胡绳_哲学大众化.md,3,50.38,新哲学大众化,新哲学大众化运动,新哲学大众化/新哲学大众化运动.md,高,100.0,命中主题路由词：哲学大众化|新哲学运动|延安知识分子,哲学大众化 新哲学(37.5)；哲学大众化 艾思奇(36.11)；哲学大众化 问题 提出(35.0)；哲学大众化 新哲学运动(35.0)；艾思奇 大众哲学 哲学大众化(34.09),1706_哲学大众化_新哲学.md；1746_哲学大众化_艾思奇.md；1300_哲学大众化_问题_提出.md；1630_哲学大众化_新哲学运动.md；0371_艾思奇_大众哲学_哲学大众化.md,,胡绳、哲学大众化,胡绳对马克思主义哲学“大众化”的贡献；“新哲学”大众化运动研究；延安时期知识分子群体与马克思主义哲学大众化郭 - 2015 -,2；211；92,是,可按主题页优先检索,先查主题页《新哲学大众化运动》，再在 T3/T10 中检索：胡绳|哲学大众化,否
1635,延安知识分子 哲学大众化,1635_延安知识分子_哲学大众化.md,3,53.04,新哲学大众化,新哲学大众化运动,新哲学大众化/新哲学大众化运动.md,高,100.0,命中主题路由词：哲学大众化|新哲学运动|延安知识分子,胡绳 哲学大众化(33.33)；哲学大众化 新哲学(33.33)；哲学大众化 艾思奇(32.69)；哲学大众化 问题 提出(32.14)；哲学大众化 新哲学运动(32.14),1634_胡绳_哲学大众化.md；1706_哲学大众化_新哲学.md；1746_哲学大众化_艾思奇.md；1300_哲学大众化_问题_提出.md；1630_哲学大众化_新哲学运动.md,,延安知识分子、哲学大众化,延安时期知识分子群体与马克思主义哲学大众化郭 - 2015 -；“新哲学”大众化运动研究；《大众哲学》_马克思主义哲学大众化的经典范本_张立波,128；224；6,是,可按主题页优先检索,先查主题页《新哲学大众化运动》，再在 T3/T10 中检索：延安知识分子|哲学大众化,否
1636,马克思主义哲学教科书 编写 演化,1636_马克思主义哲学教科书_编写_演化.md,3,59.33,苏联哲学,马克思主义哲学教科书体系,苏联哲学/马克思主义哲学教科书体系.md,高,100.0,命中主题路由词：马克思主义哲学教科书|教科书体系|高清海,全国通用 马克思主义哲学教科书 编写(66.18)；马克思主义哲学教科书 中国马克思主义哲学 教科书编写(57.19)；教科书编写 创新 马克思主义哲学(15.62)；马克思主义哲学 教科书 启示(15.0)；马克思主义哲学 教科书 中国化(14.06),0932_全国通用_马克思主义哲学教科书_编写.md；1785_马克思主义哲学教科书_中国马克思主义哲学_教科书编写.md；0935_教科书编写_创新_马克思主义哲学.md；1815_马克思主义哲学_教科书_启示.md；0928_马克思主义哲学_教科书_中国化.md,,马克思主义哲学教科书、编写、演化,中国马克思主义哲学教科书编写之起步、发展与演化（1922—1949）；马克思主义哲学在中国传播与发展的百年历史(上) (胡为雄)；马克思主义哲学中国化的双重逻辑及其意蕴,8；7；2,是,可按主题页优先检索,先查主题页《马克思主义哲学教科书体系》，再在 T3/T10 中检索：马克思主义哲学教科书|编写|演化,否
1637,辩证唯物主义 历史唯物主义 教科书体系,1637_辩证唯物主义_历史唯物主义_教科书体系.md,3,58.81,苏联哲学,马克思主义哲学教科书体系,苏联哲学/马克思主义哲学教科书体系.md,高,100.0,命中主题路由词：马克思主义哲学教科书|教科书体系|高清海,辩证唯物主义 历史唯物主义 教科书(81.15)；辩证唯物主义 历史唯物主义 斯大林(72.5)；斯大林 辩证唯物主义 历史唯物主义(72.5)；历史唯物主义 辩证唯物主义(72.5)；历史唯物主义 辩证唯物主义 列宁(70.94),0933_辩证唯物主义_历史唯物主义_教科书.md；0787_辩证唯物主义_历史唯物主义_斯大林.md；0899_斯大林_辩证唯物主义_历史唯物主义.md；1707_历史唯物主义_辩证唯物主义.md；1800_历史唯物主义_辩证唯物主义_列宁.md,,辩证唯物主义、历史唯物主义、教科书体系,"二十世纪上半叶马克思主义哲学中国化之检视_王玉平；马克思主义哲学在中国：传播 应用 形态 前景 (徐素华著, 徐素华著, 徐素华, 徐素華)；百年中国哲学革命 (许全兴著)",216；234；637,是,可按主题页优先检索,先查主题页《马克思主义哲学教科书体系》，再在 T3/T10 中检索：辩证唯物主义|历史唯物主义|教科书体系,否
1638,高清海 教科书体系 解构,1638_高清海_教科书体系_解构.md,3,72.46,苏联哲学,马克思主义哲学教科书体系,苏联哲学/马克思主义哲学教科书体系.md,高,100.0,命中主题路由词：马克思主义哲学教科书|教科书体系|高清海,辩证唯物主义 历史唯物主义 教科书体系(30.56)；教科书体系 马克思主义哲学 中国传播(30.0),1637_辩证唯物主义_历史唯物主义_教科书体系.md；0098_教科书体系_马克思主义哲学_中国传播.md,,教科书体系、高清海、解构,高清海先生对马克思主义哲学...理教科书的解构及其当代启示_何萍；一本教科书、一个时代、一种...学原理教科书的再思考(下)_何萍；中国马克思主义学术史纲,4；10；210,是,可按主题页优先检索,先查主题页《马克思主义哲学教科书体系》，再在 T3/T10 中检索：高清海|教科书体系|解构,否
1639,冯契 认识世界 认识自己,1639_冯契_认识世界_认识自己.md,3,67.1,理论方法,实践观点与认识论,理论方法/实践观点与认识论.md,低,24.37,与既有主题相近：广义认识论 智慧说 冯契；认识 实践 真理；列宁 感觉 认识论,广义认识论 智慧说 冯契(13.33)；中国近代哲学 冯契(11.79)；人性问题 冯契 智慧说(11.67)；自由人格 平民化 冯契(11.67)；知识论化倾向 反思 冯契(11.56),1239_广义认识论_智慧说_冯契.md；1835_中国近代哲学_冯契.md；1242_人性问题_冯契_智慧说.md；1243_自由人格_平民化_冯契.md；1240_知识论化倾向_反思_冯契.md,,冯契、认识世界、认识自己,认识世界和认识自己；马克思主义哲学中国化与中国哲学的现代转型；百年中国哲学革命 (许全兴著),365；533；245,是,先核验原卡片再使用,先查主题页《实践观点与认识论》，再在 T3/T10 中检索：冯契|认识世界|认识自己,否
1640,冯友兰 新理学 批判,1640_冯友兰_新理学_批判.md,3,70.2,论战与思想运动,新理学批判,论战与思想运动/新理学批判.md,高,100.0,命中主题路由词：新理学|冯友兰,冯友兰 新理学(47.86)；冯友兰 新理学 马克思主义哲学(38.93)；新理学 批判 胡绳(26.11)；新理学(22.14)；冯友兰 新世训 批评(21.82),1605_冯友兰_新理学.md；0763_冯友兰_新理学_马克思主义哲学.md；0477_新理学_批判_胡绳.md；1908_新理学.md；0476_冯友兰_新世训_批评.md,,冯友兰、新理学、批判,“新理学”批判的批判；冯友兰：中国哲学简史；中国文化与马克思主义,98；99；336,是,可按主题页优先检索,先查主题页《新理学批判》，再在 T3/T10 中检索：冯友兰|新理学|批判,否
1641,张申府 罗素 辩证法,1641_张申府_罗素_辩证法.md,3,55.43,理论方法,辩证唯物主义体系,理论方法/辩证唯物主义体系.md,高,100.0,命中主题路由词：辩证法|唯物主义|对立统一|量变质变|否定之否定,进攻 防御 辩证法(19.55)；持久 速决 辩证法(19.55)；内线 外线 辩证法(19.55)；主动 被动 辩证法(19.55)；辩证法 中国 进展(19.55),1325_进攻_防御_辩证法.md；1326_持久_速决_辩证法.md；1327_内线_外线_辩证法.md；1328_主动_被动_辩证法.md；1401_辩证法_中国_进展.md,,罗素、辩证法、张申府,张东荪-唯物辩证法论战；张申府与中国现代哲学；继承五四和扬弃五四,204；4；90,是,可按主题页优先检索,先查主题页《辩证唯物主义体系》，再在 T3/T10 中检索：张申府|罗素|辩证法,否
1642,科学革命 范式 库恩,1642_科学革命_范式_库恩.md,3,47.27,理论方法,自然科学哲学与科学方法,理论方法/自然科学哲学与科学方法.md,高,100.0,命中主题路由词：科学革命|库恩|范式|常规科学,常规科学 科学革命(27.5),1643_常规科学_科学革命.md,,科学革命、范式、库恩,中国马克思主义哲学范式转换研究析论；新教伦理与资本主义精神（当代思想巨匠提序导读、综汇多版精要详注、姊妹篇全面收录、阎克文精修译本。） by 马克斯·韦伯 [马克斯·韦伯] (z-lib.org)；中国马克思主义学术史纲,2；37；5,是,可按主题页优先检索,先查主题页《自然科学哲学与科学方法》，再在 T3/T10 中检索：科学革命|范式|库恩,否
1643,常规科学 科学革命,1643_常规科学_科学革命.md,3,28.13,理论方法,自然科学哲学与科学方法,理论方法/自然科学哲学与科学方法.md,高,100.0,命中主题路由词：科学革命|库恩|范式|常规科学,科学革命 范式 库恩(27.5),1642_科学革命_范式_库恩.md,,科学革命,列宁选集第二卷_2012；列宁专题文集·论辩证唯物主义和历史唯物主义；新教伦理与资本主义精神（当代思想巨匠提序导读、综汇多版精要详注、姊妹篇全面收录、阎克文精修译本。） by 马克斯·韦伯 [马克斯·韦伯] (z-lib.org),222；7；37,是,可按主题页优先检索,先查主题页《自然科学哲学与科学方法》，再在 T3/T10 中检索：常规科学|科学革命,否
1644,新教伦理 资本主义精神,1644_新教伦理_资本主义精神.md,1,54.46,理论方法,政治经济学与资本主义批判,理论方法/政治经济学与资本主义批判.md,高,100.0,命中主题路由词：新教伦理|韦伯|理性化,新教伦理(28.33)；新教伦理与资本主义精神(18.18)；伦理 资本主义(13.89)；劳动 资本主义(6.82)；俄国 资本主义(6.82),1870_新教伦理.md；2014_新教伦理与资本主义精神.md；1723_伦理_资本主义.md；1710_劳动_资本主义.md；1713_俄国_资本主义.md,,新教伦理、资本主义精神,新教伦理与资本主义精神（当代思想巨匠提序导读、综汇多版精要详注、姊妹篇全面收录、阎克文精修译本。） by 马克斯·韦伯 [马克斯·韦伯] (z-lib.org),7,是,可按主题页优先检索,先查主题页《政治经济学与资本主义批判》，再在 T3/T10 中检索：新教伦理|资本主义精神,否
1645,韦伯 理性化 资本主义,1645_韦伯_理性化_资本主义.md,3,70.11,理论方法,政治经济学与资本主义批判,理论方法/政治经济学与资本主义批判.md,高,100.0,命中主题路由词：新教伦理|韦伯|理性化,劳动 资本主义(27.5)；俄国 资本主义(27.5)；宗教 资本主义(27.5)；伦理 资本主义(27.5)；生产 资本主义(27.5),1710_劳动_资本主义.md；1713_俄国_资本主义.md；1716_宗教_资本主义.md；1723_伦理_资本主义.md；1732_生产_资本主义.md,,理性化、韦伯、资本主义,新教伦理与资本主义精神（当代思想巨匠提序导读、综汇多版精要详注、姊妹篇全面收录、阎克文精修译本。） by 马克斯·韦伯 [马克斯·韦伯] (z-lib.org)；中国文化与马克思主义；马克思主义哲学史教程,164；317；734,是,可按主题页优先检索,先查主题页《政治经济学与资本主义批判》，再在 T3/T10 中检索：韦伯|理性化|资本主义,否
1646,自由知识分子 社会民主主义,1646_自由知识分子_社会民主主义.md,3,56.94,论战与思想运动,思想论战与文化批判,论战与思想运动/思想论战与文化批判.md,高,100.0,命中主题路由词：自由知识分子|社会民主主义|观察周刊,民主主义 知识分子 思潮(10.71)；知识分子 社会主义 观察(10.71)；新民主主义 社会主义 关系(6.25)；新民主主义社会 社会主义社会 过渡(5.88)；新民主主义论(5.77),1825_民主主义_知识分子_思潮.md；1826_知识分子_社会主义_观察.md；0527_新民主主义_社会主义_关系.md；0606_新民主主义社会_社会主义社会_过渡.md；1916_新民主主义论.md,,自由知识分子、社会民主主义,在自由与公道之间——1940年代自由知识分子的社会民主主义思潮_陈永忠；列宁选集第一卷_2012；20世纪40年代自由知识分子对社会主义的解读——以《观察》周刊为中心_郑瑞峰,1；477；3,是,可按主题页优先检索,先查主题页《思想论战与文化批判》，再在 T3/T10 中检索：自由知识分子|社会民主主义,否
1647,观察周刊 社会主义,1647_观察周刊_社会主义.md,3,51.53,论战与思想运动,思想论战与文化批判,论战与思想运动/思想论战与文化批判.md,高,100.0,命中主题路由词：自由知识分子|社会民主主义|观察周刊,俄国 社会主义(28.33)；德国 社会主义(28.33)；法国 社会主义(28.33)；知识分子 社会主义 观察(28.33)；社会主义 列宁(28.33),1758_俄国_社会主义.md；1772_德国_社会主义.md；1817_法国_社会主义.md；1826_知识分子_社会主义_观察.md；1840_社会主义_列宁.md,,观察周刊、社会主义,20世纪40年代自由知识分子对社会主义的解读——以《观察》周刊为中心_郑瑞峰；列宁专题文集·论社会主义；列宁选集第四卷_2012,1；36；1025,是,可按主题页优先检索,先查主题页《思想论战与文化批判》，再在 T3/T10 中检索：观察周刊|社会主义,否
1648,三民主义 中国之命运 思想批判,1648_三民主义_中国之命运_思想批判.md,3,58.2,中国化,新民主主义革命理论与马克思主义中国化,中国化/新民主主义革命理论与马克思主义中国化.md,高,100.0,命中主题路由词：三民主义|中国之命运|新民主主义,中国之命运(33.33)；中国之命运 唯心论 愚民哲学(30.26)；三民主义 民主运动 思想基础(25.56)；戴季陶主义 中国共产党 批判(5.26),1983_中国之命运.md；1601_中国之命运_唯心论_愚民哲学.md；1383_三民主义_民主运动_思想基础.md；1137_戴季陶主义_中国共产党_批判.md,,三民主义、思想批判、中国之命运,1940年代中国共产党人的思想批判和新民主主义话语权的确立_陈先初；马克思主义中国化探论；延安时期知识分子群体与马克思主义哲学大众化郭 - 2015 -,2；209；145,是,可按主题页优先检索,先查主题页《新民主主义革命理论与马克思主义中国化》，再在 T3/T10 中检索：三民主义|中国之命运|思想批判,否
1649,新民主主义 话语权,1649_新民主主义_话语权.md,3,51.56,中国化,新民主主义革命理论与马克思主义中国化,中国化/新民主主义革命理论与马克思主义中国化.md,高,100.0,命中主题路由词：三民主义|中国之命运|新民主主义,新民主主义 构想 实践(34.09)；新民主主义 社会主义 关系(33.33)；新民主主义 经济 政治 文化(32.69)；新民主主义 革命 理论 哲学(32.69)；新民主主义 基本纲领 最高纲领(32.14),0525_新民主主义_构想_实践.md；0527_新民主主义_社会主义_关系.md；0559_新民主主义_经济_政治_文化.md；0596_新民主主义_革命_理论_哲学.md；0560_新民主主义_基本纲领_最高纲领.md,,新民主主义、话语权,1940年代中国共产党人的思想批判和新民主主义话语权的确立_陈先初；马克思主义哲学中国化与中国哲学的现代转型；新启蒙运动与新民主主义文化思想的形成_卢毅,1；651,是,可按主题页优先检索,先查主题页《新民主主义革命理论与马克思主义中国化》，再在 T3/T10 中检索：新民主主义|话语权,否
1650,苏联一五计划 中国知识界,1650_苏联一五计划_中国知识界.md,3,55.72,苏联哲学,苏联哲学对中国马克思主义哲学的影响,苏联哲学/苏联哲学对中国马克思主义哲学的影响.md,高,100.0,命中主题路由词：苏联|一五计划|米丁,中国知识界 苏联 计划(37.5)；俄国革命 中国知识界 马克思主义(30.26)；马克思主义中国化 中国知识界 论争(30.26),1831_中国知识界_苏联_计划.md；0859_俄国革命_中国知识界_马克思主义.md；1796_马克思主义中国化_中国知识界_论争.md,,苏联一五计划、中国知识界,论苏联“一五计划”对20世纪30年代初中国知识界的影响_郑大华；中国知识界关于“马克思主义中国化”的论争——以20世纪30-40年代为中心_张安；中国文化与马克思主义,1；11；74,是,可按主题页优先检索,先查主题页《苏联哲学对中国马克思主义哲学的影响》，再在 T3/T10 中检索：苏联一五计划|中国知识界,否
1651,列宁主义 早期传播,1651_列宁主义_早期传播.md,3,51.57,苏联哲学,列宁哲学与社会主义实践,苏联哲学/列宁哲学与社会主义实践.md,高,100.0,命中主题路由词：列宁|马赫主义|新经济政策,马克思主义 俄国传播 列宁主义(27.14)；列宁主义 形式 传入中国(25.77)；列宁主义 新青年 瞿秋白(25.77)；马克思主义中国化 列宁主义(25.36)；列宁主义 一国胜利理论 争论(25.0),0853_马克思主义_俄国传播_列宁主义.md；0847_列宁主义_形式_传入中国.md；1652_列宁主义_新青年_瞿秋白.md；1810_马克思主义中国化_列宁主义.md；0898_列宁主义_一国胜利理论_争论.md,,列宁主义、早期传播,列宁主义早期传播与马克思主义中国化研究_曾银慧；马克思主义在中国早期传播若干问题的辨析_田子渝；米丁-辩证唯物论与历史唯物论-上-rightToLeft,1；11；355,是,可按主题页优先检索,先查主题页《列宁哲学与社会主义实践》，再在 T3/T10 中检索：列宁主义|早期传播,否
1652,列宁主义 新青年 瞿秋白,1652_列宁主义_新青年_瞿秋白.md,3,51.29,苏联哲学,列宁哲学与社会主义实践,苏联哲学/列宁哲学与社会主义实践.md,高,100.0,命中主题路由词：列宁|马赫主义|新经济政策,列宁主义 早期传播(25.77)；列宁主义 形式 传入中国(25.0)；马克思主义中国化 列宁主义(24.69)；马克思主义 俄国传播 列宁主义(24.41)；列宁主义 一国胜利理论 争论(24.41),1651_列宁主义_早期传播.md；0847_列宁主义_形式_传入中国.md；1810_马克思主义中国化_列宁主义.md；0853_马克思主义_俄国传播_列宁主义.md；0898_列宁主义_一国胜利理论_争论.md,,列宁主义、新青年、瞿秋白,列宁主义早期传播与马克思主义中国化研究_曾银慧；马克思主义哲学在中国传播与发展的百年历史(上) (胡为雄)；马列著作在中国的出版,3；116；167,是,可按主题页优先检索,先查主题页《列宁哲学与社会主义实践》，再在 T3/T10 中检索：列宁主义|新青年|瞿秋白,否
1653,唯物主义和经验批判主义 马赫主义,1653_唯物主义和经验批判主义_马赫主义.md,3,51.9,苏联哲学,列宁哲学与社会主义实践,苏联哲学/列宁哲学与社会主义实践.md,高,100.0,命中主题路由词：列宁|马赫主义|新经济政策,唯物主义和经验批判主义(58.75)；马赫主义 斗争 经验批判论(29.38)；经验 马赫主义(27.69)；唯心主义 马赫主义(27.14)；马赫主义 批判 反映论(26.25),1861_唯物主义和经验批判主义.md；1590_马赫主义_斗争_经验批判论.md；1762_经验_马赫主义.md；1728_唯心主义_马赫主义.md；1538_马赫主义_批判_反映论.md,,唯物主义和经验批判主义、马赫主义,米丁-辩证唯物论历史唯物论下-rightToLeft；米丁-辩证唯物论与历史唯物论-上-rightToLeft；列宁专题文集·论辩证唯物主义和历史唯物主义,367；189；94,是,可按主题页优先检索,先查主题页《列宁哲学与社会主义实践》，再在 T3/T10 中检索：唯物主义和经验批判主义|马赫主义,否
1654,国家与革命 无产阶级专政,1654_国家与革命_无产阶级专政.md,3,50.78,理论方法,阶级斗争与社会革命理论,理论方法/阶级斗争与社会革命理论.md,高,274.85,与既有主题相近：国家 革命 无产阶级专政；列宁 国家 革命 无产阶级专政；无产阶级专政 历史经验 认识,国家 革命 无产阶级专政(48.18)；列宁 国家 革命 无产阶级专政(45.38)；哲学领域 无产阶级专政 苏联(37.81)；列宁 无产阶级专政 学说 发展(37.81)；无产阶级专政 历史经验 认识(37.81),1090_国家_革命_无产阶级专政.md；0839_列宁_国家_革命_无产阶级专政.md；0770_哲学领域_无产阶级专政_苏联.md；0871_列宁_无产阶级专政_学说_发展.md；0985_无产阶级专政_历史经验_认识.md,,国家与革命、无产阶级专政,马列著作在中国的出版；马克思主义中国化的历史进程；马克思主义哲学史教程,375；434；459,是,可按主题页优先检索,先查主题页《阶级斗争与社会革命理论》，再在 T3/T10 中检索：国家与革命|无产阶级专政,否
1655,帝国主义 资本主义最高阶段,1655_帝国主义_资本主义最高阶段.md,3,52.13,传播史,民族国家与国际关系,传播史/民族国家与国际关系.md,中,79.63,与既有主题相近：罗莎卢森堡 资本积累 帝国主义；帝国主义 中华民族 矛盾；列宁 帝国主义 世界历史,帝国主义 资本主义(35.0)；帝国主义 资本主义发展不平衡 一国胜利(27.89)；帝国主义 战争(26.25)；帝国主义 德国(26.25)；罗莎卢森堡 资本积累 帝国主义(25.56),1730_帝国主义_资本主义.md；0870_帝国主义_资本主义发展不平衡_一国胜利.md；1720_帝国主义_战争.md；1760_帝国主义_德国.md；1098_罗莎卢森堡_资本积累_帝国主义.md,,帝国主义、资本主义最高阶段,马列著作在中国的出版；马克思主义哲学在中国传播与发展的百年历史(上) (胡为雄)；列宁选集第四卷_2012,245；63；974,是,可按主题页优先检索,先查主题页《民族国家与国际关系》，再在 T3/T10 中检索：帝国主义|资本主义最高阶段,否
1656,列宁 新经济政策,1656_列宁_新经济政策.md,3,47.65,苏联哲学,列宁哲学与社会主义实践,苏联哲学/列宁哲学与社会主义实践.md,高,100.0,命中主题路由词：列宁|马赫主义|新经济政策,列宁 新经济政策 哲学(53.75)；新经济政策 生产力 生产关系(33.33)；新经济政策 商品经济 社会主义(32.69)；新经济政策 两种制度 对立斗争(32.14)；民族自决权 民族政策 列宁(13.85),0841_列宁_新经济政策_哲学.md；0882_新经济政策_生产力_生产关系.md；0883_新经济政策_商品经济_社会主义.md；0884_新经济政策_两种制度_对立斗争.md；0881_民族自决权_民族政策_列宁.md,,列宁、新经济政策,列宁专题文集·论社会主义；列宁选集第四卷_2012；列宁主义早期传播与马克思主义中国化研究_曾银慧,314；895；4,是,可按主题页优先检索,先查主题页《列宁哲学与社会主义实践》，再在 T3/T10 中检索：列宁|新经济政策,否
1657,列宁 无产阶级政党,1657_列宁_无产阶级政党.md,3,51.55,苏联哲学,列宁哲学与社会主义实践,苏联哲学/列宁哲学与社会主义实践.md,高,100.0,命中主题路由词：列宁|马赫主义|新经济政策,无产阶级 列宁(22.5)；列宁 无产阶级专政 学说 发展(19.62)；列宁 国家 革命 无产阶级专政(17.14)；列宁 批判考茨基 无产阶级专政(16.67)；列宁 过渡时期 阶级关系(13.57),1839_无产阶级_列宁.md；0871_列宁_无产阶级专政_学说_发展.md；0839_列宁_国家_革命_无产阶级专政.md；0874_列宁_批判考茨基_无产阶级专政.md；0873_列宁_过渡时期_阶级关系.md,,列宁、无产阶级政党,列宁专题文集·论无产阶级政党；列宁选集第一卷_2012；列宁专题文集·论马克思主义,459；11；342,是,可按主题页优先检索,先查主题页《列宁哲学与社会主义实践》，再在 T3/T10 中检索：列宁|无产阶级政党,否
1658,列宁 民族殖民地问题,1658_列宁_民族殖民地问题.md,3,48.23,苏联哲学,列宁哲学与社会主义实践,苏联哲学/列宁哲学与社会主义实践.md,高,100.0,命中主题路由词：列宁|马赫主义|新经济政策,列宁 民族殖民地 理论(25.0)；民族自决权 民族政策 列宁(13.33)；列宁 东方民族革命理论 中国影响(12.63)；马克思 列宁(12.27)；列宁 唯物主义(12.08),0840_列宁_民族殖民地_理论.md；0881_民族自决权_民族政策_列宁.md；0846_列宁_东方民族革命理论_中国影响.md；1843_马克思_列宁.md；1753_列宁_唯物主义.md,,列宁、民族殖民地问题,"列宁选集第四卷_2012；马克思主义哲学在中国：传播 应用 形态 前景 (徐素华著, 徐素华著, 徐素华, 徐素華)；马列著作在中国的出版",1053；88；268,是,可按主题页优先检索,先查主题页《列宁哲学与社会主义实践》，再在 T3/T10 中检索：列宁|民族殖民地问题,否
1659,黑格尔法哲学批判 导言,1659_黑格尔法哲学批判_导言.md,3,49.43,理论方法,马克思恩格斯经典文本与哲学关系,理论方法/马克思恩格斯经典文本与哲学关系.md,高,100.0,命中主题路由词：马恩|马克思|恩格斯|黑格尔法哲学|德意志意识形态|共产党宣言|反杜林论|自然辩证法|哥达纲领,黑格尔法哲学批判(59.44)；导言(12.78)；哲学 批判 政治 宗教(5.77)；江青 斗斗斗哲学 批判(5.77)；列宁 左倾错误 哲学批判(5.0),1989_黑格尔法哲学批判.md；1960_导言.md；1087_哲学_批判_政治_宗教.md；1374_江青_斗斗斗哲学_批判.md；0875_列宁_左倾错误_哲学批判.md,,黑格尔法哲学批判、导言,马恩文集第一卷（1843-1848）；马克思主义哲学史教程；马恩文集第十卷（书信选编）,862；71；945,是,可按主题页优先检索,先查主题页《马克思恩格斯经典文本与哲学关系》，再在 T3/T10 中检索：黑格尔法哲学批判|导言,否
1660,1844年经济学哲学手稿 异化劳动,1660_1844年经济学哲学手稿_异化劳动.md,3,52.07,苏联哲学,苏联哲学与共产国际,苏联哲学/苏联哲学与共产国际.md,低,8.14,与既有主题相近：列宁 新经济政策 哲学；苏联哲学 哲学与政治 关系；苏联哲学 70年 经验教训,1844年经济学哲学手稿(58.33),1952_1844年经济学哲学手稿.md,,1844年经济学哲学手稿、异化劳动,马克思主义哲学史教程；马克思主义哲学在中国传播与发展的百年历史(下) (胡为雄)；苏联哲学70年 (安启念著),118；169；159,是,先核验原卡片再使用,先查主题页《苏联哲学与共产国际》，再在 T3/T10 中检索：1844年经济学哲学手稿|异化劳动,否
1661,德意志意识形态 唯物史观,1661_德意志意识形态_唯物史观.md,3,50.68,理论方法,马克思恩格斯经典文本与哲学关系,理论方法/马克思恩格斯经典文本与哲学关系.md,高,100.0,命中主题路由词：马恩|马克思|恩格斯|黑格尔法哲学|德意志意识形态|共产党宣言|反杜林论|自然辩证法|哥达纲领,德意志意识形态(50.0)；自由意志论 批判 唯物史观(26.25)；唯物史观 谈政治(25.77)；唯物史观 李大钊(25.77)；唯物史观 传播热潮(25.36),1878_德意志意识形态.md；0036_自由意志论_批判_唯物史观.md；0032_唯物史观_谈政治.md；1775_唯物史观_李大钊.md；0064_唯物史观_传播热潮.md,,德意志意识形态、唯物史观,马列著作在中国的出版；马克思主义哲学史教程；马克思主义哲学中国化与中国哲学的现代转型,435；80；54,是,可按主题页优先检索,先查主题页《马克思恩格斯经典文本与哲学关系》，再在 T3/T10 中检索：德意志意识形态|唯物史观,否
1662,共产党宣言 阶级斗争,1662_共产党宣言_阶级斗争.md,3,48.11,理论方法,马克思恩格斯经典文本与哲学关系,理论方法/马克思恩格斯经典文本与哲学关系.md,高,100.0,命中主题路由词：马恩|马克思|恩格斯|黑格尔法哲学|德意志意识形态|共产党宣言|反杜林论|自然辩证法|哥达纲领,共产党宣言 阶级斗争 历史(65.0)；共产党宣言(37.5)；共产党宣言 马克思(34.09)；民报 马克思 共产党宣言(32.69)；阶级斗争 方法 马克思(25.77),0029_共产党宣言_阶级斗争_历史.md；1848_共产党宣言.md；1845_共产党宣言_马克思.md；1190_民报_马克思_共产党宣言.md；0017_阶级斗争_方法_马克思.md,,共产党宣言、阶级斗争,马克思主义中国化探论；马列著作在中国的出版；马克思主义哲学在中国传播与发展的百年历史(下) (胡为雄),32；263；293,是,可按主题页优先检索,先查主题页《马克思恩格斯经典文本与哲学关系》，再在 T3/T10 中检索：共产党宣言|阶级斗争,否
1663,路易波拿巴的雾月十八日,1663_路易波拿巴的雾月十八日.md,3,45.49,理论方法,马克思恩格斯经典文本与哲学关系,理论方法/马克思恩格斯经典文本与哲学关系.md,高,100.0,命中主题路由词：路易波拿巴|法兰西内战|英国工人阶级状况|新莱茵报|莱茵报|德法年鉴|纽约每日论坛报|泰晤士报|浮士德,,,,路易波拿巴的雾月十八日,马恩文集第十卷（书信选编）；马恩文集第二卷（1848-1859）；马列著作在中国的出版,277；19；417,是,可按主题页优先检索,先查主题页《马克思恩格斯经典文本与哲学关系》，再在 T3/T10 中检索：路易波拿巴的雾月十八日,否
1664,法兰西内战 巴黎公社,1664_法兰西内战_巴黎公社.md,3,48.06,理论方法,马克思恩格斯经典文本与哲学关系,理论方法/马克思恩格斯经典文本与哲学关系.md,高,100.0,命中主题路由词：路易波拿巴|法兰西内战|英国工人阶级状况|新莱茵报|莱茵报|德法年鉴|纽约每日论坛报|泰晤士报|浮士德,法兰西内战(37.5),1887_法兰西内战.md,,法兰西内战、巴黎公社,马列著作在中国的出版；马恩文集第十卷（书信选编）；共产主义abc中文翻译版,435；1080；41,是,可按主题页优先检索,先查主题页《马克思恩格斯经典文本与哲学关系》，再在 T3/T10 中检索：法兰西内战|巴黎公社,否
1665,哥达纲领批判,1665_哥达纲领批判.md,3,43.23,理论方法,马克思恩格斯经典文本与哲学关系,理论方法/马克思恩格斯经典文本与哲学关系.md,高,100.0,命中主题路由词：马恩|马克思|恩格斯|黑格尔法哲学|德意志意识形态|共产党宣言|反杜林论|自然辩证法|哥达纲领,,,,哥达纲领批判,马列著作在中国的出版；米丁-辩证唯物论历史唯物论下-rightToLeft；马恩文集第三卷（1864-1883）,380；412；469,是,可按主题页优先检索,先查主题页《马克思恩格斯经典文本与哲学关系》，再在 T3/T10 中检索：哥达纲领批判,否
1666,反杜林论 辩证法,1666_反杜林论_辩证法.md,3,50.39,理论方法,马克思恩格斯经典文本与哲学关系,理论方法/马克思恩格斯经典文本与哲学关系.md,高,100.0,命中主题路由词：马恩|马克思|恩格斯|黑格尔法哲学|德意志意识形态|共产党宣言|反杜林论|自然辩证法|哥达纲领,反杜林论(32.5)；唯物论 辩证法 世界观(21.82)；自然辩证法 资本论 辩证法(21.82)；进攻 防御 辩证法(20.0)；持久 速决 辩证法(20.0),1853_反杜林论.md；1463_唯物论_辩证法_世界观.md；1587_自然辩证法_资本论_辩证法.md；1325_进攻_防御_辩证法.md；1326_持久_速决_辩证法.md,,反杜林论、辩证法,马恩文集第九卷（反杜林论 自然辩证法）；毛泽东哲学批注集：辩证法唯物论教程批注 (毛泽东)；张东荪-唯物辩证法论战,4；507；259,是,可按主题页优先检索,先查主题页《马克思恩格斯经典文本与哲学关系》，再在 T3/T10 中检索：反杜林论|辩证法,否
1667,自然辩证法 自然科学,1667_自然辩证法_自然科学.md,3,50.32,理论方法,马克思恩格斯经典文本与哲学关系,理论方法/马克思恩格斯经典文本与哲学关系.md,高,100.0,命中主题路由词：马恩|马克思|恩格斯|黑格尔法哲学|德意志意识形态|共产党宣言|反杜林论|自然辩证法|哥达纲领,自然辩证法(39.29)；自然辩证法 资本论 辩证法(34.09)；德国 自然科学(28.33)；机械论者 辩证论者 自然科学(27.69)；自然科学 黑格尔(27.5),1867_自然辩证法.md；1587_自然辩证法_资本论_辩证法.md；1786_德国_自然科学.md；1275_机械论者_辩证论者_自然科学.md；1779_自然科学_黑格尔.md,,自然辩证法、自然科学,马恩文集第九卷（反杜林论 自然辩证法）；马克思主义哲学史教程；米丁-辩证唯物论历史唯物论下-rightToLeft,8；179；264,是,可按主题页优先检索,先查主题页《马克思恩格斯经典文本与哲学关系》，再在 T3/T10 中检索：自然辩证法|自然科学,否
1668,资本论 商品拜物教,1668_资本论_商品拜物教.md,3,48.2,理论方法,政治经济学与资本主义批判,理论方法/政治经济学与资本主义批判.md,高,100.0,命中主题路由词：资本论|剩余价值|商品拜物教|生产价格|地租|政治经济学|资本积累,资本论(22.14)；资本论 劳动力商品(21.82)；资本论 地租(20.56)；资本论 劳动日(20.0)；资本论 资本积累(20.0),1832_资本论.md；1669_资本论_劳动力商品.md；1675_资本论_地租.md；1672_资本论_劳动日.md；1673_资本论_资本积累.md,,资本论、商品拜物教,马恩文集第八卷（《资本论》手稿选编）；马克思主义哲学史教程；米丁-辩证唯物论与历史唯物论-上-rightToLeft,647；576；180,是,可按主题页优先检索,先查主题页《政治经济学与资本主义批判》，再在 T3/T10 中检索：资本论|商品拜物教,否
1669,资本论 劳动力商品,1669_资本论_劳动力商品.md,3,31.03,理论方法,政治经济学与资本主义批判,理论方法/政治经济学与资本主义批判.md,高,100.0,命中主题路由词：资本论|剩余价值|商品拜物教|生产价格|地租|政治经济学|资本积累,资本论 劳动日(27.5)；资本论(22.14)；资本论 商品拜物教(21.82)；资本论 地租(20.56)；资本论 资本积累(20.0),1672_资本论_劳动日.md；1832_资本论.md；1668_资本论_商品拜物教.md；1675_资本论_地租.md；1673_资本论_资本积累.md,,劳动力商品、资本论,马恩文集第五卷（资本论1）；马恩文集第六卷（资本论2）；马恩文集第七卷（资本论3）,7；18；917,是,可按主题页优先检索,先查主题页《政治经济学与资本主义批判》，再在 T3/T10 中检索：资本论|劳动力商品,否
1670,资本论 剩余价值,1670_资本论_剩余价值.md,3,47.81,理论方法,政治经济学与资本主义批判,理论方法/政治经济学与资本主义批判.md,高,100.0,命中主题路由词：资本论|剩余价值|商品拜物教|生产价格|地租|政治经济学|资本积累,剩余价值 劳动(29.38)；剩余价值 生产(29.38)；剩余价值 商品(29.38)；劳动 剩余价值 生产(27.5)；剩余价值 资本主义生产关系 本质(26.67),1625_剩余价值_劳动.md；1671_剩余价值_生产.md；1702_剩余价值_商品.md；0018_劳动_剩余价值_生产.md；0030_剩余价值_资本主义生产关系_本质.md,,资本论、剩余价值,马恩文集第六卷（资本论2）；马恩文集第七卷（资本论3）；马恩文集第八卷（《资本论》手稿选编）,9；1070；628,是,可按主题页优先检索,先查主题页《政治经济学与资本主义批判》，再在 T3/T10 中检索：资本论|剩余价值,否
1671,剩余价值 生产,1671_剩余价值_生产.md,3,43.93,理论方法,政治经济学与资本主义批判,理论方法/政治经济学与资本主义批判.md,高,100.0,命中主题路由词：资本论|剩余价值|商品拜物教|生产价格|地租|政治经济学|资本积累,劳动 剩余价值 生产(47.86)；剩余价值 劳动(30.71)；剩余价值 商品(30.71)；资本论 剩余价值(29.38)；剩余价值 资本主义生产关系 本质(27.14),0018_劳动_剩余价值_生产.md；1625_剩余价值_劳动.md；1702_剩余价值_商品.md；1670_资本论_剩余价值.md；0030_剩余价值_资本主义生产关系_本质.md,,剩余价值、生产,马克思主义哲学史教程；马恩文集第八卷（《资本论》手稿选编）；马恩文集第五卷（资本论1）,120；535；287,是,可按主题页优先检索,先查主题页《政治经济学与资本主义批判》，再在 T3/T10 中检索：剩余价值|生产,否
1672,资本论 劳动日,1672_资本论_劳动日.md,3,29.5,理论方法,政治经济学与资本主义批判,理论方法/政治经济学与资本主义批判.md,高,100.0,命中主题路由词：资本论|剩余价值|商品拜物教|生产价格|地租|政治经济学|资本积累,资本论 劳动力商品(27.5)；资本论(25.0)；资本论 地租(22.14)；资本论 资本积累(21.25)；资本论 利润率(21.25),1669_资本论_劳动力商品.md；1832_资本论.md；1675_资本论_地租.md；1673_资本论_资本积累.md；1674_资本论_利润率.md,,资本论,马恩文集第六卷（资本论2）；马恩文集第七卷（资本论3）；马恩文集第五卷（资本论1）,18；917；930,是,可按主题页优先检索,先查主题页《政治经济学与资本主义批判》，再在 T3/T10 中检索：资本论|劳动日,否
1673,资本论 资本积累,1673_资本论_资本积累.md,3,45.88,理论方法,政治经济学与资本主义批判,理论方法/政治经济学与资本主义批判.md,高,100.0,命中主题路由词：资本论|剩余价值|商品拜物教|生产价格|地租|政治经济学|资本积累,罗莎卢森堡 资本积累 帝国主义(25.36)；资本论(25.0)；资本论 地租(22.14)；资本论 劳动日(21.25)；资本论 利润率(21.25),1098_罗莎卢森堡_资本积累_帝国主义.md；1832_资本论.md；1675_资本论_地租.md；1672_资本论_劳动日.md；1674_资本论_利润率.md,,资本论、资本积累,马恩文集第六卷（资本论2）；马恩文集第八卷（《资本论》手稿选编）；马恩文集第五卷（资本论1）,611；583；912,是,可按主题页优先检索,先查主题页《政治经济学与资本主义批判》，再在 T3/T10 中检索：资本论|资本积累,否
1674,资本论 利润率,1674_资本论_利润率.md,3,46.15,理论方法,政治经济学与资本主义批判,理论方法/政治经济学与资本主义批判.md,高,100.0,命中主题路由词：资本论|剩余价值|商品拜物教|生产价格|地租|政治经济学|资本积累,资本论(25.0)；资本论 地租(22.14)；资本论 劳动日(21.25)；资本论 资本积累(21.25)；资本论 剩余价值(20.56),1832_资本论.md；1675_资本论_地租.md；1672_资本论_劳动日.md；1673_资本论_资本积累.md；1670_资本论_剩余价值.md,,资本论、利润率,马恩文集第七卷（资本论3）；马恩文集第六卷（资本论2）；马恩文集第八卷（《资本论》手稿选编）,1056；22；630,是,可按主题页优先检索,先查主题页《政治经济学与资本主义批判》，再在 T3/T10 中检索：资本论|利润率,否
1675,资本论 地租,1675_资本论_地租.md,3,45.11,理论方法,政治经济学与资本主义批判,理论方法/政治经济学与资本主义批判.md,高,100.0,命中主题路由词：资本论|剩余价值|商品拜物教|生产价格|地租|政治经济学|资本积累,资本论(27.5)；资本论 劳动日(22.14)；资本论 资本积累(22.14)；资本论 利润率(22.14)；资本论 剩余价值(21.25),1832_资本论.md；1672_资本论_劳动日.md；1673_资本论_资本积累.md；1674_资本论_利润率.md；1670_资本论_剩余价值.md,,资本论、地租,马恩文集第六卷（资本论2）；马恩文集第八卷（《资本论》手稿选编）；马恩文集第七卷（资本论3）,34；631；9,是,可按主题页优先检索,先查主题页《政治经济学与资本主义批判》，再在 T3/T10 中检索：资本论|地租,否
1676,资本论 生产价格,1676_资本论_生产价格.md,3,47.48,理论方法,政治经济学与资本主义批判,理论方法/政治经济学与资本主义批判.md,高,100.0,命中主题路由词：资本论|剩余价值|商品拜物教|生产价格|地租|政治经济学|资本积累,资本论(23.33)；资本论 地租(21.25)；资本论 社会总资本再生产(21.25)；资本论 劳动日(20.56)；资本论 资本积累(20.56),1832_资本论.md；1675_资本论_地租.md；1677_资本论_社会总资本再生产.md；1672_资本论_劳动日.md；1673_资本论_资本积累.md,,资本论、生产价格,马恩文集第八卷（《资本论》手稿选编）；马恩文集第七卷（资本论3）；马恩文集第五卷（资本论1）,635；1052；926,是,可按主题页优先检索,先查主题页《政治经济学与资本主义批判》，再在 T3/T10 中检索：资本论|生产价格,否
1677,资本论 社会总资本再生产,1677_资本论_社会总资本再生产.md,3,34.83,理论方法,政治经济学与资本主义批判,理论方法/政治经济学与资本主义批判.md,高,100.0,命中主题路由词：资本论|剩余价值|商品拜物教|生产价格|地租|政治经济学|资本积累,资本论 生产价格(21.25)；资本论(20.56)；资本论 地租(19.55)；资本论 劳动日(19.17)；资本论 资本积累(19.17),1676_资本论_生产价格.md；1832_资本论.md；1675_资本论_地租.md；1672_资本论_劳动日.md；1673_资本论_资本积累.md,,社会总资本再生产、资本论,马恩文集第六卷（资本论2）；列宁选集第一卷_2012；马恩文集第七卷（资本论3）,8；208；917,是,可按主题页优先检索,先查主题页《政治经济学与资本主义批判》，再在 T3/T10 中检索：资本论|社会总资本再生产,否
1678,政治经济学批判 方法,1678_政治经济学批判_方法.md,3,48.05,理论方法,政治经济学与资本主义批判,理论方法/政治经济学与资本主义批判.md,高,100.0,命中主题路由词：资本论|剩余价值|商品拜物教|生产价格|地租|政治经济学|资本积累,政治经济学批判(53.75)；劳动 政治经济学(10.0)；政治经济学 生产(10.0)；毛泽东 读 政治经济学教科书(6.67)；苏联 政治经济学教科书 毛泽东(6.25),1895_政治经济学批判.md；1709_劳动_政治经济学.md；1725_政治经济学_生产.md；0625_毛泽东_读_政治经济学教科书.md；0913_苏联_政治经济学教科书_毛泽东.md,,政治经济学批判、方法,马克思主义哲学在中国传播与发展的百年历史(上) (胡为雄)；米丁-辩证唯物论与历史唯物论-上-rightToLeft；列宁选集第一卷_2012,378；211；53,是,可按主题页优先检索,先查主题页《政治经济学与资本主义批判》，再在 T3/T10 中检索：政治经济学批判|方法,否
1679,劳动异化 私有财产,1679_劳动异化_私有财产.md,3,46.09,理论方法,政治经济学与资本主义批判,理论方法/政治经济学与资本主义批判.md,低,15.59,与既有主题相近：劳动者 尊严 胡绳；黄包车夫 劳动 苦难；社会的人 劳动 工具,,,,劳动异化、私有财产,马恩文集第一卷（1843-1848）；马克思主义哲学史教程；米丁-辩证唯物论历史唯物论下-rightToLeft,174；67；210,是,先核验原卡片再使用,先查主题页《政治经济学与资本主义批判》，再在 T3/T10 中检索：劳动异化|私有财产,否
1680,生产力 生产关系 社会形态,1680_生产力_生产关系_社会形态.md,3,50.73,理论方法,历史唯物主义体系,理论方法/历史唯物主义体系.md,高,100.0,命中主题路由词：唯物史观|社会形态|经济基础|上层建筑,生产力 生产关系 社会主义改造(48.46)；生产力 生产关系 讨论(46.36)；李达 生产力 生产关系(46.36)；生产力 生产关系 斯大林(45.42)；生产力 生产关系 历史规律(44.62),0652_生产力_生产关系_社会主义改造.md；0002_生产力_生产关系_讨论.md；0316_李达_生产力_生产关系.md；0906_生产力_生产关系_斯大林.md；0016_生产力_生产关系_历史规律.md,,生产力、生产关系、社会形态,“新哲学”大众化运动研究；马克思主义哲学在中国传播与发展的百年历史(下) (胡为雄)；中国马克思主义学术史纲,218；119；103,是,可按主题页优先检索,先查主题页《历史唯物主义体系》，再在 T3/T10 中检索：生产力|生产关系|社会形态,否
1681,经济基础 上层建筑 意识形态,1681_经济基础_上层建筑_意识形态.md,3,52.12,理论方法,历史唯物主义体系,理论方法/历史唯物主义体系.md,高,100.0,命中主题路由词：唯物史观|社会形态|经济基础|上层建筑,李达 经济基础 上层建筑(53.46)；经济基础 上层建筑 相互作用(51.67)；唯物史观 经济基础 上层建筑(51.67)；经济基础 上层建筑 过渡时期(51.67)；语言学问题 经济基础 上层建筑(50.94),0315_李达_经济基础_上层建筑.md；0019_经济基础_上层建筑_相互作用.md；0027_唯物史观_经济基础_上层建筑.md；0641_经济基础_上层建筑_过渡时期.md；0003_语言学问题_经济基础_上层建筑.md,,经济基础、上层建筑、意识形态,中国近代思想史论；马恩文集第八卷（《资本论》手稿选编）；马克思主义哲学中国化理论与历史,320；608；576,是,可按主题页优先检索,先查主题页《历史唯物主义体系》，再在 T3/T10 中检索：经济基础|上层建筑|意识形态,否
1682,辩证法 对立统一,1682_辩证法_对立统一.md,3,47.35,理论方法,辩证唯物主义体系,理论方法/辩证唯物主义体系.md,高,100.0,命中主题路由词：辩证法|唯物主义|对立统一|量变质变|否定之否定,辩证法 形式论理学 对立统一(45.42)；进攻 防御 辩证法(20.0)；持久 速决 辩证法(20.0)；内线 外线 辩证法(20.0)；主动 被动 辩证法(20.0),0409_辩证法_形式论理学_对立统一.md；1325_进攻_防御_辩证法.md；1326_持久_速决_辩证法.md；1327_内线_外线_辩证法.md；1328_主动_被动_辩证法.md,,辩证法、对立统一,毛泽东哲学批注集：辩证法唯物论教程批注 (毛泽东)；从唯物辩证法论战到马克思主义哲学大众化——对艾思奇《大众哲学》的解读_李维武；中国马克思主义学术史纲,21；10；148,是,可按主题页优先检索,先查主题页《辩证唯物主义体系》，再在 T3/T10 中检索：辩证法|对立统一,否
1683,辩证法 量变质变,1683_辩证法_量变质变.md,3,45.38,理论方法,辩证唯物主义体系,理论方法/辩证唯物主义体系.md,高,100.0,命中主题路由词：辩证法|唯物主义|对立统一|量变质变|否定之否定,进攻 防御 辩证法(20.0)；持久 速决 辩证法(20.0)；内线 外线 辩证法(20.0)；主动 被动 辩证法(20.0)；辩证法 中国 进展(20.0),1325_进攻_防御_辩证法.md；1326_持久_速决_辩证法.md；1327_内线_外线_辩证法.md；1328_主动_被动_辩证法.md；1401_辩证法_中国_进展.md,,辩证法、量变质变,“新哲学”大众化运动研究；马克思主义哲学史教程；百年中国哲学革命 (许全兴著),198；903；391,是,可按主题页优先检索,先查主题页《辩证唯物主义体系》，再在 T3/T10 中检索：辩证法|量变质变,否
1684,辩证法 否定之否定,1684_辩证法_否定之否定.md,3,48.93,理论方法,辩证唯物主义体系,理论方法/辩证唯物主义体系.md,高,100.0,命中主题路由词：辩证法|唯物主义|对立统一|量变质变|否定之否定,进攻 防御 辩证法(20.0)；持久 速决 辩证法(20.0)；内线 外线 辩证法(20.0)；主动 被动 辩证法(20.0)；辩证法 中国 进展(20.0),1325_进攻_防御_辩证法.md；1326_持久_速决_辩证法.md；1327_内线_外线_辩证法.md；1328_主动_被动_辩证法.md；1401_辩证法_中国_进展.md,,辩证法、否定之否定,毛泽东哲学批注集：辩证法唯物论教程批注 (毛泽东)；张东荪-唯物辩证法论战；马恩文集第九卷（反杜林论 自然辩证法）,114；25；748,是,可按主题页优先检索,先查主题页《辩证唯物主义体系》，再在 T3/T10 中检索：辩证法|否定之否定,否
1685,毛泽东 辩证法唯物论教程 批注,1685_毛泽东_辩证法唯物论教程_批注.md,3,77.23,理论方法,辩证唯物主义体系,理论方法/辩证唯物主义体系.md,高,100.0,命中主题路由词：辩证法|唯物主义|对立统一|量变质变|否定之否定,辩证法唯物论教程(54.58)；辩证法唯物论 讲授提纲 毛泽东(25.29)；唯物辩证法 矛盾统一法则 毛泽东(21.25)；毛泽东 重视实际 唯物论(20.88)；战略战术 辩证法 毛泽东(20.88),2002_辩证法唯物论教程.md；0537_辩证法唯物论_讲授提纲_毛泽东.md；0542_唯物辩证法_矛盾统一法则_毛泽东.md；0579_毛泽东_重视实际_唯物论.md；0587_战略战术_辩证法_毛泽东.md,,毛泽东、辩证法唯物论教程、批注,毛泽东哲学批注集：辩证法唯物论教程批注 (毛泽东)；百年中国哲学革命 (许全兴著)；马克思主义哲学中国化理论与历史,506；295；460,是,可按主题页优先检索,先查主题页《辩证唯物主义体系》，再在 T3/T10 中检索：毛泽东|辩证法唯物论教程|批注,否
1686,毛泽东 实践论 认识论,1686_毛泽东_实践论_认识论.md,3,53.02,理论方法,实践观点与认识论,理论方法/实践观点与认识论.md,高,100.0,命中主题路由词：实践论|认识论,毛泽东 实践论 中国传统哲学(38.93)；反映论 真理论 实践论 毛泽东(36.67)；实践论 矛盾论 毛泽东哲学(22.14)；实践论 马克思主义认识论(22.14)；实践 认识论 本体论(21.25),0570_毛泽东_实践论_中国传统哲学.md；0541_反映论_真理论_实践论_毛泽东.md；0543_实践论_矛盾论_毛泽东哲学.md；0591_实践论_马克思主义认识论.md；1074_实践_认识论_本体论.md,,毛泽东、实践论、认识论,"《实践论》和《矛盾论》对马克思主义哲学中国化的启示_许全兴；毛泽东哲学批注集：辩证法唯物论教程批注 (毛泽东)；马克思主义哲学在中国：传播 应用 形态 前景 (徐素华著, 徐素华著, 徐素华, 徐素華)",3；80；462,是,可按主题页优先检索,先查主题页《实践观点与认识论》，再在 T3/T10 中检索：毛泽东|实践论|认识论,否
1687,毛泽东 矛盾论 主要矛盾,1687_毛泽东_矛盾论_主要矛盾.md,3,67.1,理论方法,矛盾分析法与矛盾特殊性,理论方法/矛盾分析法与矛盾特殊性.md,高,100.0,命中主题路由词：矛盾论|主要矛盾,矛盾论 辩证 毛泽东(39.09)；毛泽东 矛盾论 中国哲学传统(38.93)；大众哲学 主要矛盾(26.25)；主要矛盾 大众哲学 矛盾理论(25.0)；近代中国 社会性质 主要矛盾 历史任务(23.75),0630_矛盾论_辩证_毛泽东.md；0571_毛泽东_矛盾论_中国哲学传统.md；1633_大众哲学_主要矛盾.md；1808_主要矛盾_大众哲学_矛盾理论.md；1121_近代中国_社会性质_主要矛盾_历史任务.md,,毛泽东、矛盾论、主要矛盾,《矛盾论》的主要矛盾理论与《大众哲学》无关及其他；《实践论》和《矛盾论》对马克思主义哲学中国化的启示_许全兴；百年中国哲学革命 (许全兴著),2；7；306,是,可按主题页优先检索,先查主题页《矛盾分析法与矛盾特殊性》，再在 T3/T10 中检索：毛泽东|矛盾论|主要矛盾,否
1688,抗日战争 中国共产党 哲学思想,1688_抗日战争_中国共产党_哲学思想.md,3,81.75,中国化,毛泽东哲学与中国革命经验,中国化/毛泽东哲学与中国革命经验.md,高,100.0,命中主题路由词：毛泽东|抗日战争.*哲学,中国共产党 思想建设 初步探索(31.58)；统一战线思想 运用 中国共产党(31.58)；中国共产党 成立 意义(31.25)；中国共产党 党史 研究(31.25)；中国共产党 前进 成立(31.25),1141_中国共产党_思想建设_初步探索.md；1168_统一战线思想_运用_中国共产党.md；1129_中国共产党_成立_意义.md；1482_中国共产党_党史_研究.md；1829_中国共产党_前进_成立.md,,中国共产党、抗日战争、哲学思想,抗日战争与中国共产党哲学思想的形成和发展_李维武；马克思主义哲学在中国传播与发展的百年历史(下) (胡为雄)；1940年代中国共产党人的思想批判和新民主主义话语权的确立_陈先初,9；7,是,可按主题页优先检索,先查主题页《毛泽东哲学与中国革命经验》，再在 T3/T10 中检索：抗日战争|中国共产党|哲学思想,否
1689,国防哲学 文化动员,1689_国防哲学_文化动员.md,3,28.41,理论方法,马克思恩格斯经典文本与哲学关系,理论方法/马克思恩格斯经典文本与哲学关系.md,低,14.86,与既有主题相近：中国马克思主义哲学 文化自信 灵魂；文化自信 马克思主义哲学中国化；文化大革命 马克思主义哲学 歪曲,文化运动 哲学 科学 文艺(5.77),0478_文化运动_哲学_科学_文艺.md,,国防哲学、文化动员,继承五四和扬弃五四；马克思主义中国化的起源语境；什么是新启蒙运动,12；153；7,是,先核验原卡片再使用,先查主题页《马克思恩格斯经典文本与哲学关系》，再在 T3/T10 中检索：国防哲学|文化动员,否
1690,十年来新文化运动 检讨,1690_十年来新文化运动_检讨.md,3,48.95,传播史,五四新文化与马克思主义早期传播,传播史/五四新文化与马克思主义早期传播.md,高,100.0,命中主题路由词：五四|新文化运动,五四新文化 新文化运动(8.33)；新文化运动 价值观 变革(7.14)；文化运动 思想界 两年来(7.14)；新文化运动 五四运动 学术史(6.67)；新文化运动 不谈政治 到 谈政治(6.67),1783_五四新文化_新文化运动.md；0133_新文化运动_价值观_变革.md；0948_文化运动_思想界_两年来.md；0118_新文化运动_五四运动_学术史.md；0137_新文化运动_不谈政治_到_谈政治.md,,十年来新文化运动、检讨,百年中国哲学革命 (许全兴著)；马克思主义中国化的起源语境；中国文化与马克思主义,495；55；322,是,可按主题页优先检索,先查主题页《五四新文化与马克思主义早期传播》，再在 T3/T10 中检索：十年来新文化运动|检讨,否
1691,俄国 资产阶级,1691_俄国_资产阶级.md,3,44.08,理论方法,阶级斗争与社会革命理论,理论方法/阶级斗争与社会革命理论.md,中,55.21,与既有主题相近：资产阶级 哲学革命 辛亥革命；国家 革命 无产阶级专政；无产阶级 民主革命 领导权,法国 资产阶级(36.67)；英国 资产阶级(36.67)；德国 资产阶级(36.67)；无产阶级 资产阶级(30.71)；斗争 资产阶级(30.71),1703_法国_资产阶级.md；1718_英国_资产阶级.md；1719_德国_资产阶级.md；1705_无产阶级_资产阶级.md；1717_斗争_资产阶级.md,,俄国、资产阶级,马克思主义哲学史教程；米丁-辩证唯物论与历史唯物论-上-rightToLeft；列宁选集第二卷_2012,500；155；422,是,可按主题页优先检索,先查主题页《阶级斗争与社会革命理论》，再在 T3/T10 中检索：俄国|资产阶级,否
1692,马克思主义早期传播 李汉俊,1692_马克思主义早期传播_李汉俊.md,3,49.82,理论方法,马克思恩格斯经典文本与哲学关系,理论方法/马克思恩格斯经典文本与哲学关系.md,高,100.0,命中主题路由词：马恩|马克思|恩格斯|黑格尔法哲学|德意志意识形态|共产党宣言|反杜林论|自然辩证法|哥达纲领,马克思主义早期传播 李大钊 陈独秀(54.06)；李汉俊 马克思主义传播 活动(26.67)；马克思主义 初期传播 特点(10.0)；列宁主义 早期传播(9.62)；马克思主义 学说 初期传播 特点(8.82),1693_马克思主义早期传播_李大钊_陈独秀.md；0285_李汉俊_马克思主义传播_活动.md；0093_马克思主义_初期传播_特点.md；1651_列宁主义_早期传播.md；0095_马克思主义_学说_初期传播_特点.md,,马克思主义早期传播、李汉俊,马克思主义在中国早期传播若干问题的辨析_田子渝；列宁主义早期传播与马克思主义中国化研究_曾银慧；百年中国哲学革命 (许全兴著),6；1；107,是,可按主题页优先检索,先查主题页《马克思恩格斯经典文本与哲学关系》，再在 T3/T10 中检索：马克思主义早期传播|李汉俊,否
1693,马克思主义早期传播 李大钊 陈独秀,1693_马克思主义早期传播_李大钊_陈独秀.md,3,53.84,理论方法,马克思恩格斯经典文本与哲学关系,理论方法/马克思恩格斯经典文本与哲学关系.md,高,100.0,命中主题路由词：马恩|马克思|恩格斯|黑格尔法哲学|德意志意识形态|共产党宣言|反杜林论|自然辩证法|哥达纲领,马克思主义早期传播 李汉俊(54.06)；李大钊 马克思主义传播 活动(24.72)；陈独秀 马克思主义传播 活动(24.72)；李大钊 马克思主义 最早传播者(24.21)；陈独秀 马克思主义 研究(23.82),1692_马克思主义早期传播_李汉俊.md；0278_李大钊_马克思主义传播_活动.md；0281_陈独秀_马克思主义传播_活动.md；0353_李大钊_马克思主义_最早传播者.md；0261_陈独秀_马克思主义_研究.md,,马克思主义早期传播、李大钊、陈独秀,"马克思主义在中国早期传播若干问题的辨析_田子渝；百年中国哲学革命 (许全兴著)；马克思主义哲学在中国：传播 应用 形态 前景 (徐素华著, 徐素华著, 徐素华, 徐素華)",6；107；96,是,可按主题页优先检索,先查主题页《马克思恩格斯经典文本与哲学关系》，再在 T3/T10 中检索：马克思主义早期传播|李大钊|陈独秀,否
1694,中国近代思想 康有为 谭嗣同,1694_中国近代思想_康有为_谭嗣同.md,3,60.07,论战与思想运动,中国近代启蒙与民主革命,论战与思想运动/中国近代启蒙与民主革命.md,高,100.0,命中主题路由词：康有为|谭嗣同|梁启超|严复|中国近代,康有为 谭嗣同(41.36)；康有为 反古思想 空想主义(19.17)；谭嗣同 冲决罗网 反古思想(19.17)；谭嗣同 自由思想 资本社会(19.17)；康有为 大同思想 历史进化(19.17),1727_康有为_谭嗣同.md；0159_康有为_反古思想_空想主义.md；0162_谭嗣同_冲决罗网_反古思想.md；0176_谭嗣同_自由思想_资本社会.md；0246_康有为_大同思想_历史进化.md,,康有为、中国近代思想、谭嗣同,中国近代思想史论；马克思主义哲学中国化与中国哲学的现代转型；继承五四和扬弃五四,146；351；100,是,可按主题页优先检索,先查主题页《中国近代启蒙与民主革命》，再在 T3/T10 中检索：中国近代思想|康有为|谭嗣同,否
1695,中国近代哲学 古今中西,1695_中国近代哲学_古今中西.md,3,51.7,论战与思想运动,中国近代启蒙与民主革命,论战与思想运动/中国近代启蒙与民主革命.md,高,100.0,命中主题路由词：康有为|谭嗣同|梁启超|严复|中国近代,中国近代哲学 冯契(41.36)；中国近代哲学 社会矛盾 政治思想斗争(36.58)；古今中西 之争 中国近代哲学革命(34.29)；中国向何处去 古今中西(27.14)；之争 古今中西(26.82),1835_中国近代哲学_冯契.md；1499_中国近代哲学_社会矛盾_政治思想斗争.md；0767_古今中西_之争_中国近代哲学革命.md；1617_中国向何处去_古今中西.md；1950_之争_古今中西.md,,中国近代哲学、古今中西,冯契文集第七卷中国近代哲学的革命进程；马克思主义哲学在中国的传播与马克思主义哲学中国化；认识世界和认识自己,581；10；304,是,可按主题页优先检索,先查主题页《中国近代启蒙与民主革命》，再在 T3/T10 中检索：中国近代哲学|古今中西,否
1696,科学与人生观 张君劢 丁文江,1696_科学与人生观_张君劢_丁文江.md,3,72.72,论战与思想运动,科学与人生观论战,论战与思想运动/科学与人生观论战.md,高,100.0,命中主题路由词：科学与人生观|科玄|张君劢|丁文江,科学与人生观 论战(39.62)；科学与人生观 论战 性质(38.33)；科学与人生观 论战 马克思主义(36.94)；科学与人生观 论战 马克思主义批判(36.25)；张君劢 人生观 科学(24.62),0185_科学与人生观_论战.md；0242_科学与人生观_论战_性质.md；0121_科学与人生观_论战_马克思主义.md；0148_科学与人生观_论战_马克思主义批判.md；0188_张君劢_人生观_科学.md,,丁文江、科学与人生观、张君劢,科学与人生观 (张君劢 等著)；马克思主义哲学中国化与中国哲学的现代转型；百年中国哲学革命 (许全兴著),343；125；86,是,可按主题页优先检索,先查主题页《科学与人生观论战》，再在 T3/T10 中检索：科学与人生观|张君劢|丁文江,否
1697,科玄论战 人生观 科学,1697_科玄论战_人生观_科学.md,3,60.67,论战与思想运动,科学与人生观论战,论战与思想运动/科学与人生观论战.md,高,100.0,命中主题路由词：科学与人生观|科玄|张君劢|丁文江,人生观 论战 科玄论战(47.5)；必然 自由 科玄论战(26.25)；个人 社会 科玄论战(26.25)；武断 断章取义 科玄论战(25.36)；人生观 科学 分家(25.0),0187_人生观_论战_科玄论战.md；0217_必然_自由_科玄论战.md；0218_个人_社会_科玄论战.md；0221_武断_断章取义_科玄论战.md；0189_人生观_科学_分家.md,,人生观、科学、科玄论战,科学与人生观 (张君劢 等著)；中国马克思主义学术史纲；继承五四和扬弃五四,380；43；104,是,可按主题页优先检索,先查主题页《科学与人生观论战》，再在 T3/T10 中检索：科玄论战|人生观|科学,否
1698,中国社会性质论战 新思潮派,1698_中国社会性质论战_新思潮派.md,3,51.64,论战与思想运动,中国社会性质论战,论战与思想运动/中国社会性质论战.md,高,100.0,命中主题路由词：中国社会性质|新思潮派,半殖民地 半封建 新思潮派(24.17)；中国社会性质 论战(15.91)；中国社会性质 论战 启蒙(13.46)；中国社会性质 论争(12.5)；中国社会性质 论战 马克思主义哲学(9.72),1397_半殖民地_半封建_新思潮派.md；0184_中国社会性质_论战.md；0170_中国社会性质_论战_启蒙.md；0149_中国社会性质_论争.md；0227_中国社会性质_论战_马克思主义哲学.md,,中国社会性质论战、新思潮派,"马克思主义哲学的中国化及其历程 (曾乐山著, 曾乐山著, 曾乐山)；冯契文集第七卷中国近代哲学的革命进程；马克思主义哲学中国化理论与历史",191；452；313,是,可按主题页优先检索,先查主题页《中国社会性质论战》，再在 T3/T10 中检索：中国社会性质论战|新思潮派,否
1699,中国社会史论战 唯物史观,1699_中国社会史论战_唯物史观.md,3,50.48,理论方法,历史唯物主义体系,理论方法/历史唯物主义体系.md,高,100.0,命中主题路由词：唯物史观|社会形态|经济基础|上层建筑,唯物史观 中国社会改造 方向方法(28.82)；瞿秋白 科玄论战 唯物史观(28.33)；吕振羽 史前期中国社会研究 唯物史观(27.89)；李达 唯物史观 社会学(27.14)；郭沫若 中国古代社会研究 唯物史观(26.58),0011_唯物史观_中国社会改造_方向方法.md；0216_瞿秋白_科玄论战_唯物史观.md；0007_吕振羽_史前期中国社会研究_唯物史观.md；0284_李达_唯物史观_社会学.md；0006_郭沫若_中国古代社会研究_唯物史观.md,,中国社会史论战、唯物史观,从“决裂论”到“土壤论”——新启蒙运动对马克思主义与中国传统文化关系的认识深化_崔海亮；中国马克思主义哲学教科书编写之起步、发展与演化（1922—1949）；近五十年中国思想史 (郭湛波),2；8；269,是,可按主题页优先检索,先查主题页《历史唯物主义体系》，再在 T3/T10 中检索：中国社会史论战|唯物史观,否
1700,延安时期 马克思主义大众化,1700_延安时期_马克思主义大众化.md,3,54.47,理论方法,马克思恩格斯经典文本与哲学关系,理论方法/马克思恩格斯经典文本与哲学关系.md,高,100.0,命中主题路由词：马恩|马克思|恩格斯|黑格尔法哲学|德意志意识形态|共产党宣言|反杜林论|自然辩证法|哥达纲领,知识分子 马克思主义大众化(51.67)；高语罕 白话书信 马克思主义大众化(49.72)；马克思主义哲学 哲学大众化 延安时期(34.06)；延安时期 马克思主义哲学 创作 宣讲(31.76)；延安时期 知识分子(25.0),1701_知识分子_马克思主义大众化.md；1195_高语罕_白话书信_马克思主义大众化.md；1792_马克思主义哲学_哲学大众化_延安时期.md；1206_延安时期_马克思主义哲学_创作_宣讲.md；1704_延安时期_知识分子.md,,延安时期、马克思主义大众化,延安时期知识分子群体与马克思主义哲学大众化郭 - 2015 -；“新哲学”大众化运动研究；马克思主义哲学在中国传播与发展的百年历史(上) (胡为雄),128；280；239,是,可按主题页优先检索,先查主题页《马克思恩格斯经典文本与哲学关系》，再在 T3/T10 中检索：延安时期|马克思主义大众化,否
1701,知识分子 马克思主义大众化,1701_知识分子_马克思主义大众化.md,3,54.46,理论方法,马克思恩格斯经典文本与哲学关系,理论方法/马克思恩格斯经典文本与哲学关系.md,高,100.0,命中主题路由词：马恩|马克思|恩格斯|黑格尔法哲学|德意志意识形态|共产党宣言|反杜林论|自然辩证法|哥达纲领,延安时期 马克思主义大众化(51.67)；高语罕 白话书信 马克思主义大众化(49.72)；民主主义 知识分子 思潮(26.25)；知识分子 社会主义 观察(26.25)；延安时期 知识分子(25.0),1700_延安时期_马克思主义大众化.md；1195_高语罕_白话书信_马克思主义大众化.md；1825_民主主义_知识分子_思潮.md；1826_知识分子_社会主义_观察.md；1704_延安时期_知识分子.md,,知识分子、马克思主义大众化,延安时期知识分子群体与马克思主义哲学大众化郭 - 2015 -；马克思主义哲学在中国传播与发展的百年历史(上) (胡为雄)；“新哲学”大众化运动研究,4；239；279,是,可按主题页优先检索,先查主题页《马克思恩格斯经典文本与哲学关系》，再在 T3/T10 中检索：知识分子|马克思主义大众化,否
1702,剩余价值 商品,1702_剩余价值_商品.md,3,43.85,理论方法,政治经济学与资本主义批判,理论方法/政治经济学与资本主义批判.md,高,100.0,命中主题路由词：资本论|剩余价值|商品拜物教|生产价格|地租|政治经济学|资本积累,剩余价值 劳动(30.71)；剩余价值 生产(30.71)；资本论 剩余价值(29.38)；劳动 剩余价值 生产(28.33)；剩余价值 资本主义生产关系 本质(25.0),1625_剩余价值_劳动.md；1671_剩余价值_生产.md；1670_资本论_剩余价值.md；0018_劳动_剩余价值_生产.md；0030_剩余价值_资本主义生产关系_本质.md,,剩余价值、商品,马恩文集第八卷（《资本论》手稿选编）；马恩文集第六卷（资本论2）；马恩文集第七卷（资本论3）,453；550；1052,是,可按主题页优先检索,先查主题页《政治经济学与资本主义批判》，再在 T3/T10 中检索：剩余价值|商品,否
1703,法国 资产阶级,1703_法国_资产阶级.md,3,44.03,理论方法,阶级斗争与社会革命理论,理论方法/阶级斗争与社会革命理论.md,中,61.27,与既有主题相近：资产阶级 哲学革命 辛亥革命；国家 革命 无产阶级专政；无产阶级 民主革命 领导权,俄国 资产阶级(36.67)；英国 资产阶级(36.67)；德国 资产阶级(36.67)；无产阶级 资产阶级(30.71)；斗争 资产阶级(30.71),1691_俄国_资产阶级.md；1718_英国_资产阶级.md；1719_德国_资产阶级.md；1705_无产阶级_资产阶级.md；1717_斗争_资产阶级.md,,法国、资产阶级,马恩文集第二卷（1848-1859）；马恩文集第十卷（书信选编）；马恩文集第三卷（1864-1883）,893；905；731,是,可按主题页优先检索,先查主题页《阶级斗争与社会革命理论》，再在 T3/T10 中检索：法国|资产阶级,否
1704,延安时期 知识分子,1704_延安时期_知识分子.md,3,51.57,当代反思,社会主义建设时期哲学讨论与反思,当代反思/社会主义建设时期哲学讨论与反思.md,中,51.25,与既有主题相近：知识分子 阶级属性 地位作用；知识分子 思想改造 唯物论批判；过渡时期 总路线 理论贡献,民主主义 知识分子 思潮(25.77)；知识分子 社会主义 观察(25.77)；毛泽东 延安时期 哲学思想(25.36)；知识分子 阶级属性 地位作用(25.0)；延安时期 马克思主义大众化(25.0),1825_民主主义_知识分子_思潮.md；1826_知识分子_社会主义_观察.md；0536_毛泽东_延安时期_哲学思想.md；1364_知识分子_阶级属性_地位作用.md；1700_延安时期_马克思主义大众化.md,,延安时期、知识分子,延安时期知识分子群体与马克思主义哲学大众化郭 - 2015 -；马克思主义哲学中国化与中国哲学的现代转型；中国马克思主义学术史纲,69；677；77,是,可按主题页优先检索,先查主题页《社会主义建设时期哲学讨论与反思》，再在 T3/T10 中检索：延安时期|知识分子,否
1705,无产阶级 资产阶级,1705_无产阶级_资产阶级.md,3,49.04,理论方法,阶级斗争与社会革命理论,理论方法/阶级斗争与社会革命理论.md,中,102.81,与既有主题相近：资产阶级 哲学革命 辛亥革命；无产阶级 民主革命 领导权；国家 革命 无产阶级专政,资产阶级 资本主义(32.5)；无产阶级 资本主义(32.5)；俄国 资产阶级(30.71)；法国 资产阶级(30.71)；俄国 无产阶级(30.71),1743_资产阶级_资本主义.md；1771_无产阶级_资本主义.md；1691_俄国_资产阶级.md；1703_法国_资产阶级.md；1712_俄国_无产阶级.md,,无产阶级、资产阶级,列宁专题文集·论无产阶级政党；马克思主义哲学史教程；中国马克思主义学术史纲,432；572；174,是,可按主题页优先检索,先查主题页《阶级斗争与社会革命理论》，再在 T3/T10 中检索：无产阶级|资产阶级,否
1706,哲学大众化 新哲学,1706_哲学大众化_新哲学.md,3,51.79,新哲学大众化,新哲学大众化运动,新哲学大众化/新哲学大众化运动.md,高,100.0,命中主题路由词：哲学大众化|新哲学运动|延安知识分子,哲学大众化 新哲学运动(43.75)；胡绳 哲学大众化(37.5)；哲学大众化 艾思奇(36.11)；大众化 新哲学(35.83)；哲学大众化 问题 提出(35.0),1630_哲学大众化_新哲学运动.md；1634_胡绳_哲学大众化.md；1746_哲学大众化_艾思奇.md；1838_大众化_新哲学.md；1300_哲学大众化_问题_提出.md,,哲学大众化、新哲学,“新哲学”大众化运动研究；胡绳对马克思主义哲学“大众化”的贡献；延安时期知识分子群体与马克思主义哲学大众化郭 - 2015 -,2；128,是,可按主题页优先检索,先查主题页《新哲学大众化运动》，再在 T3/T10 中检索：哲学大众化|新哲学,否
1707,历史唯物主义 辩证唯物主义,1707_历史唯物主义_辩证唯物主义.md,3,57.14,理论方法,辩证唯物主义体系,理论方法/辩证唯物主义体系.md,高,100.0,命中主题路由词：辩证法|唯物主义|对立统一|量变质变|否定之否定,历史唯物主义 辩证唯物主义 列宁(80.0)；辩证唯物主义 历史唯物主义 斯大林(74.58)；斯大林 辩证唯物主义 历史唯物主义(74.58)；辩证唯物主义 历史唯物主义 教科书(74.58)；辩证唯物主义 历史唯物主义 教科书体系(72.5),1800_历史唯物主义_辩证唯物主义_列宁.md；0787_辩证唯物主义_历史唯物主义_斯大林.md；0899_斯大林_辩证唯物主义_历史唯物主义.md；0933_辩证唯物主义_历史唯物主义_教科书.md；1637_辩证唯物主义_历史唯物主义_教科书体系.md,,历史唯物主义、辩证唯物主义,列宁专题文集·论辩证唯物主义和历史唯物主义；马克思主义哲学在中国传播与发展的百年历史(下) (胡为雄)；一本教科书、一个时代、一种...学原理教科书的再思考(下)_何萍,6；152；5,是,可按主题页优先检索,先查主题页《辩证唯物主义体系》，再在 T3/T10 中检索：历史唯物主义|辩证唯物主义,否
1708,新理学 马克思主义者,1708_新理学_马克思主义者.md,3,50.59,论战与思想运动,新理学批判,论战与思想运动/新理学批判.md,高,100.0,命中主题路由词：新理学|冯友兰,上海 马克思主义者(42.5)；中国马克思主义 马克思主义者(41.36)；中国共产党人 马克思主义者 身份 文化问题(36.25)；冯友兰 新理学 马克思主义哲学(28.46)；新理学(21.25),1740_上海_马克思主义者.md；1788_中国马克思主义_马克思主义者.md；1245_中国共产党人_马克思主义者_身份_文化问题.md；0763_冯友兰_新理学_马克思主义哲学.md；1908_新理学.md,,新理学、马克思主义者,“新理学”批判的批判；中国文化与马克思主义；冯契文集第七卷中国近代哲学的革命进程,238；336；571,是,可按主题页优先检索,先查主题页《新理学批判》，再在 T3/T10 中检索：新理学|马克思主义者,否
1709,劳动 政治经济学,1709_劳动_政治经济学.md,3,45.28,理论方法,政治经济学与资本主义批判,理论方法/政治经济学与资本主义批判.md,高,100.0,命中主题路由词：资本论|剩余价值|商品拜物教|生产价格|地租|政治经济学|资本积累,政治经济学 生产(37.5)；马克思主义 哲学 政治经济学 科学社会主义(30.56)；剩余价值 劳动(12.5)；劳动 资本主义(12.5)；劳动 工人阶级(12.5),1725_政治经济学_生产.md；1181_马克思主义_哲学_政治经济学_科学社会主义.md；1625_剩余价值_劳动.md；1710_劳动_资本主义.md；1767_劳动_工人阶级.md,,劳动、政治经济学,马恩文集第八卷（《资本论》手稿选编）；马列著作在中国的出版；马恩文集第七卷（资本论3）,115；312；9,是,可按主题页优先检索,先查主题页《政治经济学与资本主义批判》，再在 T3/T10 中检索：劳动|政治经济学,否
1710,劳动 资本主义,1710_劳动_资本主义.md,3,46.48,理论方法,政治经济学与资本主义批判,理论方法/政治经济学与资本主义批判.md,中,193.48,与既有主题相近：资本主义 社会主义 关系；社会主义 资本主义 辩证关系；资本主义 生产方式 历史运动,俄国 资本主义(30.71)；宗教 资本主义(30.71)；伦理 资本主义(30.71)；生产 资本主义(30.71)；农民 资本主义(30.71),1713_俄国_资本主义.md；1716_宗教_资本主义.md；1723_伦理_资本主义.md；1732_生产_资本主义.md；1734_农民_资本主义.md,,劳动、资本主义,新教伦理与资本主义精神（当代思想巨匠提序导读、综汇多版精要详注、姊妹篇全面收录、阎克文精修译本。） by 马克斯·韦伯 [马克斯·韦伯] (z-lib.org)；列宁专题文集·论资本主义；马克思主义哲学史教程,149；378；120,是,可按主题页优先检索,先查主题页《政治经济学与资本主义批判》，再在 T3/T10 中检索：劳动|资本主义,否
1711,事物 冯友兰,1711_事物_冯友兰.md,3,42.71,论战与思想运动,新理学批判,论战与思想运动/新理学批判.md,高,100.0,命中主题路由词：新理学|冯友兰,冯友兰 新理学(22.14)；冯友兰 新世训 批评(20.56)；冯友兰 新理学 批判(20.56)；冯友兰 新理学 马克思主义哲学(18.57)；事物 普遍联系 辩证法(12.27),1605_冯友兰_新理学.md；0476_冯友兰_新世训_批评.md；1640_冯友兰_新理学_批判.md；0763_冯友兰_新理学_马克思主义哲学.md；1557_事物_普遍联系_辩证法.md,,事物、冯友兰,“新理学”批判的批判；认识世界和认识自己；冯契文集第七卷中国近代哲学的革命进程,75；126；554,是,可按主题页优先检索,先查主题页《新理学批判》，再在 T3/T10 中检索：事物|冯友兰,否
1712,俄国 无产阶级,1712_俄国_无产阶级.md,3,46.32,理论方法,阶级斗争与社会革命理论,理论方法/阶级斗争与社会革命理论.md,中,78.54,与既有主题相近：无产阶级 民主革命 领导权；国家 革命 无产阶级专政；中国无产阶级 成长 壮大 马克思主义,无产阶级 资产阶级(30.71)；无产阶级 法国(30.71)；农民 无产阶级(30.71)；无产阶级 列宁(30.71)；无产阶级 马克思(29.38),1705_无产阶级_资产阶级.md；1764_无产阶级_法国.md；1807_农民_无产阶级.md；1839_无产阶级_列宁.md；1781_无产阶级_马克思.md,,俄国、无产阶级,列宁专题文集·论无产阶级政党；马克思主义哲学史教程；马克思主义哲学在中国传播与发展的百年历史(上) (胡为雄),478；498；83,是,可按主题页优先检索,先查主题页《阶级斗争与社会革命理论》，再在 T3/T10 中检索：俄国|无产阶级,否
1713,俄国 资本主义,1713_俄国_资本主义.md,3,46.55,理论方法,政治经济学与资本主义批判,理论方法/政治经济学与资本主义批判.md,中,152.26,与既有主题相近：资本主义 社会主义 关系；社会主义 资本主义 辩证关系；资本主义 生产方式 历史运动,劳动 资本主义(30.71)；宗教 资本主义(30.71)；伦理 资本主义(30.71)；生产 资本主义(30.71)；农民 资本主义(30.71),1710_劳动_资本主义.md；1716_宗教_资本主义.md；1723_伦理_资本主义.md；1732_生产_资本主义.md；1734_农民_资本主义.md,,俄国、资本主义,列宁专题文集·论资本主义；马克思主义哲学史教程；马克思主义中国化探论,23；200；30,是,可按主题页优先检索,先查主题页《政治经济学与资本主义批判》，再在 T3/T10 中检索：俄国|资本主义,否
1714,生产方式 资本主义,1714_生产方式_资本主义.md,3,48.59,理论方法,政治经济学与资本主义批判,理论方法/政治经济学与资本主义批判.md,高,183.84,与既有主题相近：资本主义 生产方式 历史运动；资本主义 社会主义 关系；资本主义 生产社会化 私人占有 矛盾,资本主义 生产方式 历史运动(52.5)；生产 资本主义(32.5)；劳动 资本主义(28.33)；俄国 资本主义(28.33)；宗教 资本主义(28.33),1092_资本主义_生产方式_历史运动.md；1732_生产_资本主义.md；1710_劳动_资本主义.md；1713_俄国_资本主义.md；1716_宗教_资本主义.md,,生产方式、资本主义,列宁专题文集·论资本主义；马克思主义哲学史教程；马克思主义哲学在中国传播与发展的百年历史(上) (胡为雄),38；313；22,是,可按主题页优先检索,先查主题页《政治经济学与资本主义批判》，再在 T3/T10 中检索：生产方式|资本主义,否
1715,德国 马克思恩格斯,1715_德国_马克思恩格斯.md,3,46.72,理论方法,马克思恩格斯经典文本与哲学关系,理论方法/马克思恩格斯经典文本与哲学关系.md,高,100.0,命中主题路由词：马恩|马克思|恩格斯|黑格尔法哲学|德意志意识形态|共产党宣言|反杜林论|自然辩证法|哥达纲领,英国 马克思恩格斯(48.75)；列宁 马克思恩格斯(43.89)；马克思恩格斯 马列著作(41.36)；暴力革命 和平手段 马克思恩格斯(38.33)；马克思恩格斯 生平 思想 早期介绍(38.33),1735_英国_马克思恩格斯.md；1780_列宁_马克思恩格斯.md；1763_马克思恩格斯_马列著作.md；1187_暴力革命_和平手段_马克思恩格斯.md；1286_马克思恩格斯_生平_思想_早期介绍.md,,德国、马克思恩格斯,马列著作在中国的出版；马恩文集第十卷（书信选编）；马恩文集第二卷（1848-1859）,380；988；897,是,可按主题页优先检索,先查主题页《马克思恩格斯经典文本与哲学关系》，再在 T3/T10 中检索：德国|马克思恩格斯,否
1716,宗教 资本主义,1716_宗教_资本主义.md,3,46.52,理论方法,政治经济学与资本主义批判,理论方法/政治经济学与资本主义批判.md,中,152.26,与既有主题相近：资本主义 社会主义 关系；社会主义 资本主义 辩证关系；资本主义 生产方式 历史运动,劳动 资本主义(30.71)；俄国 资本主义(30.71)；伦理 资本主义(30.71)；生产 资本主义(30.71)；农民 资本主义(30.71),1710_劳动_资本主义.md；1713_俄国_资本主义.md；1723_伦理_资本主义.md；1732_生产_资本主义.md；1734_农民_资本主义.md,,宗教、资本主义,新教伦理与资本主义精神（当代思想巨匠提序导读、综汇多版精要详注、姊妹篇全面收录、阎克文精修译本。） by 马克斯·韦伯 [马克斯·韦伯] (z-lib.org)；列宁专题文集·论资本主义；列宁选集第二卷_2012,43；363；272,是,可按主题页优先检索,先查主题页《政治经济学与资本主义批判》，再在 T3/T10 中检索：宗教|资本主义,否
1717,斗争 资产阶级,1717_斗争_资产阶级.md,3,44.04,理论方法,阶级斗争与社会革命理论,理论方法/阶级斗争与社会革命理论.md,中,55.24,与既有主题相近：资产阶级 哲学革命 辛亥革命；阶级斗争 方法 马克思；阶级斗争 国家 阶级属性,俄国 资产阶级(30.71)；法国 资产阶级(30.71)；无产阶级 资产阶级(30.71)；英国 资产阶级(30.71)；德国 资产阶级(30.71),1691_俄国_资产阶级.md；1703_法国_资产阶级.md；1705_无产阶级_资产阶级.md；1718_英国_资产阶级.md；1719_德国_资产阶级.md,,斗争、资产阶级,马克思主义中国化的历史进程；国家主义与20世纪20年代的文化、政治；列宁选集第一卷_2012,225；165；643,是,可按主题页优先检索,先查主题页《阶级斗争与社会革命理论》，再在 T3/T10 中检索：斗争|资产阶级,否
1718,英国 资产阶级,1718_英国_资产阶级.md,3,44.08,理论方法,阶级斗争与社会革命理论,理论方法/阶级斗争与社会革命理论.md,中,61.27,与既有主题相近：资产阶级 哲学革命 辛亥革命；国家 革命 无产阶级专政；无产阶级 民主革命 领导权,俄国 资产阶级(36.67)；法国 资产阶级(36.67)；德国 资产阶级(36.67)；无产阶级 资产阶级(30.71)；斗争 资产阶级(30.71),1691_俄国_资产阶级.md；1703_法国_资产阶级.md；1719_德国_资产阶级.md；1705_无产阶级_资产阶级.md；1717_斗争_资产阶级.md,,英国、资产阶级,马恩文集第十卷（书信选编）；马恩文集第九卷（反杜林论 自然辩证法）；马恩文集第八卷（《资本论》手稿选编）,930；682；669,是,可按主题页优先检索,先查主题页《阶级斗争与社会革命理论》，再在 T3/T10 中检索：英国|资产阶级,否
1719,德国 资产阶级,1719_德国_资产阶级.md,3,44.08,理论方法,阶级斗争与社会革命理论,理论方法/阶级斗争与社会革命理论.md,中,61.27,与既有主题相近：资产阶级 哲学革命 辛亥革命；国家 革命 无产阶级专政；无产阶级 民主革命 领导权,俄国 资产阶级(36.67)；法国 资产阶级(36.67)；英国 资产阶级(36.67)；无产阶级 资产阶级(30.71)；斗争 资产阶级(30.71),1691_俄国_资产阶级.md；1703_法国_资产阶级.md；1718_英国_资产阶级.md；1705_无产阶级_资产阶级.md；1717_斗争_资产阶级.md,,德国、资产阶级,米丁-辩证唯物论与历史唯物论-上-rightToLeft；马恩文集第三卷（1864-1883）；马恩文集第十卷（书信选编）,61；753；884,是,可按主题页优先检索,先查主题页《阶级斗争与社会革命理论》，再在 T3/T10 中检索：德国|资产阶级,否
1720,帝国主义 战争,1720_帝国主义_战争.md,3,45.48,传播史,民族国家与国际关系,传播史/民族国家与国际关系.md,中,122.79,与既有主题相近：帝国主义 中华民族 矛盾；列宁 帝国主义 世界历史；罗莎卢森堡 资本积累 帝国主义,帝国主义 德国(30.71)；帝国主义 资本主义(29.38)；列宁 帝国主义 世界历史(26.82)；帝国主义 中华民族 矛盾(26.82)；帝国主义 资本主义最高阶段(26.25),1760_帝国主义_德国.md；1730_帝国主义_资本主义.md；0838_列宁_帝国主义_世界历史.md；1501_帝国主义_中华民族_矛盾.md；1655_帝国主义_资本主义最高阶段.md,,帝国主义、战争,抗日战争与中国共产党哲学思想的形成和发展_李维武；马克思主义中国化的历史进程；列宁专题文集·论社会主义,14；50；18,是,可按主题页优先检索,先查主题页《民族国家与国际关系》，再在 T3/T10 中检索：帝国主义|战争,否
1721,唯心主义 唯物主义,1721_唯心主义_唯物主义.md,3,49.06,理论方法,辩证唯物主义体系,理论方法/辩证唯物主义体系.md,高,100.0,命中主题路由词：辩证法|唯物主义|对立统一|量变质变|否定之否定,唯心主义 辩证唯物主义(33.89)；毛泽东 唯心主义 近代唯物主义(30.42)；列宁 唯物主义(29.38)；洛斯基 直觉主义 唯心主义(29.09)；唯心主义 黑格尔(28.33),1766_唯心主义_辩证唯物主义.md；0575_毛泽东_唯心主义_近代唯物主义.md；1753_列宁_唯物主义.md；1011_洛斯基_直觉主义_唯心主义.md；1724_唯心主义_黑格尔.md,,唯心主义、唯物主义,"列宁专题文集·论辩证唯物主义和历史唯物主义；一本教科书、一个时代、一种...学原理教科书的再思考(上)_何萍；马克思主义哲学在中国：传播 应用 形态 前景 (徐素华著, 徐素华著, 徐素华, 徐素華)",410；13；206,是,可按主题页优先检索,先查主题页《辩证唯物主义体系》，再在 T3/T10 中检索：唯心主义|唯物主义,否
1722,俄国 社会革命,1722_俄国_社会革命.md,3,44.08,理论方法,阶级斗争与社会革命理论,理论方法/阶级斗争与社会革命理论.md,中,30.72,与既有主题相近：李达 阶级 国家 社会意识 社会革命；陈独秀 阶级斗争 社会革命理论,李达 阶级 国家 社会意识 社会革命(25.36)；罗莎卢森堡 社会革命 合法改良(25.36)；文化改造 社会革命 马克思主义引进(24.69)；俄国 社会主义(20.71)；俄国 资产阶级(12.78),0318_李达_阶级_国家_社会意识_社会革命.md；1099_罗莎卢森堡_社会革命_合法改良.md；0966_文化改造_社会革命_马克思主义引进.md；1758_俄国_社会主义.md；1691_俄国_资产阶级.md,,俄国、社会革命,马恩文集第三卷（1864-1883）；马克思主义中国化的历史进程；列宁选集第一卷_2012,790；67；938,是,可按主题页优先检索,先查主题页《阶级斗争与社会革命理论》，再在 T3/T10 中检索：俄国|社会革命,否
1723,伦理 资本主义,1723_伦理_资本主义.md,3,49.08,理论方法,政治经济学与资本主义批判,理论方法/政治经济学与资本主义批判.md,中,156.67,与既有主题相近：资本主义 社会主义 关系；社会主义 资本主义 辩证关系；资本主义 生产方式 历史运动,劳动 资本主义(30.71)；俄国 资本主义(30.71)；宗教 资本主义(30.71)；生产 资本主义(30.71)；农民 资本主义(30.71),1710_劳动_资本主义.md；1713_俄国_资本主义.md；1716_宗教_资本主义.md；1732_生产_资本主义.md；1734_农民_资本主义.md,,伦理、资本主义,新教伦理与资本主义精神（当代思想巨匠提序导读、综汇多版精要详注、姊妹篇全面收录、阎克文精修译本。） by 马克斯·韦伯 [马克斯·韦伯] (z-lib.org)；列宁专题文集·论资本主义；马克思主义哲学史教程,7；392；773,是,可按主题页优先检索,先查主题页《政治经济学与资本主义批判》，再在 T3/T10 中检索：伦理|资本主义,否
1724,唯心主义 黑格尔,1724_唯心主义_黑格尔.md,3,45.43,理论方法,马克思恩格斯经典文本与哲学关系,理论方法/马克思恩格斯经典文本与哲学关系.md,低,57.95,与既有主题相近：黑格尔 辩证法 合理内核；马克思 辩证法 黑格尔 辩证法；新哲学 诞生 黑格尔 费尔巴哈,唯心主义 唯物主义(28.33)；唯心主义 马赫主义(28.33)；唯心主义 辩证法(28.33)；唯心主义 资产阶级(27.5)；胡适派 唯心主义 批判(26.82),1721_唯心主义_唯物主义.md；1728_唯心主义_马赫主义.md；1745_唯心主义_辩证法.md；1750_唯心主义_资产阶级.md；0459_胡适派_唯心主义_批判.md,,唯心主义、黑格尔,米丁-辩证唯物论历史唯物论下-rightToLeft；马恩文集第一卷（1843-1848）；米丁-辩证唯物论与历史唯物论-上-rightToLeft,72；206；70,是,先核验原卡片再使用,先查主题页《马克思恩格斯经典文本与哲学关系》，再在 T3/T10 中检索：唯心主义|黑格尔,否
1725,政治经济学 生产,1725_政治经济学_生产.md,3,45.35,理论方法,政治经济学与资本主义批判,理论方法/政治经济学与资本主义批判.md,高,100.0,命中主题路由词：资本论|剩余价值|商品拜物教|生产价格|地租|政治经济学|资本积累,劳动 政治经济学(37.5)；马克思主义 哲学 政治经济学 科学社会主义(30.56)；剩余价值 生产(12.5)；生产 资本主义(12.5)；政治经济学批判(12.5),1709_劳动_政治经济学.md；1181_马克思主义_哲学_政治经济学_科学社会主义.md；1671_剩余价值_生产.md；1732_生产_资本主义.md；1895_政治经济学批判.md,,政治经济学、生产,马恩文集第七卷（资本论3）；马恩文集第四卷（1884-1895）；马恩文集第三卷（1864-1883）,9；731；780,是,可按主题页优先检索,先查主题页《政治经济学与资本主义批判》，再在 T3/T10 中检索：政治经济学|生产,否
1726,国家主义 青年,1726_国家主义_青年.md,3,46.57,论战与思想运动,思想论战与文化批判,论战与思想运动/思想论战与文化批判.md,高,100.0,命中主题路由词：醒狮周报|国家主义,国家主义 民族主义(29.38)；20年代 国家主义(28.33)；国家主义 工商政策 科学教育 网罗(25.0)；青年 读书 精神生活(12.27)；贫穷 知识 读书 青年(12.27),1752_国家主义_民族主义.md；1833_20年代_国家主义.md；1409_国家主义_工商政策_科学教育_网罗.md；0943_青年_读书_精神生活.md；0945_贫穷_知识_读书_青年.md,,国家主义、青年,国家主义与20世纪20年代的文化、政治；马克思主义中国化史·第1卷，1919_1949 by 丁俊萍 (z-lib.org)；抗日救亡运动中的文化新声——“新启蒙运动”与中国左翼知识界的文化抗战_王锐,60；196；3,是,可按主题页优先检索,先查主题页《思想论战与文化批判》，再在 T3/T10 中检索：国家主义|青年,否
1727,康有为 谭嗣同,1727_康有为_谭嗣同.md,3,44.08,论战与思想运动,中国近代启蒙与民主革命,论战与思想运动/中国近代启蒙与民主革命.md,高,100.0,命中主题路由词：康有为|谭嗣同|梁启超|严复|中国近代,中国近代思想 康有为 谭嗣同(41.36)；仁学 谭嗣同(22.14)；康有为 改良派(21.25)；康有为 梁启超(21.25)；谭嗣同 仁学 个性解放(19.55),1694_中国近代思想_康有为_谭嗣同.md；1776_仁学_谭嗣同.md；1749_康有为_改良派.md；1865_康有为_梁启超.md；0163_谭嗣同_仁学_个性解放.md,,康有为、谭嗣同,马克思主义哲学中国化与中国哲学的现代转型；中国近代思想史论；百年中国哲学革命 (许全兴著),351；73；7,是,可按主题页优先检索,先查主题页《中国近代启蒙与民主革命》，再在 T3/T10 中检索：康有为|谭嗣同,否
1728,唯心主义 马赫主义,1728_唯心主义_马赫主义.md,3,46.73,苏联哲学,列宁哲学与社会主义实践,苏联哲学/列宁哲学与社会主义实践.md,高,100.0,命中主题路由词：列宁|马赫主义|新经济政策,经验 马赫主义(29.38)；唯心主义 唯物主义(28.33)；唯心主义 黑格尔(28.33)；唯心主义 辩证法(28.33)；唯心主义 资产阶级(27.5),1762_经验_马赫主义.md；1721_唯心主义_唯物主义.md；1724_唯心主义_黑格尔.md；1745_唯心主义_辩证法.md；1750_唯心主义_资产阶级.md,,唯心主义、马赫主义,"米丁-辩证唯物论历史唯物论下-rightToLeft；列宁专题文集·论辩证唯物主义和历史唯物主义；马克思主义哲学的中国化及其历程 (曾乐山著, 曾乐山著, 曾乐山)",367；6；29,是,可按主题页优先检索,先查主题页《列宁哲学与社会主义实践》，再在 T3/T10 中检索：唯心主义|马赫主义,否
1729,恩格斯 资产阶级,1729_恩格斯_资产阶级.md,3,45.31,理论方法,马克思恩格斯经典文本与哲学关系,理论方法/马克思恩格斯经典文本与哲学关系.md,高,100.0,命中主题路由词：马恩|马克思|恩格斯|黑格尔法哲学|德意志意识形态|共产党宣言|反杜林论|自然辩证法|哥达纲领,俄国 资产阶级(29.38)；法国 资产阶级(29.38)；无产阶级 资产阶级(29.38)；斗争 资产阶级(29.38)；英国 资产阶级(29.38),1691_俄国_资产阶级.md；1703_法国_资产阶级.md；1705_无产阶级_资产阶级.md；1717_斗争_资产阶级.md；1718_英国_资产阶级.md,,恩格斯、资产阶级,马恩文集第四卷（1884-1895）；马克思主义哲学史教程；米丁-辩证唯物论与历史唯物论-上-rightToLeft,756；497；13,是,可按主题页优先检索,先查主题页《马克思恩格斯经典文本与哲学关系》，再在 T3/T10 中检索：恩格斯|资产阶级,否
1730,帝国主义 资本主义,1730_帝国主义_资本主义.md,3,49.27,理论方法,政治经济学与资本主义批判,理论方法/政治经济学与资本主义批判.md,中,175.32,与既有主题相近：帝国主义 资本主义发展不平衡 一国胜利；社会主义 资本主义 辩证关系；资本主义 社会主义 关系,帝国主义 资本主义最高阶段(35.0)；帝国主义 资本主义发展不平衡 一国胜利(30.0)；劳动 资本主义(29.38)；俄国 资本主义(29.38)；宗教 资本主义(29.38),1655_帝国主义_资本主义最高阶段.md；0870_帝国主义_资本主义发展不平衡_一国胜利.md；1710_劳动_资本主义.md；1713_俄国_资本主义.md；1716_宗教_资本主义.md,,帝国主义、资本主义,列宁专题文集·论资本主义；新教伦理与资本主义精神（当代思想巨匠提序导读、综汇多版精要详注、姊妹篇全面收录、阎克文精修译本。） by 马克斯·韦伯 [马克斯·韦伯] (z-lib.org)；列宁选集第二卷_2012,198；383；693,是,可按主题页优先检索,先查主题页《政治经济学与资本主义批判》，再在 T3/T10 中检索：帝国主义|资本主义,否
1731,中国文化 儒学,1731_中国文化_儒学.md,3,46.35,中国哲学传统,中国哲学传统与现代转型,中国哲学传统/中国哲学传统与现代转型.md,中,120.6,与既有主题相近：哲学 宗教 中国文化；中国文化 古与今 联系；古代传统 现代传统 中国文化,中国文化 马克思(29.38)；哲学 宗教 中国文化(28.33)；中国文化 古与今 联系(27.5)；古代传统 现代传统 中国文化(26.82)；中国文化 精神基础 伦理(26.82),1736_中国文化_马克思.md；0986_哲学_宗教_中国文化.md；1246_中国文化_古与今_联系.md；0750_古代传统_现代传统_中国文化.md；0988_中国文化_精神基础_伦理.md,,中国文化、儒学,中国文化与马克思主义；马克思主义哲学中国化与中国哲学的现代转型；“新理学”批判的批判,17；388；9,是,可按主题页优先检索,先查主题页《中国哲学传统与现代转型》，再在 T3/T10 中检索：中国文化|儒学,否
1732,生产 资本主义,1732_生产_资本主义.md,3,46.46,理论方法,政治经济学与资本主义批判,理论方法/政治经济学与资本主义批判.md,中,179.19,与既有主题相近：资本主义 生产方式 历史运动；资本主义 社会主义 关系；资本主义 生产社会化 私人占有 矛盾,生产方式 资本主义(32.5)；劳动 资本主义(30.71)；俄国 资本主义(30.71)；宗教 资本主义(30.71)；伦理 资本主义(30.71),1714_生产方式_资本主义.md；1710_劳动_资本主义.md；1713_俄国_资本主义.md；1716_宗教_资本主义.md；1723_伦理_资本主义.md,,生产、资本主义,列宁专题文集·论资本主义；新教伦理与资本主义精神（当代思想巨匠提序导读、综汇多版精要详注、姊妹篇全面收录、阎克文精修译本。） by 马克斯·韦伯 [马克斯·韦伯] (z-lib.org)；马克思主义哲学史教程,29；182；313,是,可按主题页优先检索,先查主题页《政治经济学与资本主义批判》，再在 T3/T10 中检索：生产|资本主义,否
1733,经济学家 英国,1733_经济学家_英国.md,3,44.08,论战与思想运动,新启蒙运动,论战与思想运动/新启蒙运动.md,中,29.77,与既有主题相近：新启蒙运动 经济学家；新启蒙运动 哲学家,经济学家(35.0)；新启蒙运动 经济学家(27.5)；英国 资产阶级(12.78)；工人阶级 英国(12.78)；英国 马克思恩格斯(12.27),1966_经济学家.md；0383_新启蒙运动_经济学家.md；1718_英国_资产阶级.md；1737_工人阶级_英国.md；1735_英国_马克思恩格斯.md,,经济学家、英国,马恩文集第八卷（《资本论》手稿选编）；马恩文集第九卷（反杜林论 自然辩证法）；马恩文集第一卷（1843-1848）,669；644；834,是,可按主题页优先检索,先查主题页《新启蒙运动》，再在 T3/T10 中检索：经济学家|英国,否
1734,农民 资本主义,1734_农民_资本主义.md,3,46.27,理论方法,政治经济学与资本主义批判,理论方法/政治经济学与资本主义批判.md,中,156.67,与既有主题相近：资本主义 社会主义 关系；社会主义 资本主义 辩证关系；资本主义 生产方式 历史运动,劳动 资本主义(30.71)；俄国 资本主义(30.71)；宗教 资本主义(30.71)；伦理 资本主义(30.71)；生产 资本主义(30.71),1710_劳动_资本主义.md；1713_俄国_资本主义.md；1716_宗教_资本主义.md；1723_伦理_资本主义.md；1732_生产_资本主义.md,,农民、资本主义,列宁专题文集·论资本主义；新教伦理与资本主义精神（当代思想巨匠提序导读、综汇多版精要详注、姊妹篇全面收录、阎克文精修译本。） by 马克斯·韦伯 [马克斯·韦伯] (z-lib.org)；列宁选集第一卷_2012,331；82；611,是,可按主题页优先检索,先查主题页《政治经济学与资本主义批判》，再在 T3/T10 中检索：农民|资本主义,否
1735,英国 马克思恩格斯,1735_英国_马克思恩格斯.md,3,46.59,理论方法,马克思恩格斯经典文本与哲学关系,理论方法/马克思恩格斯经典文本与哲学关系.md,高,100.0,命中主题路由词：马恩|马克思|恩格斯|黑格尔法哲学|德意志意识形态|共产党宣言|反杜林论|自然辩证法|哥达纲领,德国 马克思恩格斯(48.75)；列宁 马克思恩格斯(43.89)；马克思恩格斯 马列著作(41.36)；暴力革命 和平手段 马克思恩格斯(38.33)；马克思恩格斯 生平 思想 早期介绍(38.33),1715_德国_马克思恩格斯.md；1780_列宁_马克思恩格斯.md；1763_马克思恩格斯_马列著作.md；1187_暴力革命_和平手段_马克思恩格斯.md；1286_马克思恩格斯_生平_思想_早期介绍.md,,英国、马克思恩格斯,马恩文集第一卷（1843-1848）；马恩文集第八卷（《资本论》手稿选编）；马恩文集第七卷（资本论3）,805；669；1087,是,可按主题页优先检索,先查主题页《马克思恩格斯经典文本与哲学关系》，再在 T3/T10 中检索：英国|马克思恩格斯,否
1736,中国文化 马克思,1736_中国文化_马克思.md,3,50.21,理论方法,马克思恩格斯经典文本与哲学关系,理论方法/马克思恩格斯经典文本与哲学关系.md,高,100.0,命中主题路由词：马恩|马克思|恩格斯|黑格尔法哲学|德意志意识形态|共产党宣言|反杜林论|自然辩证法|哥达纲领,中国文化 儒学(29.38)；哲学 宗教 中国文化(27.5)；中国文化 古与今 联系(26.82)；古代传统 现代传统 中国文化(26.25)；中国文化 精神基础 伦理(26.25),1731_中国文化_儒学.md；0986_哲学_宗教_中国文化.md；1246_中国文化_古与今_联系.md；0750_古代传统_现代传统_中国文化.md；0988_中国文化_精神基础_伦理.md,,中国文化、马克思,中国文化与马克思主义；马克思主义哲学中国化与中国哲学的现代转型；马克思主义哲学中国化_问题与进路_孙伟平,26；3,是,可按主题页优先检索,先查主题页《马克思恩格斯经典文本与哲学关系》，再在 T3/T10 中检索：中国文化|马克思,否
1737,工人阶级 英国,1737_工人阶级_英国.md,3,44.08,其他待人工复核,其他待人工复核,其他待人工复核/其他待人工复核.md,中,29.77,与既有主题相近：工人阶级 白领工人 蓝领工人；劳心 劳力 阶级差别,劳动 工人阶级(30.71)；工人阶级 斗争(30.71)；工人阶级 白领工人 蓝领工人(27.5)；民族工业 工人阶级 壮大(26.82)；过渡时期 工人阶级 民族资产阶级 矛盾(24.69),1767_劳动_工人阶级.md；1778_工人阶级_斗争.md；1470_工人阶级_白领工人_蓝领工人.md；1423_民族工业_工人阶级_壮大.md；0680_过渡时期_工人阶级_民族资产阶级_矛盾.md,,工人阶级、英国,马恩文集第一卷（1843-1848）；马恩文集第十卷（书信选编）；马恩文集第二卷（1848-1859）,483；953；866,是,可按主题页优先检索,先查主题页《其他待人工复核》，再在 T3/T10 中检索：工人阶级|英国,否
1738,农民战争 德国,1738_农民战争_德国.md,3,44.08,传播史,民族国家与国际关系,传播史/民族国家与国际关系.md,中,40.76,与既有主题相近：太平天国 农民战争 意义 教训；人民战争 战略战术 原则；人民战争 战略战术 辩证法,太平天国 农民战争 意义 教训(25.77)；德国农民战争(16.67)；德国 资产阶级(12.78)；帝国主义 德国(12.78)；德国 社会主义(12.78),1123_太平天国_农民战争_意义_教训.md；1988_德国农民战争.md；1719_德国_资产阶级.md；1760_帝国主义_德国.md；1772_德国_社会主义.md,,农民战争、德国,马恩文集第二卷（1848-1859）；马恩文集第三卷（1864-1883）；马列著作在中国的出版,865；780；429,是,可按主题页优先检索,先查主题页《民族国家与国际关系》，再在 T3/T10 中检索：农民战争|德国,否
1739,社会主义 资产阶级,1739_社会主义_资产阶级.md,3,49.07,理论方法,政治经济学与资本主义批判,理论方法/政治经济学与资本主义批判.md,中,154.71,与既有主题相近：社会主义 资本主义 辩证关系；资本主义 社会主义 关系；社会主义 计划 商品 市场,唯心主义 资产阶级(33.89)；资产阶级 资本主义(30.0)；俄国 资产阶级(28.33)；法国 资产阶级(28.33)；无产阶级 资产阶级(28.33),1750_唯心主义_资产阶级.md；1743_资产阶级_资本主义.md；1691_俄国_资产阶级.md；1703_法国_资产阶级.md；1705_无产阶级_资产阶级.md,,社会主义、资产阶级,列宁专题文集·论社会主义；20世纪40年代自由知识分子对社会主义的解读——以《观察》周刊为中心_郑瑞峰；中国马克思主义学术史纲,505；3；188,是,可按主题页优先检索,先查主题页《政治经济学与资本主义批判》，再在 T3/T10 中检索：社会主义|资产阶级,否
1740,上海 马克思主义者,1740_上海_马克思主义者.md,3,46.68,理论方法,马克思恩格斯经典文本与哲学关系,理论方法/马克思恩格斯经典文本与哲学关系.md,高,100.0,命中主题路由词：马恩|马克思|恩格斯|黑格尔法哲学|德意志意识形态|共产党宣言|反杜林论|自然辩证法|哥达纲领,新理学 马克思主义者(42.5)；中国马克思主义 马克思主义者(42.5)；中国共产党人 马克思主义者 身份 文化问题(36.58)；三十年代 上海 左翼文化工作(11.47)；我的马克思主义观(10.0),1708_新理学_马克思主义者.md；1788_中国马克思主义_马克思主义者.md；1245_中国共产党人_马克思主义者_身份_文化问题.md；1483_三十年代_上海_左翼文化工作.md；1933_我的马克思主义观.md,,上海、马克思主义者,百年中国哲学革命 (许全兴著)；马克思主义哲学史教程；“新理学”批判的批判,149；932；180,是,可按主题页优先检索,先查主题页《马克思恩格斯经典文本与哲学关系》，再在 T3/T10 中检索：上海|马克思主义者,否
1741,商品 资本主义,1741_商品_资本主义.md,3,46.14,理论方法,政治经济学与资本主义批判,理论方法/政治经济学与资本主义批判.md,中,177.98,与既有主题相近：资本主义 社会主义 关系；社会主义 资本主义 辩证关系；资本主义 生产方式 历史运动,劳动 资本主义(30.71)；俄国 资本主义(30.71)；宗教 资本主义(30.71)；伦理 资本主义(30.71)；生产 资本主义(30.71),1710_劳动_资本主义.md；1713_俄国_资本主义.md；1716_宗教_资本主义.md；1723_伦理_资本主义.md；1732_生产_资本主义.md,,商品、资本主义,列宁专题文集·论资本主义；新教伦理与资本主义精神（当代思想巨匠提序导读、综汇多版精要详注、姊妹篇全面收录、阎克文精修译本。） by 马克斯·韦伯 [马克斯·韦伯] (z-lib.org)；马克思主义哲学史教程,375；55；512,是,可按主题页优先检索,先查主题页《政治经济学与资本主义批判》，再在 T3/T10 中检索：商品|资本主义,否
1742,张申府 新启蒙运动,1742_张申府_新启蒙运动.md,3,49.01,论战与思想运动,新启蒙运动,论战与思想运动/新启蒙运动.md,高,100.0,命中主题路由词：新启蒙|继承五四|扬弃五四,张申府 新启蒙运动 民主(59.44)；国难 新启蒙运动(36.11)；新启蒙运动 提出(36.11)；抗战 新启蒙运动(36.11)；新启蒙运动 普及(36.11),1614_张申府_新启蒙运动_民主.md；0376_国难_新启蒙运动.md；0377_新启蒙运动_提出.md；1871_抗战_新启蒙运动.md；1874_新启蒙运动_普及.md,,张申府、新启蒙运动,抗日救亡运动中的文化新声——“新启蒙运动”与中国左翼知识界的文化抗战_王锐；从“决裂论”到“土壤论”——新启蒙运动对马克思主义与中国传统文化关系的认识深化_崔海亮；新启蒙运动与新民主主义文化思想的形成_卢毅,10；3；4,是,可按主题页优先检索,先查主题页《新启蒙运动》，再在 T3/T10 中检索：张申府|新启蒙运动,否
1743,资产阶级 资本主义,1743_资产阶级_资本主义.md,3,49.07,理论方法,政治经济学与资本主义批判,理论方法/政治经济学与资本主义批判.md,中,136.42,与既有主题相近：资本主义 社会主义 关系；社会主义 资本主义 辩证关系；资本主义 生产方式 历史运动,无产阶级 资本主义(38.75)；无产阶级 资产阶级(32.5)；社会主义 资产阶级(30.0)；唯心主义 资产阶级(30.0)；俄国 资产阶级(28.33),1771_无产阶级_资本主义.md；1705_无产阶级_资产阶级.md；1739_社会主义_资产阶级.md；1750_唯心主义_资产阶级.md；1691_俄国_资产阶级.md,,资产阶级、资本主义,新教伦理与资本主义精神（当代思想巨匠提序导读、综汇多版精要详注、姊妹篇全面收录、阎克文精修译本。） by 马克斯·韦伯 [马克斯·韦伯] (z-lib.org)；列宁专题文集·论资本主义；中国马克思主义学术史纲,12；349；84,是,可按主题页优先检索,先查主题页《政治经济学与资本主义批判》，再在 T3/T10 中检索：资产阶级|资本主义,否
1744,文化运动 新启蒙运动,1744_文化运动_新启蒙运动.md,3,50.58,论战与思想运动,新启蒙运动,论战与思想运动/新启蒙运动.md,高,100.0,命中主题路由词：新启蒙|继承五四|扬弃五四,新启蒙运动 文化抗战(37.5)；国难 新启蒙运动(36.11)；新启蒙运动 提出(36.11)；抗战 新启蒙运动(36.11)；新启蒙运动 普及(36.11),1616_新启蒙运动_文化抗战.md；0376_国难_新启蒙运动.md；0377_新启蒙运动_提出.md；1871_抗战_新启蒙运动.md；1874_新启蒙运动_普及.md,,文化运动、新启蒙运动,什么是新启蒙运动；抗日救亡运动中的文化新声——“新启蒙运动”与中国左翼知识界的文化抗战_王锐；从“决裂论”到“土壤论”——新启蒙运动对马克思主义与中国传统文化关系的认识深化_崔海亮,5；12；8,是,可按主题页优先检索,先查主题页《新启蒙运动》，再在 T3/T10 中检索：文化运动|新启蒙运动,否
1745,唯心主义 辩证法,1745_唯心主义_辩证法.md,3,47.9,理论方法,辩证唯物主义体系,理论方法/辩证唯物主义体系.md,高,100.0,命中主题路由词：辩证法|唯物主义|对立统一|量变质变|否定之否定,唯心主义 辩证唯物主义(33.89)；唯心主义 唯物主义(28.33)；唯心主义 黑格尔(28.33)；唯心主义 马赫主义(28.33)；唯物主义 辩证法(27.5),1766_唯心主义_辩证唯物主义.md；1721_唯心主义_唯物主义.md；1724_唯心主义_黑格尔.md；1728_唯心主义_马赫主义.md；1747_唯物主义_辩证法.md,,唯心主义、辩证法,马恩文集第九卷（反杜林论 自然辩证法）；毛泽东哲学批注集：辩证法唯物论教程批注 (毛泽东)；张东荪-唯物辩证法论战,584；499；215,是,可按主题页优先检索,先查主题页《辩证唯物主义体系》，再在 T3/T10 中检索：唯心主义|辩证法,否
1746,哲学大众化 艾思奇,1746_哲学大众化_艾思奇.md,3,51.72,新哲学大众化,艾思奇与大众哲学,新哲学大众化/艾思奇与大众哲学.md,高,100.0,命中主题路由词：大众哲学|艾思奇,艾思奇 大众哲学 哲学大众化(55.0)；马克思主义哲学 哲学大众化 艾思奇(53.46)；胡绳 哲学大众化(36.11)；哲学大众化 新哲学(36.11)；哲学大众化 问题 提出(34.09),0371_艾思奇_大众哲学_哲学大众化.md；1798_马克思主义哲学_哲学大众化_艾思奇.md；1634_胡绳_哲学大众化.md；1706_哲学大众化_新哲学.md；1300_哲学大众化_问题_提出.md,,哲学大众化、艾思奇,从唯物辩证法论战到马克思主义哲学大众化——对艾思奇《大众哲学》的解读_李维武；“和生活打成一片”——艾思奇是怎样进行马克思主义哲学大众化的_李勰；“新哲学”大众化运动研究,11；1；127,是,可按主题页优先检索,先查主题页《艾思奇与大众哲学》，再在 T3/T10 中检索：哲学大众化|艾思奇,否
1747,唯物主义 辩证法,1747_唯物主义_辩证法.md,3,47.72,理论方法,辩证唯物主义体系,理论方法/辩证唯物主义体系.md,高,100.0,命中主题路由词：辩证法|唯物主义|对立统一|量变质变|否定之否定,列宁 唯物主义(29.38)；唯心主义 唯物主义(28.33)；新唯物主义 实践 辩证法(27.5)；唯心主义 辩证法(27.5)；列宁 唯物主义 经验批判论(25.77),1753_列宁_唯物主义.md；1721_唯心主义_唯物主义.md；0015_新唯物主义_实践_辩证法.md；1745_唯心主义_辩证法.md；0837_列宁_唯物主义_经验批判论.md,,唯物主义、辩证法,马恩文集第九卷（反杜林论 自然辩证法）；列宁专题文集·论辩证唯物主义和历史唯物主义；毛泽东哲学批注集：辩证法唯物论教程批注 (毛泽东),688；423；512,是,可按主题页优先检索,先查主题页《辩证唯物主义体系》，再在 T3/T10 中检索：唯物主义|辩证法,否
1748,毛泽东 马克思主义哲学中国化,1748_毛泽东_马克思主义哲学中国化.md,3,53.26,理论方法,马克思恩格斯经典文本与哲学关系,理论方法/马克思恩格斯经典文本与哲学关系.md,高,100.0,命中主题路由词：马恩|马克思|恩格斯|黑格尔法哲学|德意志意识形态|共产党宣言|反杜林论|自然辩证法|哥达纲领,毛泽东哲学 马克思主义哲学中国化(59.64)；马克思主义哲学中国化 不足(56.07)；李达 马克思主义哲学中国化(56.07)；马克思主义哲学中国化 走向(56.07)；马克思主义哲学中国化 现实性(55.0),1893_毛泽东哲学_马克思主义哲学中国化.md；1432_马克思主义哲学中国化_不足.md；1751_李达_马克思主义哲学中国化.md；1816_马克思主义哲学中国化_走向.md；1805_马克思主义哲学中国化_现实性.md,,毛泽东、马克思主义哲学中国化,二十世纪上半叶马克思主义哲学中国化之检视_王玉平；马克思主义哲学中国化与中国哲学的现代转型；马克思主义哲学中国化理论与历史,152；517；447,是,可按主题页优先检索,先查主题页《马克思恩格斯经典文本与哲学关系》，再在 T3/T10 中检索：毛泽东|马克思主义哲学中国化,否
1749,康有为 改良派,1749_康有为_改良派.md,3,44.07,论战与思想运动,中国近代启蒙与民主革命,论战与思想运动/中国近代启蒙与民主革命.md,高,100.0,命中主题路由词：康有为|谭嗣同|梁启超|严复|中国近代,康有为 谭嗣同(21.25)；康有为 梁启超(21.25)；改良派 资产阶级(20.56)；康有为 托古改制 大同(19.55)；康有为 公羊三世 进化(19.55),1727_康有为_谭嗣同.md；1865_康有为_梁启超.md；1784_改良派_资产阶级.md；0172_康有为_托古改制_大同.md；0173_康有为_公羊三世_进化.md,,康有为、改良派,"马克思主义哲学的中国化及其历程 (曾乐山著, 曾乐山著, 曾乐山)；中国近代思想史论；百年中国哲学革命 (许全兴著)",140；343；7,是,可按主题页优先检索,先查主题页《中国近代启蒙与民主革命》，再在 T3/T10 中检索：康有为|改良派,否
1750,唯心主义 资产阶级,1750_唯心主义_资产阶级.md,3,46.77,理论方法,阶级斗争与社会革命理论,理论方法/阶级斗争与社会革命理论.md,中,39.76,与既有主题相近：资产阶级 哲学革命 辛亥革命；中国无产阶级 成长 壮大 马克思主义；国家 革命 无产阶级专政,社会主义 资产阶级(33.89)；资产阶级 资本主义(30.0)；俄国 资产阶级(28.33)；法国 资产阶级(28.33)；无产阶级 资产阶级(28.33),1739_社会主义_资产阶级.md；1743_资产阶级_资本主义.md；1691_俄国_资产阶级.md；1703_法国_资产阶级.md；1705_无产阶级_资产阶级.md,,唯心主义、资产阶级,中国马克思主义学术史纲；百年中国哲学革命 (许全兴著)；米丁-辩证唯物论与历史唯物论-上-rightToLeft,92；188；248,是,可按主题页优先检索,先查主题页《阶级斗争与社会革命理论》，再在 T3/T10 中检索：唯心主义|资产阶级,否
1751,李达 马克思主义哲学中国化,1751_李达_马克思主义哲学中国化.md,3,51.97,理论方法,马克思恩格斯经典文本与哲学关系,理论方法/马克思恩格斯经典文本与哲学关系.md,高,100.0,命中主题路由词：马恩|马克思|恩格斯|黑格尔法哲学|德意志意识形态|共产党宣言|反杜林论|自然辩证法|哥达纲领,马克思主义哲学中国化 不足(57.31)；马克思主义哲学中国化 走向(57.31)；毛泽东 马克思主义哲学中国化(56.07)；马克思主义哲学中国化 现实性(56.07)；马克思主义哲学中国化 中国哲学传统(55.0),1432_马克思主义哲学中国化_不足.md；1816_马克思主义哲学中国化_走向.md；1748_毛泽东_马克思主义哲学中国化.md；1805_马克思主义哲学中国化_现实性.md；0725_马克思主义哲学中国化_中国哲学传统.md,,李达、马克思主义哲学中国化,马克思主义哲学中国化理论与历史；马克思主义哲学中国化与中国哲学的现代转型；马克思主义哲学在中国的传播与马克思主义哲学中国化,264；424；6,是,可按主题页优先检索,先查主题页《马克思恩格斯经典文本与哲学关系》，再在 T3/T10 中检索：李达|马克思主义哲学中国化,否
1752,国家主义 民族主义,1752_国家主义_民族主义.md,3,49.07,论战与思想运动,思想论战与文化批判,论战与思想运动/思想论战与文化批判.md,高,100.0,命中主题路由词：醒狮周报|国家主义,国家主义 青年(29.38)；国际主义 民族主义 中国共产党(27.69)；20年代 国家主义(27.5)；国家主义 工商政策 科学教育 网罗(24.69)；国家主义派 国际主义 批判(6.25),1726_国家主义_青年.md；1176_国际主义_民族主义_中国共产党.md；1833_20年代_国家主义.md；1409_国家主义_工商政策_科学教育_网罗.md；1294_国家主义派_国际主义_批判.md,,国家主义、民族主义,国家主义与20世纪20年代的文化、政治；马克思主义哲学在中国传播与发展的百年历史(上) (胡为雄)；马克思主义哲学中国化理论与历史,127；248；207,是,可按主题页优先检索,先查主题页《思想论战与文化批判》，再在 T3/T10 中检索：国家主义|民族主义,否
1753,列宁 唯物主义,1753_列宁_唯物主义.md,3,48.88,苏联哲学,列宁哲学与社会主义实践,苏联哲学/列宁哲学与社会主义实践.md,高,100.0,命中主题路由词：列宁|马赫主义|新经济政策,列宁 唯物主义 经验批判论(42.5)；唯心主义 唯物主义(29.38)；唯物主义 辩证法(29.38)；费尔巴哈 唯物主义 基本内核(25.77)；战斗唯物主义 意义 列宁(20.0),0837_列宁_唯物主义_经验批判论.md；1721_唯心主义_唯物主义.md；1747_唯物主义_辩证法.md；0024_费尔巴哈_唯物主义_基本内核.md；0886_战斗唯物主义_意义_列宁.md,,列宁、唯物主义,列宁专题文集·论辩证唯物主义和历史唯物主义；列宁专题文集·论无产阶级政党；列宁专题文集·论马克思主义,6；429；368,是,可按主题页优先检索,先查主题页《列宁哲学与社会主义实践》，再在 T3/T10 中检索：列宁|唯物主义,否
1754,李达 马克思主义哲学研究,1754_李达_马克思主义哲学研究.md,3,49.21,理论方法,马克思恩格斯经典文本与哲学关系,理论方法/马克思恩格斯经典文本与哲学关系.md,高,100.0,命中主题路由词：马恩|马克思|恩格斯|黑格尔法哲学|德意志意识形态|共产党宣言|反杜林论|自然辩证法|哥达纲领,毛泽东 马克思主义哲学研究(55.38)；国统区 刊物 马克思主义哲学研究(53.33)；李达 马克思主义哲学 研究(35.0)；李达 马克思主义哲学 泰斗(26.67)；李达 马克思主义哲学 中国化(25.38),1756_毛泽东_马克思主义哲学研究.md；0947_国统区_刊物_马克思主义哲学研究.md；0267_李达_马克思主义哲学_研究.md；0355_李达_马克思主义哲学_泰斗.md；0301_李达_马克思主义哲学_中国化.md,,李达、马克思主义哲学研究,马克思主义哲学中国化理论与历史；马克思主义哲学史教程；中国马克思主义学术史纲,252；968；36,是,可按主题页优先检索,先查主题页《马克思恩格斯经典文本与哲学关系》，再在 T3/T10 中检索：李达|马克思主义哲学研究,否
1755,民主革命 策略,1755_民主革命_策略.md,3,44.03,论战与思想运动,中国近代启蒙与民主革命,论战与思想运动/中国近代启蒙与民主革命.md,低,41.5,与既有主题相近：中国资产阶级 敌友 策略；共产国际 民族民主革命 方针；中国国情 民主革命纲领 制订,无产阶级 民主革命 领导权(26.25)；国共合作 党内合作 策略(12.08)；中国资产阶级 敌友 策略(11.92)；共产国际 民族民主革命 方针(5.77)；中国国情 民主革命纲领 制订(5.77),1297_无产阶级_民主革命_领导权.md；1160_国共合作_党内合作_策略.md；1167_中国资产阶级_敌友_策略.md；1158_共产国际_民族民主革命_方针.md；1296_中国国情_民主革命纲领_制订.md,,民主革命、策略,马克思主义哲学在中国传播与发展的百年历史(上) (胡为雄)；毛泽东哲学批注集：辩证法唯物论教程批注 (毛泽东)；列宁选集第一卷_2012,115；522；936,是,先核验原卡片再使用,先查主题页《中国近代启蒙与民主革命》，再在 T3/T10 中检索：民主革命|策略,否
1756,毛泽东 马克思主义哲学研究,1756_毛泽东_马克思主义哲学研究.md,3,50.65,理论方法,马克思恩格斯经典文本与哲学关系,理论方法/马克思恩格斯经典文本与哲学关系.md,高,100.0,命中主题路由词：马恩|马克思|恩格斯|黑格尔法哲学|德意志意识形态|共产党宣言|反杜林论|自然辩证法|哥达纲领,李达 马克思主义哲学研究(55.38)；国统区 刊物 马克思主义哲学研究(52.5)；毛泽东 马克思主义哲学 中国化(31.07)；毛泽东 马克思主义哲学中国化(31.07)；中国马克思主义 毛泽东(25.71),1754_李达_马克思主义哲学研究.md；0947_国统区_刊物_马克思主义哲学研究.md；0615_毛泽东_马克思主义哲学_中国化.md；1748_毛泽东_马克思主义哲学中国化.md；1982_中国马克思主义_毛泽东.md,,毛泽东、马克思主义哲学研究,"马克思主义哲学在中国：传播 应用 形态 前景 (徐素华著, 徐素华著, 徐素华, 徐素華)；马克思主义哲学在中国传播与发展的百年历史(下) (胡为雄)；马克思主义哲学中国化理论与历史",302；177；440,是,可按主题页优先检索,先查主题页《马克思恩格斯经典文本与哲学关系》，再在 T3/T10 中检索：毛泽东|马克思主义哲学研究,否
1757,资产阶级 马克思,1757_资产阶级_马克思.md,3,47.84,理论方法,马克思恩格斯经典文本与哲学关系,理论方法/马克思恩格斯经典文本与哲学关系.md,高,100.0,命中主题路由词：马恩|马克思|恩格斯|黑格尔法哲学|德意志意识形态|共产党宣言|反杜林论|自然辩证法|哥达纲领,无产阶级 马克思(32.86)；俄国 资产阶级(29.38)；法国 资产阶级(29.38)；无产阶级 资产阶级(29.38)；斗争 资产阶级(29.38),1781_无产阶级_马克思.md；1691_俄国_资产阶级.md；1703_法国_资产阶级.md；1705_无产阶级_资产阶级.md；1717_斗争_资产阶级.md,,资产阶级、马克思,"马克思主义哲学的中国化及其历程 (曾乐山著, 曾乐山著, 曾乐山)；马克思主义哲学史教程；马克思主义在中国早期传播若干问题的辨析_田子渝",45；497；5,是,可按主题页优先检索,先查主题页《马克思恩格斯经典文本与哲学关系》，再在 T3/T10 中检索：资产阶级|马克思,否
1758,俄国 社会主义,1758_俄国_社会主义.md,3,46.34,理论方法,政治经济学与资本主义批判,理论方法/政治经济学与资本主义批判.md,中,157.88,与既有主题相近：资本主义 社会主义 关系；社会主义 计划 商品 市场；社会主义 资本主义 辩证关系,德国 社会主义(36.67)；法国 社会主义(36.67)；社会主义 列宁(30.71)；观察周刊 社会主义(28.33)；社会主义 资产阶级(28.33),1772_德国_社会主义.md；1817_法国_社会主义.md；1840_社会主义_列宁.md；1647_观察周刊_社会主义.md；1739_社会主义_资产阶级.md,,俄国、社会主义,列宁专题文集·论社会主义；马克思主义哲学史教程；列宁选集第一卷_2012,382；456；88,是,可按主题页优先检索,先查主题页《政治经济学与资本主义批判》，再在 T3/T10 中检索：俄国|社会主义,否
1759,新启蒙运动 艾思奇,1759_新启蒙运动_艾思奇.md,3,49.06,论战与思想运动,新启蒙运动,论战与思想运动/新启蒙运动.md,高,100.0,命中主题路由词：新启蒙|继承五四|扬弃五四,国难 新启蒙运动(36.11)；新启蒙运动 提出(36.11)；抗战 新启蒙运动(36.11)；新启蒙运动 普及(36.11)；新启蒙运动 理性运动(35.0),0376_国难_新启蒙运动.md；0377_新启蒙运动_提出.md；1871_抗战_新启蒙运动.md；1874_新启蒙运动_普及.md；0380_新启蒙运动_理性运动.md,,新启蒙运动、艾思奇,新启蒙运动与新民主主义文化思想的形成_卢毅；抗日救亡运动中的文化新声——“新启蒙运动”与中国左翼知识界的文化抗战_王锐；从“决裂论”到“土壤论”——新启蒙运动对马克思主义与中国传统文化关系的认识深化_崔海亮,1；11；3,是,可按主题页优先检索,先查主题页《新启蒙运动》，再在 T3/T10 中检索：新启蒙运动|艾思奇,否
1760,帝国主义 德国,1760_帝国主义_德国.md,3,44.0,传播史,民族国家与国际关系,传播史/民族国家与国际关系.md,中,85.82,与既有主题相近：帝国主义 中华民族 矛盾；列宁 帝国主义 世界历史；罗莎卢森堡 资本积累 帝国主义,帝国主义 战争(30.71)；帝国主义 资本主义(29.38)；列宁 帝国主义 世界历史(26.82)；帝国主义 中华民族 矛盾(26.82)；帝国主义 资本主义最高阶段(26.25),1720_帝国主义_战争.md；1730_帝国主义_资本主义.md；0838_列宁_帝国主义_世界历史.md；1501_帝国主义_中华民族_矛盾.md；1655_帝国主义_资本主义最高阶段.md,,帝国主义、德国,列宁选集第二卷_2012；列宁专题文集·论资本主义；列宁选集第三卷_2012,651；216；420,是,可按主题页优先检索,先查主题页《民族国家与国际关系》，再在 T3/T10 中检索：帝国主义|德国,否
1761,起源 马克思主义中国化,1761_起源_马克思主义中国化.md,3,54.23,理论方法,马克思恩格斯经典文本与哲学关系,理论方法/马克思恩格斯经典文本与哲学关系.md,高,100.0,命中主题路由词：马恩|马克思|恩格斯|黑格尔法哲学|德意志意识形态|共产党宣言|反杜林论|自然辩证法|哥达纲领,马克思主义中国化 思潮 起源(66.67)；马克思主义中国化 起源语境(56.67)；马克思主义中国化 前瞻(55.91)；马克思主义中国化 思潮(55.91)；马克思主义中国化 重建(55.91),1812_马克思主义中国化_思潮_起源.md；1619_马克思主义中国化_起源语境.md；1180_马克思主义中国化_前瞻.md；1827_马克思主义中国化_思潮.md；1828_马克思主义中国化_重建.md,,起源、马克思主义中国化,"20世纪上半叶“中国化”思潮与“马克思主义中国化”起源研究述评_赵铁锁；马克思主义中国化的起源语境；马克思主义哲学在中国：传播 应用 形态 前景 (徐素华著, 徐素华著, 徐素华, 徐素華)",1；26；179,是,可按主题页优先检索,先查主题页《马克思恩格斯经典文本与哲学关系》，再在 T3/T10 中检索：起源|马克思主义中国化,否
1762,经验 马赫主义,1762_经验_马赫主义.md,3,44.04,苏联哲学,列宁哲学与社会主义实践,苏联哲学/列宁哲学与社会主义实践.md,高,100.0,命中主题路由词：列宁|马赫主义|新经济政策,唯心主义 马赫主义(29.38)；马赫主义 斗争 经验批判论(29.09)；唯物主义和经验批判主义 马赫主义(27.69)；马赫主义 批判 反映论(27.5)；马赫主义 空间 时间 因果性 物质(25.36),1728_唯心主义_马赫主义.md；1590_马赫主义_斗争_经验批判论.md；1653_唯物主义和经验批判主义_马赫主义.md；1538_马赫主义_批判_反映论.md；1539_马赫主义_空间_时间_因果性_物质.md,,经验、马赫主义,"列宁选集第四卷_2012；马克思主义哲学在中国传播与发展的百年历史(下) (胡为雄)；马克思主义哲学的中国化及其历程 (曾乐山著, 曾乐山著, 曾乐山)",1039；39；275,是,可按主题页优先检索,先查主题页《列宁哲学与社会主义实践》，再在 T3/T10 中检索：经验|马赫主义,否
1763,马克思恩格斯 马列著作,1763_马克思恩格斯_马列著作.md,3,51.85,理论方法,马克思恩格斯经典文本与哲学关系,理论方法/马克思恩格斯经典文本与哲学关系.md,高,100.0,命中主题路由词：马恩|马克思|恩格斯|黑格尔法哲学|德意志意识形态|共产党宣言|反杜林论|自然辩证法|哥达纲领,德国 马克思恩格斯(41.36)；英国 马克思恩格斯(41.36)；列宁 马克思恩格斯(41.36)；暴力革命 和平手段 马克思恩格斯(37.35)；马克思恩格斯 生平 思想 早期介绍(37.35),1715_德国_马克思恩格斯.md；1735_英国_马克思恩格斯.md；1780_列宁_马克思恩格斯.md；1187_暴力革命_和平手段_马克思恩格斯.md；1286_马克思恩格斯_生平_思想_早期介绍.md,,马克思恩格斯、马列著作,马列著作在中国的出版；马克思主义哲学在中国传播与发展的百年历史(下) (胡为雄)；马克思主义哲学在中国传播与发展的百年历史(上) (胡为雄),276；288；113,是,可按主题页优先检索,先查主题页《马克思恩格斯经典文本与哲学关系》，再在 T3/T10 中检索：马克思恩格斯|马列著作,否
1764,无产阶级 法国,1764_无产阶级_法国.md,3,46.28,理论方法,阶级斗争与社会革命理论,理论方法/阶级斗争与社会革命理论.md,中,80.41,与既有主题相近：无产阶级 民主革命 领导权；国家 革命 无产阶级专政；无产阶级专政 历史经验 认识,无产阶级 资产阶级(30.71)；俄国 无产阶级(30.71)；农民 无产阶级(30.71)；无产阶级 列宁(30.71)；无产阶级 马克思(29.38),1705_无产阶级_资产阶级.md；1712_俄国_无产阶级.md；1807_农民_无产阶级.md；1839_无产阶级_列宁.md；1781_无产阶级_马克思.md,,无产阶级、法国,列宁专题文集·论无产阶级政党；马恩文集第十卷（书信选编）；马克思主义中国化的历史进程,279；876；186,是,可按主题页优先检索,先查主题页《阶级斗争与社会革命理论》，再在 T3/T10 中检索：无产阶级|法国,否
1765,儒学 意识形态,1765_儒学_意识形态.md,3,44.07,理论方法,哲学基本范畴与辩证法原理,理论方法/哲学基本范畴与辩证法原理.md,中,53.09,与既有主题相近：意识 意识形态 历史；苏联哲学 意识形态功能；德国意识形态 新哲学 确立,意识 意识形态 历史(29.38)；意识形态 马克思(29.38)；经济基础 上层建筑 意识形态(25.77)；中国文化 儒学(12.78)；儒学 衰落 西学 兴起(12.27),1089_意识_意识形态_历史.md；1790_意识形态_马克思.md；1681_经济基础_上层建筑_意识形态.md；1731_中国文化_儒学.md；0684_儒学_衰落_西学_兴起.md,,儒学、意识形态,百年中国哲学革命 (许全兴著)；马克思主义哲学中国化与中国哲学的现代转型；中国文化与马克思主义,440；6；141,是,可按主题页优先检索,先查主题页《哲学基本范畴与辩证法原理》，再在 T3/T10 中检索：儒学|意识形态,否
1766,唯心主义 辩证唯物主义,1766_唯心主义_辩证唯物主义.md,3,51.68,理论方法,辩证唯物主义体系,理论方法/辩证唯物主义体系.md,高,100.0,命中主题路由词：辩证法|唯物主义|对立统一|量变质变|否定之否定,历史唯物主义 辩证唯物主义(45.0)；历史唯物主义 辩证唯物主义 列宁(42.5)；辩证唯物主义 研讨 争论(40.42)；毛泽东 共产主义 辩证唯物主义 转变(40.0)；瞿秋白 辩证唯物主义 传播(39.62),1707_历史唯物主义_辩证唯物主义.md；1800_历史唯物主义_辩证唯物主义_列宁.md；0981_辩证唯物主义_研讨_争论.md；0577_毛泽东_共产主义_辩证唯物主义_转变.md；0335_瞿秋白_辩证唯物主义_传播.md,,唯心主义、辩证唯物主义,列宁专题文集·论辩证唯物主义和历史唯物主义；米丁-辩证唯物论历史唯物论下-rightToLeft；“新哲学”大众化运动研究,87；165,是,可按主题页优先检索,先查主题页《辩证唯物主义体系》，再在 T3/T10 中检索：唯心主义|辩证唯物主义,否
1767,劳动 工人阶级,1767_劳动_工人阶级.md,3,44.04,理论方法,政治经济学与资本主义批判,理论方法/政治经济学与资本主义批判.md,低,48.29,与既有主题相近：社会的人 劳动 工具；黄包车夫 劳动 苦难；劳动 剩余价值 生产,工人阶级 英国(30.71)；工人阶级 斗争(30.71)；工人阶级 白领工人 蓝领工人(27.5)；民族工业 工人阶级 壮大(26.82)；过渡时期 工人阶级 民族资产阶级 矛盾(24.69),1737_工人阶级_英国.md；1778_工人阶级_斗争.md；1470_工人阶级_白领工人_蓝领工人.md；1423_民族工业_工人阶级_壮大.md；0680_过渡时期_工人阶级_民族资产阶级_矛盾.md,,劳动、工人阶级,"马克思主义哲学在中国：传播 应用 形态 前景 (徐素华著, 徐素华著, 徐素华, 徐素華)；马恩文集第八卷（《资本论》手稿选编）；马克思主义哲学史教程",96；669；71,是,先核验原卡片再使用,先查主题页《政治经济学与资本主义批判》，再在 T3/T10 中检索：劳动|工人阶级,否
1768,翻译出版 马列著作,1768_翻译出版_马列著作.md,3,49.27,当代反思,社会主义建设时期哲学讨论与反思,当代反思/社会主义建设时期哲学讨论与反思.md,高,53.64,与既有主题相近：马列著作 翻译出版 新中国,马列著作 翻译出版 新中国(53.64)；苏联哲学家 著作 翻译出版(27.69)；马克思主义哲学 经典著作 翻译出版(25.88)；马克思恩格斯 马列著作(25.77)；五四时期 马克思主义著作 翻译 出版(5.88),0637_马列著作_翻译出版_新中国.md；0907_苏联哲学家_著作_翻译出版.md；0104_马克思主义哲学_经典著作_翻译出版.md；1763_马克思恩格斯_马列著作.md；0144_五四时期_马克思主义著作_翻译_出版.md,,翻译出版、马列著作,马列著作在中国的出版；马克思主义哲学在中国传播与发展的百年历史(下) (胡为雄)；中国马克思主义学术史纲,175；281；77,是,可按主题页优先检索,先查主题页《社会主义建设时期哲学讨论与反思》，再在 T3/T10 中检索：翻译出版|马列著作,否
1769,大众哲学 艾思奇,1769_大众哲学_艾思奇.md,3,50.38,新哲学大众化,艾思奇与大众哲学,新哲学大众化/艾思奇与大众哲学.md,高,100.0,命中主题路由词：大众哲学|艾思奇,艾思奇 大众哲学 贡献(48.89)；艾思奇 大众哲学 中国化(47.5)；艾思奇 大众哲学 哲学大众化(47.5)；艾思奇 大众哲学 大众化形态(46.36)；艾思奇 大众哲学 通俗著作(46.36),0359_艾思奇_大众哲学_贡献.md；0370_艾思奇_大众哲学_中国化.md；0371_艾思奇_大众哲学_哲学大众化.md；0357_艾思奇_大众哲学_大众化形态.md；0389_艾思奇_大众哲学_通俗著作.md,,大众哲学、艾思奇,从唯物辩证法论战到马克思主义哲学大众化——对艾思奇《大众哲学》的解读_李维武；《大众哲学》_马克思主义哲学大众化的经典范本_张立波；《矛盾论》的主要矛盾理论与《大众哲学》无关及其他,11；3；1,是,可按主题页优先检索,先查主题页《艾思奇与大众哲学》，再在 T3/T10 中检索：大众哲学|艾思奇,否
1770,什么是新启蒙运动 张申府,1770_什么是新启蒙运动_张申府.md,3,52.71,论战与思想运动,新启蒙运动,论战与思想运动/新启蒙运动.md,高,100.0,命中主题路由词：新启蒙|继承五四|扬弃五四,什么是新启蒙运动(57.5)；什么是新启蒙运动 艾思奇(53.46)；张申府 新启蒙运动(28.64)；张申府 新启蒙运动 民主(26.54)；张申府 新哲学 思想(18.33),1869_什么是新启蒙运动.md；0427_什么是新启蒙运动_艾思奇.md；1742_张申府_新启蒙运动.md；1614_张申府_新启蒙运动_民主.md；0369_张申府_新哲学_思想.md,,什么是新启蒙运动、张申府,什么是新启蒙运动；继承五四和扬弃五四；马克思主义中国化的起源语境,4；103；79,是,可按主题页优先检索,先查主题页《新启蒙运动》，再在 T3/T10 中检索：什么是新启蒙运动|张申府,否
1771,无产阶级 资本主义,1771_无产阶级_资本主义.md,3,49.22,理论方法,政治经济学与资本主义批判,理论方法/政治经济学与资本主义批判.md,中,118.22,与既有主题相近：资本主义 社会主义 关系；社会主义 资本主义 辩证关系；资本主义 生产方式 历史运动,资产阶级 资本主义(38.75)；无产阶级 资产阶级(32.5)；劳动 资本主义(28.33)；俄国 无产阶级(28.33)；俄国 资本主义(28.33),1743_资产阶级_资本主义.md；1705_无产阶级_资产阶级.md；1710_劳动_资本主义.md；1712_俄国_无产阶级.md；1713_俄国_资本主义.md,,无产阶级、资本主义,列宁专题文集·论资本主义；列宁专题文集·论无产阶级政党；米丁-辩证唯物论历史唯物论下-rightToLeft,100；455；136,是,可按主题页优先检索,先查主题页《政治经济学与资本主义批判》，再在 T3/T10 中检索：无产阶级|资本主义,否
1772,德国 社会主义,1772_德国_社会主义.md,3,46.38,理论方法,政治经济学与资本主义批判,理论方法/政治经济学与资本主义批判.md,中,157.88,与既有主题相近：资本主义 社会主义 关系；社会主义 计划 商品 市场；社会主义 资本主义 辩证关系,俄国 社会主义(36.67)；法国 社会主义(36.67)；社会主义 列宁(30.71)；观察周刊 社会主义(28.33)；社会主义 资产阶级(28.33),1758_俄国_社会主义.md；1817_法国_社会主义.md；1840_社会主义_列宁.md；1647_观察周刊_社会主义.md；1739_社会主义_资产阶级.md,,德国、社会主义,列宁专题文集·论社会主义；马恩文集第十卷（书信选编）；马恩文集第五卷（资本论1）,441；967；1038,是,可按主题页优先检索,先查主题页《政治经济学与资本主义批判》，再在 T3/T10 中检索：德国|社会主义,否
1773,大众哲学 新哲学,1773_大众哲学_新哲学.md,3,47.91,新哲学大众化,艾思奇与大众哲学,新哲学大众化/艾思奇与大众哲学.md,高,100.0,命中主题路由词：大众哲学|艾思奇,大众哲学(35.0)；大众哲学 艾思奇(29.38)；现象 本质 大众哲学(28.33)；形式 内容 大众哲学(28.33)；大众哲学 日常生活(28.33),1849_大众哲学.md；1769_大众哲学_艾思奇.md；0399_现象_本质_大众哲学.md；0400_形式_内容_大众哲学.md；1632_大众哲学_日常生活.md,,大众哲学、新哲学,“新哲学”大众化运动研究；《大众哲学》_马克思主义哲学大众化的经典范本_张立波；马克思主义哲学在中国传播与发展的百年历史(上) (胡为雄),168；2；310,是,可按主题页优先检索,先查主题页《艾思奇与大众哲学》，再在 T3/T10 中检索：大众哲学|新哲学,否
1774,德国 费尔巴哈,1774_德国_费尔巴哈.md,3,44.06,理论方法,马克思恩格斯经典文本与哲学关系,理论方法/马克思恩格斯经典文本与哲学关系.md,中,63.33,与既有主题相近：费尔巴哈 唯物主义 基本内核；新哲学 诞生 黑格尔 费尔巴哈；马克思主义 欧洲传播 德国,费尔巴哈 唯物主义 基本内核(25.77)；新哲学 诞生 黑格尔 费尔巴哈(25.77)；德国 资产阶级(12.78)；农民战争 德国(12.78)；帝国主义 德国(12.78),0024_费尔巴哈_唯物主义_基本内核.md；0419_新哲学_诞生_黑格尔_费尔巴哈.md；1719_德国_资产阶级.md；1738_农民战争_德国.md；1760_帝国主义_德国.md,,德国、费尔巴哈,马克思主义哲学史教程；马克思主义哲学中国化与中国哲学的现代转型；马恩文集第九卷（反杜林论 自然辩证法）,75；47；664,是,可按主题页优先检索,先查主题页《马克思恩格斯经典文本与哲学关系》，再在 T3/T10 中检索：德国|费尔巴哈,否
1775,唯物史观 李大钊,1775_唯物史观_李大钊.md,3,45.42,理论方法,历史唯物主义体系,理论方法/历史唯物主义体系.md,高,100.0,命中主题路由词：唯物史观|社会形态|经济基础|上层建筑,李大钊 唯物史观 研究(48.89)；李大钊 唯物史观 初步应用(46.36)；李大钊 社会改造 唯物史观(46.36)；李大钊 阶级斗争 唯物史观(46.36)；李大钊 唯物史观 史学要论(46.36),0258_李大钊_唯物史观_研究.md；0272_李大钊_唯物史观_初步应用.md；0274_李大钊_社会改造_唯物史观.md；0280_李大钊_阶级斗争_唯物史观.md；0302_李大钊_唯物史观_史学要论.md,,唯物史观、李大钊,"马克思主义哲学中国化与中国哲学的现代转型；马克思主义哲学史教程；马克思主义哲学的中国化及其历程 (曾乐山著, 曾乐山著, 曾乐山)",287；864；50,是,可按主题页优先检索,先查主题页《历史唯物主义体系》，再在 T3/T10 中检索：唯物史观|李大钊,否
1776,仁学 谭嗣同,1776_仁学_谭嗣同.md,3,42.73,论战与思想运动,中国近代启蒙与民主革命,论战与思想运动/中国近代启蒙与民主革命.md,高,100.0,命中主题路由词：康有为|谭嗣同|梁启超|严复|中国近代,谭嗣同 仁学 个性解放(33.33)；谭嗣同 仁学 冲决网罗(33.33)；谭嗣同 冲决网罗 仁学(33.33)；康有为 谭嗣同(22.14)；谭嗣同 以太说 唯名论(20.0),0163_谭嗣同_仁学_个性解放.md；0175_谭嗣同_仁学_冲决网罗.md；0248_谭嗣同_冲决网罗_仁学.md；1727_康有为_谭嗣同.md；0249_谭嗣同_以太说_唯名论.md,,仁学、谭嗣同,中国近代思想史论；马克思主义哲学中国化与中国哲学的现代转型；中国现代思想史论,181；75；13,是,可按主题页优先检索,先查主题页《中国近代启蒙与民主革命》，再在 T3/T10 中检索：仁学|谭嗣同,否
1777,机械论者 辩证法,1777_机械论者_辩证法.md,3,46.99,理论方法,辩证唯物主义体系,理论方法/辩证唯物主义体系.md,高,100.0,命中主题路由词：辩证法|唯物主义|对立统一|量变质变|否定之否定,苏联哲学 机械论者 辩证论者(31.36)；机械论者 辩证论者 自然科学(31.36)；苏联哲学 机械论者 辩证论者 论争(29.62)；进攻 防御 辩证法(20.0)；持久 速决 辩证法(20.0),0830_苏联哲学_机械论者_辩证论者.md；1275_机械论者_辩证论者_自然科学.md；0893_苏联哲学_机械论者_辩证论者_论争.md；1325_进攻_防御_辩证法.md；1326_持久_速决_辩证法.md,,机械论者、辩证法,毛泽东哲学批注集：辩证法唯物论教程批注 (毛泽东)；张东荪-唯物辩证法论战；苏联哲学70年 (安启念著),43；31,是,可按主题页优先检索,先查主题页《辩证唯物主义体系》，再在 T3/T10 中检索：机械论者|辩证法,否
1778,工人阶级 斗争,1778_工人阶级_斗争.md,3,44.05,理论方法,阶级斗争与社会革命理论,理论方法/阶级斗争与社会革命理论.md,低,45.45,与既有主题相近：阶级斗争 方法 马克思；阶级斗争 国家 阶级属性；阶级斗争 简单化 公式化,工人阶级 英国(30.71)；劳动 工人阶级(30.71)；工人阶级 白领工人 蓝领工人(27.5)；民族工业 工人阶级 壮大(26.82)；过渡时期 工人阶级 民族资产阶级 矛盾(24.69),1737_工人阶级_英国.md；1767_劳动_工人阶级.md；1470_工人阶级_白领工人_蓝领工人.md；1423_民族工业_工人阶级_壮大.md；0680_过渡时期_工人阶级_民族资产阶级_矛盾.md,,工人阶级、斗争,马克思主义哲学史教程；米丁-辩证唯物论历史唯物论下-rightToLeft；共产主义abc中文翻译版,406；317；241,是,先核验原卡片再使用,先查主题页《阶级斗争与社会革命理论》，再在 T3/T10 中检索：工人阶级|斗争,否
1779,自然科学 黑格尔,1779_自然科学_黑格尔.md,3,45.36,理论方法,自然科学哲学与科学方法,理论方法/自然科学哲学与科学方法.md,中,166.62,与既有主题相近：自然科学 唯物论 观念论；胡适 理性主义 自然科学；新哲学 自然科学 经济学 应用,德国 自然科学(29.38)；自然辩证法 自然科学(27.5)；自然科学 人生观 影响(26.82)；自然科学 唯物论 观念论(26.25)；胡适 理性主义 自然科学(26.25),1786_德国_自然科学.md；1667_自然辩证法_自然科学.md；0210_自然科学_人生观_影响.md；0415_自然科学_唯物论_观念论.md；0475_胡适_理性主义_自然科学.md,,自然科学、黑格尔,百年中国哲学革命 (许全兴著)；马克思主义哲学在中国传播与发展的百年历史(上) (胡为雄)；马克思主义哲学史教程,613；245；377,是,可按主题页优先检索,先查主题页《自然科学哲学与科学方法》，再在 T3/T10 中检索：自然科学|黑格尔,否
1780,列宁 马克思恩格斯,1780_列宁_马克思恩格斯.md,3,49.01,苏联哲学,列宁哲学与社会主义实践,苏联哲学/列宁哲学与社会主义实践.md,高,100.0,命中主题路由词：列宁|马赫主义|新经济政策,德国 马克思恩格斯(43.89)；英国 马克思恩格斯(43.89)；马克思恩格斯 马列著作(41.36)；暴力革命 和平手段 马克思恩格斯(38.33)；马克思恩格斯 生平 思想 早期介绍(38.33),1715_德国_马克思恩格斯.md；1735_英国_马克思恩格斯.md；1763_马克思恩格斯_马列著作.md；1187_暴力革命_和平手段_马克思恩格斯.md；1286_马克思恩格斯_生平_思想_早期介绍.md,,列宁、马克思恩格斯,列宁选集第二卷_2012；列宁选集第四卷_2012；列宁选集第一卷_2012,864；923；884,是,可按主题页优先检索,先查主题页《列宁哲学与社会主义实践》，再在 T3/T10 中检索：列宁|马克思恩格斯,否
1781,无产阶级 马克思,1781_无产阶级_马克思.md,3,47.9,理论方法,马克思恩格斯经典文本与哲学关系,理论方法/马克思恩格斯经典文本与哲学关系.md,高,100.0,命中主题路由词：马恩|马克思|恩格斯|黑格尔法哲学|德意志意识形态|共产党宣言|反杜林论|自然辩证法|哥达纲领,资产阶级 马克思(32.86)；无产阶级 资产阶级(29.38)；俄国 无产阶级(29.38)；无产阶级 法国(29.38)；农民 无产阶级(29.38),1757_资产阶级_马克思.md；1705_无产阶级_资产阶级.md；1712_俄国_无产阶级.md；1764_无产阶级_法国.md；1807_农民_无产阶级.md,,无产阶级、马克思,"马克思主义中国化的历史进程；马克思主义哲学在中国：传播 应用 形态 前景 (徐素华著, 徐素华著, 徐素华, 徐素華)；马克思主义哲学在中国的传播与马克思主义哲学中国化",418；120；10,是,可按主题页优先检索,先查主题页《马克思恩格斯经典文本与哲学关系》，再在 T3/T10 中检索：无产阶级|马克思,否
1782,共产主义 劳动,1782_共产主义_劳动.md,3,46.52,理论方法,政治经济学与资本主义批判,理论方法/政治经济学与资本主义批判.md,低,36.81,与既有主题相近：黄包车夫 劳动 苦难；社会的人 劳动 工具；劳动 剩余价值 生产,共产主义 翻译(30.71)；共产主义 社会主义 发展经验(26.25)；毛泽东 共产主义 辩证唯物主义 转变(25.0)；劳动 资本主义(16.25)；剩余价值 劳动(12.78),1837_共产主义_翻译.md；1477_共产主义_社会主义_发展经验.md；0577_毛泽东_共产主义_辩证唯物主义_转变.md；1710_劳动_资本主义.md；1625_剩余价值_劳动.md,,共产主义、劳动,共产主义abc中文翻译版；中国马克思主义学术史纲；马克思主义哲学在中国传播与发展的百年历史(下) (胡为雄),461；137；185,是,先核验原卡片再使用,先查主题页《政治经济学与资本主义批判》，再在 T3/T10 中检索：共产主义|劳动,否
1783,五四新文化 新文化运动,1783_五四新文化_新文化运动.md,3,49.48,传播史,五四新文化与马克思主义早期传播,传播史/五四新文化与马克思主义早期传播.md,高,100.0,命中主题路由词：五四|新文化运动,新文化运动 五四运动 学术史(35.42)；五四新文化 民主 科学(34.09)；五四新文化 传统 反传统(34.09)；五四以前 新文化运动 意义 局限(33.93)；新文化运动 价值观 变革(33.33),0118_新文化运动_五四运动_学术史.md；0166_五四新文化_民主_科学.md；0182_五四新文化_传统_反传统.md；0127_五四以前_新文化运动_意义_局限.md；0133_新文化运动_价值观_变革.md,,五四新文化、新文化运动,"百年中国哲学革命 (许全兴著)；马克思主义哲学的中国化及其历程 (曾乐山著, 曾乐山著, 曾乐山)；从“决裂论”到“土壤论”——新启蒙运动对马克思主义与中国传统文化关系的认识深化_崔海亮",423；27；7,是,可按主题页优先检索,先查主题页《五四新文化与马克思主义早期传播》，再在 T3/T10 中检索：五四新文化|新文化运动,否
1784,改良派 资产阶级,1784_改良派_资产阶级.md,3,45.42,理论方法,阶级斗争与社会革命理论,理论方法/阶级斗争与社会革命理论.md,中,58.47,与既有主题相近：资产阶级 哲学革命 辛亥革命；国家 革命 无产阶级专政；无产阶级 民主革命 领导权,俄国 资产阶级(29.38)；法国 资产阶级(29.38)；无产阶级 资产阶级(29.38)；斗争 资产阶级(29.38)；英国 资产阶级(29.38),1691_俄国_资产阶级.md；1703_法国_资产阶级.md；1705_无产阶级_资产阶级.md；1717_斗争_资产阶级.md；1718_英国_资产阶级.md,,改良派、资产阶级,中国近代思想史论；近五十年中国思想史 (郭湛波)；百年中国哲学革命 (许全兴著),341；9；420,是,可按主题页优先检索,先查主题页《阶级斗争与社会革命理论》，再在 T3/T10 中检索：改良派|资产阶级,否
1785,马克思主义哲学教科书 中国马克思主义哲学 教科书编写,1785_马克思主义哲学教科书_中国马克思主义哲学_教科书编写.md,3,71.06,苏联哲学,马克思主义哲学教科书体系,苏联哲学/马克思主义哲学教科书体系.md,高,100.0,命中主题路由词：马克思主义哲学教科书|教科书体系|高清海,中国马克思主义哲学 教科书 建构(57.19)；马克思主义哲学教科书 编写 演化(57.19)；全国通用 马克思主义哲学教科书 编写(55.28)；中国马克思主义哲学 转换(52.5)；中国马克思主义哲学 中国之根 问题(50.53),0931_中国马克思主义哲学_教科书_建构.md；1636_马克思主义哲学教科书_编写_演化.md；0932_全国通用_马克思主义哲学教科书_编写.md；1819_中国马克思主义哲学_转换.md；0720_中国马克思主义哲学_中国之根_问题.md,,马克思主义哲学教科书、中国马克思主义哲学、教科书编写,中国马克思主义哲学教科书编写之起步、发展与演化（1922—1949）；一本教科书、一个时代、一种...学原理教科书的再思考(下)_何萍；一本教科书、一个时代、一种...学原理教科书的再思考(上)_何萍,1；12；5,是,可按主题页优先检索,先查主题页《马克思主义哲学教科书体系》，再在 T3/T10 中检索：马克思主义哲学教科书|中国马克思主义哲学|教科书编写,否
1786,德国 自然科学,1786_德国_自然科学.md,3,44.08,理论方法,自然科学哲学与科学方法,理论方法/自然科学哲学与科学方法.md,中,170.44,与既有主题相近：自然科学 唯物论 观念论；胡适 理性主义 自然科学；新哲学 自然科学 经济学 应用,自然科学 黑格尔(29.38)；自然辩证法 自然科学(28.33)；自然科学 人生观 影响(27.5)；自然科学 唯物论 观念论(26.82)；胡适 理性主义 自然科学(26.82),1779_自然科学_黑格尔.md；1667_自然辩证法_自然科学.md；0210_自然科学_人生观_影响.md；0415_自然科学_唯物论_观念论.md；0475_胡适_理性主义_自然科学.md,,德国、自然科学,马恩文集第九卷（反杜林论 自然辩证法）；马恩文集第十卷（书信选编）；列宁专题文集·论辩证唯物主义和历史唯物主义,679；891；409,是,可按主题页优先检索,先查主题页《自然科学哲学与科学方法》，再在 T3/T10 中检索：德国|自然科学,否
1787,中国马克思主义哲学 当代中国马克思主义 哲学大众化,1787_中国马克思主义哲学_当代中国马克思主义_哲学大众化.md,3,71.58,新哲学大众化,新哲学大众化运动,新哲学大众化/新哲学大众化运动.md,高,100.0,命中主题路由词：哲学大众化|新哲学运动|延安知识分子,中国马克思主义哲学 转换(52.5)；中国马克思主义哲学 中国之根 问题(50.53)；中国马克思主义哲学 教科书 建构(50.53)；马克思主义在中国 马克思主义中国化 当代中国马克思主义(50.53)；中国马克思主义哲学 何以是中国的哲学(50.0),1819_中国马克思主义哲学_转换.md；0720_中国马克思主义哲学_中国之根_问题.md；0931_中国马克思主义哲学_教科书_建构.md；0965_马克思主义在中国_马克思主义中国化_当代中国马克思主义.md；0724_中国马克思主义哲学_何以是中国的哲学.md,,中国马克思主义哲学、当代中国马克思主义、哲学大众化,当代中国马克思主义哲学大众化的基本原则与推进路径_尚庆飞；马克思主义哲学大众化的当代思考_郭建宁；“新哲学”大众化运动研究,3；1；4,是,可按主题页优先检索,先查主题页《新哲学大众化运动》，再在 T3/T10 中检索：中国马克思主义哲学|当代中国马克思主义|哲学大众化,否
1788,中国马克思主义 马克思主义者,1788_中国马克思主义_马克思主义者.md,3,56.03,理论方法,马克思恩格斯经典文本与哲学关系,理论方法/马克思恩格斯经典文本与哲学关系.md,高,100.0,命中主题路由词：马恩|马克思|恩格斯|黑格尔法哲学|德意志意识形态|共产党宣言|反杜林论|自然辩证法|哥达纲领,中国马克思主义 毛泽东(48.64)；中国马克思主义 概念界定(47.5)；中国马克思主义 历史使命(47.5)；中国马克思主义 学术史 研究(46.54)；中国马克思主义 学术史 起步(46.54),1982_中国马克思主义_毛泽东.md；1629_中国马克思主义_概念界定.md；1818_中国马克思主义_历史使命.md；0915_中国马克思主义_学术史_研究.md；0917_中国马克思主义_学术史_起步.md,,中国马克思主义、马克思主义者,中国马克思主义学术史纲；中国马克思主义哲学教科书编写之起步、发展与演化（1922—1949）；中国马克思主义：概念界定与历史使命_王庆丰,49；3；11,是,可按主题页优先检索,先查主题页《马克思恩格斯经典文本与哲学关系》，再在 T3/T10 中检索：中国马克思主义|马克思主义者,否
1789,唯物辩证法论战 马克思主义哲学 哲学大众化,1789_唯物辩证法论战_马克思主义哲学_哲学大众化.md,3,68.84,论战与思想运动,思想论战与文化批判,论战与思想运动/思想论战与文化批判.md,高,100.0,命中主题路由词：张东荪|动的逻辑|唯物辩证法论战|叶青,唯物辩证法论战 马克思主义哲学(89.12)；马克思主义哲学 哲学大众化(74.71)；马克思主义哲学 哲学大众化 大众哲学(73.16)；马克思主义哲学 哲学大众化 艾思奇(72.5)；马克思主义哲学 哲学大众化 延安时期(71.9),1426_唯物辩证法论战_马克思主义哲学.md；1813_马克思主义哲学_哲学大众化.md；1791_马克思主义哲学_哲学大众化_大众哲学.md；1798_马克思主义哲学_哲学大众化_艾思奇.md；1792_马克思主义哲学_哲学大众化_延安时期.md,,唯物辩证法论战、马克思主义哲学、哲学大众化,从唯物辩证法论战到马克思主义哲学大众化——对艾思奇《大众哲学》的解读_李维武；“新哲学”大众化运动研究；马克思主义哲学中国化与中国哲学的现代转型,1；173；685,是,可按主题页优先检索,先查主题页《思想论战与文化批判》，再在 T3/T10 中检索：唯物辩证法论战|马克思主义哲学|哲学大众化,否
1790,意识形态 马克思,1790_意识形态_马克思.md,3,47.91,理论方法,马克思恩格斯经典文本与哲学关系,理论方法/马克思恩格斯经典文本与哲学关系.md,高,100.0,命中主题路由词：马恩|马克思|恩格斯|黑格尔法哲学|德意志意识形态|共产党宣言|反杜林论|自然辩证法|哥达纲领,儒学 意识形态(29.38)；意识 意识形态 历史(28.33)；经济基础 上层建筑 意识形态(25.36)；马克思 列宁(21.25)；中国文化 马克思(20.0),1765_儒学_意识形态.md；1089_意识_意识形态_历史.md；1681_经济基础_上层建筑_意识形态.md；1843_马克思_列宁.md；1736_中国文化_马克思.md,,意识形态、马克思,"马克思主义哲学史教程；马克思主义哲学的中国化及其历程 (曾乐山著, 曾乐山著, 曾乐山)；马克思主义哲学在中国传播与发展的百年历史(上) (胡为雄)",762；192；24,是,可按主题页优先检索,先查主题页《马克思恩格斯经典文本与哲学关系》，再在 T3/T10 中检索：意识形态|马克思,否
1791,马克思主义哲学 哲学大众化 大众哲学,1791_马克思主义哲学_哲学大众化_大众哲学.md,3,84.4,新哲学大众化,艾思奇与大众哲学,新哲学大众化/艾思奇与大众哲学.md,高,100.0,命中主题路由词：大众哲学|艾思奇,马克思主义哲学 哲学大众化(80.83)；马克思主义哲学 哲学大众化 艾思奇(76.67)；马克思主义哲学 哲学大众化 延安时期(75.62)；大众哲学 马克思主义哲学 大众化(74.23)；唯物辩证法论战 马克思主义哲学 哲学大众化(73.16),1813_马克思主义哲学_哲学大众化.md；1798_马克思主义哲学_哲学大众化_艾思奇.md；1792_马克思主义哲学_哲学大众化_延安时期.md；0360_大众哲学_马克思主义哲学_大众化.md；1789_唯物辩证法论战_马克思主义哲学_哲学大众化.md,,大众哲学、马克思主义哲学、哲学大众化,《大众哲学》_马克思主义哲学大众化的经典范本_张立波；“和生活打成一片”——艾思奇是怎样进行马克思主义哲学大众化的_李勰；延安时期知识分子群体与马克思主义哲学大众化郭 - 2015 -,3；2；6,是,可按主题页优先检索,先查主题页《艾思奇与大众哲学》，再在 T3/T10 中检索：马克思主义哲学|哲学大众化|大众哲学,否
1792,马克思主义哲学 哲学大众化 延安时期,1792_马克思主义哲学_哲学大众化_延安时期.md,3,86.12,新哲学大众化,新哲学大众化运动,新哲学大众化/新哲学大众化运动.md,高,100.0,命中主题路由词：哲学大众化|新哲学运动|延安知识分子,马克思主义哲学 哲学大众化(77.86)；马克思主义哲学 哲学大众化 大众哲学(75.62)；马克思主义哲学 哲学大众化 艾思奇(74.71)；唯物辩证法论战 马克思主义哲学 哲学大众化(71.9)；延安时期 马克思主义哲学 创作 宣讲(66.84),1813_马克思主义哲学_哲学大众化.md；1791_马克思主义哲学_哲学大众化_大众哲学.md；1798_马克思主义哲学_哲学大众化_艾思奇.md；1789_唯物辩证法论战_马克思主义哲学_哲学大众化.md；1206_延安时期_马克思主义哲学_创作_宣讲.md,,延安时期、马克思主义哲学、哲学大众化,延安时期知识分子群体与马克思主义哲学大众化郭 - 2015 -；“和生活打成一片”——艾思奇是怎样进行马克思主义哲学大众化的_李勰；马克思主义哲学大众化的当代思考_郭建宁,87；2；1,是,可按主题页优先检索,先查主题页《新哲学大众化运动》，再在 T3/T10 中检索：马克思主义哲学|哲学大众化|延安时期,否
1793,马克思主义哲学中国化 实践论 矛盾论,1793_马克思主义哲学中国化_实践论_矛盾论.md,3,80.1,理论方法,马克思恩格斯经典文本与哲学关系,理论方法/马克思恩格斯经典文本与哲学关系.md,高,100.0,命中主题路由词：马恩|马克思|恩格斯|黑格尔法哲学|德意志意识形态|共产党宣言|反杜林论|自然辩证法|哥达纲领,实践论 矛盾论 马克思主义哲学中国化 启示(89.44)；马克思主义哲学中国化 不足(53.24)；李达 马克思主义哲学中国化(53.24)；马克思主义哲学中国化 走向(53.24)；毛泽东 马克思主义哲学中国化(52.5),0629_实践论_矛盾论_马克思主义哲学中国化_启示.md；1432_马克思主义哲学中国化_不足.md；1751_李达_马克思主义哲学中国化.md；1816_马克思主义哲学中国化_走向.md；1748_毛泽东_马克思主义哲学中国化.md,,实践论、马克思主义哲学中国化、矛盾论,《实践论》和《矛盾论》对马克思主义哲学中国化的启示_许全兴；二十世纪上半叶马克思主义哲学中国化之检视_王玉平；马克思主义哲学中国化理论与历史,7；160；508,是,可按主题页优先检索,先查主题页《马克思恩格斯经典文本与哲学关系》，再在 T3/T10 中检索：马克思主义哲学中国化|实践论|矛盾论,否
1794,中华优秀传统文化 基本原理 马克思,1794_中华优秀传统文化_基本原理_马克思.md,3,77.25,理论方法,马克思恩格斯经典文本与哲学关系,理论方法/马克思恩格斯经典文本与哲学关系.md,高,100.0,命中主题路由词：马恩|马克思|恩格斯|黑格尔法哲学|德意志意识形态|共产党宣言|反杜林论|自然辩证法|哥达纲领,中华优秀传统文化 创造性转化(49.21)；中华优秀传统文化 第二个结合(49.21)；中华优秀传统文化 革命文化 社会主义先进文化(47.29)；马克思主义 基本原理 中国实际 结合(25.43)；瞿秋白 历史唯物论 基本原理(23.41),0747_中华优秀传统文化_创造性转化.md；1628_中华优秀传统文化_第二个结合.md；0749_中华优秀传统文化_革命文化_社会主义先进文化.md；1106_马克思主义_基本原理_中国实际_结合.md；0313_瞿秋白_历史唯物论_基本原理.md,,马克思、中华优秀传统文化、基本原理,坚持马克思主义基本原理同中华优秀传统文化相结合须廓清的几种错误倾向_冯冉；马克思主义基本原理同中华优秀传统文化相结合学理探析_田鹏颖；从“决裂论”到“土壤论”——新启蒙运动对马克思主义与中国传统文化关系的认识深化_崔海亮,3；8；1,是,可按主题页优先检索,先查主题页《马克思恩格斯经典文本与哲学关系》，再在 T3/T10 中检索：中华优秀传统文化|基本原理|马克思,否
1795,中国传统文化 新启蒙运动 认识深化,1795_中国传统文化_新启蒙运动_认识深化.md,3,82.45,论战与思想运动,新启蒙运动,论战与思想运动/新启蒙运动.md,高,100.0,命中主题路由词：新启蒙|继承五四|扬弃五四,陈独秀 中国传统文化 批判(36.58)；中国传统文化 决裂论 土壤论(36.25)；中国传统文化 马克思主义 结合(35.95)；马克思主义 中国传统文化 关系(35.95)；新启蒙运动 现代中国新文化(32.89),0761_陈独秀_中国传统文化_批判.md；1627_中国传统文化_决裂论_土壤论.md；0756_中国传统文化_马克思主义_结合.md；0764_马克思主义_中国传统文化_关系.md；0381_新启蒙运动_现代中国新文化.md,,新启蒙运动、中国传统文化、认识深化,从“决裂论”到“土壤论”——新启蒙运动对马克思主义与中国传统文化关系的认识深化_崔海亮；抗日救亡运动中的文化新声——“新启蒙运动”与中国左翼知识界的文化抗战_王锐；新启蒙运动与新民主主义文化思想的形成_卢毅,3；2；4,是,可按主题页优先检索,先查主题页《新启蒙运动》，再在 T3/T10 中检索：中国传统文化|新启蒙运动|认识深化,否
1796,马克思主义中国化 中国知识界 论争,1796_马克思主义中国化_中国知识界_论争.md,3,77.25,理论方法,马克思恩格斯经典文本与哲学关系,理论方法/马克思恩格斯经典文本与哲学关系.md,高,100.0,命中主题路由词：马恩|马克思|恩格斯|黑格尔法哲学|德意志意识形态|共产党宣言|反杜林论|自然辩证法|哥达纲领,马克思主义中国化 中国现代性(52.5)；马克思主义中国化 前瞻(51.67)；起源 马克思主义中国化(51.67)；马克思主义中国化 思潮(51.67)；马克思主义中国化 重建(51.67),1624_马克思主义中国化_中国现代性.md；1180_马克思主义中国化_前瞻.md；1761_起源_马克思主义中国化.md；1827_马克思主义中国化_思潮.md；1828_马克思主义中国化_重建.md,,论争、马克思主义中国化、中国知识界,中国知识界关于“马克思主义中国化”的论争——以20世纪30-40年代为中心_张安；马克思主义中国化史·第1卷，1919_1949 by 丁俊萍 (z-lib.org)；马克思主义中国化探论,3；121；217,是,可按主题页优先检索,先查主题页《马克思恩格斯经典文本与哲学关系》，再在 T3/T10 中检索：马克思主义中国化|中国知识界|论争,否
1797,马克思主义哲学 中国传统哲学 形态,1797_马克思主义哲学_中国传统哲学_形态.md,3,75.77,理论方法,马克思恩格斯经典文本与哲学关系,理论方法/马克思恩格斯经典文本与哲学关系.md,高,100.0,命中主题路由词：马恩|马克思|恩格斯|黑格尔法哲学|德意志意识形态|共产党宣言|反杜林论|自然辩证法|哥达纲领,马克思主义哲学 中国传统哲学 结合(83.33)；马克思主义哲学 传播 应用 形态 前景(53.75)；马克思主义哲学 中国哲学(49.29)；马克思主义哲学 中国传播 源头(49.06)；马克思主义哲学 中国哲学传统 结合(48.24),1417_马克思主义哲学_中国传统哲学_结合.md；0045_马克思主义哲学_传播_应用_形态_前景.md；1823_马克思主义哲学_中国哲学.md；0047_马克思主义哲学_中国传播_源头.md；0726_马克思主义哲学_中国哲学传统_结合.md,,形态、马克思主义哲学、中国传统哲学,"20世纪30年代~40年代马克思主义哲学与中国传统哲学结合的形态_李维武；马克思主义哲学在中国：传播 应用 形态 前景 (徐素华著, 徐素华著, 徐素华, 徐素華)；马克思主义哲学中国化与中国哲学的现代转型",4；441；361,是,可按主题页优先检索,先查主题页《马克思恩格斯经典文本与哲学关系》，再在 T3/T10 中检索：马克思主义哲学|中国传统哲学|形态,否
1798,马克思主义哲学 哲学大众化 艾思奇,1798_马克思主义哲学_哲学大众化_艾思奇.md,3,80.25,新哲学大众化,艾思奇与大众哲学,新哲学大众化/艾思奇与大众哲学.md,高,100.0,命中主题路由词：大众哲学|艾思奇,马克思主义哲学 哲学大众化(79.23)；马克思主义哲学 哲学大众化 大众哲学(76.67)；马克思主义哲学 哲学大众化 延安时期(74.71)；唯物辩证法论战 马克思主义哲学 哲学大众化(72.5)；艾思奇 马克思主义哲学 大众化(69.64),1813_马克思主义哲学_哲学大众化.md；1791_马克思主义哲学_哲学大众化_大众哲学.md；1792_马克思主义哲学_哲学大众化_延安时期.md；1789_唯物辩证法论战_马克思主义哲学_哲学大众化.md；0358_艾思奇_马克思主义哲学_大众化.md,,艾思奇、马克思主义哲学、哲学大众化,“和生活打成一片”——艾思奇是怎样进行马克思主义哲学大众化的_李勰；延安时期知识分子群体与马克思主义哲学大众化郭 - 2015 -；《大众哲学》_马克思主义哲学大众化的经典范本_张立波,2；139；10,是,可按主题页优先检索,先查主题页《艾思奇与大众哲学》，再在 T3/T10 中检索：马克思主义哲学|哲学大众化|艾思奇,否
1799,马克思主义哲学中国化 艾思奇 构想,1799_马克思主义哲学中国化_艾思奇_构想.md,3,77.75,新哲学大众化,艾思奇与大众哲学,新哲学大众化/艾思奇与大众哲学.md,高,100.0,命中主题路由词：大众哲学|艾思奇,马克思主义哲学中国化 不足(54.06)；李达 马克思主义哲学中国化(54.06)；马克思主义哲学中国化 走向(54.06)；毛泽东 马克思主义哲学中国化(53.24)；马克思主义哲学中国化 现实性(53.24),1432_马克思主义哲学中国化_不足.md；1751_李达_马克思主义哲学中国化.md；1816_马克思主义哲学中国化_走向.md；1748_毛泽东_马克思主义哲学中国化.md；1805_马克思主义哲学中国化_现实性.md,,艾思奇、马克思主义哲学中国化、构想,艾思奇关于马克思主义哲学中国化的“系统构想”_罗永剑；马克思主义哲学中国化理论与历史；二十世纪上半叶马克思主义哲学中国化之检视_王玉平,3；344；110,是,可按主题页优先检索,先查主题页《艾思奇与大众哲学》，再在 T3/T10 中检索：马克思主义哲学中国化|艾思奇|构想,否
1800,历史唯物主义 辩证唯物主义 列宁,1800_历史唯物主义_辩证唯物主义_列宁.md,3,74.42,苏联哲学,列宁哲学与社会主义实践,苏联哲学/列宁哲学与社会主义实践.md,高,100.0,命中主题路由词：列宁|马赫主义|新经济政策,历史唯物主义 辩证唯物主义(80.0)；辩证唯物主义 历史唯物主义 斯大林(72.5)；斯大林 辩证唯物主义 历史唯物主义(72.5)；辩证唯物主义 历史唯物主义 教科书(72.5)；辩证唯物主义 历史唯物主义 教科书体系(70.94),1707_历史唯物主义_辩证唯物主义.md；0787_辩证唯物主义_历史唯物主义_斯大林.md；0899_斯大林_辩证唯物主义_历史唯物主义.md；0933_辩证唯物主义_历史唯物主义_教科书.md；1637_辩证唯物主义_历史唯物主义_教科书体系.md,,列宁、历史唯物主义、辩证唯物主义,列宁专题文集·论辩证唯物主义和历史唯物主义；列宁专题文集·论马克思主义；列宁选集第二卷_2012,9；368；11,是,可按主题页优先检索,先查主题页《列宁哲学与社会主义实践》，再在 T3/T10 中检索：历史唯物主义|辩证唯物主义|列宁,否
1801,新启蒙运动 新民主主义 文化思想,1801_新启蒙运动_新民主主义_文化思想.md,3,80.3,论战与思想运动,新启蒙运动,论战与思想运动/新启蒙运动.md,高,100.0,命中主题路由词：新启蒙|继承五四|扬弃五四,新启蒙运动 爱国主义 文化思想(59.06)；新启蒙运动 自由主义 文化思想(59.06)；文化运动 新启蒙运动(35.71)；新启蒙运动 文化抗战(32.81)；张申府 新启蒙运动 民主(32.35),0378_新启蒙运动_爱国主义_文化思想.md；0379_新启蒙运动_自由主义_文化思想.md；1744_文化运动_新启蒙运动.md；1616_新启蒙运动_文化抗战.md；1614_张申府_新启蒙运动_民主.md,,新启蒙运动、新民主主义、文化思想,新启蒙运动与新民主主义文化思想的形成_卢毅；从“决裂论”到“土壤论”——新启蒙运动对马克思主义与中国传统文化关系的认识深化_崔海亮；继承五四和扬弃五四,4；8；142,是,可按主题页优先检索,先查主题页《新启蒙运动》，再在 T3/T10 中检索：新启蒙运动|新民主主义|文化思想,否
1802,马克思主义中国化 历史进程 经验,1802_马克思主义中国化_历史进程_经验.md,3,76.62,理论方法,马克思恩格斯经典文本与哲学关系,理论方法/马克思恩格斯经典文本与哲学关系.md,高,100.0,命中主题路由词：马恩|马克思|恩格斯|黑格尔法哲学|德意志意识形态|共产党宣言|反杜林论|自然辩证法|哥达纲领,马克思主义中国化 历史进程 曲折复杂(76.18)；马克思主义中国化 历史性飞跃(54.06)；马克思主义中国化 前瞻(51.67)；起源 马克思主义中国化(51.67)；马克思主义中国化 思潮(51.67),1151_马克思主义中国化_历史进程_曲折复杂.md；1179_马克思主义中国化_历史性飞跃.md；1180_马克思主义中国化_前瞻.md；1761_起源_马克思主义中国化.md；1827_马克思主义中国化_思潮.md,,经验、马克思主义中国化、历史进程,马克思主义中国化的历史进程；马克思主义中国化的历史进程和基本经验研究_石仲泉；马克思主义中国化探论,420；6；11,是,可按主题页优先检索,先查主题页《马克思恩格斯经典文本与哲学关系》，再在 T3/T10 中检索：马克思主义中国化|历史进程|经验,否
1803,中国共产党人 新民主主义 确立,1803_中国共产党人_新民主主义_确立.md,3,81.75,中国化,新民主主义革命理论与马克思主义中国化,中国化/新民主主义革命理论与马克思主义中国化.md,高,100.0,命中主题路由词：三民主义|中国之命运|新民主主义,中国共产党人 传播马克思主义 活动(37.5)；中国共产党人 马克思主义者 身份 文化问题(36.52)；新民主主义 话语权(31.67)；新民主主义 构想 实践(31.25)；新民主主义 社会主义 关系(30.88),0102_中国共产党人_传播马克思主义_活动.md；1245_中国共产党人_马克思主义者_身份_文化问题.md；1649_新民主主义_话语权.md；0525_新民主主义_构想_实践.md；0527_新民主主义_社会主义_关系.md,,新民主主义、中国共产党人、确立,"1940年代中国共产党人的思想批判和新民主主义话语权的确立_陈先初；马克思主义中国化史·第1卷，1919_1949 by 丁俊萍 (z-lib.org)；马克思主义哲学在中国：传播 应用 形态 前景 (徐素华著, 徐素华著, 徐素华, 徐素華)",2；17；412,是,可按主题页优先检索,先查主题页《新民主主义革命理论与马克思主义中国化》，再在 T3/T10 中检索：中国共产党人|新民主主义|确立,否
1804,马克思主义中国化 毛泽东 提法,1804_马克思主义中国化_毛泽东_提法.md,3,74.47,理论方法,马克思恩格斯经典文本与哲学关系,理论方法/马克思恩格斯经典文本与哲学关系.md,高,100.0,命中主题路由词：马恩|马克思|恩格斯|黑格尔法哲学|德意志意识形态|共产党宣言|反杜林论|自然辩证法|哥达纲领,毛泽东 马克思主义中国化 开拓者(69.06)；马克思主义中国化 提法 具体化(62.5)；马克思主义中国化 前瞻(52.5)；起源 马克思主义中国化(52.5)；马克思主义中国化 思潮(52.5),0500_毛泽东_马克思主义中国化_开拓者.md；1620_马克思主义中国化_提法_具体化.md；1180_马克思主义中国化_前瞻.md；1761_起源_马克思主义中国化.md；1827_马克思主义中国化_思潮.md,,毛泽东、马克思主义中国化、提法,毛泽东终生都在坚持“马克思主义中国化”提法吗？；马克思主义中国化的历史进程；马克思主义中国化探论,2；416；99,是,可按主题页优先检索,先查主题页《马克思恩格斯经典文本与哲学关系》，再在 T3/T10 中检索：马克思主义中国化|毛泽东|提法,否
1805,马克思主义哲学中国化 现实性,1805_马克思主义哲学中国化_现实性.md,3,55.56,理论方法,马克思恩格斯经典文本与哲学关系,理论方法/马克思恩格斯经典文本与哲学关系.md,高,100.0,命中主题路由词：马恩|马克思|恩格斯|黑格尔法哲学|德意志意识形态|共产党宣言|反杜林论|自然辩证法|哥达纲领,马克思主义哲学中国化 不足(56.07)；李达 马克思主义哲学中国化(56.07)；马克思主义哲学中国化 走向(56.07)；毛泽东 马克思主义哲学中国化(55.0)；马克思主义哲学中国化 中国哲学传统(54.06),1432_马克思主义哲学中国化_不足.md；1751_李达_马克思主义哲学中国化.md；1816_马克思主义哲学中国化_走向.md；1748_毛泽东_马克思主义哲学中国化.md；0725_马克思主义哲学中国化_中国哲学传统.md,,马克思主义哲学中国化、现实性,马克思主义哲学中国化：从现实性到理想性；二十世纪上半叶马克思主义哲学中国化之检视_王玉平；马克思主义哲学中国化与中国哲学的现代转型,1；35；314,是,可按主题页优先检索,先查主题页《马克思恩格斯经典文本与哲学关系》，再在 T3/T10 中检索：马克思主义哲学中国化|现实性,否
1806,思维方式 毛泽东哲学,1806_思维方式_毛泽东哲学.md,3,48.04,中国化,毛泽东哲学与中国革命经验,中国化/毛泽东哲学与中国革命经验.md,高,100.0,命中主题路由词：毛泽东|抗日战争.*哲学,毛泽东哲学 中国现代哲学(32.69)；实践论 矛盾论 毛泽东哲学(32.14)；辩证法唯物论 毛泽东哲学(32.14)；毛泽东哲学 中国哲学现代传统(31.67)；毛泽东哲学 马克思主义哲学中国化(30.88),0628_毛泽东哲学_中国现代哲学.md；0543_实践论_矛盾论_毛泽东哲学.md；1821_辩证法唯物论_毛泽东哲学.md；0572_毛泽东哲学_中国哲学现代传统.md；1893_毛泽东哲学_马克思主义哲学中国化.md,,思维方式、毛泽东哲学,"二十世纪上半叶马克思主义哲学中国化之检视_王玉平；马克思主义哲学在中国：传播 应用 形态 前景 (徐素华著, 徐素华著, 徐素华, 徐素華)；马克思主义哲学中国化理论与历史",128；310；468,是,可按主题页优先检索,先查主题页《毛泽东哲学与中国革命经验》，再在 T3/T10 中检索：思维方式|毛泽东哲学,否
1807,农民 无产阶级,1807_农民_无产阶级.md,3,46.08,理论方法,阶级斗争与社会革命理论,理论方法/阶级斗争与社会革命理论.md,中,80.41,与既有主题相近：无产阶级 民主革命 领导权；国家 革命 无产阶级专政；无产阶级专政 历史经验 认识,无产阶级 资产阶级(30.71)；俄国 无产阶级(30.71)；无产阶级 法国(30.71)；无产阶级 列宁(30.71)；无产阶级 马克思(29.38),1705_无产阶级_资产阶级.md；1712_俄国_无产阶级.md；1764_无产阶级_法国.md；1839_无产阶级_列宁.md；1781_无产阶级_马克思.md,,农民、无产阶级,列宁专题文集·论无产阶级政党；马克思主义中国化的历史进程；马克思主义中国化史·第1卷，1919_1949 by 丁俊萍 (z-lib.org),194；51；323,是,可按主题页优先检索,先查主题页《阶级斗争与社会革命理论》，再在 T3/T10 中检索：农民|无产阶级,否
1808,主要矛盾 大众哲学 矛盾理论,1808_主要矛盾_大众哲学_矛盾理论.md,3,78.6,新哲学大众化,艾思奇与大众哲学,新哲学大众化/艾思奇与大众哲学.md,高,100.0,命中主题路由词：大众哲学|艾思奇,大众哲学 主要矛盾(53.64)；大众哲学(27.5)；大众哲学 新哲学(26.25)；大众哲学 艾思奇(25.77)；现象 本质 大众哲学(25.36),1633_大众哲学_主要矛盾.md；1849_大众哲学.md；1773_大众哲学_新哲学.md；1769_大众哲学_艾思奇.md；0399_现象_本质_大众哲学.md,,主要矛盾、大众哲学、矛盾理论,《矛盾论》的主要矛盾理论与《大众哲学》无关及其他；百年中国哲学革命 (许全兴著)；“新哲学”大众化运动研究,4；318；230,是,可按主题页优先检索,先查主题页《艾思奇与大众哲学》，再在 T3/T10 中检索：主要矛盾|大众哲学|矛盾理论,否
1809,历史唯物论 辩证唯物论 米丁,1809_历史唯物论_辩证唯物论_米丁.md,3,73.16,苏联哲学,苏联哲学对中国马克思主义哲学的影响,苏联哲学/苏联哲学对中国马克思主义哲学的影响.md,高,100.0,命中主题路由词：苏联|一五计划|米丁,辩证唯物论 历史唯物论 传播体系(60.71)；辩证唯物论 分歧 争论(32.69)；李达 辩证唯物论 系统传播(31.67)；俄国 辩证唯物论 思想 介绍(31.67)；瞿秋白 历史唯物论 基本原理(31.25),0057_辩证唯物论_历史唯物论_传播体系.md；1033_辩证唯物论_分歧_争论.md；0342_李达_辩证唯物论_系统传播.md；0909_俄国_辩证唯物论_思想_介绍.md；0313_瞿秋白_历史唯物论_基本原理.md,,米丁、历史唯物论、辩证唯物论,"米丁-辩证唯物论与历史唯物论-上-rightToLeft；米丁-辩证唯物论历史唯物论下-rightToLeft；马克思主义哲学在中国：传播 应用 形态 前景 (徐素华著, 徐素华著, 徐素华, 徐素華)",5；426；78,是,可按主题页优先检索,先查主题页《苏联哲学对中国马克思主义哲学的影响》，再在 T3/T10 中检索：历史唯物论|辩证唯物论|米丁,否
1810,马克思主义中国化 列宁主义,1810_马克思主义中国化_列宁主义.md,3,56.92,苏联哲学,列宁哲学与社会主义实践,苏联哲学/列宁哲学与社会主义实践.md,高,100.0,命中主题路由词：列宁|马赫主义|新经济政策,马克思主义中国化 前瞻(54.58)；起源 马克思主义中国化(54.58)；马克思主义中国化 思潮(54.58)；马克思主义中国化 重建(54.58)；中国化思潮 马克思主义中国化(53.46),1180_马克思主义中国化_前瞻.md；1761_起源_马克思主义中国化.md；1827_马克思主义中国化_思潮.md；1828_马克思主义中国化_重建.md；1618_中国化思潮_马克思主义中国化.md,,马克思主义中国化、列宁主义,列宁主义早期传播与马克思主义中国化研究_曾银慧；马克思主义中国化史·第1卷，1919_1949 by 丁俊萍 (z-lib.org)；“马克思主义中国化”研究五题,1；415,是,可按主题页优先检索,先查主题页《列宁哲学与社会主义实践》，再在 T3/T10 中检索：马克思主义中国化|列宁主义,否
1811,马克思主义中国化 思潮 抗战,1811_马克思主义中国化_思潮_抗战.md,3,81.2,理论方法,马克思恩格斯经典文本与哲学关系,理论方法/马克思恩格斯经典文本与哲学关系.md,高,100.0,命中主题路由词：马恩|马克思|恩格斯|黑格尔法哲学|德意志意识形态|共产党宣言|反杜林论|自然辩证法|哥达纲领,马克思主义中国化 思潮(70.45)；马克思主义中国化 思潮 起源(67.31)；中国化思潮 马克思主义中国化(58.75)；马克思主义中国化 前瞻(53.46)；起源 马克思主义中国化(53.46),1827_马克思主义中国化_思潮.md；1812_马克思主义中国化_思潮_起源.md；1618_中国化思潮_马克思主义中国化.md；1180_马克思主义中国化_前瞻.md；1761_起源_马克思主义中国化.md,,抗战、马克思主义中国化、思潮,抗战时期的“中国化”思潮与马克思主义中国化_张立慧；“中国化”思潮与马克思主义中国化思想的互动研究——以20世纪20—40年代为考察范围_王朝庆；马克思主义中国化的历史进程,2；6；421,是,可按主题页优先检索,先查主题页《马克思恩格斯经典文本与哲学关系》，再在 T3/T10 中检索：马克思主义中国化|思潮|抗战,否
1812,马克思主义中国化 思潮 起源,1812_马克思主义中国化_思潮_起源.md,3,73.6,理论方法,马克思恩格斯经典文本与哲学关系,理论方法/马克思恩格斯经典文本与哲学关系.md,高,100.0,命中主题路由词：马恩|马克思|恩格斯|黑格尔法哲学|德意志意识形态|共产党宣言|反杜林论|自然辩证法|哥达纲领,马克思主义中国化 思潮(70.45)；马克思主义中国化 思潮 抗战(67.31)；起源 马克思主义中国化(66.67)；中国化思潮 马克思主义中国化(58.75)；马克思主义中国化 起源语境(54.29),1827_马克思主义中国化_思潮.md；1811_马克思主义中国化_思潮_抗战.md；1761_起源_马克思主义中国化.md；1618_中国化思潮_马克思主义中国化.md；1619_马克思主义中国化_起源语境.md,,思潮、马克思主义中国化、起源,20世纪上半叶“中国化”思潮与“马克思主义中国化”起源研究述评_赵铁锁；马克思主义中国化的起源语境；马克思主义中国化的历史进程,5；2；421,是,可按主题页优先检索,先查主题页《马克思恩格斯经典文本与哲学关系》，再在 T3/T10 中检索：马克思主义中国化|思潮|起源,否
1813,马克思主义哲学 哲学大众化,1813_马克思主义哲学_哲学大众化.md,3,57.16,新哲学大众化,新哲学大众化运动,新哲学大众化/新哲学大众化运动.md,高,100.0,命中主题路由词：哲学大众化|新哲学运动|延安知识分子,马克思主义哲学 哲学大众化 大众哲学(80.83)；马克思主义哲学 哲学大众化 艾思奇(79.23)；马克思主义哲学 哲学大众化 延安时期(77.86)；唯物辩证法论战 马克思主义哲学 哲学大众化(74.71)；大众哲学 马克思主义哲学 大众化(53.75),1791_马克思主义哲学_哲学大众化_大众哲学.md；1798_马克思主义哲学_哲学大众化_艾思奇.md；1792_马克思主义哲学_哲学大众化_延安时期.md；1789_唯物辩证法论战_马克思主义哲学_哲学大众化.md；0360_大众哲学_马克思主义哲学_大众化.md,,马克思主义哲学、哲学大众化,马克思主义哲学大众化的当代思考_郭建宁；《大众哲学》_马克思主义哲学大众化的经典范本_张立波；从唯物辩证法论战到马克思主义哲学大众化——对艾思奇《大众哲学》的解读_李维武,1；2；9,是,可按主题页优先检索,先查主题页《新哲学大众化运动》，再在 T3/T10 中检索：马克思主义哲学|哲学大众化,否
1814,马克思主义哲学 大众化 胡绳,1814_马克思主义哲学_大众化_胡绳.md,3,78.2,新哲学大众化,胡绳与马克思主义哲学通俗宣传,新哲学大众化/胡绳与马克思主义哲学通俗宣传.md,高,100.0,命中主题路由词：胡绳,大众哲学 马克思主义哲学 大众化(67.31)；艾思奇 马克思主义哲学 大众化(66.07)；马克思主义哲学 大众化 中国化(66.07)；艾思奇 马克思主义哲学 大众化 中国化(63.24)；胡绳 马克思主义哲学 通俗宣传(55.94),0360_大众哲学_马克思主义哲学_大众化.md；0358_艾思奇_马克思主义哲学_大众化.md；1200_马克思主义哲学_大众化_中国化.md；0395_艾思奇_马克思主义哲学_大众化_中国化.md；0456_胡绳_马克思主义哲学_通俗宣传.md,,胡绳、马克思主义哲学、大众化,胡绳对马克思主义哲学“大众化”的贡献；延安时期知识分子群体与马克思主义哲学大众化郭 - 2015 -；“和生活打成一片”——艾思奇是怎样进行马克思主义哲学大众化的_李勰,5；181；2,是,可按主题页优先检索,先查主题页《胡绳与马克思主义哲学通俗宣传》，再在 T3/T10 中检索：马克思主义哲学|大众化|胡绳,否
1815,马克思主义哲学 教科书 启示,1815_马克思主义哲学_教科书_启示.md,3,59.66,理论方法,马克思恩格斯经典文本与哲学关系,理论方法/马克思恩格斯经典文本与哲学关系.md,高,100.0,命中主题路由词：马恩|马克思|恩格斯|黑格尔法哲学|德意志意识形态|共产党宣言|反杜林论|自然辩证法|哥达纲领,马克思主义哲学 教科书 中国化(66.07)；马克思主义哲学 教科书形式 传播(50.0)；马克思主义哲学 教科书传播 特点(50.0)；教科书形态 马克思主义哲学(49.29)；苏联 教科书形态 马克思主义哲学(47.5),0928_马克思主义哲学_教科书_中国化.md；0096_马克思主义哲学_教科书形式_传播.md；0097_马克思主义哲学_教科书传播_特点.md；0925_教科书形态_马克思主义哲学.md；0824_苏联_教科书形态_马克思主义哲学.md,,教科书、马克思主义哲学、启示,马克思主义哲学在中国传播与发展的百年历史(下) (胡为雄)；高清海先生对马克思主义哲学...理教科书的解构及其当代启示_何萍；二十世纪上半叶马克思主义哲学中国化之检视_王玉平,140；14；155,是,可按主题页优先检索,先查主题页《马克思恩格斯经典文本与哲学关系》，再在 T3/T10 中检索：马克思主义哲学|教科书|启示,否
1816,马克思主义哲学中国化 走向,1816_马克思主义哲学中国化_走向.md,3,54.34,理论方法,马克思恩格斯经典文本与哲学关系,理论方法/马克思恩格斯经典文本与哲学关系.md,高,100.0,命中主题路由词：马恩|马克思|恩格斯|黑格尔法哲学|德意志意识形态|共产党宣言|反杜林论|自然辩证法|哥达纲领,马克思主义哲学中国化 不足(57.31)；李达 马克思主义哲学中国化(57.31)；毛泽东 马克思主义哲学中国化(56.07)；马克思主义哲学中国化 现实性(56.07)；马克思主义哲学中国化 中国哲学传统(55.0),1432_马克思主义哲学中国化_不足.md；1751_李达_马克思主义哲学中国化.md；1748_毛泽东_马克思主义哲学中国化.md；1805_马克思主义哲学中国化_现实性.md；0725_马克思主义哲学中国化_中国哲学传统.md,,马克思主义哲学中国化、走向,马克思主义哲学中国化的路径选择——从“结合论”走向“创建论”_孙伟平；马克思主义哲学中国化理论与历史；马克思主义哲学中国化与中国哲学的现代转型,1；447；316,是,可按主题页优先检索,先查主题页《马克思恩格斯经典文本与哲学关系》，再在 T3/T10 中检索：马克思主义哲学中国化|走向,否
1817,法国 社会主义,1817_法国_社会主义.md,3,46.34,理论方法,政治经济学与资本主义批判,理论方法/政治经济学与资本主义批判.md,中,157.88,与既有主题相近：资本主义 社会主义 关系；社会主义 计划 商品 市场；社会主义 资本主义 辩证关系,俄国 社会主义(36.67)；德国 社会主义(36.67)；社会主义 列宁(30.71)；观察周刊 社会主义(28.33)；社会主义 资产阶级(28.33),1758_俄国_社会主义.md；1772_德国_社会主义.md；1840_社会主义_列宁.md；1647_观察周刊_社会主义.md；1739_社会主义_资产阶级.md,,法国、社会主义,列宁专题文集·论社会主义；马恩文集第十卷（书信选编）；马克思主义哲学中国化与中国哲学的现代转型,499；922；414,是,可按主题页优先检索,先查主题页《政治经济学与资本主义批判》，再在 T3/T10 中检索：法国|社会主义,否
1818,中国马克思主义 历史使命,1818_中国马克思主义_历史使命.md,3,55.72,理论方法,马克思恩格斯经典文本与哲学关系,理论方法/马克思恩格斯经典文本与哲学关系.md,高,100.0,命中主题路由词：马恩|马克思|恩格斯|黑格尔法哲学|德意志意识形态|共产党宣言|反杜林论|自然辩证法|哥达纲领,中国马克思主义 马克思主义者(47.5)；中国马克思主义 毛泽东(46.54)；中国马克思主义 概念界定(45.71)；中国马克思主义 学术史 研究(45.0)；中国马克思主义 学术史 起步(45.0),1788_中国马克思主义_马克思主义者.md；1982_中国马克思主义_毛泽东.md；1629_中国马克思主义_概念界定.md；0915_中国马克思主义_学术史_研究.md；0917_中国马克思主义_学术史_起步.md,,中国马克思主义、历史使命,中国马克思主义：概念界定与历史使命_王庆丰；中国马克思主义学术史纲；高清海先生对马克思主义哲学...理教科书的解构及其当代启示_何萍,2；36；3,是,可按主题页优先检索,先查主题页《马克思恩格斯经典文本与哲学关系》，再在 T3/T10 中检索：中国马克思主义|历史使命,否
1819,中国马克思主义哲学 转换,1819_中国马克思主义哲学_转换.md,3,54.41,理论方法,马克思恩格斯经典文本与哲学关系,理论方法/马克思恩格斯经典文本与哲学关系.md,高,100.0,命中主题路由词：马恩|马克思|恩格斯|黑格尔法哲学|德意志意识形态|共产党宣言|反杜林论|自然辩证法|哥达纲领,中国马克思主义哲学 中国之根 问题(53.33)；中国马克思主义哲学 教科书 建构(53.33)；中国马克思主义哲学 何以是中国的哲学(52.5)；中国马克思主义哲学 文化自信 灵魂(52.5)；中国马克思主义哲学 起点 先天不足(52.5),0720_中国马克思主义哲学_中国之根_问题.md；0931_中国马克思主义哲学_教科书_建构.md；0724_中国马克思主义哲学_何以是中国的哲学.md；0753_中国马克思主义哲学_文化自信_灵魂.md；1021_中国马克思主义哲学_起点_先天不足.md,,中国马克思主义哲学、转换,中国马克思主义哲学范式转换研究析论；马克思主义哲学中国化与中国哲学的现代转型；二十世纪上半叶马克思主义哲学中国化之检视_王玉平,1；20；212,是,可按主题页优先检索,先查主题页《马克思恩格斯经典文本与哲学关系》，再在 T3/T10 中检索：中国马克思主义哲学|转换,否
1820,新启蒙运动 抗日救亡 抗战,1820_新启蒙运动_抗日救亡_抗战.md,3,79.25,论战与思想运动,新启蒙运动,论战与思想运动/新启蒙运动.md,高,100.0,命中主题路由词：新启蒙|继承五四|扬弃五四,新启蒙运动 抗日救亡(65.0)；抗战 新启蒙运动(46.36)；新启蒙运动 文化抗战(34.62)；国难 新启蒙运动(33.33)；新启蒙运动 提出(33.33),0385_新启蒙运动_抗日救亡.md；1871_抗战_新启蒙运动.md；1616_新启蒙运动_文化抗战.md；0376_国难_新启蒙运动.md；0377_新启蒙运动_提出.md,,新启蒙运动、抗日救亡、抗战,抗日救亡运动中的文化新声——“新启蒙运动”与中国左翼知识界的文化抗战_王锐；什么是新启蒙运动；新启蒙运动与新民主主义文化思想的形成_卢毅,12；181；3,是,可按主题页优先检索,先查主题页《新启蒙运动》，再在 T3/T10 中检索：新启蒙运动|抗日救亡|抗战,否
1821,辩证法唯物论 毛泽东哲学,1821_辩证法唯物论_毛泽东哲学.md,3,50.77,理论方法,辩证唯物主义体系,理论方法/辩证唯物主义体系.md,高,100.0,命中主题路由词：辩证法|唯物主义|对立统一|量变质变|否定之否定,辩证法唯物论 讲授提纲 毛泽东(41.67)；辩证法唯物论 入门 战斗性(38.33)；社会斗争 武器 辩证法唯物论(37.81)；辩证法唯物论 思想 发展情况(37.81)；辩证法唯物论 社会历史 研究(37.81),0537_辩证法唯物论_讲授提纲_毛泽东.md；1461_辩证法唯物论_入门_战斗性.md；1462_社会斗争_武器_辩证法唯物论.md；1584_辩证法唯物论_思想_发展情况.md；1596_辩证法唯物论_社会历史_研究.md,,辩证法唯物论、毛泽东哲学,二十世纪上半叶马克思主义哲学中国化之检视_王玉平；百年中国哲学革命 (许全兴著)；马克思主义哲学中国化理论与历史,155；295；460,是,可按主题页优先检索,先查主题页《辩证唯物主义体系》，再在 T3/T10 中检索：辩证法唯物论|毛泽东哲学,否
1822,马克思主义中国化 方法论,1822_马克思主义中国化_方法论.md,3,55.52,理论方法,马克思恩格斯经典文本与哲学关系,理论方法/马克思恩格斯经典文本与哲学关系.md,高,100.0,命中主题路由词：马恩|马克思|恩格斯|黑格尔法哲学|德意志意识形态|共产党宣言|反杜林论|自然辩证法|哥达纲领,马克思主义中国化 前瞻(54.58)；起源 马克思主义中国化(54.58)；马克思主义中国化 思潮(54.58)；马克思主义中国化 重建(54.58)；中国化思潮 马克思主义中国化(53.46),1180_马克思主义中国化_前瞻.md；1761_起源_马克思主义中国化.md；1827_马克思主义中国化_思潮.md；1828_马克思主义中国化_重建.md；1618_中国化思潮_马克思主义中国化.md,,马克思主义中国化、方法论,马克思主义中国化研究的历史、现状与方法论_郭建宁；马克思主义中国化史·第1卷，1919_1949 by 丁俊萍 (z-lib.org)；列宁主义早期传播与马克思主义中国化研究_曾银慧,6；4,是,可按主题页优先检索,先查主题页《马克思恩格斯经典文本与哲学关系》，再在 T3/T10 中检索：马克思主义中国化|方法论,否
1823,马克思主义哲学 中国哲学,1823_马克思主义哲学_中国哲学.md,3,55.78,理论方法,马克思恩格斯经典文本与哲学关系,理论方法/马克思恩格斯经典文本与哲学关系.md,高,100.0,命中主题路由词：马恩|马克思|恩格斯|黑格尔法哲学|德意志意识形态|共产党宣言|反杜林论|自然辩证法|哥达纲领,马克思主义哲学 中国哲学 结合(75.45)；马克思主义哲学 中国哲学传统 结合(52.31)；李达 马克思主义哲学 中国化(51.67)；马克思主义哲学 中国化 历程(51.67)；马克思主义哲学 中国化 定义(51.67),0765_马克思主义哲学_中国哲学_结合.md；0726_马克思主义哲学_中国哲学传统_结合.md；0301_李达_马克思主义哲学_中国化.md；1413_马克思主义哲学_中国化_历程.md；1414_马克思主义哲学_中国化_定义.md,,马克思主义哲学、中国哲学,马克思主义哲学中国化与中国哲学的现代转型；马克思主义哲学与中国哲学相结合的思考；百年中国哲学革命 (许全兴著),111；4；514,是,可按主题页优先检索,先查主题页《马克思恩格斯经典文本与哲学关系》，再在 T3/T10 中检索：马克思主义哲学|中国哲学,否
1824,哲学上三次大论战 提法,1824_哲学上三次大论战_提法.md,3,54.23,论战与思想运动,思想论战与文化批判,论战与思想运动/思想论战与文化批判.md,高,79.31,与既有主题相近：哲学上三次大论战 提法 批评；哲学大论战 基本态势 特点；哲学大论战 国际背景 国内根源,哲学上三次大论战 提法 批评(70.45)；马克思主义中国化 提法 具体化(11.25)；马克思主义中国化 毛泽东 提法(11.25),1488_哲学上三次大论战_提法_批评.md；1620_马克思主义中国化_提法_具体化.md；1804_马克思主义中国化_毛泽东_提法.md,,哲学上三次大论战、提法,“哲学上三次大论战”提法不宜继续使用；百年中国哲学革命 (许全兴著)；列宁选集第二卷_2012,1；217；383,是,可按主题页优先检索,先查主题页《思想论战与文化批判》，再在 T3/T10 中检索：哲学上三次大论战|提法,否
1825,民主主义 知识分子 思潮,1825_民主主义_知识分子_思潮.md,3,73.5,中国化,新民主主义革命理论与马克思主义中国化,中国化/新民主主义革命理论与马克思主义中国化.md,低,59.53,与既有主题相近：新民主主义论 再评价；新民主主义理论 成熟；新民主主义 构想 实践,知识分子 社会主义 观察(27.14)；知识分子 马克思主义大众化(26.25)；知识分子 思想改造 唯物论批判(25.88)；延安时期 知识分子(25.77)；民主主义 政治改革 五四(25.0),1826_知识分子_社会主义_观察.md；1701_知识分子_马克思主义大众化.md；1038_知识分子_思想改造_唯物论批判.md；1704_延安时期_知识分子.md；0167_民主主义_政治改革_五四.md,,知识分子、民主主义、思潮,在自由与公道之间——1940年代自由知识分子的社会民主主义思潮_陈永忠；延安时期知识分子群体与马克思主义哲学大众化郭 - 2015 -；1940年代中国共产党人的思想批判和新民主主义话语权的确立_陈先初,2；78；8,是,先核验原卡片再使用,先查主题页《新民主主义革命理论与马克思主义中国化》，再在 T3/T10 中检索：民主主义|知识分子|思潮,否
1826,知识分子 社会主义 观察,1826_知识分子_社会主义_观察.md,3,56.96,理论方法,政治经济学与资本主义批判,理论方法/政治经济学与资本主义批判.md,中,148.28,与既有主题相近：资本主义 社会主义 关系；社会主义 计划 商品 市场；社会主义 资本主义 辩证关系,观察周刊 社会主义(28.33)；民主主义 知识分子 思潮(27.14)；俄国 社会主义(26.82)；德国 社会主义(26.82)；法国 社会主义(26.82),1647_观察周刊_社会主义.md；1825_民主主义_知识分子_思潮.md；1758_俄国_社会主义.md；1772_德国_社会主义.md；1817_法国_社会主义.md,,知识分子、社会主义、观察,列宁专题文集·论社会主义；20世纪40年代自由知识分子对社会主义的解读——以《观察》周刊为中心_郑瑞峰；在自由与公道之间——1940年代自由知识分子的社会民主主义思潮_陈永忠,211；1；3,是,可按主题页优先检索,先查主题页《政治经济学与资本主义批判》，再在 T3/T10 中检索：知识分子|社会主义|观察,否
1827,马克思主义中国化 思潮,1827_马克思主义中国化_思潮.md,3,54.27,理论方法,马克思恩格斯经典文本与哲学关系,理论方法/马克思恩格斯经典文本与哲学关系.md,高,100.0,命中主题路由词：马恩|马克思|恩格斯|黑格尔法哲学|德意志意识形态|共产党宣言|反杜林论|自然辩证法|哥达纲领,马克思主义中国化 思潮 抗战(70.45)；马克思主义中国化 思潮 起源(70.45)；中国化思潮 马克思主义中国化(62.5)；马克思主义中国化 前瞻(55.91)；起源 马克思主义中国化(55.91),1811_马克思主义中国化_思潮_抗战.md；1812_马克思主义中国化_思潮_起源.md；1618_中国化思潮_马克思主义中国化.md；1180_马克思主义中国化_前瞻.md；1761_起源_马克思主义中国化.md,,马克思主义中国化、思潮,20世纪上半叶“中国化”思潮与“马克思主义中国化”起源研究述评_赵铁锁；“中国化”思潮与马克思主义中国化思想的互动研究——以20世纪20—40年代为考察范围_王朝庆；抗战时期的“中国化”思潮与马克思主义中国化_张立慧,2；3；1,是,可按主题页优先检索,先查主题页《马克思恩格斯经典文本与哲学关系》，再在 T3/T10 中检索：马克思主义中国化|思潮,否
1828,马克思主义中国化 重建,1828_马克思主义中国化_重建.md,3,53.78,理论方法,马克思恩格斯经典文本与哲学关系,理论方法/马克思恩格斯经典文本与哲学关系.md,高,100.0,命中主题路由词：马恩|马克思|恩格斯|黑格尔法哲学|德意志意识形态|共产党宣言|反杜林论|自然辩证法|哥达纲领,马克思主义中国化 前瞻(55.91)；起源 马克思主义中国化(55.91)；马克思主义中国化 思潮(55.91)；中国化思潮 马克思主义中国化(54.58)；马克思主义中国化 列宁主义(54.58),1180_马克思主义中国化_前瞻.md；1761_起源_马克思主义中国化.md；1827_马克思主义中国化_思潮.md；1618_中国化思潮_马克思主义中国化.md；1810_马克思主义中国化_列宁主义.md,,马克思主义中国化、重建,马克思主义中国化的深度思考（四篇）——文化契合、文化融合与文化重建——马克思主义中国化的文化意蕴；抗战时期的“中国化”思潮与马克思主义中国化_张立慧；马克思主义中国化的起源语境,3；124,是,可按主题页优先检索,先查主题页《马克思恩格斯经典文本与哲学关系》，再在 T3/T10 中检索：马克思主义中国化|重建,否
1829,中国共产党 前进 成立,1829_中国共产党_前进_成立.md,3,75.03,中国化,中国革命道路与党的思想建设,中国化/中国革命道路与党的思想建设.md,中,127.97,与既有主题相近：中国共产党 党史 研究；以俄为师 心理 中国共产党；统一战线思想 运用 中国共产党,中国共产党 成立 意义(46.36)；中国共产党 成立 马克思主义 工人运动(41.94)；中国共产党 党史 研究(33.33)；中国共产党 成立初期 宣传组织工作(32.35)；以俄为师 心理 中国共产党(32.14),1129_中国共产党_成立_意义.md；1113_中国共产党_成立_马克思主义_工人运动.md；1482_中国共产党_党史_研究.md；1130_中国共产党_成立初期_宣传组织工作.md；1156_以俄为师_心理_中国共产党.md,,中国共产党、前进、成立,我們繼續歷史的事業前進：爲紀念中國共產黨成立十七週年而作；1940年代中国共产党人的思想批判和新民主主义话语权的确立_陈先初；继承五四和扬弃五四,7；12；109,是,可按主题页优先检索,先查主题页《中国革命道路与党的思想建设》，再在 T3/T10 中检索：中国共产党|前进|成立,否
1830,中国现代哲学 张申府,1830_中国现代哲学_张申府.md,3,52.92,中国哲学传统,中国哲学现代转型,中国哲学传统/中国哲学现代转型.md,中,116.09,与既有主题相近：毛泽东哲学 中国现代哲学；中国现代哲学 思想来源 多元 主流；中国哲学现代转型 现代形态,毛泽东哲学 中国现代哲学(40.42)；中国现代哲学 思想来源 多元 主流(37.81)；张申府 新哲学 思想(21.25)；张申府 罗素 辩证法(18.85)；张申府 新启蒙运动(18.85),0628_毛泽东哲学_中国现代哲学.md；1493_中国现代哲学_思想来源_多元_主流.md；0369_张申府_新哲学_思想.md；1641_张申府_罗素_辩证法.md；1742_张申府_新启蒙运动.md,,中国现代哲学、张申府,张申府与中国现代哲学；从“决裂论”到“土壤论”——新启蒙运动对马克思主义与中国传统文化关系的认识深化_崔海亮；“新理学”批判的批判,1；3；8,是,可按主题页优先检索,先查主题页《中国哲学现代转型》，再在 T3/T10 中检索：中国现代哲学|张申府,否
1831,中国知识界 苏联 计划,1831_中国知识界_苏联_计划.md,3,72.35,苏联哲学,苏联哲学对中国马克思主义哲学的影响,苏联哲学/苏联哲学对中国马克思主义哲学的影响.md,高,100.0,命中主题路由词：苏联|一五计划|米丁,苏联一五计划 中国知识界(37.5)；俄国革命 中国知识界 马克思主义(30.88)；马克思主义中国化 中国知识界 论争(30.88)；高度统一 计划经济 苏联(13.33)；俄国 苏联 马克思主义 传入中国(12.78),1650_苏联一五计划_中国知识界.md；0859_俄国革命_中国知识界_马克思主义.md；1796_马克思主义中国化_中国知识界_论争.md；0901_高度统一_计划经济_苏联.md；0854_俄国_苏联_马克思主义_传入中国.md,,苏联、中国知识界、计划,论苏联“一五计划”对20世纪30年代初中国知识界的影响_郑大华；抗日救亡运动中的文化新声——“新启蒙运动”与中国左翼知识界的文化抗战_王锐；苏联哲学70年 (安启念著),7；3；307,是,可按主题页优先检索,先查主题页《苏联哲学对中国马克思主义哲学的影响》，再在 T3/T10 中检索：中国知识界|苏联|计划,否
1832,资本论,1832_资本论.md,3,41.5,理论方法,政治经济学与资本主义批判,理论方法/政治经济学与资本主义批判.md,高,100.0,命中主题路由词：资本论|剩余价值|商品拜物教|生产价格|地租|政治经济学|资本积累,资本论 地租(27.5)；资本论 劳动日(25.0)；资本论 资本积累(25.0)；资本论 利润率(25.0)；资本论 剩余价值(23.33),1675_资本论_地租.md；1672_资本论_劳动日.md；1673_资本论_资本积累.md；1674_资本论_利润率.md；1670_资本论_剩余价值.md,,资本论,马恩文集第六卷（资本论2）；马恩文集第七卷（资本论3）；马恩文集第五卷（资本论1）,18；917；930,是,可按主题页优先检索,先查主题页《政治经济学与资本主义批判》，再在 T3/T10 中检索：资本论,否
1833,20年代 国家主义,1833_20年代_国家主义.md,3,51.76,论战与思想运动,思想论战与文化批判,论战与思想运动/思想论战与文化批判.md,高,100.0,命中主题路由词：醒狮周报|国家主义,国家主义 青年(28.33)；国家主义 民族主义(27.5)；哲学虚无主义 苏联 20年代(27.14)；苏联哲学 20年代 30年代 论战(25.0)；国家主义 工商政策 科学教育 网罗(24.41),1726_国家主义_青年.md；1752_国家主义_民族主义.md；0778_哲学虚无主义_苏联_20年代.md；0829_苏联哲学_20年代_30年代_论战.md；1409_国家主义_工商政策_科学教育_网罗.md,,20年代、国家主义,国家主义与20世纪20年代的文化、政治；马列著作在中国的出版；中国文化与马克思主义,92；154；81,是,可按主题页优先检索,先查主题页《思想论战与文化批判》，再在 T3/T10 中检索：20年代|国家主义,否
1834,中国化 马克思 启示,1834_中国化_马克思_启示.md,3,66.0,理论方法,马克思恩格斯经典文本与哲学关系,理论方法/马克思恩格斯经典文本与哲学关系.md,高,100.0,命中主题路由词：马恩|马克思|恩格斯|黑格尔法哲学|德意志意识形态|共产党宣言|反杜林论|自然辩证法|哥达纲领,中国文化 马克思(26.11)；教条化 马克思主义 中国化(25.42)；马克思主义 学风 中国化(23.33)；马克思主义 中国化 现实化(22.69)；中国化 马克思主义哲学 认识论 辩证法(22.35),1736_中国文化_马克思.md；1435_教条化_马克思主义_中国化.md；1215_马克思主义_学风_中国化.md；1335_马克思主义_中国化_现实化.md；1057_中国化_马克思主义哲学_认识论_辩证法.md,,启示、中国化、马克思,马克思主义中国化的历史进程；马克思主义中国化的起源语境；马克思主义哲学中国化与中国道路的哲学表达,271；145；2,是,可按主题页优先检索,先查主题页《马克思恩格斯经典文本与哲学关系》，再在 T3/T10 中检索：中国化|马克思|启示,否
1835,中国近代哲学 冯契,1835_中国近代哲学_冯契.md,3,46.78,论战与思想运动,中国近代启蒙与民主革命,论战与思想运动/中国近代启蒙与民主革命.md,高,100.0,命中主题路由词：康有为|谭嗣同|梁启超|严复|中国近代,中国近代哲学 古今中西(41.36)；中国近代哲学 社会矛盾 政治思想斗争(37.35)；冯契 智慧说 中国哲学现代转型(14.69)；冯契 智慧说 马克思主义哲学中国化(14.17)；人性问题 冯契 智慧说(11.79),1695_中国近代哲学_古今中西.md；1499_中国近代哲学_社会矛盾_政治思想斗争.md；0744_冯契_智慧说_中国哲学现代转型.md；1489_冯契_智慧说_马克思主义哲学中国化.md；1242_人性问题_冯契_智慧说.md,,中国近代哲学、冯契,马克思主义哲学中国化与中国哲学的现代转型；“新理学”批判的批判；马克思主义哲学史教程,542；254；825,是,可按主题页优先检索,先查主题页《中国近代启蒙与民主革命》，再在 T3/T10 中检索：中国近代哲学|冯契,否
1836,五四 扬弃 继承,1836_五四_扬弃_继承.md,3,71.5,传播史,五四新文化与马克思主义早期传播,传播史/五四新文化与马克思主义早期传播.md,高,100.0,命中主题路由词：五四|新文化运动,五四创造精神 继承 借鉴(14.17)；扬弃 辩证法 疑问(12.5)；新青年 儒家纲常 扬弃(12.08)；革命问题 哲学思考 五四(11.92)；阶级问题 哲学思考 五四(11.92),0241_五四创造精神_继承_借鉴.md；1563_扬弃_辩证法_疑问.md；0741_新青年_儒家纲常_扬弃.md；0139_革命问题_哲学思考_五四.md；0140_阶级问题_哲学思考_五四.md,,五四、扬弃、继承,继承五四和扬弃五四；抗日救亡运动中的文化新声——“新启蒙运动”与中国左翼知识界的文化抗战_王锐；马克思主义中国化的起源语境,74；2；86,是,可按主题页优先检索,先查主题页《五四新文化与马克思主义早期传播》，再在 T3/T10 中检索：五四|扬弃|继承,否
1837,共产主义 翻译,1837_共产主义_翻译.md,3,47.49,理论方法,哲学基本范畴与辩证法原理,理论方法/哲学基本范畴与辩证法原理.md,中,26.25,与既有主题相近：共产主义 社会主义 发展经验,共产主义 劳动(30.71)；共产主义 社会主义 发展经验(26.25)；毛泽东 共产主义 辩证唯物主义 转变(25.0)；五四时期 马克思主义著作 翻译 出版(12.94)；共产主义宣言(10.71),1782_共产主义_劳动.md；1477_共产主义_社会主义_发展经验.md；0577_毛泽东_共产主义_辩证唯物主义_转变.md；0144_五四时期_马克思主义著作_翻译_出版.md；1958_共产主义宣言.md,,共产主义、翻译,共产主义abc中文翻译版；马恩文集第二卷（1848-1859）；马克思主义哲学在中国传播与发展的百年历史(下) (胡为雄),15；718；295,是,可按主题页优先检索,先查主题页《哲学基本范畴与辩证法原理》，再在 T3/T10 中检索：共产主义|翻译,否
1838,大众化 新哲学,1838_大众化_新哲学.md,3,49.08,新哲学大众化,新哲学大众化运动,新哲学大众化/新哲学大众化运动.md,中,215.94,与既有主题相近：新哲学 大众生活 密切关系；马克思主义哲学 大众化 中国化；通俗文 真义 新哲学,哲学大众化 新哲学(35.83)；大众哲学 新哲学(25.71)；新哲学 大众生活 密切关系(21.25)；大众哲学 马克思主义哲学 大众化(20.77)；马克思主义哲学 大众化 胡绳(20.77),1706_哲学大众化_新哲学.md；1773_大众哲学_新哲学.md；0366_新哲学_大众生活_密切关系.md；0360_大众哲学_马克思主义哲学_大众化.md；1814_马克思主义哲学_大众化_胡绳.md,,大众化、新哲学,“新哲学”大众化运动研究；胡绳对马克思主义哲学“大众化”的贡献；延安时期知识分子群体与马克思主义哲学大众化郭 - 2015 -,2；90,是,可按主题页优先检索,先查主题页《新哲学大众化运动》，再在 T3/T10 中检索：大众化|新哲学,否
1839,无产阶级 列宁,1839_无产阶级_列宁.md,3,49.0,苏联哲学,列宁哲学与社会主义实践,苏联哲学/列宁哲学与社会主义实践.md,高,100.0,命中主题路由词：列宁|马赫主义|新经济政策,无产阶级 资产阶级(30.71)；俄国 无产阶级(30.71)；无产阶级 法国(30.71)；农民 无产阶级(30.71)；无产阶级 马克思(29.38),1705_无产阶级_资产阶级.md；1712_俄国_无产阶级.md；1764_无产阶级_法国.md；1807_农民_无产阶级.md；1781_无产阶级_马克思.md,,无产阶级、列宁,列宁专题文集·论无产阶级政党；列宁专题文集·论社会主义；列宁选集第四卷_2012,259；412；12,是,可按主题页优先检索,先查主题页《列宁哲学与社会主义实践》，再在 T3/T10 中检索：无产阶级|列宁,否
1840,社会主义 列宁,1840_社会主义_列宁.md,3,49.0,苏联哲学,列宁哲学与社会主义实践,苏联哲学/列宁哲学与社会主义实践.md,高,100.0,命中主题路由词：列宁|马赫主义|新经济政策,俄国 社会主义(30.71)；德国 社会主义(30.71)；法国 社会主义(30.71)；观察周刊 社会主义(28.33)；社会主义 资产阶级(28.33),1758_俄国_社会主义.md；1772_德国_社会主义.md；1817_法国_社会主义.md；1647_观察周刊_社会主义.md；1739_社会主义_资产阶级.md,,社会主义、列宁,列宁专题文集·论社会主义；列宁选集第二卷_2012；列宁选集第三卷_2012,18；15；20,是,可按主题页优先检索,先查主题页《列宁哲学与社会主义实践》，再在 T3/T10 中检索：社会主义|列宁,否
1841,资本主义 列宁,1841_资本主义_列宁.md,3,49.03,苏联哲学,列宁哲学与社会主义实践,苏联哲学/列宁哲学与社会主义实践.md,高,100.0,命中主题路由词：列宁|马赫主义|新经济政策,劳动 资本主义(30.71)；俄国 资本主义(30.71)；宗教 资本主义(30.71)；伦理 资本主义(30.71)；生产 资本主义(30.71),1710_劳动_资本主义.md；1713_俄国_资本主义.md；1716_宗教_资本主义.md；1723_伦理_资本主义.md；1732_生产_资本主义.md,,资本主义、列宁,列宁专题文集·论资本主义；列宁专题文集·论社会主义；列宁专题文集·论马克思主义,6；482；331,是,可按主题页优先检索,先查主题页《列宁哲学与社会主义实践》，再在 T3/T10 中检索：资本主义|列宁,否
1842,列宁全集,1842_列宁全集.md,3,40.8,苏联哲学,列宁哲学与社会主义实践,苏联哲学/列宁哲学与社会主义实践.md,高,100.0,命中主题路由词：列宁|马赫主义|新经济政策,全集(8.33)；列宁选集(5.0)；列宁文集(5.0),1882_全集.md；1877_列宁选集.md；1926_列宁文集.md,,列宁全集,米丁-辩证唯物论与历史唯物论-上-rightToLeft；列宁选集第一卷_2012；米丁-辩证唯物论历史唯物论下-rightToLeft,210；232；134,是,可按主题页优先检索,先查主题页《列宁哲学与社会主义实践》，再在 T3/T10 中检索：列宁全集,否
1843,马克思 列宁,1843_马克思_列宁.md,3,47.47,苏联哲学,列宁哲学与社会主义实践,苏联哲学/列宁哲学与社会主义实践.md,高,100.0,命中主题路由词：列宁|马赫主义|新经济政策,中国文化 马克思(21.25)；资产阶级 马克思(21.25)；无产阶级 马克思(21.25)；意识形态 马克思(21.25)；中国化 马克思 启示(20.56),1736_中国文化_马克思.md；1757_资产阶级_马克思.md；1781_无产阶级_马克思.md；1790_意识形态_马克思.md；1834_中国化_马克思_启示.md,,马克思、列宁,列宁主义早期传播与马克思主义中国化研究_曾银慧；列宁专题文集·论马克思主义；马克思主义哲学史教程,1；371；381,是,可按主题页优先检索,先查主题页《列宁哲学与社会主义实践》，再在 T3/T10 中检索：马克思|列宁,否
1844,马克思恩格斯全集,1844_马克思恩格斯全集.md,3,45.95,理论方法,马克思恩格斯经典文本与哲学关系,理论方法/马克思恩格斯经典文本与哲学关系.md,高,100.0,命中主题路由词：马恩|马克思|恩格斯|黑格尔法哲学|德意志意识形态|共产党宣言|反杜林论|自然辩证法|哥达纲领,德国 马克思恩格斯(13.89)；英国 马克思恩格斯(13.89)；列宁 马克思恩格斯(13.89)；马克思恩格斯文集(13.89)；马克思恩格斯选集(13.89),1715_德国_马克思恩格斯.md；1735_英国_马克思恩格斯.md；1780_列宁_马克思恩格斯.md；1846_马克思恩格斯文集.md；1852_马克思恩格斯选集.md,,马克思恩格斯全集,马列著作在中国的出版；中国文化与马克思主义；米丁-辩证唯物论历史唯物论下-rightToLeft,406；179；164,是,可按主题页优先检索,先查主题页《马克思恩格斯经典文本与哲学关系》，再在 T3/T10 中检索：马克思恩格斯全集,否
1845,共产党宣言 马克思,1845_共产党宣言_马克思.md,3,49.25,理论方法,马克思恩格斯经典文本与哲学关系,理论方法/马克思恩格斯经典文本与哲学关系.md,高,100.0,命中主题路由词：马恩|马克思|恩格斯|黑格尔法哲学|德意志意识形态|共产党宣言|反杜林论|自然辩证法|哥达纲领,民报 马克思 共产党宣言(55.0)；共产党宣言(39.29)；共产党宣言 阶级斗争(34.09)；共产党宣言 阶级斗争 历史(32.69)；马克思 列宁(20.56),1190_民报_马克思_共产党宣言.md；1848_共产党宣言.md；1662_共产党宣言_阶级斗争.md；0029_共产党宣言_阶级斗争_历史.md；1843_马克思_列宁.md,,共产党宣言、马克思,马克思主义哲学在中国传播与发展的百年历史(上) (胡为雄)；马克思主义中国化的历史进程；马克思主义哲学中国化与中国哲学的现代转型,83；194；166,是,可按主题页优先检索,先查主题页《马克思恩格斯经典文本与哲学关系》，再在 T3/T10 中检索：共产党宣言|马克思,否
1846,马克思恩格斯文集,1846_马克思恩格斯文集.md,3,46.02,理论方法,马克思恩格斯经典文本与哲学关系,理论方法/马克思恩格斯经典文本与哲学关系.md,高,100.0,命中主题路由词：马恩|马克思|恩格斯|黑格尔法哲学|德意志意识形态|共产党宣言|反杜林论|自然辩证法|哥达纲领,德国 马克思恩格斯(13.89)；英国 马克思恩格斯(13.89)；列宁 马克思恩格斯(13.89)；马克思恩格斯全集(13.89)；马克思恩格斯选集(13.89),1715_德国_马克思恩格斯.md；1735_英国_马克思恩格斯.md；1780_列宁_马克思恩格斯.md；1844_马克思恩格斯全集.md；1852_马克思恩格斯选集.md,,马克思恩格斯文集,列宁选集第二卷_2012；马恩文集第七卷（资本论3）；马恩文集第二卷（1848-1859）,49；18；17,是,可按主题页优先检索,先查主题页《马克思恩格斯经典文本与哲学关系》，再在 T3/T10 中检索：马克思恩格斯文集,否
1847,火星报,1847_火星报.md,3,39.02,传播史,早期马克思主义传播主体与传播载体,传播史/早期马克思主义传播主体与传播载体.md,高,100.0,命中主题路由词：火星报|前进报|祖国纪事|言语报|论坛报,,,,火星报,列宁选集第一卷_2012；列宁选集第四卷_2012；列宁专题文集·论无产阶级政党,460；1030；182,是,可按主题页优先检索,先查主题页《早期马克思主义传播主体与传播载体》，再在 T3/T10 中检索：火星报,否
1848,共产党宣言,1848_共产党宣言.md,3,41.88,理论方法,马克思恩格斯经典文本与哲学关系,理论方法/马克思恩格斯经典文本与哲学关系.md,高,100.0,命中主题路由词：马恩|马克思|恩格斯|黑格尔法哲学|德意志意识形态|共产党宣言|反杜林论|自然辩证法|哥达纲领,共产党宣言 马克思(39.29)；共产党宣言 阶级斗争(37.5)；民报 马克思 共产党宣言(36.11)；共产党宣言 阶级斗争 历史(35.0)；共产党(12.5),1845_共产党宣言_马克思.md；1662_共产党宣言_阶级斗争.md；1190_民报_马克思_共产党宣言.md；0029_共产党宣言_阶级斗争_历史.md；2003_共产党.md,,共产党宣言,马列著作在中国的出版；马恩文集第八卷（《资本论》手稿选编）；共产主义abc中文翻译版,380；673；12,是,可按主题页优先检索,先查主题页《马克思恩格斯经典文本与哲学关系》，再在 T3/T10 中检索：共产党宣言,否
1849,大众哲学,1849_大众哲学.md,3,42.9,新哲学大众化,艾思奇与大众哲学,新哲学大众化/艾思奇与大众哲学.md,高,100.0,命中主题路由词：大众哲学|艾思奇,大众哲学 新哲学(35.0)；大众哲学 艾思奇(32.5)；现象 本质 大众哲学(30.71)；形式 内容 大众哲学(30.71)；大众哲学 日常生活(30.71),1773_大众哲学_新哲学.md；1769_大众哲学_艾思奇.md；0399_现象_本质_大众哲学.md；0400_形式_内容_大众哲学.md；1632_大众哲学_日常生活.md,,大众哲学,《矛盾论》的主要矛盾理论与《大众哲学》无关及其他；《大众哲学》_马克思主义哲学大众化的经典范本_张立波；从唯物辩证法论战到马克思主义哲学大众化——对艾思奇《大众哲学》的解读_李维武,2；6；11,是,可按主题页优先检索,先查主题页《艾思奇与大众哲学》，再在 T3/T10 中检索：大众哲学,否
1850,醒狮周报,1850_醒狮周报.md,2,39.88,论战与思想运动,思想论战与文化批判,论战与思想运动/思想论战与文化批判.md,高,100.0,命中主题路由词：醒狮周报|国家主义,,,,醒狮周报,国家主义与20世纪20年代的文化、政治；马克思主义中国化的历史进程,60；406,是,可按主题页优先检索,先查主题页《思想论战与文化批判》，再在 T3/T10 中检索：醒狮周报,否
1851,三松堂全集,1851_三松堂全集.md,3,42.06,中国哲学传统,现代中国哲学人物与知识论,中国哲学传统/现代中国哲学人物与知识论.md,高,100.0,命中主题路由词：三松堂|困知录|新原道|新事论|新原人|讲堂录,全集(6.25),1882_全集.md,,三松堂全集,“新理学”批判的批判；中国文化与马克思主义；冯契文集第七卷中国近代哲学的革命进程,151；330；538,是,可按主题页优先检索,先查主题页《现代中国哲学人物与知识论》，再在 T3/T10 中检索：三松堂全集,否
1852,马克思恩格斯选集,1852_马克思恩格斯选集.md,3,45.97,理论方法,马克思恩格斯经典文本与哲学关系,理论方法/马克思恩格斯经典文本与哲学关系.md,高,100.0,命中主题路由词：马恩|马克思|恩格斯|黑格尔法哲学|德意志意识形态|共产党宣言|反杜林论|自然辩证法|哥达纲领,德国 马克思恩格斯(13.89)；英国 马克思恩格斯(13.89)；列宁 马克思恩格斯(13.89)；马克思恩格斯全集(13.89)；马克思恩格斯文集(13.89),1715_德国_马克思恩格斯.md；1735_英国_马克思恩格斯.md；1780_列宁_马克思恩格斯.md；1844_马克思恩格斯全集.md；1846_马克思恩格斯文集.md,,马克思恩格斯选集,马克思主义哲学中国化与中国哲学的现代转型；继承五四和扬弃五四；中国文化与马克思主义,469；57；130,是,可按主题页优先检索,先查主题页《马克思恩格斯经典文本与哲学关系》，再在 T3/T10 中检索：马克思恩格斯选集,否
1853,反杜林论,1853_反杜林论.md,3,42.53,理论方法,马克思恩格斯经典文本与哲学关系,理论方法/马克思恩格斯经典文本与哲学关系.md,高,100.0,命中主题路由词：马恩|马克思|恩格斯|黑格尔法哲学|德意志意识形态|共产党宣言|反杜林论|自然辩证法|哥达纲领,反杜林论 辩证法(32.5),1666_反杜林论_辩证法.md,,反杜林论,马恩文集第九卷（反杜林论 自然辩证法）；米丁-辩证唯物论历史唯物论下-rightToLeft；列宁专题文集·论辩证唯物主义和历史唯物主义,21；274；200,是,可按主题页优先检索,先查主题页《马克思恩格斯经典文本与哲学关系》，再在 T3/T10 中检索：反杜林论,否
1854,真理报,1854_真理报.md,3,39.13,理论方法,哲学基本范畴与辩证法原理,理论方法/哲学基本范畴与辩证法原理.md,低,24.43,与既有主题相近：知识 发展 真理；真理 追求 哲学；真理 阶级性 讨论,真理的追求(5.0),1975_真理的追求.md,,真理报,列宁选集第四卷_2012；列宁选集第三卷_2012；米丁-辩证唯物论历史唯物论下-rightToLeft,828；565；11,是,先核验原卡片再使用,先查主题页《哲学基本范畴与辩证法原理》，再在 T3/T10 中检索：真理报,否
1855,工人事业,1855_工人事业.md,3,40.64,论战与思想运动,中国近代启蒙与民主革命,论战与思想运动/中国近代启蒙与民主革命.md,低,3.35,与既有主题相近：军事反对派 民主集中派 工人反对派；过渡时期 工人阶级 民族资产阶级 矛盾,工人报(6.25),1899_工人报.md,,工人事业,列宁选集第一卷_2012；列宁选集第二卷_2012；列宁专题文集·论无产阶级政党,352；526；8,是,先核验原卡片再使用,先查主题页《中国近代启蒙与民主革命》，再在 T3/T10 中检索：工人事业,否
1856,国统区 延安,1856_国统区_延安.md,3,44.97,理论方法,马克思恩格斯经典文本与哲学关系,理论方法/马克思恩格斯经典文本与哲学关系.md,低,74.79,与既有主题相近：国统区 马克思主义理论 研究宣传；国统区 翻译介绍 马克思主义哲学；国统区 理论著述 马克思主义哲学,国统区 翻译介绍 马克思主义哲学(18.33)；国统区 马克思主义理论 研究宣传(18.33)；国统区 刊物 马克思主义哲学研究(18.33)；国统区 理论著述 马克思主义哲学(18.33)；实事求是 思想路线 延安(12.08),0067_国统区_翻译介绍_马克思主义哲学.md；0927_国统区_马克思主义理论_研究宣传.md；0947_国统区_刊物_马克思主义哲学研究.md；1035_国统区_理论著述_马克思主义哲学.md；0597_实事求是_思想路线_延安.md,,国统区、延安,延安时期知识分子群体与马克思主义哲学大众化郭 - 2015 -；马克思主义中国化史·第1卷，1919_1949 by 丁俊萍 (z-lib.org)；“新哲学”大众化运动研究,32；301；211,是,先核验原卡片再使用,先查主题页《马克思恩格斯经典文本与哲学关系》，再在 T3/T10 中检索：国统区|延安,否
1857,新青年,1857_新青年.md,3,39.08,新哲学大众化,青年教育与人生观,新哲学大众化/青年教育与人生观.md,中,51.42,与既有主题相近：新青年 批判 孔教为国教；新青年 价值观 古今之变；青年 读书 精神生活,新青年 儒家纲常 扬弃(21.25)；新青年 价值观 古今之变(20.56)；新青年 批判 孔教为国教(20.56)；列宁主义 新青年 瞿秋白(20.56)；科学 民主 新价值观 新青年(20.0),0741_新青年_儒家纲常_扬弃.md；1233_新青年_价值观_古今之变.md；1235_新青年_批判_孔教为国教.md；1652_列宁主义_新青年_瞿秋白.md；1234_科学_民主_新价值观_新青年.md,,新青年,马克思主义哲学中国化理论与历史；中国文化与马克思主义；近代中国启蒙运动史,125；232；155,是,可按主题页优先检索,先查主题页《青年教育与人生观》，再在 T3/T10 中检索：新青年,否
1858,毛泽东选集,1858_毛泽东选集.md,3,41.98,中国化,毛泽东哲学与中国革命经验,中国化/毛泽东哲学与中国革命经验.md,高,100.0,命中主题路由词：毛泽东|抗日战争.*哲学,毛泽东选集 编辑出版 经典形成(33.33)；毛泽东文集(8.33)；毛泽东早期文稿(6.25)；毛泽东 世界观 转变(5.56)；矛盾论 辩证 毛泽东(5.56),0494_毛泽东选集_编辑出版_经典形成.md；1917_毛泽东文集.md；1951_毛泽东早期文稿.md；0573_毛泽东_世界观_转变.md；0630_矛盾论_辩证_毛泽东.md,,毛泽东选集,马克思主义哲学中国化理论与历史；中国文化与马克思主义；马克思主义中国化史·第1卷，1919_1949 by 丁俊萍 (z-lib.org),466；300；83,是,可按主题页优先检索,先查主题页《毛泽东哲学与中国革命经验》，再在 T3/T10 中检索：毛泽东选集,否
1859,新时代,1859_新时代.md,3,39.27,理论方法,马克思恩格斯经典文本与哲学关系,理论方法/马克思恩格斯经典文本与哲学关系.md,低,3.71,与既有主题相近：马克思主义 学术思想 时代背景；马克思主义中国化 主题 时代任务,,,,新时代,列宁选集第二卷_2012；列宁专题文集·论资本主义；列宁选集第四卷_2012,49；156；1096,是,先核验原卡片再使用,先查主题页《马克思恩格斯经典文本与哲学关系》，再在 T3/T10 中检索：新时代,否
1860,前进报,1860_前进报.md,3,39.13,传播史,早期马克思主义传播主体与传播载体,传播史/早期马克思主义传播主体与传播载体.md,高,100.0,命中主题路由词：火星报|前进报|祖国纪事|言语报|论坛报,,,,前进报,列宁选集第一卷_2012；列宁选集第四卷_2012；马恩文集第十卷（书信选编）,400；1072；637,是,可按主题页优先检索,先查主题页《早期马克思主义传播主体与传播载体》，再在 T3/T10 中检索：前进报,否
1861,唯物主义和经验批判主义,1861_唯物主义和经验批判主义.md,3,46.17,理论方法,辩证唯物主义体系,理论方法/辩证唯物主义体系.md,高,100.0,命中主题路由词：辩证法|唯物主义|对立统一|量变质变|否定之否定,唯物主义和经验批判主义 马赫主义(58.75)；列宁 唯物主义 经验批判论(11.54)；列宁 唯物主义(6.82)；马赫主义 斗争 经验批判论(6.67)；唯心主义 唯物主义(6.25),1653_唯物主义和经验批判主义_马赫主义.md；0837_列宁_唯物主义_经验批判论.md；1753_列宁_唯物主义.md；1590_马赫主义_斗争_经验批判论.md；1721_唯心主义_唯物主义.md,,唯物主义和经验批判主义,列宁选集第二卷_2012；米丁-辩证唯物论历史唯物论下-rightToLeft；马列著作在中国的出版,167；379；291,是,可按主题页优先检索,先查主题页《辩证唯物主义体系》，再在 T3/T10 中检索：唯物主义和经验批判主义,否
1862,矛盾论,1862_矛盾论.md,3,40.87,理论方法,矛盾分析法与矛盾特殊性,理论方法/矛盾分析法与矛盾特殊性.md,高,100.0,命中主题路由词：矛盾论|主要矛盾,矛盾论 辩证 毛泽东(22.14)；实践论 矛盾论 中国化(21.25)；毛泽东 矛盾论 主要矛盾(21.25)；实践论 矛盾论 主要内容(20.56)；实践论 矛盾论 重大意义(20.56),0630_矛盾论_辩证_毛泽东.md；0617_实践论_矛盾论_中国化.md；1687_毛泽东_矛盾论_主要矛盾.md；0510_实践论_矛盾论_主要内容.md；0511_实践论_矛盾论_重大意义.md,,矛盾论,《实践论》和《矛盾论》对马克思主义哲学中国化的启示_许全兴；《矛盾论》的主要矛盾理论与《大众哲学》无关及其他；百年中国哲学革命 (许全兴著),1；619,是,可按主题页优先检索,先查主题页《矛盾分析法与矛盾特殊性》，再在 T3/T10 中检索：矛盾论,否
1863,新莱茵报,1863_新莱茵报.md,3,40.5,理论方法,马克思恩格斯经典文本与哲学关系,理论方法/马克思恩格斯经典文本与哲学关系.md,高,100.0,命中主题路由词：路易波拿巴|法兰西内战|英国工人阶级状况|新莱茵报|莱茵报|德法年鉴|纽约每日论坛报|泰晤士报|浮士德,莱茵报(16.67),1932_莱茵报.md,,新莱茵报,列宁选集第一卷_2012；马恩文集第四卷（1884-1895）；马恩文集第一卷（1843-1848）,561；734；723,是,可按主题页优先检索,先查主题页《马克思恩格斯经典文本与哲学关系》，再在 T3/T10 中检索：新莱茵报,否
1864,实践论,1864_实践论.md,3,40.87,理论方法,实践观点与认识论,理论方法/实践观点与认识论.md,高,100.0,命中主题路由词：实践论|认识论,实践论 矛盾论 中国化(21.25)；毛泽东 实践论 认识论(21.25)；实践论 矛盾论 主要内容(20.56)；实践论 矛盾论 重大意义(20.56)；学习宣传 实践论 矛盾论(20.56),0617_实践论_矛盾论_中国化.md；1686_毛泽东_实践论_认识论.md；0510_实践论_矛盾论_主要内容.md；0511_实践论_矛盾论_重大意义.md；0565_学习宣传_实践论_矛盾论.md,,实践论,《实践论》和《矛盾论》对马克思主义哲学中国化的启示_许全兴；百年中国哲学革命 (许全兴著)；马克思主义哲学中国化与中国哲学的现代转型,1；619；479,是,可按主题页优先检索,先查主题页《实践观点与认识论》，再在 T3/T10 中检索：实践论,否
1865,康有为 梁启超,1865_康有为_梁启超.md,3,44.08,论战与思想运动,中国近代启蒙与民主革命,论战与思想运动/中国近代启蒙与民主革命.md,高,100.0,命中主题路由词：康有为|谭嗣同|梁启超|严复|中国近代,康有为 谭嗣同(21.25)；康有为 改良派(21.25)；梁启超 自由 群 进化(20.0)；康有为 托古改制 大同(19.55)；康有为 公羊三世 进化(19.55),1727_康有为_谭嗣同.md；1749_康有为_改良派.md；0254_梁启超_自由_群_进化.md；0172_康有为_托古改制_大同.md；0173_康有为_公羊三世_进化.md,,康有为、梁启超,"冯契文集第七卷中国近代哲学的革命进程；马克思主义哲学的中国化及其历程 (曾乐山著, 曾乐山著, 曾乐山)；马克思主义哲学中国化与中国哲学的现代转型",238；273；351,是,可按主题页优先检索,先查主题页《中国近代启蒙与民主革命》，再在 T3/T10 中检索：康有为|梁启超,否
1866,社会民主党人报,1866_社会民主党人报.md,3,44.48,论战与思想运动,中国近代启蒙与民主革命,论战与思想运动/中国近代启蒙与民主革命.md,低,13.76,与既有主题相近：民主主义革命 社会主义革命 辩证统一；民主主义革命 社会主义革命 必然趋势；毛泽东 激进民主主义 空想社会主义,自由知识分子 社会民主主义(5.36),1646_自由知识分子_社会民主主义.md,,社会民主党人报,列宁选集第四卷_2012；列宁选集第二卷_2012；马恩文集第六卷（资本论2）,1079；431；624,是,先核验原卡片再使用,先查主题页《中国近代启蒙与民主革命》，再在 T3/T10 中检索：社会民主党人报,否
1867,自然辩证法,1867_自然辩证法.md,3,43.71,理论方法,马克思恩格斯经典文本与哲学关系,理论方法/马克思恩格斯经典文本与哲学关系.md,高,100.0,命中主题路由词：马恩|马克思|恩格斯|黑格尔法哲学|德意志意识形态|共产党宣言|反杜林论|自然辩证法|哥达纲领,自然辩证法 自然科学(39.29)；自然辩证法 资本论 辩证法(37.5)；进攻 防御 辩证法(6.25)；持久 速决 辩证法(6.25)；内线 外线 辩证法(6.25),1667_自然辩证法_自然科学.md；1587_自然辩证法_资本论_辩证法.md；1325_进攻_防御_辩证法.md；1326_持久_速决_辩证法.md；1327_内线_外线_辩证法.md,,自然辩证法,马恩文集第九卷（反杜林论 自然辩证法）；米丁-辩证唯物论与历史唯物论-上-rightToLeft；米丁-辩证唯物论历史唯物论下-rightToLeft,14；138；260,是,可按主题页优先检索,先查主题页《马克思恩格斯经典文本与哲学关系》，再在 T3/T10 中检索：自然辩证法,否
1868,社会学大纲,1868_社会学大纲.md,3,42.06,传播史,李达与马克思主义哲学体系化,传播史/李达与马克思主义哲学体系化.md,中,274.32,与既有主题相近：李达 社会学大纲 学术史；李达 现代社会学 社会学大纲；社会学大纲 体系 深刻见解,李达 社会学大纲 学术史(36.11)；李达 现代社会学 社会学大纲(36.11)；社会学大纲 体系 深刻见解(35.0)；李达 社会学大纲 教科书形态(34.09)；李达 社会学大纲 教科书传播(34.09),0268_李达_社会学大纲_学术史.md；0298_李达_现代社会学_社会学大纲.md；1301_社会学大纲_体系_深刻见解.md；0276_李达_社会学大纲_教科书形态.md；0299_李达_社会学大纲_教科书传播.md,,社会学大纲,马克思主义哲学中国化理论与历史；马克思主义哲学中国化与中国哲学的现代转型；“新哲学”大众化运动研究,273；459；43,是,可按主题页优先检索,先查主题页《李达与马克思主义哲学体系化》，再在 T3/T10 中检索：社会学大纲,否
1869,什么是新启蒙运动,1869_什么是新启蒙运动.md,3,47.41,论战与思想运动,新启蒙运动,论战与思想运动/新启蒙运动.md,高,100.0,命中主题路由词：新启蒙|继承五四|扬弃五四,什么是新启蒙运动 艾思奇(57.5)；什么是新启蒙运动 张申府(57.5)；论新启蒙运动(12.5)；国难 新启蒙运动(11.11)；新启蒙运动 提出(11.11),0427_什么是新启蒙运动_艾思奇.md；1770_什么是新启蒙运动_张申府.md；1957_论新启蒙运动.md；0376_国难_新启蒙运动.md；0377_新启蒙运动_提出.md,,什么是新启蒙运动,什么是新启蒙运动；马克思主义中国化的起源语境；继承五四和扬弃五四,13；61；56,是,可按主题页优先检索,先查主题页《新启蒙运动》，再在 T3/T10 中检索：什么是新启蒙运动,否
1870,新教伦理,1870_新教伦理.md,1,42.57,理论方法,政治经济学与资本主义批判,理论方法/政治经济学与资本主义批判.md,高,100.0,命中主题路由词：新教伦理|韦伯|理性化,新教伦理 资本主义精神(28.33)；新教伦理与资本主义精神(7.5),1644_新教伦理_资本主义精神.md；2014_新教伦理与资本主义精神.md,,新教伦理,新教伦理与资本主义精神（当代思想巨匠提序导读、综汇多版精要详注、姊妹篇全面收录、阎克文精修译本。） by 马克斯·韦伯 [马克斯·韦伯] (z-lib.org),88,是,可按主题页优先检索,先查主题页《政治经济学与资本主义批判》，再在 T3/T10 中检索：新教伦理,否
1871,抗战 新启蒙运动,1871_抗战_新启蒙运动.md,3,50.32,论战与思想运动,新启蒙运动,论战与思想运动/新启蒙运动.md,高,100.0,命中主题路由词：新启蒙|继承五四|扬弃五四,新启蒙运动 抗日救亡 抗战(46.36)；新启蒙运动 文化抗战(38.89)；国难 新启蒙运动(37.5)；新启蒙运动 提出(37.5)；新启蒙运动 普及(37.5),1820_新启蒙运动_抗日救亡_抗战.md；1616_新启蒙运动_文化抗战.md；0376_国难_新启蒙运动.md；0377_新启蒙运动_提出.md；1874_新启蒙运动_普及.md,,抗战、新启蒙运动,抗日救亡运动中的文化新声——“新启蒙运动”与中国左翼知识界的文化抗战_王锐；什么是新启蒙运动；新启蒙运动与新民主主义文化思想的形成_卢毅,15；10；2,是,可按主题页优先检索,先查主题页《新启蒙运动》，再在 T3/T10 中检索：抗战|新启蒙运动,否
1872,大同书,1872_大同书.md,3,38.89,论战与思想运动,中国近代启蒙与民主革命,论战与思想运动/中国近代启蒙与民主革命.md,中,25.61,与既有主题相近：康有为 大同书 空想主义；康有为 托古改制 大同；康有为 大同思想 历史进化,康有为 大同书 空想主义(20.56),0161_康有为_大同书_空想主义.md,,大同书,中国近代思想史论；中国现代思想史论；近五十年中国思想史 (郭湛波),159；13；37,是,可按主题页优先检索,先查主题页《中国近代启蒙与民主革命》，再在 T3/T10 中检索：大同书,否
1873,无产者报,1873_无产者报.md,3,40.48,理论方法,阶级斗争与社会革命理论,理论方法/阶级斗争与社会革命理论.md,低,18.84,与既有主题相近：国家 革命 无产阶级专政；无产阶级 民主革命 领导权；无产阶级专政 历史经验 认识,,,,无产者报,列宁选集第一卷_2012；列宁选集第二卷_2012；列宁专题文集·论马克思主义,773；279；161,是,先核验原卡片再使用,先查主题页《阶级斗争与社会革命理论》，再在 T3/T10 中检索：无产者报,否
1874,新启蒙运动 普及,1874_新启蒙运动_普及.md,3,47.81,论战与思想运动,新启蒙运动,论战与思想运动/新启蒙运动.md,高,100.0,命中主题路由词：新启蒙|继承五四|扬弃五四,国难 新启蒙运动(37.5)；新启蒙运动 提出(37.5)；抗战 新启蒙运动(37.5)；新启蒙运动 理性运动(36.11)；新启蒙运动 哲学家(36.11),0376_国难_新启蒙运动.md；0377_新启蒙运动_提出.md；1871_抗战_新启蒙运动.md；0380_新启蒙运动_理性运动.md；0382_新启蒙运动_哲学家.md,,新启蒙运动、普及,什么是新启蒙运动；新启蒙运动与新民主主义文化思想的形成_卢毅；抗日救亡运动中的文化新声——“新启蒙运动”与中国左翼知识界的文化抗战_王锐,5；12,是,可按主题页优先检索,先查主题页《新启蒙运动》，再在 T3/T10 中检索：新启蒙运动|普及,否
1875,哲学的贫困,1875_哲学的贫困.md,3,41.75,苏联哲学,苏联哲学与共产国际,苏联哲学/苏联哲学与共产国际.md,低,8.12,与既有主题相近：哲学 党性 苏联；苏联哲学 问题根源；苏联哲学 振兴途径,新哲学的人生观(6.25)；哲学史(5.0),2021_新哲学的人生观.md；1906_哲学史.md,,哲学的贫困,米丁-辩证唯物论历史唯物论下-rightToLeft；米丁-辩证唯物论与历史唯物论-上-rightToLeft；列宁选集第二卷_2012,297；181；809,是,先核验原卡片再使用,先查主题页《苏联哲学与共产国际》，再在 T3/T10 中检索：哲学的贫困,否
1876,宣言,1876_宣言.md,3,37.98,理论方法,马克思恩格斯经典文本与哲学关系,理论方法/马克思恩格斯经典文本与哲学关系.md,低,2.78,与既有主题相近：民报 马克思 共产党宣言,共产党宣言(6.25)；共产主义宣言(5.0),1848_共产党宣言.md；1958_共产主义宣言.md,,宣言,列宁选集第四卷_2012；马列著作在中国的出版；马克思主义哲学中国化与中国哲学的现代转型,959；380；248,是,先核验原卡片再使用,先查主题页《马克思恩格斯经典文本与哲学关系》，再在 T3/T10 中检索：宣言,否
1877,列宁选集,1877_列宁选集.md,3,43.15,苏联哲学,列宁哲学与社会主义实践,苏联哲学/列宁哲学与社会主义实践.md,高,100.0,命中主题路由词：列宁|马赫主义|新经济政策,列宁全集(5.0)；列宁文集(5.0),1842_列宁全集.md；1926_列宁文集.md,,列宁选集,列宁选集第四卷_2012；列宁选集第一卷_2012；列宁选集第三卷_2012,961；4；15,是,可按主题页优先检索,先查主题页《列宁哲学与社会主义实践》，再在 T3/T10 中检索：列宁选集,否
1878,德意志意识形态,1878_德意志意识形态.md,3,44.55,理论方法,马克思恩格斯经典文本与哲学关系,理论方法/马克思恩格斯经典文本与哲学关系.md,高,100.0,命中主题路由词：马恩|马克思|恩格斯|黑格尔法哲学|德意志意识形态|共产党宣言|反杜林论|自然辩证法|哥达纲领,德意志意识形态 唯物史观(50.0)；儒学 意识形态(9.38)；意识 意识形态 历史(8.33)；意识形态 马克思(8.33)；苏联哲学 意识形态功能(6.25),1661_德意志意识形态_唯物史观.md；1765_儒学_意识形态.md；1089_意识_意识形态_历史.md；1790_意识形态_马克思.md；0812_苏联哲学_意识形态功能.md,,德意志意识形态,米丁-辩证唯物论与历史唯物论-上-rightToLeft；米丁-辩证唯物论历史唯物论下-rightToLeft；马列著作在中国的出版,85；233；340,是,可按主题页优先检索,先查主题页《马克思恩格斯经典文本与哲学关系》，再在 T3/T10 中检索：德意志意识形态,否
1879,理性与自由,1879_理性与自由.md,3,41.49,论战与思想运动,中国近代启蒙与民主革命,论战与思想运动/中国近代启蒙与民主革命.md,低,30.63,与既有主题相近：科学理性 个性自由 西方哲学；自由 平等 抗日；严复 自由 经验论,自由(6.25),1981_自由.md,,理性与自由,“新理学”批判的批判；中国文化与马克思主义；国家主义与20世纪20年代的文化、政治,99；335；15,是,先核验原卡片再使用,先查主题页《中国近代启蒙与民主革命》，再在 T3/T10 中检索：理性与自由,否
1880,困知录,1880_困知录.md,2,39.24,中国哲学传统,现代中国哲学人物与知识论,中国哲学传统/现代中国哲学人物与知识论.md,高,100.0,命中主题路由词：三松堂|困知录|新原道|新事论|新原人|讲堂录,,,,困知录,“新理学”批判的批判；中国文化与马克思主义,81；405,是,可按主题页优先检索,先查主题页《现代中国哲学人物与知识论》，再在 T3/T10 中检索：困知录,否
1881,现代社会学,1881_现代社会学.md,3,41.8,传播史,李达与马克思主义哲学体系化,传播史/李达与马克思主义哲学体系化.md,中,62.83,与既有主题相近：李达 现代社会学 社会学大纲；李达 社会学大纲 学术史；社会学大纲 体系 深刻见解,李达 现代社会学 社会学大纲(36.11)；李达 唯物史观 现代社会学(35.0)；瞿秋白 现代社会学 社会科学概论(33.33)；社会学大纲(8.33)；李达 唯物史观 社会学(5.0),0298_李达_现代社会学_社会学大纲.md；0314_李达_唯物史观_现代社会学.md；0297_瞿秋白_现代社会学_社会科学概论.md；1868_社会学大纲.md；0284_李达_唯物史观_社会学.md,,现代社会学,"马克思主义哲学的中国化及其历程 (曾乐山著, 曾乐山著, 曾乐山)；米丁-辩证唯物论与历史唯物论-上-rightToLeft；马克思主义哲学在中国：传播 应用 形态 前景 (徐素华著, 徐素华著, 徐素华, 徐素華)",111；277；107,是,可按主题页优先检索,先查主题页《李达与马克思主义哲学体系化》，再在 T3/T10 中检索：现代社会学,否
1882,全集,1882_全集.md,3,38.1,其他待人工复核,其他待人工复核,其他待人工复核/其他待人工复核.md,低,0.0,无可靠主题页近邻,列宁全集(8.33)；三松堂全集(6.25),1842_列宁全集.md；1851_三松堂全集.md,,全集,米丁-辩证唯物论与历史唯物论-上-rightToLeft；“新理学”批判的批判；马列著作在中国的出版,84；151；406,是,先核验原卡片再使用,先查主题页《其他待人工复核》，再在 T3/T10 中检索：全集,否
1883,新原道,1883_新原道.md,3,39.04,中国哲学传统,现代中国哲学人物与知识论,中国哲学传统/现代中国哲学人物与知识论.md,高,100.0,命中主题路由词：三松堂|困知录|新原道|新事论|新原人|讲堂录,新原人(8.33),2001_新原人.md,,新原道,“新理学”批判的批判；百年中国哲学革命 (许全兴著)；冯友兰：中国哲学简史,171；393；15,是,可按主题页优先检索,先查主题页《现代中国哲学人物与知识论》，再在 T3/T10 中检索：新原道,否
1884,哲学笔记,1884_哲学笔记.md,3,40.59,苏联哲学,苏联哲学与共产国际,苏联哲学/苏联哲学与共产国际.md,低,11.91,与既有主题相近：哲学 党性 苏联；苏联哲学 问题根源；苏联哲学 振兴途径,哲学史(6.25)；大众哲学(5.0)；哲学讲话(5.0)；哲学研究(5.0),1906_哲学史.md；1849_大众哲学.md；1931_哲学讲话.md；1984_哲学研究.md,,哲学笔记,米丁-辩证唯物论历史唯物论下-rightToLeft；马克思主义哲学在中国传播与发展的百年历史(下) (胡为雄)；中国马克思主义学术史纲,183；168；78,是,先核验原卡片再使用,先查主题页《苏联哲学与共产国际》，再在 T3/T10 中检索：哲学笔记,否
1885,李达文集,1885_李达文集.md,3,40.71,传播史,李达与马克思主义哲学体系化,传播史/李达与马克思主义哲学体系化.md,低,20.16,与既有主题相近：李达 社会发展 原动力；李达 世界革命 民族革命；李达 社会学大纲 学术史,列宁文集(5.0)；冯契文集(5.0),1926_列宁文集.md；1977_冯契文集.md,,李达文集,马克思主义哲学中国化理论与历史；马克思主义哲学中国化与中国哲学的现代转型；二十世纪上半叶马克思主义哲学中国化之检视_王玉平,273；469；99,是,先核验原卡片再使用,先查主题页《李达与马克思主义哲学体系化》，再在 T3/T10 中检索：李达文集,否
1886,圣经,1886_圣经.md,3,37.68,论战与思想运动,宗教批判与无神论思想,论战与思想运动/宗教批判与无神论思想.md,高,100.0,命中主题路由词：圣经|旧约|宗教信条,,,,圣经,马恩文集第三卷（1864-1883）；马恩文集第五卷（资本论1）；马恩文集第八卷（《资本论》手稿选编）,803；1094；691,是,可按主题页优先检索,先查主题页《宗教批判与无神论思想》，再在 T3/T10 中检索：圣经,否
1887,法兰西内战,1887_法兰西内战.md,3,41.62,理论方法,马克思恩格斯经典文本与哲学关系,理论方法/马克思恩格斯经典文本与哲学关系.md,高,100.0,命中主题路由词：路易波拿巴|法兰西内战|英国工人阶级状况|新莱茵报|莱茵报|德法年鉴|纽约每日论坛报|泰晤士报|浮士德,法兰西内战 巴黎公社(37.5),1664_法兰西内战_巴黎公社.md,,法兰西内战,马列著作在中国的出版；马恩文集第三卷（1864-1883）；列宁专题文集·论马克思主义,167；149；55,是,可按主题页优先检索,先查主题页《马克思恩格斯经典文本与哲学关系》，再在 T3/T10 中检索：法兰西内战,否
1888,逻辑学,1888_逻辑学.md,3,39.15,理论方法,哲学基本范畴与辩证法原理,理论方法/哲学基本范畴与辩证法原理.md,低,7.55,与既有主题相近：辩证法 形式逻辑 论争；形式逻辑 对象 客观基础；形式逻辑 辩证逻辑 形式论理学,,,,逻辑学,米丁-辩证唯物论历史唯物论下-rightToLeft；米丁-辩证唯物论与历史唯物论-上-rightToLeft；冯友兰：中国哲学简史,324；214；168,是,先核验原卡片再使用,先查主题页《哲学基本范畴与辩证法原理》，再在 T3/T10 中检索：逻辑学,否
1889,人民国家报,1889_人民国家报.md,3,41.71,传播史,民族国家与国际关系,传播史/民族国家与国际关系.md,低,16.2,与既有主题相近：民族独立 人民解放 国家富强；大陆国家 海洋国家 哲学；国家主义派 国际主义 批判,新国家(5.0)；人民报(5.0),1946_新国家.md；1953_人民报.md,,人民国家报,列宁选集第一卷_2012；马恩文集第三卷（1864-1883）；马恩文集第十卷（书信选编）,755；145；420,是,先核验原卡片再使用,先查主题页《民族国家与国际关系》，再在 T3/T10 中检索：人民国家报,否
1890,新生活报,1890_新生活报.md,3,40.2,新哲学大众化,大众哲学案例与社会生活,新哲学大众化/大众哲学案例与社会生活.md,低,16.4,与既有主题相近：生活 作家 创作；哲学 生活 竞技 训练；作家 创作 社会生活,读书生活(5.0),1901_读书生活.md,,新生活报,列宁选集第四卷_2012；列宁选集第一卷_2012；列宁选集第三卷_2012,1131；691；908,是,先核验原卡片再使用,先查主题页《大众哲学案例与社会生活》，再在 T3/T10 中检索：新生活报,否
1891,艾思奇文集,1891_艾思奇文集.md,3,41.93,新哲学大众化,艾思奇与大众哲学,新哲学大众化/艾思奇与大众哲学.md,高,100.0,命中主题路由词：大众哲学|艾思奇,艾思奇全书(8.33)；大众哲学 艾思奇(6.25)；哲学大众化 艾思奇(5.56)；新启蒙运动 艾思奇(5.56)；艾思奇 大众哲学 贡献(5.0),1967_艾思奇全书.md；1769_大众哲学_艾思奇.md；1746_哲学大众化_艾思奇.md；1759_新启蒙运动_艾思奇.md；0359_艾思奇_大众哲学_贡献.md,,艾思奇文集,中国文化与马克思主义；马克思主义哲学史教程；马克思主义中国化的起源语境,256；930；132,是,可按主题页优先检索,先查主题页《艾思奇与大众哲学》，再在 T3/T10 中检索：艾思奇文集,否
1892,解放,1892_解放.md,3,38.08,传播史,民族国家与国际关系,传播史/民族国家与国际关系.md,低,13.17,与既有主题相近：民族解放 哲学 唯物论；反唯物论 倾向 民族解放；机械唯物论 偏向 民族解放,解放日报(8.33),1993_解放日报.md,,解放,列宁选集第四卷_2012；马克思主义哲学在中国传播与发展的百年历史(下) (胡为雄)；马克思主义哲学中国化理论与历史,1159；154；525,是,先核验原卡片再使用,先查主题页《民族国家与国际关系》，再在 T3/T10 中检索：解放,否
1893,毛泽东哲学 马克思主义哲学中国化,1893_毛泽东哲学_马克思主义哲学中国化.md,3,55.98,理论方法,马克思恩格斯经典文本与哲学关系,理论方法/马克思恩格斯经典文本与哲学关系.md,高,100.0,命中主题路由词：马恩|马克思|恩格斯|黑格尔法哲学|德意志意识形态|共产党宣言|反杜林论|自然辩证法|哥达纲领,毛泽东 马克思主义哲学中国化(59.64)；马克思主义哲学中国化 不足(55.0)；李达 马克思主义哲学中国化(55.0)；马克思主义哲学中国化 走向(55.0)；马克思主义哲学中国化 现实性(54.06),1748_毛泽东_马克思主义哲学中国化.md；1432_马克思主义哲学中国化_不足.md；1751_李达_马克思主义哲学中国化.md；1816_马克思主义哲学中国化_走向.md；1805_马克思主义哲学中国化_现实性.md,,毛泽东哲学、马克思主义哲学中国化,马克思主义哲学中国化的历史进程；马克思主义哲学在中国的传播与马克思主义哲学中国化；二十世纪上半叶马克思主义哲学中国化之检视_王玉平,7；5；152,是,可按主题页优先检索,先查主题页《马克思恩格斯经典文本与哲学关系》，再在 T3/T10 中检索：毛泽东哲学|马克思主义哲学中国化,否
1894,何干之文集,1894_何干之文集.md,3,41.97,论战与思想运动,新启蒙运动,论战与思想运动/新启蒙运动.md,高,100.0,命中主题路由词：何干之,,,,何干之文集,继承五四和扬弃五四；马克思主义中国化的起源语境；新启蒙运动与新民主主义文化思想的形成_卢毅,73；152；5,是,可按主题页优先检索,先查主题页《新启蒙运动》，再在 T3/T10 中检索：何干之文集,否
1895,政治经济学批判,1895_政治经济学批判.md,3,44.65,理论方法,政治经济学与资本主义批判,理论方法/政治经济学与资本主义批判.md,高,100.0,命中主题路由词：资本论|剩余价值|商品拜物教|生产价格|地租|政治经济学|资本积累,政治经济学批判 方法(53.75)；劳动 政治经济学(12.5)；政治经济学 生产(12.5)；毛泽东 读 政治经济学教科书(7.69)；哲学 批判 政治 宗教(7.5),1678_政治经济学批判_方法.md；1709_劳动_政治经济学.md；1725_政治经济学_生产.md；0625_毛泽东_读_政治经济学教科书.md；1087_哲学_批判_政治_宗教.md,,政治经济学批判,米丁-辩证唯物论与历史唯物论-上-rightToLeft；米丁-辩证唯物论历史唯物论下-rightToLeft；马恩文集第二卷（1848-1859）,180；274；17,是,可按主题页优先检索,先查主题页《政治经济学与资本主义批判》，再在 T3/T10 中检索：政治经济学批判,否
1896,国家与革命,1896_国家与革命.md,3,41.77,理论方法,阶级斗争与社会革命理论,理论方法/阶级斗争与社会革命理论.md,低,14.24,与既有主题相近：国家 革命 无产阶级专政；列宁 国家 革命 无产阶级专政；李达 阶级 国家 社会意识 社会革命,国家与革命 无产阶级专政(35.0)；新国家(5.0),1654_国家与革命_无产阶级专政.md；1946_新国家.md,,国家与革命,马列著作在中国的出版；列宁选集第三卷_2012；马克思主义哲学史教程,291；172；454,是,先核验原卡片再使用,先查主题页《阶级斗争与社会革命理论》，再在 T3/T10 中检索：国家与革命,否
1897,工人思想报,1897_工人思想报.md,3,41.99,论战与思想运动,中国近代启蒙与民主革命,论战与思想运动/中国近代启蒙与民主革命.md,低,18.1,与既有主题相近：罗素 思想 介绍；杜威 思想 介绍；柏格森 思想 介绍,工人报(5.0),1899_工人报.md,,工人思想报,列宁选集第一卷_2012；列宁选集第二卷_2012；列宁专题文集·论无产阶级政党,352；526；8,是,先核验原卡片再使用,先查主题页《中国近代启蒙与民主革命》，再在 T3/T10 中检索：工人思想报,否
1898,李大钊文集,1898_李大钊文集.md,3,41.89,传播史,李大钊与唯物史观传播,传播史/李大钊与唯物史观传播.md,高,100.0,命中主题路由词：李大钊,李大钊 青春哲学(6.25)；李大钊 众庶 英雄(6.25)；唯物史观 李大钊(6.25)；李大钊 宇宙 大实在(5.56)；李大钊 唯物史观 研究(5.0),0347_李大钊_青春哲学.md；0351_李大钊_众庶_英雄.md；1775_唯物史观_李大钊.md；0348_李大钊_宇宙_大实在.md；0258_李大钊_唯物史观_研究.md,,李大钊文集,继承五四和扬弃五四；马克思主义哲学中国化理论与历史；马克思主义哲学中国化与中国哲学的现代转型,85；125；394,是,可按主题页优先检索,先查主题页《李大钊与唯物史观传播》，再在 T3/T10 中检索：李大钊文集,否
1899,工人报,1899_工人报.md,3,39.02,论战与思想运动,中国近代启蒙与民主革命,论战与思想运动/中国近代启蒙与民主革命.md,低,3.59,与既有主题相近：军事反对派 民主集中派 工人反对派；过渡时期 工人阶级 民族资产阶级 矛盾,工人事业(6.25)；工人思想报(5.0),1855_工人事业.md；1897_工人思想报.md,,工人报,列宁选集第一卷_2012；列宁选集第三卷_2012；马恩文集第三卷（1864-1883）,460；729；804,是,先核验原卡片再使用,先查主题页《中国近代启蒙与民主革命》，再在 T3/T10 中检索：工人报,否
1900,信条,1900_信条.md,3,37.94,其他待人工复核,其他待人工复核,其他待人工复核/其他待人工复核.md,低,0.0,无可靠主题页近邻,,,,信条,列宁选集第一卷_2012；列宁专题文集·论无产阶级政党；马恩文集第十卷（书信选编）,352；77；631,是,先核验原卡片再使用,先查主题页《其他待人工复核》，再在 T3/T10 中检索：信条,否
1901,读书生活,1901_读书生活.md,3,39.96,新哲学大众化,大众哲学案例与社会生活,新哲学大众化/大众哲学案例与社会生活.md,低,16.4,与既有主题相近：生活 作家 创作；哲学 生活 竞技 训练；作家 创作 社会生活,青年 读书 精神生活(6.25)；新生活报(5.0)；读书月报(5.0),0943_青年_读书_精神生活.md；1890_新生活报.md；1914_读书月报.md,,读书生活,马克思主义中国化的起源语境；“新哲学”大众化运动研究；马列著作在中国的出版,30；134；222,是,先核验原卡片再使用,先查主题页《大众哲学案例与社会生活》，再在 T3/T10 中检索：读书生活,否
1902,马藏,1902_马藏.md,2,36.87,传播史,早期马克思主义传播主体与传播载体,传播史/早期马克思主义传播主体与传播载体.md,高,100.0,命中主题路由词：马藏|每周评论|北平晨报|晨报|向导|新华日报|先驱|曙光,,,,马藏,马列著作在中国的出版；马克思主义在中国早期传播若干问题的辨析_田子渝,463；4,是,可按主题页优先检索,先查主题页《早期马克思主义传播主体与传播载体》，再在 T3/T10 中检索：马藏,否
1903,新事论,1903_新事论.md,3,38.37,中国哲学传统,现代中国哲学人物与知识论,中国哲学传统/现代中国哲学人物与知识论.md,高,100.0,命中主题路由词：三松堂|困知录|新原道|新事论|新原人|讲堂录,,,,新事论,百年中国哲学革命 (许全兴著)；“新理学”批判的批判；中国文化与马克思主义,393；90；335,是,可按主题页优先检索,先查主题页《现代中国哲学人物与知识论》，再在 T3/T10 中检索：新事论,否
1904,社会主义从空想到科学的发展,1904_社会主义从空想到科学的发展.md,3,45.97,理论方法,哲学基本范畴与辩证法原理,理论方法/哲学基本范畴与辩证法原理.md,低,20.29,与既有主题相近：社会主义社会 发展动力 讨论；共产主义 社会主义 发展经验；社会发展规律 社会主义 必然兴起,社会主义社会 发展动力 讨论(5.56)；共产主义 社会主义 发展经验(5.56)；俄国 社会主义(5.36)；德国 社会主义(5.36)；法国 社会主义(5.36),0979_社会主义社会_发展动力_讨论.md；1477_共产主义_社会主义_发展经验.md；1758_俄国_社会主义.md；1772_德国_社会主义.md；1817_法国_社会主义.md,,社会主义从空想到科学的发展,米丁-辩证唯物论历史唯物论下-rightToLeft；马列著作在中国的出版；马克思主义哲学在中国传播与发展的百年历史(上) (胡为雄),226；380；9,是,先核验原卡片再使用,先查主题页《哲学基本范畴与辩证法原理》，再在 T3/T10 中检索：社会主义从空想到科学的发展,否
1905,曙光,1905_曙光.md,3,37.39,传播史,早期马克思主义传播主体与传播载体,传播史/早期马克思主义传播主体与传播载体.md,高,100.0,命中主题路由词：马藏|每周评论|北平晨报|晨报|向导|新华日报|先驱|曙光,,,,曙光,马克思主义在中国早期传播若干问题的辨析_田子渝；列宁选集第四卷_2012；列宁选集第一卷_2012,9；923；910,是,可按主题页优先检索,先查主题页《早期马克思主义传播主体与传播载体》，再在 T3/T10 中检索：曙光,否
1906,哲学史,1906_哲学史.md,3,41.63,中国哲学传统,中国哲学传统与现代转型,中国哲学传统/中国哲学传统与现代转型.md,低,29.01,与既有主题相近：嵇文甫 中国哲学史 研究；中国哲学史 方法论 讨论；评法批儒 中国哲学史 篡改,哲学史 哲学概论 读法(22.14)；思维与存在 关系 哲学史(20.56)；哲学史 社会实践 认识辩证运动(19.17)；哲学史讲演录(10.0)；大众哲学(6.25),0942_哲学史_哲学概论_读法.md；0941_思维与存在_关系_哲学史.md；0940_哲学史_社会实践_认识辩证运动.md；1990_哲学史讲演录.md；1849_大众哲学.md,,哲学史,马克思主义哲学史教程；马克思主义哲学中国化理论与历史；列宁选集第四卷_2012,140；273；1039,是,先核验原卡片再使用,先查主题页《中国哲学传统与现代转型》，再在 T3/T10 中检索：哲学史,否
1907,群众,1907_群众.md,3,38.36,中国化,实事求是与群众路线,中国化/实事求是与群众路线.md,低,12.6,与既有主题相近：群众路线 认识论；群众路线 领导方法；群众路线 思想 系统阐述,,,,群众,列宁选集第四卷_2012；中国文化与马克思主义；马克思主义中国化史·第1卷，1919_1949 by 丁俊萍 (z-lib.org),1087；332；367,是,先核验原卡片再使用,先查主题页《实事求是与群众路线》，再在 T3/T10 中检索：群众,否
1908,新理学,1908_新理学.md,3,41.74,论战与思想运动,新理学批判,论战与思想运动/新理学批判.md,高,100.0,命中主题路由词：新理学|冯友兰,冯友兰 新理学(25.0)；新理学 批判 胡绳(23.33)；冯友兰 新理学 批判(22.14)；新理学 马克思主义者(21.25)；冯友兰 新理学 马克思主义哲学(19.17),1605_冯友兰_新理学.md；0477_新理学_批判_胡绳.md；1640_冯友兰_新理学_批判.md；1708_新理学_马克思主义者.md；0763_冯友兰_新理学_马克思主义哲学.md,,新理学,“新理学”批判的批判；百年中国哲学革命 (许全兴著)；冯契文集第七卷中国近代哲学的革命进程,81；393；684,是,可按主题页优先检索,先查主题页《新理学批判》，再在 T3/T10 中检索：新理学,否
1909,魏源 龚自珍,1909_魏源_龚自珍.md,3,42.73,论战与思想运动,中国近代启蒙与民主革命,论战与思想运动/中国近代启蒙与民主革命.md,中,82.4,与既有主题相近：龚自珍 自我 衰世 批判；龚自珍 自尊其心 历史变易；龚自珍 个性解放 人生理想,龚自珍 自我 衰世 批判(20.0)；龚自珍 自尊其心 历史变易(19.17)；龚自珍 个性解放 人生理想(19.17)；魏源 善言古者 验于今(12.27)；魏源 我有乘于物 及之而后知(11.79),1512_龚自珍_自我_衰世_批判.md；1513_龚自珍_自尊其心_历史变易.md；1514_龚自珍_个性解放_人生理想.md；1515_魏源_善言古者_验于今.md；1516_魏源_我有乘于物_及之而后知.md,,魏源、龚自珍,"马克思主义哲学的中国化及其历程 (曾乐山著, 曾乐山著, 曾乐山)；冯契文集第七卷中国近代哲学的革命进程；中国近代思想史论",273；55；125,是,可按主题页优先检索,先查主题页《中国近代启蒙与民主革命》，再在 T3/T10 中检索：魏源|龚自珍,否
1910,剩余价值理论,1910_剩余价值理论.md,3,42.85,理论方法,政治经济学与资本主义批判,理论方法/政治经济学与资本主义批判.md,高,100.0,命中主题路由词：资本论|剩余价值|商品拜物教|生产价格|地租|政治经济学|资本积累,剩余价值 劳动(10.71)；剩余价值 生产(10.71)；剩余价值 商品(10.71)；资本论 剩余价值(9.38)；劳动 剩余价值 生产(8.33),1625_剩余价值_劳动.md；1671_剩余价值_生产.md；1702_剩余价值_商品.md；1670_资本论_剩余价值.md；0018_劳动_剩余价值_生产.md,,剩余价值理论,马恩文集第六卷（资本论2）；马恩文集第九卷（反杜林论 自然辩证法）；当前马克思主义研究中的五个重大问题_杨耕,9；7；12,是,可按主题页优先检索,先查主题页《政治经济学与资本主义批判》，再在 T3/T10 中检索：剩余价值理论,否
1911,神圣家族,1911_神圣家族.md,3,40.14,苏联哲学,苏联哲学与共产国际,苏联哲学/苏联哲学与共产国际.md,低,2.5,与既有主题相近：苏联经验 神圣化 批判,,,,神圣家族,米丁-辩证唯物论与历史唯物论-上-rightToLeft；马恩文集第一卷（1843-1848）；马恩文集第四卷（1884-1895）,12；206；312,是,先核验原卡片再使用,先查主题页《苏联哲学与共产国际》，再在 T3/T10 中检索：神圣家族,否
1912,新世训,1912_新世训.md,3,38.37,中国哲学传统,中国哲学传统与现代转型,中国哲学传统/中国哲学传统与现代转型.md,中,22.14,与既有主题相近：冯友兰 新世训 批评,冯友兰 新世训 批评(22.14),0476_冯友兰_新世训_批评.md,,新世训,百年中国哲学革命 (许全兴著)；“新理学”批判的批判；冯契文集第七卷中国近代哲学的革命进程,393；90；538,是,可按主题页优先检索,先查主题页《中国哲学传统与现代转型》，再在 T3/T10 中检索：新世训,否
1913,东方杂志,1913_东方杂志.md,3,40.06,论战与思想运动,文学艺术与文艺理论,论战与思想运动/文学艺术与文艺理论.md,低,2.27,与既有主题相近：翻译年 杂志年 文学运动,,,,东方杂志,列宁专题文集·论社会主义；论苏联“一五计划”对20世纪30年代初中国知识界的影响_郑大华；马克思主义哲学史教程,377；5；887,是,先核验原卡片再使用,先查主题页《文学艺术与文艺理论》，再在 T3/T10 中检索：东方杂志,否
1914,读书月报,1914_读书月报.md,3,40.68,新哲学大众化,青年教育与人生观,新哲学大众化/青年教育与人生观.md,低,5.56,与既有主题相近：青年 读书 精神生活；贫穷 知识 读书 青年,读书生活(5.0),1901_读书生活.md,,读书月报,继承五四和扬弃五四；马克思主义中国化的起源语境；延安时期知识分子群体与马克思主义哲学大众化郭 - 2015 -,75；96；115,是,先核验原卡片再使用,先查主题页《青年教育与人生观》，再在 T3/T10 中检索：读书月报,否
1915,德法年鉴,1915_德法年鉴.md,3,40.17,理论方法,马克思恩格斯经典文本与哲学关系,理论方法/马克思恩格斯经典文本与哲学关系.md,高,100.0,命中主题路由词：路易波拿巴|法兰西内战|英国工人阶级状况|新莱茵报|莱茵报|德法年鉴|纽约每日论坛报|泰晤士报|浮士德,,,,德法年鉴,马恩文集第五卷（资本论1）；马恩文集第一卷（1843-1848）；马恩文集第八卷（《资本论》手稿选编）,212；413；502,是,可按主题页优先检索,先查主题页《马克思恩格斯经典文本与哲学关系》，再在 T3/T10 中检索：德法年鉴,否
1916,新民主主义论,1916_新民主主义论.md,3,43.33,中国化,新民主主义革命理论与马克思主义中国化,中国化/新民主主义革命理论与马克思主义中国化.md,高,100.0,命中主题路由词：三民主义|中国之命运|新民主主义,新民主主义论 再评价(45.62)；新民主主义论 哲学思想(43.89)；毛泽东 新民主主义论 评价(42.5)；新民主主义 话语权(12.5)；新民主主义 构想 实践(11.11),0623_新民主主义论_再评价.md；0563_新民主主义论_哲学思想.md；0624_毛泽东_新民主主义论_评价.md；1649_新民主主义_话语权.md；0525_新民主主义_构想_实践.md,,新民主主义论,"马克思主义哲学中国化理论与历史；马克思主义哲学在中国：传播 应用 形态 前景 (徐素华著, 徐素华著, 徐素华, 徐素華)；马克思主义中国化史·第1卷，1919_1949 by 丁俊萍 (z-lib.org)",466；177；319,是,可按主题页优先检索,先查主题页《新民主主义革命理论与马克思主义中国化》，再在 T3/T10 中检索：新民主主义论,否
1917,毛泽东文集,1917_毛泽东文集.md,3,41.45,中国化,毛泽东哲学与中国革命经验,中国化/毛泽东哲学与中国革命经验.md,高,100.0,命中主题路由词：毛泽东|抗日战争.*哲学,毛泽东 文化观 文化建设(8.33)；毛泽东选集(8.33)；毛泽东早期文稿(6.25)；毛泽东 世界观 转变(5.56)；矛盾论 辩证 毛泽东(5.56),0631_毛泽东_文化观_文化建设.md；1858_毛泽东选集.md；1951_毛泽东早期文稿.md；0573_毛泽东_世界观_转变.md；0630_矛盾论_辩证_毛泽东.md,,毛泽东文集,延安时期知识分子群体与马克思主义哲学大众化郭 - 2015 -；马克思主义哲学中国化理论与历史；马克思主义哲学中国化与中国哲学的现代转型,188；391；157,是,可按主题页优先检索,先查主题页《毛泽东哲学与中国革命经验》，再在 T3/T10 中检索：毛泽东文集,否
1918,仁学,1918_仁学.md,3,37.83,论战与思想运动,中国近代启蒙与民主革命,论战与思想运动/中国近代启蒙与民主革命.md,低,39.36,与既有主题相近：谭嗣同 冲决网罗 仁学；谭嗣同 仁学 冲决网罗；谭嗣同 仁学 个性解放,仁学 谭嗣同(16.25)；谭嗣同 仁学 个性解放(13.12)；谭嗣同 仁学 冲决网罗(13.12)；谭嗣同 冲决网罗 仁学(13.12),1776_仁学_谭嗣同.md；0163_谭嗣同_仁学_个性解放.md；0175_谭嗣同_仁学_冲决网罗.md；0248_谭嗣同_冲决网罗_仁学.md,,仁学,中国文化与马克思主义；中国近代思想史论；近五十年中国思想史 (郭湛波),195；201；52,是,先核验原卡片再使用,先查主题页《中国近代启蒙与民主革命》，再在 T3/T10 中检索：仁学,否
1919,瞿秋白文集,1919_瞿秋白文集.md,3,41.91,传播史,瞿秋白与辩证唯物主义传播,传播史/瞿秋白与辩证唯物主义传播.md,高,100.0,命中主题路由词：瞿秋白,瞿秋白 真理论 反映论(5.0)；瞿秋白 东西文化 特点(5.0),0337_瞿秋白_真理论_反映论.md；0340_瞿秋白_东西文化_特点.md,,瞿秋白文集,马克思主义哲学史教程；中国文化与马克思主义；马克思主义哲学中国化与中国哲学的现代转型,930；309；434,是,可按主题页优先检索,先查主题页《瞿秋白与辩证唯物主义传播》，再在 T3/T10 中检索：瞿秋白文集,否
1920,大公报,1920_大公报.md,3,39.2,理论方法,马克思恩格斯经典文本与哲学关系,理论方法/马克思恩格斯经典文本与哲学关系.md,低,6.33,与既有主题相近：马克思 汉语译名 万国公报；李提摩太 万国公报 马克思；李提摩太 万国公报 马克思 恩格斯,,,,大公报,延安时期知识分子群体与马克思主义哲学大众化郭 - 2015 -；论苏联“一五计划”对20世纪30年代初中国知识界的影响_郑大华；“新哲学”大众化运动研究,134；5；265,是,先核验原卡片再使用,先查主题页《马克思恩格斯经典文本与哲学关系》，再在 T3/T10 中检索：大公报,否
1921,胡绳全书,1921_胡绳全书.md,3,40.68,新哲学大众化,胡绳与马克思主义哲学通俗宣传,新哲学大众化/胡绳与马克思主义哲学通俗宣传.md,高,100.0,命中主题路由词：胡绳,,,,胡绳全书,继承五四和扬弃五四；马克思主义中国化的起源语境；“新哲学”大众化运动研究,75；92；269,是,可按主题页优先检索,先查主题页《胡绳与马克思主义哲学通俗宣传》，再在 T3/T10 中检索：胡绳全书,否
1922,俄国财富,1922_俄国财富.md,3,40.54,苏联哲学,苏联哲学对中国马克思主义哲学的影响,苏联哲学/苏联哲学对中国马克思主义哲学的影响.md,低,12.8,与既有主题相近：俄国十月革命 中国 影响；马克思主义 俄国化 中国革命；中国共产党 俄国模式 共产国际,,,,俄国财富,列宁选集第一卷_2012；列宁选集第三卷_2012；列宁选集第二卷_2012,138；939；940,是,先核验原卡片再使用,先查主题页《苏联哲学对中国马克思主义哲学的影响》，再在 T3/T10 中检索：俄国财富,否
1923,国民报,1923_国民报.md,3,38.65,论战与思想运动,新启蒙运动,论战与思想运动/新启蒙运动.md,低,2.5,与既有主题相近：五四精神 爱国 民主 科学,民报(12.5)；人民报(8.33),1942_民报.md；1953_人民报.md,,国民报,马恩文集第二卷（1848-1859）；马恩文集第九卷（反杜林论 自然辩证法）；马恩文集第四卷（1884-1895）,143；586；658,是,先核验原卡片再使用,先查主题页《新启蒙运动》，再在 T3/T10 中检索：国民报,否
1924,英国工人阶级状况,1924_英国工人阶级状况.md,3,45.59,理论方法,马克思恩格斯经典文本与哲学关系,理论方法/马克思恩格斯经典文本与哲学关系.md,高,100.0,命中主题路由词：路易波拿巴|法兰西内战|英国工人阶级状况|新莱茵报|莱茵报|德法年鉴|纽约每日论坛报|泰晤士报|浮士德,工人阶级 英国(12.5)；劳动 工人阶级(8.33)；工人阶级 斗争(8.33)；工人阶级 白领工人 蓝领工人(6.25)；民族工业 工人阶级 壮大(5.77),1737_工人阶级_英国.md；1767_劳动_工人阶级.md；1778_工人阶级_斗争.md；1470_工人阶级_白领工人_蓝领工人.md；1423_民族工业_工人阶级_壮大.md,,英国工人阶级状况,马恩文集第十卷（书信选编）；马恩文集第五卷（资本论1）；马恩文集第一卷（1843-1848）,51；304；370,是,可按主题页优先检索,先查主题页《马克思恩格斯经典文本与哲学关系》，再在 T3/T10 中检索：英国工人阶级状况,否
1925,少年中国,1925_少年中国.md,3,38.92,中国哲学传统,中国哲学传统与现代转型,中国哲学传统/中国哲学传统与现代转型.md,低,11.12,与既有主题相近：哲学 宗教 中国文化；内圣 外王 中国哲学；中国哲学 问题 精神,近五十年 中国思想 变动(5.0),1385_近五十年_中国思想_变动.md,,少年中国,"国家主义与20世纪20年代的文化、政治；马克思主义哲学的中国化及其历程 (曾乐山著, 曾乐山著, 曾乐山)；马克思主义中国化史·第1卷，1919_1949 by 丁俊萍 (z-lib.org)",87；99；137,是,先核验原卡片再使用,先查主题页《中国哲学传统与现代转型》，再在 T3/T10 中检索：少年中国,否
1926,列宁文集,1926_列宁文集.md,3,40.07,苏联哲学,列宁哲学与社会主义实践,苏联哲学/列宁哲学与社会主义实践.md,高,100.0,命中主题路由词：列宁|马赫主义|新经济政策,列宁专题文集(8.33)；列宁全集(5.0)；列宁选集(5.0)；李达文集(5.0)；冯契文集(5.0),1930_列宁专题文集.md；1842_列宁全集.md；1877_列宁选集.md；1885_李达文集.md；1977_冯契文集.md,,列宁文集,米丁-辩证唯物论历史唯物论下-rightToLeft；米丁-辩证唯物论与历史唯物论-上-rightToLeft；中国马克思主义学术史纲,171；295；78,是,可按主题页优先检索,先查主题页《列宁哲学与社会主义实践》，再在 T3/T10 中检索：列宁文集,否
1927,天演论,1927_天演论.md,3,38.56,论战与思想运动,中国近代启蒙与民主革命,论战与思想运动/中国近代启蒙与民主革命.md,中,24.92,与既有主题相近：严复 天演论 进化论；严复 天演之学 经验论,严复 天演论 进化论(22.14),0179_严复_天演论_进化论.md,,天演论,中国文化与马克思主义；近五十年中国思想史 (郭湛波)；国家主义与20世纪20年代的文化、政治,210；73；19,是,可按主题页优先检索,先查主题页《中国近代启蒙与民主革命》，再在 T3/T10 中检索：天演论,否
1928,易传,1928_易传.md,3,36.8,中国哲学传统,中国古代哲学概念与思想传统,中国哲学传统/中国古代哲学概念与思想传统.md,高,100.0,命中主题路由词：易传|周易|中庸|墨经|老子,,,,易传,中国现代思想史论；认识世界和认识自己；冯友兰：中国哲学简史,378；220；8,是,可按主题页优先检索,先查主题页《中国古代哲学概念与思想传统》，再在 T3/T10 中检索：易传,否
1929,祖国纪事,1929_祖国纪事.md,3,39.95,传播史,早期马克思主义传播主体与传播载体,传播史/早期马克思主义传播主体与传播载体.md,高,100.0,命中主题路由词：火星报|前进报|祖国纪事|言语报|论坛报,,,,祖国纪事,列宁选集第一卷_2012；马恩文集第十卷（书信选编）；米丁-辩证唯物论与历史唯物论-上-rightToLeft,63；995；326,是,可按主题页优先检索,先查主题页《早期马克思主义传播主体与传播载体》，再在 T3/T10 中检索：祖国纪事,否
1930,列宁专题文集,1930_列宁专题文集.md,3,44.12,苏联哲学,列宁哲学与社会主义实践,苏联哲学/列宁哲学与社会主义实践.md,高,100.0,命中主题路由词：列宁|马赫主义|新经济政策,列宁文集(8.33),1926_列宁文集.md,,列宁专题文集,列宁专题文集·论辩证唯物主义和历史唯物主义；列宁主义早期传播与马克思主义中国化研究_曾银慧；列宁专题文集·论资本主义,2；4,是,可按主题页优先检索,先查主题页《列宁哲学与社会主义实践》，再在 T3/T10 中检索：列宁专题文集,否
1931,哲学讲话,1931_哲学讲话.md,3,40.16,新哲学大众化,新哲学大众化运动,新哲学大众化/新哲学大众化运动.md,中,37.31,与既有主题相近：哲学讲话 日常生活 哲学观点；陈唯实 新哲学体系讲话 大众生活；哲学 生活 人生观,大众哲学 哲学讲话 通俗化(28.33)；哲学讲话 日常生活 哲学观点(27.5)；哲学史(6.25)；大众哲学(5.0)；哲学笔记(5.0),0396_大众哲学_哲学讲话_通俗化.md；0397_哲学讲话_日常生活_哲学观点.md；1906_哲学史.md；1849_大众哲学.md；1884_哲学笔记.md,,哲学讲话,"马克思主义哲学在中国：传播 应用 形态 前景 (徐素华著, 徐素华著, 徐素华, 徐素華)；马克思主义哲学在中国传播与发展的百年历史(上) (胡为雄)；“新哲学”大众化运动研究",479；269；249,是,可按主题页优先检索,先查主题页《新哲学大众化运动》，再在 T3/T10 中检索：哲学讲话,否
1932,莱茵报,1932_莱茵报.md,3,39.15,理论方法,马克思恩格斯经典文本与哲学关系,理论方法/马克思恩格斯经典文本与哲学关系.md,高,100.0,命中主题路由词：路易波拿巴|法兰西内战|英国工人阶级状况|新莱茵报|莱茵报|德法年鉴|纽约每日论坛报|泰晤士报|浮士德,新莱茵报(16.67),1863_新莱茵报.md,,莱茵报,列宁选集第一卷_2012；马克思主义哲学在中国传播与发展的百年历史(上) (胡为雄)；马恩文集第四卷（1884-1895）,561；23；734,是,可按主题页优先检索,先查主题页《马克思恩格斯经典文本与哲学关系》，再在 T3/T10 中检索：莱茵报,否
1933,我的马克思主义观,1933_我的马克思主义观.md,3,45.47,理论方法,马克思恩格斯经典文本与哲学关系,理论方法/马克思恩格斯经典文本与哲学关系.md,高,100.0,命中主题路由词：马恩|马克思|恩格斯|黑格尔法哲学|德意志意识形态|共产党宣言|反杜林论|自然辩证法|哥达纲领,上海 马克思主义者(10.0)；新理学 马克思主义者(9.09)；中国马克思主义 马克思主义者(9.09)；在马克思主义旗帜下(9.09)；唯物史观派 马克思主义(8.33),1740_上海_马克思主义者.md；1708_新理学_马克思主义者.md；1788_中国马克思主义_马克思主义者.md；1940_在马克思主义旗帜下.md；0041_唯物史观派_马克思主义.md,,我的马克思主义观,"马克思主义哲学中国化理论与历史；马克思主义哲学的中国化及其历程 (曾乐山著, 曾乐山著, 曾乐山)；百年中国哲学革命 (许全兴著)",144；87；111,是,可按主题页优先检索,先查主题页《马克思恩格斯经典文本与哲学关系》，再在 T3/T10 中检索：我的马克思主义观,否
1934,邓小平文选,1934_邓小平文选.md,3,41.92,当代反思,社会主义建设与改革开放哲学反思,当代反思/社会主义建设与改革开放哲学反思.md,低,9.73,与既有主题相近：邓小平 价值观 特色；邓小平 哲学理论 当代形态,邓小平 实践观 特色(5.56)；邓小平 价值观 特色(5.56),0657_邓小平_实践观_特色.md；0658_邓小平_价值观_特色.md,,邓小平文选,马克思主义哲学中国化理论与历史；马克思主义哲学中国化与中国哲学的现代转型；马克思主义哲学史教程,531；672；1089,是,先核验原卡片再使用,先查主题页《社会主义建设与改革开放哲学反思》，再在 T3/T10 中检索：邓小平文选,否
1935,银行,1935_银行.md,3,38.19,理论方法,政治经济学与资本主义批判,理论方法/政治经济学与资本主义批判.md,高,100.0,命中主题路由词：银行,,,,银行,列宁选集第四卷_2012；列宁选集第二卷_2012；列宁专题文集·论资本主义,974；617；176,是,可按主题页优先检索,先查主题页《政治经济学与资本主义批判》，再在 T3/T10 中检索：银行,否
1936,张申府文集,1936_张申府文集.md,3,41.97,新哲学大众化,新哲学大众化运动,新哲学大众化/新哲学大众化运动.md,低,5.56,与既有主题相近：张申府 新哲学 思想,张申府 新哲学 思想(5.56)；张申府 罗素 辩证法(5.56)；张申府 新启蒙运动(5.56)；中国现代哲学 张申府(5.0),0369_张申府_新哲学_思想.md；1641_张申府_罗素_辩证法.md；1742_张申府_新启蒙运动.md；1830_中国现代哲学_张申府.md,,张申府文集,继承五四和扬弃五四；20世纪30年代~40年代马克思主义哲学与中国传统哲学结合的形态_李维武；马克思主义中国化的起源语境,53；11；65,是,先核验原卡片再使用,先查主题页《新哲学大众化运动》，再在 T3/T10 中检索：张申府文集,否
1937,战时文化,1937_战时文化.md,3,40.09,中国哲学传统,中国哲学传统与现代转型,中国哲学传统/中国哲学传统与现代转型.md,低,7.55,与既有主题相近：哲学 宗教 中国文化；中国文化 古与今 联系；古代传统 现代传统 中国文化,文化建设(5.0),2020_文化建设.md,,战时文化,什么是新启蒙运动；马克思主义中国化的起源语境；我們關於目前文化運動的意見（摘載）,177；126；2,是,先核验原卡片再使用,先查主题页《中国哲学传统与现代转型》，再在 T3/T10 中检索：战时文化,否
1938,纽约每日论坛报,1938_纽约每日论坛报.md,3,44.0,理论方法,马克思恩格斯经典文本与哲学关系,理论方法/马克思恩格斯经典文本与哲学关系.md,高,100.0,命中主题路由词：路易波拿巴|法兰西内战|英国工人阶级状况|新莱茵报|莱茵报|德法年鉴|纽约每日论坛报|泰晤士报|浮士德,论坛报(8.33),1985_论坛报.md,,纽约每日论坛报,马恩文集第二卷（1848-1859）；马恩文集第七卷（资本论3）；马恩文集第十卷（书信选编）,703；1157；942,是,可按主题页优先检索,先查主题页《马克思恩格斯经典文本与哲学关系》，再在 T3/T10 中检索：纽约每日论坛报,否
1939,泰晤士报,1939_泰晤士报.md,3,40.12,理论方法,马克思恩格斯经典文本与哲学关系,理论方法/马克思恩格斯经典文本与哲学关系.md,高,100.0,命中主题路由词：路易波拿巴|法兰西内战|英国工人阶级状况|新莱茵报|莱茵报|德法年鉴|纽约每日论坛报|泰晤士报|浮士德,,,,泰晤士报,马恩文集第五卷（资本论1）；马恩文集第二卷（1848-1859）；列宁选集第四卷_2012,362；670；291,是,可按主题页优先检索,先查主题页《马克思恩格斯经典文本与哲学关系》，再在 T3/T10 中检索：泰晤士报,否
1940,在马克思主义旗帜下,1940_在马克思主义旗帜下.md,3,46.05,理论方法,马克思恩格斯经典文本与哲学关系,理论方法/马克思恩格斯经典文本与哲学关系.md,高,100.0,命中主题路由词：马恩|马克思|恩格斯|黑格尔法哲学|德意志意识形态|共产党宣言|反杜林论|自然辩证法|哥达纲领,上海 马克思主义者(9.09)；我的马克思主义观(9.09)；新理学 马克思主义者(8.33)；中国马克思主义 马克思主义者(8.33)；唯物史观派 马克思主义(7.69),1740_上海_马克思主义者.md；1933_我的马克思主义观.md；1708_新理学_马克思主义者.md；1788_中国马克思主义_马克思主义者.md；0041_唯物史观派_马克思主义.md,,在马克思主义旗帜下,米丁-辩证唯物论与历史唯物论-上-rightToLeft；苏联哲学70年 (安启念著)；米丁-辩证唯物论历史唯物论下-rightToLeft,121；16；79,是,可按主题页优先检索,先查主题页《马克思恩格斯经典文本与哲学关系》，再在 T3/T10 中检索：在马克思主义旗帜下,否
1941,杜国庠文集,1941_杜国庠文集.md,3,42.06,中国哲学传统,中国古代哲学概念与思想传统,中国哲学传统/中国古代哲学概念与思想传统.md,低,4.17,与既有主题相近：杜国庠 先秦诸子思想 研究,,,,杜国庠文集,"“新理学”批判的批判；马克思主义哲学在中国：传播 应用 形态 前景 (徐素华著, 徐素华著, 徐素华, 徐素華)；冯契文集第七卷中国近代哲学的革命进程",151；353；661,是,先核验原卡片再使用,先查主题页《中国古代哲学概念与思想传统》，再在 T3/T10 中检索：杜国庠文集,否
1942,民报,1942_民报.md,3,37.85,理论方法,马克思恩格斯经典文本与哲学关系,理论方法/马克思恩格斯经典文本与哲学关系.md,低,12.78,与既有主题相近：民报 马克思 共产党宣言,民报 马克思 共产党宣言(12.78)；国民报(12.5)；人民报(12.5),1190_民报_马克思_共产党宣言.md；1923_国民报.md；1953_人民报.md,,民报,延安时期知识分子群体与马克思主义哲学大众化郭 - 2015 -；马恩文集第二卷（1848-1859）；列宁选集第二卷_2012,134；17；513,是,先核验原卡片再使用,先查主题页《马克思恩格斯经典文本与哲学关系》，再在 T3/T10 中检索：民报,否
1943,社会进化史,1943_社会进化史.md,3,41.25,新哲学大众化,人生观与青年哲学教育,新哲学大众化/人生观与青年哲学教育.md,低,8.12,与既有主题相近：宇宙 社会 本体；人生 活动 社会基础；人 自然的人 社会的人,,,,社会进化史,马克思主义哲学中国化理论与历史；马克思主义哲学史教程；马克思主义哲学中国化与中国哲学的现代转型,198；875；307,是,先核验原卡片再使用,先查主题页《人生观与青年哲学教育》，再在 T3/T10 中检索：社会进化史,否
1944,共产主义ABC,1944_共产主义ABC.md,3,46.25,传播史,民族国家与国际关系,传播史/民族国家与国际关系.md,低,18.27,与既有主题相近：共产主义者 道德 民族道德；国际共产主义运动 中国 影响；国际主义 民族主义 中国共产党,共产主义 劳动(9.38)；共产主义 翻译(9.38)；共产主义宣言(9.38)；战时共产主义 政策 评价(6.25)；共产主义者 道德 民族道德(6.25),1782_共产主义_劳动.md；1837_共产主义_翻译.md；1958_共产主义宣言.md；1254_战时共产主义_政策_评价.md；1598_共产主义者_道德_民族道德.md,,共产主义ABC,共产主义abc中文翻译版；马克思主义哲学在中国传播与发展的百年历史(下) (胡为雄)；“新哲学”大众化运动研究,1；296；94,是,先核验原卡片再使用,先查主题页《民族国家与国际关系》，再在 T3/T10 中检索：共产主义ABC,否
1945,在文化阵线上,1945_在文化阵线上.md,3,43.29,中国哲学传统,中国哲学传统与现代转型,中国哲学传统/中国哲学传统与现代转型.md,低,8.19,与既有主题相近：哲学 宗教 中国文化；中国文化 古与今 联系；古代传统 现代传统 中国文化,,,,在文化阵线上,继承五四和扬弃五四；马克思主义中国化的起源语境；从“决裂论”到“土壤论”——新启蒙运动对马克思主义与中国传统文化关系的认识深化_崔海亮,71；118；1,是,先核验原卡片再使用,先查主题页《中国哲学传统与现代转型》，再在 T3/T10 中检索：在文化阵线上,否
1946,新国家,1946_新国家.md,3,38.86,传播史,民族国家与国际关系,传播史/民族国家与国际关系.md,低,14.21,与既有主题相近：大陆国家 海洋国家 哲学；国家主义派 国际主义 批判；国家 市民社会 政治批判,人民国家报(5.0)；国家与革命(5.0),1889_人民国家报.md；1896_国家与革命.md,,新国家,列宁选集第三卷_2012；百年中国哲学革命 (许全兴著)；国家主义与20世纪20年代的文化、政治,329；58；1,是,先核验原卡片再使用,先查主题页《民族国家与国际关系》，再在 T3/T10 中检索：新国家,否
1947,钟声,1947_钟声.md,3,37.46,其他待人工复核,其他待人工复核,其他待人工复核/其他待人工复核.md,低,0.0,无可靠主题页近邻,,,,钟声,列宁专题文集·论辩证唯物主义和历史唯物主义；列宁选集第二卷_2012；列宁选集第一卷_2012,250；372；935,是,先核验原卡片再使用,先查主题页《其他待人工复核》，再在 T3/T10 中检索：钟声,否
1948,宗教 资产阶级,1948_宗教_资产阶级.md,3,44.04,理论方法,阶级斗争与社会革命理论,理论方法/阶级斗争与社会革命理论.md,中,51.88,与既有主题相近：资产阶级 哲学革命 辛亥革命；国家 革命 无产阶级专政；无产阶级 民主革命 领导权,俄国 资产阶级(30.71)；法国 资产阶级(30.71)；无产阶级 资产阶级(30.71)；斗争 资产阶级(30.71)；英国 资产阶级(30.71),1691_俄国_资产阶级.md；1703_法国_资产阶级.md；1705_无产阶级_资产阶级.md；1717_斗争_资产阶级.md；1718_英国_资产阶级.md,,宗教、资产阶级,百年中国哲学革命 (许全兴著)；马恩文集第一卷（1843-1848）；米丁-辩证唯物论历史唯物论下-rightToLeft,528；834；350,是,可按主题页优先检索,先查主题页《阶级斗争与社会革命理论》，再在 T3/T10 中检索：宗教|资产阶级,否
1949,论持久战,1949_论持久战.md,3,40.06,理论方法,哲学基本范畴与辩证法原理,理论方法/哲学基本范畴与辩证法原理.md,低,5.56,与既有主题相近：持久战 主观客观 条件,持久战 主观客观 条件(5.56),1219_持久战_主观客观_条件.md,,论持久战,"马克思主义哲学中国化理论与历史；马克思主义哲学在中国：传播 应用 形态 前景 (徐素华著, 徐素华著, 徐素华, 徐素華)；中国马克思主义学术史纲",465；177；67,是,先核验原卡片再使用,先查主题页《哲学基本范畴与辩证法原理》，再在 T3/T10 中检索：论持久战,否
1950,之争 古今中西,1950_之争_古今中西.md,3,44.07,论战与思想运动,中国近代启蒙与民主革命,论战与思想运动/中国近代启蒙与民主革命.md,中,95.41,与既有主题相近：古今中西 之争 中国近代哲学革命；古今中西 论争 中西体用；古今中西 争论 中国向何处去,古今中西 之争 中国近代哲学革命(37.14)；古今中西 论争 中西体用(27.5)；中国向何处去 古今中西(26.82)；中国近代哲学 古今中西(26.82)；古今中西 争论 中国向何处去(25.77),0767_古今中西_之争_中国近代哲学革命.md；0768_古今中西_论争_中西体用.md；1617_中国向何处去_古今中西.md；1695_中国近代哲学_古今中西.md；0760_古今中西_争论_中国向何处去.md,,之争、古今中西,冯契文集第七卷中国近代哲学的革命进程；马克思主义哲学中国化与中国哲学的现代转型；中国马克思主义学术史纲,280；542；216,是,可按主题页优先检索,先查主题页《中国近代启蒙与民主革命》，再在 T3/T10 中检索：之争|古今中西,否
1951,毛泽东早期文稿,1951_毛泽东早期文稿.md,3,44.45,中国化,毛泽东哲学与中国革命经验,中国化/毛泽东哲学与中国革命经验.md,高,100.0,命中主题路由词：毛泽东|抗日战争.*哲学,毛泽东选集(6.25)；毛泽东文集(6.25),1858_毛泽东选集.md；1917_毛泽东文集.md,,毛泽东早期文稿,马克思主义哲学中国化理论与历史；中国文化与马克思主义；马克思主义哲学史教程,381；298；1051,是,可按主题页优先检索,先查主题页《毛泽东哲学与中国革命经验》，再在 T3/T10 中检索：毛泽东早期文稿,否
1952,1844年经济学哲学手稿,1952_1844年经济学哲学手稿.md,3,45.73,苏联哲学,苏联哲学与共产国际,苏联哲学/苏联哲学与共产国际.md,低,10.02,与既有主题相近：列宁 新经济政策 哲学；苏联哲学 哲学与政治 关系；苏联哲学 70年 经验教训,1844年经济学哲学手稿 异化劳动(58.33),1660_1844年经济学哲学手稿_异化劳动.md,,1844年经济学哲学手稿,马克思主义哲学在中国传播与发展的百年历史(下) (胡为雄)；马克思主义哲学史教程；马恩文集第一卷（1843-1848）,168；608；68,是,先核验原卡片再使用,先查主题页《苏联哲学与共产国际》，再在 T3/T10 中检索：1844年经济学哲学手稿,否
1953,人民报,1953_人民报.md,3,39.1,传播史,民族国家与国际关系,传播史/民族国家与国际关系.md,低,6.85,与既有主题相近：人民战争 战略战术 原则；人民战争 战略战术 辩证法；民族独立 人民解放 国家富强,民报(12.5)；国民报(8.33)；人民国家报(5.0)；人民事业报(5.0),1942_民报.md；1923_国民报.md；1889_人民国家报.md；2018_人民事业报.md,,人民报,马恩文集第二卷（1848-1859）；马恩文集第三卷（1864-1883）；马克思主义哲学史教程,17；810；220,是,先核验原卡片再使用,先查主题页《民族国家与国际关系》，再在 T3/T10 中检索：人民报,否
1954,家庭、私有制和国家的起源,1954_家庭、私有制和国家的起源.md,3,49.48,理论方法,政治经济学与资本主义批判,理论方法/政治经济学与资本主义批判.md,中,22.5,与既有主题相近：家庭 私有制 国家起源,家庭 私有制 国家起源(22.5),1096_家庭_私有制_国家起源.md,,家庭、私有制和国家的起源,马恩文集第四卷（1884-1895）；马列著作在中国的出版；马克思主义哲学史教程,732；169；201,是,可按主题页优先检索,先查主题页《政治经济学与资本主义批判》，再在 T3/T10 中检索：家庭|私有制和国家的起源,否
1955,认识月刊,1955_认识月刊.md,3,40.03,理论方法,哲学基本范畴与辩证法原理,理论方法/哲学基本范畴与辩证法原理.md,低,22.91,与既有主题相近：归纳 演绎 认识论；分析 综合 认识论；判断 推理 认识过程,,,,认识月刊,马克思主义中国化的起源语境；“新哲学”大众化运动研究；近代中国启蒙运动史,96；112；247,是,先核验原卡片再使用,先查主题页《哲学基本范畴与辩证法原理》，再在 T3/T10 中检索：认识月刊,否
1956,关于费尔巴哈的提纲,1956_关于费尔巴哈的提纲.md,3,45.82,理论方法,马克思恩格斯经典文本与哲学关系,理论方法/马克思恩格斯经典文本与哲学关系.md,低,9.38,与既有主题相近：费尔巴哈 唯物主义 基本内核；新哲学 诞生 黑格尔 费尔巴哈,德国 费尔巴哈(7.5)；路德维希·费尔巴哈(6.25),1774_德国_费尔巴哈.md；1969_路德维希·费尔巴哈.md,,关于费尔巴哈的提纲,米丁-辩证唯物论与历史唯物论-上-rightToLeft；米丁-辩证唯物论历史唯物论下-rightToLeft；马克思主义哲学史教程,18；317；57,是,先核验原卡片再使用,先查主题页《马克思恩格斯经典文本与哲学关系》，再在 T3/T10 中检索：关于费尔巴哈的提纲,否
1957,论新启蒙运动,1957_论新启蒙运动.md,3,43.22,论战与思想运动,新启蒙运动,论战与思想运动/新启蒙运动.md,高,100.0,命中主题路由词：新启蒙|继承五四|扬弃五四,国难 新启蒙运动(14.29)；新启蒙运动 提出(14.29)；抗战 新启蒙运动(14.29)；新启蒙运动 普及(14.29)；新启蒙运动 理性运动(12.5),0376_国难_新启蒙运动.md；0377_新启蒙运动_提出.md；1871_抗战_新启蒙运动.md；1874_新启蒙运动_普及.md；0380_新启蒙运动_理性运动.md,,论新启蒙运动,继承五四和扬弃五四；马克思主义中国化的起源语境；从“决裂论”到“土壤论”——新启蒙运动对马克思主义与中国传统文化关系的认识深化_崔海亮,108；92；1,是,可按主题页优先检索,先查主题页《新启蒙运动》，再在 T3/T10 中检索：论新启蒙运动,否
1958,共产主义宣言,1958_共产主义宣言.md,3,42.75,传播史,民族国家与国际关系,传播史/民族国家与国际关系.md,低,19.73,与既有主题相近：共产主义者 道德 民族道德；国际共产主义运动 中国 影响；国际主义 民族主义 中国共产党,共产主义 劳动(10.71)；共产主义 翻译(10.71)；共产主义ABC(9.38)；共产党宣言(7.14)；战时共产主义 政策 评价(6.82),1782_共产主义_劳动.md；1837_共产主义_翻译.md；1944_共产主义ABC.md；1848_共产党宣言.md；1254_战时共产主义_政策_评价.md,,共产主义宣言,马恩文集第三卷（1864-1883）；马恩文集第四卷（1884-1895）；马恩文集第二卷（1848-1859）,519；257；29,是,先核验原卡片再使用,先查主题页《民族国家与国际关系》，再在 T3/T10 中检索：共产主义宣言,否
1959,十二年来,1959_十二年来.md,3,40.56,学科史,哲学教学与学术制度建设,学科史/哲学教学与学术制度建设.md,低,2.27,与既有主题相近：文化运动 思想界 两年来,,,,十二年来,马克思主义哲学史教程；列宁选集第一卷_2012；“新哲学”大众化运动研究,930；792；266,是,先核验原卡片再使用,先查主题页《哲学教学与学术制度建设》，再在 T3/T10 中检索：十二年来,否
1960,导言,1960_导言.md,3,37.9,其他待人工复核,其他待人工复核,其他待人工复核/其他待人工复核.md,低,0.0,无可靠主题页近邻,黑格尔法哲学批判 导言(12.78),1659_黑格尔法哲学批判_导言.md,,导言,米丁-辩证唯物论历史唯物论下-rightToLeft；中国文化与马克思主义；马恩文集第八卷（《资本论》手稿选编）,274；180；22,是,先核验原卡片再使用,先查主题页《其他待人工复核》，再在 T3/T10 中检索：导言,否
1961,抗战与新启蒙运动,1961_抗战与新启蒙运动.md,3,45.69,论战与思想运动,新启蒙运动,论战与思想运动/新启蒙运动.md,高,100.0,命中主题路由词：新启蒙|继承五四|扬弃五四,抗战 新启蒙运动(15.62)；新启蒙运动 文化抗战(12.5)；论新启蒙运动(12.5)；国难 新启蒙运动(11.11)；新启蒙运动 提出(11.11),1871_抗战_新启蒙运动.md；1616_新启蒙运动_文化抗战.md；1957_论新启蒙运动.md；0376_国难_新启蒙运动.md；0377_新启蒙运动_提出.md,,抗战与新启蒙运动,继承五四和扬弃五四；马克思主义中国化的起源语境；新启蒙运动与新民主主义文化思想的形成_卢毅,56；49；5,是,可按主题页优先检索,先查主题页《新启蒙运动》，再在 T3/T10 中检索：抗战与新启蒙运动,否
1962,言语报,1962_言语报.md,3,37.82,传播史,早期马克思主义传播主体与传播载体,传播史/早期马克思主义传播主体与传播载体.md,高,100.0,命中主题路由词：火星报|前进报|祖国纪事|言语报|论坛报,,,,言语报,列宁选集第二卷_2012；列宁选集第三卷_2012；列宁选集第四卷_2012,410；906；943,是,可按主题页优先检索,先查主题页《早期马克思主义传播主体与传播载体》，再在 T3/T10 中检索：言语报,否
1963,北平晨报,1963_北平晨报.md,3,39.88,传播史,早期马克思主义传播主体与传播载体,传播史/早期马克思主义传播主体与传播载体.md,高,100.0,命中主题路由词：马藏|每周评论|北平晨报|晨报|向导|新华日报|先驱|曙光,晨报(8.33),1998_晨报.md,,北平晨报,马克思主义中国化的起源语境；继承五四和扬弃五四；从“决裂论”到“土壤论”——新启蒙运动对马克思主义与中国传统文化关系的认识深化_崔海亮,146；140；5,是,可按主题页优先检索,先查主题页《早期马克思主义传播主体与传播载体》，再在 T3/T10 中检索：北平晨报,否
1964,每周评论,1964_每周评论.md,3,40.13,传播史,早期马克思主义传播主体与传播载体,传播史/早期马克思主义传播主体与传播载体.md,高,100.0,命中主题路由词：马藏|每周评论|北平晨报|晨报|向导|新华日报|先驱|曙光,,,,每周评论,马克思主义哲学在中国传播与发展的百年历史(上) (胡为雄)；马克思主义在中国早期传播若干问题的辨析_田子渝；百年中国哲学革命 (许全兴著),225；9；34,是,可按主题页优先检索,先查主题页《早期马克思主义传播主体与传播载体》，再在 T3/T10 中检索：每周评论,否
1965,浮士德,1965_浮士德.md,3,38.75,理论方法,马克思恩格斯经典文本与哲学关系,理论方法/马克思恩格斯经典文本与哲学关系.md,高,100.0,命中主题路由词：路易波拿巴|法兰西内战|英国工人阶级状况|新莱茵报|莱茵报|德法年鉴|纽约每日论坛报|泰晤士报|浮士德,,,,浮士德,马恩文集第一卷（1843-1848）；马恩文集第三卷（1864-1883）；马恩文集第四卷（1884-1895）,536；346；286,是,可按主题页优先检索,先查主题页《马克思恩格斯经典文本与哲学关系》，再在 T3/T10 中检索：浮士德,否
1966,经济学家,1966_经济学家.md,3,40.71,论战与思想运动,新启蒙运动,论战与思想运动/新启蒙运动.md,中,32.16,与既有主题相近：新启蒙运动 经济学家；新启蒙运动 哲学家,经济学家 英国(35.0)；新启蒙运动 经济学家(29.38)；劳动 政治经济学(7.14)；政治经济学 生产(7.14)；政治经济学批判(7.14),1733_经济学家_英国.md；0383_新启蒙运动_经济学家.md；1709_劳动_政治经济学.md；1725_政治经济学_生产.md；1895_政治经济学批判.md,,经济学家,共产主义abc中文翻译版；列宁选集第一卷_2012；中国马克思主义学术史纲,30；211；233,是,可按主题页优先检索,先查主题页《新启蒙运动》，再在 T3/T10 中检索：经济学家,否
1967,艾思奇全书,1967_艾思奇全书.md,3,41.0,新哲学大众化,艾思奇与大众哲学,新哲学大众化/艾思奇与大众哲学.md,高,100.0,命中主题路由词：大众哲学|艾思奇,艾思奇文集(8.33)；大众哲学 艾思奇(6.25)；哲学大众化 艾思奇(5.56)；新启蒙运动 艾思奇(5.56)；艾思奇 大众哲学 贡献(5.0),1891_艾思奇文集.md；1769_大众哲学_艾思奇.md；1746_哲学大众化_艾思奇.md；1759_新启蒙运动_艾思奇.md；0359_艾思奇_大众哲学_贡献.md,,艾思奇全书,延安时期知识分子群体与马克思主义哲学大众化郭 - 2015 -；《大众哲学》_马克思主义哲学大众化的经典范本_张立波；百年中国哲学革命 (许全兴著),101；6；193,是,可按主题页优先检索,先查主题页《艾思奇与大众哲学》，再在 T3/T10 中检索：艾思奇全书,否
1968,论新阶段,1968_论新阶段.md,3,39.92,新哲学大众化,新哲学大众化运动,新哲学大众化/新哲学大众化运动.md,低,6.25,与既有主题相近：新哲学 新阶段 任务,新哲学 新阶段 任务(6.25),0425_新哲学_新阶段_任务.md,,论新阶段,"马克思主义哲学在中国：传播 应用 形态 前景 (徐素华著, 徐素华著, 徐素华, 徐素華)；百年中国哲学革命 (许全兴著)；马克思主义哲学史教程",177；190；971,是,先核验原卡片再使用,先查主题页《新哲学大众化运动》，再在 T3/T10 中检索：论新阶段,否
1969,路德维希·费尔巴哈,1969_路德维希·费尔巴哈.md,3,45.99,理论方法,马克思恩格斯经典文本与哲学关系,理论方法/马克思恩格斯经典文本与哲学关系.md,低,10.0,与既有主题相近：费尔巴哈 唯物主义 基本内核；新哲学 诞生 黑格尔 费尔巴哈,德国 费尔巴哈(8.33)；关于费尔巴哈的提纲(6.25)；费尔巴哈 唯物主义 基本内核(5.0)；新哲学 诞生 黑格尔 费尔巴哈(5.0),1774_德国_费尔巴哈.md；1956_关于费尔巴哈的提纲.md；0024_费尔巴哈_唯物主义_基本内核.md；0419_新哲学_诞生_黑格尔_费尔巴哈.md,,路德维希·费尔巴哈,米丁-辩证唯物论历史唯物论下-rightToLeft；马列著作在中国的出版；列宁选集第二卷_2012,160；380；187,是,先核验原卡片再使用,先查主题页《马克思恩格斯经典文本与哲学关系》，再在 T3/T10 中检索：路德维希·费尔巴哈,否
1970,近代中国启蒙运动史,1970_近代中国启蒙运动史.md,3,45.87,论战与思想运动,新启蒙运动,论战与思想运动/新启蒙运动.md,低,101.97,与既有主题相近：新启蒙运动 现代中国新文化；新启蒙运动 中国 自觉运动；新启蒙运动 提出,新启蒙运动 现代中国新文化(8.93)；中国启蒙运动 半殖民地 半封建(8.33)；新启蒙运动 中国 自觉运动(7.69)；论新启蒙运动(7.5)；国难 新启蒙运动(6.82),0381_新启蒙运动_现代中国新文化.md；0157_中国启蒙运动_半殖民地_半封建.md；0426_新启蒙运动_中国_自觉运动.md；1957_论新启蒙运动.md；0376_国难_新启蒙运动.md,,近代中国启蒙运动史,近代中国启蒙运动史；马克思主义中国化的起源语境；继承五四和扬弃五四,272；49；146,是,先核验原卡片再使用,先查主题页《新启蒙运动》，再在 T3/T10 中检索：近代中国启蒙运动史,否
1971,列宁主义问题,1971_列宁主义问题.md,3,43.01,苏联哲学,列宁哲学与社会主义实践,苏联哲学/列宁哲学与社会主义实践.md,高,100.0,命中主题路由词：列宁|马赫主义|新经济政策,论列宁主义基础(9.38)；列宁主义 早期传播(8.33)；列宁主义 形式 传入中国(6.82)；列宁主义 新青年 瞿秋白(6.82)；列宁 唯物主义(6.25),2017_论列宁主义基础.md；1651_列宁主义_早期传播.md；0847_列宁主义_形式_传入中国.md；1652_列宁主义_新青年_瞿秋白.md；1753_列宁_唯物主义.md,,列宁主义问题,"米丁-辩证唯物论历史唯物论下-rightToLeft；米丁-辩证唯物论与历史唯物论-上-rightToLeft；马克思主义哲学在中国：传播 应用 形态 前景 (徐素华著, 徐素华著, 徐素华, 徐素華)",12；183；167,是,可按主题页优先检索,先查主题页《列宁哲学与社会主义实践》，再在 T3/T10 中检索：列宁主义问题,否
1972,帝国主义是资本主义的最高阶段,1972_帝国主义是资本主义的最高阶段.md,3,46.26,理论方法,政治经济学与资本主义批判,理论方法/政治经济学与资本主义批判.md,低,49.76,与既有主题相近：帝国主义 资本主义发展不平衡 一国胜利；资本主义 社会主义 关系；西方资本主义 方案 破产,帝国主义 资本主义最高阶段(14.29)；帝国主义 资本主义(9.62)；俄国资本主义的发展(6.25)；帝国主义 资本主义发展不平衡 一国胜利(5.68)；劳动 资本主义(5.36),1655_帝国主义_资本主义最高阶段.md；1730_帝国主义_资本主义.md；2019_俄国资本主义的发展.md；0870_帝国主义_资本主义发展不平衡_一国胜利.md；1710_劳动_资本主义.md,,帝国主义是资本主义的最高阶段,列宁选集第二卷_2012；马列著作在中国的出版；列宁专题文集·论资本主义,661；291；221,是,先核验原卡片再使用,先查主题页《政治经济学与资本主义批判》，再在 T3/T10 中检索：帝国主义是资本主义的最高阶段,否
1973,陈独秀文章选编,1973_陈独秀文章选编.md,3,44.67,传播史,陈独秀与马克思主义传播,传播史/陈独秀与马克思主义传播.md,高,100.0,命中主题路由词：陈独秀,陈独秀著作选(5.56),1994_陈独秀著作选.md,,陈独秀文章选编,继承五四和扬弃五四；中国文化与马克思主义；马克思主义哲学在中国的传播与马克思主义哲学中国化,53；237；11,是,可按主题页优先检索,先查主题页《陈独秀与马克思主义传播》，再在 T3/T10 中检索：陈独秀文章选编,否
1974,启蒙,1974_启蒙.md,3,39.9,论战与思想运动,新启蒙运动,论战与思想运动/新启蒙运动.md,低,45.77,与既有主题相近：新启蒙运动 提出；国难 新启蒙运动；新启蒙运动 理性运动,中国社会史 论战 启蒙(13.12)；启蒙 打破欺蒙 扫除蒙蔽(12.78)；中国社会性质 论战 启蒙(12.78)；新文化运动 中国思想界 启蒙(12.27)；社会主义新价值观 救亡 启蒙(12.27),0171_中国社会史_论战_启蒙.md；0153_启蒙_打破欺蒙_扫除蒙蔽.md；0170_中国社会性质_论战_启蒙.md；0125_新文化运动_中国思想界_启蒙.md；0135_社会主义新价值观_救亡_启蒙.md,,启蒙,什么是新启蒙运动；抗日救亡运动中的文化新声——“新启蒙运动”与中国左翼知识界的文化抗战_王锐；新启蒙运动与新民主主义文化思想的形成_卢毅,114；17；3,是,先核验原卡片再使用,先查主题页《新启蒙运动》，再在 T3/T10 中检索：启蒙,否
1975,真理的追求,1975_真理的追求.md,3,41.97,理论方法,哲学基本范畴与辩证法原理,理论方法/哲学基本范畴与辩证法原理.md,低,23.44,与既有主题相近：真理 追求 哲学；知识 发展 真理；真理 阶级性 讨论,真理 追求 哲学(7.14)；真理报(5.0),1460_真理_追求_哲学.md；1854_真理报.md,,真理的追求,继承五四和扬弃五四；马克思主义中国化的起源语境；马克思主义哲学在中国传播与发展的百年历史(上) (胡为雄),73；30；278,是,先核验原卡片再使用,先查主题页《哲学基本范畴与辩证法原理》，再在 T3/T10 中检索：真理的追求,否
1976,思维方式 马克思主义哲学中国化,1976_思维方式_马克思主义哲学中国化.md,3,54.62,理论方法,马克思恩格斯经典文本与哲学关系,理论方法/马克思恩格斯经典文本与哲学关系.md,高,100.0,命中主题路由词：马恩|马克思|恩格斯|黑格尔法哲学|德意志意识形态|共产党宣言|反杜林论|自然辩证法|哥达纲领,马克思主义哲学中国化 不足(55.0)；李达 马克思主义哲学中国化(55.0)；马克思主义哲学中国化 走向(55.0)；毛泽东 马克思主义哲学中国化(54.06)；马克思主义哲学中国化 现实性(54.06),1432_马克思主义哲学中国化_不足.md；1751_李达_马克思主义哲学中国化.md；1816_马克思主义哲学中国化_走向.md；1748_毛泽东_马克思主义哲学中国化.md；1805_马克思主义哲学中国化_现实性.md,,思维方式、马克思主义哲学中国化,二十世纪上半叶马克思主义哲学中国化之检视_王玉平；马克思主义哲学中国化理论与历史；马克思主义哲学中国化的路径选择——从“结合论”走向“创建论”_孙伟平,24；75；5,是,可按主题页优先检索,先查主题页《马克思恩格斯经典文本与哲学关系》，再在 T3/T10 中检索：思维方式|马克思主义哲学中国化,否
1977,冯契文集,1977_冯契文集.md,3,41.96,中国哲学传统,现代中国哲学人物与知识论,中国哲学传统/现代中国哲学人物与知识论.md,低,4.77,与既有主题相近：人性问题 冯契 智慧说；知识论化倾向 反思 冯契,李达文集(5.0)；列宁文集(5.0),1885_李达文集.md；1926_列宁文集.md,,冯契文集,冯契文集第七卷中国近代哲学的革命进程；马克思主义哲学中国化理论与历史；马克思主义哲学中国化与中国哲学的现代转型,693；468；672,是,先核验原卡片再使用,先查主题页《现代中国哲学人物与知识论》，再在 T3/T10 中检索：冯契文集,否
1978,法哲学原理,1978_法哲学原理.md,3,41.35,论战与思想运动,文学艺术与文艺理论,论战与思想运动/文学艺术与文艺理论.md,低,7.5,与既有主题相近：鲁迅 早期 哲学贡献；鲁迅 哲学思想 转变；中国艺术 诗歌 哲学,黑格尔法哲学批判(5.56)；马克思主义哲学 原理化 教科书化(5.36)；思想方法 工作方法 哲学(5.0)；哲学史(5.0),1989_黑格尔法哲学批判.md；0929_马克思主义哲学_原理化_教科书化.md；1213_思想方法_工作方法_哲学.md；1906_哲学史.md,,法哲学原理,马恩文集第四卷（1884-1895）；米丁-辩证唯物论历史唯物论下-rightToLeft；马恩文集第五卷（资本论1）,206；215；966,是,先核验原卡片再使用,先查主题页《文学艺术与文艺理论》，再在 T3/T10 中检索：法哲学原理,否
1979,社会哲学概论,1979_社会哲学概论.md,3,43.15,传播史,瞿秋白与辩证唯物主义传播,传播史/瞿秋白与辩证唯物主义传播.md,中,47.86,与既有主题相近：瞿秋白 社会哲学概论 讲义；瞿秋白 现代社会学 社会科学概论,瞿秋白 社会哲学概论 讲义(42.5)；社会科学概论(10.71)；哲学史 哲学概论 读法(8.33)；瞿秋白 现代社会学 社会科学概论(5.36),0296_瞿秋白_社会哲学概论_讲义.md；2023_社会科学概论.md；0942_哲学史_哲学概论_读法.md；0297_瞿秋白_现代社会学_社会科学概论.md,,社会哲学概论,"马克思主义哲学的中国化及其历程 (曾乐山著, 曾乐山著, 曾乐山)；马克思主义哲学中国化与中国哲学的现代转型；马克思主义哲学在中国传播与发展的百年历史(上) (胡为雄)",111；434；319,是,可按主题页优先检索,先查主题页《瞿秋白与辩证唯物主义传播》，再在 T3/T10 中检索：社会哲学概论,否
1980,自修大学,1980_自修大学.md,3,40.29,中国化,毛泽东哲学与中国革命经验,中国化/毛泽东哲学与中国革命经验.md,低,1.79,与既有主题相近：抗日军政大学 哲学讲课 毛泽东,,,,自修大学,“新哲学”大众化运动研究；继承五四和扬弃五四；马克思主义中国化的起源语境,269；139；62,是,先核验原卡片再使用,先查主题页《毛泽东哲学与中国革命经验》，再在 T3/T10 中检索：自修大学,否
1981,自由,1981_自由.md,3,39.25,论战与思想运动,中国近代启蒙与民主革命,论战与思想运动/中国近代启蒙与民主革命.md,低,40.53,与既有主题相近：自由 平等 抗日；严复 自由 经验论；梁启超 自由 群 进化,理性与自由(6.25)；自由 平等 抗日(5.0),1879_理性与自由.md；0955_自由_平等_抗日.md,,自由,在自由与公道之间——1940年代自由知识分子的社会民主主义思潮_陈永忠；列宁选集第四卷_2012；国家主义与20世纪20年代的文化、政治,2；1159；220,是,先核验原卡片再使用,先查主题页《中国近代启蒙与民主革命》，再在 T3/T10 中检索：自由,否
1982,中国马克思主义 毛泽东,1982_中国马克思主义_毛泽东.md,3,51.82,理论方法,马克思恩格斯经典文本与哲学关系,理论方法/马克思恩格斯经典文本与哲学关系.md,高,100.0,命中主题路由词：马恩|马克思|恩格斯|黑格尔法哲学|德意志意识形态|共产党宣言|反杜林论|自然辩证法|哥达纲领,中国马克思主义 马克思主义者(48.64)；中国马克思主义 概念界定(46.54)；中国马克思主义 历史使命(46.54)；中国马克思主义 学术史 研究(45.71)；中国马克思主义 学术史 起步(45.71),1788_中国马克思主义_马克思主义者.md；1629_中国马克思主义_概念界定.md；1818_中国马克思主义_历史使命.md；0915_中国马克思主义_学术史_研究.md；0917_中国马克思主义_学术史_起步.md,,中国马克思主义、毛泽东,中国马克思主义学术史纲；中国马克思主义哲学教科书编写之起步、发展与演化（1922—1949）；中国马克思主义：概念界定与历史使命_王庆丰,155；3；8,是,可按主题页优先检索,先查主题页《马克思恩格斯经典文本与哲学关系》，再在 T3/T10 中检索：中国马克思主义|毛泽东,否
1983,中国之命运,1983_中国之命运.md,3,41.17,中国化,新民主主义革命理论与马克思主义中国化,中国化/新民主主义革命理论与马克思主义中国化.md,高,100.0,命中主题路由词：三民主义|中国之命运|新民主主义,中国之命运 唯心论 愚民哲学(34.09)；三民主义 中国之命运 思想批判(33.33),1601_中国之命运_唯心论_愚民哲学.md；1648_三民主义_中国之命运_思想批判.md,,中国之命运,"1940年代中国共产党人的思想批判和新民主主义话语权的确立_陈先初；马克思主义哲学的中国化及其历程 (曾乐山著, 曾乐山著, 曾乐山)；马克思主义哲学在中国：传播 应用 形态 前景 (徐素华著, 徐素华著, 徐素华, 徐素華)",8；226；170,是,可按主题页优先检索,先查主题页《新民主主义革命理论与马克思主义中国化》，再在 T3/T10 中检索：中国之命运,否
1984,哲学研究,1984_哲学研究.md,3,40.63,当代反思,真理标准讨论与思想解放,当代反思/真理标准讨论与思想解放.md,中,30.67,与既有主题相近：改革开放 哲学研究 教学 特点；改革开放 中国哲学史研究 繁荣,改革开放 哲学研究 教学 特点(26.82)；哲学 研究事物 一般规律(8.33)；李达 马克思主义哲学 研究(7.5)；李达 马克思主义哲学研究(7.5)；哲学研究机构 教育体系 建设(6.82),0665_改革开放_哲学研究_教学_特点.md；1566_哲学_研究事物_一般规律.md；0267_李达_马克思主义哲学_研究.md；1754_李达_马克思主义哲学研究.md；0923_哲学研究机构_教育体系_建设.md,,哲学研究,中国文化与马克思主义；马克思主义哲学史教程；米丁-辩证唯物论与历史唯物论-上-rightToLeft,19；643；3,是,可按主题页优先检索,先查主题页《真理标准讨论与思想解放》，再在 T3/T10 中检索：哲学研究,否
1985,论坛报,1985_论坛报.md,3,38.46,传播史,早期马克思主义传播主体与传播载体,传播史/早期马克思主义传播主体与传播载体.md,高,100.0,命中主题路由词：火星报|前进报|祖国纪事|言语报|论坛报,纽约每日论坛报(8.33),1938_纽约每日论坛报.md,,论坛报,马恩文集第二卷（1848-1859）；马恩文集第三卷（1864-1883）；列宁专题文集·论马克思主义,661；804；54,是,可按主题页优先检索,先查主题页《早期马克思主义传播主体与传播载体》，再在 T3/T10 中检索：论坛报,否
1986,周易,1986_周易.md,3,37.75,中国哲学传统,中国古代哲学概念与思想传统,中国哲学传统/中国古代哲学概念与思想传统.md,高,100.0,命中主题路由词：易传|周易|中庸|墨经|老子,,,,周易,中国文化与马克思主义；马克思主义哲学中国化理论与历史；马克思主义哲学与中国哲学相结合的思考,130；520；6,是,可按主题页优先检索,先查主题页《中国古代哲学概念与思想传统》，再在 T3/T10 中检索：周易,否
1987,国际,1987_国际.md,3,37.83,苏联哲学,苏联哲学与共产国际,苏联哲学/苏联哲学与共产国际.md,低,11.33,与既有主题相近：共产国际 国民党性质 认识；两步走 革命方针 共产国际；共产国际 中国革命性质 认识,,,,国际,列宁选集第二卷_2012；列宁选集第四卷_2012；米丁-辩证唯物论与历史唯物论-上-rightToLeft,658；962；313,是,先核验原卡片再使用,先查主题页《苏联哲学与共产国际》，再在 T3/T10 中检索：国际,否
1988,德国农民战争,1988_德国农民战争.md,3,42.71,传播史,民族国家与国际关系,传播史/民族国家与国际关系.md,低,23.32,与既有主题相近：太平天国 农民战争 意义 教训；人民战争 战略战术 原则；人民战争 战略战术 辩证法,农民战争 德国(16.67)；太平天国 农民战争 意义 教训(8.33),1738_农民战争_德国.md；1123_太平天国_农民战争_意义_教训.md,,德国农民战争,马恩文集第二卷（1848-1859）；米丁-辩证唯物论历史唯物论下-rightToLeft；马恩文集第十卷（书信选编）,231；273；709,是,先核验原卡片再使用,先查主题页《民族国家与国际关系》，再在 T3/T10 中检索：德国农民战争,否
1989,黑格尔法哲学批判,1989_黑格尔法哲学批判.md,3,45.0,理论方法,马克思恩格斯经典文本与哲学关系,理论方法/马克思恩格斯经典文本与哲学关系.md,高,100.0,命中主题路由词：马恩|马克思|恩格斯|黑格尔法哲学|德意志意识形态|共产党宣言|反杜林论|自然辩证法|哥达纲领,黑格尔法哲学批判 导言(59.44)；哲学 批判 政治 宗教(6.82)；江青 斗斗斗哲学 批判(6.82)；列宁 左倾错误 哲学批判(5.77)；法哲学原理(5.56),1659_黑格尔法哲学批判_导言.md；1087_哲学_批判_政治_宗教.md；1374_江青_斗斗斗哲学_批判.md；0875_列宁_左倾错误_哲学批判.md；1978_法哲学原理.md,,黑格尔法哲学批判,马恩文集第一卷（1843-1848）；米丁-辩证唯物论与历史唯物论-上-rightToLeft；马克思主义哲学史教程,27；22；56,是,可按主题页优先检索,先查主题页《马克思恩格斯经典文本与哲学关系》，再在 T3/T10 中检索：黑格尔法哲学批判,否
1990,哲学史讲演录,1990_哲学史讲演录.md,3,42.63,中国哲学传统,中国哲学传统与现代转型,中国哲学传统/中国哲学传统与现代转型.md,低,25.36,与既有主题相近：嵇文甫 中国哲学史 研究；中国哲学史 方法论 讨论；评法批儒 中国哲学史 篡改,哲学史(10.0)；哲学史 哲学概论 读法(5.0),1906_哲学史.md；0942_哲学史_哲学概论_读法.md,,哲学史讲演录,中国文化与马克思主义；列宁专题文集·论辩证唯物主义和历史唯物主义；马克思主义哲学史教程,169；9；26,是,先核验原卡片再使用,先查主题页《中国哲学传统与现代转型》，再在 T3/T10 中检索：哲学史讲演录,否
1991,春秋,1991_春秋.md,3,37.63,论战与思想运动,中国近代启蒙与民主革命,论战与思想运动/中国近代启蒙与民主革命.md,低,2.5,与既有主题相近：中国思想史 春秋战国 近代,,,,春秋,继承五四和扬弃五四；中国文化与马克思主义；百年中国哲学革命 (许全兴著),141；118；409,是,先核验原卡片再使用,先查主题页《中国近代启蒙与民主革命》，再在 T3/T10 中检索：春秋,否
1992,谈谈辩证法问题,1992_谈谈辩证法问题.md,3,44.42,理论方法,辩证唯物主义体系,理论方法/辩证唯物主义体系.md,高,100.0,命中主题路由词：辩证法|唯物主义|对立统一|量变质变|否定之否定,唯物辩证法 问题 论争(10.0)；辩证法 合法性 问题(7.5)；自然辩证法(6.25)；进攻 防御 辩证法(5.0)；持久 速决 辩证法(5.0),1303_唯物辩证法_问题_论争.md；1076_辩证法_合法性_问题.md；1867_自然辩证法.md；1325_进攻_防御_辩证法.md；1326_持久_速决_辩证法.md,,谈谈辩证法问题,毛泽东哲学批注集：辩证法唯物论教程批注 (毛泽东)；列宁选集第二卷_2012；米丁-辩证唯物论历史唯物论下-rightToLeft,539；579；73,是,可按主题页优先检索,先查主题页《辩证唯物主义体系》，再在 T3/T10 中检索：谈谈辩证法问题,否
1993,解放日报,1993_解放日报.md,3,39.92,传播史,民族国家与国际关系,传播史/民族国家与国际关系.md,低,10.85,与既有主题相近：民族解放 哲学 唯物论；反唯物论 倾向 民族解放；机械唯物论 偏向 民族解放,解放(8.33)；新华日报(5.0),1892_解放.md；2013_新华日报.md,,解放日报,"马克思主义中国化的历史进程；延安时期知识分子群体与马克思主义哲学大众化郭 - 2015 -；马克思主义哲学在中国：传播 应用 形态 前景 (徐素华著, 徐素华著, 徐素华, 徐素華)",197；101；170,是,先核验原卡片再使用,先查主题页《民族国家与国际关系》，再在 T3/T10 中检索：解放日报,否
1994,陈独秀著作选,1994_陈独秀著作选.md,3,43.19,传播史,陈独秀与马克思主义传播,传播史/陈独秀与马克思主义传播.md,高,100.0,命中主题路由词：陈独秀,陈独秀文章选编(5.56),1973_陈独秀文章选编.md,,陈独秀著作选,马克思主义哲学中国化与中国哲学的现代转型；马克思主义哲学中国化理论与历史；马克思主义中国化的起源语境,248；157；100,是,可按主题页优先检索,先查主题页《陈独秀与马克思主义传播》，再在 T3/T10 中检索：陈独秀著作选,否
1995,中庸,1995_中庸.md,3,37.69,中国哲学传统,中国古代哲学概念与思想传统,中国哲学传统/中国古代哲学概念与思想传统.md,高,100.0,命中主题路由词：易传|周易|中庸|墨经|老子,,,,中庸,“新理学”批判的批判；马克思主义哲学中国化理论与历史；中国文化与马克思主义,171；521；120,是,可按主题页优先检索,先查主题页《中国古代哲学概念与思想传统》，再在 T3/T10 中检索：中庸,否
1996,卡尔·马克思,1996_卡尔·马克思.md,3,41.8,理论方法,马克思恩格斯经典文本与哲学关系,理论方法/马克思恩格斯经典文本与哲学关系.md,高,100.0,命中主题路由词：马恩|马克思|恩格斯|黑格尔法哲学|德意志意识形态|共产党宣言|反杜林论|自然辩证法|哥达纲领,马克思 列宁(8.33)；中国文化 马克思(6.25)；资产阶级 马克思(6.25)；无产阶级 马克思(6.25)；意识形态 马克思(6.25),1843_马克思_列宁.md；1736_中国文化_马克思.md；1757_资产阶级_马克思.md；1781_无产阶级_马克思.md；1790_意识形态_马克思.md,,卡尔·马克思,马恩文集第二卷（1848-1859）；列宁选集第二卷_2012；马列著作在中国的出版,17；443；392,是,可按主题页优先检索,先查主题页《马克思恩格斯经典文本与哲学关系》，再在 T3/T10 中检索：卡尔·马克思,否
1997,旧约,1997_旧约.md,3,37.42,论战与思想运动,宗教批判与无神论思想,论战与思想运动/宗教批判与无神论思想.md,高,100.0,命中主题路由词：圣经|旧约|宗教信条,,,,旧约,马恩文集第八卷（《资本论》手稿选编）；马恩文集第十卷（书信选编）；马恩文集第二卷（1848-1859）,691；110；891,是,可按主题页优先检索,先查主题页《宗教批判与无神论思想》，再在 T3/T10 中检索：旧约,否
1998,晨报,1998_晨报.md,3,37.18,传播史,早期马克思主义传播主体与传播载体,传播史/早期马克思主义传播主体与传播载体.md,高,100.0,命中主题路由词：马藏|每周评论|北平晨报|晨报|向导|新华日报|先驱|曙光,北平晨报(8.33),1963_北平晨报.md,,晨报,"马克思主义中国化的起源语境；马克思主义哲学在中国：传播 应用 形态 前景 (徐素华著, 徐素华著, 徐素华, 徐素華)；继承五四和扬弃五四",146；67；32,是,可按主题页优先检索,先查主题页《早期马克思主义传播主体与传播载体》，再在 T3/T10 中检索：晨报,否
1999,近代史研究,1999_近代史研究.md,3,41.89,理论方法,哲学基本范畴与辩证法原理,理论方法/哲学基本范畴与辩证法原理.md,低,12.28,与既有主题相近：辩证法唯物论 社会历史 研究；社会历史 研究 辩证法唯物论；科学 研究 事物规律,中国近代史 评介 胡绳(5.0)；中国共产党 党史 研究(5.0),0450_中国近代史_评介_胡绳.md；1482_中国共产党_党史_研究.md,,近代史研究,继承五四和扬弃五四；马克思主义哲学中国化与中国哲学的现代转型；国家主义与20世纪20年代的文化、政治,85；670；220,是,先核验原卡片再使用,先查主题页《哲学基本范畴与辩证法原理》，再在 T3/T10 中检索：近代史研究,否
2000,天朝田亩制度,2000_天朝田亩制度.md,3,42.17,理论方法,政治经济学与资本主义批判,理论方法/政治经济学与资本主义批判.md,低,3.23,与既有主题相近：殖民制度 崩溃 资本主义矛盾；社会主义制度 生产力落后 矛盾,,,,天朝田亩制度,中国近代思想史论；中国文化与马克思主义；冯契文集第七卷中国近代哲学的革命进程,501；206；658,是,先核验原卡片再使用,先查主题页《政治经济学与资本主义批判》，再在 T3/T10 中检索：天朝田亩制度,否
2001,新原人,2001_新原人.md,3,38.37,中国哲学传统,现代中国哲学人物与知识论,中国哲学传统/现代中国哲学人物与知识论.md,高,100.0,命中主题路由词：三松堂|困知录|新原道|新事论|新原人|讲堂录,新原道(8.33),1883_新原道.md,,新原人,百年中国哲学革命 (许全兴著)；“新理学”批判的批判；冯契文集第七卷中国近代哲学的革命进程,393；89；538,是,可按主题页优先检索,先查主题页《现代中国哲学人物与知识论》，再在 T3/T10 中检索：新原人,否
2002,辩证法唯物论教程,2002_辩证法唯物论教程.md,3,48.2,理论方法,辩证唯物主义体系,理论方法/辩证唯物主义体系.md,高,100.0,命中主题路由词：辩证法|唯物主义|对立统一|量变质变|否定之否定,毛泽东 辩证法唯物论教程 批注(54.58)；辩证法唯物论 入门 战斗性(10.42)；辩证法唯物论 毛泽东哲学(10.42)；社会斗争 武器 辩证法唯物论(9.62)；辩证法唯物论 思想 发展情况(9.62),1685_毛泽东_辩证法唯物论教程_批注.md；1461_辩证法唯物论_入门_战斗性.md；1821_辩证法唯物论_毛泽东哲学.md；1462_社会斗争_武器_辩证法唯物论.md；1584_辩证法唯物论_思想_发展情况.md,,辩证法唯物论教程,"毛泽东哲学批注集：辩证法唯物论教程批注 (毛泽东)；马克思主义哲学的中国化及其历程 (曾乐山著, 曾乐山著, 曾乐山)；马克思主义哲学中国化理论与历史",2；279；460,是,可按主题页优先检索,先查主题页《辩证唯物主义体系》，再在 T3/T10 中检索：辩证法唯物论教程,否
2003,共产党,2003_共产党.md,3,40.97,中国化,中国革命道路与党的思想建设,中国化/中国革命道路与党的思想建设.md,低,19.59,与既有主题相近：中国共产党 党史 研究；以俄为师 心理 中国共产党；统一战线思想 运用 中国共产党,共产党宣言(12.5)；共产党宣言 马克思(7.14)；中国共产党 成立 意义(6.25)；中国共产党 党史 研究(6.25)；共产党宣言 阶级斗争(6.25),1848_共产党宣言.md；1845_共产党宣言_马克思.md；1129_中国共产党_成立_意义.md；1482_中国共产党_党史_研究.md；1662_共产党宣言_阶级斗争.md,,共产党,1940年代中国共产党人的思想批判和新民主主义话语权的确立_陈先初；抗日战争与中国共产党哲学思想的形成和发展_李维武；我們繼續歷史的事業前進：爲紀念中國共產黨成立十七週年而作,8；3；6,是,先核验原卡片再使用,先查主题页《中国革命道路与党的思想建设》，再在 T3/T10 中检索：共产党,否
2004,哲学全书纲要,2004_哲学全书纲要.md,3,42.79,苏联哲学,苏联哲学与共产国际,苏联哲学/苏联哲学与共产国际.md,低,9.59,与既有主题相近：哲学 党性 苏联；苏联哲学 问题根源；苏联哲学 振兴途径,,,,哲学全书纲要,马恩文集第九卷（反杜林论 自然辩证法）；马恩文集第一卷（1843-1848）；马恩文集第八卷（《资本论》手稿选编）,527；230；611,是,先核验原卡片再使用,先查主题页《苏联哲学与共产国际》，再在 T3/T10 中检索：哲学全书纲要,否
2005,平等报,2005_平等报.md,3,38.49,论战与思想运动,中国近代启蒙与民主革命,论战与思想运动/中国近代启蒙与民主革命.md,低,16.31,与既有主题相近：自由 平等 抗日；庄子 自由 平等 齐物；兼爱 平等 社会理想,,,,平等报,马克思主义哲学在中国传播与发展的百年历史(上) (胡为雄)；马恩文集第十卷（书信选编）；马恩文集第三卷（1864-1883）,35；826；662,是,先核验原卡片再使用,先查主题页《中国近代启蒙与民主革命》，再在 T3/T10 中检索：平等报,否
2006,批判史,2006_批判史.md,3,38.94,论战与思想运动,文学艺术与文艺理论,论战与思想运动/文学艺术与文艺理论.md,低,11.8,与既有主题相近：胡风 文艺思想 批判；红楼梦 俞平伯 批判；武训传 批判 唯心史观,,,,批判史,马恩文集第九卷（反杜林论 自然辩证法）；马克思主义哲学在中国传播与发展的百年历史(上) (胡为雄)；马恩文集第六卷（资本论2）,14；20；621,是,先核验原卡片再使用,先查主题页《文学艺术与文艺理论》，再在 T3/T10 中检索：批判史,否
2007,知识论,2007_知识论.md,3,38.24,中国哲学传统,现代中国哲学人物与知识论,中国哲学传统/现代中国哲学人物与知识论.md,中,26.81,与既有主题相近：金岳霖 知识论 论理学；知识论化倾向 反思 冯契,金岳霖 知识论 论理学(21.25)；中国哲学 人生论 宇宙论 知识论(19.17)；科学知识论 官觉 感触(6.25)；复兴 知识(6.25)；知识 道德(6.25),0759_金岳霖_知识论_论理学.md；0695_中国哲学_人生论_宇宙论_知识论.md；1408_科学知识论_官觉_感触.md；2025_复兴_知识.md；2027_知识_道德.md,,知识论,百年中国哲学革命 (许全兴著)；科学与人生观 (张君劢 等著)；马克思主义哲学中国化理论与历史,461；11；274,是,可按主题页优先检索,先查主题页《现代中国哲学人物与知识论》，再在 T3/T10 中检索：知识论,否
2008,精神现象学,2008_精神现象学.md,3,41.88,理论方法,哲学基本范畴与辩证法原理,理论方法/哲学基本范畴与辩证法原理.md,低,11.04,与既有主题相近：文明 精神 物质 现实；精神科学 物质科学 分类；孙中山 物质 精神 关系,,,,精神现象学,中国文化与马克思主义；马恩文集第一卷（1843-1848）；米丁-辩证唯物论历史唯物论下-rightToLeft,180；215；89,是,先核验原卡片再使用,先查主题页《哲学基本范畴与辩证法原理》，再在 T3/T10 中检索：精神现象学,否
2009,雇佣劳动与资本,2009_雇佣劳动与资本.md,3,43.79,理论方法,政治经济学与资本主义批判,理论方法/政治经济学与资本主义批判.md,低,28.19,与既有主题相近：劳动者 尊严 胡绳；黄包车夫 劳动 苦难；社会的人 劳动 工具,资本论 劳动日(5.56)；劳动 资本主义(5.56),1672_资本论_劳动日.md；1710_劳动_资本主义.md,,雇佣劳动与资本,马恩文集第二卷（1848-1859）；马恩文集第一卷（1843-1848）；列宁专题文集·论马克思主义,863；750；53,是,先核验原卡片再使用,先查主题页《政治经济学与资本主义批判》，再在 T3/T10 中检索：雇佣劳动与资本,否
2010,交互作用 自然,2010_交互作用_自然.md,3,44.08,理论方法,历史唯物主义体系,理论方法/历史唯物主义体系.md,中,30.39,与既有主题相近：生产力 生产关系 交互作用；经济基础 上层建筑 相互作用,生产力 生产关系 交互作用(26.82)；道家 自然 无为 出世精神(11.92)；人的自由 自然 意识 物质 矛盾(11.67),0044_生产力_生产关系_交互作用.md；0708_道家_自然_无为_出世精神.md；1078_人的自由_自然_意识_物质_矛盾.md,,交互作用、自然,认识世界和认识自己；马克思主义哲学中国化与中国哲学的现代转型；马克思主义哲学中国化理论与历史,325；534；370,是,可按主题页优先检索,先查主题页《历史唯物主义体系》，再在 T3/T10 中检索：交互作用|自然,否
2011,向导,2011_向导.md,3,37.43,传播史,早期马克思主义传播主体与传播载体,传播史/早期马克思主义传播主体与传播载体.md,高,100.0,命中主题路由词：马藏|每周评论|北平晨报|晨报|向导|新华日报|先驱|曙光,,,,向导,"马克思主义中国化的历史进程；马克思主义哲学在中国：传播 应用 形态 前景 (徐素华著, 徐素华著, 徐素华, 徐素華)；马克思主义哲学在中国传播与发展的百年历史(上) (胡为雄)",112；297；107,是,可按主题页优先检索,先查主题页《早期马克思主义传播主体与传播载体》，再在 T3/T10 中检索：向导,否
2012,周谷城史学论文选集,2012_周谷城史学论文选集.md,1,45.12,论战与思想运动,文学艺术与文艺理论,论战与思想运动/文学艺术与文艺理论.md,低,1.67,与既有主题相近：论文学 素材 题材 主题,,,,周谷城史学论文选集,“新理学”批判的批判,146,是,先核验原卡片再使用,先查主题页《文学艺术与文艺理论》，再在 T3/T10 中检索：周谷城史学论文选集,否
2013,新华日报,2013_新华日报.md,3,39.32,传播史,早期马克思主义传播主体与传播载体,传播史/早期马克思主义传播主体与传播载体.md,高,100.0,命中主题路由词：马藏|每周评论|北平晨报|晨报|向导|新华日报|先驱|曙光,解放日报(5.0),1993_解放日报.md,,新华日报,“新哲学”大众化运动研究；马克思主义中国化的历史进程；延安时期知识分子群体与马克思主义哲学大众化郭 - 2015 -,272；361；118,是,可按主题页优先检索,先查主题页《早期马克思主义传播主体与传播载体》，再在 T3/T10 中检索：新华日报,否
2014,新教伦理与资本主义精神,2014_新教伦理与资本主义精神.md,1,47.97,理论方法,政治经济学与资本主义批判,理论方法/政治经济学与资本主义批判.md,高,100.0,命中主题路由词：新教伦理|韦伯|理性化,新教伦理 资本主义精神(18.18)；伦理 资本主义(9.09)；新教伦理(7.5)；劳动 资本主义(6.25)；俄国 资本主义(6.25),1644_新教伦理_资本主义精神.md；1723_伦理_资本主义.md；1870_新教伦理.md；1710_劳动_资本主义.md；1713_俄国_资本主义.md,,新教伦理与资本主义精神,新教伦理与资本主义精神（当代思想巨匠提序导读、综汇多版精要详注、姊妹篇全面收录、阎克文精修译本。） by 马克斯·韦伯 [马克斯·韦伯] (z-lib.org),88,是,可按主题页优先检索,先查主题页《政治经济学与资本主义批判》，再在 T3/T10 中检索：新教伦理与资本主义精神,否
2015,先驱,2015_先驱.md,3,37.15,传播史,早期马克思主义传播主体与传播载体,传播史/早期马克思主义传播主体与传播载体.md,高,100.0,命中主题路由词：马藏|每周评论|北平晨报|晨报|向导|新华日报|先驱|曙光,,,,先驱,马恩文集第三卷（1864-1883）；马克思主义哲学史教程；马克思主义中国化史·第1卷，1919_1949 by 丁俊萍 (z-lib.org),588；241；60,是,可按主题页优先检索,先查主题页《早期马克思主义传播主体与传播载体》，再在 T3/T10 中检索：先驱,否
2016,经验一元论,2016_经验一元论.md,3,41.35,理论方法,哲学基本范畴与辩证法原理,理论方法/哲学基本范畴与辩证法原理.md,低,15.92,与既有主题相近：实际 经验 理论；观念论 二元论 思想；经验主义 主观主义 批判,,,,经验一元论,列宁选集第四卷_2012；列宁选集第二卷_2012；列宁专题文集·论辩证唯物主义和历史唯物主义,1049；151；22,是,先核验原卡片再使用,先查主题页《哲学基本范畴与辩证法原理》，再在 T3/T10 中检索：经验一元论,否
2017,论列宁主义基础,2017_论列宁主义基础.md,3,44.28,苏联哲学,列宁哲学与社会主义实践,苏联哲学/列宁哲学与社会主义实践.md,高,100.0,命中主题路由词：列宁|马赫主义|新经济政策,列宁主义问题(9.38)；列宁主义 早期传播(7.5)；列宁主义 形式 传入中国(6.25)；列宁主义 新青年 瞿秋白(6.25)；马克思主义中国化 列宁主义(5.77),1971_列宁主义问题.md；1651_列宁主义_早期传播.md；0847_列宁主义_形式_传入中国.md；1652_列宁主义_新青年_瞿秋白.md；1810_马克思主义中国化_列宁主义.md,,论列宁主义基础,米丁-辩证唯物论与历史唯物论-上-rightToLeft；米丁-辩证唯物论历史唯物论下-rightToLeft；中国马克思主义学术史纲,30；397；78,是,可按主题页优先检索,先查主题页《列宁哲学与社会主义实践》，再在 T3/T10 中检索：论列宁主义基础,否
2018,人民事业报,2018_人民事业报.md,3,41.51,传播史,民族国家与国际关系,传播史/民族国家与国际关系.md,低,5.79,与既有主题相近：人民战争 战略战术 原则；人民战争 战略战术 辩证法；民族独立 人民解放 国家富强,人民报(5.0),1953_人民报.md,,人民事业报,列宁选集第三卷_2012；列宁专题文集·论马克思主义；列宁专题文集·论社会主义,309；237；455,是,先核验原卡片再使用,先查主题页《民族国家与国际关系》，再在 T3/T10 中检索：人民事业报,否
2019,俄国资本主义的发展,2019_俄国资本主义的发展.md,3,45.76,理论方法,政治经济学与资本主义批判,理论方法/政治经济学与资本主义批判.md,低,64.19,与既有主题相近：资本主义 社会主义 关系；西方资本主义 方案 破产；帝国主义 资本主义发展不平衡 一国胜利,俄国 资本主义(15.62)；劳动 资本主义(7.5)；宗教 资本主义(7.5)；伦理 资本主义(7.5)；生产 资本主义(7.5),1713_俄国_资本主义.md；1710_劳动_资本主义.md；1716_宗教_资本主义.md；1723_伦理_资本主义.md；1732_生产_资本主义.md,,俄国资本主义的发展,列宁选集第一卷_2012；列宁专题文集·论资本主义；米丁-辩证唯物论历史唯物论下-rightToLeft,218；10；65,是,先核验原卡片再使用,先查主题页《政治经济学与资本主义批判》，再在 T3/T10 中检索：俄国资本主义的发展,否
2020,文化建设,2020_文化建设.md,3,40.14,中国化,毛泽东哲学与中国革命经验,中国化/毛泽东哲学与中国革命经验.md,中,29.38,与既有主题相近：毛泽东 文化观 文化建设,毛泽东 文化观 文化建设(29.38)；列宁 经济建设 文化建设 政治建设(26.82)；根据地 政权建设 经济建设 文化建设(26.25)；社会主义 工作重心 经济文化建设(5.77)；战时文化(5.0),0631_毛泽东_文化观_文化建设.md；0892_列宁_经济建设_文化建设_政治建设.md；1205_根据地_政权建设_经济建设_文化建设.md；1273_社会主义_工作重心_经济文化建设.md；1937_战时文化.md,,文化建设,马克思主义哲学史教程；马克思主义中国化的起源语境；列宁选集第四卷_2012,666；147；1118,是,可按主题页优先检索,先查主题页《毛泽东哲学与中国革命经验》，再在 T3/T10 中检索：文化建设,否
2021,新哲学的人生观,2021_新哲学的人生观.md,3,43.38,新哲学大众化,新哲学大众化运动,新哲学大众化/新哲学大众化运动.md,低,67.56,与既有主题相近：新哲学 人生观 问题；新哲学 人生观 生活实践；哲学 生活 人生观,胡绳 新哲学的人生观 青年生活(47.5)；新哲学 人生观 问题(11.11)；人生观 新哲学 科学人生观(10.0)；新哲学 人生观 生活实践(9.09)；人生观 哲学 生活(8.33),0364_胡绳_新哲学的人生观_青年生活.md；0393_新哲学_人生观_问题.md；0392_人生观_新哲学_科学人生观.md；0391_新哲学_人生观_生活实践.md；0234_人生观_哲学_生活.md,,新哲学的人生观,马克思主义哲学在中国传播与发展的百年历史(上) (胡为雄)；“新哲学”大众化运动研究；胡绳对马克思主义哲学“大众化”的贡献,274；109；6,是,先核验原卡片再使用,先查主题页《新哲学大众化运动》，再在 T3/T10 中检索：新哲学的人生观,否
2022,社会主义者报,2022_社会主义者报.md,3,42.4,理论方法,马克思恩格斯经典文本与哲学关系,理论方法/马克思恩格斯经典文本与哲学关系.md,低,33.64,与既有主题相近：社会主义 神髓 马克思；梁启超 马克思 社会主义；大同学 马克思 社会主义,俄国 社会主义(10.71)；德国 社会主义(10.71)；法国 社会主义(10.71)；社会主义 列宁(10.71)；观察周刊 社会主义(8.33),1758_俄国_社会主义.md；1772_德国_社会主义.md；1817_法国_社会主义.md；1840_社会主义_列宁.md；1647_观察周刊_社会主义.md,,社会主义者报,列宁选集第二卷_2012；马克思主义哲学在中国传播与发展的百年历史(上) (胡为雄)；马恩文集第四卷（1884-1895）,188；40；677,是,先核验原卡片再使用,先查主题页《马克思恩格斯经典文本与哲学关系》，再在 T3/T10 中检索：社会主义者报,否
2023,社会科学概论,2023_社会科学概论.md,3,43.15,传播史,瞿秋白与辩证唯物主义传播,传播史/瞿秋白与辩证唯物主义传播.md,中,46.67,与既有主题相近：瞿秋白 现代社会学 社会科学概论；瞿秋白 社会哲学概论 讲义,瞿秋白 现代社会学 社会科学概论(40.42)；社会哲学概论(10.71)；瞿秋白 社会哲学概论 讲义(6.25)；社会科学家联盟 纲领 活动 作用(5.36)；个人 社会 科玄论战(5.0),0297_瞿秋白_现代社会学_社会科学概论.md；1979_社会哲学概论.md；0296_瞿秋白_社会哲学概论_讲义.md；1299_社会科学家联盟_纲领_活动_作用.md；0218_个人_社会_科玄论战.md,,社会科学概论,"马克思主义哲学的中国化及其历程 (曾乐山著, 曾乐山著, 曾乐山)；马克思主义哲学在中国：传播 应用 形态 前景 (徐素华著, 徐素华著, 徐素华, 徐素華)；“新哲学”大众化运动研究",111；107；278,是,可按主题页优先检索,先查主题页《瞿秋白与辩证唯物主义传播》，再在 T3/T10 中检索：社会科学概论,否
2024,讲堂录,2024_讲堂录.md,3,38.38,中国哲学传统,现代中国哲学人物与知识论,中国哲学传统/现代中国哲学人物与知识论.md,高,100.0,命中主题路由词：三松堂|困知录|新原道|新事论|新原人|讲堂录,,,,讲堂录,马克思主义哲学中国化理论与历史；马克思主义哲学史教程；马克思主义哲学中国化与中国哲学的现代转型,453；978；340,是,可按主题页优先检索,先查主题页《现代中国哲学人物与知识论》，再在 T3/T10 中检索：讲堂录,否
2025,复兴 知识,2025_复兴_知识.md,3,43.34,理论方法,哲学基本范畴与辩证法原理,理论方法/哲学基本范畴与辩证法原理.md,低,25.84,与既有主题相近：知识 发展 真理；实践基础 知识 智慧 贯通,复兴 道德(15.0)；知识 道德(15.0)；知识 发展 真理(13.57)；贫穷 知识 读书 青年(12.78)；诸子思想 复兴 整理(12.78),2026_复兴_道德.md；2027_知识_道德.md；1459_知识_发展_真理.md；0945_贫穷_知识_读书_青年.md；1403_诸子思想_复兴_整理.md,,复兴、知识,抗战时期重庆马克思主义知识群体“学术中国化”研究特点与启示_于文善；延安时期知识分子群体与马克思主义哲学大众化郭 - 2015 -；“新哲学”大众化运动研究,2；184；271,是,先核验原卡片再使用,先查主题页《哲学基本范畴与辩证法原理》，再在 T3/T10 中检索：复兴|知识,是
2026,复兴 道德,2026_复兴_道德.md,3,41.32,理论方法,哲学基本范畴与辩证法原理,理论方法/哲学基本范畴与辩证法原理.md,低,13.57,与既有主题相近：道德 发展 进步,复兴 知识(15.0)；知识 道德(15.0)；道德 发展 进步(13.57)；道德 阶级性 讨论(13.12)；诸子思想 复兴 整理(12.78),2025_复兴_知识.md；2027_知识_道德.md；1599_道德_发展_进步.md；1369_道德_阶级性_讨论.md；1403_诸子思想_复兴_整理.md,,复兴、道德,百年中国哲学革命 (许全兴著)；什么是新启蒙运动；米丁-辩证唯物论历史唯物论下-rightToLeft,423；50；250,是,先核验原卡片再使用,先查主题页《哲学基本范畴与辩证法原理》，再在 T3/T10 中检索：复兴|道德,是
2027,知识 道德,2027_知识_道德.md,3,43.42,理论方法,哲学基本范畴与辩证法原理,理论方法/哲学基本范畴与辩证法原理.md,低,39.41,与既有主题相近：道德 发展 进步；知识 发展 真理；实践基础 知识 智慧 贯通,复兴 知识(15.0)；复兴 道德(15.0)；知识 发展 真理(13.57)；道德 发展 进步(13.57)；道德 阶级性 讨论(13.12),2025_复兴_知识.md；2026_复兴_道德.md；1459_知识_发展_真理.md；1599_道德_发展_进步.md；1369_道德_阶级性_讨论.md,,知识、道德,延安时期知识分子群体与马克思主义哲学大众化郭 - 2015 -；马克思主义哲学史教程；“新理学”批判的批判,207；731；135,是,先核验原卡片再使用,先查主题页《哲学基本范畴与辩证法原理》，再在 T3/T10 中检索：知识|道德,是
2028,改造 责任,2028_改造_责任.md,3,41.32,当代反思,社会主义建设时期哲学讨论与反思,当代反思/社会主义建设时期哲学讨论与反思.md,低,20.13,与既有主题相近：改造 建设 结合；制度改造 人的改造 结合；社会主义改造 一般 特殊,改造 建设 结合(13.57)；救中国 大众 责任(13.12)；马克思主义哲学体系 改造 创新(11.79)；赎买政策 资本主义工商业 改造(11.79),1350_改造_建设_结合.md；0958_救中国_大众_责任.md；1044_马克思主义哲学体系_改造_创新.md；1348_赎买政策_资本主义工商业_改造.md,,改造、责任,“新哲学”大众化运动研究；科学与人生观 (张君劢 等著)；马克思主义哲学中国化与中国哲学的现代转型,180；193；487,是,先核验原卡片再使用,先查主题页《社会主义建设时期哲学讨论与反思》，再在 T3/T10 中检索：改造|责任,是
